DATE,PRCP,TMAX,TMIN
1905-08-01T00:00:00,0.0,,
1905-08-02T00:00:00,0.0,,
1905-08-03T00:00:00,0.0,,
1905-08-04T00:00:00,0.0,,
1905-08-05T00:00:00,0.0,,
1905-08-06T00:00:00,0.0,,
1905-08-07T00:00:00,0.0,,
1905-08-08T00:00:00,0.0,,
1905-08-09T00:00:00,0.0,,
1905-08-10T00:00:00,0.0,,
1905-08-11T00:00:00,3.3,,
1905-08-12T00:00:00,0.0,,
1905-08-13T00:00:00,0.0,,
1905-08-14T00:00:00,0.0,,
1905-08-15T00:00:00,0.0,,
1905-08-16T00:00:00,0.0,,
1905-08-17T00:00:00,0.0,,
1905-08-18T00:00:00,0.0,,
1905-08-19T00:00:00,0.0,,
1905-08-20T00:00:00,0.0,,
1905-08-21T00:00:00,0.0,,
1905-08-22T00:00:00,0.0,,
1905-08-23T00:00:00,0.0,,
1905-08-24T00:00:00,0.0,,
1905-08-25T00:00:00,0.0,,
1905-08-26T00:00:00,0.0,,
1905-08-27T00:00:00,0.0,,
1905-08-28T00:00:00,0.0,,
1905-08-29T00:00:00,0.0,,
1905-08-30T00:00:00,0.0,,
1905-08-31T00:00:00,0.0,,
1905-09-01T00:00:00,0.0,,
1905-09-02T00:00:00,0.0,,
1905-09-03T00:00:00,4.6,,
1905-09-04T00:00:00,0.0,,
1905-09-05T00:00:00,21.6,,
1905-09-06T00:00:00,0.0,,
1905-09-07T00:00:00,2.0,,
1905-09-08T00:00:00,0.0,,
1905-09-09T00:00:00,0.0,,
1905-09-10T00:00:00,0.0,,
1905-09-11T00:00:00,0.0,,
1905-09-12T00:00:00,0.0,,
1905-09-13T00:00:00,0.0,,
1905-09-14T00:00:00,0.0,,
1905-09-15T00:00:00,0.0,,
1905-09-16T00:00:00,5.1,,
1905-09-17T00:00:00,0.0,,
1905-09-18T00:00:00,0.0,,
1905-09-19T00:00:00,0.0,,
1905-09-20T00:00:00,0.0,,
1905-09-21T00:00:00,0.0,,
1905-09-22T00:00:00,0.0,,
1905-09-23T00:00:00,16.8,,
1905-09-24T00:00:00,0.0,,
1905-09-25T00:00:00,0.0,,
1905-09-26T00:00:00,0.0,,
1905-09-27T00:00:00,0.0,,
1905-09-28T00:00:00,0.0,,
1905-09-29T00:00:00,0.0,,
1905-09-30T00:00:00,0.0,,
1905-10-01T00:00:00,14.2,,
1905-10-02T00:00:00,6.1,,
1905-10-03T00:00:00,0.0,,
1905-10-04T00:00:00,0.0,,
1905-10-05T00:00:00,0.0,,
1905-10-06T00:00:00,0.0,,
1905-10-07T00:00:00,0.0,,
1905-10-08T00:00:00,0.0,,
1905-10-09T00:00:00,0.0,,
1905-10-10T00:00:00,0.0,,
1905-10-11T00:00:00,0.0,,
1905-10-12T00:00:00,0.0,,
1905-10-13T00:00:00,0.0,,
1905-10-14T00:00:00,0.0,,
1905-10-15T00:00:00,0.0,,
1905-10-16T00:00:00,0.0,,
1905-10-17T00:00:00,0.0,,
1905-10-18T00:00:00,0.0,,
1905-10-19T00:00:00,0.0,,
1905-10-20T00:00:00,0.0,,
1905-10-21T00:00:00,0.0,,
1905-10-22T00:00:00,0.0,,
1905-10-23T00:00:00,0.0,,
1905-10-24T00:00:00,0.0,,
1905-10-25T00:00:00,0.0,,
1905-10-26T00:00:00,0.0,,
1905-10-27T00:00:00,0.0,,
1905-10-28T00:00:00,0.0,,
1905-10-29T00:00:00,0.0,,
1905-10-30T00:00:00,0.0,,
1905-10-31T00:00:00,0.0,,
1905-11-01T00:00:00,0.0,,
1905-11-02T00:00:00,0.0,,
1905-11-03T00:00:00,0.0,,
1905-11-04T00:00:00,7.6,,
1905-11-05T00:00:00,0.0,,
1905-11-06T00:00:00,0.0,,
1905-11-07T00:00:00,0.0,,
1905-11-08T00:00:00,16.3,,
1905-11-09T00:00:00,6.9,,
1905-11-10T00:00:00,0.0,,
1905-11-11T00:00:00,8.1,,
1905-11-12T00:00:00,0.0,,
1905-11-13T00:00:00,0.0,,
1905-11-14T00:00:00,0.0,,
1905-11-15T00:00:00,0.0,,
1905-11-16T00:00:00,0.0,,
1905-11-17T00:00:00,0.0,,
1905-11-18T00:00:00,0.0,,
1905-11-19T00:00:00,0.0,,
1905-11-20T00:00:00,0.0,,
1905-11-21T00:00:00,0.0,,
1905-11-22T00:00:00,17.8,,
1905-11-23T00:00:00,0.0,,
1905-11-24T00:00:00,0.0,,
1905-11-25T00:00:00,0.0,,
1905-11-26T00:00:00,0.0,,
1905-11-27T00:00:00,0.0,,
1905-11-28T00:00:00,0.0,,
1905-11-29T00:00:00,0.0,,
1905-11-30T00:00:00,0.0,,
1905-12-01T00:00:00,0.0,,
1905-12-02T00:00:00,0.0,,
1905-12-03T00:00:00,0.0,,
1905-12-04T00:00:00,0.0,,
1905-12-05T00:00:00,0.0,,
1905-12-06T00:00:00,0.0,,
1905-12-07T00:00:00,0.0,,
1905-12-08T00:00:00,0.0,,
1905-12-09T00:00:00,0.0,,
1905-12-10T00:00:00,0.0,,
1905-12-11T00:00:00,0.0,,
1905-12-12T00:00:00,5.1,,
1905-12-13T00:00:00,0.0,,
1905-12-14T00:00:00,0.0,,
1905-12-15T00:00:00,0.0,,
1905-12-16T00:00:00,0.0,,
1905-12-17T00:00:00,0.0,,
1905-12-18T00:00:00,0.0,,
1905-12-19T00:00:00,0.0,,
1905-12-20T00:00:00,0.0,,
1905-12-21T00:00:00,0.0,,
1905-12-22T00:00:00,10.2,,
1905-12-23T00:00:00,0.0,,
1905-12-24T00:00:00,0.0,,
1905-12-25T00:00:00,0.0,,
1905-12-26T00:00:00,0.0,,
1905-12-27T00:00:00,0.0,,
1905-12-28T00:00:00,0.0,,
1905-12-29T00:00:00,0.0,,
1905-12-30T00:00:00,0.0,,
1905-12-31T00:00:00,0.0,,
1906-01-01T00:00:00,0.0,,
1906-01-02T00:00:00,0.0,,
1906-01-03T00:00:00,0.0,,
1906-01-04T00:00:00,0.0,,
1906-01-05T00:00:00,0.0,,
1906-01-06T00:00:00,0.0,,
1906-01-07T00:00:00,0.0,,
1906-01-08T00:00:00,0.0,,
1906-01-09T00:00:00,12.7,,
1906-01-10T00:00:00,0.0,,
1906-01-11T00:00:00,0.0,,
1906-01-12T00:00:00,0.0,,
1906-01-13T00:00:00,0.0,,
1906-01-14T00:00:00,0.0,,
1906-01-15T00:00:00,0.0,,
1906-01-16T00:00:00,0.0,,
1906-01-17T00:00:00,0.0,,
1906-01-18T00:00:00,0.0,,
1906-01-19T00:00:00,0.0,,
1906-01-20T00:00:00,0.0,,
1906-01-21T00:00:00,0.0,,
1906-01-22T00:00:00,0.0,,
1906-01-23T00:00:00,0.0,,
1906-01-24T00:00:00,0.0,,
1906-01-25T00:00:00,0.0,,
1906-01-26T00:00:00,0.0,,
1906-01-27T00:00:00,0.0,,
1906-01-28T00:00:00,0.0,,
1906-01-29T00:00:00,0.0,,
1906-01-30T00:00:00,0.0,,
1906-01-31T00:00:00,0.0,,
1906-02-01T00:00:00,0.0,,
1906-02-02T00:00:00,0.0,,
1906-02-03T00:00:00,0.0,,
1906-02-04T00:00:00,0.0,,
1906-02-05T00:00:00,0.0,,
1906-02-06T00:00:00,3.8,,
1906-02-07T00:00:00,0.0,,
1906-02-08T00:00:00,0.0,,
1906-02-09T00:00:00,0.0,,
1906-02-10T00:00:00,0.0,,
1906-02-11T00:00:00,2.5,,
1906-02-12T00:00:00,7.1,,
1906-02-13T00:00:00,0.0,,
1906-02-14T00:00:00,0.0,,
1906-02-15T00:00:00,0.0,,
1906-02-16T00:00:00,0.0,,
1906-02-17T00:00:00,0.0,,
1906-02-18T00:00:00,0.0,,
1906-02-19T00:00:00,0.0,,
1906-02-20T00:00:00,0.0,,
1906-02-21T00:00:00,0.0,,
1906-02-22T00:00:00,0.0,,
1906-02-23T00:00:00,0.0,,
1906-02-24T00:00:00,0.0,,
1906-02-25T00:00:00,0.0,,
1906-02-26T00:00:00,0.0,,
1906-02-27T00:00:00,0.0,,
1906-02-28T00:00:00,0.0,,
1906-03-01T00:00:00,0.0,,
1906-03-02T00:00:00,0.0,,
1906-03-03T00:00:00,0.0,,
1906-03-04T00:00:00,0.0,,
1906-03-05T00:00:00,0.0,,
1906-03-06T00:00:00,0.0,,
1906-03-07T00:00:00,0.0,,
1906-03-08T00:00:00,0.0,,
1906-03-09T00:00:00,0.0,,
1906-03-10T00:00:00,0.0,,
1906-03-11T00:00:00,0.0,,
1906-03-12T00:00:00,0.0,,
1906-03-13T00:00:00,0.0,,
1906-03-14T00:00:00,0.0,,
1906-03-15T00:00:00,0.0,,
1906-03-16T00:00:00,0.0,,
1906-03-17T00:00:00,0.0,,
1906-03-18T00:00:00,0.0,,
1906-03-19T00:00:00,0.0,,
1906-03-20T00:00:00,0.0,,
1906-03-21T00:00:00,0.0,,
1906-03-22T00:00:00,0.0,,
1906-03-23T00:00:00,0.0,,
1906-03-24T00:00:00,0.0,,
1906-03-25T00:00:00,0.0,,
1906-03-26T00:00:00,0.0,,
1906-03-27T00:00:00,0.0,,
1906-03-28T00:00:00,0.0,,
1906-03-29T00:00:00,0.0,,
1906-03-30T00:00:00,0.0,,
1906-03-31T00:00:00,0.0,,
1906-04-01T00:00:00,0.0,,
1906-04-02T00:00:00,0.0,,
1906-04-03T00:00:00,0.0,,
1906-04-04T00:00:00,5.1,,
1906-04-05T00:00:00,0.0,,
1906-04-06T00:00:00,7.1,,
1906-04-07T00:00:00,20.3,,
1906-04-08T00:00:00,0.0,,
1906-04-09T00:00:00,0.0,,
1906-04-10T00:00:00,0.0,,
1906-04-11T00:00:00,0.0,,
1906-04-12T00:00:00,0.0,,
1906-04-13T00:00:00,0.0,,
1906-04-14T00:00:00,0.0,,
1906-04-15T00:00:00,0.0,,
1906-04-16T00:00:00,24.1,,
1906-04-17T00:00:00,0.0,,
1906-04-18T00:00:00,13.5,,
1906-04-19T00:00:00,0.0,,
1906-04-20T00:00:00,0.0,,
1906-04-21T00:00:00,0.0,,
1906-04-22T00:00:00,0.0,,
1906-04-23T00:00:00,0.0,,
1906-04-24T00:00:00,0.0,,
1906-04-25T00:00:00,0.0,,
1906-04-26T00:00:00,0.0,,
1906-04-27T00:00:00,0.0,,
1906-04-28T00:00:00,0.0,,
1906-04-29T00:00:00,0.0,,
1906-04-30T00:00:00,0.0,,
1906-05-01T00:00:00,0.0,,
1906-05-02T00:00:00,0.0,,
1906-05-03T00:00:00,0.0,,
1906-05-04T00:00:00,0.0,,
1906-05-05T00:00:00,0.0,,
1906-05-06T00:00:00,0.0,,
1906-05-07T00:00:00,0.0,,
1906-05-08T00:00:00,0.0,,
1906-05-09T00:00:00,0.0,,
1906-05-10T00:00:00,3.8,,
1906-05-11T00:00:00,0.0,,
1906-05-12T00:00:00,0.0,,
1906-05-13T00:00:00,0.0,,
1906-05-14T00:00:00,0.0,,
1906-05-15T00:00:00,0.0,,
1906-05-16T00:00:00,0.0,,
1906-05-17T00:00:00,0.0,,
1906-05-18T00:00:00,0.0,,
1906-05-19T00:00:00,0.0,,
1906-05-20T00:00:00,0.5,,
1906-05-21T00:00:00,0.0,,
1906-05-22T00:00:00,0.0,,
1906-05-23T00:00:00,0.0,,
1906-05-24T00:00:00,0.0,,
1906-05-25T00:00:00,0.0,,
1906-05-26T00:00:00,0.0,,
1906-05-27T00:00:00,0.0,,
1906-05-28T00:00:00,0.0,,
1906-05-29T00:00:00,0.0,,
1906-05-30T00:00:00,0.0,,
1906-05-31T00:00:00,0.0,,
1906-06-01T00:00:00,0.0,,
1906-06-02T00:00:00,0.0,,
1906-06-03T00:00:00,0.0,,
1906-06-04T00:00:00,0.0,,
1906-06-05T00:00:00,0.0,,
1906-06-06T00:00:00,0.0,,
1906-06-07T00:00:00,0.0,,
1906-06-08T00:00:00,0.0,,
1906-06-09T00:00:00,0.0,,
1906-06-10T00:00:00,0.0,,
1906-06-11T00:00:00,0.0,,
1906-06-12T00:00:00,0.0,,
1906-06-13T00:00:00,0.0,,
1906-06-14T00:00:00,0.0,,
1906-06-15T00:00:00,0.0,,
1906-06-16T00:00:00,3.6,,
1906-06-17T00:00:00,0.0,,
1906-06-18T00:00:00,0.0,,
1906-06-19T00:00:00,0.0,,
1906-06-20T00:00:00,0.0,,
1906-06-21T00:00:00,0.0,,
1906-06-22T00:00:00,0.0,,
1906-06-23T00:00:00,0.0,,
1906-06-24T00:00:00,0.0,,
1906-06-25T00:00:00,0.0,,
1906-06-26T00:00:00,7.6,,
1906-06-27T00:00:00,0.0,,
1906-06-28T00:00:00,0.0,,
1906-06-29T00:00:00,0.0,,
1906-06-30T00:00:00,0.0,,
1906-07-01T00:00:00,0.0,,
1906-07-02T00:00:00,3.0,,
1906-07-03T00:00:00,,,
1906-07-04T00:00:00,0.0,,
1906-07-05T00:00:00,11.4,,
1906-07-06T00:00:00,12.4,,
1906-07-07T00:00:00,0.0,,
1906-07-08T00:00:00,0.0,,
1906-07-09T00:00:00,0.0,,
1906-07-10T00:00:00,0.0,,
1906-07-11T00:00:00,0.0,,
1906-07-12T00:00:00,0.0,,
1906-07-13T00:00:00,0.0,,
1906-07-14T00:00:00,0.0,,
1906-07-15T00:00:00,9.9,,
1906-07-16T00:00:00,0.0,,
1906-07-17T00:00:00,5.6,,
1906-07-18T00:00:00,0.0,,
1906-07-19T00:00:00,0.0,,
1906-07-20T00:00:00,0.0,,
1906-07-21T00:00:00,0.0,,
1906-07-22T00:00:00,0.0,,
1906-07-23T00:00:00,0.0,,
1906-07-24T00:00:00,0.0,,
1906-07-25T00:00:00,0.0,,
1906-07-26T00:00:00,0.0,,
1906-07-27T00:00:00,0.0,,
1906-07-28T00:00:00,0.0,,
1906-07-29T00:00:00,0.0,,
1906-07-30T00:00:00,0.0,,
1906-07-31T00:00:00,0.0,,
1906-08-01T00:00:00,0.0,,
1906-08-02T00:00:00,0.0,,
1906-08-03T00:00:00,0.0,,
1906-08-04T00:00:00,5.1,,
1906-08-05T00:00:00,7.4,,
1906-08-06T00:00:00,0.0,,
1906-08-07T00:00:00,0.0,,
1906-08-08T00:00:00,0.0,,
1906-08-09T00:00:00,0.0,,
1906-08-10T00:00:00,0.0,,
1906-08-11T00:00:00,0.0,,
1906-08-12T00:00:00,0.0,,
1906-08-13T00:00:00,0.0,,
1906-08-14T00:00:00,0.0,,
1906-08-15T00:00:00,0.0,,
1906-08-16T00:00:00,0.0,,
1906-08-17T00:00:00,0.0,,
1906-08-18T00:00:00,0.0,,
1906-08-19T00:00:00,0.0,,
1906-08-20T00:00:00,0.0,,
1906-08-21T00:00:00,0.0,,
1906-08-22T00:00:00,16.0,,
1906-08-23T00:00:00,25.4,,
1906-08-24T00:00:00,0.0,,
1906-08-25T00:00:00,0.0,,
1906-08-26T00:00:00,36.3,,
1906-08-27T00:00:00,0.0,,
1906-08-28T00:00:00,0.0,,
1906-08-29T00:00:00,0.0,,
1906-08-30T00:00:00,0.0,,
1906-08-31T00:00:00,0.0,,
1906-09-01T00:00:00,3.0,,
1906-09-02T00:00:00,0.0,,
1906-09-03T00:00:00,0.0,,
1906-09-04T00:00:00,0.0,,
1906-09-05T00:00:00,0.0,,
1906-09-06T00:00:00,0.0,,
1906-09-07T00:00:00,0.0,,
1906-09-08T00:00:00,0.0,,
1906-09-09T00:00:00,0.0,,
1906-09-10T00:00:00,0.0,,
1906-09-11T00:00:00,0.0,,
1906-09-12T00:00:00,0.0,,
1906-09-13T00:00:00,2.5,,
1906-09-14T00:00:00,0.0,,
1906-09-15T00:00:00,0.0,,
1906-09-16T00:00:00,0.0,,
1906-09-17T00:00:00,0.0,,
1906-09-18T00:00:00,0.0,,
1906-09-19T00:00:00,0.0,,
1906-09-20T00:00:00,0.0,,
1906-09-21T00:00:00,0.0,,
1906-09-22T00:00:00,0.0,,
1906-09-23T00:00:00,0.0,,
1906-09-24T00:00:00,0.0,,
1906-09-25T00:00:00,10.4,,
1906-09-26T00:00:00,6.1,,
1906-09-27T00:00:00,0.0,,
1906-09-28T00:00:00,0.0,,
1906-09-29T00:00:00,0.0,,
1906-09-30T00:00:00,0.0,,
1906-10-01T00:00:00,0.0,,
1906-10-02T00:00:00,0.0,,
1906-10-03T00:00:00,0.0,,
1906-10-04T00:00:00,0.0,,
1906-10-05T00:00:00,10.7,,
1906-10-06T00:00:00,0.0,,
1906-10-07T00:00:00,0.0,,
1906-10-08T00:00:00,0.0,,
1906-10-09T00:00:00,0.0,,
1906-10-10T00:00:00,0.0,,
1906-10-11T00:00:00,0.0,,
1906-10-12T00:00:00,0.0,,
1906-10-13T00:00:00,17.0,,
1906-10-14T00:00:00,0.0,,
1906-10-15T00:00:00,0.0,,
1906-10-16T00:00:00,0.0,,
1906-10-17T00:00:00,0.0,,
1906-10-18T00:00:00,0.0,,
1906-10-19T00:00:00,0.0,,
1906-10-20T00:00:00,0.0,,
1906-10-21T00:00:00,0.0,,
1906-10-22T00:00:00,0.0,,
1906-10-23T00:00:00,0.0,,
1906-10-24T00:00:00,0.0,,
1906-10-25T00:00:00,0.0,,
1906-10-26T00:00:00,0.0,,
1906-10-27T00:00:00,0.0,,
1906-10-28T00:00:00,0.0,,
1906-10-29T00:00:00,0.0,,
1906-10-30T00:00:00,0.0,,
1906-10-31T00:00:00,0.0,,
1906-11-01T00:00:00,10.4,,
1906-11-02T00:00:00,0.0,,
1906-11-03T00:00:00,0.0,,
1906-11-04T00:00:00,0.0,,
1906-11-05T00:00:00,0.0,,
1906-11-06T00:00:00,0.0,,
1906-11-07T00:00:00,0.0,,
1906-11-08T00:00:00,0.0,,
1906-11-09T00:00:00,0.0,,
1906-11-10T00:00:00,0.0,,
1906-11-11T00:00:00,0.0,,
1906-11-12T00:00:00,0.0,,
1906-11-13T00:00:00,0.0,,
1906-11-14T00:00:00,0.0,,
1906-11-15T00:00:00,0.0,,
1906-11-16T00:00:00,0.0,,
1906-11-17T00:00:00,0.0,,
1906-11-18T00:00:00,0.0,,
1906-11-19T00:00:00,0.0,,
1906-11-20T00:00:00,26.7,,
1906-11-21T00:00:00,,,
1906-11-22T00:00:00,0.0,,
1906-11-23T00:00:00,0.0,,
1906-11-24T00:00:00,0.0,,
1906-11-25T00:00:00,0.0,,
1906-11-26T00:00:00,0.0,,
1906-11-27T00:00:00,0.0,,
1906-11-28T00:00:00,0.0,,
1906-11-29T00:00:00,0.0,,
1906-11-30T00:00:00,0.0,,
1906-12-01T00:00:00,0.0,,
1906-12-02T00:00:00,0.0,,
1906-12-03T00:00:00,0.0,,
1906-12-04T00:00:00,0.0,,
1906-12-05T00:00:00,0.0,,
1906-12-06T00:00:00,0.0,,
1906-12-07T00:00:00,0.0,,
1906-12-08T00:00:00,0.0,,
1906-12-09T00:00:00,0.0,,
1906-12-10T00:00:00,0.0,,
1906-12-11T00:00:00,0.0,,
1906-12-12T00:00:00,0.0,,
1906-12-13T00:00:00,0.0,,
1906-12-14T00:00:00,0.0,,
1906-12-15T00:00:00,0.0,,
1906-12-16T00:00:00,0.0,,
1906-12-17T00:00:00,0.0,,
1906-12-18T00:00:00,0.0,,
1906-12-19T00:00:00,0.0,,
1906-12-20T00:00:00,0.0,,
1906-12-21T00:00:00,0.0,,
1906-12-22T00:00:00,0.0,,
1906-12-23T00:00:00,0.0,,
1906-12-24T00:00:00,0.0,,
1906-12-25T00:00:00,0.0,,
1906-12-26T00:00:00,0.0,,
1906-12-27T00:00:00,0.0,,
1906-12-28T00:00:00,0.0,,
1906-12-29T00:00:00,0.0,,
1906-12-30T00:00:00,0.0,,
1906-12-31T00:00:00,0.0,,
1907-01-01T00:00:00,0.0,,
1907-01-02T00:00:00,0.0,,
1907-01-03T00:00:00,0.0,,
1907-01-04T00:00:00,0.0,,
1907-01-05T00:00:00,0.0,,
1907-01-06T00:00:00,0.0,,
1907-01-07T00:00:00,0.0,,
1907-01-08T00:00:00,0.8,,
1907-01-09T00:00:00,0.0,,
1907-01-10T00:00:00,0.0,,
1907-01-11T00:00:00,0.0,,
1907-01-12T00:00:00,0.0,,
1907-01-13T00:00:00,0.0,,
1907-01-14T00:00:00,0.0,,
1907-01-15T00:00:00,0.0,,
1907-01-16T00:00:00,0.0,,
1907-01-17T00:00:00,0.0,,
1907-01-18T00:00:00,0.0,,
1907-01-19T00:00:00,0.0,,
1907-01-20T00:00:00,0.0,,
1907-01-21T00:00:00,0.0,,
1907-01-22T00:00:00,0.0,,
1907-01-23T00:00:00,0.0,,
1907-01-24T00:00:00,0.0,,
1907-01-25T00:00:00,0.0,,
1907-01-26T00:00:00,0.0,,
1907-01-27T00:00:00,0.0,,
1907-01-28T00:00:00,0.0,,
1907-01-29T00:00:00,0.0,,
1907-01-30T00:00:00,0.0,,
1907-01-31T00:00:00,0.0,,
1907-02-01T00:00:00,0.0,,
1907-02-02T00:00:00,0.0,,
1907-02-03T00:00:00,0.0,,
1907-02-04T00:00:00,0.0,,
1907-02-05T00:00:00,0.0,,
1907-02-06T00:00:00,0.0,,
1907-02-07T00:00:00,0.0,,
1907-02-08T00:00:00,0.0,,
1907-02-09T00:00:00,0.0,,
1907-02-10T00:00:00,0.0,,
1907-02-11T00:00:00,0.0,,
1907-02-12T00:00:00,0.0,,
1907-02-13T00:00:00,0.0,,
1907-02-14T00:00:00,0.0,,
1907-02-15T00:00:00,0.0,,
1907-02-16T00:00:00,0.0,,
1907-02-17T00:00:00,0.0,,
1907-02-18T00:00:00,0.0,,
1907-02-19T00:00:00,0.0,,
1907-02-20T00:00:00,0.0,,
1907-02-21T00:00:00,0.0,,
1907-02-22T00:00:00,0.0,,
1907-02-23T00:00:00,0.0,,
1907-02-24T00:00:00,0.0,,
1907-02-25T00:00:00,0.0,,
1907-02-26T00:00:00,0.0,,
1907-02-27T00:00:00,0.0,,
1907-02-28T00:00:00,0.0,,
1907-03-01T00:00:00,0.0,,
1907-03-02T00:00:00,0.0,,
1907-03-03T00:00:00,0.0,,
1907-03-04T00:00:00,0.0,,
1907-03-05T00:00:00,0.0,,
1907-03-06T00:00:00,0.0,,
1907-03-07T00:00:00,0.0,,
1907-03-08T00:00:00,0.0,,
1907-03-09T00:00:00,0.0,,
1907-03-10T00:00:00,0.0,,
1907-03-11T00:00:00,0.0,,
1907-03-12T00:00:00,0.0,,
1907-03-13T00:00:00,0.0,,
1907-03-14T00:00:00,0.0,,
1907-03-15T00:00:00,0.0,,
1907-03-16T00:00:00,0.0,,
1907-03-17T00:00:00,0.0,,
1907-03-18T00:00:00,0.0,,
1907-03-19T00:00:00,0.0,,
1907-03-20T00:00:00,0.0,,
1907-03-21T00:00:00,0.0,,
1907-03-22T00:00:00,0.0,,
1907-03-23T00:00:00,0.0,,
1907-03-24T00:00:00,0.0,,
1907-03-25T00:00:00,0.0,,
1907-03-26T00:00:00,0.0,,
1907-03-27T00:00:00,0.0,,
1907-03-28T00:00:00,0.0,,
1907-03-29T00:00:00,0.0,,
1907-03-30T00:00:00,0.0,,
1907-03-31T00:00:00,0.0,,
1907-04-01T00:00:00,0.0,,
1907-04-02T00:00:00,0.0,,
1907-04-03T00:00:00,0.0,,
1907-04-04T00:00:00,0.0,,
1907-04-05T00:00:00,0.0,,
1907-04-06T00:00:00,0.0,,
1907-04-07T00:00:00,0.0,,
1907-04-08T00:00:00,0.0,,
1907-04-09T00:00:00,0.0,,
1907-04-10T00:00:00,0.0,,
1907-04-11T00:00:00,0.0,,
1907-04-12T00:00:00,0.0,,
1907-04-13T00:00:00,0.0,,
1907-04-14T00:00:00,0.0,,
1907-04-15T00:00:00,0.0,,
1907-04-16T00:00:00,0.0,,
1907-04-17T00:00:00,0.0,,
1907-04-18T00:00:00,0.0,,
1907-04-19T00:00:00,0.0,,
1907-04-20T00:00:00,0.0,,
1907-04-21T00:00:00,12.7,,
1907-04-22T00:00:00,0.0,,
1907-04-23T00:00:00,0.0,,
1907-04-24T00:00:00,0.0,,
1907-04-25T00:00:00,0.0,,
1907-04-26T00:00:00,0.0,,
1907-04-27T00:00:00,0.0,,
1907-04-28T00:00:00,0.0,,
1907-04-29T00:00:00,0.0,,
1907-04-30T00:00:00,0.0,,
1907-07-01T00:00:00,0.0,,
1907-07-02T00:00:00,0.0,,
1907-07-03T00:00:00,0.0,,
1907-07-04T00:00:00,0.0,,
1907-07-05T00:00:00,0.0,,
1907-07-06T00:00:00,0.0,,
1907-07-07T00:00:00,0.0,,
1907-07-08T00:00:00,0.0,,
1907-07-09T00:00:00,0.0,,
1907-07-10T00:00:00,0.0,,
1907-07-11T00:00:00,0.0,,
1907-07-12T00:00:00,7.6,,
1907-07-13T00:00:00,0.0,,
1907-07-14T00:00:00,0.0,,
1907-07-15T00:00:00,0.0,,
1907-07-16T00:00:00,0.0,,
1907-07-17T00:00:00,0.0,,
1907-07-18T00:00:00,0.0,,
1907-07-19T00:00:00,0.0,,
1907-07-20T00:00:00,0.0,,
1907-07-21T00:00:00,0.0,,
1907-07-22T00:00:00,0.0,,
1907-07-23T00:00:00,0.0,,
1907-07-24T00:00:00,0.0,,
1907-07-25T00:00:00,3.0,,
1907-07-26T00:00:00,0.0,,
1907-07-27T00:00:00,0.0,,
1907-07-28T00:00:00,11.4,,
1907-07-29T00:00:00,8.4,,
1907-07-30T00:00:00,0.0,,
1907-07-31T00:00:00,0.0,,
1907-08-08T00:00:00,0.0,,
1907-08-09T00:00:00,0.0,,
1907-08-10T00:00:00,0.0,,
1907-08-11T00:00:00,0.0,,
1907-08-12T00:00:00,0.0,,
1907-08-13T00:00:00,0.0,,
1907-08-14T00:00:00,0.0,,
1907-08-15T00:00:00,0.0,,
1907-08-16T00:00:00,0.0,,
1907-08-17T00:00:00,0.0,,
1907-08-18T00:00:00,0.0,,
1907-08-19T00:00:00,0.0,,
1907-08-20T00:00:00,9.4,,
1907-08-21T00:00:00,0.0,,
1907-08-22T00:00:00,0.0,,
1907-08-23T00:00:00,0.0,,
1907-08-24T00:00:00,0.0,,
1907-08-25T00:00:00,0.0,,
1907-08-26T00:00:00,14.0,,
1907-08-27T00:00:00,0.0,,
1907-08-28T00:00:00,0.0,,
1907-08-31T00:00:00,,,
1907-09-01T00:00:00,0.0,,
1907-09-02T00:00:00,0.0,,
1907-09-03T00:00:00,0.0,,
1907-09-04T00:00:00,0.0,,
1907-09-05T00:00:00,0.0,,
1907-09-06T00:00:00,0.0,,
1907-09-07T00:00:00,0.0,,
1907-09-08T00:00:00,0.0,,
1907-09-09T00:00:00,0.0,,
1907-09-10T00:00:00,0.0,,
1907-09-11T00:00:00,0.0,,
1907-09-12T00:00:00,0.0,,
1907-09-13T00:00:00,0.0,,
1907-09-14T00:00:00,0.0,,
1907-09-15T00:00:00,0.0,,
1907-09-16T00:00:00,0.0,,
1907-09-17T00:00:00,0.0,,
1907-09-18T00:00:00,0.0,,
1907-09-19T00:00:00,0.0,,
1907-09-20T00:00:00,0.0,,
1907-09-21T00:00:00,0.0,,
1907-09-22T00:00:00,0.0,,
1907-09-23T00:00:00,0.0,,
1907-09-24T00:00:00,0.0,,
1907-09-25T00:00:00,0.0,,
1907-09-26T00:00:00,0.0,,
1907-09-27T00:00:00,0.0,,
1907-09-28T00:00:00,0.0,,
1907-09-29T00:00:00,0.0,,
1907-09-30T00:00:00,0.0,,
1907-10-01T00:00:00,0.0,,
1907-10-02T00:00:00,0.0,,
1907-10-03T00:00:00,0.0,,
1907-10-04T00:00:00,0.0,,
1907-10-05T00:00:00,0.0,,
1907-10-06T00:00:00,0.0,,
1907-10-07T00:00:00,0.0,,
1907-10-08T00:00:00,0.0,,
1907-10-09T00:00:00,0.0,,
1907-10-10T00:00:00,0.0,,
1907-10-11T00:00:00,0.0,,
1907-10-12T00:00:00,0.0,,
1907-10-13T00:00:00,0.0,,
1907-10-14T00:00:00,0.0,,
1907-10-15T00:00:00,0.0,,
1907-10-16T00:00:00,0.0,,
1907-10-17T00:00:00,0.0,,
1907-10-18T00:00:00,0.0,,
1907-10-19T00:00:00,29.5,,
1907-10-20T00:00:00,0.0,,
1907-10-21T00:00:00,0.0,,
1907-10-22T00:00:00,0.0,,
1907-10-23T00:00:00,0.0,,
1907-10-24T00:00:00,19.1,,
1907-10-25T00:00:00,0.0,,
1907-10-26T00:00:00,0.0,,
1907-10-27T00:00:00,48.5,,
1907-10-28T00:00:00,5.8,,
1907-10-29T00:00:00,0.0,,
1907-10-30T00:00:00,0.0,,
1907-10-31T00:00:00,0.0,,
1907-11-01T00:00:00,0.0,,
1907-11-02T00:00:00,0.0,,
1907-11-03T00:00:00,0.0,,
1907-11-04T00:00:00,0.0,,
1907-11-05T00:00:00,0.0,,
1907-11-06T00:00:00,0.0,,
1907-11-07T00:00:00,0.0,,
1907-11-08T00:00:00,0.0,,
1907-11-09T00:00:00,0.0,,
1907-11-10T00:00:00,0.0,,
1907-11-11T00:00:00,0.0,,
1907-11-12T00:00:00,0.0,,
1907-11-13T00:00:00,0.0,,
1907-11-14T00:00:00,0.0,,
1907-11-15T00:00:00,0.0,,
1907-11-16T00:00:00,,,
1907-11-17T00:00:00,7.9,,
1907-11-18T00:00:00,0.0,,
1907-11-19T00:00:00,0.0,,
1907-11-20T00:00:00,16.5,,
1907-11-21T00:00:00,0.0,,
1907-11-22T00:00:00,0.0,,
1907-11-23T00:00:00,0.0,,
1907-11-24T00:00:00,0.0,,
1907-11-25T00:00:00,0.0,,
1907-11-26T00:00:00,0.0,,
1907-11-27T00:00:00,0.0,,
1907-11-28T00:00:00,0.0,,
1907-11-29T00:00:00,0.0,,
1907-11-30T00:00:00,0.0,,
1907-12-14T00:00:00,0.0,,
1907-12-15T00:00:00,0.0,,
1907-12-16T00:00:00,0.0,,
1908-01-01T00:00:00,0.0,,
1908-01-02T00:00:00,0.0,,
1908-01-03T00:00:00,0.0,,
1908-01-04T00:00:00,0.0,,
1908-01-05T00:00:00,7.9,,
1908-01-06T00:00:00,0.0,,
1908-01-07T00:00:00,0.0,,
1908-01-08T00:00:00,0.0,,
1908-01-09T00:00:00,0.0,,
1908-02-01T00:00:00,0.0,,
1908-02-02T00:00:00,0.0,,
1908-02-03T00:00:00,0.0,,
1908-02-04T00:00:00,0.0,,
1908-02-05T00:00:00,0.0,,
1908-02-06T00:00:00,0.0,,
1908-02-07T00:00:00,0.0,,
1908-02-08T00:00:00,0.0,,
1908-02-09T00:00:00,0.0,,
1908-02-10T00:00:00,0.0,,
1908-02-11T00:00:00,0.0,,
1908-02-12T00:00:00,0.0,,
1908-02-13T00:00:00,0.0,,
1908-02-14T00:00:00,0.0,,
1908-02-15T00:00:00,0.0,,
1908-02-16T00:00:00,0.0,,
1908-02-17T00:00:00,0.0,,
1908-02-18T00:00:00,0.0,,
1908-02-19T00:00:00,0.0,,
1908-02-20T00:00:00,0.0,,
1908-02-21T00:00:00,0.0,,
1908-02-22T00:00:00,0.0,,
1908-02-23T00:00:00,0.0,,
1908-02-24T00:00:00,0.0,,
1908-02-25T00:00:00,0.0,,
1908-02-26T00:00:00,0.0,,
1908-02-27T00:00:00,0.0,,
1908-02-28T00:00:00,0.0,,
1908-02-29T00:00:00,0.0,,
1908-03-01T00:00:00,0.0,,
1908-03-02T00:00:00,0.0,,
1908-03-03T00:00:00,0.0,,
1908-03-04T00:00:00,0.0,,
1908-03-05T00:00:00,0.0,,
1908-03-06T00:00:00,0.0,,
1908-03-07T00:00:00,0.0,,
1908-03-08T00:00:00,0.0,,
1908-03-09T00:00:00,0.0,,
1908-03-10T00:00:00,0.0,,
1908-03-11T00:00:00,0.0,,
1908-03-12T00:00:00,0.0,,
1908-03-13T00:00:00,0.0,,
1908-03-14T00:00:00,0.0,,
1908-03-15T00:00:00,0.0,,
1908-03-16T00:00:00,0.0,,
1908-03-17T00:00:00,0.0,,
1908-03-18T00:00:00,0.0,,
1908-03-19T00:00:00,0.0,,
1908-03-20T00:00:00,0.0,,
1908-03-21T00:00:00,0.0,,
1908-03-22T00:00:00,0.0,,
1908-03-23T00:00:00,0.0,,
1908-03-24T00:00:00,0.0,,
1908-03-25T00:00:00,0.0,,
1908-03-26T00:00:00,0.0,,
1908-03-27T00:00:00,0.0,,
1908-03-28T00:00:00,0.0,,
1908-03-29T00:00:00,0.0,,
1908-03-30T00:00:00,0.0,,
1908-03-31T00:00:00,0.0,,
1908-04-01T00:00:00,0.0,,
1908-04-02T00:00:00,15.2,,
1908-04-03T00:00:00,2.0,,
1908-04-04T00:00:00,0.0,,
1908-04-05T00:00:00,0.0,,
1908-04-06T00:00:00,7.6,,
1908-04-07T00:00:00,0.0,,
1908-04-08T00:00:00,0.0,,
1908-04-09T00:00:00,0.0,,
1908-04-10T00:00:00,0.0,,
1908-04-11T00:00:00,0.0,,
1908-04-12T00:00:00,0.0,,
1908-04-13T00:00:00,0.0,,
1908-04-14T00:00:00,0.0,,
1908-04-15T00:00:00,0.0,,
1908-04-16T00:00:00,0.0,,
1908-04-17T00:00:00,0.0,,
1908-04-18T00:00:00,0.0,,
1908-04-19T00:00:00,0.0,,
1908-04-20T00:00:00,0.0,,
1908-04-21T00:00:00,0.0,,
1908-04-22T00:00:00,0.0,,
1908-04-23T00:00:00,0.0,,
1908-04-24T00:00:00,0.0,,
1908-04-25T00:00:00,0.0,,
1908-04-26T00:00:00,0.0,,
1908-04-27T00:00:00,0.0,,
1908-04-28T00:00:00,0.0,,
1908-04-29T00:00:00,0.0,,
1908-04-30T00:00:00,0.0,,
1908-05-01T00:00:00,0.0,,
1908-05-02T00:00:00,0.0,,
1908-05-03T00:00:00,0.0,,
1908-05-04T00:00:00,0.0,,
1908-05-05T00:00:00,0.0,,
1908-05-06T00:00:00,0.0,,
1908-05-07T00:00:00,0.0,,
1908-05-08T00:00:00,0.0,,
1908-05-09T00:00:00,0.0,,
1908-05-10T00:00:00,0.0,,
1908-05-11T00:00:00,0.0,,
1908-05-12T00:00:00,0.0,,
1908-05-13T00:00:00,0.0,,
1908-05-14T00:00:00,0.0,,
1908-05-15T00:00:00,0.0,,
1908-05-16T00:00:00,0.0,,
1908-05-17T00:00:00,0.0,,
1908-05-18T00:00:00,0.0,,
1908-05-19T00:00:00,0.0,,
1908-05-20T00:00:00,0.0,,
1908-05-21T00:00:00,0.0,,
1908-05-22T00:00:00,0.0,,
1908-05-23T00:00:00,0.0,,
1908-05-24T00:00:00,0.0,,
1908-05-25T00:00:00,0.0,,
1908-05-26T00:00:00,0.0,,
1908-05-27T00:00:00,0.0,,
1908-05-28T00:00:00,0.0,,
1908-05-29T00:00:00,0.0,,
1908-05-30T00:00:00,0.0,,
1908-05-31T00:00:00,0.0,,
1908-06-01T00:00:00,0.0,,
1908-06-02T00:00:00,0.0,,
1908-06-03T00:00:00,0.0,,
1908-06-04T00:00:00,0.0,,
1908-06-05T00:00:00,0.0,,
1908-06-06T00:00:00,0.0,,
1908-06-07T00:00:00,0.0,,
1908-06-08T00:00:00,0.0,,
1908-06-09T00:00:00,0.0,,
1908-06-10T00:00:00,0.0,,
1908-06-11T00:00:00,0.0,,
1908-06-12T00:00:00,0.0,,
1908-06-13T00:00:00,0.0,,
1908-06-14T00:00:00,0.0,,
1908-06-15T00:00:00,0.0,,
1908-06-16T00:00:00,0.0,,
1908-06-17T00:00:00,0.0,,
1908-06-18T00:00:00,0.0,,
1908-06-19T00:00:00,0.0,,
1908-06-20T00:00:00,0.0,,
1908-06-21T00:00:00,0.0,,
1908-06-22T00:00:00,0.0,,
1908-06-23T00:00:00,0.0,,
1908-06-24T00:00:00,0.0,,
1908-06-25T00:00:00,0.0,,
1908-06-26T00:00:00,0.0,,
1908-06-27T00:00:00,0.0,,
1908-06-28T00:00:00,0.0,,
1908-06-29T00:00:00,0.0,,
1908-06-30T00:00:00,0.0,,
1908-07-01T00:00:00,17.8,,
1908-07-02T00:00:00,0.0,,
1908-07-03T00:00:00,10.2,,
1908-07-04T00:00:00,0.0,,
1908-07-05T00:00:00,0.0,,
1908-07-06T00:00:00,0.0,,
1908-07-07T00:00:00,27.9,,
1908-07-08T00:00:00,0.0,,
1908-07-09T00:00:00,0.0,,
1908-07-10T00:00:00,0.0,,
1908-07-11T00:00:00,0.0,,
1908-07-12T00:00:00,0.0,,
1908-07-13T00:00:00,0.0,,
1908-07-14T00:00:00,0.0,,
1908-07-15T00:00:00,0.0,,
1908-07-16T00:00:00,0.0,,
1908-07-17T00:00:00,0.0,,
1908-07-18T00:00:00,0.0,,
1908-07-19T00:00:00,0.0,,
1908-07-20T00:00:00,31.5,,
1908-07-21T00:00:00,0.0,,
1908-07-22T00:00:00,0.0,,
1908-07-23T00:00:00,15.2,,
1908-07-24T00:00:00,0.0,,
1908-07-25T00:00:00,0.0,,
1908-07-26T00:00:00,0.0,,
1908-07-27T00:00:00,0.0,,
1908-07-28T00:00:00,0.0,,
1908-07-29T00:00:00,0.0,,
1908-07-30T00:00:00,0.0,,
1908-07-31T00:00:00,0.0,,
1908-08-01T00:00:00,0.0,,
1908-08-02T00:00:00,0.0,,
1908-08-03T00:00:00,0.0,,
1908-08-04T00:00:00,0.0,,
1908-08-05T00:00:00,0.0,,
1908-08-06T00:00:00,0.0,,
1908-08-07T00:00:00,0.0,,
1908-08-08T00:00:00,0.0,,
1908-08-09T00:00:00,0.0,,
1908-08-10T00:00:00,0.0,,
1908-08-11T00:00:00,0.0,,
1908-08-12T00:00:00,0.0,,
1908-08-13T00:00:00,0.0,,
1908-08-14T00:00:00,0.0,,
1908-08-15T00:00:00,12.7,,
1908-08-16T00:00:00,0.0,,
1908-08-17T00:00:00,0.0,,
1908-08-18T00:00:00,0.0,,
1908-08-19T00:00:00,0.0,,
1908-08-20T00:00:00,0.0,,
1908-08-21T00:00:00,0.0,,
1908-08-22T00:00:00,85.1,,
1908-08-23T00:00:00,0.0,,
1908-08-24T00:00:00,0.0,,
1908-08-25T00:00:00,0.0,,
1908-08-26T00:00:00,0.0,,
1908-08-27T00:00:00,0.0,,
1908-08-28T00:00:00,0.0,,
1908-08-29T00:00:00,36.1,,
1908-08-30T00:00:00,0.0,,
1908-08-31T00:00:00,0.0,,
1908-09-01T00:00:00,0.0,,
1908-09-02T00:00:00,0.0,,
1908-09-03T00:00:00,0.0,,
1908-09-04T00:00:00,0.0,,
1908-09-05T00:00:00,0.0,,
1908-09-06T00:00:00,0.0,,
1908-09-07T00:00:00,0.0,,
1908-09-08T00:00:00,0.0,,
1908-09-09T00:00:00,0.0,,
1908-09-10T00:00:00,0.0,,
1908-09-11T00:00:00,0.0,,
1908-09-12T00:00:00,0.0,,
1908-09-13T00:00:00,0.0,,
1908-09-14T00:00:00,0.0,,
1908-09-15T00:00:00,0.0,,
1908-09-16T00:00:00,0.0,,
1908-09-17T00:00:00,0.0,,
1908-09-18T00:00:00,0.0,,
1908-09-19T00:00:00,0.0,,
1908-09-20T00:00:00,0.0,,
1908-09-21T00:00:00,0.0,,
1908-09-22T00:00:00,0.0,,
1908-09-23T00:00:00,0.0,,
1908-09-24T00:00:00,0.0,,
1908-09-25T00:00:00,0.0,,
1908-09-26T00:00:00,0.0,,
1908-09-27T00:00:00,0.0,,
1908-09-28T00:00:00,0.0,,
1908-09-29T00:00:00,0.0,,
1908-09-30T00:00:00,0.0,,
1908-10-01T00:00:00,0.0,,
1908-10-02T00:00:00,0.0,,
1908-10-03T00:00:00,0.0,,
1908-10-04T00:00:00,0.0,,
1908-10-05T00:00:00,0.0,,
1908-10-06T00:00:00,0.0,,
1908-10-07T00:00:00,0.0,,
1908-10-08T00:00:00,0.0,,
1908-10-09T00:00:00,0.0,,
1908-10-10T00:00:00,0.0,,
1908-10-11T00:00:00,0.0,,
1908-10-12T00:00:00,0.0,,
1908-10-13T00:00:00,0.0,,
1908-10-14T00:00:00,0.0,,
1908-10-15T00:00:00,0.0,,
1908-10-16T00:00:00,0.0,,
1908-10-17T00:00:00,0.0,,
1908-10-18T00:00:00,0.0,,
1908-10-19T00:00:00,0.0,,
1908-10-20T00:00:00,0.0,,
1908-10-21T00:00:00,0.0,,
1908-10-22T00:00:00,0.0,,
1908-10-23T00:00:00,0.0,,
1908-10-24T00:00:00,0.0,,
1908-10-25T00:00:00,0.0,,
1908-10-26T00:00:00,0.0,,
1908-10-27T00:00:00,0.0,,
1908-10-28T00:00:00,0.0,,
1908-10-29T00:00:00,0.0,,
1908-10-30T00:00:00,0.0,,
1908-10-31T00:00:00,0.0,,
1908-11-01T00:00:00,0.0,,
1908-11-02T00:00:00,0.0,,
1908-11-03T00:00:00,0.0,,
1908-11-04T00:00:00,0.0,,
1908-11-05T00:00:00,0.0,,
1908-11-06T00:00:00,0.0,,
1908-11-07T00:00:00,0.0,,
1908-11-08T00:00:00,0.0,,
1908-11-09T00:00:00,0.0,,
1908-11-10T00:00:00,0.0,,
1908-11-11T00:00:00,0.0,,
1908-11-12T00:00:00,0.0,,
1908-11-13T00:00:00,0.0,,
1908-11-14T00:00:00,0.0,,
1908-11-15T00:00:00,0.0,,
1908-11-16T00:00:00,0.0,,
1908-11-17T00:00:00,0.0,,
1908-11-18T00:00:00,0.0,,
1908-11-19T00:00:00,0.0,,
1908-11-20T00:00:00,0.0,,
1908-11-21T00:00:00,0.0,,
1908-11-22T00:00:00,0.0,,
1908-11-23T00:00:00,0.0,,
1908-11-24T00:00:00,0.0,,
1908-11-25T00:00:00,0.0,,
1908-11-26T00:00:00,0.0,,
1908-11-27T00:00:00,0.0,,
1908-11-28T00:00:00,10.2,,
1908-11-29T00:00:00,0.0,,
1908-11-30T00:00:00,0.0,,
1908-12-01T00:00:00,0.0,,
1908-12-02T00:00:00,0.0,,
1908-12-03T00:00:00,0.0,,
1908-12-04T00:00:00,0.0,,
1908-12-05T00:00:00,0.0,,
1908-12-06T00:00:00,0.0,,
1908-12-07T00:00:00,0.0,,
1908-12-08T00:00:00,0.0,,
1908-12-09T00:00:00,0.0,,
1908-12-10T00:00:00,0.0,,
1908-12-11T00:00:00,0.0,,
1908-12-12T00:00:00,0.0,,
1908-12-13T00:00:00,0.0,,
1908-12-14T00:00:00,0.0,,
1908-12-15T00:00:00,0.0,,
1908-12-16T00:00:00,0.0,,
1908-12-17T00:00:00,0.0,,
1908-12-18T00:00:00,0.0,,
1908-12-19T00:00:00,0.0,,
1908-12-20T00:00:00,0.0,,
1908-12-21T00:00:00,0.0,,
1908-12-22T00:00:00,0.0,,
1908-12-23T00:00:00,0.0,,
1908-12-24T00:00:00,0.0,,
1908-12-25T00:00:00,0.0,,
1908-12-26T00:00:00,0.0,,
1908-12-27T00:00:00,0.0,,
1908-12-28T00:00:00,0.0,,
1908-12-29T00:00:00,0.0,,
1908-12-30T00:00:00,0.0,,
1908-12-31T00:00:00,0.0,,
1911-01-01T00:00:00,0.0,,
1911-01-02T00:00:00,0.0,,
1911-01-03T00:00:00,0.0,,
1911-01-04T00:00:00,0.0,,
1911-01-05T00:00:00,0.0,,
1911-01-06T00:00:00,0.0,,
1911-01-07T00:00:00,0.0,,
1911-01-08T00:00:00,0.0,,
1911-01-09T00:00:00,0.0,,
1911-01-10T00:00:00,0.0,,
1911-01-11T00:00:00,0.0,,
1911-01-12T00:00:00,0.0,,
1911-01-13T00:00:00,0.0,,
1911-01-14T00:00:00,0.0,,
1911-01-15T00:00:00,0.0,,
1911-01-16T00:00:00,0.0,,
1911-01-17T00:00:00,8.9,,
1911-01-18T00:00:00,0.0,,
1911-01-19T00:00:00,0.0,,
1911-01-20T00:00:00,0.0,,
1911-01-21T00:00:00,0.0,,
1911-01-22T00:00:00,0.0,,
1911-01-23T00:00:00,0.0,,
1911-01-24T00:00:00,0.0,,
1911-01-25T00:00:00,0.0,,
1911-01-26T00:00:00,0.0,,
1911-01-27T00:00:00,0.0,,
1911-01-28T00:00:00,0.0,,
1911-01-29T00:00:00,0.0,,
1911-01-30T00:00:00,0.0,,
1911-01-31T00:00:00,0.0,,
1919-01-01T00:00:00,0.0,15.6,2.2
1919-01-02T00:00:00,0.0,11.1,-3.9
1919-01-03T00:00:00,0.0,18.9,-3.3
1919-01-04T00:00:00,0.0,15.0,-4.4
1919-01-05T00:00:00,0.0,17.2,0.0
1919-01-06T00:00:00,0.0,22.2,1.7
1919-01-07T00:00:00,0.0,25.0,2.8
1919-01-08T00:00:00,0.0,24.4,4.4
1919-01-09T00:00:00,0.0,16.7,0.6
1919-01-10T00:00:00,0.0,24.4,2.8
1919-01-11T00:00:00,0.0,26.1,7.2
1919-01-12T00:00:00,0.0,18.9,0.0
1919-01-13T00:00:00,0.0,21.1,4.4
1919-01-14T00:00:00,0.0,16.7,2.2
1919-01-15T00:00:00,0.0,12.8,-3.3
1919-01-16T00:00:00,0.0,14.4,-1.1
1919-01-17T00:00:00,0.0,21.7,2.2
1919-01-18T00:00:00,0.0,25.0,7.8
1919-01-19T00:00:00,0.0,19.4,0.6
1919-01-20T00:00:00,0.0,16.7,11.1
1919-01-21T00:00:00,9.7,13.3,1.1
1919-01-22T00:00:00,0.3,13.3,-2.2
1919-01-23T00:00:00,0.0,13.9,-3.3
1919-01-24T00:00:00,0.0,16.1,3.9
1919-01-25T00:00:00,0.0,16.7,3.9
1919-01-26T00:00:00,0.0,16.1,6.7
1919-01-27T00:00:00,0.0,13.3,3.9
1919-01-28T00:00:00,0.0,12.8,3.3
1919-01-29T00:00:00,0.0,16.1,2.2
1919-01-30T00:00:00,0.0,18.3,1.7
1919-01-31T00:00:00,0.3,17.8,5.6
1919-03-24T00:00:00,34.3,,
1919-03-25T00:00:00,33.0,,
1919-03-26T00:00:00,33.8,,
1919-03-27T00:00:00,,17.2,2.2
1919-03-28T00:00:00,,19.4,4.4
1919-03-29T00:00:00,0.0,17.2,5.6
1919-03-30T00:00:00,,20.0,7.2
1919-03-31T00:00:00,,17.8,5.6
1919-04-01T00:00:00,12.2,17.8,5.6
1919-04-02T00:00:00,2.0,16.1,3.9
1919-04-03T00:00:00,0.0,18.3,7.8
1919-04-04T00:00:00,0.0,20.0,7.8
1919-04-05T00:00:00,0.0,31.1,12.2
1919-04-06T00:00:00,0.0,22.2,2.2
1919-04-07T00:00:00,0.0,18.9,7.2
1919-04-08T00:00:00,6.4,20.0,-1.1
1919-04-09T00:00:00,0.0,12.8,0.6
1919-04-10T00:00:00,0.0,19.4,8.3
1919-04-11T00:00:00,0.0,26.7,15.0
1919-04-12T00:00:00,0.0,26.7,8.3
1919-04-13T00:00:00,0.0,28.9,10.0
1919-04-14T00:00:00,0.0,28.3,6.7
1919-04-15T00:00:00,0.0,18.9,5.6
1919-04-16T00:00:00,0.0,20.0,3.9
1919-04-17T00:00:00,0.0,24.4,3.9
1919-04-18T00:00:00,0.0,27.8,11.1
1919-04-19T00:00:00,0.0,31.1,11.1
1919-04-20T00:00:00,0.0,28.9,9.4
1919-04-21T00:00:00,0.0,27.8,8.9
1919-04-22T00:00:00,0.0,26.7,10.0
1919-04-23T00:00:00,0.0,28.3,11.1
1919-04-24T00:00:00,0.0,29.4,13.3
1919-04-25T00:00:00,0.0,25.6,14.4
1919-04-26T00:00:00,0.0,22.8,6.1
1919-04-27T00:00:00,0.0,23.3,3.3
1919-04-28T00:00:00,0.0,22.8,6.7
1919-04-29T00:00:00,0.0,21.1,5.6
1919-04-30T00:00:00,0.0,24.4,7.2
1919-05-01T00:00:00,0.0,26.7,8.9
1919-05-02T00:00:00,0.0,28.9,12.8
1919-05-03T00:00:00,0.0,30.0,12.8
1919-05-04T00:00:00,0.0,31.1,10.6
1919-05-05T00:00:00,76.2,29.4,6.7
1919-05-06T00:00:00,0.0,26.1,11.1
1919-05-07T00:00:00,0.0,20.6,9.4
1919-05-08T00:00:00,0.0,21.1,10.0
1919-05-09T00:00:00,0.3,17.8,11.1
1919-05-10T00:00:00,0.0,27.8,11.1
1919-05-11T00:00:00,0.0,25.6,8.3
1919-05-12T00:00:00,0.0,28.3,11.1
1919-05-13T00:00:00,0.0,30.6,13.9
1919-05-14T00:00:00,0.0,24.4,10.0
1919-05-15T00:00:00,0.0,31.1,15.0
1919-05-16T00:00:00,0.0,31.1,15.6
1919-05-17T00:00:00,0.0,26.7,11.1
1919-05-18T00:00:00,0.0,27.8,13.3
1919-05-19T00:00:00,0.0,25.6,8.3
1919-05-20T00:00:00,0.0,23.3,8.9
1919-05-21T00:00:00,0.0,24.4,11.1
1919-05-22T00:00:00,1.0,28.3,11.7
1919-05-23T00:00:00,0.0,20.6,8.9
1919-05-24T00:00:00,3.8,21.1,10.6
1919-05-25T00:00:00,4.1,22.8,10.6
1919-05-26T00:00:00,0.0,25.6,12.2
1919-05-27T00:00:00,0.0,28.3,12.2
1919-05-28T00:00:00,0.0,28.3,12.8
1919-05-29T00:00:00,0.0,28.3,14.4
1919-05-30T00:00:00,0.0,31.1,13.3
1919-05-31T00:00:00,0.0,30.0,8.9
1919-06-01T00:00:00,0.0,18.3,6.7
1919-06-02T00:00:00,0.5,18.3,6.1
1919-06-03T00:00:00,0.0,24.4,5.6
1919-06-04T00:00:00,0.0,26.1,7.2
1919-06-05T00:00:00,0.0,28.9,11.7
1919-06-06T00:00:00,0.0,32.2,18.3
1919-06-07T00:00:00,0.0,31.1,13.3
1919-06-08T00:00:00,4.6,30.0,12.8
1919-06-09T00:00:00,5.1,25.0,8.9
1919-06-10T00:00:00,0.0,27.8,12.8
1919-06-11T00:00:00,0.0,,
1919-06-12T00:00:00,12.7,31.1,12.8
1919-06-13T00:00:00,6.4,26.7,13.9
1919-06-14T00:00:00,0.0,25.6,13.9
1919-06-15T00:00:00,3.8,26.7,13.9
1919-06-16T00:00:00,0.0,26.7,15.0
1919-06-17T00:00:00,0.0,26.7,16.1
1919-06-18T00:00:00,10.2,28.3,15.0
1919-06-19T00:00:00,0.0,28.3,14.4
1919-06-20T00:00:00,1.0,29.4,14.4
1919-06-21T00:00:00,0.0,28.3,15.0
1919-06-22T00:00:00,0.0,30.6,15.0
1919-06-23T00:00:00,0.0,31.1,16.1
1919-06-24T00:00:00,0.0,32.8,17.2
1919-06-25T00:00:00,0.0,32.8,18.3
1919-06-26T00:00:00,0.0,31.7,16.7
1919-06-27T00:00:00,0.0,30.0,16.1
1919-06-28T00:00:00,0.0,30.0,17.2
1919-06-29T00:00:00,0.0,30.0,16.7
1919-06-30T00:00:00,0.0,31.1,15.6
1919-07-01T00:00:00,0.0,32.8,17.2
1919-07-02T00:00:00,0.3,30.0,13.3
1919-07-03T00:00:00,0.5,29.4,14.4
1919-07-04T00:00:00,0.0,29.4,14.4
1919-07-05T00:00:00,0.0,30.6,14.4
1919-07-06T00:00:00,0.0,30.0,13.9
1919-07-07T00:00:00,0.0,31.1,14.4
1919-07-08T00:00:00,0.0,30.0,15.6
1919-07-09T00:00:00,0.0,29.4,15.0
1919-07-10T00:00:00,0.0,33.9,16.7
1919-07-11T00:00:00,0.0,33.3,16.1
1919-07-12T00:00:00,0.0,33.9,16.7
1919-07-13T00:00:00,0.0,32.8,15.6
1919-07-14T00:00:00,0.3,32.2,14.4
1919-07-15T00:00:00,8.9,30.0,16.1
1919-07-16T00:00:00,0.0,30.0,16.1
1919-07-17T00:00:00,0.0,33.3,18.3
1919-07-18T00:00:00,0.0,33.9,18.3
1919-07-19T00:00:00,0.0,33.3,18.9
1919-07-20T00:00:00,0.0,28.9,17.8
1919-07-21T00:00:00,0.0,30.0,15.6
1919-07-22T00:00:00,0.0,29.4,14.4
1919-07-23T00:00:00,0.0,29.4,14.4
1919-07-24T00:00:00,0.0,29.4,15.0
1919-07-25T00:00:00,0.0,30.0,15.6
1919-07-26T00:00:00,0.0,31.1,12.8
1919-07-27T00:00:00,0.0,30.0,16.7
1919-07-28T00:00:00,0.0,29.4,16.7
1919-07-29T00:00:00,0.0,27.8,15.6
1919-07-30T00:00:00,0.0,31.1,17.2
1919-07-31T00:00:00,0.0,31.1,17.2
1919-08-01T00:00:00,0.0,30.6,14.4
1919-08-02T00:00:00,0.0,31.1,15.6
1919-08-03T00:00:00,0.0,33.9,17.8
1919-08-04T00:00:00,0.0,35.0,22.2
1919-08-05T00:00:00,0.0,35.0,17.8
1919-08-06T00:00:00,0.0,35.0,17.8
1919-08-07T00:00:00,0.0,36.7,17.8
1919-08-08T00:00:00,0.0,32.2,17.8
1919-08-09T00:00:00,0.0,34.4,16.1
1919-08-10T00:00:00,0.0,33.3,17.2
1919-08-11T00:00:00,0.0,35.6,18.9
1919-08-12T00:00:00,0.0,35.0,17.8
1919-08-13T00:00:00,0.0,35.6,16.1
1919-08-14T00:00:00,0.0,36.7,18.3
1919-08-15T00:00:00,0.0,37.8,18.3
1919-08-16T00:00:00,0.0,36.7,16.1
1919-08-17T00:00:00,0.0,35.0,18.3
1919-08-18T00:00:00,0.0,33.3,17.2
1919-08-19T00:00:00,0.3,30.0,15.0
1919-08-20T00:00:00,0.0,31.1,15.0
1919-08-21T00:00:00,0.0,31.1,14.4
1919-08-22T00:00:00,0.0,30.0,13.3
1919-08-23T00:00:00,0.0,29.4,13.9
1919-08-24T00:00:00,0.0,28.9,14.4
1919-08-25T00:00:00,0.0,28.9,16.1
1919-08-26T00:00:00,0.0,28.9,16.7
1919-08-27T00:00:00,0.0,28.3,16.1
1919-08-28T00:00:00,0.0,30.0,16.7
1919-08-29T00:00:00,0.0,29.4,17.2
1919-08-30T00:00:00,0.0,33.9,15.6
1919-08-31T00:00:00,0.0,33.9,16.1
1919-09-01T00:00:00,0.0,33.3,14.4
1919-09-02T00:00:00,0.0,33.3,14.4
1919-09-03T00:00:00,0.0,32.8,14.4
1919-09-04T00:00:00,0.0,36.1,11.7
1919-09-05T00:00:00,0.0,28.9,12.2
1919-09-06T00:00:00,0.0,31.1,16.7
1919-09-07T00:00:00,0.0,31.7,17.8
1919-09-08T00:00:00,43.9,32.2,17.2
1919-09-09T00:00:00,0.0,28.9,16.1
1919-09-10T00:00:00,0.0,30.6,17.8
1919-09-11T00:00:00,11.4,32.2,17.8
1919-09-12T00:00:00,11.9,27.8,15.0
1919-09-13T00:00:00,0.0,28.3,10.6
1919-09-14T00:00:00,7.6,27.8,15.6
1919-09-15T00:00:00,96.5,21.1,15.6
1919-09-16T00:00:00,11.9,22.2,15.6
1919-09-17T00:00:00,0.0,27.8,13.3
1919-09-18T00:00:00,22.9,30.6,13.3
1919-09-19T00:00:00,10.2,28.3,14.4
1919-09-20T00:00:00,0.0,28.3,14.4
1919-09-21T00:00:00,0.0,22.8,11.1
1919-09-22T00:00:00,0.0,14.4,8.9
1919-09-23T00:00:00,17.8,14.4,8.3
1919-09-24T00:00:00,20.3,11.1,8.9
1919-09-25T00:00:00,0.0,21.7,11.1
1919-09-26T00:00:00,0.0,25.0,13.9
1919-09-27T00:00:00,0.0,28.3,14.4
1919-09-28T00:00:00,0.0,27.8,18.3
1919-09-29T00:00:00,0.0,26.7,15.6
1919-09-30T00:00:00,40.6,26.7,15.0
1919-11-01T00:00:00,0.0,12.8,-0.6
1919-11-02T00:00:00,0.0,18.3,0.0
1919-11-03T00:00:00,0.0,26.7,7.8
1919-11-04T00:00:00,0.0,21.1,0.6
1919-11-05T00:00:00,0.0,23.9,3.3
1919-11-06T00:00:00,0.0,15.0,6.1
1919-11-07T00:00:00,5.1,22.2,3.3
1919-11-08T00:00:00,0.0,11.7,0.6
1919-11-09T00:00:00,0.0,13.3,-3.3
1919-11-10T00:00:00,0.0,15.0,-3.3
1919-11-11T00:00:00,0.0,18.3,-6.1
1919-11-12T00:00:00,0.0,3.9,-8.3
1919-11-13T00:00:00,0.0,7.2,-5.0
1919-11-14T00:00:00,0.0,14.4,0.6
1919-11-15T00:00:00,0.0,19.4,1.1
1919-11-16T00:00:00,0.0,18.3,1.7
1919-11-17T00:00:00,0.0,16.7,6.7
1919-11-18T00:00:00,1.3,16.7,2.2
1919-11-19T00:00:00,0.0,17.8,3.3
1919-11-20T00:00:00,0.0,15.6,2.2
1919-11-21T00:00:00,5.1,14.4,2.2
1919-11-22T00:00:00,3.6,11.7,7.2
1919-11-23T00:00:00,0.0,13.3,8.9
1919-11-24T00:00:00,0.0,21.7,7.2
1919-11-25T00:00:00,0.8,13.3,4.4
1919-11-26T00:00:00,0.0,17.2,-8.3
1919-11-27T00:00:00,,-1.1,-11.1
1919-11-28T00:00:00,12.7,2.2,-11.1
1919-11-29T00:00:00,0.0,8.9,0.6
1919-11-30T00:00:00,0.0,13.9,4.4
1919-12-01T00:00:00,0.0,15.6,-3.3
1919-12-02T00:00:00,0.0,7.2,-1.1
1919-12-03T00:00:00,0.0,4.4,-1.1
1919-12-04T00:00:00,0.0,4.4,-0.6
1919-12-05T00:00:00,0.5,16.1,1.7
1919-12-06T00:00:00,0.0,19.4,-1.1
1919-12-07T00:00:00,0.0,11.1,1.1
1919-12-08T00:00:00,0.0,17.2,-7.8
1919-12-09T00:00:00,0.0,0.0,-8.9
1919-12-10T00:00:00,0.0,7.8,-6.7
1919-12-11T00:00:00,0.0,20.0,4.4
1919-12-12T00:00:00,0.0,20.0,-8.9
1919-12-13T00:00:00,0.0,1.1,-8.9
1919-12-14T00:00:00,0.0,5.0,-6.1
1919-12-15T00:00:00,0.0,7.2,-3.3
1919-12-16T00:00:00,0.0,10.0,-1.1
1919-12-17T00:00:00,7.6,13.9,-0.6
1919-12-18T00:00:00,0.0,15.0,0.0
1919-12-19T00:00:00,0.0,13.9,-1.1
1919-12-20T00:00:00,0.0,13.9,0.0
1919-12-21T00:00:00,0.0,14.4,-0.6
1919-12-22T00:00:00,0.0,20.0,2.2
1919-12-23T00:00:00,0.0,17.2,1.1
1919-12-24T00:00:00,0.0,14.4,0.0
1919-12-25T00:00:00,0.0,15.6,-1.1
1919-12-26T00:00:00,0.0,16.7,-2.2
1919-12-27T00:00:00,0.0,20.0,-1.7
1919-12-28T00:00:00,0.0,19.4,-2.8
1919-12-29T00:00:00,0.0,19.4,-1.1
1919-12-30T00:00:00,0.0,21.1,2.8
1919-12-31T00:00:00,0.0,22.2,3.3
1920-01-01T00:00:00,0.0,20.0,-2.8
1920-01-02T00:00:00,0.0,10.0,-2.8
1920-01-03T00:00:00,0.0,13.3,0.6
1920-01-04T00:00:00,0.0,4.4,-1.1
1920-01-05T00:00:00,0.0,12.8,0.0
1920-01-06T00:00:00,0.0,14.4,-1.1
1920-01-07T00:00:00,11.4,15.6,-4.4
1920-01-08T00:00:00,1.8,-1.1,-16.7
1920-01-09T00:00:00,2.0,0.0,-6.1
1920-01-10T00:00:00,5.1,0.0,-3.9
1920-01-11T00:00:00,14.0,0.0,-3.9
1920-01-12T00:00:00,0.0,7.8,-6.1
1920-01-13T00:00:00,0.0,7.2,-4.4
1920-01-14T00:00:00,0.0,8.9,-2.2
1920-01-15T00:00:00,0.0,9.4,-2.2
1920-01-16T00:00:00,0.0,14.4,1.1
1920-01-17T00:00:00,0.0,18.9,3.3
1920-01-18T00:00:00,0.0,22.8,3.3
1920-01-19T00:00:00,0.0,21.7,5.6
1920-01-20T00:00:00,0.0,22.2,-0.6
1920-01-21T00:00:00,0.0,7.8,-1.1
1920-01-22T00:00:00,20.3,7.8,0.0
1920-01-23T00:00:00,0.5,15.6,-1.1
1920-01-24T00:00:00,0.0,1.1,-3.3
1920-01-25T00:00:00,0.0,15.6,-1.1
1920-01-26T00:00:00,0.0,18.3,2.8
1920-01-27T00:00:00,0.0,19.4,-5.0
1920-01-28T00:00:00,0.0,7.8,-6.7
1920-01-29T00:00:00,0.0,8.3,-5.6
1920-01-30T00:00:00,0.0,18.9,-1.7
1920-01-31T00:00:00,0.0,15.6,1.1
1920-02-01T00:00:00,0.0,15.6,1.7
1920-02-02T00:00:00,0.0,8.3,2.2
1920-02-03T00:00:00,0.0,7.2,3.3
1920-02-04T00:00:00,0.0,7.2,4.4
1920-02-05T00:00:00,8.1,10.0,2.2
1920-02-06T00:00:00,0.0,10.0,3.3
1920-02-07T00:00:00,0.0,13.3,5.0
1920-02-08T00:00:00,0.0,18.3,4.4
1920-02-09T00:00:00,0.0,18.3,5.0
1920-02-10T00:00:00,0.0,18.3,5.6
1920-02-11T00:00:00,0.0,6.1,-2.2
1920-02-12T00:00:00,0.0,16.7,1.7
1920-02-13T00:00:00,0.0,18.3,-2.2
1920-02-14T00:00:00,0.0,13.3,-3.9
1920-02-15T00:00:00,0.0,15.6,-5.6
1920-02-16T00:00:00,0.0,16.7,-2.2
1920-02-17T00:00:00,0.0,16.7,0.0
1920-02-18T00:00:00,0.0,18.3,2.2
1920-02-19T00:00:00,0.0,21.1,13.3
1920-02-20T00:00:00,0.0,21.1,10.0
1920-02-21T00:00:00,0.0,19.4,8.3
1920-02-22T00:00:00,0.0,23.3,10.0
1920-02-23T00:00:00,0.0,26.7,-1.1
1920-02-24T00:00:00,0.0,8.9,0.0
1920-02-25T00:00:00,0.0,10.0,-4.4
1920-02-26T00:00:00,0.0,12.8,-4.4
1920-02-27T00:00:00,0.0,20.0,-7.2
1920-02-28T00:00:00,0.0,21.1,-6.7
1920-02-29T00:00:00,0.0,7.2,-4.4
1920-03-01T00:00:00,0.0,,
1920-03-02T00:00:00,0.0,,
1920-03-03T00:00:00,0.0,26.7,-4.4
1920-03-04T00:00:00,0.0,13.3,-2.8
1920-03-05T00:00:00,0.0,15.6,-8.9
1920-03-06T00:00:00,0.0,10.0,-16.7
1920-03-07T00:00:00,0.0,2.2,-8.9
1920-03-08T00:00:00,0.0,18.3,-5.6
1920-03-09T00:00:00,0.0,20.0,0.0
1920-03-10T00:00:00,0.0,20.0,4.4
1920-03-11T00:00:00,1.8,17.2,-0.6
1920-03-12T00:00:00,0.0,16.7,-1.1
1920-03-13T00:00:00,0.0,23.9,6.7
1920-03-14T00:00:00,0.0,25.0,8.3
1920-03-15T00:00:00,0.0,22.8,6.1
1920-03-16T00:00:00,0.0,21.1,1.1
1920-03-17T00:00:00,0.0,22.2,4.4
1920-03-18T00:00:00,0.0,20.6,-0.6
1920-03-19T00:00:00,0.0,17.2,-0.6
1920-03-20T00:00:00,0.0,20.0,0.6
1920-03-21T00:00:00,0.0,21.1,3.3
1920-03-22T00:00:00,0.0,23.9,10.0
1920-03-23T00:00:00,0.0,21.1,2.8
1920-03-24T00:00:00,0.0,18.9,3.3
1920-03-25T00:00:00,0.0,17.2,3.3
1920-03-26T00:00:00,0.0,21.1,6.7
1920-03-27T00:00:00,0.0,11.1,-3.3
1920-03-28T00:00:00,0.0,15.6,-3.9
1920-03-29T00:00:00,0.0,18.3,0.0
1920-03-30T00:00:00,0.0,22.8,2.8
1920-03-31T00:00:00,0.0,21.7,7.8
1920-04-01T00:00:00,0.0,21.1,-3.9
1920-04-02T00:00:00,0.0,23.9,-2.2
1920-04-03T00:00:00,0.0,11.1,-9.4
1920-04-04T00:00:00,0.0,15.6,-3.9
1920-04-05T00:00:00,0.0,26.7,8.9
1920-04-06T00:00:00,0.0,28.9,10.6
1920-04-07T00:00:00,0.0,26.7,8.3
1920-04-08T00:00:00,0.0,25.6,8.3
1920-04-09T00:00:00,0.0,27.8,7.2
1920-04-10T00:00:00,0.0,24.4,5.6
1920-04-11T00:00:00,0.0,22.8,-2.8
1920-04-12T00:00:00,0.0,22.8,1.1
1920-04-13T00:00:00,0.0,22.8,8.9
1920-04-14T00:00:00,0.0,24.4,9.4
1920-04-15T00:00:00,0.0,25.6,8.9
1920-04-16T00:00:00,0.0,25.6,7.2
1920-04-17T00:00:00,0.0,18.3,3.3
1920-04-18T00:00:00,0.0,13.3,-1.7
1920-04-19T00:00:00,0.0,18.3,2.2
1920-04-20T00:00:00,0.0,20.0,
1920-04-21T00:00:00,0.0,23.3,1.1
1920-04-22T00:00:00,0.0,23.3,4.4
1920-04-23T00:00:00,0.0,24.4,5.6
1920-04-24T00:00:00,0.0,24.4,4.4
1920-04-25T00:00:00,0.0,24.4,3.9
1920-04-26T00:00:00,0.0,14.4,1.1
1920-04-27T00:00:00,0.0,21.1,5.0
1920-04-28T00:00:00,0.0,26.7,10.0
1920-04-29T00:00:00,0.0,29.4,8.9
1920-04-30T00:00:00,0.0,27.8,7.8
1920-05-01T00:00:00,0.0,26.7,7.8
1920-05-02T00:00:00,0.0,27.8,8.9
1920-05-03T00:00:00,0.0,27.8,8.9
1920-05-04T00:00:00,0.0,28.3,8.9
1920-05-05T00:00:00,0.0,29.4,9.4
1920-05-06T00:00:00,0.0,27.8,8.3
1920-05-07T00:00:00,0.0,28.3,7.2
1920-05-08T00:00:00,1.3,28.9,11.1
1920-05-09T00:00:00,0.0,23.3,10.0
1920-05-10T00:00:00,0.0,25.6,10.0
1920-05-11T00:00:00,0.0,26.1,11.1
1920-05-12T00:00:00,0.0,27.8,6.7
1920-05-13T00:00:00,0.0,28.3,11.1
1920-05-14T00:00:00,0.0,18.3,10.0
1920-05-15T00:00:00,0.0,12.8,7.2
1920-05-16T00:00:00,11.4,15.6,6.7
1920-05-17T00:00:00,0.0,22.2,7.2
1920-05-18T00:00:00,0.0,26.7,10.0
1920-05-19T00:00:00,0.0,33.9,13.9
1920-05-20T00:00:00,0.0,33.9,13.3
1920-05-21T00:00:00,0.0,35.0,12.2
1920-05-22T00:00:00,0.0,29.4,15.0
1920-05-23T00:00:00,41.9,29.4,13.3
1920-05-24T00:00:00,0.0,26.7,12.8
1920-05-25T00:00:00,0.0,29.4,15.6
1920-05-26T00:00:00,0.0,27.8,16.7
1920-05-27T00:00:00,0.0,23.9,11.1
1920-05-28T00:00:00,0.0,25.6,11.1
1920-05-29T00:00:00,0.0,30.0,11.7
1920-05-30T00:00:00,0.0,32.2,14.4
1920-05-31T00:00:00,0.0,32.8,9.4
1920-06-01T00:00:00,0.0,32.2,17.2
1920-06-02T00:00:00,0.0,23.9,12.8
1920-06-03T00:00:00,0.0,29.4,15.6
1920-06-04T00:00:00,0.0,22.2,10.0
1920-06-05T00:00:00,0.0,30.0,12.8
1920-06-06T00:00:00,0.0,30.6,10.0
1920-06-07T00:00:00,0.0,33.3,16.7
1920-06-08T00:00:00,0.0,33.3,15.6
1920-06-09T00:00:00,0.0,32.2,15.0
1920-06-10T00:00:00,5.6,29.4,12.8
1920-06-11T00:00:00,15.2,26.7,15.6
1920-06-12T00:00:00,0.5,26.7,15.6
1920-06-13T00:00:00,5.8,25.6,15.6
1920-06-14T00:00:00,0.0,28.3,13.3
1920-06-15T00:00:00,0.0,30.0,14.4
1920-06-16T00:00:00,0.0,30.6,20.0
1920-06-17T00:00:00,0.0,32.2,20.0
1920-06-18T00:00:00,0.0,32.2,20.0
1920-06-19T00:00:00,0.0,29.4,14.4
1920-06-20T00:00:00,0.0,29.4,13.3
1920-06-21T00:00:00,0.0,30.6,12.2
1920-06-22T00:00:00,0.0,32.2,15.6
1920-06-23T00:00:00,0.0,32.2,15.0
1920-06-24T00:00:00,0.0,32.2,12.8
1920-06-25T00:00:00,0.0,33.3,13.9
1920-06-26T00:00:00,19.8,30.0,16.7
1920-06-27T00:00:00,19.1,29.4,15.6
1920-06-28T00:00:00,0.0,26.7,15.6
1920-06-29T00:00:00,0.0,27.2,16.7
1920-06-30T00:00:00,0.0,30.6,16.7
1920-07-01T00:00:00,0.0,33.9,16.7
1920-07-02T00:00:00,0.0,32.2,15.6
1920-07-03T00:00:00,0.0,31.7,16.7
1920-07-04T00:00:00,0.0,35.6,18.3
1920-07-05T00:00:00,0.0,36.7,18.3
1920-07-06T00:00:00,0.0,32.8,16.7
1920-07-07T00:00:00,0.0,34.4,15.6
1920-07-08T00:00:00,0.0,33.3,16.1
1920-07-09T00:00:00,1.3,33.3,14.4
1920-07-10T00:00:00,0.0,30.6,13.9
1920-07-11T00:00:00,0.3,32.8,16.1
1920-07-12T00:00:00,0.0,36.7,15.0
1920-07-13T00:00:00,0.0,34.4,13.9
1920-07-14T00:00:00,0.0,31.1,15.6
1920-07-15T00:00:00,0.0,31.1,15.6
1920-07-16T00:00:00,0.0,32.2,18.3
1920-07-17T00:00:00,0.0,33.9,18.9
1920-07-18T00:00:00,0.3,35.6,15.6
1920-07-19T00:00:00,4.6,30.6,16.7
1920-07-20T00:00:00,1.3,28.3,18.3
1920-07-21T00:00:00,0.0,29.4,15.6
1920-07-22T00:00:00,0.0,31.7,17.8
1920-07-23T00:00:00,0.0,33.9,15.6
1920-07-24T00:00:00,0.0,33.9,16.1
1920-07-25T00:00:00,5.3,35.6,17.2
1920-07-26T00:00:00,0.0,32.2,16.1
1920-07-27T00:00:00,0.5,29.4,17.2
1920-07-28T00:00:00,2.3,26.7,15.0
1920-07-29T00:00:00,0.0,29.4,16.7
1920-07-30T00:00:00,0.0,32.2,15.6
1920-07-31T00:00:00,0.0,32.8,17.2
1920-08-01T00:00:00,0.0,33.3,17.8
1920-08-02T00:00:00,0.0,32.8,17.8
1920-08-03T00:00:00,0.0,33.9,18.9
1920-08-04T00:00:00,0.0,35.0,21.7
1920-08-05T00:00:00,5.1,32.2,15.6
1920-08-06T00:00:00,0.0,30.6,15.6
1920-08-07T00:00:00,0.0,30.0,14.4
1920-08-08T00:00:00,0.0,31.7,17.2
1920-08-09T00:00:00,0.5,33.9,18.3
1920-08-10T00:00:00,0.0,,
1920-08-11T00:00:00,0.0,,
1920-08-12T00:00:00,0.0,,
1920-08-13T00:00:00,0.0,,
1920-08-14T00:00:00,0.0,21.1,11.1
1920-08-15T00:00:00,0.0,23.3,13.3
1920-08-16T00:00:00,20.6,18.3,15.6
1920-08-17T00:00:00,0.0,26.1,15.0
1920-08-18T00:00:00,0.0,30.0,16.7
1920-08-19T00:00:00,0.0,30.6,16.7
1920-08-20T00:00:00,0.0,30.0,14.4
1920-08-21T00:00:00,10.7,17.2,14.4
1920-08-22T00:00:00,0.0,22.8,14.4
1920-08-23T00:00:00,0.0,24.4,12.2
1920-08-24T00:00:00,0.0,26.7,16.7
1920-08-25T00:00:00,0.0,27.8,15.0
1920-08-26T00:00:00,7.6,27.8,15.6
1920-08-27T00:00:00,0.0,29.4,17.2
1920-08-28T00:00:00,0.0,31.1,12.8
1920-08-29T00:00:00,0.0,31.7,13.3
1920-08-30T00:00:00,0.0,28.9,16.7
1920-08-31T00:00:00,3.0,29.4,15.6
1920-09-01T00:00:00,,29.4,14.4
1920-09-02T00:00:00,,26.7,12.8
1920-09-03T00:00:00,,28.3,13.9
1920-09-04T00:00:00,0.5,28.9,16.7
1920-09-05T00:00:00,,27.8,14.4
1920-09-06T00:00:00,,30.0,13.3
1920-09-07T00:00:00,,31.1,12.8
1920-09-08T00:00:00,,30.6,12.2
1920-09-09T00:00:00,,31.1,15.6
1920-09-10T00:00:00,,30.6,13.3
1920-09-11T00:00:00,,32.2,13.9
1920-09-12T00:00:00,,31.1,16.7
1920-09-13T00:00:00,0.3,31.1,15.6
1920-09-14T00:00:00,,32.2,16.1
1920-09-15T00:00:00,,32.2,16.7
1920-09-16T00:00:00,,30.0,13.9
1920-09-17T00:00:00,,26.7,13.3
1920-09-18T00:00:00,,31.7,15.0
1920-09-19T00:00:00,,33.3,15.6
1920-09-20T00:00:00,,,
1920-09-21T00:00:00,,,
1920-09-22T00:00:00,,,
1920-09-23T00:00:00,,31.7,12.2
1920-09-24T00:00:00,,32.2,12.8
1920-09-25T00:00:00,,29.4,11.1
1920-09-26T00:00:00,,29.4,8.9
1920-09-27T00:00:00,,30.0,11.1
1920-09-28T00:00:00,19.1,29.4,13.3
1920-09-29T00:00:00,,28.9,7.8
1920-09-30T00:00:00,,28.9,7.2
1920-10-01T00:00:00,0.0,28.9,12.8
1920-10-02T00:00:00,0.0,31.1,12.8
1920-10-03T00:00:00,0.0,29.4,8.9
1920-10-04T00:00:00,0.0,26.7,8.3
1920-10-05T00:00:00,0.0,24.4,10.0
1920-10-06T00:00:00,0.0,25.0,8.9
1920-10-07T00:00:00,0.0,26.7,4.4
1920-10-08T00:00:00,0.0,29.4,11.1
1920-10-09T00:00:00,0.0,29.4,8.9
1920-10-10T00:00:00,0.0,27.8,7.2
1920-10-11T00:00:00,0.0,26.7,6.7
1920-10-12T00:00:00,0.0,26.7,14.4
1920-10-13T00:00:00,0.0,25.6,2.8
1920-10-14T00:00:00,0.0,23.3,5.6
1920-10-15T00:00:00,0.0,23.9,4.4
1920-10-16T00:00:00,0.0,25.6,11.1
1920-10-17T00:00:00,0.0,25.0,8.9
1920-10-18T00:00:00,0.0,22.8,8.9
1920-10-19T00:00:00,0.0,22.2,10.0
1920-10-20T00:00:00,0.0,22.2,5.0
1920-10-21T00:00:00,0.0,20.0,-1.1
1920-10-22T00:00:00,0.0,20.0,2.2
1920-10-23T00:00:00,22.6,20.0,0.0
1920-10-24T00:00:00,35.6,4.4,0.0
1920-10-25T00:00:00,1.3,6.1,1.1
1920-10-26T00:00:00,0.0,20.0,-1.1
1920-10-27T00:00:00,0.0,18.3,-1.1
1920-10-28T00:00:00,0.0,17.2,0.0
1920-10-29T00:00:00,0.0,21.1,5.6
1920-10-30T00:00:00,1.3,17.8,7.8
1920-10-31T00:00:00,0.0,20.0,2.2
1920-11-01T00:00:00,0.0,16.7,0.6
1920-11-02T00:00:00,0.0,13.3,1.1
1920-11-03T00:00:00,0.0,18.9,2.8
1920-11-04T00:00:00,0.0,18.9,5.6
1920-11-05T00:00:00,0.0,21.7,7.8
1920-11-06T00:00:00,0.0,21.1,10.0
1920-11-07T00:00:00,0.0,18.3,7.2
1920-11-08T00:00:00,0.0,21.1,2.8
1920-11-09T00:00:00,4.6,17.2,4.4
1920-11-10T00:00:00,0.0,12.2,1.1
1920-11-11T00:00:00,3.8,7.8,-0.6
1920-11-12T00:00:00,,0.0,-4.4
1920-11-13T00:00:00,2.5,0.0,-3.9
1920-11-14T00:00:00,0.0,7.8,-6.1
1920-11-15T00:00:00,0.0,5.6,-3.9
1920-11-16T00:00:00,0.0,8.3,-2.2
1920-11-17T00:00:00,0.0,15.6,1.1
1920-11-18T00:00:00,0.0,21.1,3.3
1920-11-19T00:00:00,0.0,25.0,5.6
1920-11-20T00:00:00,0.0,,
1920-11-21T00:00:00,0.0,,
1920-11-22T00:00:00,0.0,,
1920-11-23T00:00:00,0.0,,
1920-11-24T00:00:00,0.0,,
1920-11-25T00:00:00,0.0,24.4,-2.8
1920-11-26T00:00:00,0.0,17.2,2.2
1920-11-27T00:00:00,0.0,20.0,0.6
1920-11-28T00:00:00,0.0,11.1,-5.6
1920-11-29T00:00:00,0.0,14.4,-2.8
1920-11-30T00:00:00,0.0,16.1,-2.8
1920-12-01T00:00:00,0.0,21.1,2.8
1920-12-02T00:00:00,0.0,20.0,9.4
1920-12-03T00:00:00,0.0,15.6,-3.9
1920-12-04T00:00:00,0.0,16.7,-0.6
1920-12-05T00:00:00,0.0,17.2,-2.2
1920-12-06T00:00:00,0.0,11.7,-5.0
1920-12-07T00:00:00,0.0,10.0,-5.0
1920-12-08T00:00:00,0.0,17.2,-3.9
1920-12-09T00:00:00,0.0,13.9,-3.3
1920-12-10T00:00:00,0.0,18.3,-1.1
1920-12-11T00:00:00,0.0,18.3,5.0
1920-12-12T00:00:00,0.0,11.1,-5.0
1920-12-13T00:00:00,0.0,10.0,-0.6
1920-12-14T00:00:00,0.0,15.6,-7.2
1920-12-15T00:00:00,0.0,18.3,-6.7
1920-12-16T00:00:00,0.0,15.6,-5.0
1920-12-17T00:00:00,0.0,7.8,-2.8
1920-12-18T00:00:00,0.0,17.8,-5.6
1920-12-19T00:00:00,0.0,17.8,0.0
1920-12-20T00:00:00,0.0,10.0,-7.2
1920-12-21T00:00:00,0.0,14.4,-11.1
1920-12-22T00:00:00,0.0,7.2,-6.1
1920-12-23T00:00:00,0.0,4.4,-10.6
1920-12-24T00:00:00,0.0,10.0,-1.1
1920-12-25T00:00:00,0.0,15.6,-4.4
1920-12-26T00:00:00,0.0,10.0,-7.8
1920-12-27T00:00:00,0.0,7.2,-7.2
1920-12-28T00:00:00,0.0,21.7,1.7
1920-12-29T00:00:00,0.0,20.0,0.0
1920-12-30T00:00:00,0.0,19.4,2.8
1920-12-31T00:00:00,0.0,20.6,-2.2
1921-01-01T00:00:00,0.0,18.3,-5.0
1921-01-02T00:00:00,0.0,18.3,1.1
1921-01-03T00:00:00,0.0,20.0,0.6
1921-01-04T00:00:00,0.0,18.3,0.6
1921-01-05T00:00:00,0.0,22.2,2.2
1921-01-06T00:00:00,0.0,22.2,10.0
1921-01-07T00:00:00,0.0,17.8,-3.9
1921-01-08T00:00:00,0.0,11.1,-10.6
1921-01-09T00:00:00,0.0,10.0,-1.7
1921-01-10T00:00:00,1.5,4.4,-4.4
1921-01-11T00:00:00,4.6,-2.2,-5.6
1921-01-12T00:00:00,3.0,0.0,-7.8
1921-01-13T00:00:00,0.0,10.0,-3.9
1921-01-14T00:00:00,0.0,15.6,-1.1
1921-01-15T00:00:00,0.0,22.2,0.6
1921-01-16T00:00:00,0.0,20.0,-3.9
1921-01-17T00:00:00,0.0,11.1,-3.9
1921-01-18T00:00:00,0.0,13.3,-3.9
1921-01-19T00:00:00,0.0,21.1,2.8
1921-01-20T00:00:00,0.0,21.1,4.4
1921-01-21T00:00:00,0.0,16.7,5.6
1921-01-22T00:00:00,0.0,15.6,8.9
1921-01-23T00:00:00,0.0,17.2,-6.1
1921-01-24T00:00:00,0.0,13.9,-3.3
1921-01-25T00:00:00,0.0,12.8,-6.7
1921-01-26T00:00:00,0.0,14.4,-2.2
1921-01-27T00:00:00,0.0,9.4,-1.1
1921-01-28T00:00:00,0.0,16.7,-3.9
1921-01-29T00:00:00,0.0,14.4,-5.0
1921-01-30T00:00:00,0.0,10.0,0.0
1921-01-31T00:00:00,0.0,,-4.4
1921-02-01T00:00:00,0.0,,-3.9
1921-02-02T00:00:00,0.0,,-2.2
1921-02-03T00:00:00,0.0,,3.9
1921-02-04T00:00:00,0.0,,2.2
1921-02-05T00:00:00,0.0,,7.2
1921-02-06T00:00:00,0.0,,-4.4
1921-02-07T00:00:00,1.0,,-8.3
1921-02-08T00:00:00,0.0,,-4.4
1921-02-09T00:00:00,0.0,,-1.1
1921-02-10T00:00:00,0.0,,0.6
1921-02-11T00:00:00,0.0,,-1.1
1921-02-12T00:00:00,0.0,,5.0
1921-02-13T00:00:00,0.0,,6.7
1921-02-14T00:00:00,0.0,,7.8
1921-02-15T00:00:00,0.0,,-2.8
1921-02-16T00:00:00,0.0,,-5.6
1921-02-17T00:00:00,0.0,,-1.1
1921-02-18T00:00:00,0.0,,-6.7
1921-02-19T00:00:00,0.0,,-8.9
1921-02-20T00:00:00,0.0,,-1.1
1921-02-21T00:00:00,0.0,,0.6
1921-02-22T00:00:00,0.0,,-3.9
1921-02-23T00:00:00,0.0,,3.3
1921-02-24T00:00:00,0.0,,0.6
1921-02-25T00:00:00,0.0,,5.6
1921-02-26T00:00:00,0.0,,6.7
1921-02-27T00:00:00,12.7,,4.4
1921-02-28T00:00:00,6.4,,1.7
1921-03-01T00:00:00,0.0,,3.9
1921-03-02T00:00:00,0.0,,5.0
1921-03-03T00:00:00,0.0,,4.4
1921-03-04T00:00:00,0.0,23.3,7.8
1921-03-05T00:00:00,0.0,25.6,4.4
1921-03-06T00:00:00,0.0,23.3,7.8
1921-03-07T00:00:00,0.0,18.3,0.6
1921-03-08T00:00:00,0.0,20.0,0.0
1921-03-09T00:00:00,0.0,13.3,-0.6
1921-03-10T00:00:00,0.0,18.3,3.3
1921-03-11T00:00:00,0.0,21.1,7.2
1921-03-12T00:00:00,0.0,22.2,7.2
1921-03-13T00:00:00,0.0,22.8,5.0
1921-03-14T00:00:00,0.0,23.9,7.8
1921-03-15T00:00:00,0.0,22.2,6.1
1921-03-16T00:00:00,0.0,26.7,9.4
1921-03-17T00:00:00,2.5,27.8,12.8
1921-03-18T00:00:00,2.5,25.6,11.1
1921-03-19T00:00:00,0.0,23.9,11.1
1921-03-20T00:00:00,0.8,22.2,2.2
1921-03-21T00:00:00,0.0,12.2,-2.2
1921-03-22T00:00:00,0.0,11.7,-1.1
1921-03-23T00:00:00,0.0,25.6,0.6
1921-03-24T00:00:00,0.0,26.7,5.6
1921-03-25T00:00:00,0.0,25.6,12.2
1921-03-26T00:00:00,0.0,25.6,4.4
1921-03-27T00:00:00,0.0,9.4,-4.4
1921-03-28T00:00:00,0.0,10.6,-3.9
1921-03-29T00:00:00,0.0,22.2,7.2
1921-03-30T00:00:00,0.0,20.6,-0.6
1921-03-31T00:00:00,0.0,13.3,0.0
1921-04-01T00:00:00,0.0,24.4,5.6
1921-04-02T00:00:00,0.0,26.7,6.7
1921-04-03T00:00:00,0.0,25.6,10.0
1921-04-04T00:00:00,0.0,25.6,10.0
1921-04-05T00:00:00,0.0,21.1,-0.6
1921-04-06T00:00:00,0.0,18.3,2.2
1921-04-07T00:00:00,0.0,21.7,0.0
1921-04-08T00:00:00,0.0,21.1,1.7
1921-04-09T00:00:00,0.0,21.1,3.3
1921-04-10T00:00:00,0.0,15.6,1.7
1921-04-11T00:00:00,0.0,25.6,3.3
1921-04-12T00:00:00,0.0,21.1,7.8
1921-04-13T00:00:00,0.0,25.6,7.2
1921-04-14T00:00:00,0.0,23.3,-0.6
1921-04-15T00:00:00,0.0,18.3,-1.1
1921-04-16T00:00:00,0.0,13.9,0.0
1921-04-17T00:00:00,0.0,21.1,-1.7
1921-04-18T00:00:00,0.0,26.7,5.6
1921-04-19T00:00:00,0.0,28.3,13.3
1921-04-20T00:00:00,0.0,24.4,4.4
1921-04-21T00:00:00,0.0,25.6,5.6
1921-04-22T00:00:00,0.0,28.9,12.2
1921-04-23T00:00:00,0.0,29.4,16.1
1921-04-24T00:00:00,0.0,26.7,7.2
1921-04-25T00:00:00,0.0,17.2,0.0
1921-04-26T00:00:00,0.0,23.9,3.9
1921-04-27T00:00:00,0.0,23.9,5.6
1921-04-28T00:00:00,0.0,22.2,8.9
1921-04-29T00:00:00,0.0,25.6,7.2
1921-04-30T00:00:00,0.0,26.7,12.8
1921-05-01T00:00:00,0.0,,11.1
1921-05-02T00:00:00,0.0,20.0,5.6
1921-05-03T00:00:00,0.0,26.7,7.2
1921-05-04T00:00:00,0.0,26.7,7.2
1921-05-05T00:00:00,1.8,26.7,7.2
1921-05-06T00:00:00,0.0,26.7,8.9
1921-05-07T00:00:00,0.0,23.3,3.3
1921-05-08T00:00:00,0.0,25.6,7.2
1921-05-09T00:00:00,0.0,26.7,8.9
1921-05-10T00:00:00,0.0,27.8,12.2
1921-05-11T00:00:00,0.0,29.4,10.6
1921-05-12T00:00:00,0.0,,
1921-05-13T00:00:00,0.0,,
1921-05-14T00:00:00,0.0,,11.1
1921-05-15T00:00:00,0.0,21.1,10.0
1921-05-16T00:00:00,3.8,21.1,10.0
1921-05-17T00:00:00,0.0,23.9,10.0
1921-05-18T00:00:00,0.0,27.8,11.7
1921-05-19T00:00:00,0.0,25.6,10.0
1921-05-20T00:00:00,1.3,26.7,16.1
1921-05-21T00:00:00,0.0,27.8,15.6
1921-05-22T00:00:00,0.0,25.6,13.9
1921-05-23T00:00:00,13.5,26.7,10.6
1921-05-24T00:00:00,5.1,25.6,12.8
1921-05-25T00:00:00,0.0,29.4,11.1
1921-05-26T00:00:00,0.0,31.1,11.7
1921-05-27T00:00:00,0.0,31.1,12.8
1921-05-28T00:00:00,0.0,31.1,16.1
1921-05-29T00:00:00,0.0,31.1,15.6
1921-05-30T00:00:00,0.0,32.8,15.6
1921-05-31T00:00:00,0.0,,
1921-06-01T00:00:00,0.0,31.1,13.3
1921-06-02T00:00:00,26.7,31.7,12.8
1921-06-03T00:00:00,0.0,27.8,13.3
1921-06-04T00:00:00,50.8,25.0,12.2
1921-06-05T00:00:00,76.2,21.7,12.2
1921-06-06T00:00:00,10.2,17.2,9.4
1921-06-07T00:00:00,0.0,,
1921-06-08T00:00:00,0.8,29.4,15.6
1921-06-09T00:00:00,0.0,28.3,16.1
1921-06-10T00:00:00,0.0,30.0,16.1
1921-06-11T00:00:00,36.8,30.0,16.1
1921-06-12T00:00:00,0.0,27.2,16.1
1921-06-13T00:00:00,0.0,28.3,13.9
1921-06-14T00:00:00,0.0,28.3,11.1
1921-06-15T00:00:00,0.0,,
1921-06-16T00:00:00,0.0,32.2,13.3
1921-06-17T00:00:00,17.8,29.4,13.9
1921-06-18T00:00:00,0.0,29.4,11.1
1921-06-19T00:00:00,0.0,30.6,12.2
1921-06-20T00:00:00,0.0,25.0,12.8
1921-06-21T00:00:00,0.0,28.3,13.3
1921-06-22T00:00:00,0.0,,13.9
1921-06-23T00:00:00,0.0,,
1921-06-24T00:00:00,0.0,,16.1
1921-06-25T00:00:00,0.0,,14.4
1921-06-26T00:00:00,0.0,,
1921-06-27T00:00:00,0.0,,
1921-06-28T00:00:00,0.0,,
1921-06-29T00:00:00,0.0,,
1921-06-30T00:00:00,0.0,,
1921-07-01T00:00:00,0.8,,15.6
1921-07-02T00:00:00,0.0,,
1921-07-03T00:00:00,0.0,,
1921-07-04T00:00:00,0.0,,
1921-07-05T00:00:00,0.0,,17.2
1921-07-06T00:00:00,25.4,,15.6
1921-07-07T00:00:00,8.9,,16.1
1921-07-08T00:00:00,12.7,,15.6
1921-07-09T00:00:00,16.5,,16.7
1921-07-10T00:00:00,0.0,,16.1
1921-07-11T00:00:00,0.0,,15.6
1921-07-12T00:00:00,0.0,,15.6
1921-07-13T00:00:00,0.0,28.3,16.7
1921-07-14T00:00:00,0.0,28.9,15.6
1921-07-15T00:00:00,0.0,31.7,17.2
1921-07-16T00:00:00,0.0,32.2,17.2
1921-07-17T00:00:00,0.0,33.3,17.8
1921-07-18T00:00:00,0.0,32.8,18.9
1921-07-19T00:00:00,0.0,33.3,19.4
1921-07-20T00:00:00,0.0,32.2,19.4
1921-07-21T00:00:00,0.0,32.2,19.4
1921-07-22T00:00:00,0.0,,
1921-07-23T00:00:00,0.0,30.6,18.3
1921-07-24T00:00:00,0.0,29.4,18.9
1921-07-25T00:00:00,0.0,31.1,15.6
1921-07-26T00:00:00,0.0,30.0,17.2
1921-07-27T00:00:00,0.0,31.1,17.8
1921-07-28T00:00:00,2.0,31.7,18.9
1921-07-29T00:00:00,16.5,31.1,17.8
1921-07-30T00:00:00,0.0,,
1921-07-31T00:00:00,0.0,,
1921-08-01T00:00:00,2.5,30.0,16.1
1921-08-02T00:00:00,0.0,30.0,17.2
1921-08-03T00:00:00,0.0,30.6,18.3
1921-08-04T00:00:00,0.0,,
1921-08-05T00:00:00,0.0,32.8,16.7
1921-08-06T00:00:00,0.0,33.3,18.9
1921-08-07T00:00:00,1.3,36.7,18.3
1921-08-08T00:00:00,1.3,31.7,16.7
1921-08-09T00:00:00,0.0,30.6,16.7
1921-08-10T00:00:00,0.0,32.8,17.8
1921-08-11T00:00:00,0.0,35.6,18.9
1921-08-12T00:00:00,0.0,33.3,18.3
1921-08-13T00:00:00,0.0,30.6,17.8
1921-08-14T00:00:00,0.0,33.3,17.8
1921-08-15T00:00:00,12.7,31.7,17.8
1921-08-16T00:00:00,0.0,30.0,15.6
1921-08-17T00:00:00,6.6,31.1,16.7
1921-08-18T00:00:00,0.0,30.0,17.2
1921-08-19T00:00:00,6.4,31.1,15.6
1921-08-20T00:00:00,0.0,30.6,14.4
1921-08-21T00:00:00,0.0,30.6,15.0
1921-08-22T00:00:00,0.5,32.2,15.6
1921-08-23T00:00:00,2.8,32.2,17.8
1921-08-24T00:00:00,0.0,31.1,15.6
1921-08-25T00:00:00,0.0,30.6,15.0
1921-08-26T00:00:00,0.0,31.1,15.0
1921-08-27T00:00:00,0.0,32.2,15.6
1921-08-28T00:00:00,0.0,30.0,15.6
1921-08-29T00:00:00,0.5,31.1,15.0
1921-08-30T00:00:00,3.8,30.0,15.0
1921-08-31T00:00:00,0.0,28.3,16.1
1921-09-01T00:00:00,0.0,32.2,18.3
1921-09-02T00:00:00,0.0,32.2,16.7
1921-09-03T00:00:00,0.0,32.8,16.1
1921-09-04T00:00:00,0.0,32.2,17.8
1921-09-05T00:00:00,0.0,30.0,14.4
1921-09-06T00:00:00,0.0,32.2,13.3
1921-09-07T00:00:00,0.0,32.2,13.3
1921-09-08T00:00:00,0.0,33.3,14.4
1921-09-09T00:00:00,0.0,33.9,14.4
1921-09-10T00:00:00,0.0,32.8,17.8
1921-09-11T00:00:00,5.3,33.9,16.7
1921-09-12T00:00:00,0.0,27.8,15.6
1921-09-13T00:00:00,0.0,25.6,16.1
1921-09-14T00:00:00,0.0,25.6,15.0
1921-09-15T00:00:00,0.0,32.2,16.7
1921-09-16T00:00:00,0.0,28.3,15.6
1921-09-17T00:00:00,0.0,30.6,18.3
1921-09-18T00:00:00,0.8,29.4,16.7
1921-09-19T00:00:00,0.0,30.6,19.4
1921-09-20T00:00:00,0.0,33.3,13.3
1921-09-21T00:00:00,0.0,26.7,16.1
1921-09-22T00:00:00,0.3,29.4,15.6
1921-09-23T00:00:00,5.8,32.8,15.6
1921-09-24T00:00:00,0.0,31.7,15.0
1921-09-25T00:00:00,0.0,,
1921-09-26T00:00:00,0.0,,
1921-09-27T00:00:00,0.0,31.1,11.7
1921-09-28T00:00:00,0.0,31.7,18.3
1921-09-29T00:00:00,0.0,20.0,6.1
1921-09-30T00:00:00,0.0,26.7,10.0
1921-10-01T00:00:00,0.0,25.6,12.8
1921-10-02T00:00:00,0.0,26.7,10.0
1921-10-03T00:00:00,0.0,26.7,10.0
1921-10-04T00:00:00,0.0,26.7,11.1
1921-10-05T00:00:00,0.0,27.8,10.6
1921-10-06T00:00:00,0.0,26.7,8.9
1921-10-07T00:00:00,0.0,15.6,4.4
1921-10-08T00:00:00,0.0,21.1,5.0
1921-10-09T00:00:00,0.0,25.6,11.7
1921-10-10T00:00:00,0.0,25.6,12.8
1921-10-11T00:00:00,0.0,15.6,3.9
1921-10-12T00:00:00,0.0,15.6,5.6
1921-10-13T00:00:00,0.5,15.6,10.0
1921-10-14T00:00:00,0.0,18.9,8.9
1921-10-15T00:00:00,0.0,29.4,11.1
1921-10-16T00:00:00,0.0,26.7,11.1
1921-10-17T00:00:00,0.0,25.6,10.0
1921-10-18T00:00:00,0.0,24.4,11.7
1921-10-19T00:00:00,0.0,21.1,6.1
1921-10-20T00:00:00,0.0,24.4,10.0
1921-10-21T00:00:00,0.0,24.4,11.1
1921-10-22T00:00:00,0.0,25.6,7.2
1921-10-23T00:00:00,0.0,25.6,7.8
1921-10-24T00:00:00,0.0,22.8,3.9
1921-10-25T00:00:00,0.0,22.2,0.6
1921-10-26T00:00:00,0.0,20.0,2.2
1921-10-27T00:00:00,0.0,20.0,1.7
1921-10-28T00:00:00,0.0,19.4,2.8
1921-10-29T00:00:00,0.0,21.1,4.4
1921-10-30T00:00:00,0.0,22.2,4.4
1921-10-31T00:00:00,0.0,21.1,4.4
1921-11-01T00:00:00,0.0,21.1,5.0
1921-11-02T00:00:00,0.0,20.0,2.2
1921-11-03T00:00:00,0.0,23.9,6.1
1921-11-04T00:00:00,0.0,23.9,3.9
1921-11-05T00:00:00,0.0,22.8,7.2
1921-11-06T00:00:00,0.0,21.1,4.4
1921-11-07T00:00:00,0.0,22.8,5.6
1921-11-08T00:00:00,0.0,20.0,1.7
1921-11-09T00:00:00,0.0,14.4,-3.3
1921-11-10T00:00:00,0.0,15.6,1.1
1921-11-11T00:00:00,0.0,12.8,0.6
1921-11-12T00:00:00,0.0,22.2,5.0
1921-11-13T00:00:00,0.0,23.9,7.8
1921-11-14T00:00:00,0.0,24.4,8.9
1921-11-15T00:00:00,0.0,23.9,6.7
1921-11-16T00:00:00,0.0,21.1,5.6
1921-11-17T00:00:00,0.0,11.1,-5.0
1921-11-18T00:00:00,0.0,12.8,-2.8
1921-11-19T00:00:00,0.0,19.4,-6.1
1921-11-20T00:00:00,0.0,20.0,-5.6
1921-11-21T00:00:00,0.0,25.0,3.3
1921-11-22T00:00:00,0.0,24.4,5.6
1921-11-23T00:00:00,0.0,26.1,6.1
1921-11-24T00:00:00,0.0,16.7,1.1
1921-11-25T00:00:00,0.0,21.1,1.7
1921-11-26T00:00:00,0.0,22.2,-1.1
1921-11-27T00:00:00,0.0,16.7,-1.1
1921-11-28T00:00:00,0.0,15.6,-1.1
1921-11-29T00:00:00,2.5,19.4,5.6
1921-11-30T00:00:00,0.8,14.4,6.1
1921-12-01T00:00:00,0.0,21.1,8.9
1921-12-02T00:00:00,0.0,20.0,-1.7
1921-12-03T00:00:00,0.0,4.4,-11.1
1921-12-04T00:00:00,0.0,8.3,-6.1
1921-12-05T00:00:00,1.3,11.7,1.7
1921-12-06T00:00:00,0.0,13.3,-0.6
1921-12-07T00:00:00,0.0,8.3,-3.9
1921-12-08T00:00:00,0.0,10.0,-2.2
1921-12-09T00:00:00,0.0,8.9,-3.3
1921-12-10T00:00:00,0.0,15.6,4.4
1921-12-11T00:00:00,0.0,15.6,-1.1
1921-12-12T00:00:00,0.0,21.1,0.0
1921-12-13T00:00:00,0.0,24.4,3.3
1921-12-14T00:00:00,0.0,20.0,4.4
1921-12-15T00:00:00,0.0,21.1,5.0
1921-12-16T00:00:00,0.0,21.1,-9.4
1921-12-17T00:00:00,0.0,11.7,-1.1
1921-12-18T00:00:00,0.0,19.4,5.6
1921-12-19T00:00:00,0.0,15.6,2.2
1921-12-20T00:00:00,0.0,24.4,1.7
1921-12-21T00:00:00,0.0,15.6,4.4
1921-12-22T00:00:00,0.0,18.3,-2.2
1921-12-23T00:00:00,0.0,21.1,-5.0
1921-12-24T00:00:00,0.0,-1.1,-7.8
1921-12-25T00:00:00,0.0,15.6,-1.1
1921-12-26T00:00:00,0.0,20.0,0.6
1921-12-27T00:00:00,0.0,21.1,1.7
1921-12-28T00:00:00,0.0,21.1,-1.1
1921-12-29T00:00:00,0.0,21.1,-1.1
1921-12-30T00:00:00,0.0,24.4,-0.6
1921-12-31T00:00:00,0.0,10.0,-4.4
1922-01-01T00:00:00,0.0,7.8,1.1
1922-01-02T00:00:00,0.0,21.1,6.7
1922-01-03T00:00:00,0.0,17.2,-1.7
1922-01-04T00:00:00,0.0,16.7,-3.9
1922-01-05T00:00:00,0.0,5.6,-7.8
1922-01-06T00:00:00,0.0,8.9,-6.7
1922-01-07T00:00:00,0.0,11.1,-3.9
1922-01-08T00:00:00,0.0,8.9,-1.1
1922-01-09T00:00:00,0.0,8.9,3.3
1922-01-10T00:00:00,0.0,15.6,-3.9
1922-01-11T00:00:00,0.0,6.1,-5.6
1922-01-12T00:00:00,0.0,4.4,-7.8
1922-01-13T00:00:00,0.0,15.6,-5.6
1922-01-14T00:00:00,0.0,18.3,-5.6
1922-01-15T00:00:00,0.0,11.7,-10.6
1922-01-16T00:00:00,0.0,9.4,-5.6
1922-01-17T00:00:00,0.0,10.0,-12.8
1922-01-18T00:00:00,0.0,-1.1,-10.6
1922-01-19T00:00:00,0.0,-1.1,-11.1
1922-01-20T00:00:00,0.0,10.0,-11.1
1922-01-21T00:00:00,0.0,8.9,-11.7
1922-01-22T00:00:00,0.0,10.0,-3.9
1922-01-23T00:00:00,0.0,6.7,
1922-01-24T00:00:00,0.0,7.2,-8.3
1922-01-25T00:00:00,0.0,15.6,-5.0
1922-01-26T00:00:00,0.0,15.6,-9.4
1922-01-27T00:00:00,0.0,10.0,-5.6
1922-01-28T00:00:00,0.0,13.3,-2.8
1922-01-29T00:00:00,0.0,12.8,-5.6
1922-01-30T00:00:00,0.0,13.3,-6.7
1922-01-31T00:00:00,0.0,16.7,-3.9
1922-02-01T00:00:00,0.0,15.6,-4.4
1922-02-02T00:00:00,0.0,8.9,-8.9
1922-02-03T00:00:00,0.0,15.6,
1922-02-04T00:00:00,0.0,15.6,0.0
1922-02-05T00:00:00,0.0,14.4,-6.7
1922-02-06T00:00:00,0.0,8.3,-9.4
1922-02-07T00:00:00,0.0,,
1922-02-08T00:00:00,0.0,21.1,-1.1
1922-02-09T00:00:00,0.0,23.3,7.8
1922-02-10T00:00:00,0.0,23.9,10.0
1922-02-11T00:00:00,0.0,26.7,10.0
1922-02-12T00:00:00,0.0,21.1,-11.7
1922-02-13T00:00:00,0.0,11.1,-3.3
1922-02-14T00:00:00,0.0,7.2,-7.8
1922-02-15T00:00:00,0.0,12.8,-5.6
1922-02-16T00:00:00,0.0,20.0,2.8
1922-02-17T00:00:00,0.0,25.6,1.7
1922-02-18T00:00:00,0.0,25.6,3.9
1922-02-19T00:00:00,0.0,23.9,5.6
1922-02-20T00:00:00,0.0,26.7,3.3
1922-02-21T00:00:00,0.0,25.6,-10.0
1922-02-22T00:00:00,0.0,,
1922-02-23T00:00:00,0.0,,
1922-02-24T00:00:00,0.0,5.6,-4.4
1922-02-25T00:00:00,0.0,12.8,-4.4
1922-02-26T00:00:00,0.0,21.1,1.7
1922-02-27T00:00:00,0.0,4.4,-12.2
1922-02-28T00:00:00,1.0,-6.7,-16.7
1922-03-01T00:00:00,12.7,-1.1,-15.0
1922-03-02T00:00:00,,6.7,-11.7
1922-03-03T00:00:00,0.0,17.8,-7.2
1922-03-04T00:00:00,0.0,20.0,
1922-03-05T00:00:00,0.0,20.0,-6.1
1922-03-06T00:00:00,2.5,21.1,-2.2
1922-03-07T00:00:00,0.0,18.3,2.2
1922-03-08T00:00:00,0.0,22.8,1.1
1922-03-09T00:00:00,0.0,15.6,0.6
1922-03-10T00:00:00,1.5,22.8,1.1
1922-03-11T00:00:00,0.0,,-3.3
1922-03-12T00:00:00,2.0,22.8,1.7
1922-03-13T00:00:00,0.0,16.7,1.1
1922-03-14T00:00:00,0.0,22.8,-0.6
1922-03-15T00:00:00,0.0,20.0,-1.1
1922-03-16T00:00:00,0.0,23.9,2.2
1922-03-17T00:00:00,0.0,26.7,8.3
1922-03-18T00:00:00,0.0,,
1922-03-19T00:00:00,0.0,21.1,1.7
1922-03-20T00:00:00,0.0,22.2,2.2
1922-03-21T00:00:00,0.0,21.1,3.9
1922-03-22T00:00:00,0.0,26.7,
1922-03-23T00:00:00,0.0,27.2,10.0
1922-03-24T00:00:00,0.0,15.6,6.1
1922-03-25T00:00:00,0.0,21.1,0.6
1922-03-26T00:00:00,0.0,22.2,7.8
1922-03-27T00:00:00,0.0,23.9,1.1
1922-03-28T00:00:00,0.0,23.9,2.8
1922-03-29T00:00:00,0.0,23.3,7.2
1922-03-30T00:00:00,0.0,22.2,-1.1
1922-03-31T00:00:00,0.0,22.8,5.0
1922-04-01T00:00:00,0.0,23.9,5.6
1922-04-02T00:00:00,0.0,24.4,7.2
1922-04-03T00:00:00,0.0,22.2,4.4
1922-04-04T00:00:00,8.4,24.4,8.9
1922-04-05T00:00:00,0.0,29.4,5.6
1922-04-06T00:00:00,0.0,25.6,8.9
1922-04-07T00:00:00,0.0,20.0,6.7
1922-04-08T00:00:00,0.0,26.7,13.9
1922-04-09T00:00:00,0.0,21.1,7.2
1922-04-10T00:00:00,0.0,23.9,5.0
1922-04-11T00:00:00,0.0,26.7,15.6
1922-04-12T00:00:00,0.0,22.2,6.7
1922-04-13T00:00:00,0.0,27.2,1.7
1922-04-14T00:00:00,0.0,30.0,3.3
1922-04-15T00:00:00,0.0,26.7,3.3
1922-04-16T00:00:00,0.0,26.7,2.8
1922-04-17T00:00:00,0.0,18.3,10.0
1922-04-18T00:00:00,0.0,25.0,2.2
1922-04-19T00:00:00,0.0,15.6,0.0
1922-04-20T00:00:00,0.0,20.6,4.4
1922-04-21T00:00:00,0.0,22.8,3.3
1922-04-22T00:00:00,1.3,21.1,10.0
1922-04-23T00:00:00,0.0,28.3,12.2
1922-04-24T00:00:00,0.0,25.0,13.9
1922-04-25T00:00:00,27.9,20.6,11.1
1922-04-26T00:00:00,0.0,22.2,8.3
1922-04-27T00:00:00,0.0,24.4,7.8
1922-04-28T00:00:00,0.5,16.7,6.7
1922-04-29T00:00:00,0.5,11.1,7.2
1922-04-30T00:00:00,0.0,21.1,4.4
1922-05-01T00:00:00,1.3,24.4,7.8
1922-05-02T00:00:00,0.0,24.4,7.2
1922-05-03T00:00:00,0.0,27.8,13.3
1922-05-04T00:00:00,0.0,28.9,14.4
1922-05-05T00:00:00,0.0,32.2,15.0
1922-05-06T00:00:00,0.0,32.2,15.6
1922-05-07T00:00:00,0.0,31.1,11.1
1922-05-08T00:00:00,0.0,27.8,15.0
1922-05-09T00:00:00,0.0,26.7,14.4
1922-05-10T00:00:00,0.0,26.7,3.3
1922-05-11T00:00:00,0.0,26.7,6.1
1922-05-12T00:00:00,0.0,25.6,6.7
1922-05-13T00:00:00,0.0,26.7,10.0
1922-05-14T00:00:00,0.0,24.4,10.0
1922-05-15T00:00:00,10.2,21.1,9.4
1922-05-16T00:00:00,1.5,18.9,10.0
1922-05-17T00:00:00,7.1,23.9,7.2
1922-05-18T00:00:00,0.0,29.4,9.4
1922-05-19T00:00:00,0.0,27.8,12.8
1922-05-20T00:00:00,0.0,32.2,13.9
1922-05-21T00:00:00,0.0,31.1,13.9
1922-05-22T00:00:00,0.0,27.2,11.1
1922-05-23T00:00:00,0.0,26.7,11.1
1922-05-24T00:00:00,0.0,29.4,12.2
1922-05-25T00:00:00,0.0,32.2,15.0
1922-05-26T00:00:00,0.0,32.2,14.4
1922-05-27T00:00:00,0.0,34.4,13.9
1922-05-28T00:00:00,0.0,29.4,14.4
1922-05-29T00:00:00,0.0,27.8,12.8
1922-05-30T00:00:00,22.9,26.7,12.2
1922-05-31T00:00:00,0.0,26.7,11.1
1922-06-01T00:00:00,0.0,29.4,10.6
1922-06-02T00:00:00,0.0,25.6,10.0
1922-06-03T00:00:00,0.0,25.6,12.8
1922-06-04T00:00:00,0.0,27.8,13.3
1922-06-05T00:00:00,0.5,28.9,12.2
1922-06-06T00:00:00,2.5,28.9,13.9
1922-06-07T00:00:00,0.0,31.7,12.8
1922-06-08T00:00:00,0.0,32.2,15.6
1922-06-09T00:00:00,0.0,32.8,15.6
1922-06-10T00:00:00,0.0,35.6,12.8
1922-06-11T00:00:00,0.0,33.9,15.6
1922-06-12T00:00:00,0.0,26.7,15.6
1922-06-13T00:00:00,16.5,26.7,16.1
1922-06-14T00:00:00,0.0,32.2,16.7
1922-06-15T00:00:00,0.0,33.3,13.9
1922-06-16T00:00:00,0.0,31.7,14.4
1922-06-17T00:00:00,0.0,32.2,14.4
1922-06-18T00:00:00,0.0,27.8,13.9
1922-06-19T00:00:00,0.0,35.6,16.7
1922-06-20T00:00:00,0.0,33.9,17.2
1922-06-21T00:00:00,0.0,33.3,15.0
1922-06-22T00:00:00,0.0,32.2,14.4
1922-06-23T00:00:00,0.0,32.8,16.7
1922-06-24T00:00:00,0.0,31.1,15.6
1922-06-25T00:00:00,0.0,31.7,16.1
1922-06-26T00:00:00,0.0,35.0,20.6
1922-06-27T00:00:00,0.0,32.2,18.3
1922-06-28T00:00:00,6.9,33.9,18.9
1922-06-29T00:00:00,0.0,30.0,17.2
1922-06-30T00:00:00,0.0,35.0,18.9
1922-07-01T00:00:00,0.0,29.4,17.2
1922-07-02T00:00:00,1.0,32.2,16.7
1922-07-03T00:00:00,0.0,26.7,13.3
1922-07-04T00:00:00,0.0,27.8,13.3
1922-07-05T00:00:00,0.0,26.7,16.7
1922-07-06T00:00:00,0.0,32.2,14.4
1922-07-07T00:00:00,0.3,36.7,17.8
1922-07-08T00:00:00,0.0,33.3,21.7
1922-07-09T00:00:00,0.0,33.3,22.2
1922-07-10T00:00:00,0.0,36.7,22.2
1922-07-11T00:00:00,0.0,35.6,18.3
1922-07-12T00:00:00,0.5,34.4,15.0
1922-07-13T00:00:00,0.0,29.4,16.7
1922-07-14T00:00:00,0.0,33.3,18.3
1922-07-15T00:00:00,0.0,35.0,16.7
1922-07-16T00:00:00,0.0,35.0,15.6
1922-07-17T00:00:00,0.0,35.0,14.4
1922-07-18T00:00:00,0.0,34.4,17.8
1922-07-19T00:00:00,0.0,35.0,17.2
1922-07-20T00:00:00,0.0,28.9,16.7
1922-07-21T00:00:00,0.0,37.8,17.2
1922-07-22T00:00:00,0.0,35.0,15.6
1922-07-23T00:00:00,0.0,34.4,16.1
1922-07-24T00:00:00,0.0,35.0,16.7
1922-07-25T00:00:00,0.0,33.3,16.7
1922-07-26T00:00:00,0.0,33.3,17.8
1922-07-27T00:00:00,0.0,33.3,17.2
1922-07-28T00:00:00,0.0,33.9,15.6
1922-07-29T00:00:00,0.0,32.8,17.8
1922-07-30T00:00:00,0.0,30.0,16.7
1922-07-31T00:00:00,0.0,33.3,16.1
1922-10-01T00:00:00,0.0,,
1922-10-02T00:00:00,0.0,,
1922-10-03T00:00:00,0.0,,
1922-10-04T00:00:00,0.0,,
1922-10-05T00:00:00,0.0,,
1922-10-06T00:00:00,0.0,,
1922-10-07T00:00:00,0.0,,
1922-10-08T00:00:00,0.0,,
1922-10-09T00:00:00,0.0,,
1922-10-10T00:00:00,0.0,,
1922-10-11T00:00:00,0.0,,
1922-10-12T00:00:00,0.0,,
1922-10-13T00:00:00,0.0,,
1922-10-14T00:00:00,0.0,,
1922-10-15T00:00:00,0.0,,
1922-10-16T00:00:00,0.0,,
1922-10-17T00:00:00,0.0,,
1922-10-18T00:00:00,0.0,,
1922-10-19T00:00:00,0.0,,
1922-10-20T00:00:00,0.0,,
1922-10-21T00:00:00,0.0,,
1922-10-22T00:00:00,0.0,,
1922-10-23T00:00:00,0.0,20.0,0.0
1922-10-24T00:00:00,0.0,22.8,4.4
1922-10-25T00:00:00,0.0,27.8,-5.0
1922-10-26T00:00:00,0.0,27.8,-2.2
1922-10-27T00:00:00,0.0,29.4,-2.2
1922-10-28T00:00:00,0.0,28.3,
1922-10-29T00:00:00,4.1,20.0,-6.1
1922-10-30T00:00:00,0.0,13.3,
1922-10-31T00:00:00,0.0,16.1,0.6
1922-11-01T00:00:00,0.0,23.3,7.8
1922-11-02T00:00:00,0.0,22.2,4.4
1922-11-03T00:00:00,0.0,22.8,2.2
1922-11-04T00:00:00,0.0,17.8,5.0
1922-11-05T00:00:00,0.0,22.8,-3.3
1922-11-06T00:00:00,0.0,18.9,0.0
1922-11-07T00:00:00,0.0,21.1,0.0
1922-11-08T00:00:00,0.0,20.6,3.3
1922-11-09T00:00:00,0.0,22.2,4.4
1922-11-10T00:00:00,0.0,24.4,6.7
1922-11-11T00:00:00,0.0,22.8,7.8
1922-11-12T00:00:00,0.0,16.1,1.7
1922-11-13T00:00:00,0.0,6.1,-9.4
1922-11-14T00:00:00,0.0,7.8,-7.2
1922-11-15T00:00:00,0.0,10.0,0.0
1922-11-16T00:00:00,0.0,8.3,1.7
1922-11-17T00:00:00,0.0,17.8,-4.4
1922-11-18T00:00:00,0.0,24.4,3.9
1922-11-19T00:00:00,0.0,15.6,1.1
1922-11-20T00:00:00,0.0,13.3,-5.6
1922-11-21T00:00:00,3.0,8.9,-1.1
1922-11-22T00:00:00,5.6,5.6,1.1
1922-11-23T00:00:00,8.9,7.8,1.1
1922-11-24T00:00:00,2.5,5.6,3.3
1922-11-25T00:00:00,1.3,13.3,0.6
1922-11-26T00:00:00,0.0,20.0,1.1
1922-11-27T00:00:00,0.0,18.9,2.2
1922-11-28T00:00:00,0.0,20.0,5.6
1922-11-29T00:00:00,0.0,16.7,5.0
1922-11-30T00:00:00,0.0,15.6,2.8
1922-12-01T00:00:00,0.0,14.4,-0.6
1922-12-02T00:00:00,0.0,16.7,2.2
1922-12-03T00:00:00,0.0,19.4,8.9
1922-12-04T00:00:00,0.0,22.8,9.4
1922-12-05T00:00:00,0.0,24.4,1.1
1922-12-06T00:00:00,0.0,23.3,0.6
1922-12-07T00:00:00,0.0,20.0,5.6
1922-12-08T00:00:00,0.0,18.9,7.2
1922-12-09T00:00:00,0.0,15.6,1.1
1922-12-10T00:00:00,0.0,16.7,-2.8
1922-12-11T00:00:00,0.0,16.7,5.0
1922-12-12T00:00:00,0.0,11.1,-3.9
1922-12-13T00:00:00,0.0,16.1,-0.6
1922-12-14T00:00:00,0.0,14.4,-1.7
1922-12-15T00:00:00,0.0,17.2,3.9
1922-12-16T00:00:00,0.0,12.8,-1.7
1922-12-17T00:00:00,0.0,7.8,-7.8
1922-12-18T00:00:00,0.0,17.2,-5.0
1922-12-19T00:00:00,0.0,13.3,3.3
1922-12-20T00:00:00,0.0,17.8,-3.3
1922-12-21T00:00:00,0.0,18.9,-0.6
1922-12-22T00:00:00,0.0,20.0,0.6
1922-12-23T00:00:00,0.0,18.9,0.6
1922-12-24T00:00:00,0.0,21.7,1.7
1922-12-25T00:00:00,0.0,18.9,0.6
1922-12-26T00:00:00,0.0,19.4,4.4
1922-12-27T00:00:00,0.0,14.4,-5.6
1922-12-28T00:00:00,0.0,21.7,0.6
1922-12-29T00:00:00,0.0,17.8,6.1
1922-12-30T00:00:00,0.0,12.8,0.0
1922-12-31T00:00:00,0.0,7.8,-5.0
1923-01-01T00:00:00,0.0,15.6,2.2
1923-01-02T00:00:00,0.0,11.1,-3.9
1923-01-03T00:00:00,0.0,18.9,-3.3
1923-01-04T00:00:00,0.0,15.0,-4.4
1923-01-05T00:00:00,0.0,17.2,0.0
1923-01-06T00:00:00,0.0,22.2,1.7
1923-01-07T00:00:00,0.0,25.0,2.8
1923-01-08T00:00:00,0.0,24.4,4.4
1923-01-09T00:00:00,0.0,17.2,0.6
1923-01-10T00:00:00,0.0,24.4,2.8
1923-01-11T00:00:00,0.0,26.1,7.2
1923-01-12T00:00:00,0.0,18.9,0.0
1923-01-13T00:00:00,0.0,21.1,4.4
1923-01-14T00:00:00,0.0,17.2,2.2
1923-01-15T00:00:00,0.0,12.8,2.2
1923-01-16T00:00:00,0.0,14.4,-1.1
1923-01-17T00:00:00,0.0,21.7,2.2
1923-01-18T00:00:00,0.0,25.0,7.8
1923-01-19T00:00:00,0.0,19.4,0.6
1923-01-20T00:00:00,0.0,16.7,11.1
1923-01-21T00:00:00,9.7,13.3,1.1
1923-01-22T00:00:00,0.3,13.3,-2.2
1923-01-23T00:00:00,0.0,13.9,2.2
1923-01-24T00:00:00,0.0,16.1,3.9
1923-01-25T00:00:00,0.0,16.7,3.9
1923-01-26T00:00:00,0.0,16.1,6.7
1923-01-27T00:00:00,0.0,13.3,3.9
1923-01-28T00:00:00,0.0,12.8,3.3
1923-01-29T00:00:00,0.0,16.1,2.2
1923-01-30T00:00:00,0.0,18.3,1.7
1923-01-31T00:00:00,0.3,17.8,5.6
1923-02-01T00:00:00,0.0,17.2,2.8
1923-02-02T00:00:00,0.0,14.4,3.3
1923-02-03T00:00:00,,11.1,-6.7
1923-02-04T00:00:00,,-5.0,-11.7
1923-02-05T00:00:00,24.1,0.6,-11.7
1923-02-06T00:00:00,0.0,8.9,-7.2
1923-02-07T00:00:00,0.0,12.8,-6.1
1923-02-08T00:00:00,0.0,16.1,1.1
1923-02-09T00:00:00,0.0,14.4,-5.6
1923-02-10T00:00:00,0.0,13.3,1.1
1923-02-11T00:00:00,0.0,17.8,0.6
1923-02-12T00:00:00,0.0,17.8,6.7
1923-02-13T00:00:00,0.0,18.3,1.1
1923-02-14T00:00:00,0.0,13.3,0.6
1923-02-15T00:00:00,7.9,11.7,-1.7
1923-02-16T00:00:00,0.0,10.6,0.0
1923-02-17T00:00:00,0.0,11.1,2.8
1923-02-18T00:00:00,1.5,11.7,2.8
1923-02-19T00:00:00,0.0,18.3,1.7
1923-02-20T00:00:00,0.0,17.8,2.2
1923-02-21T00:00:00,0.0,15.6,3.9
1923-02-22T00:00:00,31.8,4.4,0.0
1923-02-23T00:00:00,1.0,8.9,0.6
1923-02-24T00:00:00,0.0,11.7,3.3
1923-02-25T00:00:00,7.1,15.6,5.6
1923-02-26T00:00:00,0.0,13.3,3.9
1923-02-27T00:00:00,1.3,13.3,-1.7
1923-02-28T00:00:00,0.0,10.6,-1.7
1923-03-01T00:00:00,0.0,17.2,0.6
1923-03-02T00:00:00,0.0,17.8,4.4
1923-03-03T00:00:00,0.0,14.4,6.7
1923-03-04T00:00:00,0.0,13.3,0.6
1923-03-05T00:00:00,0.0,16.1,-1.1
1923-03-06T00:00:00,0.0,13.9,-2.2
1923-03-07T00:00:00,0.0,23.9,2.8
1923-03-08T00:00:00,0.0,20.0,3.3
1923-03-09T00:00:00,0.0,22.2,10.6
1923-03-10T00:00:00,0.0,23.3,7.2
1923-03-11T00:00:00,0.0,21.1,1.7
1923-03-12T00:00:00,0.0,16.7,5.6
1923-03-13T00:00:00,0.0,18.3,1.7
1923-03-14T00:00:00,0.0,22.2,-1.1
1923-03-15T00:00:00,0.0,18.9,-4.4
1923-03-16T00:00:00,0.0,13.9,-7.2
1923-03-17T00:00:00,0.0,20.6,3.9
1923-03-18T00:00:00,0.0,15.6,-8.3
1923-03-19T00:00:00,0.0,15.6,-10.0
1923-03-20T00:00:00,0.0,22.2,6.1
1923-03-21T00:00:00,0.0,18.9,7.2
1923-03-22T00:00:00,0.0,17.8,-3.3
1923-03-23T00:00:00,0.0,17.8,-1.7
1923-03-24T00:00:00,0.0,20.6,-3.3
1923-03-25T00:00:00,0.0,24.4,2.2
1923-03-26T00:00:00,0.0,18.3,1.7
1923-03-27T00:00:00,1.3,7.8,2.2
1923-03-28T00:00:00,1.3,6.7,2.8
1923-03-29T00:00:00,7.1,8.9,4.4
1923-03-30T00:00:00,0.0,13.3,2.2
1923-03-31T00:00:00,5.1,14.4,3.9
1923-04-01T00:00:00,0.0,20.6,1.7
1923-04-02T00:00:00,0.0,20.6,3.9
1923-04-03T00:00:00,0.0,20.6,6.1
1923-04-04T00:00:00,0.0,21.1,5.6
1923-04-05T00:00:00,0.0,23.9,3.3
1923-04-06T00:00:00,0.0,27.8,8.9
1923-04-07T00:00:00,0.0,27.8,13.3
1923-04-08T00:00:00,0.0,26.1,6.1
1923-04-09T00:00:00,0.0,26.1,5.6
1923-04-10T00:00:00,0.0,23.3,10.6
1923-04-11T00:00:00,0.0,24.4,12.8
1923-04-12T00:00:00,5.6,19.4,7.2
1923-04-13T00:00:00,0.0,26.1,6.1
1923-04-14T00:00:00,0.0,21.1,11.7
1923-04-15T00:00:00,0.0,15.0,5.0
1923-04-16T00:00:00,0.0,15.6,5.0
1923-04-17T00:00:00,0.0,20.6,4.4
1923-04-18T00:00:00,5.1,22.2,5.6
1923-04-19T00:00:00,0.0,23.9,10.6
1923-04-20T00:00:00,0.0,22.2,5.6
1923-04-21T00:00:00,0.0,25.0,9.4
1923-04-22T00:00:00,0.0,25.6,12.2
1923-04-23T00:00:00,0.0,25.0,7.8
1923-04-24T00:00:00,0.0,23.9,10.0
1923-04-25T00:00:00,0.0,20.6,15.6
1923-04-26T00:00:00,0.0,23.9,13.9
1923-04-27T00:00:00,0.0,25.6,16.7
1923-04-28T00:00:00,0.0,26.1,6.7
1923-04-29T00:00:00,0.0,28.3,11.1
1923-04-30T00:00:00,0.0,27.8,8.3
1923-05-01T00:00:00,0.0,32.2,9.4
1923-05-02T00:00:00,0.0,26.1,11.1
1923-05-03T00:00:00,0.0,29.4,7.8
1923-05-04T00:00:00,0.0,32.2,8.9
1923-05-05T00:00:00,0.0,28.9,6.1
1923-05-06T00:00:00,0.0,28.3,7.2
1923-05-07T00:00:00,0.0,25.0,11.1
1923-05-08T00:00:00,0.0,29.4,8.9
1923-05-09T00:00:00,0.0,28.3,10.6
1923-05-10T00:00:00,0.0,32.8,13.9
1923-05-11T00:00:00,0.0,31.7,17.8
1923-05-12T00:00:00,0.0,28.9,10.0
1923-05-13T00:00:00,0.0,25.0,11.1
1923-05-14T00:00:00,0.0,24.4,13.3
1923-05-15T00:00:00,0.0,29.4,6.1
1923-05-16T00:00:00,0.0,27.8,5.6
1923-05-17T00:00:00,5.8,26.7,8.3
1923-05-18T00:00:00,0.0,32.2,8.3
1923-05-19T00:00:00,0.0,32.8,12.8
1923-05-20T00:00:00,0.0,32.2,15.0
1923-05-21T00:00:00,0.0,31.1,13.3
1923-05-22T00:00:00,0.0,30.0,7.2
1923-05-23T00:00:00,0.0,30.0,12.2
1923-05-24T00:00:00,0.0,28.9,12.2
1923-05-25T00:00:00,0.0,30.6,15.6
1923-05-26T00:00:00,5.1,33.9,13.9
1923-05-27T00:00:00,0.0,33.9,14.4
1923-05-28T00:00:00,0.0,32.8,13.9
1923-05-29T00:00:00,0.0,32.8,13.3
1923-05-30T00:00:00,0.0,32.2,20.0
1923-05-31T00:00:00,0.0,31.7,13.3
1923-06-01T00:00:00,0.0,33.9,13.9
1923-06-02T00:00:00,0.0,31.7,12.2
1923-06-03T00:00:00,0.0,32.8,10.0
1923-06-04T00:00:00,0.0,33.3,13.9
1923-06-05T00:00:00,0.0,32.8,12.2
1923-06-06T00:00:00,0.0,32.8,15.0
1923-06-07T00:00:00,6.4,30.0,16.1
1923-06-08T00:00:00,22.9,26.7,11.1
1923-06-09T00:00:00,0.0,28.3,12.8
1923-06-10T00:00:00,0.0,30.0,16.1
1923-06-11T00:00:00,0.0,28.9,16.7
1923-06-12T00:00:00,0.0,27.8,16.1
1923-06-13T00:00:00,0.0,35.6,14.4
1923-06-14T00:00:00,0.0,35.6,17.2
1923-06-15T00:00:00,0.0,34.4,16.1
1923-06-16T00:00:00,0.0,33.9,16.7
1923-06-17T00:00:00,0.0,35.0,17.2
1923-06-18T00:00:00,0.0,31.7,18.3
1923-06-19T00:00:00,0.0,33.9,15.0
1923-06-20T00:00:00,5.6,30.6,17.2
1923-06-21T00:00:00,0.0,31.1,15.6
1923-06-22T00:00:00,0.0,32.8,17.8
1923-06-23T00:00:00,0.0,35.0,15.6
1923-06-24T00:00:00,0.0,32.8,15.6
1923-06-25T00:00:00,0.0,36.1,17.8
1923-06-26T00:00:00,0.0,33.9,16.7
1923-06-27T00:00:00,0.0,38.3,18.3
1923-06-28T00:00:00,0.0,36.7,15.6
1923-06-29T00:00:00,0.0,31.7,15.6
1923-06-30T00:00:00,0.0,38.9,16.1
1923-07-01T00:00:00,0.0,33.3,16.7
1923-07-02T00:00:00,0.0,31.1,16.1
1923-07-03T00:00:00,0.0,32.8,16.1
1923-07-04T00:00:00,0.0,33.3,16.7
1923-07-05T00:00:00,0.0,33.3,13.9
1923-07-06T00:00:00,0.0,32.8,15.6
1923-07-07T00:00:00,0.0,31.7,16.7
1923-07-08T00:00:00,0.0,32.8,16.1
1923-07-09T00:00:00,0.0,31.7,15.6
1923-07-10T00:00:00,0.0,33.3,16.7
1923-07-11T00:00:00,0.0,33.9,16.1
1923-07-12T00:00:00,0.0,30.6,16.1
1923-07-13T00:00:00,0.0,32.8,16.1
1923-07-14T00:00:00,0.0,33.3,15.6
1923-07-15T00:00:00,0.0,35.0,19.4
1923-07-16T00:00:00,0.0,36.7,16.1
1923-07-17T00:00:00,0.0,34.4,17.2
1923-07-18T00:00:00,0.0,33.3,16.7
1923-07-19T00:00:00,0.0,33.9,19.4
1923-07-20T00:00:00,3.0,31.7,17.8
1923-07-21T00:00:00,0.0,28.9,16.7
1923-07-22T00:00:00,0.0,27.8,15.6
1923-07-23T00:00:00,0.0,30.0,16.7
1923-07-24T00:00:00,0.0,33.3,16.1
1923-07-25T00:00:00,0.0,35.6,16.7
1923-07-26T00:00:00,0.0,33.9,16.1
1923-07-27T00:00:00,6.1,33.9,17.2
1923-07-28T00:00:00,6.1,30.6,17.8
1923-07-29T00:00:00,0.0,35.6,17.2
1923-07-30T00:00:00,0.0,37.2,18.3
1923-07-31T00:00:00,0.0,37.2,17.8
1923-08-01T00:00:00,0.0,37.8,18.9
1923-08-02T00:00:00,0.0,35.0,16.1
1923-08-03T00:00:00,0.0,36.7,16.1
1923-08-04T00:00:00,5.1,35.6,18.9
1923-08-05T00:00:00,2.5,35.0,17.8
1923-08-06T00:00:00,0.0,35.0,17.8
1923-08-07T00:00:00,0.0,30.6,16.7
1923-08-08T00:00:00,0.0,32.2,18.3
1923-08-09T00:00:00,0.0,31.7,15.0
1923-08-10T00:00:00,0.0,31.7,18.3
1923-08-11T00:00:00,0.0,36.7,17.8
1923-08-12T00:00:00,0.0,32.2,15.6
1923-08-13T00:00:00,0.0,33.3,17.2
1923-08-14T00:00:00,0.0,32.2,16.1
1923-08-15T00:00:00,0.0,37.2,16.7
1923-08-16T00:00:00,5.1,33.9,16.7
1923-08-17T00:00:00,0.0,31.1,16.7
1923-08-18T00:00:00,0.0,29.4,16.1
1923-08-19T00:00:00,17.8,26.7,15.6
1923-08-20T00:00:00,0.0,30.0,16.7
1923-08-21T00:00:00,0.0,28.9,19.4
1923-08-22T00:00:00,0.0,28.9,15.6
1923-08-23T00:00:00,0.0,26.7,13.3
1923-08-24T00:00:00,0.0,29.4,13.9
1923-08-25T00:00:00,0.0,30.6,15.6
1923-08-26T00:00:00,0.0,31.1,16.1
1923-08-27T00:00:00,0.0,30.6,15.6
1923-08-28T00:00:00,0.0,28.9,17.2
1923-08-29T00:00:00,0.0,30.6,13.3
1923-08-30T00:00:00,0.0,31.1,15.6
1923-08-31T00:00:00,0.0,33.3,16.7
1923-09-01T00:00:00,6.4,31.7,15.6
1923-09-02T00:00:00,0.0,28.9,16.7
1923-09-03T00:00:00,5.8,29.4,16.7
1923-09-04T00:00:00,0.8,29.4,14.4
1923-09-05T00:00:00,0.0,27.8,13.3
1923-09-06T00:00:00,3.8,31.1,16.1
1923-09-07T00:00:00,0.0,25.0,13.3
1923-09-08T00:00:00,0.0,26.7,11.7
1923-09-09T00:00:00,0.0,28.9,13.3
1923-09-10T00:00:00,0.0,28.9,12.8
1923-09-11T00:00:00,0.0,29.4,12.8
1923-09-12T00:00:00,0.0,27.8,13.3
1923-09-13T00:00:00,0.0,28.9,13.3
1923-09-14T00:00:00,5.6,28.3,13.3
1923-09-15T00:00:00,20.8,26.1,13.3
1923-09-16T00:00:00,0.0,25.6,13.9
1923-09-17T00:00:00,0.0,28.9,12.2
1923-09-18T00:00:00,0.0,26.7,13.9
1923-09-19T00:00:00,0.0,30.0,12.2
1923-09-20T00:00:00,0.0,27.8,7.2
1923-09-21T00:00:00,0.0,28.3,13.9
1923-09-22T00:00:00,0.0,27.2,7.8
1923-09-23T00:00:00,0.5,27.2,13.9
1923-09-24T00:00:00,0.0,25.0,15.6
1923-09-25T00:00:00,0.0,30.0,12.2
1923-09-26T00:00:00,0.0,30.0,13.9
1923-09-27T00:00:00,0.0,28.3,13.9
1923-09-28T00:00:00,0.0,27.8,10.0
1923-09-29T00:00:00,0.0,28.3,10.6
1923-09-30T00:00:00,17.8,29.4,11.1
1923-10-01T00:00:00,0.0,22.2,11.1
1923-10-02T00:00:00,0.0,23.3,12.2
1923-10-03T00:00:00,0.0,22.8,11.7
1923-10-04T00:00:00,3.8,20.0,12.2
1923-10-05T00:00:00,1.3,17.8,12.2
1923-10-06T00:00:00,5.1,23.3,11.1
1923-10-07T00:00:00,0.0,27.2,11.1
1923-10-08T00:00:00,3.0,27.8,14.4
1923-10-09T00:00:00,3.6,21.1,12.2
1923-10-10T00:00:00,5.6,20.0,12.8
1923-10-11T00:00:00,0.0,20.6,9.4
1923-10-12T00:00:00,14.0,25.0,8.3
1923-10-13T00:00:00,7.6,12.2,2.2
1923-10-14T00:00:00,1.3,8.9,2.2
1923-10-15T00:00:00,0.0,13.3,0.0
1923-10-16T00:00:00,0.0,15.6,5.0
1923-10-17T00:00:00,0.0,18.3,3.9
1923-10-18T00:00:00,0.0,18.3,5.6
1923-10-19T00:00:00,0.0,16.7,2.8
1923-10-20T00:00:00,0.0,16.7,5.6
1923-10-21T00:00:00,0.0,15.0,0.0
1923-10-22T00:00:00,0.0,17.8,1.1
1923-10-23T00:00:00,1.3,22.2,3.9
1923-10-24T00:00:00,0.0,22.2,-1.1
1923-10-25T00:00:00,0.0,16.7,4.4
1923-10-26T00:00:00,0.0,16.7,2.8
1923-10-27T00:00:00,0.0,12.2,5.6
1923-10-28T00:00:00,0.0,14.4,5.0
1923-10-29T00:00:00,0.0,15.6,6.1
1923-10-30T00:00:00,3.0,15.6,1.1
1923-10-31T00:00:00,0.0,13.3,1.1
1923-11-01T00:00:00,2.5,7.8,1.1
1923-11-02T00:00:00,2.5,8.9,2.2
1923-11-03T00:00:00,0.0,8.9,-1.1
1923-11-04T00:00:00,0.0,12.8,1.1
1923-11-05T00:00:00,0.0,8.9,0.0
1923-11-06T00:00:00,0.0,13.9,-1.7
1923-11-07T00:00:00,0.0,11.1,1.7
1923-11-08T00:00:00,0.8,15.0,3.9
1923-11-09T00:00:00,0.0,12.8,1.1
1923-11-10T00:00:00,0.0,20.0,6.7
1923-11-11T00:00:00,0.0,20.6,8.9
1923-11-12T00:00:00,0.0,17.8,4.4
1923-11-13T00:00:00,0.0,12.8,6.1
1923-11-14T00:00:00,0.0,15.6,3.3
1923-11-15T00:00:00,0.0,17.8,2.2
1923-11-16T00:00:00,0.0,17.2,2.2
1923-11-17T00:00:00,0.0,14.4,1.7
1923-11-18T00:00:00,0.0,18.9,2.2
1923-11-19T00:00:00,0.0,17.8,1.1
1923-11-20T00:00:00,0.0,19.4,3.3
1923-11-21T00:00:00,0.0,19.4,5.6
1923-11-22T00:00:00,0.0,15.6,3.9
1923-11-23T00:00:00,0.0,16.1,3.9
1923-11-24T00:00:00,0.0,18.9,-1.1
1923-11-25T00:00:00,0.0,24.4,10.0
1923-11-26T00:00:00,0.0,20.0,-1.1
1923-11-27T00:00:00,7.1,12.8,-0.6
1923-11-28T00:00:00,25.4,7.8,-5.0
1923-11-29T00:00:00,0.0,16.7,-6.1
1923-11-30T00:00:00,0.0,16.7,2.8
1923-12-01T00:00:00,0.0,16.7,-1.1
1923-12-02T00:00:00,5.1,10.6,-0.6
1923-12-03T00:00:00,3.0,16.1,0.0
1923-12-04T00:00:00,0.0,10.0,0.0
1923-12-05T00:00:00,0.0,10.6,-1.7
1923-12-06T00:00:00,0.0,11.1,0.0
1923-12-07T00:00:00,0.0,16.1,0.6
1923-12-08T00:00:00,0.0,17.8,7.8
1923-12-09T00:00:00,0.0,15.6,1.1
1923-12-10T00:00:00,38.1,3.3,-5.6
1923-12-11T00:00:00,22.9,-2.2,-6.7
1923-12-12T00:00:00,0.0,2.2,-13.3
1923-12-13T00:00:00,0.0,3.3,-13.3
1923-12-14T00:00:00,0.0,1.1,-18.3
1923-12-15T00:00:00,0.0,2.2,-9.4
1923-12-16T00:00:00,0.0,1.7,-3.9
1923-12-17T00:00:00,0.0,1.1,-8.3
1923-12-18T00:00:00,0.0,6.7,-5.0
1923-12-19T00:00:00,0.0,8.9,-2.2
1923-12-20T00:00:00,0.0,10.0,1.1
1923-12-21T00:00:00,2.5,3.3,-0.6
1923-12-22T00:00:00,0.0,2.8,-2.2
1923-12-23T00:00:00,0.0,2.2,-5.0
1923-12-24T00:00:00,0.0,5.0,-5.0
1923-12-25T00:00:00,0.0,8.9,-3.3
1923-12-26T00:00:00,0.0,15.0,4.4
1923-12-27T00:00:00,0.0,19.4,13.9
1923-12-28T00:00:00,0.0,18.3,4.4
1923-12-29T00:00:00,0.0,18.3,4.4
1923-12-30T00:00:00,0.0,14.4,2.2
1923-12-31T00:00:00,0.0,6.1,-5.6
1924-01-01T00:00:00,0.0,1.1,-12.2
1924-01-02T00:00:00,0.0,7.8,-6.1
1924-01-03T00:00:00,0.0,8.3,-6.1
1924-01-04T00:00:00,0.0,6.7,-4.4
1924-01-05T00:00:00,0.0,2.8,-10.0
1924-01-06T00:00:00,0.0,10.0,-9.4
1924-01-07T00:00:00,0.0,13.3,-5.0
1924-01-08T00:00:00,0.0,12.8,-3.3
1924-01-09T00:00:00,0.0,10.6,0.6
1924-01-10T00:00:00,0.0,13.3,-4.4
1924-01-11T00:00:00,0.0,15.6,-1.7
1924-01-12T00:00:00,0.0,8.9,-3.9
1924-01-13T00:00:00,0.0,7.2,-10.0
1924-01-14T00:00:00,0.0,10.0,-6.7
1924-01-15T00:00:00,0.0,12.8,-4.4
1924-01-16T00:00:00,0.0,13.3,-6.1
1924-01-17T00:00:00,0.0,10.6,-5.6
1924-01-18T00:00:00,0.0,16.7,-1.1
1924-01-19T00:00:00,0.0,15.6,0.0
1924-01-20T00:00:00,0.0,3.3,-11.7
1924-01-21T00:00:00,0.0,7.2,-12.2
1924-01-22T00:00:00,0.0,13.9,-7.8
1924-01-23T00:00:00,0.0,18.9,0.6
1924-01-24T00:00:00,0.0,15.6,1.1
1924-01-25T00:00:00,0.0,22.2,-4.4
1924-01-26T00:00:00,0.0,12.8,-4.4
1924-01-27T00:00:00,0.0,18.3,-3.3
1924-01-28T00:00:00,0.0,19.4,1.7
1924-01-29T00:00:00,0.0,17.8,-0.6
1924-01-30T00:00:00,0.0,20.6,0.0
1924-01-31T00:00:00,0.0,21.1,-1.1
1924-02-01T00:00:00,0.0,20.0,1.1
1924-02-02T00:00:00,0.0,25.0,2.2
1924-02-03T00:00:00,0.0,15.6,4.4
1924-02-04T00:00:00,0.0,10.0,-4.4
1924-02-05T00:00:00,0.0,12.2,-8.3
1924-02-06T00:00:00,0.0,18.9,2.2
1924-02-07T00:00:00,0.0,20.0,-2.2
1924-02-08T00:00:00,0.0,17.8,0.0
1924-02-09T00:00:00,0.0,18.3,-0.6
1924-02-10T00:00:00,0.0,12.2,1.7
1924-02-11T00:00:00,0.0,10.6,-2.2
1924-02-12T00:00:00,0.0,19.4,-2.8
1924-02-13T00:00:00,0.0,21.1,1.7
1924-02-14T00:00:00,0.0,22.8,2.2
1924-02-15T00:00:00,0.0,20.0,3.3
1924-02-16T00:00:00,0.0,19.4,-2.8
1924-02-17T00:00:00,0.0,9.4,3.3
1924-02-18T00:00:00,0.0,16.7,-2.2
1924-02-19T00:00:00,0.0,17.8,0.6
1924-02-20T00:00:00,0.0,16.7,-2.2
1924-02-21T00:00:00,0.0,4.4,-4.4
1924-02-22T00:00:00,0.0,18.3,-4.4
1924-02-23T00:00:00,0.0,12.8,-2.2
1924-02-24T00:00:00,7.6,6.7,-4.4
1924-02-25T00:00:00,4.3,6.1,-3.9
1924-02-26T00:00:00,0.0,10.6,-5.6
1924-02-27T00:00:00,1.3,6.1,-2.8
1924-02-28T00:00:00,0.0,10.6,-2.8
1924-02-29T00:00:00,0.0,17.8,-3.3
1924-03-01T00:00:00,0.0,18.9,-3.9
1924-03-02T00:00:00,0.0,22.8,-2.2
1924-03-03T00:00:00,0.0,18.3,6.1
1924-03-04T00:00:00,0.0,17.8,-0.6
1924-03-05T00:00:00,0.0,15.6,0.6
1924-03-06T00:00:00,0.0,18.9,-1.7
1924-03-07T00:00:00,0.0,18.9,2.2
1924-03-08T00:00:00,0.0,12.8,-1.1
1924-03-09T00:00:00,0.0,10.0,-9.4
1924-03-10T00:00:00,0.0,15.0,-6.7
1924-03-11T00:00:00,0.0,13.3,-5.6
1924-03-12T00:00:00,1.3,7.8,0.0
1924-03-13T00:00:00,0.0,10.0,-1.1
1924-03-14T00:00:00,0.0,17.2,-3.9
1924-03-15T00:00:00,0.0,18.9,2.2
1924-03-16T00:00:00,0.0,17.8,1.1
1924-03-17T00:00:00,0.0,17.2,-3.3
1924-03-18T00:00:00,0.0,12.2,-2.2
1924-03-19T00:00:00,5.1,14.4,-3.3
1924-03-20T00:00:00,0.0,15.6,0.0
1924-03-21T00:00:00,0.0,18.9,-0.6
1924-03-22T00:00:00,0.0,12.8,-0.6
1924-03-23T00:00:00,0.0,17.8,-3.3
1924-03-24T00:00:00,0.0,23.9,1.7
1924-03-25T00:00:00,0.0,20.0,4.4
1924-03-26T00:00:00,0.0,25.0,10.0
1924-03-27T00:00:00,0.0,26.1,5.6
1924-03-28T00:00:00,0.0,18.9,6.7
1924-03-29T00:00:00,0.0,17.2,2.2
1924-03-30T00:00:00,0.0,21.1,1.7
1924-03-31T00:00:00,0.0,13.3,-5.0
1924-04-01T00:00:00,0.0,17.2,-3.9
1924-04-02T00:00:00,0.0,20.6,-3.3
1924-04-03T00:00:00,0.0,23.3,3.9
1924-04-04T00:00:00,0.0,21.1,4.4
1924-04-05T00:00:00,0.0,20.0,8.9
1924-04-06T00:00:00,0.0,24.4,7.2
1924-04-07T00:00:00,0.0,31.7,7.2
1924-04-08T00:00:00,0.0,25.0,9.4
1924-04-09T00:00:00,0.0,17.8,6.1
1924-04-10T00:00:00,0.0,18.9,-1.1
1924-04-11T00:00:00,0.0,24.4,6.1
1924-04-12T00:00:00,1.3,21.7,6.1
1924-04-13T00:00:00,0.0,26.7,6.1
1924-04-14T00:00:00,0.0,24.4,4.4
1924-04-15T00:00:00,0.0,27.8,8.9
1924-04-16T00:00:00,0.0,17.8,2.2
1924-04-17T00:00:00,0.0,19.4,-1.7
1924-04-18T00:00:00,0.0,21.7,1.1
1924-04-19T00:00:00,0.0,27.2,6.1
1924-04-20T00:00:00,0.0,28.3,1.1
1924-04-21T00:00:00,0.0,28.9,10.0
1924-04-22T00:00:00,0.0,28.9,8.9
1924-04-23T00:00:00,0.0,27.8,9.4
1924-04-24T00:00:00,3.0,29.4,10.6
1924-04-25T00:00:00,0.0,24.4,2.8
1924-04-26T00:00:00,1.3,16.1,1.7
1924-04-27T00:00:00,0.0,21.1,2.2
1924-04-28T00:00:00,0.0,23.3,1.7
1924-04-29T00:00:00,0.0,28.9,10.0
1924-04-30T00:00:00,0.0,22.2,6.7
1924-05-01T00:00:00,0.0,18.9,6.7
1924-05-02T00:00:00,0.0,22.2,5.0
1924-05-03T00:00:00,0.0,25.6,4.4
1924-05-04T00:00:00,0.0,28.9,6.7
1924-05-05T00:00:00,1.5,26.7,12.8
1924-05-06T00:00:00,0.0,24.4,11.7
1924-05-07T00:00:00,0.0,22.2,6.1
1924-05-08T00:00:00,0.0,21.1,3.9
1924-05-09T00:00:00,0.0,21.7,7.8
1924-05-10T00:00:00,0.0,23.3,6.7
1924-05-11T00:00:00,0.0,26.1,8.3
1924-05-12T00:00:00,0.0,27.8,8.3
1924-05-13T00:00:00,0.0,28.9,10.0
1924-05-14T00:00:00,0.0,26.7,8.9
1924-05-15T00:00:00,2.5,18.9,7.8
1924-05-16T00:00:00,0.0,27.8,12.2
1924-05-17T00:00:00,0.0,33.3,5.6
1924-05-18T00:00:00,0.0,28.3,13.3
1924-05-19T00:00:00,0.0,32.2,11.1
1924-05-20T00:00:00,0.0,29.4,15.0
1924-05-21T00:00:00,0.0,32.2,17.2
1924-05-22T00:00:00,0.0,32.8,15.6
1924-05-23T00:00:00,0.0,33.9,11.7
1924-05-24T00:00:00,0.0,31.7,8.9
1924-05-25T00:00:00,0.0,28.9,10.6
1924-05-26T00:00:00,0.0,31.7,12.8
1924-05-27T00:00:00,0.0,30.0,13.9
1924-05-28T00:00:00,0.0,28.9,9.4
1924-05-29T00:00:00,0.0,23.9,11.1
1924-05-30T00:00:00,1.8,21.1,11.7
1924-05-31T00:00:00,1.3,25.6,11.7
1924-06-01T00:00:00,0.0,27.8,12.2
1924-06-02T00:00:00,0.0,25.6,13.9
1924-06-03T00:00:00,0.0,32.2,12.8
1924-06-04T00:00:00,0.0,35.0,13.9
1924-06-05T00:00:00,0.0,36.1,20.0
1924-06-06T00:00:00,0.0,36.7,13.3
1924-06-07T00:00:00,0.0,36.1,15.0
1924-06-08T00:00:00,0.0,33.3,13.9
1924-06-09T00:00:00,0.0,34.4,16.7
1924-06-10T00:00:00,0.0,37.8,17.8
1924-06-11T00:00:00,0.0,37.2,16.1
1924-06-12T00:00:00,0.0,39.4,13.9
1924-06-13T00:00:00,0.0,37.2,14.4
1924-06-14T00:00:00,0.0,38.3,16.7
1924-06-15T00:00:00,0.0,40.6,15.0
1924-06-16T00:00:00,0.0,39.4,18.9
1924-06-17T00:00:00,0.0,41.1,20.6
1924-06-18T00:00:00,0.0,39.4,17.8
1924-06-19T00:00:00,0.0,38.9,16.1
1924-06-20T00:00:00,0.0,35.6,12.8
1924-06-21T00:00:00,0.0,32.2,16.7
1924-06-22T00:00:00,0.0,35.0,15.0
1924-06-23T00:00:00,0.0,37.2,18.3
1924-06-24T00:00:00,0.0,37.2,15.0
1924-06-25T00:00:00,0.0,37.2,16.1
1924-06-26T00:00:00,0.0,38.3,16.1
1924-06-27T00:00:00,0.0,38.9,15.6
1924-06-28T00:00:00,0.0,38.3,15.0
1924-06-29T00:00:00,0.0,35.0,16.7
1924-06-30T00:00:00,0.0,29.4,15.0
1924-07-01T00:00:00,0.0,27.8,15.6
1924-07-02T00:00:00,0.0,31.7,15.6
1924-07-03T00:00:00,0.0,31.7,19.4
1924-07-04T00:00:00,0.0,31.1,12.8
1924-07-05T00:00:00,0.0,29.4,12.8
1924-07-06T00:00:00,0.0,34.4,13.9
1924-07-07T00:00:00,0.0,36.7,16.1
1924-07-08T00:00:00,0.0,36.7,18.9
1924-07-09T00:00:00,1.5,34.4,17.8
1924-07-10T00:00:00,0.0,36.7,16.1
1924-07-11T00:00:00,0.0,33.9,17.2
1924-07-12T00:00:00,0.0,32.2,18.9
1924-07-13T00:00:00,0.0,37.2,19.4
1924-07-14T00:00:00,0.0,34.4,17.2
1924-07-15T00:00:00,0.0,33.3,17.2
1924-07-16T00:00:00,0.0,35.6,18.3
1924-07-17T00:00:00,0.0,35.0,17.2
1924-07-18T00:00:00,0.0,32.2,18.9
1924-07-19T00:00:00,0.0,35.0,16.7
1924-07-20T00:00:00,11.4,35.0,20.6
1924-07-21T00:00:00,0.0,32.2,16.7
1924-07-22T00:00:00,1.3,26.7,16.7
1924-07-23T00:00:00,0.0,32.8,13.3
1924-07-24T00:00:00,0.0,34.4,17.2
1924-07-25T00:00:00,5.1,33.3,17.2
1924-07-26T00:00:00,0.0,30.0,15.6
1924-07-27T00:00:00,0.0,33.9,16.7
1924-07-28T00:00:00,0.0,35.6,20.6
1924-07-29T00:00:00,0.0,36.7,15.6
1924-07-30T00:00:00,0.0,35.0,20.0
1924-07-31T00:00:00,0.0,32.8,16.1
1924-08-01T00:00:00,0.0,32.8,15.6
1924-08-02T00:00:00,0.0,36.7,17.8
1924-08-03T00:00:00,0.0,36.1,20.0
1924-08-04T00:00:00,25.4,35.0,15.0
1924-08-05T00:00:00,0.0,34.4,16.7
1924-08-06T00:00:00,0.0,33.9,17.8
1924-08-07T00:00:00,0.0,32.8,17.2
1924-08-08T00:00:00,0.0,36.1,19.4
1924-08-09T00:00:00,0.0,36.7,20.0
1924-08-10T00:00:00,0.0,36.7,18.9
1924-08-11T00:00:00,0.0,35.0,17.2
1924-08-12T00:00:00,0.0,34.4,17.8
1924-08-13T00:00:00,2.0,35.6,19.4
1924-08-14T00:00:00,1.8,36.7,17.8
1924-08-15T00:00:00,0.0,36.1,20.0
1924-08-16T00:00:00,0.0,35.6,21.1
1924-08-17T00:00:00,0.0,36.7,16.7
1924-08-18T00:00:00,0.0,36.7,18.9
1924-08-19T00:00:00,0.0,38.3,20.6
1924-08-20T00:00:00,0.0,38.3,20.0
1924-08-21T00:00:00,0.0,35.6,20.6
1924-08-22T00:00:00,0.0,36.1,17.2
1924-08-23T00:00:00,0.0,33.9,18.3
1924-08-24T00:00:00,1.8,32.8,18.3
1924-08-25T00:00:00,0.0,31.1,17.8
1924-08-26T00:00:00,0.0,28.9,15.0
1924-08-27T00:00:00,0.0,29.4,10.6
1924-08-28T00:00:00,0.0,30.0,14.4
1924-08-29T00:00:00,0.0,27.2,15.0
1924-08-30T00:00:00,0.0,35.0,16.7
1924-08-31T00:00:00,0.0,32.8,13.9
1924-09-01T00:00:00,0.0,32.8,14.4
1924-09-02T00:00:00,0.0,30.0,16.7
1924-09-03T00:00:00,0.0,31.1,13.9
1924-09-04T00:00:00,0.0,31.7,13.3
1924-09-05T00:00:00,0.0,31.7,15.6
1924-09-06T00:00:00,0.0,32.8,11.7
1924-09-07T00:00:00,0.0,34.4,12.2
1924-09-08T00:00:00,0.0,33.3,13.9
1924-09-09T00:00:00,0.0,32.2,11.7
1924-09-10T00:00:00,0.0,32.8,12.8
1924-09-11T00:00:00,0.0,33.3,13.9
1924-09-12T00:00:00,0.0,24.4,11.1
1924-09-13T00:00:00,0.0,25.0,12.8
1924-09-14T00:00:00,0.0,26.7,8.9
1924-09-15T00:00:00,0.0,28.3,10.6
1924-09-16T00:00:00,0.0,28.9,11.7
1924-09-17T00:00:00,0.3,27.8,10.0
1924-09-18T00:00:00,0.0,31.1,11.1
1924-09-19T00:00:00,0.0,37.2,16.7
1924-09-20T00:00:00,0.0,30.6,14.4
1924-09-21T00:00:00,0.0,25.0,12.2
1924-09-22T00:00:00,0.0,23.3,3.3
1924-09-23T00:00:00,0.0,27.8,3.3
1924-09-24T00:00:00,0.0,33.9,7.2
1924-09-25T00:00:00,0.0,33.9,10.0
1924-09-26T00:00:00,0.0,34.4,16.1
1924-09-27T00:00:00,0.0,29.4,5.6
1924-09-28T00:00:00,0.0,21.1,1.7
1924-09-29T00:00:00,0.0,25.6,3.3
1924-09-30T00:00:00,0.0,29.4,4.4
1924-10-01T00:00:00,0.0,32.2,6.1
1924-10-02T00:00:00,0.0,31.1,2.2
1924-10-03T00:00:00,0.0,28.3,8.3
1924-10-04T00:00:00,0.0,30.0,2.2
1924-10-05T00:00:00,0.5,32.2,5.6
1924-10-06T00:00:00,7.6,21.1,-7.8
1924-10-07T00:00:00,12.7,23.9,-3.3
1924-10-08T00:00:00,0.0,26.7,3.9
1924-10-09T00:00:00,0.0,22.8,-1.7
1924-10-10T00:00:00,0.0,28.9,5.6
1924-10-11T00:00:00,0.0,27.8,-1.1
1924-10-12T00:00:00,0.0,28.3,0.6
1924-10-13T00:00:00,0.0,25.6,3.9
1924-10-14T00:00:00,0.0,25.0,-2.8
1924-10-15T00:00:00,0.0,29.4,3.9
1924-10-16T00:00:00,0.0,27.2,3.9
1924-10-17T00:00:00,0.0,27.8,1.1
1924-10-18T00:00:00,0.0,26.1,2.2
1924-10-19T00:00:00,0.0,26.1,2.8
1924-10-20T00:00:00,0.0,29.4,6.7
1924-10-21T00:00:00,0.0,22.2,-2.8
1924-10-22T00:00:00,0.0,17.8,-3.3
1924-10-23T00:00:00,0.0,15.0,-9.4
1924-10-24T00:00:00,0.0,17.2,1.1
1924-10-25T00:00:00,0.0,18.9,1.1
1924-10-26T00:00:00,0.0,25.0,3.9
1924-10-27T00:00:00,0.0,27.2,1.7
1924-10-28T00:00:00,0.0,29.4,0.0
1924-10-29T00:00:00,0.0,-1.1,-6.7
1924-10-30T00:00:00,0.0,23.3,-9.4
1924-10-31T00:00:00,0.0,22.2,2.8
1924-11-01T00:00:00,0.0,26.1,6.7
1924-11-02T00:00:00,0.0,25.6,2.2
1924-11-03T00:00:00,0.0,27.8,6.1
1924-11-04T00:00:00,0.0,30.0,6.7
1924-11-05T00:00:00,0.0,27.8,5.0
1924-11-06T00:00:00,0.0,22.8,-0.6
1924-11-07T00:00:00,0.0,23.3,-16.1
1924-11-08T00:00:00,0.0,17.8,-3.9
1924-11-09T00:00:00,0.0,23.3,0.6
1924-11-10T00:00:00,0.0,22.8,-2.8
1924-11-11T00:00:00,0.0,20.6,3.9
1924-11-12T00:00:00,0.0,20.6,1.1
1924-11-13T00:00:00,0.0,22.8,2.8
1924-11-14T00:00:00,0.0,17.8,2.2
1924-11-15T00:00:00,0.0,18.3,-0.6
1924-11-16T00:00:00,0.0,15.6,-0.6
1924-11-17T00:00:00,0.0,20.0,0.0
1924-11-18T00:00:00,0.0,17.2,1.1
1924-11-19T00:00:00,0.0,22.2,2.2
1924-11-20T00:00:00,0.0,24.4,2.2
1924-11-21T00:00:00,0.0,20.6,6.7
1924-11-22T00:00:00,0.0,26.7,3.3
1924-11-23T00:00:00,0.0,18.9,5.6
1924-11-24T00:00:00,0.0,11.7,-3.3
1924-11-25T00:00:00,0.0,17.8,-7.8
1924-11-26T00:00:00,0.0,22.2,1.7
1924-11-27T00:00:00,0.0,16.7,-1.1
1924-11-28T00:00:00,0.0,17.2,0.6
1924-11-29T00:00:00,0.0,20.0,-2.2
1924-11-30T00:00:00,0.0,17.2,5.0
1924-12-01T00:00:00,,16.7,1.1
1924-12-02T00:00:00,,21.7,-1.7
1924-12-03T00:00:00,,17.8,5.6
1924-12-04T00:00:00,,17.2,-5.6
1924-12-05T00:00:00,,17.8,0.0
1924-12-06T00:00:00,,18.3,0.6
1924-12-07T00:00:00,,15.0,8.9
1924-12-08T00:00:00,,15.0,-4.4
1924-12-09T00:00:00,11.4,10.6,-5.6
1924-12-10T00:00:00,,0.6,-14.4
1924-12-11T00:00:00,0.0,6.7,-14.4
1924-12-12T00:00:00,,17.8,1.7
1924-12-13T00:00:00,,21.1,1.1
1924-12-14T00:00:00,,18.9,0.0
1924-12-15T00:00:00,,16.7,11.7
1924-12-16T00:00:00,,21.1,11.1
1924-12-17T00:00:00,,17.8,5.0
1924-12-18T00:00:00,,14.4,5.6
1924-12-19T00:00:00,,7.8,-11.1
1924-12-20T00:00:00,,-5.0,-11.7
1924-12-21T00:00:00,,0.0,-9.4
1924-12-22T00:00:00,,3.3,-10.6
1924-12-23T00:00:00,,14.4,-7.8
1924-12-24T00:00:00,,-1.7,-12.2
1924-12-25T00:00:00,,3.3,-14.4
1924-12-26T00:00:00,,7.8,-10.6
1924-12-27T00:00:00,,7.8,-11.7
1924-12-28T00:00:00,,6.1,-15.0
1924-12-29T00:00:00,,12.8,-2.2
1924-12-30T00:00:00,,15.6,-3.9
1924-12-31T00:00:00,,15.0,5.0
1925-01-01T00:00:00,0.0,9.4,-7.2
1925-01-02T00:00:00,0.0,20.0,-6.1
1925-01-03T00:00:00,0.0,16.1,-6.7
1925-01-04T00:00:00,0.0,12.2,-5.6
1925-01-05T00:00:00,0.0,14.4,-3.9
1925-01-06T00:00:00,0.0,17.8,0.0
1925-01-07T00:00:00,0.0,18.3,-1.1
1925-01-08T00:00:00,0.0,11.7,-7.8
1925-01-09T00:00:00,0.0,8.9,-7.8
1925-01-10T00:00:00,0.0,6.1,-5.0
1925-01-11T00:00:00,0.0,13.3,-3.3
1925-01-12T00:00:00,0.0,8.3,-11.1
1925-01-13T00:00:00,0.0,10.0,-9.4
1925-01-14T00:00:00,0.0,12.8,-6.7
1925-01-15T00:00:00,0.0,10.6,-6.1
1925-01-16T00:00:00,0.0,5.6,-8.3
1925-01-17T00:00:00,8.6,3.9,-5.0
1925-01-18T00:00:00,0.0,11.1,-6.7
1925-01-19T00:00:00,0.0,14.4,-6.7
1925-01-20T00:00:00,0.5,7.8,-2.2
1925-01-21T00:00:00,0.0,15.6,-4.4
1925-01-22T00:00:00,0.0,15.6,-3.9
1925-01-23T00:00:00,0.0,20.6,-3.3
1925-01-24T00:00:00,0.0,20.6,1.7
1925-01-25T00:00:00,0.0,22.2,2.2
1925-01-26T00:00:00,1.3,15.6,-5.0
1925-01-27T00:00:00,0.0,8.9,-12.8
1925-01-28T00:00:00,0.0,19.4,-1.7
1925-01-29T00:00:00,0.0,15.6,-3.9
1925-01-30T00:00:00,0.0,22.8,1.1
1925-01-31T00:00:00,0.0,23.3,5.0
1925-02-01T00:00:00,0.0,22.8,4.4
1925-02-02T00:00:00,0.0,18.3,-3.3
1925-02-03T00:00:00,0.0,23.9,-1.1
1925-02-04T00:00:00,0.0,28.9,5.0
1925-02-05T00:00:00,0.0,23.9,4.4
1925-02-06T00:00:00,0.0,25.0,5.0
1925-02-07T00:00:00,0.0,19.4,5.0
1925-02-08T00:00:00,0.0,16.7,-3.3
1925-02-09T00:00:00,0.0,23.9,3.3
1925-02-10T00:00:00,0.0,13.3,0.6
1925-02-11T00:00:00,0.0,14.4,-6.1
1925-02-12T00:00:00,0.0,22.2,-3.3
1925-02-13T00:00:00,0.0,21.1,5.6
1925-02-14T00:00:00,0.0,18.3,-3.3
1925-02-15T00:00:00,0.0,20.0,-2.2
1925-02-16T00:00:00,0.0,20.0,-1.1
1925-02-17T00:00:00,0.0,16.1,-4.4
1925-02-18T00:00:00,0.0,20.6,-1.1
1925-02-19T00:00:00,0.0,20.6,0.0
1925-02-20T00:00:00,0.3,21.1,7.2
1925-02-21T00:00:00,0.3,17.8,4.4
1925-02-22T00:00:00,0.0,18.3,-1.1
1925-02-23T00:00:00,0.0,17.2,0.6
1925-02-24T00:00:00,0.0,22.2,5.6
1925-02-25T00:00:00,0.0,18.9,-1.1
1925-02-26T00:00:00,0.0,25.0,1.7
1925-02-27T00:00:00,0.0,17.8,-6.7
1925-02-28T00:00:00,0.0,20.0,-0.6
1925-03-01T00:00:00,0.0,18.9,-3.9
1925-03-02T00:00:00,0.0,21.1,-3.3
1925-03-03T00:00:00,0.0,27.2,5.6
1925-03-04T00:00:00,0.0,23.9,0.0
1925-03-05T00:00:00,0.0,28.3,3.3
1925-03-06T00:00:00,0.0,27.2,7.8
1925-03-07T00:00:00,0.0,27.8,6.7
1925-03-08T00:00:00,0.0,26.1,6.1
1925-03-09T00:00:00,0.0,21.7,2.8
1925-03-10T00:00:00,0.0,21.1,3.3
1925-03-11T00:00:00,0.0,25.6,1.1
1925-03-12T00:00:00,0.0,23.3,-2.8
1925-03-13T00:00:00,0.0,18.3,-2.8
1925-03-14T00:00:00,0.0,10.6,-5.0
1925-03-15T00:00:00,0.0,15.0,-8.3
1925-03-16T00:00:00,0.0,21.7,-2.2
1925-03-17T00:00:00,0.0,25.0,4.4
1925-03-18T00:00:00,0.0,21.1,-1.1
1925-03-19T00:00:00,0.0,20.6,-0.6
1925-03-20T00:00:00,0.0,25.0,-1.1
1925-03-21T00:00:00,0.0,25.0,4.4
1925-03-22T00:00:00,0.0,22.2,2.2
1925-03-23T00:00:00,0.0,26.1,3.3
1925-03-24T00:00:00,0.0,23.9,6.7
1925-03-25T00:00:00,0.0,29.4,5.0
1925-03-26T00:00:00,0.0,29.4,12.8
1925-03-27T00:00:00,0.0,23.9,1.1
1925-03-28T00:00:00,0.0,27.8,2.8
1925-03-29T00:00:00,0.0,28.3,5.0
1925-03-30T00:00:00,0.0,28.9,6.7
1925-03-31T00:00:00,0.0,27.2,7.2
1925-04-01T00:00:00,0.0,25.6,11.7
1925-04-02T00:00:00,0.0,27.8,3.9
1925-04-03T00:00:00,0.0,22.8,0.0
1925-04-04T00:00:00,0.0,18.3,0.6
1925-04-05T00:00:00,0.0,24.4,1.1
1925-04-06T00:00:00,0.0,22.2,1.7
1925-04-07T00:00:00,0.0,23.9,3.9
1925-04-08T00:00:00,0.0,24.4,2.2
1925-04-09T00:00:00,0.0,25.0,1.7
1925-04-10T00:00:00,0.0,25.6,4.4
1925-04-11T00:00:00,0.0,30.0,7.8
1925-04-12T00:00:00,0.0,32.2,11.7
1925-04-13T00:00:00,0.0,30.6,11.1
1925-04-14T00:00:00,0.0,31.7,11.7
1925-04-15T00:00:00,0.0,33.9,15.6
1925-04-16T00:00:00,0.0,32.2,18.9
1925-04-17T00:00:00,0.0,30.6,10.0
1925-04-18T00:00:00,0.0,32.2,20.6
1925-04-19T00:00:00,0.0,31.1,8.9
1925-04-20T00:00:00,0.0,27.8,10.6
1925-04-21T00:00:00,0.0,28.9,13.9
1925-04-22T00:00:00,0.0,26.1,13.9
1925-04-23T00:00:00,0.0,22.8,7.8
1925-04-24T00:00:00,0.0,23.9,3.9
1925-04-25T00:00:00,0.0,28.9,6.7
1925-04-26T00:00:00,0.0,28.9,7.8
1925-04-27T00:00:00,0.0,25.0,8.3
1925-04-28T00:00:00,0.0,29.4,7.2
1925-04-29T00:00:00,2.5,18.3,2.2
1925-04-30T00:00:00,0.0,18.3,2.2
1925-05-01T00:00:00,0.0,20.6,3.9
1925-05-02T00:00:00,1.3,28.3,6.1
1925-05-03T00:00:00,0.0,32.2,10.6
1925-05-04T00:00:00,0.0,28.9,12.2
1925-05-05T00:00:00,0.0,27.2,7.8
1925-05-06T00:00:00,0.0,23.9,11.1
1925-05-07T00:00:00,6.4,26.7,10.6
1925-05-08T00:00:00,1.3,26.7,11.1
1925-05-09T00:00:00,0.0,28.9,13.9
1925-05-10T00:00:00,1.3,24.4,10.6
1925-05-11T00:00:00,0.0,21.1,9.4
1925-05-12T00:00:00,0.0,30.6,6.1
1925-05-13T00:00:00,0.0,32.8,12.2
1925-05-14T00:00:00,0.0,30.0,10.6
1925-05-15T00:00:00,0.0,31.1,12.8
1925-05-16T00:00:00,0.0,24.4,11.1
1925-05-17T00:00:00,0.0,28.3,10.0
1925-05-18T00:00:00,0.0,34.4,10.6
1925-05-19T00:00:00,0.0,34.4,12.2
1925-05-20T00:00:00,0.0,36.7,15.0
1925-05-21T00:00:00,0.0,35.0,12.2
1925-05-22T00:00:00,0.0,35.0,10.6
1925-05-23T00:00:00,0.0,33.9,16.7
1925-05-24T00:00:00,0.0,33.3,11.1
1925-05-25T00:00:00,0.0,25.6,13.9
1925-05-26T00:00:00,0.0,26.7,10.0
1925-05-27T00:00:00,0.0,25.6,13.3
1925-05-28T00:00:00,5.1,23.3,12.8
1925-05-29T00:00:00,2.5,22.2,10.0
1925-05-30T00:00:00,0.0,29.4,12.8
1925-05-31T00:00:00,0.0,31.1,16.1
1925-06-01T00:00:00,0.0,30.6,16.1
1925-06-02T00:00:00,0.0,31.7,16.7
1925-06-03T00:00:00,0.0,34.4,16.1
1925-06-04T00:00:00,0.0,34.4,12.2
1925-06-05T00:00:00,0.0,35.0,15.6
1925-06-06T00:00:00,0.0,34.4,16.1
1925-06-07T00:00:00,0.0,30.6,7.8
1925-06-08T00:00:00,0.0,32.8,9.4
1925-06-09T00:00:00,0.0,33.3,10.6
1925-06-10T00:00:00,0.0,32.8,15.0
1925-06-11T00:00:00,0.0,37.2,13.3
1925-06-12T00:00:00,0.0,34.4,15.0
1925-06-13T00:00:00,0.0,36.7,11.1
1925-06-14T00:00:00,0.0,36.7,17.8
1925-06-15T00:00:00,0.0,36.7,16.7
1925-06-16T00:00:00,0.0,35.6,17.8
1925-06-17T00:00:00,0.0,35.6,16.7
1925-06-18T00:00:00,0.0,35.0,17.8
1925-06-19T00:00:00,7.9,31.1,16.1
1925-06-20T00:00:00,0.0,32.8,16.1
1925-06-21T00:00:00,0.0,34.4,16.1
1925-06-22T00:00:00,0.0,36.1,17.8
1925-06-23T00:00:00,0.0,37.2,17.8
1925-06-24T00:00:00,0.0,29.4,13.3
1925-06-25T00:00:00,0.0,31.1,17.8
1925-06-26T00:00:00,0.0,31.1,13.3
1925-06-27T00:00:00,0.0,32.2,13.9
1925-06-28T00:00:00,0.0,32.2,15.6
1925-06-29T00:00:00,0.0,36.7,13.3
1925-06-30T00:00:00,0.0,32.2,12.2
1925-07-01T00:00:00,0.0,32.2,13.3
1925-07-02T00:00:00,0.0,34.4,14.4
1925-07-03T00:00:00,2.5,35.6,16.7
1925-07-04T00:00:00,2.5,32.2,15.6
1925-07-05T00:00:00,5.1,29.4,16.7
1925-07-06T00:00:00,0.0,32.8,16.7
1925-07-07T00:00:00,0.0,34.4,16.7
1925-07-08T00:00:00,0.0,34.4,16.1
1925-07-09T00:00:00,0.0,35.6,17.2
1925-07-10T00:00:00,1.3,35.0,16.1
1925-07-11T00:00:00,0.0,37.2,18.3
1925-07-12T00:00:00,0.0,32.2,18.3
1925-07-13T00:00:00,0.0,31.1,15.6
1925-07-14T00:00:00,0.0,35.6,17.8
1925-07-15T00:00:00,0.0,36.1,16.7
1925-07-16T00:00:00,0.0,35.0,16.7
1925-07-17T00:00:00,0.0,33.9,17.2
1925-07-18T00:00:00,0.0,37.8,17.2
1925-07-19T00:00:00,0.0,39.4,20.6
1925-07-20T00:00:00,0.0,38.9,20.6
1925-07-21T00:00:00,0.0,35.6,17.8
1925-07-22T00:00:00,25.4,31.7,16.1
1925-07-23T00:00:00,0.0,33.3,17.8
1925-07-24T00:00:00,0.0,35.0,18.3
1925-07-25T00:00:00,0.0,36.7,17.8
1925-07-26T00:00:00,0.0,37.8,18.3
1925-07-27T00:00:00,0.0,35.0,20.0
1925-07-28T00:00:00,0.0,33.3,16.7
1925-07-29T00:00:00,12.2,30.0,17.8
1925-07-30T00:00:00,22.9,28.3,16.1
1925-07-31T00:00:00,3.8,19.4,12.8
1925-08-01T00:00:00,0.0,23.3,10.6
1925-08-02T00:00:00,0.0,27.2,13.9
1925-08-03T00:00:00,0.0,32.8,12.8
1925-08-04T00:00:00,0.0,30.0,18.3
1925-08-05T00:00:00,5.1,28.9,15.0
1925-08-06T00:00:00,27.9,29.4,13.9
1925-08-07T00:00:00,0.0,27.2,16.1
1925-08-08T00:00:00,8.6,27.8,15.6
1925-08-09T00:00:00,16.5,26.7,15.0
1925-08-10T00:00:00,0.0,29.4,15.6
1925-08-11T00:00:00,0.0,31.7,15.6
1925-08-12T00:00:00,0.0,31.7,15.0
1925-08-13T00:00:00,0.0,31.7,15.6
1925-08-14T00:00:00,0.0,33.3,16.1
1925-08-15T00:00:00,0.0,32.8,16.1
1925-08-16T00:00:00,0.0,33.9,15.6
1925-08-17T00:00:00,0.0,32.8,17.2
1925-08-18T00:00:00,0.0,32.2,15.6
1925-08-19T00:00:00,0.0,31.7,15.6
1925-08-20T00:00:00,0.0,31.7,13.9
1925-08-21T00:00:00,0.0,29.4,18.3
1925-08-22T00:00:00,0.0,32.8,16.1
1925-08-23T00:00:00,0.0,32.8,15.6
1925-08-24T00:00:00,0.0,31.7,15.0
1925-08-25T00:00:00,0.0,28.3,16.7
1925-08-26T00:00:00,3.0,18.9,13.3
1925-08-27T00:00:00,0.0,26.1,12.8
1925-08-28T00:00:00,0.0,31.7,13.3
1925-08-29T00:00:00,0.0,32.2,13.9
1925-08-30T00:00:00,0.0,31.1,13.9
1925-08-31T00:00:00,0.0,27.8,15.6
1925-09-01T00:00:00,0.0,27.8,12.8
1925-09-02T00:00:00,0.0,25.0,15.0
1925-09-03T00:00:00,0.0,27.2,14.4
1925-09-04T00:00:00,24.1,27.2,15.6
1925-09-05T00:00:00,0.0,32.2,12.8
1925-09-06T00:00:00,0.0,25.0,15.6
1925-09-07T00:00:00,0.0,26.7,16.1
1925-09-08T00:00:00,0.0,29.4,12.8
1925-09-09T00:00:00,0.0,27.8,12.8
1925-09-10T00:00:00,0.0,32.2,13.9
1925-09-11T00:00:00,0.0,27.8,12.8
1925-09-12T00:00:00,0.0,26.1,11.7
1925-09-13T00:00:00,6.4,30.0,16.1
1925-09-14T00:00:00,0.0,28.9,15.0
1925-09-15T00:00:00,0.0,32.2,17.8
1925-09-16T00:00:00,0.0,35.6,13.3
1925-09-17T00:00:00,0.0,34.4,13.3
1925-09-18T00:00:00,0.0,31.1,12.8
1925-09-19T00:00:00,0.0,32.2,15.6
1925-09-20T00:00:00,0.0,31.7,17.2
1925-09-21T00:00:00,8.9,29.4,13.3
1925-09-22T00:00:00,0.0,28.3,15.6
1925-09-23T00:00:00,2.5,23.3,11.7
1925-09-24T00:00:00,0.8,25.0,4.4
1925-09-25T00:00:00,0.0,24.4,7.8
1925-09-26T00:00:00,0.0,30.0,5.6
1925-09-27T00:00:00,0.0,31.7,10.0
1925-09-28T00:00:00,0.0,26.7,6.7
1925-09-29T00:00:00,0.0,29.4,11.1
1925-09-30T00:00:00,0.0,29.4,14.4
1925-10-01T00:00:00,0.0,27.2,15.0
1925-10-02T00:00:00,0.0,32.2,12.8
1925-10-03T00:00:00,1.3,33.3,12.2
1925-10-04T00:00:00,0.0,33.9,15.0
1925-10-05T00:00:00,0.0,26.7,12.8
1925-10-06T00:00:00,0.0,31.7,13.3
1925-10-07T00:00:00,0.0,30.6,13.9
1925-10-08T00:00:00,0.0,26.7,7.8
1925-10-09T00:00:00,4.3,21.1,6.1
1925-10-10T00:00:00,3.8,8.3,2.2
1925-10-11T00:00:00,11.9,22.2,4.4
1925-10-12T00:00:00,0.0,23.3,7.8
1925-10-13T00:00:00,0.0,23.9,8.9
1925-10-14T00:00:00,6.4,21.1,11.1
1925-10-15T00:00:00,6.4,15.6,12.8
1925-10-16T00:00:00,1.3,17.8,2.8
1925-10-17T00:00:00,0.0,21.1,4.4
1925-10-18T00:00:00,0.0,23.3,4.4
1925-10-19T00:00:00,0.0,16.7,0.6
1925-10-20T00:00:00,0.0,16.7,1.1
1925-10-21T00:00:00,0.0,23.9,2.2
1925-10-22T00:00:00,0.0,28.3,10.0
1925-10-23T00:00:00,0.0,26.1,7.8
1925-10-24T00:00:00,0.0,22.8,10.0
1925-10-25T00:00:00,0.0,25.6,6.1
1925-10-26T00:00:00,0.0,19.4,0.0
1925-10-27T00:00:00,0.0,26.7,2.2
1925-10-28T00:00:00,0.0,20.0,
1925-10-29T00:00:00,0.0,8.9,-2.2
1925-10-30T00:00:00,0.0,10.0,-1.7
1925-10-31T00:00:00,0.0,20.0,-5.6
1925-11-01T00:00:00,0.0,21.1,-1.7
1925-11-02T00:00:00,0.0,22.8,2.2
1925-11-03T00:00:00,0.0,21.1,3.3
1925-11-04T00:00:00,0.0,18.3,2.2
1925-11-05T00:00:00,0.0,12.2,1.1
1925-11-06T00:00:00,0.0,13.3,2.2
1925-11-07T00:00:00,0.0,16.1,-1.1
1925-11-08T00:00:00,0.0,12.8,-5.0
1925-11-09T00:00:00,0.0,16.7,-4.4
1925-11-10T00:00:00,0.0,20.6,-0.6
1925-11-11T00:00:00,0.0,22.2,2.2
1925-11-12T00:00:00,0.0,24.4,4.4
1925-11-13T00:00:00,0.0,25.0,4.4
1925-11-14T00:00:00,0.0,18.9,1.7
1925-11-15T00:00:00,0.0,14.4,-6.1
1925-11-16T00:00:00,0.0,16.1,-4.4
1925-11-17T00:00:00,0.0,20.0,-5.6
1925-11-18T00:00:00,0.0,16.7,-1.1
1925-11-19T00:00:00,0.0,12.2,-2.2
1925-11-20T00:00:00,0.0,13.3,-3.3
1925-11-21T00:00:00,0.0,21.1,-3.3
1925-11-22T00:00:00,0.0,12.2,-2.8
1925-11-23T00:00:00,0.0,22.8,-1.7
1925-11-24T00:00:00,0.0,21.1,7.2
1925-11-25T00:00:00,0.0,21.1,8.9
1925-11-26T00:00:00,0.0,22.2,2.2
1925-11-27T00:00:00,0.0,15.0,-0.6
1925-11-28T00:00:00,0.0,10.0,-1.1
1925-11-29T00:00:00,0.0,21.7,-1.7
1925-11-30T00:00:00,0.0,22.8,2.2
1925-12-01T00:00:00,0.0,20.6,-0.6
1925-12-02T00:00:00,0.0,21.1,5.6
1925-12-03T00:00:00,0.0,12.8,0.6
1925-12-04T00:00:00,0.0,9.4,-2.8
1925-12-05T00:00:00,0.0,11.1,-6.1
1925-12-06T00:00:00,0.0,13.9,-3.9
1925-12-07T00:00:00,0.0,13.3,-3.9
1925-12-08T00:00:00,0.0,11.7,1.7
1925-12-09T00:00:00,0.0,13.3,-2.2
1925-12-10T00:00:00,0.0,18.3,-1.1
1925-12-11T00:00:00,0.0,17.2,-2.2
1925-12-12T00:00:00,0.0,21.1,-1.1
1925-12-13T00:00:00,0.0,17.8,4.4
1925-12-14T00:00:00,0.0,12.2,-6.7
1925-12-15T00:00:00,0.0,6.1,-12.8
1925-12-16T00:00:00,0.0,11.7,-9.4
1925-12-17T00:00:00,0.0,12.8,-6.7
1925-12-18T00:00:00,0.0,13.9,-6.7
1925-12-19T00:00:00,0.0,12.8,0.6
1925-12-20T00:00:00,0.0,10.0,-3.3
1925-12-21T00:00:00,0.0,6.1,-11.1
1925-12-22T00:00:00,0.0,3.9,-11.7
1925-12-23T00:00:00,0.0,12.8,-11.1
1925-12-24T00:00:00,0.0,17.2,1.7
1925-12-25T00:00:00,0.0,13.3,-4.4
1925-12-26T00:00:00,0.0,18.9,-1.1
1925-12-27T00:00:00,0.5,12.8,-11.1
1925-12-28T00:00:00,0.0,-3.9,-11.1
1925-12-29T00:00:00,0.0,1.7,-9.4
1925-12-30T00:00:00,0.0,1.7,-7.2
1925-12-31T00:00:00,0.0,0.0,-3.9
1926-01-01T00:00:00,0.0,5.6,-2.8
1926-01-02T00:00:00,7.6,8.3,-0.6
1926-01-03T00:00:00,0.0,12.2,-1.1
1926-01-04T00:00:00,0.0,14.4,-1.1
1926-01-05T00:00:00,2.5,7.8,-2.2
1926-01-06T00:00:00,0.0,11.1,-3.9
1926-01-07T00:00:00,0.0,7.8,-1.1
1926-01-08T00:00:00,0.0,10.0,-6.7
1926-01-09T00:00:00,0.0,10.6,-6.7
1926-01-10T00:00:00,0.0,15.6,-2.2
1926-01-11T00:00:00,0.0,7.8,-3.3
1926-01-12T00:00:00,0.0,7.8,-3.9
1926-01-13T00:00:00,0.0,10.0,-4.4
1926-01-14T00:00:00,0.0,15.6,-4.4
1926-01-15T00:00:00,0.0,15.6,-3.3
1926-01-16T00:00:00,0.0,10.0,-1.1
1926-01-17T00:00:00,0.0,15.6,-4.4
1926-01-18T00:00:00,0.0,18.3,-1.1
1926-01-19T00:00:00,0.0,16.7,-2.2
1926-01-20T00:00:00,0.0,9.4,-4.4
1926-01-21T00:00:00,7.6,1.7,-7.2
1926-01-22T00:00:00,0.0,-2.2,-15.6
1926-01-23T00:00:00,5.1,-6.7,-11.1
1926-01-24T00:00:00,0.0,0.0,-15.6
1926-01-25T00:00:00,0.0,5.6,-11.1
1926-01-26T00:00:00,0.0,10.0,-7.8
1926-01-27T00:00:00,0.0,16.1,-5.6
1926-01-28T00:00:00,0.0,15.6,-2.2
1926-01-29T00:00:00,0.0,15.6,3.3
1926-01-30T00:00:00,0.0,16.1,0.6
1926-01-31T00:00:00,0.0,18.3,-1.7
1926-02-01T00:00:00,0.0,10.0,-3.9
1926-02-02T00:00:00,0.0,18.9,0.0
1926-02-03T00:00:00,0.0,20.0,-3.9
1926-02-04T00:00:00,0.0,15.6,0.0
1926-02-05T00:00:00,0.0,21.1,0.0
1926-02-06T00:00:00,0.0,20.0,0.0
1926-02-07T00:00:00,0.0,27.2,0.6
1926-02-08T00:00:00,0.0,22.8,1.1
1926-02-09T00:00:00,0.0,18.3,-1.1
1926-02-10T00:00:00,0.0,17.8,-2.2
1926-02-11T00:00:00,0.0,24.4,-1.1
1926-02-12T00:00:00,0.0,23.9,0.0
1926-02-13T00:00:00,0.0,18.9,0.0
1926-02-14T00:00:00,0.0,18.9,0.0
1926-02-15T00:00:00,0.0,12.2,-3.9
1926-02-16T00:00:00,0.0,24.4,-3.9
1926-02-17T00:00:00,0.0,16.1,-2.2
1926-02-18T00:00:00,0.0,12.8,-2.2
1926-02-19T00:00:00,0.0,21.1,-6.1
1926-02-20T00:00:00,0.0,23.3,0.6
1926-02-21T00:00:00,0.0,19.4,6.1
1926-02-22T00:00:00,0.0,16.7,-0.6
1926-02-23T00:00:00,0.0,18.9,-4.4
1926-02-24T00:00:00,0.0,18.3,-2.8
1926-02-25T00:00:00,0.0,18.9,-0.6
1926-02-26T00:00:00,0.0,13.9,-4.4
1926-02-27T00:00:00,0.0,17.2,-3.9
1926-02-28T00:00:00,0.0,22.2,-3.9
1926-03-01T00:00:00,0.0,18.3,1.7
1926-03-02T00:00:00,0.0,17.2,0.0
1926-03-03T00:00:00,2.5,13.9,-0.6
1926-03-04T00:00:00,0.0,20.0,0.0
1926-03-05T00:00:00,0.0,17.8,3.3
1926-03-06T00:00:00,0.0,14.4,4.4
1926-03-07T00:00:00,0.0,18.3,-2.8
1926-03-08T00:00:00,0.0,21.1,0.0
1926-03-09T00:00:00,0.0,18.3,0.0
1926-03-10T00:00:00,0.0,21.1,0.6
1926-03-11T00:00:00,1.3,13.3,1.7
1926-03-12T00:00:00,0.0,18.9,-6.1
1926-03-13T00:00:00,0.0,17.8,-2.2
1926-03-14T00:00:00,0.0,13.9,-3.9
1926-03-15T00:00:00,0.0,11.7,-3.9
1926-03-16T00:00:00,0.0,11.1,0.0
1926-03-17T00:00:00,0.0,22.8,-1.1
1926-03-18T00:00:00,0.0,22.2,5.6
1926-03-19T00:00:00,0.0,22.2,4.4
1926-03-20T00:00:00,3.8,15.6,
1926-03-21T00:00:00,0.5,15.6,-1.1
1926-03-22T00:00:00,0.0,17.8,3.3
1926-03-23T00:00:00,0.0,22.2,3.3
1926-03-24T00:00:00,1.3,23.3,7.8
1926-03-25T00:00:00,5.1,10.0,0.0
1926-03-26T00:00:00,38.6,5.6,-3.3
1926-03-27T00:00:00,0.0,7.8,-2.8
1926-03-28T00:00:00,0.0,7.8,-2.2
1926-03-29T00:00:00,0.5,9.4,-4.4
1926-03-30T00:00:00,6.4,4.4,-12.2
1926-03-31T00:00:00,0.0,16.7,-3.3
1926-04-01T00:00:00,0.0,17.8,0.0
1926-04-02T00:00:00,0.0,20.0,4.4
1926-04-03T00:00:00,0.0,20.0,1.7
1926-04-04T00:00:00,0.0,23.9,3.9
1926-04-05T00:00:00,0.0,23.9,7.2
1926-04-06T00:00:00,0.0,21.1,5.0
1926-04-07T00:00:00,0.0,22.2,4.4
1926-04-08T00:00:00,0.0,23.3,6.7
1926-04-09T00:00:00,7.1,20.0,6.7
1926-04-10T00:00:00,0.0,13.3,2.8
1926-04-11T00:00:00,0.0,13.9,0.0
1926-04-12T00:00:00,0.0,15.6,0.6
1926-04-13T00:00:00,0.0,16.7,2.2
1926-04-14T00:00:00,0.0,12.2,4.4
1926-04-15T00:00:00,0.0,17.2,0.0
1926-04-16T00:00:00,0.0,21.1,0.0
1926-04-17T00:00:00,0.0,23.9,8.9
1926-04-18T00:00:00,0.0,26.7,8.9
1926-04-19T00:00:00,0.0,21.7,8.9
1926-04-20T00:00:00,8.1,22.8,7.2
1926-04-21T00:00:00,0.0,22.2,5.6
1926-04-22T00:00:00,0.0,24.4,5.6
1926-04-23T00:00:00,0.0,30.6,11.1
1926-04-24T00:00:00,0.0,26.7,7.8
1926-04-25T00:00:00,0.0,21.1,-0.6
1926-04-26T00:00:00,0.0,21.7,3.9
1926-04-27T00:00:00,0.0,24.4,5.0
1926-04-28T00:00:00,0.0,22.2,9.4
1926-04-29T00:00:00,0.0,20.6,5.6
1926-04-30T00:00:00,2.5,25.6,7.8
1926-05-01T00:00:00,0.0,30.0,8.9
1926-05-02T00:00:00,0.0,27.2,14.4
1926-05-03T00:00:00,0.0,22.2,8.9
1926-05-04T00:00:00,20.3,24.4,10.0
1926-05-05T00:00:00,0.0,23.9,8.3
1926-05-06T00:00:00,0.0,22.8,13.9
1926-05-07T00:00:00,0.0,23.9,5.0
1926-05-08T00:00:00,0.0,26.7,10.0
1926-05-09T00:00:00,0.0,26.7,6.7
1926-05-10T00:00:00,0.0,23.9,5.0
1926-05-11T00:00:00,0.0,20.6,5.6
1926-05-12T00:00:00,0.0,17.8,7.2
1926-05-13T00:00:00,1.3,21.1,-1.1
1926-05-14T00:00:00,0.0,22.2,5.6
1926-05-15T00:00:00,0.0,26.7,5.0
1926-05-16T00:00:00,0.0,26.7,5.6
1926-05-17T00:00:00,0.0,29.4,6.1
1926-05-18T00:00:00,0.0,31.1,13.3
1926-05-19T00:00:00,0.0,24.4,11.1
1926-05-20T00:00:00,4.6,21.7,7.8
1926-05-21T00:00:00,0.0,36.7,20.6
1926-05-22T00:00:00,5.6,29.4,16.7
1926-05-23T00:00:00,1.0,25.6,13.9
1926-05-24T00:00:00,0.0,27.8,10.0
1926-05-25T00:00:00,6.4,22.2,12.8
1926-05-26T00:00:00,3.3,23.9,7.2
1926-05-27T00:00:00,0.0,26.7,9.4
1926-05-28T00:00:00,8.9,,10.6
1926-05-29T00:00:00,0.0,27.8,7.2
1926-05-30T00:00:00,0.0,32.2,10.6
1926-05-31T00:00:00,0.0,32.8,13.9
1926-06-01T00:00:00,0.0,32.2,11.7
1926-06-02T00:00:00,0.0,31.1,12.2
1926-06-03T00:00:00,0.0,31.1,13.3
1926-06-04T00:00:00,2.5,23.3,12.8
1926-06-05T00:00:00,0.0,26.1,11.7
1926-06-06T00:00:00,0.0,31.7,11.1
1926-06-07T00:00:00,0.0,32.8,15.6
1926-06-08T00:00:00,0.0,31.7,14.4
1926-06-09T00:00:00,0.0,30.6,11.7
1926-06-10T00:00:00,0.0,30.6,13.3
1926-06-11T00:00:00,0.0,28.9,13.9
1926-06-12T00:00:00,0.0,31.7,13.3
1926-06-13T00:00:00,0.0,35.0,13.3
1926-06-14T00:00:00,0.0,35.0,15.6
1926-06-15T00:00:00,0.0,35.0,15.6
1926-06-16T00:00:00,0.0,34.4,15.6
1926-06-17T00:00:00,0.0,31.1,14.4
1926-06-18T00:00:00,16.5,30.6,15.6
1926-06-19T00:00:00,8.9,28.9,15.6
1926-06-20T00:00:00,0.0,34.4,12.8
1926-06-21T00:00:00,0.0,30.0,20.0
1926-06-22T00:00:00,0.0,31.1,13.9
1926-06-23T00:00:00,0.0,29.4,15.6
1926-06-24T00:00:00,0.0,31.1,12.2
1926-06-25T00:00:00,0.0,31.1,13.9
1926-06-26T00:00:00,0.0,33.9,13.9
1926-06-27T00:00:00,2.5,33.3,15.6
1926-06-28T00:00:00,0.0,32.8,15.6
1926-06-29T00:00:00,0.0,32.8,13.3
1926-06-30T00:00:00,0.0,33.3,10.0
1926-07-01T00:00:00,0.0,33.9,12.8
1926-07-02T00:00:00,0.0,32.2,15.0
1926-07-03T00:00:00,0.0,30.0,13.3
1926-07-04T00:00:00,0.0,30.0,13.3
1926-07-05T00:00:00,0.0,30.0,17.2
1926-07-06T00:00:00,25.4,30.6,15.6
1926-07-07T00:00:00,0.0,35.0,14.4
1926-07-08T00:00:00,0.0,35.0,18.3
1926-07-09T00:00:00,0.0,35.6,16.1
1926-07-10T00:00:00,7.6,33.9,16.1
1926-07-11T00:00:00,14.0,28.3,18.9
1926-07-12T00:00:00,14.0,30.0,15.6
1926-07-13T00:00:00,0.0,28.9,15.6
1926-07-14T00:00:00,0.0,30.0,13.3
1926-07-15T00:00:00,0.0,32.8,15.6
1926-07-16T00:00:00,0.0,33.3,18.3
1926-07-17T00:00:00,0.0,32.2,15.6
1926-07-18T00:00:00,0.0,32.8,16.7
1926-07-19T00:00:00,0.0,33.3,12.8
1926-07-20T00:00:00,0.0,36.7,12.8
1926-07-21T00:00:00,0.0,35.6,16.7
1926-07-22T00:00:00,0.0,33.3,17.8
1926-07-23T00:00:00,0.0,33.3,15.6
1926-07-24T00:00:00,0.0,34.4,12.2
1926-07-25T00:00:00,6.4,35.0,15.6
1926-07-26T00:00:00,0.0,32.2,15.6
1926-07-27T00:00:00,11.4,34.4,15.6
1926-07-28T00:00:00,8.9,32.2,17.2
1926-07-29T00:00:00,0.0,33.3,18.3
1926-07-30T00:00:00,7.6,32.8,16.1
1926-07-31T00:00:00,0.0,33.3,18.3
1926-08-01T00:00:00,0.0,35.6,15.6
1926-08-02T00:00:00,0.0,33.9,15.6
1926-08-03T00:00:00,0.0,33.9,15.6
1926-08-04T00:00:00,0.0,32.8,14.4
1926-08-05T00:00:00,0.0,31.7,12.8
1926-08-06T00:00:00,0.0,33.9,16.1
1926-08-07T00:00:00,0.0,32.8,15.0
1926-08-08T00:00:00,0.0,33.9,13.3
1926-08-09T00:00:00,0.0,35.0,16.1
1926-08-10T00:00:00,0.0,32.2,15.6
1926-08-11T00:00:00,0.0,34.4,15.6
1926-08-12T00:00:00,0.0,34.4,15.6
1926-08-13T00:00:00,0.0,31.1,13.3
1926-08-14T00:00:00,17.8,27.8,15.6
1926-08-15T00:00:00,0.0,28.3,16.1
1926-08-16T00:00:00,15.2,30.0,16.1
1926-08-17T00:00:00,0.0,33.9,16.7
1926-08-18T00:00:00,0.0,35.0,15.6
1926-08-19T00:00:00,0.0,35.6,16.1
1926-08-20T00:00:00,0.0,36.1,17.2
1926-08-21T00:00:00,0.0,34.4,13.3
1926-08-22T00:00:00,0.0,32.8,17.8
1926-08-23T00:00:00,0.0,29.4,15.0
1926-08-24T00:00:00,0.0,31.1,12.2
1926-08-25T00:00:00,0.0,33.9,14.4
1926-08-26T00:00:00,0.0,33.9,12.2
1926-08-27T00:00:00,0.0,33.9,14.4
1926-08-28T00:00:00,0.0,29.4,15.6
1926-08-29T00:00:00,0.0,31.1,12.8
1926-08-30T00:00:00,2.5,31.1,12.8
1926-08-31T00:00:00,4.6,33.9,13.3
1926-09-01T00:00:00,0.0,34.4,14.4
1926-09-02T00:00:00,0.0,33.9,15.6
1926-09-03T00:00:00,0.0,34.4,16.1
1926-09-04T00:00:00,0.0,34.4,13.3
1926-09-05T00:00:00,0.0,30.6,13.9
1926-09-06T00:00:00,13.2,29.4,13.9
1926-09-07T00:00:00,12.7,28.3,16.1
1926-09-08T00:00:00,7.6,31.1,16.1
1926-09-09T00:00:00,11.4,23.9,13.3
1926-09-10T00:00:00,0.0,27.2,12.2
1926-09-11T00:00:00,0.0,32.8,13.9
1926-09-12T00:00:00,0.0,31.1,15.6
1926-09-13T00:00:00,0.0,30.0,16.1
1926-09-14T00:00:00,0.0,32.8,13.3
1926-09-15T00:00:00,0.0,34.4,13.3
1926-09-16T00:00:00,3.8,29.4,14.4
1926-09-17T00:00:00,0.0,30.0,15.0
1926-09-18T00:00:00,0.0,31.1,13.3
1926-09-19T00:00:00,0.0,31.7,15.0
1926-09-20T00:00:00,0.0,31.1,12.2
1926-09-21T00:00:00,0.0,34.4,12.8
1926-09-22T00:00:00,0.0,34.4,15.6
1926-09-23T00:00:00,0.0,35.6,13.3
1926-09-24T00:00:00,0.0,29.4,18.9
1926-09-25T00:00:00,6.4,26.1,2.8
1926-09-26T00:00:00,19.1,7.2,2.2
1926-09-27T00:00:00,18.3,11.1,4.4
1926-09-28T00:00:00,19.1,19.4,8.3
1926-09-29T00:00:00,0.0,23.9,9.4
1926-09-30T00:00:00,0.0,26.7,12.2
1926-10-01T00:00:00,0.0,26.7,7.8
1926-10-02T00:00:00,3.8,25.6,12.8
1926-10-03T00:00:00,0.0,23.9,10.0
1926-10-04T00:00:00,0.0,25.6,7.2
1926-10-05T00:00:00,0.0,21.1,7.2
1926-10-06T00:00:00,0.0,20.0,4.4
1926-10-07T00:00:00,0.0,26.1,6.7
1926-10-08T00:00:00,0.0,28.9,12.2
1926-10-09T00:00:00,3.8,26.7,11.1
1926-10-10T00:00:00,0.0,28.3,10.0
1926-10-11T00:00:00,0.0,30.6,10.0
1926-10-12T00:00:00,0.0,23.3,11.1
1926-10-13T00:00:00,0.0,19.4,8.3
1926-10-14T00:00:00,0.0,22.8,8.9
1926-10-15T00:00:00,0.0,23.3,10.0
1926-10-16T00:00:00,0.0,26.7,7.2
1926-10-17T00:00:00,0.0,30.0,7.8
1926-10-18T00:00:00,0.0,32.2,13.3
1926-10-19T00:00:00,0.0,29.4,8.3
1926-10-20T00:00:00,0.0,21.7,10.6
1926-10-21T00:00:00,0.0,27.2,6.7
1926-10-22T00:00:00,0.0,21.7,10.6
1926-10-23T00:00:00,1.3,27.2,7.2
1926-10-24T00:00:00,0.0,23.3,1.1
1926-10-25T00:00:00,0.0,22.8,5.0
1926-10-26T00:00:00,0.0,30.0,5.0
1926-10-27T00:00:00,0.0,24.4,11.1
1926-10-28T00:00:00,0.0,17.2,2.2
1926-10-29T00:00:00,0.0,24.4,5.0
1926-10-30T00:00:00,3.8,12.8,0.6
1926-10-31T00:00:00,6.4,10.0,1.1
1926-11-01T00:00:00,0.0,15.0,3.9
1926-11-02T00:00:00,1.5,13.3,1.1
1926-11-03T00:00:00,0.0,11.7,0.0
1926-11-04T00:00:00,2.5,7.2,0.6
1926-11-05T00:00:00,0.0,20.0,0.0
1926-11-06T00:00:00,0.0,25.6,3.3
1926-11-07T00:00:00,0.0,25.0,8.3
1926-11-08T00:00:00,0.0,15.0,0.6
1926-11-09T00:00:00,0.0,15.0,-5.0
1926-11-10T00:00:00,0.0,18.3,-3.9
1926-11-11T00:00:00,0.0,18.9,2.2
1926-11-12T00:00:00,0.0,23.3,1.1
1926-11-13T00:00:00,0.0,22.2,10.0
1926-11-14T00:00:00,0.0,16.1,3.9
1926-11-15T00:00:00,0.0,17.8,3.3
1926-11-16T00:00:00,0.0,22.2,2.8
1926-11-17T00:00:00,0.0,20.0,-5.6
1926-11-18T00:00:00,0.0,19.4,-2.8
1926-11-19T00:00:00,0.0,21.1,3.9
1926-11-20T00:00:00,0.0,14.4,-3.3
1926-11-21T00:00:00,0.0,7.8,-6.1
1926-11-22T00:00:00,0.0,12.8,-8.9
1926-11-23T00:00:00,0.0,25.0,0.0
1926-11-24T00:00:00,0.0,23.3,6.1
1926-11-25T00:00:00,0.0,21.7,9.4
1926-11-26T00:00:00,0.0,24.4,-2.8
1926-11-27T00:00:00,0.0,23.3,6.7
1926-11-28T00:00:00,0.0,16.1,2.2
1926-11-29T00:00:00,0.0,18.3,-1.1
1926-11-30T00:00:00,0.0,26.1,1.1
1926-12-01T00:00:00,0.0,23.9,4.4
1926-12-02T00:00:00,0.0,23.9,5.6
1926-12-03T00:00:00,0.0,22.8,6.1
1926-12-04T00:00:00,0.0,22.8,6.1
1926-12-05T00:00:00,25.4,16.7,-1.1
1926-12-06T00:00:00,0.0,12.8,0.0
1926-12-07T00:00:00,0.0,16.7,0.0
1926-12-08T00:00:00,7.6,11.1,1.1
1926-12-09T00:00:00,0.0,6.7,0.6
1926-12-10T00:00:00,0.0,8.9,0.6
1926-12-11T00:00:00,0.0,13.3,1.7
1926-12-12T00:00:00,0.0,12.8,5.0
1926-12-13T00:00:00,0.0,11.7,-1.7
1926-12-14T00:00:00,0.0,3.3,-6.7
1926-12-15T00:00:00,0.0,-4.4,-7.2
1926-12-16T00:00:00,0.0,12.8,-9.4
1926-12-17T00:00:00,0.0,12.2,-5.6
1926-12-18T00:00:00,0.0,10.6,-2.2
1926-12-19T00:00:00,0.0,10.0,-1.1
1926-12-20T00:00:00,7.6,7.8,0.6
1926-12-21T00:00:00,0.0,11.1,-3.9
1926-12-22T00:00:00,0.0,14.4,0.6
1926-12-23T00:00:00,0.0,10.0,-1.1
1926-12-24T00:00:00,15.2,5.0,-7.8
1926-12-25T00:00:00,0.0,0.0,-15.6
1926-12-26T00:00:00,0.0,2.2,-14.4
1926-12-27T00:00:00,0.0,7.2,-8.9
1926-12-28T00:00:00,0.0,6.7,-8.9
1926-12-29T00:00:00,0.0,13.9,-6.1
1926-12-30T00:00:00,0.0,13.3,-6.1
1926-12-31T00:00:00,0.0,17.2,-3.3
1927-01-01T00:00:00,0.0,21.1,-1.1
1927-01-02T00:00:00,0.0,21.1,-1.1
1927-01-03T00:00:00,0.0,26.1,2.2
1927-01-04T00:00:00,0.0,22.2,2.2
1927-01-05T00:00:00,0.0,25.6,5.6
1927-01-06T00:00:00,0.0,25.0,4.4
1927-01-07T00:00:00,0.0,25.6,5.0
1927-01-08T00:00:00,0.0,17.8,2.2
1927-01-09T00:00:00,0.0,10.0,-2.2
1927-01-10T00:00:00,0.0,10.0,-3.9
1927-01-11T00:00:00,0.0,18.3,-6.7
1927-01-12T00:00:00,0.0,17.2,1.7
1927-01-13T00:00:00,0.0,8.9,-9.4
1927-01-14T00:00:00,0.0,5.0,-9.4
1927-01-15T00:00:00,0.0,3.3,-11.1
1927-01-16T00:00:00,0.0,15.6,-3.9
1927-01-17T00:00:00,0.0,20.6,2.2
1927-01-18T00:00:00,0.0,15.0,-5.6
1927-01-19T00:00:00,0.0,17.8,-1.1
1927-01-20T00:00:00,0.0,12.2,-1.1
1927-01-21T00:00:00,0.0,16.7,0.0
1927-01-22T00:00:00,0.0,20.0,2.2
1927-01-23T00:00:00,0.0,16.1,-3.3
1927-01-24T00:00:00,1.3,6.1,-2.2
1927-01-25T00:00:00,0.0,10.0,2.2
1927-01-26T00:00:00,0.0,8.9,1.1
1927-01-27T00:00:00,0.0,4.4,-3.3
1927-01-28T00:00:00,0.0,17.2,0.6
1927-01-29T00:00:00,0.0,23.3,0.0
1927-01-30T00:00:00,0.0,24.4,7.8
1927-01-31T00:00:00,0.0,19.4,-6.7
1927-02-01T00:00:00,0.0,19.4,0.0
1927-02-02T00:00:00,0.0,24.4,3.3
1927-02-03T00:00:00,0.0,20.0,6.7
1927-02-04T00:00:00,5.1,16.7,5.6
1927-02-05T00:00:00,0.0,18.3,1.7
1927-02-06T00:00:00,0.5,15.6,0.0
1927-02-07T00:00:00,0.0,21.1,0.6
1927-02-08T00:00:00,0.0,17.8,-1.1
1927-02-09T00:00:00,0.0,7.8,-6.1
1927-02-10T00:00:00,0.0,2.2,-5.6
1927-02-11T00:00:00,0.0,16.1,-6.1
1927-02-12T00:00:00,0.0,15.6,2.8
1927-02-13T00:00:00,0.0,13.3,0.0
1927-02-14T00:00:00,0.0,17.8,5.6
1927-02-15T00:00:00,0.0,21.1,4.4
1927-02-16T00:00:00,0.0,20.6,5.6
1927-02-17T00:00:00,1.8,16.7,4.4
1927-02-18T00:00:00,1.3,12.8,-3.9
1927-02-19T00:00:00,0.0,19.4,0.6
1927-02-20T00:00:00,0.0,21.1,3.3
1927-02-21T00:00:00,0.0,25.6,4.4
1927-02-22T00:00:00,0.0,23.3,7.8
1927-02-23T00:00:00,0.0,23.9,7.8
1927-02-24T00:00:00,0.0,22.2,3.3
1927-02-25T00:00:00,0.0,16.7,3.3
1927-02-26T00:00:00,0.0,25.6,0.6
1927-02-27T00:00:00,0.0,21.1,4.4
1927-02-28T00:00:00,0.0,9.4,-5.0
1927-03-01T00:00:00,0.0,5.6,-3.9
1927-03-02T00:00:00,0.0,11.7,-5.0
1927-03-03T00:00:00,0.0,11.7,-6.7
1927-03-04T00:00:00,0.0,17.2,-5.0
1927-03-05T00:00:00,0.0,21.7,-1.1
1927-03-06T00:00:00,0.0,22.8,1.7
1927-03-07T00:00:00,0.0,18.3,5.6
1927-03-08T00:00:00,0.0,21.1,-1.1
1927-03-09T00:00:00,0.0,22.2,4.4
1927-03-10T00:00:00,0.0,21.1,4.4
1927-03-11T00:00:00,0.0,11.7,0.6
1927-03-12T00:00:00,0.0,13.3,-2.2
1927-03-13T00:00:00,0.0,20.0,-3.9
1927-03-14T00:00:00,0.0,22.8,-1.1
1927-03-15T00:00:00,0.0,24.4,2.2
1927-03-16T00:00:00,0.0,21.7,7.8
1927-03-17T00:00:00,0.0,22.8,-2.2
1927-03-18T00:00:00,0.0,25.0,8.9
1927-03-19T00:00:00,0.0,21.7,5.0
1927-03-20T00:00:00,0.0,8.9,-7.8
1927-03-21T00:00:00,0.0,14.4,-9.4
1927-03-22T00:00:00,0.0,23.9,-1.1
1927-03-23T00:00:00,0.0,16.7,0.0
1927-03-24T00:00:00,0.0,25.6,-1.1
1927-03-25T00:00:00,0.0,26.7,5.0
1927-03-26T00:00:00,0.0,21.1,1.7
1927-03-27T00:00:00,0.0,24.4,1.7
1927-03-28T00:00:00,0.0,26.7,7.8
1927-03-29T00:00:00,0.0,26.1,10.0
1927-03-30T00:00:00,0.0,22.2,11.1
1927-03-31T00:00:00,0.0,18.3,5.6
1927-04-01T00:00:00,0.0,21.1,7.8
1927-04-02T00:00:00,0.0,29.4,7.2
1927-04-03T00:00:00,0.0,30.6,8.9
1927-04-04T00:00:00,0.0,28.3,10.0
1927-04-05T00:00:00,0.0,26.1,4.4
1927-04-06T00:00:00,0.0,28.3,4.4
1927-04-07T00:00:00,0.0,30.0,10.0
1927-04-08T00:00:00,0.0,28.3,6.1
1927-04-09T00:00:00,0.0,27.8,8.9
1927-04-10T00:00:00,0.0,26.7,7.2
1927-04-11T00:00:00,0.0,26.1,6.1
1927-04-12T00:00:00,0.0,18.3,
1927-04-13T00:00:00,0.0,14.4,-1.1
1927-04-14T00:00:00,0.0,15.0,-4.4
1927-04-15T00:00:00,0.0,20.0,2.8
1927-04-16T00:00:00,0.0,24.4,5.6
1927-04-17T00:00:00,0.0,25.6,6.1
1927-04-18T00:00:00,0.0,21.1,7.2
1927-04-19T00:00:00,0.0,26.1,5.0
1927-04-20T00:00:00,0.0,,-3.3
1927-04-21T00:00:00,0.0,21.1,1.7
1927-04-22T00:00:00,0.0,20.6,-1.7
1927-04-23T00:00:00,0.0,31.1,2.2
1927-04-24T00:00:00,0.0,21.1,
1927-04-25T00:00:00,0.0,27.2,1.7
1927-04-26T00:00:00,0.0,32.8,6.1
1927-04-27T00:00:00,0.0,32.8,
1927-04-28T00:00:00,0.0,31.7,
1927-04-29T00:00:00,0.0,27.8,10.0
1927-04-30T00:00:00,0.0,,7.2
1927-05-01T00:00:00,0.0,33.9,13.3
1927-05-02T00:00:00,0.0,31.7,12.8
1927-05-03T00:00:00,3.3,28.9,10.6
1927-05-04T00:00:00,0.0,32.8,8.9
1927-05-05T00:00:00,0.0,32.8,15.0
1927-05-06T00:00:00,0.0,28.3,12.8
1927-05-07T00:00:00,0.0,31.7,8.3
1927-05-08T00:00:00,0.0,26.7,5.6
1927-05-09T00:00:00,0.0,24.4,5.0
1927-05-10T00:00:00,0.0,27.8,5.6
1927-05-11T00:00:00,0.0,28.3,3.3
1927-05-12T00:00:00,0.0,30.6,7.8
1927-05-13T00:00:00,0.0,28.3,6.1
1927-05-14T00:00:00,0.0,34.4,8.9
1927-05-15T00:00:00,0.0,31.7,9.4
1927-05-16T00:00:00,0.0,33.9,12.2
1927-05-17T00:00:00,0.0,36.7,13.9
1927-05-18T00:00:00,0.0,36.7,15.6
1927-05-19T00:00:00,0.0,35.0,15.6
1927-05-20T00:00:00,0.0,33.9,13.3
1927-05-21T00:00:00,0.0,32.8,10.0
1927-05-22T00:00:00,0.0,30.6,10.6
1927-05-23T00:00:00,0.0,32.8,13.9
1927-05-24T00:00:00,0.0,29.4,12.8
1927-05-25T00:00:00,0.0,33.3,7.2
1927-05-26T00:00:00,0.0,34.4,11.1
1927-05-27T00:00:00,0.0,33.3,10.6
1927-05-28T00:00:00,0.0,34.4,17.8
1927-05-29T00:00:00,0.0,33.3,11.1
1927-05-30T00:00:00,0.0,33.9,13.3
1927-05-31T00:00:00,0.0,34.4,14.4
1927-06-01T00:00:00,0.0,34.4,17.8
1927-06-02T00:00:00,0.0,34.4,17.8
1927-06-03T00:00:00,0.0,32.8,7.8
1927-06-04T00:00:00,0.0,33.3,11.1
1927-06-05T00:00:00,0.0,33.9,11.7
1927-06-06T00:00:00,0.0,28.9,15.6
1927-06-07T00:00:00,0.0,31.7,15.0
1927-06-08T00:00:00,0.0,35.0,13.3
1927-06-09T00:00:00,0.0,38.3,15.6
1927-06-10T00:00:00,0.0,37.2,18.3
1927-06-11T00:00:00,0.0,32.8,16.1
1927-06-12T00:00:00,11.4,29.4,12.2
1927-06-13T00:00:00,0.0,25.0,12.8
1927-06-14T00:00:00,0.0,23.9,10.0
1927-06-15T00:00:00,19.1,24.4,10.0
1927-06-16T00:00:00,1.3,29.4,12.8
1927-06-17T00:00:00,0.0,33.3,12.8
1927-06-18T00:00:00,0.0,35.0,13.3
1927-06-19T00:00:00,0.0,32.2,12.8
1927-06-20T00:00:00,0.0,36.7,15.6
1927-06-21T00:00:00,0.0,32.2,14.4
1927-06-22T00:00:00,21.6,30.6,12.2
1927-06-23T00:00:00,0.0,26.7,13.9
1927-06-24T00:00:00,0.0,33.9,12.8
1927-06-25T00:00:00,0.0,32.8,12.8
1927-06-26T00:00:00,0.0,32.8,14.4
1927-06-27T00:00:00,0.0,35.6,15.0
1927-06-28T00:00:00,0.0,33.9,15.6
1927-06-29T00:00:00,0.0,31.7,14.4
1927-06-30T00:00:00,5.1,32.8,13.9
1927-07-01T00:00:00,0.0,35.0,15.6
1927-07-02T00:00:00,0.0,30.0,12.2
1927-07-03T00:00:00,0.0,30.0,11.1
1927-07-04T00:00:00,0.0,31.1,12.8
1927-07-05T00:00:00,0.0,33.9,11.7
1927-07-06T00:00:00,0.0,35.6,17.2
1927-07-07T00:00:00,0.0,,17.2
1927-07-08T00:00:00,0.0,32.2,17.2
1927-07-09T00:00:00,0.0,36.1,18.3
1927-07-10T00:00:00,1.3,32.2,15.6
1927-07-11T00:00:00,1.3,35.0,
1927-07-12T00:00:00,0.0,36.7,
1927-07-13T00:00:00,2.5,33.3,
1927-07-14T00:00:00,0.0,32.2,15.6
1927-07-15T00:00:00,3.8,36.7,
1927-07-16T00:00:00,0.0,35.6,15.6
1927-07-17T00:00:00,0.0,33.3,10.0
1927-07-18T00:00:00,0.0,35.0,15.6
1927-07-19T00:00:00,0.0,32.2,15.6
1927-07-20T00:00:00,0.0,38.9,16.7
1927-07-21T00:00:00,0.0,32.2,16.1
1927-07-22T00:00:00,0.0,36.1,14.4
1927-07-23T00:00:00,5.6,26.7,12.8
1927-07-24T00:00:00,11.4,28.3,11.7
1927-07-25T00:00:00,1.3,29.4,15.6
1927-07-26T00:00:00,0.0,32.2,15.6
1927-07-27T00:00:00,0.0,35.0,17.8
1927-07-28T00:00:00,6.4,,16.7
1927-07-29T00:00:00,0.0,,16.1
1927-07-30T00:00:00,0.0,36.7,17.2
1927-07-31T00:00:00,0.0,36.7,18.9
1927-08-01T00:00:00,0.0,36.1,16.7
1927-08-02T00:00:00,2.5,37.2,15.6
1927-08-03T00:00:00,1.3,32.2,16.7
1927-08-04T00:00:00,0.0,35.0,17.8
1927-08-05T00:00:00,0.0,,14.4
1927-08-06T00:00:00,0.0,37.8,15.6
1927-08-07T00:00:00,0.0,32.2,
1927-08-08T00:00:00,3.8,34.4,
1927-08-09T00:00:00,0.0,,
1927-08-10T00:00:00,0.0,37.2,15.6
1927-08-11T00:00:00,0.0,34.4,18.3
1927-08-12T00:00:00,0.0,33.3,18.9
1927-08-13T00:00:00,0.0,37.2,16.7
1927-08-14T00:00:00,0.0,32.2,15.6
1927-08-15T00:00:00,0.0,,12.8
1927-08-16T00:00:00,0.0,33.3,14.4
1927-08-17T00:00:00,0.0,30.6,16.7
1927-08-18T00:00:00,0.0,31.7,15.6
1927-08-19T00:00:00,0.0,30.0,13.3
1927-08-20T00:00:00,0.0,28.9,
1927-08-21T00:00:00,0.0,32.8,13.3
1927-08-22T00:00:00,0.0,,13.9
1927-08-23T00:00:00,0.0,32.8,14.4
1927-08-24T00:00:00,0.0,34.4,
1927-08-25T00:00:00,0.0,34.4,12.8
1927-08-26T00:00:00,0.0,32.2,12.8
1927-08-27T00:00:00,0.0,,16.7
1927-08-28T00:00:00,0.0,,16.1
1927-08-29T00:00:00,0.0,37.2,15.6
1927-08-30T00:00:00,0.0,35.0,
1927-08-31T00:00:00,0.0,,15.6
1927-09-01T00:00:00,0.0,33.3,16.7
1927-09-02T00:00:00,2.5,32.8,15.6
1927-09-03T00:00:00,0.0,30.0,12.2
1927-09-04T00:00:00,0.0,35.0,11.7
1927-09-05T00:00:00,0.0,33.3,11.7
1927-09-06T00:00:00,0.0,32.8,11.7
1927-09-07T00:00:00,0.0,33.3,15.6
1927-09-08T00:00:00,0.0,31.7,15.0
1927-09-09T00:00:00,1.3,27.2,12.2
1927-09-10T00:00:00,0.0,32.8,12.2
1927-09-11T00:00:00,12.7,31.1,12.2
1927-09-12T00:00:00,0.0,30.0,13.3
1927-09-13T00:00:00,0.0,29.4,14.4
1927-09-14T00:00:00,0.0,32.2,15.6
1927-09-15T00:00:00,0.0,27.2,13.3
1927-09-16T00:00:00,0.0,28.9,12.8
1927-09-17T00:00:00,0.0,30.0,12.8
1927-09-18T00:00:00,1.3,22.2,6.1
1927-09-19T00:00:00,3.8,16.1,6.7
1927-09-20T00:00:00,0.0,22.2,5.6
1927-09-21T00:00:00,0.0,26.7,5.6
1927-09-22T00:00:00,0.0,30.0,7.8
1927-09-23T00:00:00,0.0,27.8,8.3
1927-09-24T00:00:00,1.8,28.3,10.0
1927-09-25T00:00:00,0.0,28.3,10.0
1927-09-26T00:00:00,0.0,25.0,8.3
1927-09-27T00:00:00,0.0,16.7,2.2
1927-09-28T00:00:00,0.0,30.0,7.8
1927-09-29T00:00:00,0.0,31.1,13.3
1927-09-30T00:00:00,0.0,29.4,13.3
1927-10-01T00:00:00,0.0,28.9,6.1
1927-10-02T00:00:00,0.0,28.9,5.6
1927-10-03T00:00:00,0.0,26.1,9.4
1927-10-04T00:00:00,0.0,31.7,15.6
1927-10-05T00:00:00,0.0,30.6,6.1
1927-10-06T00:00:00,0.0,30.6,5.6
1927-10-07T00:00:00,0.0,18.9,4.4
1927-10-08T00:00:00,0.0,25.6,7.2
1927-10-09T00:00:00,0.0,31.1,11.1
1927-10-10T00:00:00,0.0,30.6,4.4
1927-10-11T00:00:00,0.0,26.1,7.8
1927-10-12T00:00:00,0.0,23.9,-0.6
1927-10-13T00:00:00,0.0,25.6,2.2
1927-10-14T00:00:00,0.0,24.4,2.2
1927-10-15T00:00:00,0.0,22.2,2.2
1927-10-16T00:00:00,0.0,22.8,3.3
1927-10-17T00:00:00,0.0,22.2,-2.2
1927-10-18T00:00:00,0.0,24.4,3.9
1927-10-19T00:00:00,0.0,26.1,7.2
1927-10-20T00:00:00,0.0,24.4,7.2
1927-10-21T00:00:00,0.0,27.2,6.7
1927-10-22T00:00:00,0.0,26.7,5.0
1927-10-23T00:00:00,0.0,27.2,7.8
1927-10-24T00:00:00,0.0,28.3,7.2
1927-10-25T00:00:00,0.0,27.8,7.8
1927-10-26T00:00:00,0.0,27.2,8.3
1927-10-27T00:00:00,0.0,26.7,7.8
1927-10-28T00:00:00,0.0,27.2,7.8
1927-10-29T00:00:00,0.0,23.9,2.2
1927-10-30T00:00:00,0.0,22.2,4.4
1927-10-31T00:00:00,0.0,23.9,2.8
1927-11-01T00:00:00,0.0,26.1,5.6
1927-11-02T00:00:00,0.0,24.4,1.1
1927-11-03T00:00:00,0.0,25.6,5.0
1927-11-04T00:00:00,0.0,27.8,5.0
1927-11-05T00:00:00,0.0,29.4,7.2
1927-11-06T00:00:00,0.0,21.1,0.6
1927-11-07T00:00:00,0.0,27.2,1.7
1927-11-08T00:00:00,0.0,26.7,4.4
1927-11-09T00:00:00,0.0,28.9,5.6
1927-11-10T00:00:00,0.0,29.4,4.4
1927-11-11T00:00:00,0.0,23.9,5.6
1927-11-12T00:00:00,0.0,15.6,0.0
1927-11-13T00:00:00,0.0,23.9,0.6
1927-11-14T00:00:00,0.0,25.0,7.8
1927-11-15T00:00:00,0.0,18.3,-2.2
1927-11-16T00:00:00,0.0,17.8,-4.4
1927-11-17T00:00:00,0.0,23.9,0.0
1927-11-18T00:00:00,0.0,22.8,-2.8
1927-11-19T00:00:00,0.0,24.4,1.1
1927-11-20T00:00:00,0.0,26.7,0.6
1927-11-21T00:00:00,0.0,23.3,1.1
1927-11-22T00:00:00,0.0,24.4,4.4
1927-11-23T00:00:00,0.0,18.9,7.2
1927-11-24T00:00:00,0.0,18.3,5.6
1927-11-25T00:00:00,0.0,21.1,6.7
1927-11-26T00:00:00,0.0,19.4,7.2
1927-11-27T00:00:00,0.0,25.6,5.6
1927-11-28T00:00:00,0.0,21.1,3.9
1927-11-29T00:00:00,0.0,24.4,5.6
1927-11-30T00:00:00,0.0,17.8,-2.2
1927-12-01T00:00:00,0.3,13.3,-4.4
1927-12-02T00:00:00,0.0,13.3,-4.4
1927-12-03T00:00:00,0.0,21.7,-5.0
1927-12-04T00:00:00,0.0,12.8,-1.7
1927-12-05T00:00:00,0.0,16.1,-6.7
1927-12-06T00:00:00,0.0,13.9,2.8
1927-12-07T00:00:00,0.0,11.1,-6.1
1927-12-08T00:00:00,0.0,2.2,-12.2
1927-12-09T00:00:00,0.0,16.1,-11.1
1927-12-10T00:00:00,0.0,17.8,-1.1
1927-12-11T00:00:00,1.3,12.8,2.8
1927-12-12T00:00:00,0.0,17.8,
1927-12-13T00:00:00,0.0,15.0,3.3
1927-12-14T00:00:00,0.0,15.0,0.0
1927-12-15T00:00:00,0.0,13.9,-9.4
1927-12-16T00:00:00,0.0,15.0,-11.1
1927-12-17T00:00:00,,7.8,-5.6
1927-12-18T00:00:00,6.4,-1.1,-11.7
1927-12-19T00:00:00,0.0,2.8,-9.4
1927-12-20T00:00:00,12.7,0.6,-10.6
1927-12-21T00:00:00,0.0,2.2,-13.3
1927-12-22T00:00:00,0.0,4.4,-12.2
1927-12-23T00:00:00,0.0,0.6,-9.4
1927-12-24T00:00:00,0.0,3.3,-6.1
1927-12-25T00:00:00,0.0,6.7,-8.3
1927-12-26T00:00:00,0.0,4.4,-5.0
1927-12-27T00:00:00,0.0,8.3,-5.0
1927-12-28T00:00:00,0.0,13.9,-0.6
1927-12-29T00:00:00,0.0,15.0,1.7
1927-12-30T00:00:00,0.0,12.2,2.2
1927-12-31T00:00:00,0.0,10.0,-11.7
1928-01-01T00:00:00,0.0,-1.7,-13.9
1928-01-02T00:00:00,0.0,16.1,-12.8
1928-01-03T00:00:00,0.0,9.4,-11.1
1928-01-04T00:00:00,0.0,14.4,-6.1
1928-01-05T00:00:00,0.0,12.2,-6.7
1928-01-06T00:00:00,0.0,13.9,-9.4
1928-01-07T00:00:00,0.0,15.6,1.7
1928-01-08T00:00:00,0.0,16.1,0.0
1928-01-09T00:00:00,0.0,13.9,-4.4
1928-01-10T00:00:00,0.0,21.1,1.1
1928-01-11T00:00:00,0.0,26.1,1.1
1928-01-12T00:00:00,0.0,21.7,1.1
1928-01-13T00:00:00,0.0,25.0,2.8
1928-01-14T00:00:00,0.0,22.8,6.7
1928-01-15T00:00:00,0.0,22.2,2.8
1928-01-16T00:00:00,0.0,20.0,3.3
1928-01-17T00:00:00,0.0,15.6,6.1
1928-01-18T00:00:00,0.0,15.0,2.2
1928-01-19T00:00:00,0.0,13.3,-6.1
1928-01-20T00:00:00,0.0,7.2,-6.1
1928-01-21T00:00:00,0.0,9.4,-7.2
1928-01-22T00:00:00,0.0,15.6,-1.1
1928-01-23T00:00:00,0.0,19.4,-0.6
1928-01-24T00:00:00,0.0,18.3,0.6
1928-01-25T00:00:00,0.0,17.8,-2.2
1928-01-26T00:00:00,0.0,14.4,-3.9
1928-01-27T00:00:00,0.0,15.0,-7.2
1928-01-28T00:00:00,0.0,18.3,-6.7
1928-01-29T00:00:00,0.0,22.2,0.0
1928-01-30T00:00:00,0.0,22.2,0.6
1928-01-31T00:00:00,0.0,16.7,-5.6
1928-02-01T00:00:00,0.0,11.7,-1.1
1928-02-02T00:00:00,0.0,15.6,0.0
1928-02-03T00:00:00,0.0,15.0,-3.9
1928-02-04T00:00:00,0.0,16.7,0.0
1928-02-05T00:00:00,0.0,20.0,2.2
1928-02-06T00:00:00,0.0,21.1,2.8
1928-02-07T00:00:00,0.0,15.6,-0.6
1928-02-08T00:00:00,0.0,12.2,-5.6
1928-02-09T00:00:00,0.0,8.9,0.6
1928-02-10T00:00:00,0.0,7.2,0.0
1928-02-11T00:00:00,1.3,6.7,1.1
1928-02-12T00:00:00,5.1,15.0,4.4
1928-02-13T00:00:00,0.0,9.4,-3.3
1928-02-14T00:00:00,0.0,13.3,-7.8
1928-02-15T00:00:00,0.0,13.9,-2.2
1928-02-16T00:00:00,25.4,7.2,-10.6
1928-02-17T00:00:00,0.0,7.8,-14.4
1928-02-18T00:00:00,0.0,10.6,-5.6
1928-02-19T00:00:00,0.0,12.8,-3.9
1928-02-20T00:00:00,0.0,10.0,-3.9
1928-02-21T00:00:00,0.0,18.9,-3.3
1928-02-22T00:00:00,0.0,18.3,-1.1
1928-02-23T00:00:00,0.0,15.6,-6.1
1928-02-24T00:00:00,0.0,7.8,-7.8
1928-02-25T00:00:00,0.0,5.6,-10.6
1928-02-26T00:00:00,0.0,11.7,-11.1
1928-02-27T00:00:00,0.0,17.2,-5.0
1928-02-28T00:00:00,0.0,23.9,-1.7
1928-02-29T00:00:00,0.0,23.9,7.2
1928-03-01T00:00:00,0.0,20.0,-2.2
1928-03-02T00:00:00,0.0,24.4,0.6
1928-03-03T00:00:00,0.0,18.9,0.6
1928-03-04T00:00:00,0.0,21.1,0.0
1928-03-05T00:00:00,0.0,22.2,1.7
1928-03-06T00:00:00,0.0,23.3,1.7
1928-03-07T00:00:00,0.0,25.0,2.8
1928-03-08T00:00:00,0.0,22.2,1.7
1928-03-09T00:00:00,0.0,18.3,1.7
1928-03-10T00:00:00,0.0,24.4,0.0
1928-03-11T00:00:00,0.0,25.6,3.3
1928-03-12T00:00:00,0.0,28.3,8.9
1928-03-13T00:00:00,0.0,21.1,2.8
1928-03-14T00:00:00,0.0,23.3,1.1
1928-03-15T00:00:00,0.0,20.6,0.6
1928-03-16T00:00:00,0.0,10.0,-6.1
1928-03-17T00:00:00,0.0,16.1,-7.8
1928-03-18T00:00:00,0.0,11.7,-3.9
1928-03-19T00:00:00,0.0,16.1,-5.0
1928-03-20T00:00:00,0.0,24.4,-0.6
1928-03-21T00:00:00,0.0,23.3,2.2
1928-03-22T00:00:00,0.0,24.4,7.8
1928-03-23T00:00:00,0.0,26.7,8.3
1928-03-24T00:00:00,0.0,28.3,6.7
1928-03-25T00:00:00,0.0,26.7,7.2
1928-03-26T00:00:00,0.0,24.4,10.0
1928-03-27T00:00:00,0.0,28.3,0.6
1928-03-28T00:00:00,0.0,24.4,7.8
1928-03-29T00:00:00,0.0,18.3,-1.1
1928-03-30T00:00:00,0.0,21.1,-2.8
1928-03-31T00:00:00,0.0,25.6,2.2
1928-04-01T00:00:00,0.0,25.6,3.9
1928-04-02T00:00:00,0.0,27.8,5.6
1928-04-03T00:00:00,0.0,26.7,6.1
1928-04-04T00:00:00,0.0,25.6,5.6
1928-04-05T00:00:00,0.0,12.8,0.6
1928-04-06T00:00:00,0.0,22.2,-5.0
1928-04-07T00:00:00,0.0,15.0,3.9
1928-04-08T00:00:00,0.0,3.9,-3.9
1928-04-09T00:00:00,14.0,6.1,-5.6
1928-04-10T00:00:00,0.0,21.1,-3.9
1928-04-11T00:00:00,0.0,23.3,4.4
1928-04-12T00:00:00,0.0,28.9,7.8
1928-04-13T00:00:00,0.0,22.2,1.7
1928-04-14T00:00:00,3.8,15.6,-3.9
1928-04-15T00:00:00,0.0,20.6,-4.4
1928-04-16T00:00:00,0.0,27.8,5.0
1928-04-17T00:00:00,0.0,32.2,5.6
1928-04-18T00:00:00,0.0,31.1,4.4
1928-04-19T00:00:00,0.0,27.8,5.6
1928-04-20T00:00:00,0.0,26.7,9.4
1928-04-21T00:00:00,0.0,22.8,3.9
1928-04-22T00:00:00,2.5,17.8,1.1
1928-04-23T00:00:00,0.0,24.4,1.1
1928-04-24T00:00:00,0.0,26.7,3.3
1928-04-25T00:00:00,0.0,27.8,4.4
1928-04-26T00:00:00,0.0,21.7,5.0
1928-04-27T00:00:00,0.0,23.9,2.8
1928-04-28T00:00:00,0.0,31.7,3.9
1928-04-29T00:00:00,0.0,34.4,15.0
1928-04-30T00:00:00,0.0,36.7,15.6
1928-05-01T00:00:00,0.0,31.1,8.9
1928-05-02T00:00:00,7.6,28.9,11.1
1928-05-03T00:00:00,6.4,25.0,7.8
1928-05-04T00:00:00,1.3,17.2,6.1
1928-05-05T00:00:00,0.0,21.7,0.0
1928-05-06T00:00:00,0.0,25.0,2.8
1928-05-07T00:00:00,0.0,27.2,5.0
1928-05-08T00:00:00,0.0,33.3,10.6
1928-05-09T00:00:00,0.0,32.8,18.3
1928-05-10T00:00:00,0.0,21.7,5.6
1928-05-11T00:00:00,31.8,16.1,5.6
1928-05-12T00:00:00,0.0,28.9,5.0
1928-05-13T00:00:00,0.0,21.7,6.1
1928-05-14T00:00:00,0.0,26.1,8.3
1928-05-15T00:00:00,0.0,28.9,10.6
1928-05-16T00:00:00,0.0,28.3,8.9
1928-05-17T00:00:00,0.0,28.9,10.0
1928-05-18T00:00:00,0.0,30.6,11.7
1928-05-19T00:00:00,0.0,27.8,11.1
1928-05-20T00:00:00,0.0,32.2,10.6
1928-05-21T00:00:00,0.0,24.4,12.2
1928-05-22T00:00:00,1.3,27.2,7.8
1928-05-23T00:00:00,0.0,27.2,7.8
1928-05-24T00:00:00,0.0,26.1,6.7
1928-05-25T00:00:00,6.4,30.0,14.4
1928-05-26T00:00:00,0.0,31.1,12.2
1928-05-27T00:00:00,0.0,32.8,15.6
1928-05-28T00:00:00,0.0,31.1,12.8
1928-05-29T00:00:00,0.0,32.8,16.7
1928-05-30T00:00:00,0.0,35.0,17.8
1928-05-31T00:00:00,0.0,34.4,15.6
1928-06-01T00:00:00,0.0,30.0,17.2
1928-06-02T00:00:00,0.0,29.4,13.3
1928-06-03T00:00:00,0.0,33.3,12.8
1928-06-04T00:00:00,0.0,25.6,8.3
1928-06-05T00:00:00,0.0,30.0,5.6
1928-06-06T00:00:00,0.0,34.4,9.4
1928-06-07T00:00:00,0.0,38.3,11.1
1928-06-08T00:00:00,0.0,36.1,16.7
1928-06-09T00:00:00,0.0,31.1,16.1
1928-06-10T00:00:00,0.0,32.8,15.0
1928-06-11T00:00:00,0.0,32.2,11.1
1928-06-12T00:00:00,0.0,28.3,10.0
1928-06-13T00:00:00,0.0,27.8,11.1
1928-06-14T00:00:00,0.0,33.3,7.2
1928-06-15T00:00:00,0.0,37.2,11.7
1928-06-16T00:00:00,0.0,38.9,12.8
1928-06-17T00:00:00,0.0,36.7,11.7
1928-06-18T00:00:00,0.0,35.6,12.2
1928-06-19T00:00:00,0.0,35.0,15.6
1928-06-20T00:00:00,0.0,35.6,15.0
1928-06-21T00:00:00,0.0,37.8,16.7
1928-06-22T00:00:00,0.0,37.8,18.3
1928-06-23T00:00:00,0.0,38.3,18.3
1928-06-24T00:00:00,0.0,36.1,18.3
1928-06-25T00:00:00,0.0,31.1,16.7
1928-06-26T00:00:00,0.0,37.8,16.7
1928-06-27T00:00:00,0.0,40.6,22.8
1928-06-28T00:00:00,0.0,37.8,23.3
1928-06-29T00:00:00,0.0,37.8,20.0
1928-06-30T00:00:00,0.0,38.9,17.2
1928-07-01T00:00:00,0.0,39.4,15.6
1928-07-02T00:00:00,0.0,38.9,13.3
1928-07-03T00:00:00,0.0,39.4,18.3
1928-07-04T00:00:00,0.3,38.9,15.0
1928-07-05T00:00:00,0.0,36.7,15.6
1928-07-06T00:00:00,0.0,35.6,18.3
1928-07-07T00:00:00,0.0,35.6,16.7
1928-07-08T00:00:00,0.0,36.1,16.7
1928-07-09T00:00:00,0.0,35.0,15.0
1928-07-10T00:00:00,0.0,35.6,15.6
1928-07-11T00:00:00,0.0,35.0,16.7
1928-07-12T00:00:00,0.0,35.0,17.2
1928-07-13T00:00:00,0.0,35.6,15.6
1928-07-14T00:00:00,0.0,37.2,15.6
1928-07-15T00:00:00,0.0,36.7,18.3
1928-07-16T00:00:00,0.0,36.7,16.7
1928-07-17T00:00:00,0.0,37.8,16.7
1928-07-18T00:00:00,0.0,37.2,15.6
1928-07-19T00:00:00,0.0,36.7,17.8
1928-07-20T00:00:00,8.4,35.0,17.2
1928-07-21T00:00:00,6.4,32.8,17.2
1928-07-22T00:00:00,5.1,28.3,15.6
1928-07-23T00:00:00,0.8,28.9,16.7
1928-07-24T00:00:00,52.1,24.4,13.3
1928-07-25T00:00:00,19.1,27.2,13.3
1928-07-26T00:00:00,17.8,27.8,
1928-07-27T00:00:00,0.0,30.0,11.1
1928-07-28T00:00:00,0.0,28.3,14.4
1928-07-29T00:00:00,0.0,30.0,13.3
1928-07-30T00:00:00,0.0,30.6,13.9
1928-07-31T00:00:00,0.0,24.4,15.0
1928-08-01T00:00:00,0.0,31.7,16.1
1928-08-02T00:00:00,0.0,29.4,18.3
1928-08-03T00:00:00,0.0,28.9,15.0
1928-08-04T00:00:00,3.8,28.9,13.3
1928-08-05T00:00:00,0.0,33.9,13.3
1928-08-06T00:00:00,0.0,34.4,13.3
1928-08-07T00:00:00,0.0,33.9,13.3
1928-08-08T00:00:00,2.5,30.6,13.9
1928-08-09T00:00:00,6.4,21.7,14.4
1928-08-10T00:00:00,58.4,23.3,13.9
1928-08-11T00:00:00,17.8,27.2,15.0
1928-08-12T00:00:00,0.0,28.9,13.3
1928-08-13T00:00:00,0.0,28.9,15.6
1928-08-14T00:00:00,0.0,27.8,14.4
1928-08-15T00:00:00,0.0,26.1,15.6
1928-08-16T00:00:00,8.9,28.9,16.7
1928-08-17T00:00:00,0.0,30.6,15.0
1928-08-18T00:00:00,1.3,28.3,15.0
1928-08-19T00:00:00,0.0,30.6,13.9
1928-08-20T00:00:00,0.0,32.2,12.8
1928-08-21T00:00:00,0.0,33.3,15.6
1928-08-22T00:00:00,0.0,32.2,16.1
1928-08-23T00:00:00,12.7,31.1,15.6
1928-08-24T00:00:00,8.9,18.3,13.3
1928-08-25T00:00:00,0.0,20.0,8.9
1928-08-26T00:00:00,0.0,27.8,11.1
1928-08-27T00:00:00,0.0,30.6,15.6
1928-08-28T00:00:00,0.0,28.9,14.4
1928-08-29T00:00:00,0.0,31.1,14.4
1928-08-30T00:00:00,0.0,27.8,15.6
1928-08-31T00:00:00,6.4,27.2,13.9
1928-09-01T00:00:00,0.0,28.3,13.9
1928-09-02T00:00:00,0.0,27.8,13.9
1928-09-03T00:00:00,2.5,29.4,11.7
1928-09-04T00:00:00,0.0,30.6,9.4
1928-09-05T00:00:00,0.0,29.4,10.0
1928-09-06T00:00:00,0.0,30.0,10.6
1928-09-07T00:00:00,0.0,31.1,8.9
1928-09-08T00:00:00,0.0,28.9,10.0
1928-09-09T00:00:00,0.0,32.8,7.8
1928-09-10T00:00:00,0.0,32.2,11.1
1928-09-11T00:00:00,0.0,33.3,12.8
1928-09-12T00:00:00,0.0,35.0,10.0
1928-09-13T00:00:00,0.0,33.3,13.9
1928-09-14T00:00:00,0.0,26.7,5.6
1928-09-15T00:00:00,0.0,29.4,8.9
1928-09-16T00:00:00,0.0,30.0,9.4
1928-09-17T00:00:00,0.0,28.9,10.0
1928-09-18T00:00:00,0.0,28.3,8.9
1928-09-19T00:00:00,0.0,31.1,11.1
1928-09-20T00:00:00,0.0,31.7,10.6
1928-09-21T00:00:00,7.1,25.6,5.0
1928-09-22T00:00:00,3.8,14.4,8.9
1928-09-23T00:00:00,0.0,23.3,8.3
1928-09-24T00:00:00,0.0,23.9,6.1
1928-09-25T00:00:00,0.0,20.6,8.9
1928-09-26T00:00:00,0.0,21.7,7.8
1928-09-27T00:00:00,3.0,18.3,8.9
1928-09-28T00:00:00,0.0,28.9,7.2
1928-09-29T00:00:00,0.0,31.1,11.7
1928-09-30T00:00:00,0.0,30.6,13.9
1928-10-01T00:00:00,0.0,33.9,15.0
1928-10-02T00:00:00,0.0,25.6,10.0
1928-10-03T00:00:00,0.0,28.3,6.1
1928-10-04T00:00:00,0.0,32.2,15.6
1928-10-05T00:00:00,0.0,31.7,10.6
1928-10-06T00:00:00,0.0,32.2,9.4
1928-10-07T00:00:00,0.0,31.7,8.3
1928-10-08T00:00:00,0.0,32.8,11.1
1928-10-09T00:00:00,0.0,31.1,10.0
1928-10-10T00:00:00,0.0,30.0,6.7
1928-10-11T00:00:00,0.0,26.1,11.1
1928-10-12T00:00:00,0.0,27.8,11.7
1928-10-13T00:00:00,6.4,28.3,15.6
1928-10-14T00:00:00,0.0,27.8,10.0
1928-10-15T00:00:00,0.0,22.2,2.2
1928-10-16T00:00:00,0.0,19.4,1.7
1928-10-17T00:00:00,0.0,23.9,0.6
1928-10-18T00:00:00,0.0,29.4,2.2
1928-10-19T00:00:00,0.0,22.2,2.8
1928-10-20T00:00:00,0.0,26.1,6.1
1928-10-21T00:00:00,0.0,26.7,11.7
1928-10-22T00:00:00,0.0,20.0,-0.6
1928-10-23T00:00:00,0.0,26.1,2.2
1928-10-24T00:00:00,0.0,25.0,3.9
1928-10-25T00:00:00,0.0,28.3,3.3
1928-10-26T00:00:00,0.0,28.9,5.6
1928-10-27T00:00:00,0.0,24.4,7.2
1928-10-28T00:00:00,0.0,22.2,6.1
1928-10-29T00:00:00,14.0,20.0,7.8
1928-10-30T00:00:00,6.4,9.4,1.7
1928-10-31T00:00:00,24.1,16.1,2.2
1928-11-01T00:00:00,0.0,12.8,2.8
1928-11-02T00:00:00,0.0,8.3,-1.1
1928-11-03T00:00:00,0.0,12.2,-3.9
1928-11-04T00:00:00,6.9,7.8,1.1
1928-11-05T00:00:00,0.0,20.0,2.2
1928-11-06T00:00:00,0.0,20.6,1.7
1928-11-07T00:00:00,0.0,22.8,5.6
1928-11-08T00:00:00,0.0,18.3,1.7
1928-11-09T00:00:00,0.0,17.8,2.2
1928-11-10T00:00:00,0.0,21.1,0.0
1928-11-11T00:00:00,0.0,21.1,1.7
1928-11-12T00:00:00,0.0,13.3,0.0
1928-11-13T00:00:00,0.0,16.7,2.2
1928-11-14T00:00:00,0.0,24.4,4.4
1928-11-15T00:00:00,0.0,23.3,0.0
1928-11-16T00:00:00,0.0,16.1,2.2
1928-11-17T00:00:00,0.0,16.7,-3.3
1928-11-18T00:00:00,0.0,11.7,-4.4
1928-11-19T00:00:00,0.0,13.9,-7.2
1928-11-20T00:00:00,0.0,14.4,-7.2
1928-11-21T00:00:00,0.0,21.1,-1.7
1928-11-22T00:00:00,0.0,15.0,-1.1
1928-11-23T00:00:00,0.0,20.0,-2.8
1928-11-24T00:00:00,0.0,14.4,0.0
1928-11-25T00:00:00,1.3,14.4,-2.8
1928-11-26T00:00:00,0.0,4.4,-3.3
1928-11-27T00:00:00,0.0,17.2,-6.1
1928-11-28T00:00:00,0.0,18.9,0.0
1928-11-29T00:00:00,0.0,15.6,-6.7
1928-11-30T00:00:00,0.0,14.4,-2.2
1928-12-01T00:00:00,0.0,20.0,-5.6
1928-12-02T00:00:00,0.0,16.1,1.7
1928-12-03T00:00:00,0.0,18.3,-6.7
1928-12-04T00:00:00,0.0,16.1,-0.6
1928-12-05T00:00:00,0.0,9.4,-3.3
1928-12-06T00:00:00,6.4,5.0,-2.2
1928-12-07T00:00:00,0.0,9.4,-1.7
1928-12-08T00:00:00,0.0,14.4,3.3
1928-12-09T00:00:00,0.0,16.7,-1.7
1928-12-10T00:00:00,0.0,15.6,1.7
1928-12-11T00:00:00,0.0,16.1,-5.6
1928-12-12T00:00:00,6.4,10.6,-1.7
1928-12-13T00:00:00,0.0,15.6,-6.7
1928-12-14T00:00:00,0.0,11.1,-5.6
1928-12-15T00:00:00,0.0,18.9,-3.9
1928-12-16T00:00:00,0.0,14.4,-2.2
1928-12-17T00:00:00,0.0,7.2,-10.0
1928-12-18T00:00:00,0.0,11.7,-9.4
1928-12-19T00:00:00,0.0,4.4,-6.7
1928-12-20T00:00:00,0.0,6.1,-12.2
1928-12-21T00:00:00,0.0,11.1,-10.6
1928-12-22T00:00:00,0.0,14.4,-7.8
1928-12-23T00:00:00,0.0,14.4,-7.8
1928-12-24T00:00:00,0.0,14.4,-5.6
1928-12-25T00:00:00,0.0,15.6,-11.1
1928-12-26T00:00:00,0.0,20.0,-1.1
1928-12-27T00:00:00,0.0,21.1,-2.2
1928-12-28T00:00:00,0.0,23.3,-3.3
1928-12-29T00:00:00,0.0,14.4,-2.2
1928-12-30T00:00:00,0.0,18.3,-3.9
1928-12-31T00:00:00,0.0,13.3,-6.7
1929-01-01T00:00:00,0.0,5.6,-12.2
1929-01-02T00:00:00,0.0,13.9,-12.2
1929-01-03T00:00:00,0.0,13.9,-5.6
1929-01-04T00:00:00,0.0,11.1,-6.7
1929-01-05T00:00:00,0.0,8.3,-6.7
1929-01-06T00:00:00,0.0,16.7,-11.1
1929-01-07T00:00:00,0.0,10.6,-8.3
1929-01-08T00:00:00,0.0,7.8,-6.1
1929-01-09T00:00:00,0.0,17.2,-1.1
1929-01-10T00:00:00,0.0,11.7,-5.0
1929-01-11T00:00:00,0.0,10.6,-5.6
1929-01-12T00:00:00,0.0,20.0,-5.0
1929-01-13T00:00:00,0.0,20.0,-4.4
1929-01-14T00:00:00,0.0,20.0,1.7
1929-01-15T00:00:00,0.0,12.8,-5.6
1929-01-16T00:00:00,0.0,18.9,-3.3
1929-01-17T00:00:00,0.0,15.0,4.4
1929-01-18T00:00:00,0.0,12.8,1.7
1929-01-19T00:00:00,0.0,14.4,0.0
1929-01-20T00:00:00,0.0,15.0,-7.8
1929-01-21T00:00:00,0.0,11.1,-6.7
1929-01-22T00:00:00,0.0,12.2,-4.4
1929-01-23T00:00:00,0.0,15.6,0.0
1929-01-24T00:00:00,0.0,11.7,0.0
1929-01-25T00:00:00,0.0,12.8,-13.9
1929-01-26T00:00:00,0.0,14.4,-8.3
1929-01-27T00:00:00,0.0,14.4,-7.8
1929-01-28T00:00:00,0.0,22.2,0.6
1929-01-29T00:00:00,0.0,21.1,-3.3
1929-01-30T00:00:00,0.0,22.2,1.1
1929-01-31T00:00:00,0.0,16.1,-5.0
1929-02-01T00:00:00,0.0,8.3,-6.1
1929-02-02T00:00:00,0.0,20.0,-3.9
1929-02-03T00:00:00,0.0,20.0,0.0
1929-02-04T00:00:00,0.0,20.6,-2.2
1929-02-05T00:00:00,0.0,18.9,2.2
1929-02-06T00:00:00,0.0,16.1,-0.6
1929-02-07T00:00:00,14.0,1.1,-8.3
1929-02-08T00:00:00,10.2,20.6,-16.7
1929-02-09T00:00:00,0.0,18.9,-16.1
1929-02-10T00:00:00,0.0,1.1,-16.7
1929-02-11T00:00:00,0.0,5.0,-16.7
1929-02-12T00:00:00,0.0,12.2,-10.6
1929-02-13T00:00:00,0.0,13.9,-11.1
1929-02-14T00:00:00,0.0,18.3,-1.7
1929-02-15T00:00:00,1.3,13.3,-6.7
1929-02-16T00:00:00,0.0,16.7,-5.6
1929-02-17T00:00:00,0.0,20.0,-3.3
1929-02-18T00:00:00,0.0,21.1,-1.7
1929-02-19T00:00:00,0.0,,2.2
1929-02-20T00:00:00,0.0,,0.6
1929-02-21T00:00:00,0.0,22.2,-1.1
1929-02-22T00:00:00,0.0,18.9,-4.4
1929-02-23T00:00:00,0.0,20.6,-9.4
1929-02-24T00:00:00,0.0,17.8,-3.3
1929-02-25T00:00:00,0.0,12.2,-5.6
1929-02-26T00:00:00,0.0,7.8,-6.7
1929-02-27T00:00:00,0.0,14.4,-8.9
1929-02-28T00:00:00,0.0,13.9,-3.3
1929-03-01T00:00:00,0.0,12.2,-11.1
1929-03-02T00:00:00,0.0,19.4,-1.1
1929-03-03T00:00:00,0.0,16.7,-1.1
1929-03-04T00:00:00,0.0,18.9,-3.9
1929-03-05T00:00:00,0.0,25.6,0.6
1929-03-06T00:00:00,0.0,28.3,5.6
1929-03-07T00:00:00,0.0,27.8,4.4
1929-03-08T00:00:00,0.0,25.6,2.2
1929-03-09T00:00:00,0.0,18.9,-1.1
1929-03-10T00:00:00,0.0,17.2,-3.9
1929-03-11T00:00:00,0.0,21.1,0.0
1929-03-12T00:00:00,0.0,17.8,-3.3
1929-03-13T00:00:00,0.0,16.1,-5.6
1929-03-14T00:00:00,0.0,13.3,-3.3
1929-03-15T00:00:00,0.0,13.9,-6.7
1929-03-16T00:00:00,0.0,12.2,-5.6
1929-03-17T00:00:00,0.0,11.7,0.6
1929-03-18T00:00:00,0.0,20.0,-5.6
1929-03-19T00:00:00,0.0,16.7,-1.1
1929-03-20T00:00:00,0.0,16.1,-0.6
1929-03-21T00:00:00,0.0,21.7,-1.7
1929-03-22T00:00:00,0.0,23.3,-1.1
1929-03-23T00:00:00,0.0,22.8,6.7
1929-03-24T00:00:00,0.0,21.1,8.9
1929-03-25T00:00:00,0.0,26.7,6.7
1929-03-26T00:00:00,0.0,17.2,1.7
1929-03-27T00:00:00,25.4,10.0,2.2
1929-03-28T00:00:00,0.0,20.6,0.0
1929-03-29T00:00:00,0.0,26.7,2.2
1929-03-30T00:00:00,0.0,26.7,7.2
1929-03-31T00:00:00,0.0,25.6,4.4
1929-04-01T00:00:00,0.0,20.0,-0.6
1929-04-02T00:00:00,0.0,24.4,0.0
1929-04-03T00:00:00,0.0,28.3,4.4
1929-04-04T00:00:00,0.0,31.7,5.0
1929-04-05T00:00:00,0.0,21.7,7.2
1929-04-06T00:00:00,0.0,21.1,7.2
1929-04-07T00:00:00,0.0,22.2,
1929-04-08T00:00:00,0.0,24.4,
1929-04-09T00:00:00,0.0,24.4,
1929-04-10T00:00:00,0.0,,
1929-04-11T00:00:00,0.0,23.3,
1929-04-12T00:00:00,0.0,,0.0
1929-04-13T00:00:00,0.0,22.8,
1929-04-14T00:00:00,0.0,,0.6
1929-04-15T00:00:00,0.0,,6.7
1929-04-16T00:00:00,0.0,24.4,8.9
1929-04-17T00:00:00,0.0,27.8,5.6
1929-04-18T00:00:00,0.0,28.9,7.8
1929-04-19T00:00:00,0.0,25.6,4.4
1929-04-20T00:00:00,0.0,26.7,
1929-04-21T00:00:00,0.0,22.2,1.1
1929-04-22T00:00:00,0.0,27.2,4.4
1929-04-23T00:00:00,0.0,27.8,-0.6
1929-04-24T00:00:00,0.0,23.9,4.4
1929-04-25T00:00:00,0.0,,
1929-04-26T00:00:00,0.0,,
1929-04-27T00:00:00,0.0,25.6,
1929-04-28T00:00:00,0.0,23.9,
1929-04-29T00:00:00,0.0,28.3,7.2
1929-04-30T00:00:00,0.0,27.8,7.8
1929-05-01T00:00:00,0.0,24.4,10.0
1929-05-02T00:00:00,0.0,21.7,-2.2
1929-05-03T00:00:00,0.0,30.6,0.6
1929-05-04T00:00:00,0.0,31.7,11.1
1929-05-05T00:00:00,0.0,32.8,10.0
1929-05-06T00:00:00,0.0,31.7,10.0
1929-05-07T00:00:00,0.0,26.7,7.2
1929-05-08T00:00:00,0.0,30.0,8.9
1929-05-09T00:00:00,1.3,24.4,8.9
1929-05-10T00:00:00,0.0,34.4,10.0
1929-05-11T00:00:00,0.0,31.7,7.2
1929-05-12T00:00:00,0.0,28.9,7.8
1929-05-13T00:00:00,0.0,23.9,5.0
1929-05-14T00:00:00,0.0,35.6,4.4
1929-05-15T00:00:00,0.0,33.9,7.2
1929-05-16T00:00:00,11.9,29.4,8.3
1929-05-17T00:00:00,22.9,20.6,7.8
1929-05-18T00:00:00,1.3,25.0,10.0
1929-05-19T00:00:00,1.3,17.8,7.8
1929-05-20T00:00:00,5.1,22.2,8.9
1929-05-21T00:00:00,0.0,18.3,8.9
1929-05-22T00:00:00,0.0,15.6,6.7
1929-05-23T00:00:00,5.1,19.4,7.8
1929-05-24T00:00:00,2.5,24.4,7.8
1929-05-25T00:00:00,0.0,28.3,8.9
1929-05-26T00:00:00,0.0,30.0,10.0
1929-05-27T00:00:00,0.0,31.1,13.3
1929-05-28T00:00:00,0.0,30.0,8.9
1929-05-29T00:00:00,0.0,27.8,8.9
1929-05-30T00:00:00,0.0,28.9,7.8
1929-05-31T00:00:00,0.0,26.7,10.6
1929-06-01T00:00:00,5.1,30.6,8.9
1929-06-02T00:00:00,0.0,,10.0
1929-06-03T00:00:00,0.0,30.0,8.9
1929-06-04T00:00:00,0.0,28.9,10.0
1929-06-05T00:00:00,0.0,31.7,9.4
1929-06-06T00:00:00,0.0,32.2,9.4
1929-06-07T00:00:00,0.0,33.3,11.1
1929-06-08T00:00:00,0.0,32.2,12.8
1929-06-09T00:00:00,0.0,33.9,11.7
1929-06-10T00:00:00,12.7,35.6,13.9
1929-06-11T00:00:00,0.0,34.4,13.3
1929-06-12T00:00:00,0.0,31.1,11.1
1929-06-13T00:00:00,0.0,28.9,10.0
1929-06-14T00:00:00,0.0,30.0,11.1
1929-06-15T00:00:00,0.0,35.6,13.3
1929-06-16T00:00:00,0.0,35.0,12.8
1929-06-17T00:00:00,0.0,35.0,15.0
1929-06-18T00:00:00,0.0,35.0,12.8
1929-06-19T00:00:00,0.0,34.4,13.3
1929-06-20T00:00:00,0.0,33.9,13.3
1929-06-21T00:00:00,0.0,36.7,13.3
1929-06-22T00:00:00,0.0,37.8,13.3
1929-06-23T00:00:00,0.0,37.2,
1929-06-24T00:00:00,0.0,30.6,16.7
1929-06-25T00:00:00,0.0,29.4,13.3
1929-06-26T00:00:00,0.0,36.7,13.3
1929-06-27T00:00:00,0.0,37.8,13.3
1929-06-28T00:00:00,0.0,37.2,15.0
1929-06-29T00:00:00,0.0,34.4,16.7
1929-06-30T00:00:00,38.1,27.2,14.4
1929-07-01T00:00:00,0.0,31.1,17.2
1929-07-02T00:00:00,2.5,28.3,17.2
1929-07-03T00:00:00,0.0,29.4,11.7
1929-07-04T00:00:00,0.0,31.7,12.2
1929-07-05T00:00:00,0.0,31.7,13.3
1929-07-06T00:00:00,0.0,35.0,18.9
1929-07-07T00:00:00,0.0,33.3,15.6
1929-07-08T00:00:00,0.0,35.0,16.7
1929-07-09T00:00:00,0.0,31.7,14.4
1929-07-10T00:00:00,0.0,31.1,15.6
1929-07-11T00:00:00,0.0,33.3,16.7
1929-07-12T00:00:00,0.0,33.3,14.4
1929-07-13T00:00:00,0.0,32.2,13.3
1929-07-14T00:00:00,0.0,32.2,13.3
1929-07-15T00:00:00,0.0,32.2,13.3
1929-07-16T00:00:00,0.0,32.2,13.3
1929-07-17T00:00:00,0.0,35.6,16.7
1929-07-18T00:00:00,48.8,32.8,15.6
1929-07-19T00:00:00,0.0,31.1,14.4
1929-07-20T00:00:00,0.0,33.3,16.7
1929-07-21T00:00:00,0.0,,16.7
1929-07-22T00:00:00,0.0,33.3,16.7
1929-07-23T00:00:00,0.0,33.3,16.7
1929-07-24T00:00:00,0.0,32.2,15.6
1929-07-25T00:00:00,0.0,28.9,17.8
1929-07-26T00:00:00,0.0,31.1,14.4
1929-07-27T00:00:00,0.0,32.8,13.3
1929-07-28T00:00:00,19.1,30.6,13.3
1929-07-29T00:00:00,20.3,23.3,15.0
1929-07-30T00:00:00,0.0,29.4,15.0
1929-07-31T00:00:00,0.0,30.6,13.9
1929-08-01T00:00:00,0.0,31.7,13.3
1929-08-02T00:00:00,0.0,33.3,13.3
1929-08-03T00:00:00,0.0,32.2,13.3
1929-08-04T00:00:00,0.0,32.2,13.3
1929-08-05T00:00:00,0.0,34.4,14.4
1929-08-06T00:00:00,0.0,33.3,13.3
1929-08-07T00:00:00,0.0,31.1,18.3
1929-08-08T00:00:00,3.8,31.1,14.4
1929-08-09T00:00:00,3.8,27.8,15.6
1929-08-10T00:00:00,0.0,31.7,15.0
1929-08-11T00:00:00,0.0,32.2,15.6
1929-08-12T00:00:00,0.0,32.2,15.6
1929-08-13T00:00:00,0.0,33.3,15.6
1929-08-14T00:00:00,0.0,32.2,13.3
1929-08-15T00:00:00,0.0,33.9,15.0
1929-08-16T00:00:00,0.0,33.3,13.3
1929-08-17T00:00:00,0.0,34.4,18.3
1929-08-18T00:00:00,0.0,32.8,14.4
1929-08-19T00:00:00,0.0,32.8,15.0
1929-08-20T00:00:00,0.0,31.1,12.8
1929-08-21T00:00:00,0.0,33.3,15.6
1929-08-22T00:00:00,16.5,31.1,13.3
1929-08-23T00:00:00,0.0,28.9,14.4
1929-08-24T00:00:00,0.0,32.2,14.4
1929-08-25T00:00:00,0.0,33.3,
1929-08-26T00:00:00,0.0,31.1,15.6
1929-08-27T00:00:00,0.0,32.2,15.6
1929-08-28T00:00:00,0.0,33.9,14.4
1929-08-29T00:00:00,22.4,28.3,13.9
1929-08-30T00:00:00,0.0,31.1,13.3
1929-08-31T00:00:00,0.0,32.2,13.3
1929-09-01T00:00:00,0.0,32.2,13.3
1929-09-02T00:00:00,0.0,33.9,13.3
1929-09-03T00:00:00,0.0,33.9,11.7
1929-09-04T00:00:00,0.0,32.8,12.8
1929-09-05T00:00:00,1.8,27.2,12.8
1929-09-06T00:00:00,0.0,28.9,7.8
1929-09-07T00:00:00,1.3,33.3,10.0
1929-09-08T00:00:00,0.0,32.2,13.3
1929-09-09T00:00:00,0.0,26.7,
1929-09-10T00:00:00,29.2,21.7,7.2
1929-09-11T00:00:00,2.5,19.4,7.2
1929-09-12T00:00:00,0.0,28.9,8.9
1929-09-13T00:00:00,0.0,32.2,10.0
1929-09-14T00:00:00,0.0,28.3,11.1
1929-09-15T00:00:00,2.5,31.7,8.9
1929-09-16T00:00:00,0.0,31.1,7.2
1929-09-17T00:00:00,3.8,23.9,11.1
1929-09-18T00:00:00,0.0,28.3,11.7
1929-09-19T00:00:00,4.6,31.7,11.7
1929-09-20T00:00:00,0.0,29.4,11.1
1929-09-21T00:00:00,0.0,27.8,8.9
1929-09-22T00:00:00,0.0,27.8,8.9
1929-09-23T00:00:00,0.0,27.8,6.7
1929-09-24T00:00:00,0.0,31.1,11.7
1929-09-25T00:00:00,0.0,33.9,13.3
1929-09-26T00:00:00,0.0,32.2,12.2
1929-09-27T00:00:00,0.0,33.3,12.8
1929-09-28T00:00:00,0.0,32.2,11.1
1929-09-29T00:00:00,0.0,32.2,11.7
1929-09-30T00:00:00,0.0,28.9,11.1
1929-10-01T00:00:00,0.0,32.8,10.6
1929-10-02T00:00:00,0.0,32.2,12.8
1929-10-03T00:00:00,0.0,33.9,13.3
1929-10-04T00:00:00,0.0,31.1,12.2
1929-10-05T00:00:00,0.0,32.2,9.4
1929-10-06T00:00:00,0.0,34.4,10.0
1929-10-07T00:00:00,0.0,28.3,10.0
1929-10-08T00:00:00,0.0,25.0,8.3
1929-10-09T00:00:00,0.0,26.7,10.0
1929-10-10T00:00:00,0.0,26.1,7.2
1929-10-11T00:00:00,0.0,26.7,12.8
1929-10-12T00:00:00,5.1,21.1,7.2
1929-10-13T00:00:00,0.0,15.6,4.4
1929-10-14T00:00:00,0.8,,13.3
1929-10-15T00:00:00,0.0,,
1929-10-16T00:00:00,0.0,28.9,
1929-10-17T00:00:00,2.0,21.1,11.1
1929-10-18T00:00:00,0.0,,
1929-10-19T00:00:00,0.0,27.8,7.2
1929-10-20T00:00:00,0.0,28.3,8.9
1929-10-21T00:00:00,0.0,27.8,5.6
1929-10-22T00:00:00,0.0,20.0,8.9
1929-10-23T00:00:00,0.0,,2.2
1929-10-24T00:00:00,0.0,,
1929-10-25T00:00:00,0.0,14.4,2.2
1929-10-26T00:00:00,0.0,15.6,2.2
1929-10-27T00:00:00,6.4,,
1929-10-28T00:00:00,0.0,17.8,3.3
1929-10-29T00:00:00,3.8,,7.2
1929-10-30T00:00:00,0.0,7.8,2.2
1929-10-31T00:00:00,0.0,16.7,-1.1
1929-11-01T00:00:00,0.0,15.6,-1.1
1929-11-02T00:00:00,0.0,19.4,-3.3
1929-11-03T00:00:00,0.0,14.4,2.2
1929-11-04T00:00:00,0.0,14.4,-3.3
1929-11-05T00:00:00,0.0,15.0,2.2
1929-11-06T00:00:00,0.0,23.3,4.4
1929-11-07T00:00:00,0.0,18.3,7.2
1929-11-08T00:00:00,11.4,12.8,-1.1
1929-11-09T00:00:00,10.2,11.1,
1929-11-10T00:00:00,0.0,20.6,0.6
1929-11-11T00:00:00,0.0,20.0,2.2
1929-11-12T00:00:00,0.0,12.8,0.6
1929-11-13T00:00:00,0.0,6.7,-6.7
1929-11-14T00:00:00,0.0,10.6,-6.1
1929-11-15T00:00:00,0.0,10.6,5.0
1929-11-16T00:00:00,0.0,16.1,-1.1
1929-11-17T00:00:00,0.0,21.1,1.7
1929-11-18T00:00:00,0.0,17.8,-1.1
1929-11-19T00:00:00,0.0,16.1,-1.1
1929-11-20T00:00:00,0.0,6.7,
1929-11-21T00:00:00,0.0,,
1929-11-22T00:00:00,0.0,6.7,-7.8
1929-11-23T00:00:00,0.0,,-1.1
1929-11-24T00:00:00,3.0,,-2.2
1929-11-25T00:00:00,0.0,,-3.3
1929-11-26T00:00:00,0.0,,1.1
1929-11-27T00:00:00,0.0,22.2,
1929-11-28T00:00:00,0.0,25.6,
1929-11-29T00:00:00,0.0,16.1,
1929-11-30T00:00:00,0.0,20.0,-6.7
1929-12-01T00:00:00,0.0,-1.1,
1929-12-02T00:00:00,0.0,4.4,-1.1
1929-12-03T00:00:00,0.0,13.3,-8.3
1929-12-04T00:00:00,0.0,18.9,
1929-12-05T00:00:00,0.0,18.3,5.0
1929-12-06T00:00:00,0.0,21.7,
1929-12-07T00:00:00,0.0,23.3,9.4
1929-12-08T00:00:00,0.0,,
1929-12-09T00:00:00,0.0,21.1,
1929-12-10T00:00:00,0.0,21.7,5.6
1929-12-11T00:00:00,0.0,22.2,
1929-12-12T00:00:00,0.0,,14.4
1929-12-13T00:00:00,0.0,23.3,2.2
1929-12-14T00:00:00,0.0,23.3,3.9
1929-12-15T00:00:00,0.0,15.0,-3.3
1929-12-16T00:00:00,0.0,16.1,-2.8
1929-12-17T00:00:00,0.0,7.8,-3.3
1929-12-18T00:00:00,0.0,16.1,-2.8
1929-12-19T00:00:00,2.5,7.8,
1929-12-20T00:00:00,0.0,11.7,-7.2
1929-12-21T00:00:00,0.0,13.3,-11.1
1929-12-22T00:00:00,0.0,9.4,-8.9
1929-12-23T00:00:00,0.0,13.9,-7.8
1929-12-24T00:00:00,0.0,14.4,-2.2
1929-12-25T00:00:00,0.0,20.0,-0.6
1929-12-26T00:00:00,0.0,20.0,0.0
1929-12-27T00:00:00,0.0,12.8,-2.8
1929-12-28T00:00:00,0.0,13.3,-5.6
1929-12-29T00:00:00,0.0,17.2,-5.0
1929-12-30T00:00:00,0.8,20.6,2.2
1929-12-31T00:00:00,0.0,21.1,3.3
1930-01-01T00:00:00,0.0,16.1,2.2
1930-01-02T00:00:00,0.0,16.1,-2.8
1930-01-03T00:00:00,0.0,6.7,-10.0
1930-01-04T00:00:00,0.0,13.9,-8.3
1930-01-05T00:00:00,0.0,17.2,2.2
1930-01-06T00:00:00,0.0,18.9,7.2
1930-01-07T00:00:00,0.0,13.9,-2.2
1930-01-08T00:00:00,2.5,2.8,-4.4
1930-01-09T00:00:00,2.0,-2.8,-6.7
1930-01-10T00:00:00,0.0,-5.6,-9.4
1930-01-11T00:00:00,0.0,11.7,-8.9
1930-01-12T00:00:00,0.0,18.9,-4.4
1930-01-13T00:00:00,0.0,12.8,-3.3
1930-01-14T00:00:00,0.0,10.0,-2.8
1930-01-15T00:00:00,0.0,12.8,-1.1
1930-01-16T00:00:00,0.0,-1.1,-9.4
1930-01-17T00:00:00,0.8,-5.0,-16.1
1930-01-18T00:00:00,0.0,-1.7,-11.7
1930-01-19T00:00:00,0.0,15.0,-9.4
1930-01-20T00:00:00,1.8,12.8,-3.3
1930-01-21T00:00:00,0.0,10.0,-11.1
1930-01-22T00:00:00,0.0,0.0,-13.3
1930-01-23T00:00:00,0.0,7.2,-11.1
1930-01-24T00:00:00,0.0,7.2,-5.6
1930-01-25T00:00:00,0.0,17.8,-5.6
1930-01-26T00:00:00,0.0,16.7,2.2
1930-01-27T00:00:00,0.0,16.1,-1.1
1930-01-28T00:00:00,0.0,19.4,-1.1
1930-01-29T00:00:00,0.0,9.4,-6.7
1930-01-30T00:00:00,0.0,11.7,-1.1
1930-01-31T00:00:00,0.0,19.4,-6.1
1930-02-01T00:00:00,0.0,14.4,2.2
1930-02-02T00:00:00,0.0,13.3,2.2
1930-02-03T00:00:00,0.0,15.6,-1.1
1930-02-04T00:00:00,0.0,12.8,1.7
1930-02-05T00:00:00,0.0,18.9,-2.2
1930-02-06T00:00:00,0.0,23.9,2.8
1930-02-07T00:00:00,0.0,20.0,5.6
1930-02-08T00:00:00,0.0,23.9,0.0
1930-02-09T00:00:00,0.0,20.0,-1.1
1930-02-10T00:00:00,0.0,15.6,-5.0
1930-02-11T00:00:00,0.0,12.8,-5.0
1930-02-12T00:00:00,0.0,24.4,0.0
1930-02-13T00:00:00,0.0,25.6,2.2
1930-02-14T00:00:00,0.0,24.4,2.2
1930-02-15T00:00:00,0.0,25.6,0.0
1930-02-16T00:00:00,0.0,18.9,3.9
1930-02-17T00:00:00,0.0,22.2,-1.7
1930-02-18T00:00:00,0.0,24.4,4.4
1930-02-19T00:00:00,0.0,25.6,5.6
1930-02-20T00:00:00,0.0,22.2,6.7
1930-02-21T00:00:00,0.0,26.1,3.9
1930-02-22T00:00:00,0.0,24.4,4.4
1930-02-23T00:00:00,0.0,24.4,7.8
1930-02-24T00:00:00,0.0,23.9,7.2
1930-02-25T00:00:00,0.0,18.9,8.3
1930-02-26T00:00:00,0.0,16.1,-0.6
1930-02-27T00:00:00,0.0,14.4,-3.9
1930-02-28T00:00:00,0.0,18.3,3.3
1930-03-01T00:00:00,0.0,14.4,-2.8
1930-03-02T00:00:00,0.0,13.3,-7.2
1930-03-03T00:00:00,0.0,9.4,-5.6
1930-03-04T00:00:00,0.0,22.2,-5.0
1930-03-05T00:00:00,0.0,25.0,5.6
1930-03-06T00:00:00,0.0,18.9,4.4
1930-03-07T00:00:00,0.0,13.9,1.1
1930-03-08T00:00:00,0.0,16.7,-2.2
1930-03-09T00:00:00,0.0,18.9,0.6
1930-03-10T00:00:00,0.0,18.9,4.4
1930-03-11T00:00:00,0.0,16.7,-0.6
1930-03-12T00:00:00,0.0,19.4,-1.1
1930-03-13T00:00:00,0.0,23.3,-1.7
1930-03-14T00:00:00,0.0,21.1,5.0
1930-03-15T00:00:00,0.0,22.2,3.3
1930-03-16T00:00:00,0.0,23.3,3.3
1930-03-17T00:00:00,0.0,18.9,4.4
1930-03-18T00:00:00,0.0,18.3,-3.3
1930-03-19T00:00:00,0.0,22.2,2.2
1930-03-20T00:00:00,0.0,22.2,1.7
1930-03-21T00:00:00,0.0,25.6,2.2
1930-03-22T00:00:00,0.0,25.6,8.3
1930-03-23T00:00:00,0.0,18.3,0.0
1930-03-24T00:00:00,0.0,17.8,-1.7
1930-03-25T00:00:00,0.0,15.6,0.0
1930-03-26T00:00:00,12.7,22.8,-1.7
1930-03-27T00:00:00,0.0,25.6,-1.7
1930-03-28T00:00:00,0.0,13.9,-3.9
1930-03-29T00:00:00,0.0,21.1,1.7
1930-03-30T00:00:00,0.0,24.4,2.2
1930-03-31T00:00:00,0.0,23.9,11.7
1930-04-01T00:00:00,0.0,21.7,8.9
1930-04-02T00:00:00,0.0,27.8,7.8
1930-04-03T00:00:00,0.0,23.9,7.2
1930-04-04T00:00:00,0.0,26.7,8.9
1930-04-05T00:00:00,0.0,27.2,7.8
1930-04-06T00:00:00,0.0,28.9,6.7
1930-04-07T00:00:00,0.0,31.1,7.8
1930-04-08T00:00:00,0.0,31.1,11.1
1930-04-09T00:00:00,0.0,28.9,8.9
1930-04-10T00:00:00,7.6,28.9,10.0
1930-04-11T00:00:00,2.5,22.2,11.1
1930-04-12T00:00:00,0.0,21.1,10.6
1930-04-13T00:00:00,0.0,30.0,14.4
1930-04-14T00:00:00,0.0,26.7,14.4
1930-04-15T00:00:00,0.0,25.6,13.3
1930-04-16T00:00:00,0.0,26.7,15.6
1930-04-17T00:00:00,0.0,23.3,5.6
1930-04-18T00:00:00,0.0,25.6,7.8
1930-04-19T00:00:00,0.0,28.9,4.4
1930-04-20T00:00:00,0.0,26.7,5.0
1930-04-21T00:00:00,0.0,28.9,7.8
1930-04-22T00:00:00,0.0,,4.4
1930-04-23T00:00:00,0.0,28.9,4.4
1930-04-24T00:00:00,2.5,25.6,2.2
1930-04-25T00:00:00,0.0,26.7,3.3
1930-04-26T00:00:00,0.0,27.8,8.9
1930-04-27T00:00:00,3.8,23.3,2.2
1930-04-28T00:00:00,5.1,20.6,1.1
1930-04-29T00:00:00,0.0,26.1,7.8
1930-04-30T00:00:00,0.0,27.2,10.0
1930-05-01T00:00:00,0.0,31.1,8.9
1930-05-02T00:00:00,0.0,31.1,12.8
1930-05-03T00:00:00,0.0,27.8,10.0
1930-05-04T00:00:00,0.0,27.8,10.0
1930-05-05T00:00:00,0.0,26.1,10.6
1930-05-06T00:00:00,0.0,21.7,7.8
1930-05-07T00:00:00,0.0,23.3,7.8
1930-05-08T00:00:00,0.0,25.0,7.8
1930-05-09T00:00:00,0.0,23.3,6.7
1930-05-10T00:00:00,0.0,22.2,7.2
1930-05-11T00:00:00,0.0,25.6,8.3
1930-05-12T00:00:00,0.0,30.0,13.3
1930-05-13T00:00:00,0.0,27.8,11.1
1930-05-14T00:00:00,0.0,32.8,15.6
1930-05-15T00:00:00,0.0,28.3,11.7
1930-05-16T00:00:00,0.0,25.6,15.6
1930-05-17T00:00:00,0.0,25.6,10.0
1930-05-18T00:00:00,0.0,26.7,15.6
1930-05-19T00:00:00,0.0,33.3,15.6
1930-05-20T00:00:00,0.0,32.2,15.6
1930-05-21T00:00:00,0.0,35.0,17.8
1930-05-22T00:00:00,0.0,33.3,16.7
1930-05-23T00:00:00,0.0,25.6,8.9
1930-05-24T00:00:00,0.0,22.2,5.6
1930-05-25T00:00:00,0.0,26.1,15.0
1930-05-26T00:00:00,0.0,27.8,15.6
1930-05-27T00:00:00,12.7,27.8,14.4
1930-05-28T00:00:00,5.1,20.0,15.6
1930-05-29T00:00:00,0.0,23.3,16.1
1930-05-30T00:00:00,25.4,22.2,15.6
1930-05-31T00:00:00,1.3,22.8,16.7
1930-06-01T00:00:00,0.0,27.8,15.6
1930-06-02T00:00:00,0.0,30.6,16.7
1930-06-03T00:00:00,0.0,31.1,17.8
1930-06-04T00:00:00,0.0,32.8,16.1
1930-06-05T00:00:00,0.0,26.7,14.4
1930-06-06T00:00:00,0.0,26.1,16.7
1930-06-07T00:00:00,0.0,27.8,16.7
1930-06-08T00:00:00,0.0,27.8,11.1
1930-06-09T00:00:00,0.0,29.4,16.7
1930-06-10T00:00:00,0.0,23.9,16.1
1930-06-11T00:00:00,0.0,25.6,15.6
1930-06-12T00:00:00,0.0,30.6,13.9
1930-06-13T00:00:00,0.0,33.9,17.2
1930-06-14T00:00:00,0.0,32.8,17.2
1930-06-15T00:00:00,0.0,30.0,16.7
1930-06-16T00:00:00,0.0,30.6,16.1
1930-06-17T00:00:00,0.0,31.1,17.2
1930-06-18T00:00:00,0.0,34.4,17.8
1930-06-19T00:00:00,0.0,34.4,18.9
1930-06-20T00:00:00,0.0,32.8,17.8
1930-06-21T00:00:00,0.0,28.9,16.7
1930-06-22T00:00:00,0.0,33.3,16.7
1930-06-23T00:00:00,0.0,35.6,18.9
1930-06-24T00:00:00,0.0,36.1,19.4
1930-06-25T00:00:00,0.0,37.2,20.6
1930-06-26T00:00:00,0.0,35.0,17.2
1930-06-27T00:00:00,0.0,34.4,15.0
1930-06-28T00:00:00,0.0,38.9,14.4
1930-06-29T00:00:00,0.0,38.3,17.8
1930-06-30T00:00:00,0.0,35.0,18.3
1930-07-01T00:00:00,0.0,33.3,18.9
1930-07-02T00:00:00,1.3,33.3,17.8
1930-07-03T00:00:00,0.0,33.3,17.8
1930-07-04T00:00:00,0.0,32.2,17.2
1930-07-05T00:00:00,0.0,32.2,15.6
1930-07-06T00:00:00,0.0,32.2,15.6
1930-07-07T00:00:00,0.0,33.3,15.6
1930-07-08T00:00:00,0.0,31.7,15.6
1930-07-09T00:00:00,0.0,31.7,17.8
1930-07-10T00:00:00,0.0,30.6,16.7
1930-07-11T00:00:00,0.0,31.7,16.7
1930-07-12T00:00:00,0.0,35.0,16.7
1930-07-13T00:00:00,0.0,34.4,17.2
1930-07-14T00:00:00,0.0,31.1,21.1
1930-07-15T00:00:00,5.1,30.0,16.7
1930-07-16T00:00:00,0.0,33.9,13.3
1930-07-17T00:00:00,0.0,35.0,15.0
1930-07-18T00:00:00,0.0,34.4,15.6
1930-07-19T00:00:00,0.0,34.4,18.9
1930-07-20T00:00:00,0.0,33.3,18.9
1930-07-21T00:00:00,4.3,28.9,18.3
1930-07-22T00:00:00,9.4,31.1,17.8
1930-07-23T00:00:00,21.6,30.6,16.7
1930-07-24T00:00:00,0.0,30.6,18.3
1930-07-25T00:00:00,2.5,31.1,18.9
1930-07-26T00:00:00,0.0,32.8,17.8
1930-07-27T00:00:00,0.0,33.3,16.7
1930-07-28T00:00:00,0.0,35.0,16.7
1930-07-29T00:00:00,0.0,33.3,16.7
1930-07-30T00:00:00,0.0,31.7,19.4
1930-07-31T00:00:00,0.8,32.2,17.8
1930-08-01T00:00:00,0.0,32.8,17.8
1930-08-02T00:00:00,0.0,34.4,17.8
1930-08-03T00:00:00,0.0,35.6,18.9
1930-08-04T00:00:00,0.0,34.4,17.8
1930-08-05T00:00:00,0.0,33.9,18.9
1930-08-06T00:00:00,1.8,33.9,17.2
1930-08-07T00:00:00,0.0,26.1,14.4
1930-08-08T00:00:00,2.5,31.1,20.0
1930-08-09T00:00:00,6.1,26.1,16.7
1930-08-10T00:00:00,0.0,31.1,16.7
1930-08-11T00:00:00,0.0,30.0,16.7
1930-08-12T00:00:00,0.0,31.1,16.7
1930-08-13T00:00:00,0.0,31.1,17.2
1930-08-14T00:00:00,0.0,36.7,16.7
1930-08-15T00:00:00,0.0,33.9,18.9
1930-08-16T00:00:00,0.0,36.1,18.9
1930-08-17T00:00:00,0.0,36.1,16.7
1930-08-18T00:00:00,0.0,37.2,18.9
1930-08-19T00:00:00,0.0,37.2,17.2
1930-08-20T00:00:00,0.0,38.3,17.2
1930-08-21T00:00:00,0.0,37.2,20.6
1930-08-22T00:00:00,0.0,35.6,18.9
1930-08-23T00:00:00,1.3,37.8,20.6
1930-08-24T00:00:00,0.0,35.0,18.9
1930-08-25T00:00:00,0.0,31.7,16.7
1930-08-26T00:00:00,0.0,27.8,15.0
1930-08-27T00:00:00,0.0,32.2,16.1
1930-08-28T00:00:00,0.0,30.0,16.7
1930-08-29T00:00:00,0.0,31.7,13.3
1930-08-30T00:00:00,0.0,34.4,15.0
1930-08-31T00:00:00,0.0,35.6,15.0
1930-09-01T00:00:00,0.0,35.6,15.0
1930-09-02T00:00:00,0.0,32.2,17.2
1930-09-03T00:00:00,0.0,29.4,15.0
1930-09-04T00:00:00,0.0,31.7,16.7
1930-09-05T00:00:00,0.0,32.8,15.0
1930-09-06T00:00:00,0.0,34.4,16.7
1930-09-07T00:00:00,0.0,34.4,16.7
1930-09-08T00:00:00,0.0,31.7,16.7
1930-09-09T00:00:00,0.0,32.2,15.6
1930-09-10T00:00:00,0.0,32.8,15.0
1930-09-11T00:00:00,0.0,35.6,17.2
1930-09-12T00:00:00,0.0,35.6,17.2
1930-09-13T00:00:00,0.0,33.9,15.0
1930-09-14T00:00:00,0.0,34.4,16.7
1930-09-15T00:00:00,0.0,30.0,12.8
1930-09-16T00:00:00,0.0,32.8,11.1
1930-09-17T00:00:00,0.0,33.9,12.8
1930-09-18T00:00:00,0.0,35.6,13.3
1930-09-19T00:00:00,0.0,37.2,17.8
1930-09-20T00:00:00,0.0,30.6,16.1
1930-09-21T00:00:00,0.0,28.9,13.3
1930-09-22T00:00:00,0.0,35.6,17.8
1930-09-23T00:00:00,0.0,31.1,11.7
1930-09-24T00:00:00,0.0,31.1,13.9
1930-09-25T00:00:00,0.0,32.2,16.7
1930-09-26T00:00:00,0.0,21.7,7.8
1930-09-27T00:00:00,0.0,22.2,10.0
1930-09-28T00:00:00,0.0,25.6,4.4
1930-09-29T00:00:00,0.0,31.1,8.9
1930-09-30T00:00:00,2.5,26.1,16.1
1930-10-01T00:00:00,35.6,21.7,12.8
1930-10-02T00:00:00,6.4,24.4,12.2
1930-10-03T00:00:00,0.0,26.1,13.3
1930-10-04T00:00:00,6.9,23.3,15.6
1930-10-05T00:00:00,2.5,21.7,14.4
1930-10-06T00:00:00,7.6,20.6,10.6
1930-10-07T00:00:00,0.0,26.7,10.6
1930-10-08T00:00:00,0.0,28.3,11.7
1930-10-09T00:00:00,0.0,29.4,10.0
1930-10-10T00:00:00,17.8,24.4,16.1
1930-10-11T00:00:00,2.5,22.2,15.0
1930-10-12T00:00:00,0.0,21.7,6.1
1930-10-13T00:00:00,0.0,21.1,12.8
1930-10-14T00:00:00,0.0,24.4,12.2
1930-10-15T00:00:00,0.0,26.7,14.4
1930-10-16T00:00:00,0.0,25.0,8.3
1930-10-17T00:00:00,0.0,18.3,4.4
1930-10-18T00:00:00,0.0,15.0,7.8
1930-10-19T00:00:00,0.0,22.2,11.1
1930-10-20T00:00:00,0.0,18.3,7.8
1930-10-21T00:00:00,0.0,16.7,13.9
1930-10-22T00:00:00,0.0,18.3,12.8
1930-10-23T00:00:00,1.3,17.8,7.8
1930-10-24T00:00:00,0.0,20.0,3.9
1930-10-25T00:00:00,0.0,24.4,8.9
1930-10-26T00:00:00,0.0,20.0,11.1
1930-10-27T00:00:00,0.0,20.0,8.9
1930-10-28T00:00:00,1.8,15.6,5.6
1930-10-29T00:00:00,0.0,17.2,1.7
1930-10-30T00:00:00,0.0,20.0,5.6
1930-10-31T00:00:00,0.0,20.0,2.2
1930-11-01T00:00:00,0.0,22.2,3.3
1930-11-02T00:00:00,0.0,18.3,5.0
1930-11-03T00:00:00,0.0,21.7,2.2
1930-11-04T00:00:00,0.0,22.8,7.8
1930-11-05T00:00:00,0.0,17.2,7.8
1930-11-06T00:00:00,0.0,17.8,0.0
1930-11-07T00:00:00,0.0,13.3,0.0
1930-11-08T00:00:00,0.0,15.0,7.8
1930-11-09T00:00:00,0.0,12.8,5.6
1930-11-10T00:00:00,0.0,16.1,6.7
1930-11-11T00:00:00,4.3,15.0,7.2
1930-11-12T00:00:00,0.0,17.8,1.7
1930-11-13T00:00:00,0.0,18.9,7.2
1930-11-14T00:00:00,0.0,12.8,3.3
1930-11-15T00:00:00,0.0,16.7,3.3
1930-11-16T00:00:00,0.0,12.8,1.1
1930-11-17T00:00:00,0.0,20.6,10.6
1930-11-18T00:00:00,0.0,15.6,0.0
1930-11-19T00:00:00,0.0,11.1,-1.1
1930-11-20T00:00:00,0.0,7.8,-5.6
1930-11-21T00:00:00,0.0,5.0,0.0
1930-11-22T00:00:00,0.0,11.1,-1.1
1930-11-23T00:00:00,0.0,10.0,-3.3
1930-11-24T00:00:00,0.0,21.1,2.2
1930-11-25T00:00:00,0.0,14.4,-2.8
1930-11-26T00:00:00,0.0,13.9,-2.8
1930-11-27T00:00:00,0.0,16.7,-0.6
1930-11-28T00:00:00,5.1,12.2,4.4
1930-11-29T00:00:00,0.0,13.9,-1.1
1930-11-30T00:00:00,0.0,13.3,0.0
1930-12-01T00:00:00,0.0,14.4,-3.9
1930-12-02T00:00:00,0.0,16.7,-1.7
1930-12-03T00:00:00,0.0,11.7,2.8
1930-12-04T00:00:00,1.3,13.3,3.9
1930-12-05T00:00:00,0.0,11.7,-2.8
1930-12-06T00:00:00,0.0,9.4,-2.8
1930-12-07T00:00:00,0.0,12.8,-2.2
1930-12-08T00:00:00,0.0,12.8,-1.1
1930-12-09T00:00:00,6.9,8.9,3.3
1930-12-10T00:00:00,0.0,17.8,0.0
1930-12-11T00:00:00,0.0,14.4,1.1
1930-12-12T00:00:00,0.0,16.1,0.0
1930-12-13T00:00:00,0.0,17.8,-1.7
1930-12-14T00:00:00,0.0,16.7,2.2
1930-12-15T00:00:00,0.0,7.2,0.0
1930-12-16T00:00:00,0.0,10.0,-6.7
1930-12-17T00:00:00,0.0,11.7,2.8
1930-12-18T00:00:00,0.0,10.0,-6.7
1930-12-19T00:00:00,0.0,7.8,-4.4
1930-12-20T00:00:00,0.0,8.3,-6.7
1930-12-21T00:00:00,0.0,2.2,-5.6
1930-12-22T00:00:00,0.0,9.4,-7.8
1930-12-23T00:00:00,0.0,12.2,-4.4
1930-12-24T00:00:00,0.0,7.2,-5.0
1930-12-25T00:00:00,0.0,8.3,-5.6
1930-12-26T00:00:00,0.0,6.1,-6.1
1930-12-27T00:00:00,0.0,11.1,-5.6
1930-12-28T00:00:00,0.0,12.8,-5.0
1930-12-29T00:00:00,0.0,7.2,-5.6
1930-12-30T00:00:00,0.0,5.0,0.0
1930-12-31T00:00:00,0.0,6.7,-3.9
1931-01-01T00:00:00,0.0,11.7,-6.7
1931-01-02T00:00:00,0.0,16.1,-1.1
1931-01-03T00:00:00,0.0,15.6,4.4
1931-01-04T00:00:00,10.2,7.8,0.0
1931-01-05T00:00:00,0.0,7.8,-2.2
1931-01-06T00:00:00,0.0,12.8,1.7
1931-01-07T00:00:00,0.0,13.9,-3.3
1931-01-08T00:00:00,0.0,11.1,-3.3
1931-01-09T00:00:00,0.0,10.0,2.8
1931-01-10T00:00:00,5.6,7.2,-1.1
1931-01-11T00:00:00,0.0,7.2,-2.8
1931-01-12T00:00:00,0.0,7.2,-3.9
1931-01-13T00:00:00,0.0,15.0,-5.0
1931-01-14T00:00:00,0.0,7.2,-5.0
1931-01-15T00:00:00,0.0,1.7,-3.3
1931-01-16T00:00:00,0.0,7.2,-3.9
1931-01-17T00:00:00,0.0,11.1,-6.7
1931-01-18T00:00:00,0.0,8.9,-3.9
1931-01-19T00:00:00,0.0,9.4,-6.1
1931-01-20T00:00:00,0.0,11.7,-5.0
1931-01-21T00:00:00,0.0,16.7,-1.1
1931-01-22T00:00:00,0.0,16.7,0.0
1931-01-23T00:00:00,0.0,16.1,-0.6
1931-01-24T00:00:00,0.0,16.7,0.0
1931-01-25T00:00:00,0.0,10.0,0.0
1931-01-26T00:00:00,1.3,7.8,-3.3
1931-01-27T00:00:00,17.0,8.3,-3.3
1931-01-28T00:00:00,0.0,15.0,1.1
1931-01-29T00:00:00,0.0,15.0,3.9
1931-01-30T00:00:00,0.0,15.0,4.4
1931-01-31T00:00:00,0.0,17.8,3.3
1931-02-01T00:00:00,2.0,17.8,4.4
1931-02-02T00:00:00,0.0,16.7,3.3
1931-02-03T00:00:00,0.0,15.0,1.7
1931-02-04T00:00:00,0.0,13.9,3.3
1931-02-05T00:00:00,6.4,16.1,5.0
1931-02-06T00:00:00,0.0,18.3,5.6
1931-02-07T00:00:00,1.3,12.8,7.2
1931-02-08T00:00:00,0.0,13.3,5.6
1931-02-09T00:00:00,0.0,10.0,7.2
1931-02-10T00:00:00,0.0,15.6,-1.1
1931-02-11T00:00:00,0.0,16.1,1.7
1931-02-12T00:00:00,2.5,12.2,6.7
1931-02-13T00:00:00,0.0,10.0,1.7
1931-02-14T00:00:00,0.0,4.4,1.7
1931-02-15T00:00:00,1.8,11.1,0.6
1931-02-16T00:00:00,0.0,20.0,3.9
1931-02-17T00:00:00,0.0,13.9,3.9
1931-02-18T00:00:00,0.0,17.2,0.6
1931-02-19T00:00:00,0.0,15.6,0.6
1931-02-20T00:00:00,0.0,15.6,2.2
1931-02-21T00:00:00,0.0,15.6,2.2
1931-02-22T00:00:00,0.0,15.6,3.3
1931-02-23T00:00:00,12.7,7.8,0.0
1931-02-24T00:00:00,0.0,13.3,-1.7
1931-02-25T00:00:00,0.0,11.1,-1.1
1931-02-26T00:00:00,0.0,9.4,0.0
1931-02-27T00:00:00,0.0,17.8,0.6
1931-02-28T00:00:00,0.0,15.6,1.7
1931-03-01T00:00:00,0.0,8.9,-1.7
1931-03-02T00:00:00,0.0,16.7,-3.3
1931-03-03T00:00:00,0.0,17.2,2.2
1931-03-04T00:00:00,0.0,20.6,0.0
1931-03-05T00:00:00,0.0,20.6,8.9
1931-03-06T00:00:00,1.3,16.7,-4.4
1931-03-07T00:00:00,0.0,10.6,-6.1
1931-03-08T00:00:00,0.0,10.0,-6.1
1931-03-09T00:00:00,0.0,16.7,-4.4
1931-03-10T00:00:00,0.0,20.0,0.6
1931-03-11T00:00:00,0.0,22.8,1.7
1931-03-12T00:00:00,0.0,25.6,4.4
1931-03-13T00:00:00,0.0,23.3,7.8
1931-03-14T00:00:00,0.0,20.0,2.8
1931-03-15T00:00:00,7.6,12.8,4.4
1931-03-16T00:00:00,0.0,26.1,8.9
1931-03-17T00:00:00,0.0,23.9,2.8
1931-03-18T00:00:00,0.0,20.0,10.0
1931-03-19T00:00:00,0.0,22.8,-0.6
1931-03-20T00:00:00,0.0,20.0,3.3
1931-03-21T00:00:00,0.0,28.9,6.7
1931-03-22T00:00:00,0.0,23.3,8.3
1931-03-23T00:00:00,0.0,18.9,2.2
1931-03-24T00:00:00,0.8,15.6,6.1
1931-03-25T00:00:00,0.0,16.7,2.2
1931-03-26T00:00:00,0.0,7.8,-8.9
1931-03-27T00:00:00,0.0,17.2,-6.1
1931-03-28T00:00:00,0.0,20.0,-1.1
1931-03-29T00:00:00,0.0,22.2,5.6
1931-03-30T00:00:00,0.0,21.1,0.0
1931-03-31T00:00:00,0.0,21.7,-3.9
1931-04-01T00:00:00,0.0,29.4,7.2
1931-04-02T00:00:00,0.0,29.4,11.7
1931-04-03T00:00:00,0.0,23.3,7.8
1931-04-04T00:00:00,0.0,15.6,1.7
1931-04-05T00:00:00,0.0,20.6,-1.1
1931-04-06T00:00:00,0.0,23.9,3.9
1931-04-07T00:00:00,0.0,28.3,7.8
1931-04-08T00:00:00,6.4,25.0,10.0
1931-04-09T00:00:00,2.5,16.1,5.6
1931-04-10T00:00:00,0.0,22.8,2.8
1931-04-11T00:00:00,0.0,23.3,2.2
1931-04-12T00:00:00,0.0,22.2,1.7
1931-04-13T00:00:00,0.0,25.6,2.2
1931-04-14T00:00:00,0.0,27.2,5.0
1931-04-15T00:00:00,0.0,23.3,10.0
1931-04-16T00:00:00,0.0,22.2,7.8
1931-04-17T00:00:00,5.1,19.4,10.0
1931-04-18T00:00:00,26.7,20.0,8.3
1931-04-19T00:00:00,0.0,23.3,13.3
1931-04-20T00:00:00,0.0,20.0,7.8
1931-04-21T00:00:00,0.0,15.6,3.9
1931-04-22T00:00:00,0.0,17.8,3.9
1931-04-23T00:00:00,7.1,18.9,6.7
1931-04-24T00:00:00,0.0,23.3,6.7
1931-04-25T00:00:00,0.0,25.0,8.9
1931-04-26T00:00:00,0.0,21.1,4.4
1931-04-27T00:00:00,0.0,10.0,7.2
1931-04-28T00:00:00,3.0,12.8,7.2
1931-04-29T00:00:00,6.9,16.1,7.2
1931-04-30T00:00:00,1.3,20.0,6.7
1931-05-01T00:00:00,1.3,22.2,8.3
1931-05-02T00:00:00,1.0,17.8,7.8
1931-05-03T00:00:00,8.9,18.3,7.8
1931-05-04T00:00:00,3.8,26.1,10.0
1931-05-05T00:00:00,0.0,23.9,8.9
1931-05-06T00:00:00,0.0,18.9,10.0
1931-05-07T00:00:00,0.0,29.4,8.9
1931-05-08T00:00:00,0.0,22.2,13.3
1931-05-09T00:00:00,0.0,20.6,7.2
1931-05-10T00:00:00,0.0,22.2,6.7
1931-05-11T00:00:00,0.0,17.2,12.8
1931-05-12T00:00:00,0.0,24.4,11.7
1931-05-13T00:00:00,0.0,27.8,7.2
1931-05-14T00:00:00,0.0,29.4,7.8
1931-05-15T00:00:00,0.0,30.0,11.1
1931-05-16T00:00:00,0.0,30.6,14.4
1931-05-17T00:00:00,0.0,30.6,13.3
1931-05-18T00:00:00,0.0,32.8,16.1
1931-05-19T00:00:00,0.0,26.1,10.6
1931-05-20T00:00:00,0.0,25.0,7.8
1931-05-21T00:00:00,0.0,30.6,7.2
1931-05-22T00:00:00,0.0,21.7,3.9
1931-05-23T00:00:00,0.0,30.6,8.3
1931-05-24T00:00:00,0.0,32.8,7.8
1931-05-25T00:00:00,0.0,34.4,18.9
1931-05-26T00:00:00,0.0,31.7,12.8
1931-05-27T00:00:00,0.0,29.4,11.1
1931-05-28T00:00:00,1.5,27.8,13.3
1931-05-29T00:00:00,0.0,24.4,13.3
1931-05-30T00:00:00,0.0,19.4,8.3
1931-05-31T00:00:00,0.0,28.3,14.4
1931-06-01T00:00:00,0.0,31.7,16.7
1931-06-02T00:00:00,0.0,33.9,12.8
1931-06-03T00:00:00,0.0,32.2,15.6
1931-06-04T00:00:00,0.0,33.3,15.6
1931-06-05T00:00:00,0.0,31.7,13.3
1931-06-06T00:00:00,31.8,31.7,13.3
1931-06-07T00:00:00,0.0,31.7,18.9
1931-06-08T00:00:00,5.1,31.7,18.3
1931-06-09T00:00:00,0.0,31.7,15.6
1931-06-10T00:00:00,0.0,30.0,15.6
1931-06-11T00:00:00,0.0,32.8,16.7
1931-06-12T00:00:00,0.0,35.0,17.2
1931-06-13T00:00:00,0.0,36.7,14.4
1931-06-14T00:00:00,0.0,36.1,13.3
1931-06-15T00:00:00,0.0,32.8,15.0
1931-06-16T00:00:00,0.0,31.1,18.3
1931-06-17T00:00:00,0.0,34.4,18.3
1931-06-18T00:00:00,0.0,32.8,17.8
1931-06-19T00:00:00,0.0,36.1,16.7
1931-06-20T00:00:00,0.0,36.7,18.3
1931-06-21T00:00:00,0.0,32.8,16.1
1931-06-22T00:00:00,0.0,30.6,15.6
1931-06-23T00:00:00,0.0,31.7,13.9
1931-06-24T00:00:00,0.0,33.3,16.7
1931-06-25T00:00:00,0.0,31.7,15.0
1931-06-26T00:00:00,0.0,31.7,15.6
1931-06-27T00:00:00,0.0,32.2,17.8
1931-06-28T00:00:00,0.0,29.4,15.6
1931-06-29T00:00:00,16.5,27.8,18.3
1931-06-30T00:00:00,1.8,28.9,16.7
1931-07-01T00:00:00,7.9,28.9,17.8
1931-07-02T00:00:00,0.0,28.3,18.3
1931-07-03T00:00:00,0.0,28.9,16.7
1931-07-04T00:00:00,0.0,32.8,18.3
1931-07-05T00:00:00,1.5,27.8,16.7
1931-07-06T00:00:00,0.0,35.6,15.0
1931-07-07T00:00:00,0.0,33.3,16.1
1931-07-08T00:00:00,0.0,32.8,18.9
1931-07-09T00:00:00,0.0,31.7,17.2
1931-07-10T00:00:00,0.0,32.2,15.6
1931-07-11T00:00:00,0.0,33.9,16.7
1931-07-12T00:00:00,0.0,33.3,17.2
1931-07-13T00:00:00,0.0,33.3,17.2
1931-07-14T00:00:00,0.0,33.3,18.9
1931-07-15T00:00:00,0.0,34.4,17.2
1931-07-16T00:00:00,0.0,35.0,18.3
1931-07-17T00:00:00,0.5,33.3,16.1
1931-07-18T00:00:00,0.0,31.7,13.3
1931-07-19T00:00:00,10.2,32.2,18.3
1931-07-20T00:00:00,4.6,31.7,19.4
1931-07-21T00:00:00,2.5,28.9,19.4
1931-07-22T00:00:00,0.0,32.2,17.8
1931-07-23T00:00:00,0.0,33.9,17.2
1931-07-24T00:00:00,0.0,33.9,18.3
1931-07-25T00:00:00,0.0,32.8,10.6
1931-07-26T00:00:00,0.0,31.7,13.3
1931-07-27T00:00:00,0.0,30.6,13.9
1931-07-28T00:00:00,0.0,34.4,15.0
1931-07-29T00:00:00,0.0,31.1,17.2
1931-07-30T00:00:00,0.0,31.1,18.9
1931-07-31T00:00:00,0.0,30.6,17.2
1931-08-01T00:00:00,0.0,26.7,19.4
1931-08-02T00:00:00,34.0,28.9,19.4
1931-08-03T00:00:00,11.7,27.8,18.3
1931-08-04T00:00:00,0.0,28.9,19.4
1931-08-05T00:00:00,0.0,32.2,17.2
1931-08-06T00:00:00,0.0,35.6,25.6
1931-08-07T00:00:00,0.0,35.6,26.7
1931-08-08T00:00:00,0.0,34.4,25.6
1931-08-09T00:00:00,0.0,31.1,20.0
1931-08-10T00:00:00,40.6,24.4,18.3
1931-08-11T00:00:00,0.0,24.4,14.4
1931-08-12T00:00:00,0.0,28.3,16.1
1931-08-13T00:00:00,0.0,30.0,16.1
1931-08-14T00:00:00,0.0,29.4,16.1
1931-08-15T00:00:00,0.0,30.0,16.1
1931-08-16T00:00:00,0.0,27.8,14.4
1931-08-17T00:00:00,0.0,27.2,13.3
1931-08-18T00:00:00,0.0,31.7,15.6
1931-08-19T00:00:00,0.0,29.4,13.3
1931-08-20T00:00:00,0.0,32.2,17.8
1931-08-21T00:00:00,0.0,32.2,16.7
1931-08-22T00:00:00,0.0,30.0,18.9
1931-08-23T00:00:00,0.0,28.3,14.4
1931-08-24T00:00:00,0.0,29.4,15.0
1931-08-25T00:00:00,0.0,31.7,16.7
1931-08-26T00:00:00,0.0,34.4,16.1
1931-08-27T00:00:00,0.0,37.8,14.4
1931-08-28T00:00:00,0.0,31.1,16.1
1931-08-29T00:00:00,0.0,29.4,16.7
1931-08-30T00:00:00,0.0,31.7,17.8
1931-08-31T00:00:00,0.0,30.6,10.6
1931-09-01T00:00:00,0.0,31.7,16.1
1931-09-02T00:00:00,0.0,29.4,15.6
1931-09-03T00:00:00,0.0,34.4,16.7
1931-09-04T00:00:00,0.0,34.4,16.7
1931-09-05T00:00:00,0.0,31.7,17.2
1931-09-06T00:00:00,0.0,32.2,16.7
1931-09-07T00:00:00,0.0,32.2,17.2
1931-09-08T00:00:00,0.0,32.2,14.4
1931-09-09T00:00:00,0.0,31.1,14.4
1931-09-10T00:00:00,0.0,30.0,18.3
1931-09-11T00:00:00,0.0,31.1,17.2
1931-09-12T00:00:00,0.0,32.2,16.7
1931-09-13T00:00:00,0.0,33.3,16.7
1931-09-14T00:00:00,0.0,33.3,14.4
1931-09-15T00:00:00,0.0,33.9,16.7
1931-09-16T00:00:00,0.0,33.3,20.0
1931-09-17T00:00:00,0.0,31.7,15.6
1931-09-18T00:00:00,0.8,30.6,20.0
1931-09-19T00:00:00,0.5,31.7,18.9
1931-09-20T00:00:00,0.0,30.6,15.6
1931-09-21T00:00:00,0.0,29.4,14.4
1931-09-22T00:00:00,0.8,31.1,12.2
1931-09-23T00:00:00,1.8,27.8,12.2
1931-09-24T00:00:00,0.0,32.8,15.6
1931-09-25T00:00:00,0.0,31.1,15.6
1931-09-26T00:00:00,0.0,27.8,16.7
1931-09-27T00:00:00,0.0,31.1,17.8
1931-09-28T00:00:00,29.2,31.1,17.2
1931-09-29T00:00:00,0.0,27.2,17.8
1931-09-30T00:00:00,2.5,26.1,15.6
1931-10-01T00:00:00,2.5,31.1,16.7
1931-10-02T00:00:00,0.0,26.1,14.4
1931-10-03T00:00:00,0.0,30.0,15.6
1931-10-04T00:00:00,0.0,31.1,14.4
1931-10-05T00:00:00,0.0,31.7,13.9
1931-10-06T00:00:00,0.0,31.1,15.6
1931-10-07T00:00:00,0.0,27.2,13.3
1931-10-08T00:00:00,0.0,25.0,12.2
1931-10-09T00:00:00,0.0,28.9,15.6
1931-10-10T00:00:00,0.0,31.1,14.4
1931-10-11T00:00:00,0.0,29.4,14.4
1931-10-12T00:00:00,0.0,26.1,10.0
1931-10-13T00:00:00,0.0,24.4,12.8
1931-10-14T00:00:00,0.0,31.1,14.4
1931-10-15T00:00:00,0.0,26.1,11.1
1931-10-16T00:00:00,0.0,25.6,6.7
1931-10-17T00:00:00,0.0,26.7,10.0
1931-10-18T00:00:00,1.3,26.7,12.8
1931-10-19T00:00:00,3.0,21.1,10.0
1931-10-20T00:00:00,0.0,22.2,8.9
1931-10-21T00:00:00,0.8,22.2,10.0
1931-10-22T00:00:00,0.0,23.9,11.1
1931-10-23T00:00:00,0.0,26.1,13.3
1931-10-24T00:00:00,0.0,27.2,10.0
1931-10-25T00:00:00,0.0,29.4,12.8
1931-10-26T00:00:00,0.0,27.2,10.6
1931-10-27T00:00:00,0.0,22.8,5.6
1931-10-28T00:00:00,0.0,22.2,10.0
1931-10-29T00:00:00,0.0,21.1,7.8
1931-10-30T00:00:00,0.0,20.0,0.0
1931-10-31T00:00:00,0.0,21.7,1.7
1931-11-01T00:00:00,0.0,20.6,4.4
1931-11-02T00:00:00,0.0,26.1,10.0
1931-11-03T00:00:00,0.0,26.1,13.3
1931-11-04T00:00:00,0.0,26.1,11.1
1931-11-05T00:00:00,0.0,25.6,7.8
1931-11-06T00:00:00,0.0,22.2,6.7
1931-11-07T00:00:00,0.0,27.2,10.0
1931-11-08T00:00:00,0.0,26.7,10.0
1931-11-09T00:00:00,0.0,22.8,10.0
1931-11-10T00:00:00,0.0,18.9,6.7
1931-11-11T00:00:00,0.0,23.3,6.1
1931-11-12T00:00:00,0.0,22.8,6.1
1931-11-13T00:00:00,4.6,18.3,7.2
1931-11-14T00:00:00,0.0,18.3,1.7
1931-11-15T00:00:00,0.0,20.6,1.7
1931-11-16T00:00:00,0.0,16.7,1.7
1931-11-17T00:00:00,0.0,18.9,1.7
1931-11-18T00:00:00,0.0,20.6,3.3
1931-11-19T00:00:00,0.0,14.4,3.9
1931-11-20T00:00:00,0.0,16.7,-1.1
1931-11-21T00:00:00,0.0,20.0,5.6
1931-11-22T00:00:00,0.0,16.7,-3.3
1931-11-23T00:00:00,0.0,15.6,-3.9
1931-11-24T00:00:00,0.0,7.8,-4.4
1931-11-25T00:00:00,3.0,3.9,-2.8
1931-11-26T00:00:00,3.8,12.2,-1.1
1931-11-27T00:00:00,0.0,13.3,-3.3
1931-11-28T00:00:00,0.0,15.6,0.0
1931-11-29T00:00:00,0.0,8.9,-4.4
1931-11-30T00:00:00,4.6,3.3,-2.2
1931-12-01T00:00:00,45.7,0.6,-1.7
1931-12-02T00:00:00,5.1,3.9,-1.7
1931-12-03T00:00:00,0.0,3.3,-11.1
1931-12-04T00:00:00,0.0,7.2,-5.6
1931-12-05T00:00:00,0.0,6.7,-7.2
1931-12-06T00:00:00,0.0,6.7,-7.2
1931-12-07T00:00:00,4.6,3.3,-1.1
1931-12-08T00:00:00,8.9,8.9,0.0
1931-12-09T00:00:00,0.0,13.9,3.3
1931-12-10T00:00:00,0.0,12.8,3.9
1931-12-11T00:00:00,0.0,13.3,-2.2
1931-12-12T00:00:00,0.0,15.0,-1.7
1931-12-13T00:00:00,0.0,9.4,-3.9
1931-12-14T00:00:00,0.0,5.6,-11.1
1931-12-15T00:00:00,0.0,3.9,-5.6
1931-12-16T00:00:00,1.8,3.3,-5.6
1931-12-17T00:00:00,3.0,5.6,-2.2
1931-12-18T00:00:00,8.1,6.1,-5.0
1931-12-19T00:00:00,0.0,10.0,0.0
1931-12-20T00:00:00,0.0,15.6,-1.1
1931-12-21T00:00:00,0.0,17.2,-1.1
1931-12-22T00:00:00,0.0,17.8,3.9
1931-12-23T00:00:00,0.0,18.9,6.7
1931-12-24T00:00:00,0.0,18.3,1.7
1931-12-25T00:00:00,0.0,17.8,0.0
1931-12-26T00:00:00,0.0,23.3,4.4
1931-12-27T00:00:00,0.0,16.1,-1.1
1931-12-28T00:00:00,0.0,16.7,2.2
1931-12-29T00:00:00,0.0,16.7,8.3
1931-12-30T00:00:00,0.0,12.2,-0.6
1931-12-31T00:00:00,0.0,20.6,-5.6
1932-01-01T00:00:00,0.0,12.8,-2.8
1932-01-02T00:00:00,0.0,16.7,-4.4
1932-01-03T00:00:00,0.0,10.0,-2.2
1932-01-04T00:00:00,11.4,5.6,0.0
1932-01-05T00:00:00,12.7,2.8,-3.9
1932-01-06T00:00:00,0.0,3.9,-6.7
1932-01-07T00:00:00,0.0,4.4,-5.6
1932-01-08T00:00:00,0.0,13.9,-5.6
1932-01-09T00:00:00,0.0,11.1,0.0
1932-01-10T00:00:00,1.3,11.1,1.1
1932-01-11T00:00:00,2.5,8.9,0.0
1932-01-12T00:00:00,0.0,11.1,-1.1
1932-01-13T00:00:00,0.0,16.7,6.7
1932-01-14T00:00:00,0.0,14.4,-2.2
1932-01-15T00:00:00,0.0,10.0,-2.2
1932-01-16T00:00:00,0.0,12.8,-2.2
1932-01-17T00:00:00,0.0,12.8,-6.7
1932-01-18T00:00:00,0.0,11.1,-6.7
1932-01-19T00:00:00,0.0,16.7,-1.1
1932-01-20T00:00:00,0.0,21.1,6.1
1932-01-21T00:00:00,0.0,18.9,2.2
1932-01-22T00:00:00,0.0,15.0,-5.6
1932-01-23T00:00:00,0.0,8.9,-5.6
1932-01-24T00:00:00,0.0,1.7,-5.6
1932-01-25T00:00:00,0.0,5.6,-4.4
1932-01-26T00:00:00,0.0,16.7,-5.6
1932-01-27T00:00:00,0.0,15.6,4.4
1932-01-28T00:00:00,0.0,15.6,3.3
1932-01-29T00:00:00,0.0,10.0,-7.8
1932-01-30T00:00:00,0.0,11.1,-5.6
1932-01-31T00:00:00,0.0,16.7,-4.4
1932-02-01T00:00:00,0.0,20.6,-4.4
1932-02-02T00:00:00,0.0,17.2,6.7
1932-02-03T00:00:00,0.0,17.2,0.0
1932-02-04T00:00:00,0.0,11.1,-8.3
1932-02-05T00:00:00,0.0,24.4,-2.8
1932-02-06T00:00:00,0.0,25.0,7.8
1932-02-07T00:00:00,0.0,25.6,7.8
1932-02-08T00:00:00,0.0,24.4,5.6
1932-02-09T00:00:00,0.0,26.1,7.2
1932-02-10T00:00:00,0.0,18.9,7.8
1932-02-11T00:00:00,0.0,19.4,3.3
1932-02-12T00:00:00,0.0,17.8,0.6
1932-02-13T00:00:00,0.0,18.9,0.6
1932-02-14T00:00:00,0.0,17.8,7.8
1932-02-15T00:00:00,0.0,15.6,4.4
1932-02-16T00:00:00,0.0,15.6,2.2
1932-02-17T00:00:00,0.0,11.1,-0.6
1932-02-18T00:00:00,0.0,8.3,0.6
1932-02-19T00:00:00,14.0,7.8,0.6
1932-02-20T00:00:00,11.4,6.7,0.6
1932-02-21T00:00:00,10.2,7.8,1.7
1932-02-22T00:00:00,0.0,11.7,1.7
1932-02-23T00:00:00,0.0,14.4,-1.1
1932-02-24T00:00:00,0.0,20.0,0.0
1932-02-25T00:00:00,0.0,21.7,4.4
1932-02-26T00:00:00,0.0,20.0,3.3
1932-02-27T00:00:00,0.0,25.0,5.6
1932-02-28T00:00:00,0.0,24.4,6.7
1932-02-29T00:00:00,0.0,23.3,10.6
1932-03-01T00:00:00,0.0,21.1,7.2
1932-03-02T00:00:00,0.0,20.0,6.1
1932-03-03T00:00:00,0.0,18.9,1.7
1932-03-04T00:00:00,5.1,13.3,-2.2
1932-03-05T00:00:00,0.0,14.4,-7.8
1932-03-06T00:00:00,0.0,21.7,3.9
1932-03-07T00:00:00,0.0,17.2,-7.2
1932-03-08T00:00:00,0.0,7.8,-5.0
1932-03-09T00:00:00,0.0,1.7,-7.8
1932-03-10T00:00:00,1.8,0.0,-6.7
1932-03-11T00:00:00,2.3,-3.3,-8.3
1932-03-12T00:00:00,27.9,-4.4,-7.2
1932-03-13T00:00:00,0.0,8.9,-15.6
1932-03-14T00:00:00,0.0,17.8,-1.1
1932-03-15T00:00:00,0.0,22.8,2.8
1932-03-16T00:00:00,0.0,18.3,5.0
1932-03-17T00:00:00,0.0,22.2,5.6
1932-03-18T00:00:00,0.0,23.9,7.2
1932-03-19T00:00:00,0.0,25.6,8.3
1932-03-20T00:00:00,0.0,25.6,10.0
1932-03-21T00:00:00,0.0,13.3,0.6
1932-03-22T00:00:00,0.0,14.4,-2.8
1932-03-23T00:00:00,3.0,16.7,-1.7
1932-03-24T00:00:00,0.0,24.4,6.1
1932-03-25T00:00:00,0.0,27.2,8.9
1932-03-26T00:00:00,0.0,24.4,3.9
1932-03-27T00:00:00,0.0,18.9,0.6
1932-03-28T00:00:00,0.0,23.9,1.7
1932-03-29T00:00:00,0.0,24.4,2.2
1932-03-30T00:00:00,2.5,21.1,1.7
1932-03-31T00:00:00,0.0,23.3,2.2
1932-04-01T00:00:00,0.0,26.7,4.4
1932-04-02T00:00:00,0.0,27.8,3.9
1932-04-03T00:00:00,0.0,31.1,7.8
1932-04-04T00:00:00,0.0,28.3,8.9
1932-04-05T00:00:00,0.0,30.0,7.8
1932-04-06T00:00:00,0.0,26.1,10.0
1932-04-07T00:00:00,0.0,22.2,7.8
1932-04-08T00:00:00,0.0,23.3,2.2
1932-04-09T00:00:00,0.0,21.1,0.6
1932-04-10T00:00:00,0.0,16.7,2.2
1932-04-11T00:00:00,0.0,20.0,-1.1
1932-04-12T00:00:00,0.0,24.4,2.2
1932-04-13T00:00:00,0.0,31.1,6.7
1932-04-14T00:00:00,0.0,26.1,7.8
1932-04-15T00:00:00,0.0,25.6,10.6
1932-04-16T00:00:00,0.0,28.9,7.2
1932-04-17T00:00:00,0.0,28.9,11.1
1932-04-18T00:00:00,0.0,24.4,11.1
1932-04-19T00:00:00,0.0,28.3,7.2
1932-04-20T00:00:00,0.0,27.8,12.8
1932-04-21T00:00:00,0.0,25.6,13.3
1932-04-22T00:00:00,0.0,21.1,2.2
1932-04-23T00:00:00,0.0,26.7,8.9
1932-04-24T00:00:00,0.0,27.2,12.8
1932-04-25T00:00:00,0.0,26.7,6.7
1932-04-26T00:00:00,6.4,22.8,1.7
1932-04-27T00:00:00,0.0,21.1,1.7
1932-04-28T00:00:00,0.0,24.4,2.2
1932-04-29T00:00:00,0.0,25.0,8.3
1932-04-30T00:00:00,0.0,26.7,11.1
1932-05-01T00:00:00,0.0,26.7,5.0
1932-05-02T00:00:00,0.0,27.2,10.0
1932-05-03T00:00:00,0.0,31.1,12.8
1932-05-04T00:00:00,0.0,27.8,11.7
1932-05-05T00:00:00,0.0,25.6,10.6
1932-05-06T00:00:00,0.0,23.3,7.2
1932-05-07T00:00:00,0.0,24.4,3.9
1932-05-08T00:00:00,0.0,27.8,13.9
1932-05-09T00:00:00,0.0,23.3,12.8
1932-05-10T00:00:00,6.4,17.2,11.7
1932-05-11T00:00:00,5.8,20.0,10.0
1932-05-12T00:00:00,32.0,18.9,10.0
1932-05-13T00:00:00,0.0,25.6,8.9
1932-05-14T00:00:00,0.0,30.0,12.2
1932-05-15T00:00:00,0.0,30.6,11.1
1932-05-16T00:00:00,0.0,22.2,11.1
1932-05-17T00:00:00,0.0,23.3,8.9
1932-05-18T00:00:00,0.0,27.8,8.9
1932-05-19T00:00:00,0.0,28.9,8.9
1932-05-20T00:00:00,0.0,29.4,10.0
1932-05-21T00:00:00,0.0,28.9,12.8
1932-05-22T00:00:00,0.0,29.4,11.7
1932-05-23T00:00:00,0.0,29.4,13.3
1932-05-24T00:00:00,0.0,30.0,12.8
1932-05-25T00:00:00,0.0,31.1,10.6
1932-05-26T00:00:00,0.0,29.4,14.4
1932-05-27T00:00:00,0.0,31.7,10.0
1932-05-28T00:00:00,13.7,27.8,16.7
1932-05-29T00:00:00,0.0,22.2,10.0
1932-05-30T00:00:00,0.0,29.4,14.4
1932-05-31T00:00:00,0.0,31.1,10.0
1932-06-01T00:00:00,0.0,31.1,11.1
1932-06-02T00:00:00,0.0,27.8,13.3
1932-06-03T00:00:00,0.0,30.0,11.7
1932-06-04T00:00:00,0.0,31.7,15.6
1932-06-05T00:00:00,0.0,26.7,10.0
1932-06-06T00:00:00,0.0,31.1,11.1
1932-06-07T00:00:00,0.0,32.8,13.3
1932-06-08T00:00:00,0.0,32.8,11.7
1932-06-09T00:00:00,0.0,33.3,13.3
1932-06-10T00:00:00,0.0,30.0,14.4
1932-06-11T00:00:00,0.0,29.4,11.1
1932-06-12T00:00:00,0.0,31.1,12.8
1932-06-13T00:00:00,0.0,33.9,17.2
1932-06-14T00:00:00,0.0,32.8,14.4
1932-06-15T00:00:00,0.0,38.3,15.6
1932-06-16T00:00:00,0.0,36.1,20.0
1932-06-17T00:00:00,0.0,36.7,15.6
1932-06-18T00:00:00,0.0,39.4,17.8
1932-06-19T00:00:00,0.0,37.2,18.9
1932-06-20T00:00:00,0.0,36.7,16.7
1932-06-21T00:00:00,0.0,35.0,17.2
1932-06-22T00:00:00,1.3,27.8,15.0
1932-06-23T00:00:00,0.0,28.9,15.0
1932-06-24T00:00:00,5.1,28.9,17.2
1932-06-25T00:00:00,0.0,33.3,16.1
1932-06-26T00:00:00,2.5,30.6,16.7
1932-06-27T00:00:00,0.0,29.4,17.2
1932-06-28T00:00:00,0.0,31.1,16.7
1932-06-29T00:00:00,0.0,32.8,24.4
1932-06-30T00:00:00,0.0,32.8,17.2
1932-07-01T00:00:00,0.0,31.1,19.4
1932-07-02T00:00:00,38.6,27.8,16.7
1932-07-03T00:00:00,0.0,30.0,18.9
1932-07-04T00:00:00,0.0,36.7,18.3
1932-07-05T00:00:00,0.0,35.6,17.2
1932-07-06T00:00:00,0.0,31.1,21.1
1932-07-07T00:00:00,0.0,32.2,17.2
1932-07-08T00:00:00,3.0,31.1,18.9
1932-07-09T00:00:00,0.0,31.7,19.4
1932-07-10T00:00:00,0.5,32.8,17.2
1932-07-11T00:00:00,27.4,31.1,14.4
1932-07-12T00:00:00,0.0,31.1,14.4
1932-07-13T00:00:00,1.5,32.8,16.1
1932-07-14T00:00:00,0.0,32.2,15.6
1932-07-15T00:00:00,0.0,33.3,16.7
1932-07-16T00:00:00,0.0,33.3,16.7
1932-07-17T00:00:00,0.0,35.0,18.3
1932-07-18T00:00:00,0.0,35.6,18.9
1932-07-19T00:00:00,0.0,35.0,18.9
1932-07-20T00:00:00,0.0,35.6,21.1
1932-07-21T00:00:00,0.0,35.6,18.9
1932-07-22T00:00:00,0.0,29.4,17.2
1932-07-23T00:00:00,0.0,31.1,18.9
1932-07-24T00:00:00,0.0,34.4,21.7
1932-07-25T00:00:00,0.0,35.0,21.1
1932-07-26T00:00:00,0.0,35.6,18.9
1932-07-27T00:00:00,0.0,33.3,18.3
1932-07-28T00:00:00,4.1,31.1,18.3
1932-07-29T00:00:00,0.0,33.3,17.8
1932-07-30T00:00:00,0.0,33.9,18.9
1932-07-31T00:00:00,0.0,35.6,18.9
1932-08-01T00:00:00,0.0,35.6,20.0
1932-08-02T00:00:00,0.0,36.1,20.6
1932-08-03T00:00:00,0.0,35.6,18.3
1932-08-04T00:00:00,0.0,35.6,17.8
1932-08-05T00:00:00,0.0,32.2,19.4
1932-08-06T00:00:00,0.0,35.0,18.3
1932-08-07T00:00:00,0.0,30.0,21.1
1932-08-08T00:00:00,0.0,31.1,16.7
1932-08-09T00:00:00,0.0,30.6,16.7
1932-08-10T00:00:00,7.6,31.7,17.2
1932-08-11T00:00:00,0.0,33.3,17.2
1932-08-12T00:00:00,0.0,33.3,18.9
1932-08-13T00:00:00,6.9,32.8,19.4
1932-08-14T00:00:00,0.0,31.7,16.1
1932-08-15T00:00:00,0.0,32.8,18.3
1932-08-16T00:00:00,0.0,35.6,20.6
1932-08-17T00:00:00,1.3,32.2,21.1
1932-08-18T00:00:00,5.1,28.9,18.3
1932-08-19T00:00:00,0.0,30.0,17.2
1932-08-20T00:00:00,0.0,32.2,21.1
1932-08-21T00:00:00,0.0,30.0,13.3
1932-08-22T00:00:00,0.0,31.7,17.2
1932-08-23T00:00:00,0.0,30.6,18.3
1932-08-24T00:00:00,0.0,31.1,18.9
1932-08-25T00:00:00,0.0,30.0,13.3
1932-08-26T00:00:00,0.0,28.9,13.3
1932-08-27T00:00:00,0.0,29.4,17.2
1932-08-28T00:00:00,1.3,30.0,18.9
1932-08-29T00:00:00,34.8,26.1,16.1
1932-08-30T00:00:00,2.5,27.8,16.7
1932-08-31T00:00:00,0.0,24.4,14.4
1932-09-01T00:00:00,0.0,26.7,12.2
1932-09-02T00:00:00,0.0,27.8,13.3
1932-09-03T00:00:00,0.0,28.9,12.8
1932-09-04T00:00:00,0.0,30.0,15.6
1932-09-05T00:00:00,0.0,26.7,16.7
1932-09-06T00:00:00,0.0,25.6,15.6
1932-09-07T00:00:00,0.0,23.3,14.4
1932-09-08T00:00:00,5.1,21.1,13.3
1932-09-09T00:00:00,0.0,25.0,11.7
1932-09-10T00:00:00,0.0,27.8,12.8
1932-09-11T00:00:00,0.0,26.7,12.8
1932-09-12T00:00:00,0.0,30.0,11.1
1932-09-13T00:00:00,0.0,28.9,12.2
1932-09-14T00:00:00,0.0,31.1,13.3
1932-09-15T00:00:00,0.0,33.3,15.0
1932-09-16T00:00:00,0.0,31.1,12.8
1932-09-17T00:00:00,0.0,31.7,15.6
1932-09-18T00:00:00,0.0,32.2,15.6
1932-09-19T00:00:00,0.0,32.2,15.6
1932-09-20T00:00:00,0.0,28.3,6.7
1932-09-21T00:00:00,0.0,30.0,15.0
1932-09-22T00:00:00,36.1,23.9,11.7
1932-09-23T00:00:00,38.1,18.9,12.8
1932-09-24T00:00:00,14.0,22.8,13.9
1932-09-25T00:00:00,23.4,23.3,10.0
1932-09-26T00:00:00,0.0,24.4,13.9
1932-09-27T00:00:00,63.8,22.2,10.0
1932-09-28T00:00:00,0.0,18.3,10.0
1932-09-29T00:00:00,56.4,13.3,7.8
1932-09-30T00:00:00,29.2,13.3,7.8
1932-10-01T00:00:00,1.3,15.6,10.0
1932-10-02T00:00:00,0.0,25.0,10.0
1932-10-03T00:00:00,4.3,27.2,14.4
1932-10-04T00:00:00,1.5,25.6,7.8
1932-10-05T00:00:00,0.0,24.4,2.2
1932-10-06T00:00:00,0.0,25.6,8.9
1932-10-07T00:00:00,0.0,26.1,6.1
1932-10-08T00:00:00,0.0,27.8,10.0
1932-10-09T00:00:00,0.0,26.7,7.2
1932-10-10T00:00:00,0.0,21.1,8.3
1932-10-11T00:00:00,0.0,20.0,6.1
1932-10-12T00:00:00,0.0,26.7,7.2
1932-10-13T00:00:00,1.8,23.3,10.0
1932-10-14T00:00:00,1.3,23.3,8.9
1932-10-15T00:00:00,0.0,23.9,7.2
1932-10-16T00:00:00,0.0,26.7,6.7
1932-10-17T00:00:00,0.0,27.8,7.8
1932-10-18T00:00:00,0.0,25.6,4.4
1932-10-19T00:00:00,0.0,21.1,3.3
1932-10-20T00:00:00,10.9,20.0,5.6
1932-10-21T00:00:00,0.0,8.9,5.6
1932-10-22T00:00:00,8.1,22.2,7.2
1932-10-23T00:00:00,0.0,25.6,8.9
1932-10-24T00:00:00,0.0,20.0,7.2
1932-10-25T00:00:00,0.0,11.1,0.6
1932-10-26T00:00:00,0.0,18.3,0.6
1932-10-27T00:00:00,0.0,12.8,1.1
1932-10-28T00:00:00,0.0,22.2,1.7
1932-10-29T00:00:00,0.0,13.9,1.1
1932-10-30T00:00:00,0.0,21.1,3.3
1932-10-31T00:00:00,0.0,22.8,3.9
1932-11-01T00:00:00,0.0,21.7,1.7
1932-11-02T00:00:00,0.0,16.1,5.0
1932-11-03T00:00:00,0.0,22.8,6.7
1932-11-04T00:00:00,0.0,17.8,7.2
1932-11-05T00:00:00,0.0,20.0,1.1
1932-11-06T00:00:00,0.0,25.6,7.2
1932-11-07T00:00:00,0.0,24.4,7.2
1932-11-08T00:00:00,0.0,16.1,-1.1
1932-11-09T00:00:00,0.0,22.2,7.2
1932-11-10T00:00:00,0.0,15.6,4.4
1932-11-11T00:00:00,0.0,10.6,-4.4
1932-11-12T00:00:00,0.0,15.6,2.2
1932-11-13T00:00:00,0.0,23.9,7.2
1932-11-14T00:00:00,0.0,25.6,8.9
1932-11-15T00:00:00,0.0,18.3,0.6
1932-11-16T00:00:00,0.0,7.2,-5.6
1932-11-17T00:00:00,0.0,13.3,-3.3
1932-11-18T00:00:00,0.0,20.0,0.0
1932-11-19T00:00:00,0.0,21.7,0.6
1932-11-20T00:00:00,0.0,24.4,7.8
1932-11-21T00:00:00,0.0,18.3,6.1
1932-11-22T00:00:00,0.0,22.8,-1.7
1932-11-23T00:00:00,0.0,20.0,8.3
1932-11-24T00:00:00,0.0,16.1,-1.7
1932-11-25T00:00:00,0.0,22.2,2.2
1932-11-26T00:00:00,0.0,14.4,1.1
1932-11-27T00:00:00,0.0,14.4,-3.9
1932-11-28T00:00:00,0.0,15.0,-3.3
1932-11-29T00:00:00,0.0,16.1,-3.3
1932-11-30T00:00:00,0.0,21.7,-2.2
1932-12-01T00:00:00,0.0,17.8,6.7
1932-12-02T00:00:00,0.0,16.1,5.6
1932-12-03T00:00:00,0.0,16.1,-1.1
1932-12-04T00:00:00,0.0,15.0,-1.1
1932-12-05T00:00:00,0.0,21.7,2.2
1932-12-06T00:00:00,0.0,20.0,6.1
1932-12-07T00:00:00,0.0,14.4,-7.2
1932-12-08T00:00:00,0.0,16.1,-5.6
1932-12-09T00:00:00,0.0,13.3,-6.1
1932-12-10T00:00:00,0.0,11.7,-5.6
1932-12-11T00:00:00,0.0,12.2,2.2
1932-12-12T00:00:00,0.0,8.3,-5.6
1932-12-13T00:00:00,5.6,-4.4,-5.6
1932-12-14T00:00:00,0.0,0.0,-6.1
1932-12-15T00:00:00,16.5,-1.1,-6.1
1932-12-16T00:00:00,0.0,0.0,-5.6
1932-12-17T00:00:00,0.0,2.2,-10.6
1932-12-18T00:00:00,0.0,8.9,-5.0
1932-12-19T00:00:00,0.0,7.2,-5.6
1932-12-20T00:00:00,0.0,10.6,0.6
1932-12-21T00:00:00,0.0,8.9,-3.3
1932-12-22T00:00:00,0.0,6.1,-1.1
1932-12-23T00:00:00,0.0,11.7,1.7
1932-12-24T00:00:00,0.0,11.7,-1.1
1932-12-25T00:00:00,0.0,7.2,-7.2
1932-12-26T00:00:00,0.0,8.9,-6.1
1932-12-27T00:00:00,0.0,15.0,-5.0
1932-12-28T00:00:00,0.0,13.9,-5.6
1932-12-29T00:00:00,0.0,8.9,-3.9
1932-12-30T00:00:00,0.0,7.8,-8.9
1932-12-31T00:00:00,0.0,7.8,-7.2
1933-01-01T00:00:00,0.0,7.2,-8.9
1933-01-02T00:00:00,0.0,16.7,-1.1
1933-01-03T00:00:00,0.0,18.9,0.6
1933-01-04T00:00:00,0.0,17.8,-1.1
1933-01-05T00:00:00,0.0,14.4,-3.3
1933-01-06T00:00:00,0.0,15.0,2.2
1933-01-07T00:00:00,2.5,10.0,2.2
1933-01-08T00:00:00,0.0,14.4,-3.3
1933-01-09T00:00:00,0.0,11.7,-2.2
1933-01-10T00:00:00,0.0,17.2,3.3
1933-01-11T00:00:00,0.0,14.4,0.6
1933-01-12T00:00:00,0.0,13.3,-6.1
1933-01-13T00:00:00,0.0,11.1,-5.0
1933-01-14T00:00:00,0.0,16.1,-3.3
1933-01-15T00:00:00,0.0,16.7,0.0
1933-01-16T00:00:00,0.0,17.2,0.6
1933-01-17T00:00:00,0.0,18.9,2.2
1933-01-18T00:00:00,0.0,14.4,2.8
1933-01-19T00:00:00,0.0,15.6,1.1
1933-01-20T00:00:00,0.0,17.2,1.7
1933-01-21T00:00:00,0.0,12.8,-1.1
1933-01-22T00:00:00,0.0,15.0,-1.7
1933-01-23T00:00:00,0.0,15.0,-4.4
1933-01-24T00:00:00,0.0,13.9,0.6
1933-01-25T00:00:00,0.0,16.1,-3.3
1933-01-26T00:00:00,0.0,15.6,1.1
1933-01-27T00:00:00,0.0,8.9,-6.1
1933-01-28T00:00:00,0.0,15.0,1.7
1933-01-29T00:00:00,0.0,15.6,1.1
1933-01-30T00:00:00,0.0,16.1,1.1
1933-01-31T00:00:00,0.0,16.1,1.7
1933-02-01T00:00:00,0.0,16.7,-1.1
1933-02-02T00:00:00,0.0,12.8,-5.6
1933-02-03T00:00:00,0.0,12.2,-2.8
1933-02-04T00:00:00,0.0,7.8,-4.4
1933-02-05T00:00:00,0.0,10.0,-2.2
1933-02-06T00:00:00,0.0,16.7,0.0
1933-02-07T00:00:00,15.2,10.0,-18.3
1933-02-08T00:00:00,0.0,-17.2,
1933-02-09T00:00:00,0.0,-2.2,-18.9
1933-02-10T00:00:00,0.0,-0.6,-15.0
1933-02-11T00:00:00,0.0,11.1,-9.4
1933-02-12T00:00:00,0.0,16.7,-1.7
1933-02-13T00:00:00,0.0,18.3,2.2
1933-02-14T00:00:00,0.0,17.2,-1.1
1933-02-15T00:00:00,0.0,16.7,-3.9
1933-02-16T00:00:00,0.0,20.0,-2.2
1933-02-17T00:00:00,0.0,17.2,2.8
1933-02-18T00:00:00,0.0,18.9,-3.9
1933-02-19T00:00:00,0.0,16.1,-4.4
1933-02-20T00:00:00,0.0,13.9,-5.0
1933-02-21T00:00:00,0.0,18.9,-5.0
1933-02-22T00:00:00,0.0,22.8,1.7
1933-02-23T00:00:00,0.0,22.8,1.7
1933-02-24T00:00:00,0.0,18.3,10.0
1933-02-25T00:00:00,9.7,16.7,0.6
1933-02-26T00:00:00,3.8,4.4,0.6
1933-02-27T00:00:00,3.0,20.0,-2.2
1933-02-28T00:00:00,0.0,16.7,0.0
1933-03-01T00:00:00,0.0,13.9,2.2
1933-03-02T00:00:00,0.0,20.0,0.0
1933-03-03T00:00:00,0.0,17.2,2.2
1933-03-04T00:00:00,0.0,18.9,2.2
1933-03-05T00:00:00,0.0,12.2,-1.1
1933-03-06T00:00:00,0.0,18.3,-3.9
1933-03-07T00:00:00,0.0,26.1,0.0
1933-03-08T00:00:00,0.0,28.9,8.3
1933-03-09T00:00:00,0.0,25.6,3.3
1933-03-10T00:00:00,0.0,16.7,1.7
1933-03-11T00:00:00,0.0,24.4,2.2
1933-03-12T00:00:00,0.0,26.1,7.8
1933-03-13T00:00:00,0.0,26.1,6.7
1933-03-14T00:00:00,0.0,20.6,2.8
1933-03-15T00:00:00,0.0,20.6,-3.3
1933-03-16T00:00:00,0.0,25.0,0.6
1933-03-17T00:00:00,0.0,26.1,7.8
1933-03-18T00:00:00,0.0,17.8,5.6
1933-03-19T00:00:00,0.0,13.3,0.0
1933-03-20T00:00:00,0.0,15.6,0.6
1933-03-21T00:00:00,0.0,23.3,4.4
1933-03-22T00:00:00,0.0,22.2,2.8
1933-03-23T00:00:00,0.0,19.4,2.2
1933-03-24T00:00:00,0.0,23.3,7.8
1933-03-25T00:00:00,0.0,17.2,0.6
1933-03-26T00:00:00,0.0,24.4,6.7
1933-03-27T00:00:00,0.0,27.8,6.1
1933-03-28T00:00:00,0.0,25.6,4.4
1933-03-29T00:00:00,0.0,26.1,7.8
1933-03-30T00:00:00,0.0,22.2,8.9
1933-03-31T00:00:00,0.0,25.6,0.6
1933-04-01T00:00:00,0.0,26.7,8.9
1933-04-02T00:00:00,0.0,27.2,8.9
1933-04-03T00:00:00,0.0,24.4,6.7
1933-04-04T00:00:00,0.0,27.2,10.6
1933-04-05T00:00:00,8.9,23.3,-0.6
1933-04-06T00:00:00,0.0,20.6,0.0
1933-04-07T00:00:00,0.0,23.3,8.3
1933-04-08T00:00:00,0.0,26.1,6.7
1933-04-09T00:00:00,0.0,25.6,10.6
1933-04-10T00:00:00,0.0,20.0,6.1
1933-04-11T00:00:00,0.0,18.3,0.6
1933-04-12T00:00:00,0.0,20.0,1.7
1933-04-13T00:00:00,0.0,18.3,6.1
1933-04-14T00:00:00,0.0,11.1,-5.0
1933-04-15T00:00:00,0.0,22.8,0.0
1933-04-16T00:00:00,0.0,26.7,2.2
1933-04-17T00:00:00,0.0,27.8,7.8
1933-04-18T00:00:00,0.0,26.1,6.7
1933-04-19T00:00:00,0.0,28.9,6.7
1933-04-20T00:00:00,0.0,27.2,7.2
1933-04-21T00:00:00,0.0,17.8,2.2
1933-04-22T00:00:00,0.0,18.9,3.3
1933-04-23T00:00:00,0.0,20.0,0.0
1933-04-24T00:00:00,0.0,21.1,2.2
1933-04-25T00:00:00,0.0,22.2,8.3
1933-04-26T00:00:00,0.0,25.6,4.4
1933-04-27T00:00:00,0.0,26.1,3.9
1933-04-28T00:00:00,0.0,27.2,10.0
1933-04-29T00:00:00,0.0,21.7,7.2
1933-04-30T00:00:00,0.0,25.0,7.8
1933-05-01T00:00:00,0.0,25.6,8.9
1933-05-02T00:00:00,0.0,28.9,6.7
1933-05-03T00:00:00,0.0,23.9,10.6
1933-05-04T00:00:00,0.0,20.0,8.9
1933-05-05T00:00:00,0.0,21.1,2.2
1933-05-06T00:00:00,0.0,26.7,11.1
1933-05-07T00:00:00,0.0,28.9,14.4
1933-05-08T00:00:00,0.0,29.4,11.1
1933-05-09T00:00:00,0.0,26.7,11.1
1933-05-10T00:00:00,0.0,27.2,14.4
1933-05-11T00:00:00,0.0,28.3,16.7
1933-05-12T00:00:00,0.0,25.6,11.7
1933-05-13T00:00:00,0.0,22.2,11.1
1933-05-14T00:00:00,1.0,21.1,3.3
1933-05-15T00:00:00,0.0,23.3,3.3
1933-05-16T00:00:00,0.0,31.1,6.7
1933-05-17T00:00:00,0.0,33.3,10.0
1933-05-18T00:00:00,0.0,33.3,13.3
1933-05-19T00:00:00,0.0,34.4,12.2
1933-05-20T00:00:00,0.0,35.0,17.8
1933-05-21T00:00:00,0.0,33.3,18.3
1933-05-22T00:00:00,0.0,31.1,12.8
1933-05-23T00:00:00,0.0,29.4,13.3
1933-05-24T00:00:00,0.0,33.3,15.6
1933-05-25T00:00:00,0.0,26.1,12.8
1933-05-26T00:00:00,0.0,28.9,8.9
1933-05-27T00:00:00,0.0,33.3,12.2
1933-05-28T00:00:00,0.0,31.1,14.4
1933-05-29T00:00:00,0.0,27.8,11.1
1933-05-30T00:00:00,0.0,31.1,13.3
1933-05-31T00:00:00,0.0,37.2,17.2
1933-06-01T00:00:00,16.0,31.1,14.4
1933-06-02T00:00:00,0.0,36.1,13.9
1933-06-03T00:00:00,0.0,37.2,20.0
1933-06-04T00:00:00,0.0,37.2,18.9
1933-06-05T00:00:00,0.0,36.1,16.7
1933-06-06T00:00:00,0.0,36.7,13.9
1933-06-07T00:00:00,0.0,33.3,16.7
1933-06-08T00:00:00,0.0,32.2,18.3
1933-06-09T00:00:00,0.0,36.1,18.3
1933-06-10T00:00:00,0.0,34.4,10.0
1933-06-11T00:00:00,0.0,36.1,12.8
1933-06-12T00:00:00,0.5,32.8,14.4
1933-06-13T00:00:00,19.1,27.8,12.2
1933-06-14T00:00:00,0.0,26.1,13.3
1933-06-15T00:00:00,0.0,27.8,12.8
1933-06-16T00:00:00,0.0,28.9,12.2
1933-06-17T00:00:00,0.0,29.4,13.9
1933-06-18T00:00:00,0.8,27.8,15.6
1933-06-19T00:00:00,0.0,28.3,17.2
1933-06-20T00:00:00,3.0,27.8,16.7
1933-06-21T00:00:00,0.0,30.0,17.2
1933-06-22T00:00:00,0.0,31.7,18.3
1933-06-23T00:00:00,10.2,27.8,13.3
1933-06-24T00:00:00,7.6,26.7,14.4
1933-06-25T00:00:00,0.0,36.1,20.0
1933-06-26T00:00:00,0.0,36.7,18.9
1933-06-27T00:00:00,0.0,34.4,16.1
1933-06-28T00:00:00,0.0,37.2,18.9
1933-06-29T00:00:00,0.0,37.8,18.3
1933-06-30T00:00:00,0.0,36.7,18.9
1933-07-01T00:00:00,0.0,36.7,18.3
1933-07-02T00:00:00,0.0,35.0,15.6
1933-07-03T00:00:00,0.0,32.2,18.9
1933-07-04T00:00:00,0.0,34.4,23.3
1933-07-05T00:00:00,0.0,32.2,22.2
1933-07-06T00:00:00,0.0,31.7,18.3
1933-07-07T00:00:00,0.0,33.9,17.2
1933-07-08T00:00:00,0.0,33.9,17.2
1933-07-09T00:00:00,0.0,33.3,18.9
1933-07-10T00:00:00,0.0,35.6,18.9
1933-07-11T00:00:00,0.0,36.7,22.2
1933-07-12T00:00:00,0.0,36.7,25.6
1933-07-13T00:00:00,0.0,36.1,23.9
1933-07-14T00:00:00,0.0,38.3,23.3
1933-07-15T00:00:00,0.0,32.8,24.4
1933-07-16T00:00:00,19.1,32.8,21.7
1933-07-17T00:00:00,0.0,33.3,22.2
1933-07-18T00:00:00,0.0,31.1,22.8
1933-07-19T00:00:00,0.0,31.7,21.1
1933-07-20T00:00:00,0.0,32.2,17.2
1933-07-21T00:00:00,0.0,32.8,18.9
1933-07-22T00:00:00,0.0,32.8,17.2
1933-07-23T00:00:00,0.0,33.9,21.7
1933-07-24T00:00:00,6.9,30.6,17.2
1933-07-25T00:00:00,0.0,31.1,18.3
1933-07-26T00:00:00,0.0,32.2,15.6
1933-07-27T00:00:00,1.8,32.2,16.7
1933-07-28T00:00:00,0.0,33.9,15.6
1933-07-29T00:00:00,0.0,32.2,15.0
1933-07-30T00:00:00,0.0,34.4,15.0
1933-07-31T00:00:00,0.0,36.1,23.9
1933-08-01T00:00:00,0.0,36.1,19.4
1933-08-02T00:00:00,0.0,34.4,18.9
1933-08-03T00:00:00,0.0,32.8,18.9
1933-08-04T00:00:00,0.0,33.3,18.3
1933-08-05T00:00:00,0.0,31.1,18.9
1933-08-06T00:00:00,0.0,32.2,17.2
1933-08-07T00:00:00,0.0,33.3,18.9
1933-08-08T00:00:00,0.0,34.4,15.6
1933-08-09T00:00:00,0.0,35.0,23.3
1933-08-10T00:00:00,0.5,35.6,18.9
1933-08-11T00:00:00,0.0,32.2,16.7
1933-08-12T00:00:00,0.0,31.1,16.1
1933-08-13T00:00:00,0.0,30.6,15.6
1933-08-14T00:00:00,0.0,33.3,22.2
1933-08-15T00:00:00,0.0,34.4,23.3
1933-08-16T00:00:00,0.0,33.3,21.7
1933-08-17T00:00:00,8.9,26.7,15.6
1933-08-18T00:00:00,0.0,32.2,18.3
1933-08-19T00:00:00,0.0,35.0,21.7
1933-08-20T00:00:00,0.0,35.0,21.1
1933-08-21T00:00:00,0.0,32.8,20.0
1933-08-22T00:00:00,0.0,35.0,21.1
1933-08-23T00:00:00,0.0,32.2,17.8
1933-08-24T00:00:00,4.1,30.6,16.1
1933-08-25T00:00:00,0.0,29.4,15.0
1933-08-26T00:00:00,4.1,29.4,17.2
1933-08-27T00:00:00,0.0,28.9,21.1
1933-08-28T00:00:00,0.0,30.0,21.1
1933-08-29T00:00:00,0.0,27.2,15.6
1933-08-30T00:00:00,0.0,25.0,17.8
1933-08-31T00:00:00,0.0,29.4,16.7
1933-09-01T00:00:00,0.0,26.7,15.6
1933-09-02T00:00:00,0.0,31.1,17.8
1933-09-03T00:00:00,0.0,32.2,18.3
1933-09-04T00:00:00,0.0,31.7,16.1
1933-09-05T00:00:00,0.0,30.6,15.6
1933-09-06T00:00:00,0.0,31.1,15.6
1933-09-07T00:00:00,0.0,31.1,13.3
1933-09-08T00:00:00,0.0,31.7,18.3
1933-09-09T00:00:00,0.0,32.8,18.9
1933-09-10T00:00:00,8.9,31.7,13.9
1933-09-11T00:00:00,0.0,31.7,17.8
1933-09-12T00:00:00,0.0,30.6,15.6
1933-09-13T00:00:00,3.0,26.1,15.6
1933-09-14T00:00:00,59.7,22.8,16.7
1933-09-15T00:00:00,0.0,29.4,13.9
1933-09-16T00:00:00,0.0,30.6,15.0
1933-09-17T00:00:00,0.0,31.7,20.0
1933-09-18T00:00:00,0.0,32.8,18.9
1933-09-19T00:00:00,0.0,27.8,18.9
1933-09-20T00:00:00,8.9,27.2,17.2
1933-09-21T00:00:00,0.0,30.6,14.4
1933-09-22T00:00:00,0.0,31.7,15.6
1933-09-23T00:00:00,0.0,32.8,16.7
1933-09-24T00:00:00,0.0,32.2,13.3
1933-09-25T00:00:00,0.0,32.2,13.3
1933-09-26T00:00:00,0.0,32.2,15.6
1933-09-27T00:00:00,0.0,32.8,13.3
1933-09-28T00:00:00,0.0,33.3,15.6
1933-09-29T00:00:00,0.0,31.1,11.7
1933-09-30T00:00:00,0.0,33.3,23.3
1933-10-01T00:00:00,0.0,25.6,12.8
1933-10-02T00:00:00,0.0,24.4,13.3
1933-10-03T00:00:00,0.0,25.0,10.6
1933-10-04T00:00:00,0.0,26.1,12.2
1933-10-05T00:00:00,0.0,25.6,10.0
1933-10-06T00:00:00,0.0,21.1,12.8
1933-10-07T00:00:00,0.0,26.1,11.1
1933-10-08T00:00:00,0.0,27.2,10.0
1933-10-09T00:00:00,0.0,26.1,13.3
1933-10-10T00:00:00,0.0,26.1,10.0
1933-10-11T00:00:00,0.0,26.7,13.3
1933-10-12T00:00:00,0.0,23.3,12.2
1933-10-13T00:00:00,0.0,25.0,13.9
1933-10-14T00:00:00,0.0,25.0,8.9
1933-10-15T00:00:00,0.0,28.9,11.7
1933-10-16T00:00:00,0.0,22.8,9.4
1933-10-17T00:00:00,0.0,28.9,10.6
1933-10-18T00:00:00,0.0,23.3,7.8
1933-10-19T00:00:00,0.0,28.9,8.9
1933-10-20T00:00:00,0.0,28.9,4.4
1933-10-21T00:00:00,0.0,28.9,8.3
1933-10-22T00:00:00,0.0,25.6,7.2
1933-10-23T00:00:00,0.0,25.6,6.1
1933-10-24T00:00:00,0.0,29.4,7.2
1933-10-25T00:00:00,0.0,26.7,8.9
1933-10-26T00:00:00,0.0,26.7,8.9
1933-10-27T00:00:00,0.0,23.9,4.4
1933-10-28T00:00:00,0.0,29.4,10.0
1933-10-29T00:00:00,0.0,29.4,6.1
1933-10-30T00:00:00,0.0,27.8,10.0
1933-10-31T00:00:00,0.0,28.9,6.7
1933-11-01T00:00:00,0.0,28.3,6.1
1933-11-02T00:00:00,5.1,15.6,3.9
1933-11-03T00:00:00,1.8,16.1,0.0
1933-11-04T00:00:00,0.0,22.2,4.4
1933-11-05T00:00:00,1.8,17.8,0.0
1933-11-06T00:00:00,1.8,3.9,-1.1
1933-11-07T00:00:00,0.0,11.1,-1.7
1933-11-08T00:00:00,0.0,21.7,0.6
1933-11-09T00:00:00,0.0,19.4,0.0
1933-11-10T00:00:00,0.0,19.4,-1.1
1933-11-11T00:00:00,0.0,21.1,0.6
1933-11-12T00:00:00,0.0,26.7,2.8
1933-11-13T00:00:00,0.0,26.1,1.7
1933-11-14T00:00:00,0.0,22.2,5.6
1933-11-15T00:00:00,0.0,23.9,8.9
1933-11-16T00:00:00,0.0,21.7,1.7
1933-11-17T00:00:00,0.0,26.1,5.6
1933-11-18T00:00:00,0.0,18.9,1.7
1933-11-19T00:00:00,0.0,15.6,2.2
1933-11-20T00:00:00,0.0,24.4,2.2
1933-11-21T00:00:00,0.0,17.8,3.3
1933-11-22T00:00:00,0.0,19.4,3.9
1933-11-23T00:00:00,0.0,24.4,7.8
1933-11-24T00:00:00,0.0,20.0,2.2
1933-11-25T00:00:00,0.0,27.8,5.0
1933-11-26T00:00:00,0.0,24.4,6.7
1933-11-27T00:00:00,0.0,23.3,3.3
1933-11-28T00:00:00,0.0,25.6,5.6
1933-11-29T00:00:00,0.0,21.1,5.0
1933-11-30T00:00:00,0.0,21.1,2.2
1933-12-01T00:00:00,0.0,14.4,2.2
1933-12-02T00:00:00,0.0,16.1,4.4
1933-12-03T00:00:00,0.0,21.1,3.3
1933-12-04T00:00:00,0.0,22.2,4.4
1933-12-05T00:00:00,0.0,17.2,2.2
1933-12-06T00:00:00,0.0,15.6,-4.4
1933-12-07T00:00:00,0.0,26.1,0.0
1933-12-08T00:00:00,0.0,18.9,2.2
1933-12-09T00:00:00,0.0,24.4,-2.8
1933-12-10T00:00:00,0.0,26.7,2.2
1933-12-11T00:00:00,0.0,23.9,7.2
1933-12-12T00:00:00,0.0,22.8,5.6
1933-12-13T00:00:00,0.0,22.2,4.4
1933-12-14T00:00:00,0.0,18.9,5.0
1933-12-15T00:00:00,0.0,16.1,0.0
1933-12-16T00:00:00,0.0,15.0,1.1
1933-12-17T00:00:00,0.0,10.6,-3.9
1933-12-18T00:00:00,0.0,17.2,-4.4
1933-12-19T00:00:00,0.0,20.6,1.1
1933-12-20T00:00:00,0.0,23.9,1.7
1933-12-21T00:00:00,0.0,26.1,2.2
1933-12-22T00:00:00,0.0,24.4,4.4
1933-12-23T00:00:00,0.0,25.0,4.4
1933-12-24T00:00:00,0.0,18.9,4.4
1933-12-25T00:00:00,0.0,24.4,-3.3
1933-12-26T00:00:00,0.0,18.9,4.4
1933-12-27T00:00:00,0.0,12.8,-7.2
1933-12-28T00:00:00,0.0,10.0,-4.4
1933-12-29T00:00:00,0.0,13.9,-1.7
1933-12-30T00:00:00,0.0,16.1,-2.2
1933-12-31T00:00:00,0.0,21.1,6.7
1934-01-01T00:00:00,0.0,18.9,0.0
1934-01-02T00:00:00,0.0,16.1,0.0
1934-01-03T00:00:00,0.0,13.9,-1.1
1934-01-04T00:00:00,0.0,16.1,0.6
1934-01-05T00:00:00,4.6,8.9,-2.2
1934-01-06T00:00:00,0.0,8.9,-3.3
1934-01-07T00:00:00,0.0,5.6,-5.6
1934-01-08T00:00:00,0.0,10.0,-6.7
1934-01-09T00:00:00,0.0,13.9,-7.2
1934-01-10T00:00:00,0.0,15.0,-2.2
1934-01-11T00:00:00,0.0,16.1,-3.3
1934-01-12T00:00:00,0.0,10.6,-3.3
1934-01-13T00:00:00,0.0,19.4,-4.4
1934-01-14T00:00:00,0.0,22.2,0.0
1934-01-15T00:00:00,0.0,22.2,5.0
1934-01-16T00:00:00,0.0,10.6,-1.1
1934-01-17T00:00:00,0.0,12.8,-0.6
1934-01-18T00:00:00,0.0,13.3,-2.2
1934-01-19T00:00:00,0.0,14.4,-5.6
1934-01-20T00:00:00,0.0,19.4,-3.9
1934-01-21T00:00:00,0.0,15.6,2.2
1934-01-22T00:00:00,0.0,18.9,1.1
1934-01-23T00:00:00,0.0,20.0,4.4
1934-01-24T00:00:00,0.0,21.7,2.2
1934-01-25T00:00:00,0.0,15.0,-1.1
1934-01-26T00:00:00,0.0,16.1,-5.6
1934-01-27T00:00:00,0.0,19.4,-2.8
1934-01-28T00:00:00,0.0,16.1,1.7
1934-01-29T00:00:00,0.0,11.1,-3.3
1934-01-30T00:00:00,0.0,5.0,0.0
1934-01-31T00:00:00,0.0,10.6,-3.3
1934-02-01T00:00:00,0.0,20.6,-1.7
1934-02-02T00:00:00,0.0,25.6,1.7
1934-02-03T00:00:00,0.0,25.6,3.3
1934-02-04T00:00:00,0.0,17.8,4.4
1934-02-05T00:00:00,0.0,18.3,1.7
1934-02-06T00:00:00,0.0,17.8,-3.3
1934-02-07T00:00:00,0.0,21.1,3.3
1934-02-08T00:00:00,0.0,19.4,1.7
1934-02-09T00:00:00,0.0,12.8,0.0
1934-02-10T00:00:00,0.0,14.4,0.0
1934-02-11T00:00:00,1.3,10.6,0.6
1934-02-12T00:00:00,0.0,16.7,0.0
1934-02-13T00:00:00,0.0,21.1,2.2
1934-02-14T00:00:00,0.0,26.1,4.4
1934-02-15T00:00:00,0.0,19.4,5.0
1934-02-16T00:00:00,0.0,18.9,0.6
1934-02-17T00:00:00,0.0,20.6,5.6
1934-02-18T00:00:00,0.0,16.7,1.1
1934-02-19T00:00:00,0.0,10.0,-3.3
1934-02-20T00:00:00,0.0,18.3,-6.7
1934-02-21T00:00:00,0.0,22.2,2.2
1934-02-22T00:00:00,0.0,18.3,-1.7
1934-02-23T00:00:00,0.0,24.4,0.0
1934-02-24T00:00:00,0.0,22.2,5.6
1934-02-25T00:00:00,0.0,18.3,6.7
1934-02-26T00:00:00,0.0,10.6,-11.1
1934-02-27T00:00:00,0.0,11.7,-10.0
1934-02-28T00:00:00,0.0,9.4,-4.4
1934-03-01T00:00:00,29.2,5.6,0.0
1934-03-02T00:00:00,0.0,15.6,0.6
1934-03-03T00:00:00,0.0,22.8,7.2
1934-03-04T00:00:00,0.0,23.3,4.4
1934-03-05T00:00:00,0.0,24.4,7.2
1934-03-06T00:00:00,0.0,28.9,7.2
1934-03-07T00:00:00,0.0,28.3,11.7
1934-03-08T00:00:00,0.0,18.9,-1.7
1934-03-09T00:00:00,0.0,17.2,0.6
1934-03-10T00:00:00,0.0,15.6,1.7
1934-03-11T00:00:00,0.0,21.1,1.7
1934-03-12T00:00:00,0.0,26.7,1.7
1934-03-13T00:00:00,0.0,25.6,7.2
1934-03-14T00:00:00,0.0,15.6,1.7
1934-03-15T00:00:00,0.0,27.2,4.4
1934-03-16T00:00:00,0.0,27.8,10.0
1934-03-17T00:00:00,0.0,21.1,1.7
1934-03-18T00:00:00,0.0,13.3,-10.6
1934-03-19T00:00:00,0.0,26.1,2.8
1934-03-20T00:00:00,0.0,26.7,7.2
1934-03-21T00:00:00,0.0,27.2,7.8
1934-03-22T00:00:00,0.0,27.8,8.9
1934-03-23T00:00:00,0.0,22.8,7.2
1934-03-24T00:00:00,17.8,17.2,-2.8
1934-03-25T00:00:00,11.4,3.9,-2.8
1934-03-26T00:00:00,1.3,6.1,-3.3
1934-03-27T00:00:00,0.0,10.0,-0.6
1934-03-28T00:00:00,0.0,22.2,2.2
1934-03-29T00:00:00,0.0,27.8,7.2
1934-03-30T00:00:00,0.0,21.1,8.3
1934-03-31T00:00:00,0.0,27.2,3.9
1934-04-01T00:00:00,0.0,21.7,8.9
1934-04-02T00:00:00,0.0,26.7,8.9
1934-04-03T00:00:00,0.0,25.6,10.0
1934-04-04T00:00:00,0.0,21.1,2.8
1934-04-05T00:00:00,0.0,22.2,4.4
1934-04-06T00:00:00,0.0,16.1,3.9
1934-04-07T00:00:00,0.0,13.9,8.9
1934-04-08T00:00:00,0.0,25.0,2.8
1934-04-09T00:00:00,0.0,28.9,10.0
1934-04-10T00:00:00,0.0,31.1,12.8
1934-04-11T00:00:00,0.0,27.8,12.2
1934-04-12T00:00:00,0.0,22.2,5.6
1934-04-13T00:00:00,0.0,27.8,4.4
1934-04-14T00:00:00,0.0,27.8,10.0
1934-04-15T00:00:00,0.0,26.7,10.6
1934-04-16T00:00:00,0.0,23.9,7.8
1934-04-17T00:00:00,0.0,25.0,6.1
1934-04-18T00:00:00,0.0,21.7,7.8
1934-04-19T00:00:00,0.0,22.8,7.8
1934-04-20T00:00:00,0.0,23.9,5.6
1934-04-21T00:00:00,0.0,26.7,7.8
1934-04-22T00:00:00,0.0,27.8,11.1
1934-04-23T00:00:00,0.0,31.1,12.8
1934-04-24T00:00:00,0.0,26.7,12.8
1934-04-25T00:00:00,0.0,26.1,10.0
1934-04-26T00:00:00,0.0,31.1,12.8
1934-04-27T00:00:00,0.0,25.6,10.0
1934-04-28T00:00:00,0.0,27.2,3.3
1934-04-29T00:00:00,0.0,27.8,8.9
1934-04-30T00:00:00,15.7,27.2,7.2
1934-05-01T00:00:00,0.0,27.8,13.9
1934-05-02T00:00:00,0.0,27.8,11.1
1934-05-03T00:00:00,0.0,25.0,7.2
1934-05-04T00:00:00,0.0,30.0,11.1
1934-05-05T00:00:00,0.0,31.1,12.2
1934-05-06T00:00:00,0.0,33.9,16.1
1934-05-07T00:00:00,0.0,32.8,11.7
1934-05-08T00:00:00,0.0,30.6,11.7
1934-05-09T00:00:00,0.0,31.1,12.2
1934-05-10T00:00:00,4.6,27.8,15.6
1934-05-11T00:00:00,0.0,27.8,17.2
1934-05-12T00:00:00,0.0,33.9,12.8
1934-05-13T00:00:00,0.0,27.8,16.1
1934-05-14T00:00:00,0.0,21.1,8.9
1934-05-15T00:00:00,0.0,25.0,7.8
1934-05-16T00:00:00,0.0,31.1,9.4
1934-05-17T00:00:00,0.0,33.9,11.7
1934-05-18T00:00:00,0.0,33.9,21.1
1934-05-19T00:00:00,0.0,32.8,11.1
1934-05-20T00:00:00,0.0,35.0,12.8
1934-05-21T00:00:00,0.0,35.0,16.7
1934-05-22T00:00:00,0.0,30.0,15.6
1934-05-23T00:00:00,3.0,26.7,13.9
1934-05-24T00:00:00,0.0,30.6,13.3
1934-05-25T00:00:00,0.0,25.6,13.3
1934-05-26T00:00:00,10.2,26.7,13.9
1934-05-27T00:00:00,0.0,28.3,15.6
1934-05-28T00:00:00,0.0,30.6,13.9
1934-05-29T00:00:00,0.0,35.6,13.9
1934-05-30T00:00:00,0.0,31.7,18.3
1934-05-31T00:00:00,0.0,31.7,23.3
1934-06-01T00:00:00,0.0,33.3,14.4
1934-06-02T00:00:00,0.0,32.8,13.9
1934-06-03T00:00:00,6.4,27.2,13.3
1934-06-04T00:00:00,0.0,28.3,12.2
1934-06-05T00:00:00,0.0,33.3,15.6
1934-06-06T00:00:00,0.0,35.6,15.6
1934-06-07T00:00:00,0.0,33.9,22.8
1934-06-08T00:00:00,0.0,36.7,15.6
1934-06-09T00:00:00,0.0,35.6,15.6
1934-06-10T00:00:00,0.0,36.7,13.3
1934-06-11T00:00:00,0.0,38.3,15.6
1934-06-12T00:00:00,0.0,38.3,17.2
1934-06-13T00:00:00,0.0,38.9,18.9
1934-06-14T00:00:00,0.0,36.7,25.0
1934-06-15T00:00:00,0.0,34.4,15.6
1934-06-16T00:00:00,0.0,33.9,17.2
1934-06-17T00:00:00,0.0,33.3,18.9
1934-06-18T00:00:00,0.0,35.6,17.2
1934-06-19T00:00:00,0.0,38.9,25.6
1934-06-20T00:00:00,0.0,38.3,18.9
1934-06-21T00:00:00,0.0,37.8,19.4
1934-06-22T00:00:00,0.0,37.8,19.4
1934-06-23T00:00:00,0.0,36.7,18.9
1934-06-24T00:00:00,0.0,35.0,19.4
1934-06-25T00:00:00,0.0,36.7,16.7
1934-06-26T00:00:00,0.0,36.7,19.4
1934-06-27T00:00:00,0.0,34.4,17.8
1934-06-28T00:00:00,0.0,33.9,16.7
1934-06-29T00:00:00,0.0,33.9,16.1
1934-06-30T00:00:00,0.0,33.3,25.0
1934-07-01T00:00:00,0.0,34.4,25.0
1934-07-02T00:00:00,0.0,36.7,20.0
1934-07-03T00:00:00,0.0,36.1,17.8
1934-07-04T00:00:00,4.3,37.8,25.0
1934-07-05T00:00:00,0.0,34.4,20.6
1934-07-06T00:00:00,0.0,33.3,16.7
1934-07-07T00:00:00,0.0,35.0,17.2
1934-07-08T00:00:00,0.0,36.1,20.0
1934-07-09T00:00:00,0.0,37.8,18.9
1934-07-10T00:00:00,0.0,36.1,19.4
1934-07-11T00:00:00,0.0,36.1,18.9
1934-07-12T00:00:00,0.0,36.1,19.4
1934-07-13T00:00:00,0.0,38.9,17.2
1934-07-14T00:00:00,0.0,39.4,21.1
1934-07-15T00:00:00,0.0,36.1,18.3
1934-07-16T00:00:00,0.0,38.9,17.2
1934-07-17T00:00:00,0.0,38.9,19.4
1934-07-18T00:00:00,0.0,38.3,21.7
1934-07-19T00:00:00,0.0,37.2,18.9
1934-07-20T00:00:00,0.0,38.9,18.3
1934-07-21T00:00:00,1.3,37.2,22.8
1934-07-22T00:00:00,0.0,33.9,18.9
1934-07-23T00:00:00,0.0,33.9,22.8
1934-07-24T00:00:00,0.0,33.3,18.9
1934-07-25T00:00:00,0.0,36.1,20.6
1934-07-26T00:00:00,0.0,32.2,23.3
1934-07-27T00:00:00,0.0,33.3,20.0
1934-07-28T00:00:00,10.2,32.2,18.9
1934-07-29T00:00:00,0.0,35.6,18.9
1934-07-30T00:00:00,0.0,38.9,21.7
1934-07-31T00:00:00,0.0,40.0,20.0
1934-08-01T00:00:00,0.0,39.4,22.8
1934-08-02T00:00:00,0.0,34.4,25.0
1934-08-03T00:00:00,0.0,36.1,20.0
1934-08-04T00:00:00,4.3,35.6,18.9
1934-08-05T00:00:00,0.0,37.8,17.8
1934-08-06T00:00:00,0.0,37.2,18.3
1934-08-07T00:00:00,0.0,37.2,18.3
1934-08-08T00:00:00,0.0,37.2,18.3
1934-08-09T00:00:00,0.0,36.1,22.8
1934-08-10T00:00:00,0.0,34.4,17.8
1934-08-11T00:00:00,0.0,35.0,22.8
1934-08-12T00:00:00,0.0,36.1,18.3
1934-08-13T00:00:00,0.0,38.3,22.8
1934-08-14T00:00:00,0.0,37.2,20.6
1934-08-15T00:00:00,0.0,36.7,28.3
1934-08-16T00:00:00,0.0,36.1,21.7
1934-08-17T00:00:00,0.0,34.4,23.3
1934-08-18T00:00:00,0.0,36.7,21.1
1934-08-19T00:00:00,0.0,38.3,17.8
1934-08-20T00:00:00,0.0,37.2,17.2
1934-08-21T00:00:00,0.0,37.8,18.3
1934-08-22T00:00:00,0.0,36.1,21.1
1934-08-23T00:00:00,3.0,34.4,22.8
1934-08-24T00:00:00,41.1,26.7,16.1
1934-08-25T00:00:00,1.3,26.7,18.3
1934-08-26T00:00:00,0.0,29.4,16.7
1934-08-27T00:00:00,0.0,31.1,16.1
1934-08-28T00:00:00,0.0,29.4,18.3
1934-08-29T00:00:00,0.0,31.1,16.7
1934-08-30T00:00:00,0.0,33.3,20.0
1934-08-31T00:00:00,15.2,32.2,17.2
1934-09-01T00:00:00,0.0,31.1,16.7
1934-09-02T00:00:00,0.0,35.6,15.6
1934-09-03T00:00:00,0.0,28.9,21.1
1934-09-04T00:00:00,0.0,32.8,12.8
1934-09-05T00:00:00,0.0,36.7,17.2
1934-09-06T00:00:00,0.0,27.8,16.7
1934-09-07T00:00:00,0.0,26.7,10.0
1934-09-08T00:00:00,1.8,26.7,12.8
1934-09-09T00:00:00,0.0,31.7,12.8
1934-09-10T00:00:00,0.0,32.2,22.2
1934-09-11T00:00:00,0.0,33.9,23.3
1934-09-12T00:00:00,0.0,32.8,16.1
1934-09-13T00:00:00,0.0,33.3,23.9
1934-09-14T00:00:00,0.0,32.2,17.2
1934-09-15T00:00:00,0.0,26.7,13.3
1934-09-16T00:00:00,0.0,32.2,8.9
1934-09-17T00:00:00,0.0,32.2,8.9
1934-09-18T00:00:00,0.0,27.2,16.1
1934-09-19T00:00:00,0.0,35.0,11.1
1934-09-20T00:00:00,0.0,36.7,24.4
1934-09-21T00:00:00,0.0,32.2,8.3
1934-09-22T00:00:00,0.0,31.1,17.8
1934-09-23T00:00:00,0.0,28.3,21.7
1934-09-24T00:00:00,0.0,28.3,18.3
1934-09-25T00:00:00,0.0,30.0,12.2
1934-09-26T00:00:00,0.0,26.7,17.2
1934-09-27T00:00:00,0.0,24.4,9.4
1934-09-28T00:00:00,0.0,26.7,13.3
1934-09-29T00:00:00,0.0,31.7,13.3
1934-09-30T00:00:00,0.0,26.7,10.6
1934-10-01T00:00:00,0.0,27.8,7.8
1934-10-02T00:00:00,0.0,30.0,10.0
1934-10-03T00:00:00,0.0,32.8,10.0
1934-10-04T00:00:00,0.0,32.8,12.8
1934-10-05T00:00:00,0.0,34.4,13.3
1934-10-06T00:00:00,0.0,32.2,12.8
1934-10-07T00:00:00,0.0,31.7,15.6
1934-10-08T00:00:00,0.0,35.0,22.2
1934-10-09T00:00:00,0.0,27.8,21.1
1934-10-10T00:00:00,0.0,22.2,18.3
1934-10-11T00:00:00,0.0,23.9,7.8
1934-10-12T00:00:00,6.9,22.2,11.7
1934-10-13T00:00:00,0.0,28.9,15.0
1934-10-14T00:00:00,0.0,27.8,10.0
1934-10-15T00:00:00,0.0,27.2,13.3
1934-10-16T00:00:00,0.0,29.4,16.7
1934-10-17T00:00:00,0.0,29.4,16.7
1934-10-18T00:00:00,0.0,29.4,21.1
1934-10-19T00:00:00,8.9,27.8,15.6
1934-10-20T00:00:00,0.0,25.0,7.2
1934-10-21T00:00:00,0.0,27.8,6.1
1934-10-22T00:00:00,0.0,28.3,13.3
1934-10-23T00:00:00,0.0,28.3,10.0
1934-10-24T00:00:00,0.0,29.4,12.8
1934-10-25T00:00:00,0.0,27.2,7.2
1934-10-26T00:00:00,0.0,29.4,12.8
1934-10-27T00:00:00,0.0,26.7,7.2
1934-10-28T00:00:00,0.0,22.2,7.8
1934-10-29T00:00:00,0.0,26.1,7.2
1934-10-30T00:00:00,0.0,25.0,5.6
1934-10-31T00:00:00,0.0,30.6,11.7
1934-11-01T00:00:00,0.0,25.0,3.3
1934-11-02T00:00:00,0.0,25.0,12.2
1934-11-03T00:00:00,0.0,25.0,2.2
1934-11-04T00:00:00,0.0,27.2,2.2
1934-11-05T00:00:00,0.0,22.8,7.8
1934-11-06T00:00:00,0.0,26.7,7.8
1934-11-07T00:00:00,0.0,30.0,5.6
1934-11-08T00:00:00,0.0,26.7,9.4
1934-11-09T00:00:00,0.0,22.8,7.8
1934-11-10T00:00:00,0.0,21.7,6.7
1934-11-11T00:00:00,0.0,19.4,3.9
1934-11-12T00:00:00,0.0,21.1,5.6
1934-11-13T00:00:00,0.5,22.2,10.0
1934-11-14T00:00:00,0.0,20.0,6.1
1934-11-15T00:00:00,0.0,18.9,5.0
1934-11-16T00:00:00,0.0,20.6,4.4
1934-11-17T00:00:00,1.3,21.1,6.1
1934-11-18T00:00:00,0.0,21.1,4.4
1934-11-19T00:00:00,0.0,17.8,7.2
1934-11-20T00:00:00,0.0,15.6,6.7
1934-11-21T00:00:00,1.8,7.8,1.7
1934-11-22T00:00:00,0.0,14.4,0.0
1934-11-23T00:00:00,0.0,18.3,2.8
1934-11-24T00:00:00,0.0,20.0,3.3
1934-11-25T00:00:00,0.0,15.6,2.8
1934-11-26T00:00:00,0.0,17.8,2.2
1934-11-27T00:00:00,0.0,15.0,-0.6
1934-11-28T00:00:00,0.0,13.3,-3.3
1934-11-29T00:00:00,2.5,8.3,-6.7
1934-11-30T00:00:00,0.0,14.4,-6.7
1934-12-01T00:00:00,0.0,15.0,-5.0
1934-12-02T00:00:00,0.0,11.7,-5.0
1934-12-03T00:00:00,0.0,12.8,-5.0
1934-12-04T00:00:00,0.0,9.4,-7.8
1934-12-05T00:00:00,0.0,5.6,-5.6
1934-12-06T00:00:00,0.0,11.1,-3.9
1934-12-07T00:00:00,0.0,7.2,-4.4
1934-12-08T00:00:00,0.0,15.6,0.6
1934-12-09T00:00:00,0.0,15.6,1.1
1934-12-10T00:00:00,0.0,16.1,-3.9
1934-12-11T00:00:00,0.0,16.7,-0.6
1934-12-12T00:00:00,0.0,20.0,2.2
1934-12-13T00:00:00,3.8,13.9,6.7
1934-12-14T00:00:00,0.0,18.3,0.6
1934-12-15T00:00:00,0.0,17.8,3.3
1934-12-16T00:00:00,0.0,17.8,6.7
1934-12-17T00:00:00,0.0,17.8,5.6
1934-12-18T00:00:00,0.0,11.1,0.0
1934-12-19T00:00:00,0.0,14.4,-3.3
1934-12-20T00:00:00,0.0,18.3,-3.9
1934-12-21T00:00:00,0.0,17.8,6.7
1934-12-22T00:00:00,0.0,19.4,6.7
1934-12-23T00:00:00,0.0,15.6,0.0
1934-12-24T00:00:00,0.0,18.3,0.0
1934-12-25T00:00:00,0.0,21.1,2.8
1934-12-26T00:00:00,0.0,12.8,-4.4
1934-12-27T00:00:00,0.0,20.0,-0.6
1934-12-28T00:00:00,0.0,22.2,5.6
1934-12-29T00:00:00,0.0,19.4,12.8
1934-12-30T00:00:00,0.0,13.9,5.6
1934-12-31T00:00:00,0.0,16.7,-0.6
1935-01-01T00:00:00,0.0,11.1,-4.4
1935-01-02T00:00:00,0.0,15.0,-4.4
1935-01-03T00:00:00,0.0,13.9,4.4
1935-01-04T00:00:00,0.0,10.6,-7.2
1935-01-05T00:00:00,0.0,16.7,5.6
1935-01-06T00:00:00,1.3,18.9,5.6
1935-01-07T00:00:00,0.0,18.9,2.2
1935-01-08T00:00:00,0.0,21.1,2.8
1935-01-09T00:00:00,0.0,20.6,5.6
1935-01-10T00:00:00,0.0,21.1,2.8
1935-01-11T00:00:00,0.0,22.2,5.6
1935-01-12T00:00:00,0.0,20.0,7.2
1935-01-13T00:00:00,0.0,16.7,-0.6
1935-01-14T00:00:00,0.0,12.8,2.2
1935-01-15T00:00:00,0.0,21.1,3.3
1935-01-16T00:00:00,0.0,18.3,11.1
1935-01-17T00:00:00,0.0,17.8,1.7
1935-01-18T00:00:00,0.0,15.0,7.8
1935-01-19T00:00:00,0.0,15.0,5.6
1935-01-20T00:00:00,0.0,15.0,0.6
1935-01-21T00:00:00,0.0,3.9,-14.4
1935-01-22T00:00:00,0.0,18.9,-4.4
1935-01-23T00:00:00,0.0,12.8,-1.7
1935-01-24T00:00:00,0.0,13.9,-4.4
1935-01-25T00:00:00,0.0,19.4,-2.2
1935-01-26T00:00:00,0.0,22.8,2.8
1935-01-27T00:00:00,0.0,20.0,2.2
1935-01-28T00:00:00,0.0,20.0,-0.6
1935-01-29T00:00:00,0.0,16.1,3.3
1935-01-30T00:00:00,0.0,15.0,2.8
1935-01-31T00:00:00,0.0,15.6,2.2
1935-02-01T00:00:00,0.0,14.4,1.1
1935-02-02T00:00:00,0.0,16.1,-2.2
1935-02-03T00:00:00,0.0,19.4,-0.6
1935-02-04T00:00:00,0.0,21.1,-0.6
1935-02-05T00:00:00,0.0,22.2,2.2
1935-02-06T00:00:00,0.0,17.2,3.3
1935-02-07T00:00:00,0.0,18.3,1.7
1935-02-08T00:00:00,0.0,20.0,2.2
1935-02-09T00:00:00,0.0,20.6,0.6
1935-02-10T00:00:00,14.0,3.9,0.0
1935-02-11T00:00:00,3.0,3.3,0.0
1935-02-12T00:00:00,3.0,13.3,0.0
1935-02-13T00:00:00,0.0,11.7,-0.6
1935-02-14T00:00:00,0.0,19.4,4.4
1935-02-15T00:00:00,0.0,13.9,0.0
1935-02-16T00:00:00,0.0,8.9,-2.2
1935-02-17T00:00:00,0.0,17.8,-4.4
1935-02-18T00:00:00,0.0,19.4,1.1
1935-02-19T00:00:00,0.0,21.1,2.2
1935-02-20T00:00:00,0.0,22.2,2.2
1935-02-21T00:00:00,0.0,26.7,5.6
1935-02-22T00:00:00,0.0,19.4,10.6
1935-02-23T00:00:00,0.0,19.4,4.4
1935-02-24T00:00:00,0.0,15.6,7.2
1935-02-25T00:00:00,3.8,10.6,-9.4
1935-02-26T00:00:00,0.0,7.8,-10.0
1935-02-27T00:00:00,0.0,14.4,-4.4
1935-02-28T00:00:00,0.0,18.3,-3.9
1935-03-01T00:00:00,0.0,23.3,5.6
1935-03-02T00:00:00,0.0,21.1,7.8
1935-03-03T00:00:00,0.0,17.8,6.7
1935-03-04T00:00:00,0.0,16.7,4.4
1935-03-05T00:00:00,0.0,16.7,3.3
1935-03-06T00:00:00,0.0,13.3,-1.1
1935-03-07T00:00:00,0.0,8.9,-2.2
1935-03-08T00:00:00,0.0,20.0,-3.9
1935-03-09T00:00:00,0.0,22.2,3.3
1935-03-10T00:00:00,0.0,18.9,1.7
1935-03-11T00:00:00,14.0,10.0,0.0
1935-03-12T00:00:00,0.0,16.1,1.1
1935-03-13T00:00:00,0.0,21.7,4.4
1935-03-14T00:00:00,0.0,25.0,6.1
1935-03-15T00:00:00,0.0,25.0,8.3
1935-03-16T00:00:00,0.0,21.1,2.2
1935-03-17T00:00:00,0.0,15.0,6.1
1935-03-18T00:00:00,0.0,26.1,1.1
1935-03-19T00:00:00,0.0,26.1,12.2
1935-03-20T00:00:00,0.0,21.1,10.0
1935-03-21T00:00:00,0.0,18.9,7.2
1935-03-22T00:00:00,0.0,25.0,7.2
1935-03-23T00:00:00,0.0,26.1,9.4
1935-03-24T00:00:00,0.0,26.1,9.4
1935-03-25T00:00:00,0.0,24.4,7.8
1935-03-26T00:00:00,0.0,26.7,6.7
1935-03-27T00:00:00,0.0,20.0,7.2
1935-03-28T00:00:00,0.0,18.3,7.2
1935-03-29T00:00:00,0.0,22.2,4.4
1935-03-30T00:00:00,0.0,26.7,13.3
1935-03-31T00:00:00,0.0,25.6,7.2
1935-04-01T00:00:00,0.0,26.7,10.0
1935-04-02T00:00:00,0.0,27.2,7.8
1935-04-03T00:00:00,0.0,27.2,7.2
1935-04-04T00:00:00,0.0,27.8,10.6
1935-04-05T00:00:00,0.0,26.7,8.9
1935-04-06T00:00:00,0.0,25.0,6.7
1935-04-07T00:00:00,0.0,16.7,7.8
1935-04-08T00:00:00,0.0,24.4,7.8
1935-04-09T00:00:00,0.0,26.7,7.8
1935-04-10T00:00:00,0.0,22.2,4.4
1935-04-11T00:00:00,0.0,16.7,4.4
1935-04-12T00:00:00,0.0,17.2,6.1
1935-04-13T00:00:00,0.0,24.4,5.6
1935-04-14T00:00:00,0.0,33.3,11.1
1935-04-15T00:00:00,0.0,24.4,11.1
1935-04-16T00:00:00,0.0,27.8,11.1
1935-04-17T00:00:00,0.0,27.2,10.6
1935-04-18T00:00:00,0.0,20.0,10.0
1935-04-19T00:00:00,22.1,10.6,3.9
1935-04-20T00:00:00,0.0,21.1,3.9
1935-04-21T00:00:00,0.0,26.7,7.8
1935-04-22T00:00:00,0.0,24.4,11.1
1935-04-23T00:00:00,0.0,27.8,13.3
1935-04-24T00:00:00,0.0,24.4,14.4
1935-04-25T00:00:00,0.0,20.0,6.7
1935-04-26T00:00:00,0.0,24.4,6.7
1935-04-27T00:00:00,0.0,25.6,4.4
1935-04-28T00:00:00,0.0,27.8,7.2
1935-04-29T00:00:00,0.0,23.3,9.4
1935-04-30T00:00:00,0.0,31.1,8.3
1935-05-01T00:00:00,0.0,25.6,5.6
1935-05-02T00:00:00,0.0,24.4,6.7
1935-05-03T00:00:00,35.6,17.8,0.0
1935-05-04T00:00:00,7.1,3.9,0.6
1935-05-05T00:00:00,0.5,12.8,1.7
1935-05-06T00:00:00,0.0,24.4,5.6
1935-05-07T00:00:00,0.0,28.3,10.6
1935-05-08T00:00:00,0.0,29.4,11.7
1935-05-09T00:00:00,0.0,22.8,11.7
1935-05-10T00:00:00,0.0,30.0,11.1
1935-05-11T00:00:00,0.0,30.6,13.9
1935-05-12T00:00:00,0.0,29.4,5.0
1935-05-13T00:00:00,0.0,26.7,13.3
1935-05-14T00:00:00,0.0,23.3,12.2
1935-05-15T00:00:00,0.0,24.4,11.7
1935-05-16T00:00:00,1.3,20.0,11.7
1935-05-17T00:00:00,9.1,17.8,10.6
1935-05-18T00:00:00,0.5,18.9,7.8
1935-05-19T00:00:00,0.0,24.4,9.4
1935-05-20T00:00:00,0.0,20.6,8.9
1935-05-21T00:00:00,0.0,19.4,7.8
1935-05-22T00:00:00,10.2,25.6,8.9
1935-05-23T00:00:00,0.0,27.2,10.6
1935-05-24T00:00:00,0.0,21.7,13.3
1935-05-25T00:00:00,0.0,31.1,13.3
1935-05-26T00:00:00,0.0,28.9,12.8
1935-05-27T00:00:00,0.0,28.9,16.7
1935-05-28T00:00:00,0.0,30.0,14.4
1935-05-29T00:00:00,0.0,30.6,22.2
1935-05-30T00:00:00,0.0,31.7,20.6
1935-05-31T00:00:00,0.0,31.7,18.9
1935-06-01T00:00:00,0.0,31.7,21.7
1935-06-02T00:00:00,0.0,32.2,15.6
1935-06-03T00:00:00,0.0,27.2,16.7
1935-06-04T00:00:00,0.0,28.9,15.6
1935-06-05T00:00:00,0.0,26.7,18.9
1935-06-06T00:00:00,1.8,32.2,13.3
1935-06-07T00:00:00,0.0,28.9,17.8
1935-06-08T00:00:00,0.0,32.2,16.7
1935-06-09T00:00:00,0.0,28.9,17.2
1935-06-10T00:00:00,0.0,31.1,11.7
1935-06-11T00:00:00,5.1,27.2,16.7
1935-06-12T00:00:00,1.8,26.7,20.6
1935-06-13T00:00:00,35.1,27.2,13.9
1935-06-14T00:00:00,0.0,30.0,16.7
1935-06-15T00:00:00,0.0,33.3,16.1
1935-06-16T00:00:00,0.0,34.4,18.9
1935-06-17T00:00:00,0.0,33.3,25.6
1935-06-18T00:00:00,0.0,28.9,18.9
1935-06-19T00:00:00,0.0,36.1,24.4
1935-06-20T00:00:00,0.0,38.9,24.4
1935-06-21T00:00:00,0.0,32.8,18.9
1935-06-22T00:00:00,0.0,30.6,14.4
1935-06-23T00:00:00,10.2,32.8,18.9
1935-06-24T00:00:00,0.0,33.3,16.1
1935-06-25T00:00:00,0.0,33.3,17.2
1935-06-26T00:00:00,0.0,35.0,18.9
1935-06-27T00:00:00,0.0,32.2,15.6
1935-06-28T00:00:00,5.1,30.6,17.2
1935-06-29T00:00:00,0.0,32.8,13.3
1935-06-30T00:00:00,0.0,34.4,18.9
1935-07-01T00:00:00,0.0,33.9,16.1
1935-07-02T00:00:00,0.0,31.1,18.3
1935-07-03T00:00:00,0.0,33.3,16.7
1935-07-04T00:00:00,3.6,32.8,20.0
1935-07-05T00:00:00,0.0,32.2,15.6
1935-07-06T00:00:00,0.0,32.8,16.1
1935-07-07T00:00:00,0.0,33.3,16.1
1935-07-08T00:00:00,0.0,33.3,18.3
1935-07-09T00:00:00,0.0,33.9,18.9
1935-07-10T00:00:00,0.0,34.4,20.0
1935-07-11T00:00:00,0.0,35.6,18.9
1935-07-12T00:00:00,0.0,28.9,18.3
1935-07-13T00:00:00,0.0,30.0,18.9
1935-07-14T00:00:00,0.0,28.9,16.1
1935-07-15T00:00:00,0.0,27.8,16.1
1935-07-16T00:00:00,0.0,28.9,16.1
1935-07-17T00:00:00,0.0,29.4,16.1
1935-07-18T00:00:00,0.0,31.1,19.4
1935-07-19T00:00:00,0.0,27.8,16.1
1935-07-20T00:00:00,0.0,36.1,19.4
1935-07-21T00:00:00,0.0,32.2,15.6
1935-07-22T00:00:00,8.4,32.8,17.8
1935-07-23T00:00:00,0.0,33.3,17.2
1935-07-24T00:00:00,0.0,28.9,18.3
1935-07-25T00:00:00,0.0,30.6,19.4
1935-07-26T00:00:00,0.0,32.8,16.1
1935-07-27T00:00:00,0.0,32.8,16.1
1935-07-28T00:00:00,0.0,33.9,21.7
1935-07-29T00:00:00,0.0,33.3,18.3
1935-07-30T00:00:00,0.0,37.2,18.3
1935-07-31T00:00:00,0.0,,
1935-08-01T00:00:00,7.9,36.1,21.1
1935-08-02T00:00:00,2.5,36.1,21.1
1935-08-03T00:00:00,12.7,28.3,18.3
1935-08-04T00:00:00,1.3,31.1,17.2
1935-08-05T00:00:00,0.5,31.7,18.3
1935-08-06T00:00:00,0.0,33.3,25.6
1935-08-07T00:00:00,0.0,32.8,15.6
1935-08-08T00:00:00,0.0,31.1,14.4
1935-08-09T00:00:00,0.0,34.4,22.8
1935-08-10T00:00:00,0.0,33.3,18.3
1935-08-11T00:00:00,0.0,35.6,18.9
1935-08-12T00:00:00,0.0,32.8,18.9
1935-08-13T00:00:00,0.0,30.6,18.3
1935-08-14T00:00:00,0.0,32.8,25.6
1935-08-15T00:00:00,2.0,35.6,18.9
1935-08-16T00:00:00,0.0,32.8,20.0
1935-08-17T00:00:00,1.5,31.7,18.3
1935-08-18T00:00:00,0.0,35.0,24.4
1935-08-19T00:00:00,0.0,32.8,18.3
1935-08-20T00:00:00,1.0,31.1,15.6
1935-08-21T00:00:00,1.3,34.4,18.3
1935-08-22T00:00:00,0.0,32.2,17.8
1935-08-23T00:00:00,0.0,31.1,15.6
1935-08-24T00:00:00,1.3,28.9,14.4
1935-08-25T00:00:00,0.0,32.8,15.6
1935-08-26T00:00:00,0.0,34.4,18.3
1935-08-27T00:00:00,1.0,28.9,17.8
1935-08-28T00:00:00,0.0,32.8,16.1
1935-08-29T00:00:00,0.0,29.4,18.3
1935-08-30T00:00:00,0.0,26.7,16.7
1935-08-31T00:00:00,0.0,28.9,18.3
1935-09-01T00:00:00,0.0,32.8,17.2
1935-09-02T00:00:00,25.4,25.6,15.6
1935-09-03T00:00:00,4.1,20.6,15.6
1935-09-04T00:00:00,31.0,19.4,15.0
1935-09-05T00:00:00,1.0,23.9,10.6
1935-09-06T00:00:00,0.0,27.2,15.6
1935-09-07T00:00:00,0.0,26.1,15.6
1935-09-08T00:00:00,0.0,26.1,13.9
1935-09-09T00:00:00,5.6,20.6,10.6
1935-09-10T00:00:00,0.0,23.9,9.4
1935-09-11T00:00:00,0.0,26.7,8.9
1935-09-12T00:00:00,0.0,29.4,8.9
1935-09-13T00:00:00,0.0,29.4,12.8
1935-09-14T00:00:00,0.0,30.0,14.4
1935-09-15T00:00:00,0.0,31.1,14.4
1935-09-16T00:00:00,0.0,29.4,21.1
1935-09-17T00:00:00,0.0,29.4,15.6
1935-09-18T00:00:00,0.0,26.7,11.7
1935-09-19T00:00:00,0.0,32.2,14.4
1935-09-20T00:00:00,0.0,27.2,11.7
1935-09-21T00:00:00,0.0,28.9,15.6
1935-09-22T00:00:00,0.0,30.0,11.1
1935-09-23T00:00:00,2.5,23.3,15.6
1935-09-24T00:00:00,30.0,23.3,18.3
1935-09-25T00:00:00,3.0,27.8,13.3
1935-09-26T00:00:00,0.0,21.7,12.8
1935-09-27T00:00:00,0.0,13.3,5.6
1935-09-28T00:00:00,8.9,16.1,5.0
1935-09-29T00:00:00,0.0,22.8,12.8
1935-09-30T00:00:00,0.0,23.9,12.8
1935-10-01T00:00:00,0.0,26.7,18.3
1935-10-02T00:00:00,0.0,30.6,11.1
1935-10-03T00:00:00,0.0,30.6,16.7
1935-10-04T00:00:00,0.0,30.0,11.1
1935-10-05T00:00:00,0.0,29.4,15.6
1935-10-06T00:00:00,0.0,24.4,11.1
1935-10-07T00:00:00,0.0,25.6,10.0
1935-10-08T00:00:00,0.0,28.9,15.6
1935-10-09T00:00:00,0.0,27.2,16.7
1935-10-10T00:00:00,0.0,23.3,11.7
1935-10-11T00:00:00,0.0,31.1,7.8
1935-10-12T00:00:00,0.0,30.0,10.0
1935-10-13T00:00:00,0.0,29.4,12.8
1935-10-14T00:00:00,0.0,27.2,9.4
1935-10-15T00:00:00,0.0,28.3,10.0
1935-10-16T00:00:00,0.0,27.8,15.6
1935-10-17T00:00:00,0.0,22.8,8.9
1935-10-18T00:00:00,6.9,18.3,8.3
1935-10-19T00:00:00,0.0,22.2,5.6
1935-10-20T00:00:00,2.0,25.6,11.7
1935-10-21T00:00:00,0.0,25.6,7.2
1935-10-22T00:00:00,0.0,20.0,5.6
1935-10-23T00:00:00,0.8,11.1,1.1
1935-10-24T00:00:00,0.8,5.0,0.6
1935-10-25T00:00:00,0.0,12.8,3.3
1935-10-26T00:00:00,0.0,18.9,-1.1
1935-10-27T00:00:00,0.0,23.9,5.6
1935-10-28T00:00:00,0.0,24.4,5.6
1935-10-29T00:00:00,0.0,26.7,10.0
1935-10-30T00:00:00,0.0,27.2,11.7
1935-10-31T00:00:00,0.0,24.4,8.9
1935-11-01T00:00:00,0.0,20.0,2.2
1935-11-02T00:00:00,0.0,26.7,7.8
1935-11-03T00:00:00,0.0,24.4,8.9
1935-11-04T00:00:00,0.0,18.3,5.0
1935-11-05T00:00:00,0.0,16.1,-1.1
1935-11-06T00:00:00,0.0,20.6,-1.1
1935-11-07T00:00:00,0.0,16.1,0.0
1935-11-08T00:00:00,0.0,23.3,5.0
1935-11-09T00:00:00,0.0,21.7,5.0
1935-11-10T00:00:00,0.0,20.0,8.9
1935-11-11T00:00:00,3.0,20.0,-2.2
1935-11-12T00:00:00,0.0,16.7,-1.1
1935-11-13T00:00:00,0.0,25.0,-1.1
1935-11-14T00:00:00,0.0,16.7,1.7
1935-11-15T00:00:00,0.0,10.0,-1.1
1935-11-16T00:00:00,0.0,14.4,-0.6
1935-11-17T00:00:00,0.0,18.3,-1.7
1935-11-18T00:00:00,0.0,21.1,-2.2
1935-11-19T00:00:00,0.0,18.3,-0.6
1935-11-20T00:00:00,0.0,21.1,-1.1
1935-11-21T00:00:00,0.0,18.3,1.1
1935-11-22T00:00:00,0.0,19.4,-2.2
1935-11-23T00:00:00,0.0,11.1,1.7
1935-11-24T00:00:00,0.0,11.1,4.4
1935-11-25T00:00:00,16.5,10.6,4.4
1935-11-26T00:00:00,6.4,13.3,6.7
1935-11-27T00:00:00,0.0,15.6,6.7
1935-11-28T00:00:00,0.0,16.7,-1.1
1935-11-29T00:00:00,0.0,17.8,0.0
1935-11-30T00:00:00,0.0,15.0,0.6
1935-12-01T00:00:00,0.0,10.6,2.2
1935-12-02T00:00:00,0.0,9.4,0.6
1935-12-03T00:00:00,0.0,10.6,2.2
1935-12-04T00:00:00,2.0,5.0,0.0
1935-12-05T00:00:00,1.3,16.7,1.7
1935-12-06T00:00:00,0.0,17.2,0.6
1935-12-07T00:00:00,0.0,16.1,-1.1
1935-12-08T00:00:00,0.0,15.0,-0.6
1935-12-09T00:00:00,0.0,15.6,0.0
1935-12-10T00:00:00,0.0,13.3,-2.2
1935-12-11T00:00:00,0.0,16.1,2.8
1935-12-12T00:00:00,0.0,18.3,-3.3
1935-12-13T00:00:00,0.0,19.4,4.4
1935-12-14T00:00:00,0.0,13.3,-2.2
1935-12-15T00:00:00,0.0,6.7,-3.9
1935-12-16T00:00:00,0.0,9.4,-5.6
1935-12-17T00:00:00,0.0,13.3,-4.4
1935-12-18T00:00:00,0.0,13.9,-1.1
1935-12-19T00:00:00,0.0,9.4,0.0
1935-12-20T00:00:00,0.0,5.6,0.6
1935-12-21T00:00:00,1.3,7.2,-1.1
1935-12-22T00:00:00,0.0,15.6,-0.6
1935-12-23T00:00:00,0.0,10.0,-2.2
1935-12-24T00:00:00,0.0,12.8,-5.0
1935-12-25T00:00:00,0.0,4.4,-3.3
1935-12-26T00:00:00,0.0,0.0,-3.3
1935-12-27T00:00:00,2.0,12.8,-3.3
1935-12-28T00:00:00,0.0,13.9,4.4
1935-12-29T00:00:00,0.0,13.9,-3.9
1935-12-30T00:00:00,0.0,13.9,0.0
1935-12-31T00:00:00,0.0,14.4,-4.4
1936-01-01T00:00:00,0.0,12.8,-1.1
1936-01-02T00:00:00,0.0,12.8,-1.1
1936-01-03T00:00:00,0.0,12.8,-3.9
1936-01-04T00:00:00,0.0,13.9,-3.3
1936-01-05T00:00:00,0.0,16.7,1.7
1936-01-06T00:00:00,0.0,16.7,-1.1
1936-01-07T00:00:00,3.8,2.8,-3.9
1936-01-08T00:00:00,0.0,13.9,-6.1
1936-01-09T00:00:00,0.0,17.8,-1.1
1936-01-10T00:00:00,0.0,18.3,1.7
1936-01-11T00:00:00,0.0,22.2,2.8
1936-01-12T00:00:00,0.0,17.2,5.6
1936-01-13T00:00:00,0.0,16.7,-2.2
1936-01-14T00:00:00,0.0,17.8,-1.1
1936-01-15T00:00:00,0.0,20.0,3.3
1936-01-16T00:00:00,0.0,19.4,4.4
1936-01-17T00:00:00,0.0,16.7,-2.2
1936-01-18T00:00:00,2.5,11.1,-7.8
1936-01-19T00:00:00,0.0,5.6,-10.0
1936-01-20T00:00:00,0.0,13.3,-5.6
1936-01-21T00:00:00,0.0,11.1,-3.3
1936-01-22T00:00:00,0.0,18.3,-2.2
1936-01-23T00:00:00,0.0,16.7,-1.1
1936-01-24T00:00:00,0.0,17.8,-3.3
1936-01-25T00:00:00,0.0,12.8,-2.2
1936-01-26T00:00:00,0.0,10.0,-6.7
1936-01-27T00:00:00,0.0,2.8,-6.1
1936-01-28T00:00:00,0.0,11.7,-6.7
1936-01-29T00:00:00,10.2,7.2,-6.7
1936-01-30T00:00:00,6.4,3.3,-6.7
1936-01-31T00:00:00,0.0,5.0,-5.6
1936-02-01T00:00:00,0.0,18.3,0.0
1936-02-02T00:00:00,0.0,18.3,4.4
1936-02-03T00:00:00,0.0,15.6,5.6
1936-02-04T00:00:00,0.0,8.9,-7.8
1936-02-05T00:00:00,0.0,4.4,-10.0
1936-02-06T00:00:00,0.0,12.8,-6.1
1936-02-07T00:00:00,0.0,16.7,0.0
1936-02-08T00:00:00,0.0,11.1,-3.3
1936-02-09T00:00:00,0.0,19.4,-6.7
1936-02-10T00:00:00,0.0,10.0,-6.7
1936-02-11T00:00:00,0.0,21.1,1.7
1936-02-12T00:00:00,0.0,22.2,7.2
1936-02-13T00:00:00,0.0,16.7,5.6
1936-02-14T00:00:00,0.0,15.6,3.3
1936-02-15T00:00:00,0.0,18.3,4.4
1936-02-16T00:00:00,0.0,16.7,1.7
1936-02-17T00:00:00,0.0,17.2,3.9
1936-02-18T00:00:00,0.0,5.0,-11.1
1936-02-19T00:00:00,0.0,12.8,-7.8
1936-02-20T00:00:00,0.0,18.9,1.7
1936-02-21T00:00:00,0.0,15.6,1.7
1936-02-22T00:00:00,0.0,24.4,5.6
1936-02-23T00:00:00,0.0,24.4,7.8
1936-02-24T00:00:00,0.0,24.4,10.0
1936-02-25T00:00:00,0.0,21.1,4.4
1936-02-26T00:00:00,0.0,18.3,-2.2
1936-02-27T00:00:00,0.0,21.7,-1.1
1936-02-28T00:00:00,0.0,22.8,2.8
1936-02-29T00:00:00,0.0,20.6,0.6
1936-03-01T00:00:00,0.0,20.0,3.3
1936-03-02T00:00:00,0.0,16.7,6.1
1936-03-03T00:00:00,0.0,20.0,1.7
1936-03-04T00:00:00,0.0,17.2,2.2
1936-03-05T00:00:00,0.0,20.0,2.2
1936-03-06T00:00:00,0.0,20.6,7.8
1936-03-07T00:00:00,7.6,20.0,5.0
1936-03-08T00:00:00,0.0,22.2,4.4
1936-03-09T00:00:00,0.0,22.8,3.3
1936-03-10T00:00:00,0.0,25.0,8.3
1936-03-11T00:00:00,0.0,17.2,0.6
1936-03-12T00:00:00,0.0,21.1,0.0
1936-03-13T00:00:00,0.0,25.6,8.9
1936-03-14T00:00:00,0.0,25.6,7.2
1936-03-15T00:00:00,0.0,26.7,4.4
1936-03-16T00:00:00,0.0,18.3,4.4
1936-03-17T00:00:00,0.0,18.3,0.6
1936-03-18T00:00:00,0.0,27.2,5.0
1936-03-19T00:00:00,0.0,20.0,7.8
1936-03-20T00:00:00,0.0,23.9,1.7
1936-03-21T00:00:00,0.0,27.2,7.8
1936-03-22T00:00:00,0.0,20.0,4.4
1936-03-23T00:00:00,0.0,18.9,7.8
1936-03-24T00:00:00,0.0,18.9,-4.4
1936-03-25T00:00:00,0.0,21.1,2.2
1936-03-26T00:00:00,0.0,20.6,-1.7
1936-03-27T00:00:00,0.0,24.4,7.8
1936-03-28T00:00:00,0.0,26.1,4.4
1936-03-29T00:00:00,0.0,26.7,11.7
1936-03-30T00:00:00,0.0,27.2,11.7
1936-03-31T00:00:00,0.0,21.7,8.9
1936-04-01T00:00:00,0.0,19.4,11.7
1936-04-02T00:00:00,0.0,15.6,-3.9
1936-04-03T00:00:00,0.0,26.7,0.0
1936-04-04T00:00:00,0.0,24.4,12.8
1936-04-05T00:00:00,0.0,24.4,7.2
1936-04-06T00:00:00,0.0,9.4,-3.9
1936-04-07T00:00:00,0.0,16.1,-3.9
1936-04-08T00:00:00,0.0,21.7,-1.1
1936-04-09T00:00:00,0.0,24.4,7.2
1936-04-10T00:00:00,0.0,24.4,3.3
1936-04-11T00:00:00,0.0,27.8,8.9
1936-04-12T00:00:00,0.0,31.1,8.9
1936-04-13T00:00:00,0.0,33.3,11.7
1936-04-14T00:00:00,0.0,33.3,15.6
1936-04-15T00:00:00,0.0,32.8,13.3
1936-04-16T00:00:00,0.0,24.4,12.8
1936-04-17T00:00:00,0.0,23.9,7.2
1936-04-18T00:00:00,0.0,24.4,13.3
1936-04-19T00:00:00,3.8,27.2,8.9
1936-04-20T00:00:00,0.0,26.7,11.7
1936-04-21T00:00:00,0.0,21.7,10.0
1936-04-22T00:00:00,0.0,20.6,2.2
1936-04-23T00:00:00,0.0,24.4,3.3
1936-04-24T00:00:00,0.0,28.3,7.2
1936-04-25T00:00:00,0.0,30.6,10.0
1936-04-26T00:00:00,0.0,21.7,13.3
1936-04-27T00:00:00,0.0,27.2,8.9
1936-04-28T00:00:00,0.0,30.6,13.9
1936-04-29T00:00:00,0.0,28.9,11.1
1936-04-30T00:00:00,0.0,32.2,13.3
1936-05-01T00:00:00,0.0,32.8,10.6
1936-05-02T00:00:00,0.0,27.2,16.7
1936-05-03T00:00:00,0.0,25.6,12.8
1936-05-04T00:00:00,0.0,31.1,13.9
1936-05-05T00:00:00,0.0,34.4,21.1
1936-05-06T00:00:00,0.0,32.2,13.3
1936-05-07T00:00:00,0.0,26.7,13.3
1936-05-08T00:00:00,0.0,21.7,4.4
1936-05-09T00:00:00,0.0,27.2,13.3
1936-05-10T00:00:00,0.0,28.9,11.1
1936-05-11T00:00:00,0.0,24.4,12.2
1936-05-12T00:00:00,0.0,25.6,13.3
1936-05-13T00:00:00,0.0,24.4,13.3
1936-05-14T00:00:00,0.0,28.9,11.1
1936-05-15T00:00:00,0.0,31.7,13.3
1936-05-16T00:00:00,0.0,32.8,16.7
1936-05-17T00:00:00,0.0,28.9,15.6
1936-05-18T00:00:00,0.0,31.1,14.4
1936-05-19T00:00:00,0.0,32.8,10.6
1936-05-20T00:00:00,0.0,33.9,14.4
1936-05-21T00:00:00,0.0,31.7,16.1
1936-05-22T00:00:00,0.0,28.9,14.4
1936-05-23T00:00:00,18.5,21.7,12.8
1936-05-24T00:00:00,6.4,23.9,13.3
1936-05-25T00:00:00,31.8,17.8,13.9
1936-05-26T00:00:00,8.1,25.0,12.8
1936-05-27T00:00:00,5.6,23.9,12.2
1936-05-28T00:00:00,0.0,26.7,16.7
1936-05-29T00:00:00,0.0,24.4,15.6
1936-05-30T00:00:00,0.0,25.0,12.8
1936-05-31T00:00:00,0.0,29.4,12.8
1936-06-01T00:00:00,0.0,28.3,11.1
1936-06-02T00:00:00,0.0,29.4,11.7
1936-06-03T00:00:00,0.0,29.4,18.3
1936-06-04T00:00:00,0.0,31.7,14.4
1936-06-05T00:00:00,0.0,33.3,12.2
1936-06-06T00:00:00,0.0,34.4,15.6
1936-06-07T00:00:00,0.0,36.1,18.3
1936-06-08T00:00:00,0.0,37.8,15.6
1936-06-09T00:00:00,0.0,37.8,16.1
1936-06-10T00:00:00,0.0,29.4,16.7
1936-06-11T00:00:00,0.0,28.9,21.1
1936-06-12T00:00:00,0.0,32.8,16.1
1936-06-13T00:00:00,0.0,35.0,13.3
1936-06-14T00:00:00,0.0,30.6,15.6
1936-06-15T00:00:00,3.0,30.0,17.2
1936-06-16T00:00:00,0.0,32.2,18.3
1936-06-17T00:00:00,0.0,37.2,21.1
1936-06-18T00:00:00,0.0,34.4,15.6
1936-06-19T00:00:00,0.0,32.8,17.2
1936-06-20T00:00:00,0.0,31.7,16.1
1936-06-21T00:00:00,0.0,26.1,11.7
1936-06-22T00:00:00,0.0,29.4,18.9
1936-06-23T00:00:00,0.0,27.2,19.4
1936-06-24T00:00:00,0.0,33.3,17.2
1936-06-25T00:00:00,0.0,35.0,18.9
1936-06-26T00:00:00,0.0,35.0,18.9
1936-06-27T00:00:00,0.0,34.4,18.9
1936-06-28T00:00:00,0.0,35.0,19.4
1936-06-29T00:00:00,0.0,35.6,19.4
1936-06-30T00:00:00,0.0,34.4,22.2
1936-07-01T00:00:00,0.0,34.4,19.4
1936-07-02T00:00:00,0.0,35.0,18.3
1936-07-03T00:00:00,0.0,34.4,16.7
1936-07-04T00:00:00,0.0,35.0,16.7
1936-07-05T00:00:00,0.0,32.8,18.9
1936-07-06T00:00:00,0.0,29.4,18.3
1936-07-07T00:00:00,0.0,26.7,16.7
1936-07-08T00:00:00,0.0,27.2,13.3
1936-07-09T00:00:00,0.0,25.0,15.6
1936-07-10T00:00:00,2.5,25.0,18.3
1936-07-11T00:00:00,0.0,28.9,18.3
1936-07-12T00:00:00,0.0,31.1,15.6
1936-07-13T00:00:00,0.0,31.1,17.2
1936-07-14T00:00:00,0.0,32.2,16.7
1936-07-15T00:00:00,2.5,32.2,16.7
1936-07-16T00:00:00,2.0,33.9,16.7
1936-07-17T00:00:00,0.0,31.7,17.2
1936-07-18T00:00:00,0.0,35.6,24.4
1936-07-19T00:00:00,0.0,38.3,25.6
1936-07-20T00:00:00,0.0,32.8,24.4
1936-07-21T00:00:00,0.0,37.2,18.9
1936-07-22T00:00:00,10.4,32.2,18.9
1936-07-23T00:00:00,0.0,30.6,15.6
1936-07-24T00:00:00,0.0,33.3,17.2
1936-07-25T00:00:00,0.0,33.9,18.3
1936-07-26T00:00:00,0.0,35.0,20.0
1936-07-27T00:00:00,0.0,35.6,20.0
1936-07-28T00:00:00,0.0,35.0,17.2
1936-07-29T00:00:00,0.0,31.7,21.7
1936-07-30T00:00:00,0.8,32.2,21.1
1936-07-31T00:00:00,22.1,28.3,16.7
1936-08-01T00:00:00,0.0,29.4,17.8
1936-08-02T00:00:00,0.0,31.7,15.6
1936-08-03T00:00:00,0.0,31.1,22.2
1936-08-04T00:00:00,0.0,29.4,16.7
1936-08-05T00:00:00,0.0,32.2,15.6
1936-08-06T00:00:00,0.0,32.8,18.9
1936-08-07T00:00:00,0.0,31.7,19.4
1936-08-08T00:00:00,0.0,31.7,20.0
1936-08-09T00:00:00,0.0,28.9,14.4
1936-08-10T00:00:00,0.0,32.2,20.0
1936-08-11T00:00:00,0.0,35.6,25.6
1936-08-12T00:00:00,0.0,37.8,25.6
1936-08-13T00:00:00,0.0,37.2,22.2
1936-08-14T00:00:00,0.0,36.7,18.9
1936-08-15T00:00:00,0.0,35.6,22.2
1936-08-16T00:00:00,0.0,34.4,23.9
1936-08-17T00:00:00,0.0,32.2,18.3
1936-08-18T00:00:00,0.0,31.1,15.6
1936-08-19T00:00:00,0.0,28.9,12.8
1936-08-20T00:00:00,24.6,27.8,18.9
1936-08-21T00:00:00,0.0,28.9,18.9
1936-08-22T00:00:00,0.0,32.8,18.9
1936-08-23T00:00:00,0.0,33.9,22.2
1936-08-24T00:00:00,0.0,35.6,21.1
1936-08-25T00:00:00,0.0,36.7,20.0
1936-08-26T00:00:00,0.0,36.7,21.1
1936-08-27T00:00:00,0.0,32.2,20.0
1936-08-28T00:00:00,0.0,26.7,18.3
1936-08-29T00:00:00,3.8,24.4,16.7
1936-08-30T00:00:00,14.0,30.0,15.6
1936-08-31T00:00:00,0.0,26.7,22.2
1936-09-01T00:00:00,0.0,35.0,22.2
1936-09-02T00:00:00,3.0,30.6,16.7
1936-09-03T00:00:00,0.0,32.2,21.7
1936-09-04T00:00:00,0.0,31.1,20.0
1936-09-05T00:00:00,0.0,32.8,17.2
1936-09-06T00:00:00,0.0,33.3,22.2
1936-09-07T00:00:00,0.0,32.2,18.3
1936-09-08T00:00:00,0.0,31.7,16.7
1936-09-09T00:00:00,0.0,31.1,18.9
1936-09-10T00:00:00,0.0,33.3,18.9
1936-09-11T00:00:00,0.0,31.7,22.2
1936-09-12T00:00:00,0.0,33.3,22.2
1936-09-13T00:00:00,0.0,28.9,16.7
1936-09-14T00:00:00,0.0,32.8,21.7
1936-09-15T00:00:00,0.0,33.3,15.6
1936-09-16T00:00:00,0.0,27.2,17.8
1936-09-17T00:00:00,0.0,24.4,14.4
1936-09-18T00:00:00,0.0,31.1,
1936-09-19T00:00:00,9.1,21.1,12.8
1936-09-20T00:00:00,1.8,23.3,15.6
1936-09-21T00:00:00,15.2,27.2,16.7
1936-09-22T00:00:00,0.0,27.8,15.0
1936-09-23T00:00:00,0.0,31.7,16.1
1936-09-24T00:00:00,34.3,26.7,13.3
1936-09-25T00:00:00,5.1,20.0,12.8
1936-09-26T00:00:00,0.0,23.9,12.8
1936-09-27T00:00:00,25.4,19.4,2.2
1936-09-28T00:00:00,0.0,12.8,1.7
1936-09-29T00:00:00,0.0,18.3,4.4
1936-09-30T00:00:00,0.0,18.9,5.6
1936-10-01T00:00:00,0.0,23.9,5.6
1936-10-02T00:00:00,0.0,26.7,7.8
1936-10-03T00:00:00,0.0,26.7,11.1
1936-10-04T00:00:00,0.0,28.3,8.9
1936-10-05T00:00:00,0.0,28.9,14.4
1936-10-06T00:00:00,0.0,26.7,11.1
1936-10-07T00:00:00,0.0,24.4,4.4
1936-10-08T00:00:00,0.0,22.2,2.8
1936-10-09T00:00:00,0.0,26.7,7.2
1936-10-10T00:00:00,0.0,26.7,7.2
1936-10-11T00:00:00,0.0,25.6,5.6
1936-10-12T00:00:00,0.0,31.1,7.8
1936-10-13T00:00:00,0.0,28.9,12.8
1936-10-14T00:00:00,0.0,24.4,13.3
1936-10-15T00:00:00,0.0,27.2,13.9
1936-10-16T00:00:00,0.0,21.7,7.2
1936-10-17T00:00:00,0.0,27.8,8.3
1936-10-18T00:00:00,0.0,28.9,12.2
1936-10-19T00:00:00,0.0,27.2,13.3
1936-10-20T00:00:00,0.0,24.4,18.9
1936-10-21T00:00:00,0.0,21.7,6.1
1936-10-22T00:00:00,3.3,15.6,2.2
1936-10-23T00:00:00,2.0,5.0,1.7
1936-10-24T00:00:00,0.0,8.9,3.3
1936-10-25T00:00:00,5.1,20.6,5.6
1936-10-26T00:00:00,0.0,21.1,5.6
1936-10-27T00:00:00,0.0,15.6,2.8
1936-10-28T00:00:00,0.0,16.7,5.6
1936-10-29T00:00:00,0.0,12.8,2.2
1936-10-30T00:00:00,0.0,24.4,5.6
1936-10-31T00:00:00,0.0,21.7,8.9
1936-11-01T00:00:00,0.0,24.4,8.9
1936-11-02T00:00:00,0.0,20.6,10.6
1936-11-03T00:00:00,0.0,15.6,-4.4
1936-11-04T00:00:00,0.0,15.6,-5.0
1936-11-05T00:00:00,0.0,17.8,-4.4
1936-11-06T00:00:00,0.0,18.3,8.9
1936-11-07T00:00:00,0.0,14.4,0.0
1936-11-08T00:00:00,0.0,13.3,1.7
1936-11-09T00:00:00,0.0,15.6,-3.3
1936-11-10T00:00:00,0.0,15.6,-2.2
1936-11-11T00:00:00,0.0,18.3,-1.1
1936-11-12T00:00:00,0.0,18.3,1.7
1936-11-13T00:00:00,0.0,18.3,-0.6
1936-11-14T00:00:00,0.0,21.1,4.4
1936-11-15T00:00:00,0.0,21.7,5.0
1936-11-16T00:00:00,0.0,22.2,0.0
1936-11-17T00:00:00,0.0,21.7,2.2
1936-11-18T00:00:00,0.0,20.0,1.7
1936-11-19T00:00:00,4.3,16.1,2.2
1936-11-20T00:00:00,0.0,16.1,4.4
1936-11-21T00:00:00,0.0,13.3,4.4
1936-11-22T00:00:00,0.0,17.8,0.6
1936-11-23T00:00:00,8.9,14.4,0.6
1936-11-24T00:00:00,0.0,14.4,-2.2
1936-11-25T00:00:00,0.0,9.4,-0.6
1936-11-26T00:00:00,0.0,14.4,-2.2
1936-11-27T00:00:00,0.0,15.0,-1.7
1936-11-28T00:00:00,4.6,16.1,5.0
1936-11-29T00:00:00,0.0,14.4,4.4
1936-11-30T00:00:00,0.0,18.3,1.7
1936-12-01T00:00:00,0.0,11.7,1.7
1936-12-02T00:00:00,2.5,15.0,-1.1
1936-12-03T00:00:00,0.0,8.9,-2.2
1936-12-04T00:00:00,0.0,7.2,0.6
1936-12-05T00:00:00,0.0,12.8,0.0
1936-12-06T00:00:00,0.0,13.3,-3.3
1936-12-07T00:00:00,0.0,18.3,0.0
1936-12-08T00:00:00,0.0,17.2,0.6
1936-12-09T00:00:00,0.0,17.8,0.6
1936-12-10T00:00:00,0.0,10.0,-1.1
1936-12-11T00:00:00,0.0,10.6,-5.6
1936-12-12T00:00:00,0.0,10.0,-6.7
1936-12-13T00:00:00,0.0,13.3,-4.4
1936-12-14T00:00:00,0.0,16.7,-3.9
1936-12-15T00:00:00,0.0,20.6,-1.1
1936-12-16T00:00:00,0.0,20.0,2.2
1936-12-17T00:00:00,0.0,19.4,5.6
1936-12-18T00:00:00,0.0,13.3,-4.4
1936-12-19T00:00:00,0.0,18.3,-3.9
1936-12-20T00:00:00,0.0,16.1,-1.1
1936-12-21T00:00:00,0.0,16.1,1.1
1936-12-22T00:00:00,0.0,15.6,1.1
1936-12-23T00:00:00,0.0,15.6,2.2
1936-12-24T00:00:00,0.0,20.0,4.4
1936-12-25T00:00:00,0.0,13.3,1.7
1936-12-26T00:00:00,0.0,15.0,2.2
1936-12-27T00:00:00,0.0,16.7,1.1
1936-12-28T00:00:00,0.0,18.9,0.0
1936-12-29T00:00:00,0.0,18.3,3.3
1936-12-30T00:00:00,0.0,15.0,-3.3
1936-12-31T00:00:00,0.0,14.4,-3.9
1937-01-01T00:00:00,0.0,12.8,0.0
1937-01-02T00:00:00,0.0,13.3,-5.0
1937-01-03T00:00:00,0.0,7.8,-8.9
1937-01-04T00:00:00,0.0,12.8,-6.7
1937-01-05T00:00:00,0.0,15.6,1.7
1937-01-06T00:00:00,0.0,18.3,1.7
1937-01-07T00:00:00,0.0,7.2,-4.4
1937-01-08T00:00:00,0.0,-2.2,-11.1
1937-01-09T00:00:00,0.0,3.3,-6.7
1937-01-10T00:00:00,0.0,4.4,-4.4
1937-01-11T00:00:00,0.0,6.7,-6.7
1937-01-12T00:00:00,0.0,8.9,-2.2
1937-01-13T00:00:00,0.0,14.4,-1.1
1937-01-14T00:00:00,0.0,13.3,-4.4
1937-01-15T00:00:00,0.0,11.1,-6.7
1937-01-16T00:00:00,0.0,17.2,-1.1
1937-01-17T00:00:00,0.0,14.4,0.0
1937-01-18T00:00:00,0.0,13.3,-5.6
1937-01-19T00:00:00,0.0,16.1,2.2
1937-01-20T00:00:00,0.0,15.6,4.4
1937-01-21T00:00:00,0.0,10.0,-2.2
1937-01-22T00:00:00,0.0,4.4,-6.7
1937-01-23T00:00:00,0.0,1.1,-7.2
1937-01-24T00:00:00,0.0,11.1,-8.9
1937-01-25T00:00:00,0.0,11.1,-5.6
1937-01-26T00:00:00,0.0,10.0,-11.1
1937-01-27T00:00:00,0.0,17.2,-6.7
1937-01-28T00:00:00,0.0,12.2,-5.6
1937-01-29T00:00:00,0.0,18.3,-1.1
1937-01-30T00:00:00,0.0,18.9,1.1
1937-01-31T00:00:00,0.0,13.3,-2.2
1937-02-01T00:00:00,0.0,7.8,-5.0
1937-02-02T00:00:00,2.5,4.4,-3.9
1937-02-03T00:00:00,0.0,11.1,-7.8
1937-02-04T00:00:00,0.0,15.6,-3.9
1937-02-05T00:00:00,0.0,23.9,5.6
1937-02-06T00:00:00,0.0,21.1,4.4
1937-02-07T00:00:00,0.0,20.0,4.4
1937-02-08T00:00:00,0.0,19.4,3.3
1937-02-09T00:00:00,0.0,11.1,-7.2
1937-02-10T00:00:00,0.0,12.8,-8.3
1937-02-11T00:00:00,0.0,15.0,-6.7
1937-02-12T00:00:00,0.0,13.9,4.4
1937-02-13T00:00:00,0.0,18.3,3.9
1937-02-14T00:00:00,0.0,22.2,2.2
1937-02-15T00:00:00,0.0,18.9,7.8
1937-02-16T00:00:00,14.0,13.3,2.2
1937-02-17T00:00:00,5.1,18.9,2.2
1937-02-18T00:00:00,0.0,18.3,-2.2
1937-02-19T00:00:00,0.0,18.3,4.4
1937-02-20T00:00:00,0.0,16.7,2.2
1937-02-21T00:00:00,0.0,12.8,-6.1
1937-02-22T00:00:00,0.0,15.6,-3.3
1937-02-23T00:00:00,0.0,25.6,7.2
1937-02-24T00:00:00,0.0,23.9,8.9
1937-02-25T00:00:00,0.0,22.2,3.3
1937-02-26T00:00:00,0.0,14.4,-4.4
1937-02-27T00:00:00,0.0,12.2,-6.7
1937-02-28T00:00:00,0.0,18.3,-7.8
1937-03-01T00:00:00,0.0,16.7,0.0
1937-03-02T00:00:00,0.0,21.1,-1.1
1937-03-03T00:00:00,0.0,18.3,0.0
1937-03-04T00:00:00,27.9,15.6,0.0
1937-03-05T00:00:00,41.9,12.2,0.0
1937-03-06T00:00:00,0.0,15.6,-0.6
1937-03-07T00:00:00,0.0,21.1,5.0
1937-03-08T00:00:00,0.0,15.6,4.4
1937-03-09T00:00:00,0.0,18.3,1.7
1937-03-10T00:00:00,0.0,22.2,6.1
1937-03-11T00:00:00,0.0,22.2,6.7
1937-03-12T00:00:00,0.0,18.3,5.0
1937-03-13T00:00:00,0.0,16.7,5.6
1937-03-14T00:00:00,0.0,11.1,-2.2
1937-03-15T00:00:00,0.0,4.4,-3.9
1937-03-16T00:00:00,0.0,20.0,-5.0
1937-03-17T00:00:00,0.0,21.1,5.6
1937-03-18T00:00:00,0.0,23.9,7.2
1937-03-19T00:00:00,0.0,20.0,-2.2
1937-03-20T00:00:00,0.0,18.9,1.7
1937-03-21T00:00:00,0.0,18.3,3.3
1937-03-22T00:00:00,0.0,14.4,1.1
1937-03-23T00:00:00,0.0,21.1,5.6
1937-03-24T00:00:00,0.0,22.2,3.3
1937-03-25T00:00:00,0.0,19.4,0.0
1937-03-26T00:00:00,0.0,12.8,-2.2
1937-03-27T00:00:00,0.0,8.3,-5.0
1937-03-28T00:00:00,0.0,7.2,-5.0
1937-03-29T00:00:00,0.0,10.6,-1.1
1937-03-30T00:00:00,0.0,15.6,-6.1
1937-03-31T00:00:00,0.0,21.1,-1.1
1937-04-01T00:00:00,0.0,21.1,4.4
1937-04-02T00:00:00,0.0,26.1,5.6
1937-04-03T00:00:00,0.0,23.3,7.2
1937-04-04T00:00:00,0.0,16.7,1.1
1937-04-05T00:00:00,0.0,20.0,-1.1
1937-04-06T00:00:00,0.0,25.6,3.3
1937-04-07T00:00:00,0.0,21.1,4.4
1937-04-08T00:00:00,0.0,16.1,2.2
1937-04-09T00:00:00,0.0,18.3,1.7
1937-04-10T00:00:00,0.0,26.7,2.2
1937-04-11T00:00:00,0.0,27.8,5.6
1937-04-12T00:00:00,0.0,28.3,7.8
1937-04-13T00:00:00,0.0,30.0,7.8
1937-04-14T00:00:00,0.0,31.7,14.4
1937-04-15T00:00:00,0.0,32.2,15.6
1937-04-16T00:00:00,0.0,33.3,12.8
1937-04-17T00:00:00,0.0,29.4,12.8
1937-04-18T00:00:00,0.0,24.4,10.0
1937-04-19T00:00:00,3.0,25.6,13.3
1937-04-20T00:00:00,0.0,25.6,11.1
1937-04-21T00:00:00,0.0,29.4,7.2
1937-04-22T00:00:00,0.0,29.4,10.0
1937-04-23T00:00:00,0.0,22.8,15.6
1937-04-24T00:00:00,0.0,22.2,2.8
1937-04-25T00:00:00,0.0,25.0,1.1
1937-04-26T00:00:00,0.0,25.6,7.2
1937-04-27T00:00:00,0.0,26.7,12.8
1937-04-28T00:00:00,0.0,25.6,10.0
1937-04-29T00:00:00,0.0,23.9,10.0
1937-04-30T00:00:00,0.0,22.8,4.4
1937-05-01T00:00:00,0.0,23.9,7.2
1937-05-02T00:00:00,0.0,25.0,8.9
1937-05-03T00:00:00,0.0,18.9,4.4
1937-05-04T00:00:00,0.0,25.0,6.7
1937-05-05T00:00:00,0.0,26.1,7.8
1937-05-06T00:00:00,7.6,24.4,12.8
1937-05-07T00:00:00,0.0,30.0,7.8
1937-05-08T00:00:00,0.0,32.2,13.3
1937-05-09T00:00:00,0.0,29.4,12.2
1937-05-10T00:00:00,0.0,29.4,10.0
1937-05-11T00:00:00,0.0,30.6,15.6
1937-05-12T00:00:00,0.0,30.6,15.6
1937-05-13T00:00:00,0.0,26.7,18.9
1937-05-14T00:00:00,0.0,32.8,10.0
1937-05-15T00:00:00,0.0,37.2,19.4
1937-05-16T00:00:00,0.0,32.8,20.0
1937-05-17T00:00:00,0.0,33.9,15.0
1937-05-18T00:00:00,0.0,34.4,12.8
1937-05-19T00:00:00,0.0,33.9,15.6
1937-05-20T00:00:00,0.0,34.4,23.3
1937-05-21T00:00:00,0.0,33.9,21.1
1937-05-22T00:00:00,0.0,32.2,17.8
1937-05-23T00:00:00,10.2,26.7,13.9
1937-05-24T00:00:00,11.9,23.9,12.8
1937-05-25T00:00:00,6.4,27.2,12.8
1937-05-26T00:00:00,0.0,25.0,4.4
1937-05-27T00:00:00,0.0,27.2,16.7
1937-05-28T00:00:00,26.7,22.2,13.9
1937-05-29T00:00:00,6.4,18.3,11.7
1937-05-30T00:00:00,0.0,27.8,12.8
1937-05-31T00:00:00,0.0,28.9,16.7
1937-06-01T00:00:00,0.0,26.7,15.6
1937-06-02T00:00:00,0.0,26.1,15.0
1937-06-03T00:00:00,0.0,29.4,18.3
1937-06-04T00:00:00,0.0,31.1,13.9
1937-06-05T00:00:00,0.0,26.7,12.8
1937-06-06T00:00:00,0.0,32.2,12.8
1937-06-07T00:00:00,0.0,34.4,13.3
1937-06-08T00:00:00,0.0,33.3,12.8
1937-06-09T00:00:00,0.0,34.4,12.8
1937-06-10T00:00:00,0.0,31.1,15.0
1937-06-11T00:00:00,1.3,32.8,17.2
1937-06-12T00:00:00,0.0,36.1,18.9
1937-06-13T00:00:00,0.0,33.9,26.1
1937-06-14T00:00:00,0.0,35.6,13.3
1937-06-15T00:00:00,0.0,36.7,15.6
1937-06-16T00:00:00,0.0,35.6,19.4
1937-06-17T00:00:00,0.0,37.8,15.6
1937-06-18T00:00:00,0.0,33.3,14.4
1937-06-19T00:00:00,0.0,33.3,15.0
1937-06-20T00:00:00,0.0,33.9,24.4
1937-06-21T00:00:00,0.0,33.3,26.1
1937-06-22T00:00:00,0.0,34.4,17.8
1937-06-23T00:00:00,0.0,34.4,20.0
1937-06-24T00:00:00,0.0,34.4,17.8
1937-06-25T00:00:00,0.0,36.7,18.9
1937-06-26T00:00:00,0.0,33.3,18.9
1937-06-27T00:00:00,0.0,36.1,17.8
1937-06-28T00:00:00,0.0,33.9,18.9
1937-06-29T00:00:00,0.0,33.9,17.2
1937-06-30T00:00:00,0.0,36.1,19.4
1937-07-01T00:00:00,0.0,35.6,20.6
1937-07-02T00:00:00,0.0,33.9,22.8
1937-07-03T00:00:00,5.1,33.9,23.9
1937-07-04T00:00:00,0.0,32.2,18.3
1937-07-05T00:00:00,0.0,31.7,25.0
1937-07-06T00:00:00,0.0,31.1,25.6
1937-07-07T00:00:00,0.0,32.2,16.7
1937-07-08T00:00:00,0.0,27.8,19.4
1937-07-09T00:00:00,0.0,29.4,12.8
1937-07-10T00:00:00,4.6,29.4,18.3
1937-07-11T00:00:00,1.8,31.1,17.2
1937-07-12T00:00:00,8.9,27.8,16.1
1937-07-13T00:00:00,0.0,36.1,25.0
1937-07-14T00:00:00,0.0,36.7,25.6
1937-07-15T00:00:00,0.0,37.2,18.3
1937-07-16T00:00:00,0.0,37.8,17.8
1937-07-17T00:00:00,0.0,36.1,21.1
1937-07-18T00:00:00,0.0,35.6,17.2
1937-07-19T00:00:00,0.0,35.6,17.8
1937-07-20T00:00:00,0.0,31.1,18.9
1937-07-21T00:00:00,2.0,30.6,15.6
1937-07-22T00:00:00,0.0,32.8,18.9
1937-07-23T00:00:00,0.0,35.6,18.3
1937-07-24T00:00:00,0.0,34.4,18.9
1937-07-25T00:00:00,0.0,35.6,18.3
1937-07-26T00:00:00,0.0,34.4,18.3
1937-07-27T00:00:00,0.0,33.9,18.3
1937-07-28T00:00:00,0.0,36.7,18.9
1937-07-29T00:00:00,0.0,38.9,18.9
1937-07-30T00:00:00,0.0,39.4,22.2
1937-07-31T00:00:00,0.0,38.9,20.6
1937-08-01T00:00:00,0.0,36.1,19.4
1937-08-02T00:00:00,0.0,35.0,23.3
1937-08-03T00:00:00,0.0,35.6,18.3
1937-08-04T00:00:00,0.0,36.1,24.4
1937-08-05T00:00:00,0.0,37.2,20.0
1937-08-06T00:00:00,0.0,37.8,25.6
1937-08-07T00:00:00,0.0,39.4,25.6
1937-08-08T00:00:00,0.0,37.8,21.1
1937-08-09T00:00:00,0.0,37.8,17.8
1937-08-10T00:00:00,0.0,39.4,18.9
1937-08-11T00:00:00,0.0,37.8,25.6
1937-08-12T00:00:00,0.0,36.1,19.4
1937-08-13T00:00:00,0.0,35.6,18.9
1937-08-14T00:00:00,0.0,36.1,19.4
1937-08-15T00:00:00,0.0,35.6,17.2
1937-08-16T00:00:00,0.0,33.9,17.2
1937-08-17T00:00:00,0.0,31.1,16.7
1937-08-18T00:00:00,6.1,35.0,17.8
1937-08-19T00:00:00,0.0,33.3,17.2
1937-08-20T00:00:00,9.1,27.8,21.7
1937-08-21T00:00:00,0.0,26.1,19.4
1937-08-22T00:00:00,0.0,29.4,17.2
1937-08-23T00:00:00,0.0,33.3,18.3
1937-08-24T00:00:00,0.0,32.2,20.0
1937-08-25T00:00:00,0.0,32.8,21.1
1937-08-26T00:00:00,0.0,32.2,17.8
1937-08-27T00:00:00,0.0,33.9,17.8
1937-08-28T00:00:00,0.0,33.9,20.0
1937-08-29T00:00:00,0.0,33.3,25.6
1937-08-30T00:00:00,0.0,33.3,21.1
1937-08-31T00:00:00,0.0,33.9,22.2
1937-09-01T00:00:00,0.0,33.3,15.6
1937-09-02T00:00:00,0.0,31.1,16.7
1937-09-03T00:00:00,0.0,37.8,25.6
1937-09-04T00:00:00,0.0,35.0,16.7
1937-09-05T00:00:00,0.0,31.7,22.8
1937-09-06T00:00:00,0.0,32.2,22.8
1937-09-07T00:00:00,0.0,31.1,16.7
1937-09-08T00:00:00,22.9,32.8,17.8
1937-09-09T00:00:00,2.5,31.1,17.8
1937-09-10T00:00:00,0.0,29.4,16.7
1937-09-11T00:00:00,0.0,31.1,16.7
1937-09-12T00:00:00,0.0,31.1,18.3
1937-09-13T00:00:00,0.0,32.2,17.2
1937-09-14T00:00:00,0.0,28.9,16.7
1937-09-15T00:00:00,0.0,29.4,12.8
1937-09-16T00:00:00,0.0,30.6,15.6
1937-09-17T00:00:00,0.0,30.0,12.8
1937-09-18T00:00:00,0.0,30.6,15.6
1937-09-19T00:00:00,0.0,29.4,18.3
1937-09-20T00:00:00,0.0,26.7,12.8
1937-09-21T00:00:00,0.0,28.9,12.8
1937-09-22T00:00:00,2.5,26.7,16.7
1937-09-23T00:00:00,0.0,28.9,19.4
1937-09-24T00:00:00,0.0,25.6,16.7
1937-09-25T00:00:00,0.0,21.1,17.2
1937-09-26T00:00:00,0.0,23.9,20.0
1937-09-27T00:00:00,0.0,26.7,16.7
1937-09-28T00:00:00,0.0,29.4,20.0
1937-09-29T00:00:00,0.0,32.2,17.2
1937-09-30T00:00:00,0.0,31.7,14.4
1937-10-01T00:00:00,3.8,28.3,19.4
1937-10-02T00:00:00,0.0,27.2,17.8
1937-10-03T00:00:00,0.0,31.1,10.6
1937-10-04T00:00:00,0.0,30.6,12.8
1937-10-05T00:00:00,0.0,31.7,16.1
1937-10-06T00:00:00,0.0,31.7,13.3
1937-10-07T00:00:00,0.0,31.1,12.2
1937-10-08T00:00:00,0.0,30.6,11.1
1937-10-09T00:00:00,0.0,26.7,16.7
1937-10-10T00:00:00,12.2,18.9,11.1
1937-10-11T00:00:00,7.6,16.7,12.8
1937-10-12T00:00:00,7.6,20.6,14.4
1937-10-13T00:00:00,12.2,15.6,7.2
1937-10-14T00:00:00,0.8,13.3,8.9
1937-10-15T00:00:00,0.0,21.1,13.3
1937-10-16T00:00:00,0.0,21.1,13.9
1937-10-17T00:00:00,0.0,24.4,8.9
1937-10-18T00:00:00,0.0,26.1,12.8
1937-10-19T00:00:00,0.0,20.6,1.1
1937-10-20T00:00:00,0.0,27.2,5.6
1937-10-21T00:00:00,0.0,21.7,15.0
1937-10-22T00:00:00,0.0,20.0,4.4
1937-10-23T00:00:00,0.0,20.6,5.0
1937-10-24T00:00:00,0.0,29.4,11.7
1937-10-25T00:00:00,0.0,28.9,12.8
1937-10-26T00:00:00,0.0,24.4,5.6
1937-10-27T00:00:00,0.0,27.8,6.7
1937-10-28T00:00:00,0.0,28.3,11.7
1937-10-29T00:00:00,0.0,27.8,10.0
1937-10-30T00:00:00,0.0,28.3,7.8
1937-10-31T00:00:00,0.0,27.8,10.0
1937-11-01T00:00:00,0.0,27.2,10.0
1937-11-02T00:00:00,0.0,20.6,6.1
1937-11-03T00:00:00,0.0,17.8,3.3
1937-11-04T00:00:00,0.0,25.6,6.1
1937-11-05T00:00:00,0.0,20.0,7.2
1937-11-06T00:00:00,0.0,24.4,4.4
1937-11-07T00:00:00,0.0,22.8,10.0
1937-11-08T00:00:00,0.0,20.6,10.0
1937-11-09T00:00:00,0.0,22.2,2.8
1937-11-10T00:00:00,0.0,20.0,3.3
1937-11-11T00:00:00,0.0,20.0,10.0
1937-11-12T00:00:00,0.0,22.8,2.8
1937-11-13T00:00:00,0.0,21.7,3.9
1937-11-14T00:00:00,0.0,22.2,3.9
1937-11-15T00:00:00,0.0,16.7,-3.3
1937-11-16T00:00:00,0.0,17.2,-3.9
1937-11-17T00:00:00,0.0,18.3,-4.4
1937-11-18T00:00:00,0.0,16.1,-1.7
1937-11-19T00:00:00,0.0,11.1,-11.7
1937-11-20T00:00:00,0.0,10.0,-7.8
1937-11-21T00:00:00,0.0,8.3,-5.6
1937-11-22T00:00:00,0.0,10.6,-4.4
1937-11-23T00:00:00,0.0,13.3,-5.6
1937-11-24T00:00:00,0.0,16.7,-5.6
1937-11-25T00:00:00,0.0,20.6,2.8
1937-11-26T00:00:00,0.0,20.0,5.6
1937-11-27T00:00:00,0.0,16.1,-1.1
1937-11-28T00:00:00,0.0,21.7,-2.2
1937-11-29T00:00:00,0.0,18.9,2.2
1937-11-30T00:00:00,0.0,16.1,-0.6
1937-12-01T00:00:00,0.0,10.6,-3.3
1937-12-02T00:00:00,0.0,9.4,4.4
1937-12-03T00:00:00,0.0,18.9,2.2
1937-12-04T00:00:00,0.0,11.7,0.6
1937-12-05T00:00:00,0.0,10.6,-6.1
1937-12-06T00:00:00,0.0,16.7,-6.7
1937-12-07T00:00:00,0.0,20.0,-2.2
1937-12-08T00:00:00,0.0,0.6,-8.3
1937-12-09T00:00:00,0.0,10.6,-2.8
1937-12-10T00:00:00,0.0,11.7,-1.7
1937-12-11T00:00:00,0.0,21.7,4.4
1937-12-12T00:00:00,0.0,23.3,10.0
1937-12-13T00:00:00,3.8,15.6,4.4
1937-12-14T00:00:00,4.6,7.2,-3.9
1937-12-15T00:00:00,0.0,11.1,-3.9
1937-12-16T00:00:00,0.0,11.1,-3.3
1937-12-17T00:00:00,0.0,10.6,-4.4
1937-12-18T00:00:00,0.0,16.7,-3.3
1937-12-19T00:00:00,0.0,11.1,-3.3
1937-12-20T00:00:00,8.1,6.1,-2.8
1937-12-21T00:00:00,0.0,2.2,-1.1
1937-12-22T00:00:00,0.0,12.8,-3.3
1937-12-23T00:00:00,0.0,15.6,-1.1
1937-12-24T00:00:00,0.0,18.3,5.6
1937-12-25T00:00:00,0.0,17.2,0.0
1937-12-26T00:00:00,0.0,18.9,2.2
1937-12-27T00:00:00,0.0,17.2,5.6
1937-12-28T00:00:00,0.0,17.2,2.2
1937-12-29T00:00:00,0.0,17.8,-1.1
1937-12-30T00:00:00,0.0,18.9,-1.1
1937-12-31T00:00:00,0.0,15.6,2.2
1938-01-01T00:00:00,0.0,12.2,-2.8
1938-01-02T00:00:00,0.0,11.7,-2.8
1938-01-03T00:00:00,9.4,12.2,2.8
1938-01-04T00:00:00,5.6,8.9,-1.1
1938-01-05T00:00:00,0.0,12.8,-1.1
1938-01-06T00:00:00,0.0,13.3,-2.8
1938-01-07T00:00:00,0.0,7.8,-4.4
1938-01-08T00:00:00,0.0,6.1,-3.9
1938-01-09T00:00:00,0.0,13.3,-3.3
1938-01-10T00:00:00,0.0,12.2,-4.4
1938-01-11T00:00:00,0.0,13.3,2.2
1938-01-12T00:00:00,0.0,12.2,-5.6
1938-01-13T00:00:00,0.0,21.1,1.1
1938-01-14T00:00:00,0.0,16.7,-3.3
1938-01-15T00:00:00,0.0,24.4,4.4
1938-01-16T00:00:00,0.0,24.4,4.4
1938-01-17T00:00:00,0.0,23.9,5.0
1938-01-18T00:00:00,0.0,22.2,5.6
1938-01-19T00:00:00,0.0,22.2,4.4
1938-01-20T00:00:00,0.0,18.3,4.4
1938-01-21T00:00:00,32.8,11.7,0.0
1938-01-22T00:00:00,2.5,15.6,-1.1
1938-01-23T00:00:00,0.0,19.4,2.8
1938-01-24T00:00:00,0.0,14.4,-3.3
1938-01-25T00:00:00,0.0,6.7,-11.1
1938-01-26T00:00:00,0.0,6.7,-4.4
1938-01-27T00:00:00,0.0,14.4,-4.4
1938-01-28T00:00:00,0.0,12.2,-3.3
1938-01-29T00:00:00,0.0,16.7,4.4
1938-01-30T00:00:00,0.0,11.1,1.1
1938-01-31T00:00:00,0.0,8.9,-8.9
1938-02-01T00:00:00,0.0,19.4,-3.3
1938-02-02T00:00:00,0.0,21.1,5.6
1938-02-03T00:00:00,0.0,20.6,2.8
1938-02-04T00:00:00,0.0,16.7,5.6
1938-02-05T00:00:00,0.0,21.1,4.4
1938-02-06T00:00:00,0.0,15.6,-2.2
1938-02-07T00:00:00,0.0,15.0,-3.3
1938-02-08T00:00:00,0.0,23.9,1.1
1938-02-09T00:00:00,0.0,24.4,5.6
1938-02-10T00:00:00,0.0,26.1,6.1
1938-02-11T00:00:00,0.0,22.8,7.8
1938-02-12T00:00:00,0.0,21.1,6.1
1938-02-13T00:00:00,0.0,20.0,7.2
1938-02-14T00:00:00,0.0,15.6,7.2
1938-02-15T00:00:00,0.0,21.1,8.9
1938-02-16T00:00:00,0.0,15.6,-1.1
1938-02-17T00:00:00,0.0,14.4,1.7
1938-02-18T00:00:00,0.0,8.9,-8.9
1938-02-19T00:00:00,0.0,13.3,-3.3
1938-02-20T00:00:00,0.0,6.7,-3.3
1938-02-21T00:00:00,6.4,6.1,-3.3
1938-02-22T00:00:00,0.0,13.3,-3.3
1938-02-23T00:00:00,0.0,12.8,-3.9
1938-02-24T00:00:00,2.0,13.3,2.2
1938-02-25T00:00:00,0.0,8.9,-1.1
1938-02-26T00:00:00,0.0,20.0,0.0
1938-02-27T00:00:00,0.0,18.9,5.6
1938-02-28T00:00:00,0.0,21.1,7.2
1938-03-01T00:00:00,0.0,22.8,7.2
1938-03-02T00:00:00,0.0,25.6,8.9
1938-03-03T00:00:00,0.0,23.3,12.8
1938-03-04T00:00:00,5.1,21.1,7.2
1938-03-05T00:00:00,0.0,18.3,1.1
1938-03-06T00:00:00,0.0,15.6,3.3
1938-03-07T00:00:00,0.0,13.9,-2.8
1938-03-08T00:00:00,14.7,16.7,1.1
1938-03-09T00:00:00,0.0,20.6,1.7
1938-03-10T00:00:00,0.0,21.7,1.7
1938-03-11T00:00:00,0.0,25.6,3.3
1938-03-12T00:00:00,0.0,24.4,5.6
1938-03-13T00:00:00,0.0,18.9,11.7
1938-03-14T00:00:00,0.0,18.9,7.8
1938-03-15T00:00:00,0.0,24.4,6.7
1938-03-16T00:00:00,0.0,21.7,5.0
1938-03-17T00:00:00,0.0,24.4,7.2
1938-03-18T00:00:00,0.0,25.6,7.8
1938-03-19T00:00:00,0.0,23.9,-1.1
1938-03-20T00:00:00,0.0,25.6,7.8
1938-03-21T00:00:00,0.0,24.4,7.2
1938-03-22T00:00:00,0.0,22.2,7.8
1938-03-23T00:00:00,0.0,23.9,-1.7
1938-03-24T00:00:00,0.0,28.3,4.4
1938-03-25T00:00:00,0.0,28.3,8.9
1938-03-26T00:00:00,0.0,25.0,4.4
1938-03-27T00:00:00,0.5,7.2,0.0
1938-03-28T00:00:00,0.0,16.7,-2.8
1938-03-29T00:00:00,0.0,23.9,7.2
1938-03-30T00:00:00,0.0,19.4,8.3
1938-03-31T00:00:00,0.0,20.6,-1.7
1938-04-01T00:00:00,0.0,17.8,0.0
1938-04-02T00:00:00,0.0,15.0,-3.3
1938-04-03T00:00:00,0.0,25.6,-2.2
1938-04-04T00:00:00,0.0,29.4,7.2
1938-04-05T00:00:00,0.0,26.7,12.8
1938-04-06T00:00:00,0.0,21.1,11.1
1938-04-07T00:00:00,0.0,13.3,-4.4
1938-04-08T00:00:00,0.0,12.2,-5.6
1938-04-09T00:00:00,0.0,18.9,-3.3
1938-04-10T00:00:00,0.0,25.6,1.1
1938-04-11T00:00:00,0.0,26.7,5.6
1938-04-12T00:00:00,0.0,30.0,6.1
1938-04-13T00:00:00,0.0,26.7,15.6
1938-04-14T00:00:00,0.0,25.6,12.8
1938-04-15T00:00:00,0.0,24.4,8.9
1938-04-16T00:00:00,0.0,26.1,8.9
1938-04-17T00:00:00,0.0,27.2,8.3
1938-04-18T00:00:00,0.0,28.9,5.6
1938-04-19T00:00:00,0.0,32.2,7.2
1938-04-20T00:00:00,0.0,27.8,10.0
1938-04-21T00:00:00,0.0,27.8,12.8
1938-04-22T00:00:00,0.0,18.9,5.6
1938-04-23T00:00:00,0.0,30.0,10.6
1938-04-24T00:00:00,0.0,31.7,16.7
1938-04-25T00:00:00,0.0,32.2,12.2
1938-04-26T00:00:00,0.0,27.8,18.3
1938-04-27T00:00:00,0.0,26.7,12.8
1938-04-28T00:00:00,2.5,27.8,12.2
1938-04-29T00:00:00,0.0,27.2,15.6
1938-04-30T00:00:00,0.0,26.1,11.1
1938-05-01T00:00:00,0.0,28.9,11.1
1938-05-02T00:00:00,0.0,28.9,10.0
1938-05-03T00:00:00,0.0,24.4,10.6
1938-05-04T00:00:00,0.0,26.7,7.2
1938-05-05T00:00:00,0.0,27.8,6.7
1938-05-06T00:00:00,0.0,26.1,7.2
1938-05-07T00:00:00,0.0,18.9,2.2
1938-05-08T00:00:00,0.0,20.0,1.1
1938-05-09T00:00:00,3.0,18.3,8.3
1938-05-10T00:00:00,0.0,22.2,2.2
1938-05-11T00:00:00,0.0,30.0,18.9
1938-05-12T00:00:00,0.0,31.1,21.1
1938-05-13T00:00:00,0.0,31.1,18.9
1938-05-14T00:00:00,0.0,24.4,17.8
1938-05-15T00:00:00,0.0,34.4,9.4
1938-05-16T00:00:00,0.5,28.9,20.0
1938-05-17T00:00:00,0.0,30.0,13.3
1938-05-18T00:00:00,0.0,29.4,15.6
1938-05-19T00:00:00,0.0,30.0,10.6
1938-05-20T00:00:00,0.0,31.7,12.2
1938-05-21T00:00:00,0.0,33.9,19.4
1938-05-22T00:00:00,0.0,30.6,21.1
1938-05-23T00:00:00,0.0,28.3,11.1
1938-05-24T00:00:00,0.0,26.7,8.9
1938-05-25T00:00:00,0.0,33.3,10.0
1938-05-26T00:00:00,0.0,32.2,12.8
1938-05-27T00:00:00,0.0,36.7,11.7
1938-05-28T00:00:00,0.0,38.3,12.8
1938-05-29T00:00:00,0.0,37.2,15.6
1938-05-30T00:00:00,0.0,33.3,21.1
1938-05-31T00:00:00,0.0,32.2,18.9
1938-06-01T00:00:00,0.0,33.3,18.3
1938-06-02T00:00:00,0.0,35.0,17.2
1938-06-03T00:00:00,0.0,38.9,15.6
1938-06-04T00:00:00,0.0,32.2,18.3
1938-06-05T00:00:00,6.4,35.0,17.2
1938-06-06T00:00:00,0.0,36.1,18.3
1938-06-07T00:00:00,0.0,31.1,20.0
1938-06-08T00:00:00,0.0,34.4,13.3
1938-06-09T00:00:00,0.0,35.0,17.2
1938-06-10T00:00:00,0.0,33.9,18.9
1938-06-11T00:00:00,0.0,35.6,18.9
1938-06-12T00:00:00,2.5,34.4,17.2
1938-06-13T00:00:00,3.8,33.3,15.6
1938-06-14T00:00:00,0.0,35.0,15.6
1938-06-15T00:00:00,0.0,35.0,20.0
1938-06-16T00:00:00,0.0,29.4,15.6
1938-06-17T00:00:00,0.0,33.9,23.9
1938-06-18T00:00:00,0.0,37.8,14.4
1938-06-19T00:00:00,0.0,35.0,20.0
1938-06-20T00:00:00,0.0,32.2,20.0
1938-06-21T00:00:00,0.0,35.0,18.3
1938-06-22T00:00:00,0.0,32.2,17.2
1938-06-23T00:00:00,11.9,29.4,17.2
1938-06-24T00:00:00,4.3,25.6,14.4
1938-06-25T00:00:00,0.0,30.0,17.2
1938-06-26T00:00:00,15.7,25.0,14.4
1938-06-27T00:00:00,22.4,21.7,16.1
1938-06-28T00:00:00,1.3,26.7,15.6
1938-06-29T00:00:00,24.6,27.8,17.8
1938-06-30T00:00:00,16.0,30.0,17.2
1938-09-01T00:00:00,39.6,,
1938-09-02T00:00:00,3.8,,
1938-09-03T00:00:00,9.4,25.6,18.9
1938-09-04T00:00:00,3.3,25.0,15.6
1938-09-05T00:00:00,0.8,25.6,15.6
1938-09-06T00:00:00,13.5,27.2,16.1
1938-09-07T00:00:00,0.3,27.2,15.0
1938-09-08T00:00:00,19.1,26.7,15.0
1938-09-09T00:00:00,0.0,28.9,15.0
1938-09-10T00:00:00,0.0,29.4,15.6
1938-09-11T00:00:00,0.0,29.4,14.4
1938-09-12T00:00:00,0.0,28.3,15.6
1938-09-13T00:00:00,0.0,30.6,18.3
1938-09-14T00:00:00,0.0,26.7,15.6
1938-09-15T00:00:00,0.0,26.1,12.8
1938-09-16T00:00:00,0.0,25.0,12.2
1938-09-17T00:00:00,0.0,26.7,12.2
1938-09-18T00:00:00,0.0,26.7,16.7
1938-09-19T00:00:00,0.0,28.9,11.1
1938-09-20T00:00:00,0.0,29.4,10.0
1938-09-21T00:00:00,0.0,29.4,10.0
1938-09-22T00:00:00,0.0,30.0,13.3
1938-09-23T00:00:00,0.0,31.7,13.9
1938-09-24T00:00:00,0.0,31.1,12.8
1938-09-25T00:00:00,0.0,32.2,12.8
1939-01-01T00:00:00,0.0,23.9,10.0
1939-01-02T00:00:00,0.0,21.7,-0.6
1939-01-03T00:00:00,0.0,17.2,6.1
1939-01-04T00:00:00,0.0,16.1,2.2
1939-01-05T00:00:00,0.0,17.8,1.1
1939-01-06T00:00:00,0.0,17.8,-2.2
1939-01-07T00:00:00,2.3,12.8,2.2
1939-01-08T00:00:00,13.2,11.1,3.9
1939-01-09T00:00:00,0.0,15.6,1.7
1939-01-10T00:00:00,0.0,13.9,-0.6
1939-01-11T00:00:00,7.6,11.7,-0.6
1939-01-12T00:00:00,0.0,13.9,-6.1
1939-01-13T00:00:00,0.0,11.7,-3.9
1939-01-14T00:00:00,0.0,12.2,0.0
1939-01-15T00:00:00,0.0,11.1,-2.8
1939-01-16T00:00:00,0.0,12.2,-3.9
1939-01-17T00:00:00,0.0,13.3,-5.0
1939-01-18T00:00:00,0.0,13.3,-3.3
1939-01-19T00:00:00,0.0,10.0,-2.2
1939-01-20T00:00:00,0.0,20.0,-3.3
1939-01-21T00:00:00,0.0,23.3,3.3
1939-01-22T00:00:00,0.0,23.3,-1.1
1939-01-23T00:00:00,0.0,17.8,1.1
1939-01-24T00:00:00,0.0,10.0,-6.1
1939-01-25T00:00:00,0.0,15.6,-3.9
1939-01-26T00:00:00,0.0,11.7,-1.7
1939-01-27T00:00:00,0.0,12.2,-5.6
1939-01-28T00:00:00,0.0,10.0,4.4
1939-01-29T00:00:00,0.0,14.4,1.7
1939-01-30T00:00:00,0.0,17.2,-1.1
1939-01-31T00:00:00,0.0,18.9,2.2
1939-02-01T00:00:00,0.0,15.6,-1.1
1939-02-02T00:00:00,0.0,9.4,-4.4
1939-02-03T00:00:00,3.0,7.2,-14.4
1939-02-04T00:00:00,0.0,13.3,-8.3
1939-02-05T00:00:00,0.0,12.8,-4.4
1939-02-06T00:00:00,0.0,15.6,-3.9
1939-02-07T00:00:00,0.0,18.3,-3.9
1939-02-08T00:00:00,0.0,14.4,-3.3
1939-02-09T00:00:00,0.0,13.3,-9.4
1939-02-10T00:00:00,0.0,13.9,-2.8
1939-02-11T00:00:00,0.0,12.2,-5.0
1939-02-12T00:00:00,0.0,17.2,-5.0
1939-02-13T00:00:00,0.0,18.9,-5.0
1939-02-14T00:00:00,0.0,16.1,0.0
1939-02-15T00:00:00,0.0,20.6,3.3
1939-02-16T00:00:00,0.0,20.6,-1.7
1939-02-17T00:00:00,0.0,9.4,-5.6
1939-02-18T00:00:00,0.0,12.8,-1.7
1939-02-19T00:00:00,0.0,17.8,-1.7
1939-02-20T00:00:00,0.0,10.0,-1.7
1939-02-21T00:00:00,0.0,8.9,-11.7
1939-02-22T00:00:00,0.0,15.6,-9.4
1939-02-23T00:00:00,0.0,18.9,-6.1
1939-02-24T00:00:00,0.0,20.6,1.7
1939-02-25T00:00:00,0.0,22.2,-5.0
1939-02-26T00:00:00,0.0,18.3,0.6
1939-02-27T00:00:00,0.0,16.7,-4.4
1939-02-28T00:00:00,0.0,13.3,-8.3
1939-03-01T00:00:00,0.0,11.1,-6.7
1939-03-02T00:00:00,0.0,13.9,-7.2
1939-03-03T00:00:00,0.0,17.8,-5.0
1939-03-04T00:00:00,0.0,19.4,-0.6
1939-03-05T00:00:00,0.0,17.2,-2.2
1939-03-06T00:00:00,0.0,19.4,-11.1
1939-03-07T00:00:00,0.0,22.2,-2.8
1939-03-08T00:00:00,0.0,25.6,5.0
1939-03-09T00:00:00,0.0,27.8,6.1
1939-03-10T00:00:00,0.0,27.8,5.6
1939-03-11T00:00:00,0.0,23.3,-1.7
1939-03-12T00:00:00,0.0,22.8,-0.6
1939-03-13T00:00:00,0.0,27.8,2.8
1939-03-14T00:00:00,0.0,27.8,10.0
1939-03-15T00:00:00,0.0,21.7,-0.6
1939-03-16T00:00:00,0.0,18.3,-2.2
1939-03-17T00:00:00,0.0,22.2,1.1
1939-03-18T00:00:00,0.0,22.2,1.7
1939-03-19T00:00:00,5.1,25.0,3.9
1939-03-20T00:00:00,0.0,24.4,10.6
1939-03-21T00:00:00,0.0,20.6,15.0
1939-03-22T00:00:00,5.1,17.8,10.0
1939-03-23T00:00:00,0.0,21.1,10.0
1939-03-24T00:00:00,5.1,22.2,7.2
1939-03-25T00:00:00,0.0,25.6,8.9
1939-03-26T00:00:00,0.0,26.7,8.9
1939-03-27T00:00:00,0.0,21.7,12.8
1939-03-28T00:00:00,0.0,13.9,2.8
1939-03-29T00:00:00,0.0,20.0,-2.2
1939-03-30T00:00:00,0.0,25.6,5.6
1939-03-31T00:00:00,0.0,27.8,6.7
1939-04-01T00:00:00,0.0,31.1,11.1
1939-04-02T00:00:00,0.0,28.9,10.6
1939-04-03T00:00:00,0.0,29.4,12.8
1939-04-04T00:00:00,0.0,26.7,13.9
1939-04-05T00:00:00,11.2,22.2,6.7
1939-04-06T00:00:00,2.8,10.0,-2.8
1939-04-07T00:00:00,0.0,26.7,6.7
1939-04-08T00:00:00,0.0,28.3,7.8
1939-04-09T00:00:00,0.0,26.1,8.3
1939-04-10T00:00:00,0.0,25.0,3.9
1939-04-11T00:00:00,0.0,27.2,0.0
1939-04-12T00:00:00,0.0,21.1,2.8
1939-04-13T00:00:00,0.0,27.8,4.4
1939-04-14T00:00:00,0.0,26.7,5.6
1939-04-15T00:00:00,0.0,21.7,5.0
1939-04-16T00:00:00,0.0,20.6,7.8
1939-04-17T00:00:00,0.0,20.6,-0.6
1939-04-18T00:00:00,0.0,23.9,1.1
1939-04-19T00:00:00,0.0,28.3,7.2
1939-04-20T00:00:00,0.0,27.8,12.2
1939-04-21T00:00:00,0.0,23.9,5.0
1939-04-22T00:00:00,0.0,30.0,5.0
1939-04-23T00:00:00,0.0,29.4,8.9
1939-04-24T00:00:00,0.0,27.8,11.7
1939-04-25T00:00:00,0.0,27.8,10.0
1939-04-26T00:00:00,0.0,29.4,11.1
1939-04-27T00:00:00,0.0,25.6,11.1
1939-04-28T00:00:00,0.0,26.7,7.2
1939-04-29T00:00:00,0.0,27.8,10.6
1939-04-30T00:00:00,0.0,28.3,10.0
1939-05-01T00:00:00,0.0,32.2,21.7
1939-05-02T00:00:00,0.0,26.7,12.2
1939-05-03T00:00:00,14.5,26.7,12.8
1939-05-04T00:00:00,0.0,23.3,12.2
1939-05-05T00:00:00,0.0,27.8,11.1
1939-05-06T00:00:00,0.0,30.6,11.1
1939-05-07T00:00:00,0.0,27.8,12.2
1939-05-08T00:00:00,0.0,25.0,12.2
1939-05-09T00:00:00,0.0,28.9,11.7
1939-05-10T00:00:00,0.0,27.8,11.1
1939-05-11T00:00:00,0.0,32.2,7.8
1939-05-12T00:00:00,0.0,15.6,7.2
1939-05-13T00:00:00,0.0,12.8,6.1
1939-05-14T00:00:00,0.0,25.0,12.8
1939-05-15T00:00:00,33.0,29.4,0.0
1939-05-16T00:00:00,0.0,26.7,14.4
1939-05-17T00:00:00,0.0,31.1,11.1
1939-05-18T00:00:00,0.0,33.3,11.7
1939-05-19T00:00:00,0.0,35.6,24.4
1939-05-20T00:00:00,0.0,35.6,15.6
1939-05-21T00:00:00,0.0,35.0,15.6
1939-05-22T00:00:00,0.0,35.6,16.1
1939-05-23T00:00:00,0.0,31.7,13.3
1939-05-24T00:00:00,0.0,32.2,24.4
1939-05-25T00:00:00,0.0,29.4,8.3
1939-05-26T00:00:00,0.0,28.3,21.1
1939-05-27T00:00:00,0.0,32.2,15.6
1939-05-28T00:00:00,0.0,29.4,13.3
1939-05-29T00:00:00,10.2,28.3,12.2
1939-05-30T00:00:00,0.0,31.1,12.8
1939-05-31T00:00:00,0.0,31.1,13.3
1939-11-01T00:00:00,0.0,,
1939-11-02T00:00:00,0.0,,
1939-11-03T00:00:00,0.0,,
1939-11-04T00:00:00,0.0,,
1939-11-05T00:00:00,0.0,,
1939-11-06T00:00:00,0.0,,
1939-11-07T00:00:00,0.0,,
1939-11-08T00:00:00,0.0,,
1939-11-09T00:00:00,0.0,,
1939-11-10T00:00:00,0.0,,
1939-11-11T00:00:00,0.0,,
1939-11-12T00:00:00,0.0,,
1939-11-13T00:00:00,0.0,,
1939-11-14T00:00:00,0.0,,
1939-11-15T00:00:00,0.0,13.3,-5.6
1939-11-16T00:00:00,0.0,12.2,-4.4
1939-11-17T00:00:00,0.0,13.3,-2.8
1939-11-18T00:00:00,0.0,17.2,-2.8
1939-11-19T00:00:00,0.0,16.7,-2.8
1939-11-20T00:00:00,0.0,17.8,-5.0
1939-11-21T00:00:00,0.0,17.2,-6.7
1939-11-22T00:00:00,0.0,19.4,-3.3
1939-11-23T00:00:00,0.0,18.9,-2.8
1939-11-24T00:00:00,0.0,11.7,2.8
1939-11-25T00:00:00,4.8,8.3,-2.8
1939-11-26T00:00:00,0.0,1.7,-4.4
1939-11-27T00:00:00,0.0,2.2,-4.4
1939-11-28T00:00:00,0.5,2.8,-3.3
1939-11-29T00:00:00,7.6,6.1,-2.2
1939-11-30T00:00:00,0.0,15.6,-3.9
1939-12-01T00:00:00,0.0,20.6,-1.7
1939-12-02T00:00:00,0.0,15.6,-5.0
1939-12-03T00:00:00,0.0,13.3,-0.6
1939-12-04T00:00:00,0.0,20.0,-2.2
1939-12-05T00:00:00,0.0,21.1,3.9
1939-12-06T00:00:00,0.0,13.3,6.7
1939-12-07T00:00:00,0.0,18.3,4.4
1939-12-08T00:00:00,0.0,21.1,1.1
1939-12-09T00:00:00,0.0,25.6,6.7
1939-12-10T00:00:00,0.0,24.4,5.6
1939-12-11T00:00:00,0.0,25.6,7.2
1939-12-12T00:00:00,0.0,17.2,5.0
1939-12-13T00:00:00,0.0,11.7,-2.2
1939-12-14T00:00:00,0.0,20.0,-0.6
1939-12-15T00:00:00,0.0,18.9,0.6
1939-12-16T00:00:00,0.0,13.9,2.8
1939-12-17T00:00:00,0.0,21.7,5.0
1939-12-18T00:00:00,0.0,23.9,6.7
1939-12-19T00:00:00,0.0,11.7,0.6
1939-12-20T00:00:00,0.0,12.8,1.1
1939-12-21T00:00:00,0.0,16.1,3.9
1939-12-22T00:00:00,0.0,12.2,4.4
1939-12-23T00:00:00,7.1,14.4,-0.6
1939-12-24T00:00:00,0.0,6.7,-1.7
1939-12-25T00:00:00,5.6,-0.6,-5.0
1939-12-26T00:00:00,0.0,0.6,-5.0
1939-12-27T00:00:00,0.0,1.7,-5.6
1939-12-28T00:00:00,0.0,-1.1,-6.7
1939-12-29T00:00:00,0.0,11.7,-7.8
1939-12-30T00:00:00,0.0,5.6,-3.9
1939-12-31T00:00:00,0.0,,
1940-01-01T00:00:00,0.0,18.9,-4.4
1940-01-02T00:00:00,0.0,9.4,0.6
1940-01-03T00:00:00,0.0,18.3,-0.6
1940-01-04T00:00:00,0.0,13.3,-2.8
1940-01-05T00:00:00,0.0,8.9,0.0
1940-01-06T00:00:00,0.0,11.1,0.0
1940-01-07T00:00:00,0.0,10.0,-3.3
1940-01-08T00:00:00,0.0,13.9,-1.1
1940-01-09T00:00:00,0.0,14.4,1.7
1940-01-10T00:00:00,0.0,18.3,5.0
1940-01-11T00:00:00,0.0,17.2,3.3
1940-01-12T00:00:00,0.0,18.9,-2.8
1940-01-13T00:00:00,0.0,13.3,1.7
1940-01-14T00:00:00,0.0,10.0,-7.8
1940-01-15T00:00:00,0.0,8.3,-7.8
1940-01-16T00:00:00,0.0,17.2,-7.8
1940-01-17T00:00:00,0.0,17.2,-5.0
1940-01-18T00:00:00,0.0,9.4,-10.6
1940-01-19T00:00:00,0.0,-2.2,-15.0
1940-01-20T00:00:00,0.0,3.3,-12.8
1940-01-21T00:00:00,0.0,-2.2,-9.4
1940-01-22T00:00:00,0.0,1.7,-10.0
1940-01-23T00:00:00,0.0,5.6,-9.4
1940-01-24T00:00:00,0.0,0.0,-6.7
1940-01-25T00:00:00,0.0,-2.2,-9.4
1940-01-26T00:00:00,0.0,0.6,-8.9
1940-01-27T00:00:00,0.0,18.3,-10.6
1940-01-28T00:00:00,0.0,16.7,-3.3
1940-01-29T00:00:00,0.0,16.7,-1.7
1940-01-30T00:00:00,0.0,17.2,-1.7
1940-01-31T00:00:00,0.0,20.0,-0.6
1940-02-01T00:00:00,0.0,10.6,2.8
1940-02-02T00:00:00,6.1,5.0,-0.6
1940-02-03T00:00:00,4.1,12.2,-4.4
1940-02-04T00:00:00,0.0,16.1,0.6
1940-02-05T00:00:00,0.0,8.9,1.7
1940-02-06T00:00:00,0.0,13.9,-1.1
1940-02-07T00:00:00,0.0,16.7,3.3
1940-02-08T00:00:00,0.0,,
1940-02-09T00:00:00,14.5,11.1,-8.9
1940-02-10T00:00:00,0.0,11.1,-6.1
1940-02-11T00:00:00,0.0,17.2,3.3
1940-02-12T00:00:00,0.0,11.7,0.6
1940-02-13T00:00:00,0.0,10.0,-4.4
1940-02-14T00:00:00,0.0,16.7,-3.9
1940-02-15T00:00:00,0.0,16.7,2.2
1940-02-16T00:00:00,0.0,8.9,1.7
1940-02-17T00:00:00,0.0,10.0,-1.7
1940-02-18T00:00:00,0.0,15.6,-6.7
1940-02-19T00:00:00,0.0,9.4,-2.8
1940-02-20T00:00:00,0.0,10.6,-6.1
1940-02-21T00:00:00,0.0,14.4,-5.0
1940-02-22T00:00:00,0.0,10.6,2.2
1940-02-23T00:00:00,0.0,20.0,4.4
1940-02-24T00:00:00,0.0,20.6,0.6
1940-02-25T00:00:00,0.0,16.7,-2.8
1940-02-26T00:00:00,0.0,22.8,4.4
1940-02-27T00:00:00,0.0,27.2,2.8
1940-02-28T00:00:00,0.0,29.4,9.4
1940-02-29T00:00:00,0.0,26.7,6.1
1940-03-01T00:00:00,0.0,20.0,7.2
1940-03-02T00:00:00,0.0,17.2,1.7
1940-03-03T00:00:00,0.0,20.6,-0.6
1940-03-04T00:00:00,0.0,18.3,0.6
1940-03-05T00:00:00,0.0,21.1,-2.2
1940-03-06T00:00:00,0.0,20.0,6.7
1940-03-07T00:00:00,0.0,17.2,-2.8
1940-03-08T00:00:00,0.0,25.0,0.6
1940-03-09T00:00:00,0.0,23.9,10.6
1940-03-10T00:00:00,0.0,21.1,11.1
1940-03-11T00:00:00,0.0,20.0,8.9
1940-03-12T00:00:00,0.0,15.6,2.8
1940-03-13T00:00:00,0.0,10.0,-7.2
1940-03-14T00:00:00,0.0,15.6,-3.3
1940-03-15T00:00:00,0.0,20.6,-2.8
1940-03-16T00:00:00,0.0,24.4,-0.6
1940-03-17T00:00:00,0.0,26.1,8.3
1940-03-18T00:00:00,0.0,18.9,6.7
1940-03-19T00:00:00,0.0,20.6,9.4
1940-03-20T00:00:00,0.0,23.9,5.6
1940-03-21T00:00:00,0.0,26.7,7.2
1940-03-22T00:00:00,0.0,22.2,2.2
1940-03-23T00:00:00,0.0,25.0,8.9
1940-03-24T00:00:00,0.0,17.2,0.0
1940-03-25T00:00:00,0.0,20.0,-1.1
1940-03-26T00:00:00,0.0,22.8,2.2
1940-03-27T00:00:00,0.0,23.9,9.4
1940-03-28T00:00:00,0.0,23.3,7.8
1940-03-29T00:00:00,0.0,23.3,3.9
1940-03-30T00:00:00,0.0,27.8,6.7
1940-03-31T00:00:00,0.0,30.0,11.1
1940-04-01T00:00:00,0.0,28.9,10.0
1940-04-02T00:00:00,0.0,23.3,8.9
1940-04-03T00:00:00,0.0,23.9,5.0
1940-04-04T00:00:00,0.0,23.3,6.1
1940-04-05T00:00:00,12.7,20.6,0.0
1940-04-06T00:00:00,0.8,15.0,-0.6
1940-04-07T00:00:00,0.0,16.7,2.2
1940-04-08T00:00:00,0.0,20.0,3.9
1940-04-09T00:00:00,0.0,27.2,6.7
1940-04-10T00:00:00,0.0,28.3,9.4
1940-04-11T00:00:00,0.0,22.8,5.0
1940-04-12T00:00:00,0.0,13.9,-2.2
1940-04-13T00:00:00,0.0,24.4,1.1
1940-04-14T00:00:00,0.0,27.2,6.1
1940-04-15T00:00:00,0.0,27.8,9.4
1940-04-16T00:00:00,0.0,22.2,13.3
1940-04-17T00:00:00,0.0,16.1,2.2
1940-04-18T00:00:00,0.0,22.8,-2.2
1940-04-19T00:00:00,0.0,27.8,6.1
1940-04-20T00:00:00,0.0,32.2,6.7
1940-04-21T00:00:00,0.0,,
1940-04-22T00:00:00,0.0,28.3,11.7
1940-04-23T00:00:00,0.0,23.9,18.9
1940-04-24T00:00:00,0.0,22.8,14.4
1940-04-25T00:00:00,0.0,28.3,6.1
1940-04-26T00:00:00,0.0,28.3,7.2
1940-04-27T00:00:00,0.0,29.4,8.9
1940-04-28T00:00:00,0.0,23.9,7.8
1940-04-29T00:00:00,0.0,21.7,9.4
1940-04-30T00:00:00,0.0,25.6,11.7
1940-05-01T00:00:00,0.0,25.6,8.3
1940-05-02T00:00:00,0.0,31.7,8.3
1940-05-03T00:00:00,0.0,28.3,14.4
1940-05-04T00:00:00,0.0,35.0,25.6
1940-05-05T00:00:00,0.0,26.7,14.4
1940-05-06T00:00:00,0.0,32.2,12.8
1940-05-07T00:00:00,0.0,32.8,9.4
1940-05-08T00:00:00,25.4,27.8,10.6
1940-05-09T00:00:00,0.0,17.8,11.7
1940-05-10T00:00:00,0.0,22.8,8.9
1940-05-11T00:00:00,0.0,25.6,10.0
1940-05-12T00:00:00,0.0,22.8,12.2
1940-05-13T00:00:00,0.0,30.6,10.0
1940-05-14T00:00:00,0.0,25.6,13.9
1940-05-15T00:00:00,0.0,31.1,11.7
1940-05-16T00:00:00,0.0,21.1,17.2
1940-05-17T00:00:00,0.0,29.4,13.9
1940-05-18T00:00:00,0.0,27.2,13.9
1940-05-19T00:00:00,4.8,22.8,11.7
1940-05-20T00:00:00,0.0,29.4,13.3
1940-05-21T00:00:00,0.8,26.7,13.3
1940-05-22T00:00:00,29.2,18.3,8.3
1940-05-23T00:00:00,0.0,21.1,10.0
1940-05-24T00:00:00,0.0,27.2,10.0
1940-05-25T00:00:00,0.0,27.8,20.0
1940-05-26T00:00:00,1.3,29.4,12.2
1940-05-27T00:00:00,0.0,31.1,22.8
1940-05-28T00:00:00,0.0,27.8,12.2
1940-05-29T00:00:00,0.0,25.0,15.0
1940-05-30T00:00:00,0.0,32.8,11.1
1940-05-31T00:00:00,0.0,33.9,20.6
1940-06-01T00:00:00,0.0,33.3,13.3
1940-06-02T00:00:00,0.0,36.7,14.4
1940-06-03T00:00:00,0.0,35.6,13.9
1940-06-04T00:00:00,0.0,31.1,18.9
1940-06-05T00:00:00,0.0,33.9,13.3
1940-06-06T00:00:00,0.0,33.3,18.3
1940-06-07T00:00:00,0.0,31.1,17.8
1940-06-08T00:00:00,0.0,31.1,15.0
1940-06-09T00:00:00,0.0,32.2,13.9
1940-06-10T00:00:00,0.0,25.0,13.9
1940-06-11T00:00:00,0.0,29.4,11.1
1940-06-12T00:00:00,0.0,30.6,9.4
1940-06-13T00:00:00,0.0,30.0,15.0
1940-06-14T00:00:00,0.0,29.4,18.3
1940-06-15T00:00:00,0.0,27.8,11.7
1940-06-16T00:00:00,0.0,,
1940-06-17T00:00:00,0.0,34.4,12.2
1940-06-18T00:00:00,0.0,33.9,15.0
1940-06-19T00:00:00,0.0,28.9,17.2
1940-06-20T00:00:00,21.1,25.6,16.1
1940-06-21T00:00:00,0.8,27.8,17.2
1940-06-22T00:00:00,0.0,27.2,17.2
1940-06-23T00:00:00,7.9,31.1,17.2
1940-06-24T00:00:00,0.0,22.2,14.4
1940-06-25T00:00:00,22.1,28.3,12.8
1940-06-26T00:00:00,0.0,32.8,12.2
1940-06-27T00:00:00,0.0,34.4,21.1
1940-06-28T00:00:00,0.0,32.2,20.6
1940-06-29T00:00:00,5.1,27.8,16.1
1940-06-30T00:00:00,0.0,29.4,16.1
1940-07-01T00:00:00,0.0,34.4,18.3
1940-07-02T00:00:00,0.0,31.7,20.6
1940-07-03T00:00:00,0.0,,
1940-07-04T00:00:00,0.0,26.7,16.1
1940-07-05T00:00:00,0.0,29.4,18.3
1940-07-06T00:00:00,0.0,31.1,15.0
1940-07-07T00:00:00,0.0,32.2,13.9
1940-07-08T00:00:00,0.0,33.3,18.3
1940-07-09T00:00:00,0.0,38.3,16.7
1940-07-10T00:00:00,0.0,38.3,21.7
1940-07-11T00:00:00,0.0,38.3,25.0
1940-07-12T00:00:00,0.0,32.8,20.6
1940-07-13T00:00:00,0.0,31.1,26.1
1940-07-14T00:00:00,0.0,34.4,17.8
1940-07-15T00:00:00,0.0,32.8,17.2
1940-07-16T00:00:00,0.0,30.6,21.7
1940-07-17T00:00:00,0.0,29.4,20.6
1940-07-18T00:00:00,9.9,30.0,18.9
1940-07-19T00:00:00,0.0,32.8,21.7
1940-07-20T00:00:00,0.0,,
1940-07-21T00:00:00,0.0,33.3,17.8
1940-07-22T00:00:00,0.0,32.2,18.3
1940-07-23T00:00:00,0.0,35.0,21.7
1940-07-24T00:00:00,0.0,36.1,25.0
1940-07-25T00:00:00,0.0,37.2,19.4
1940-07-26T00:00:00,0.0,37.2,19.4
1940-07-27T00:00:00,0.0,36.1,25.6
1940-07-28T00:00:00,0.0,35.0,20.6
1940-07-29T00:00:00,11.4,31.7,22.2
1940-07-30T00:00:00,0.0,33.3,20.0
1940-07-31T00:00:00,0.0,32.2,18.9
1940-08-01T00:00:00,0.0,33.3,25.6
1940-08-02T00:00:00,0.0,33.9,22.8
1940-08-03T00:00:00,0.0,36.7,20.6
1940-08-04T00:00:00,0.0,35.0,22.2
1940-08-05T00:00:00,0.0,35.0,23.9
1940-08-06T00:00:00,0.0,27.8,23.3
1940-08-07T00:00:00,0.0,32.2,23.3
1940-08-08T00:00:00,0.0,31.7,16.1
1940-08-09T00:00:00,0.0,31.7,23.9
1940-08-10T00:00:00,0.0,37.2,18.3
1940-08-11T00:00:00,0.0,29.4,18.3
1940-08-12T00:00:00,1.8,22.2,15.0
1940-08-13T00:00:00,5.3,23.3,14.4
1940-08-14T00:00:00,0.0,30.6,11.7
1940-08-15T00:00:00,0.0,35.6,17.2
1940-08-16T00:00:00,0.0,,
1940-08-17T00:00:00,0.0,35.0,24.4
1940-08-18T00:00:00,0.0,30.6,20.6
1940-08-19T00:00:00,0.0,28.9,16.7
1940-08-20T00:00:00,0.0,30.0,18.9
1940-08-21T00:00:00,0.0,29.4,21.1
1940-08-22T00:00:00,0.0,32.2,13.3
1940-08-23T00:00:00,0.0,31.7,13.9
1940-08-24T00:00:00,0.0,31.1,20.0
1940-08-25T00:00:00,0.0,33.3,18.3
1940-08-26T00:00:00,0.0,33.3,17.8
1940-08-27T00:00:00,0.0,34.4,17.2
1940-08-28T00:00:00,0.0,,
1940-08-29T00:00:00,0.0,33.9,16.1
1940-08-30T00:00:00,0.0,25.6,15.0
1940-08-31T00:00:00,13.2,23.3,15.6
1940-09-01T00:00:00,0.0,29.4,17.8
1940-09-02T00:00:00,0.0,30.0,18.9
1940-09-03T00:00:00,0.0,27.8,16.7
1940-09-04T00:00:00,0.0,33.3,17.2
1940-09-05T00:00:00,0.0,32.2,18.3
1940-09-06T00:00:00,0.0,29.4,16.7
1940-09-07T00:00:00,0.0,30.0,18.3
1940-09-08T00:00:00,0.0,29.4,15.6
1940-09-09T00:00:00,0.0,33.3,17.2
1940-09-10T00:00:00,0.0,26.7,17.8
1940-09-11T00:00:00,0.0,23.9,12.2
1940-09-12T00:00:00,0.0,29.4,19.4
1940-09-13T00:00:00,0.0,33.9,15.6
1940-09-14T00:00:00,0.0,33.3,25.0
1940-09-15T00:00:00,0.0,33.9,15.0
1940-09-16T00:00:00,0.0,,
1940-09-17T00:00:00,0.0,25.0,13.9
1940-09-18T00:00:00,0.0,25.0,15.6
1940-09-19T00:00:00,0.0,31.7,18.3
1940-09-20T00:00:00,0.0,28.9,13.3
1940-09-21T00:00:00,0.0,28.3,17.8
1940-09-22T00:00:00,0.0,28.3,19.4
1940-09-23T00:00:00,0.0,24.4,13.3
1940-09-24T00:00:00,0.0,27.8,20.6
1940-09-25T00:00:00,0.0,23.3,18.9
1940-09-26T00:00:00,0.0,26.7,11.7
1940-09-27T00:00:00,0.0,31.7,10.0
1940-09-28T00:00:00,0.0,31.7,13.9
1940-09-29T00:00:00,9.1,29.4,13.3
1940-09-30T00:00:00,0.0,23.9,14.4
1940-10-01T00:00:00,0.0,,
1940-10-02T00:00:00,0.0,30.0,9.4
1940-10-03T00:00:00,15.2,31.1,16.1
1940-10-04T00:00:00,0.0,22.2,16.1
1940-10-05T00:00:00,0.0,27.2,12.2
1940-10-06T00:00:00,0.0,24.4,11.7
1940-10-07T00:00:00,0.0,21.7,15.6
1940-10-08T00:00:00,0.0,25.6,7.8
1940-10-09T00:00:00,0.0,25.0,17.2
1940-10-10T00:00:00,3.0,22.8,11.7
1940-10-11T00:00:00,9.9,20.0,10.0
1940-10-12T00:00:00,15.2,17.2,12.2
1940-10-13T00:00:00,16.5,21.7,10.6
1940-10-14T00:00:00,0.0,17.2,11.7
1940-10-15T00:00:00,0.0,15.6,3.9
1940-10-16T00:00:00,0.0,14.4,3.3
1940-10-17T00:00:00,0.0,15.0,6.1
1940-10-18T00:00:00,0.0,16.7,6.1
1940-10-19T00:00:00,0.0,18.9,8.3
1940-10-20T00:00:00,0.0,20.0,10.0
1940-10-21T00:00:00,0.0,20.0,10.0
1940-10-22T00:00:00,0.0,19.4,8.3
1940-10-23T00:00:00,0.0,,
1940-10-24T00:00:00,0.0,16.7,8.9
1940-10-25T00:00:00,0.0,16.7,5.6
1940-10-26T00:00:00,0.0,,
1940-10-27T00:00:00,0.0,26.1,6.1
1940-10-28T00:00:00,0.0,20.6,2.8
1940-10-29T00:00:00,0.0,15.0,0.0
1940-10-30T00:00:00,0.0,18.3,5.0
1940-10-31T00:00:00,0.0,18.3,6.7
1940-11-01T00:00:00,0.0,,
1940-11-02T00:00:00,0.0,13.9,2.8
1940-11-03T00:00:00,0.0,18.3,3.3
1940-11-04T00:00:00,0.0,18.3,11.7
1940-11-05T00:00:00,0.0,18.9,4.4
1940-11-06T00:00:00,0.0,11.1,5.6
1940-11-07T00:00:00,0.0,13.3,7.8
1940-11-08T00:00:00,10.9,13.9,8.9
1940-11-09T00:00:00,0.0,15.0,7.2
1940-11-10T00:00:00,0.0,16.7,10.0
1940-11-11T00:00:00,0.0,14.4,-3.9
1940-11-12T00:00:00,0.0,,
1940-11-13T00:00:00,0.0,3.3,-9.4
1940-11-14T00:00:00,0.0,3.3,-7.8
1940-11-15T00:00:00,0.0,5.0,-4.4
1940-11-16T00:00:00,0.0,10.6,2.8
1940-11-17T00:00:00,0.0,10.6,-0.6
1940-11-18T00:00:00,0.0,18.3,7.2
1940-11-19T00:00:00,0.0,12.8,-1.7
1940-11-20T00:00:00,0.0,4.4,-1.1
1940-11-21T00:00:00,0.0,4.4,-1.7
1940-11-22T00:00:00,0.0,3.9,-1.1
1940-11-23T00:00:00,2.5,1.7,-3.9
1940-11-24T00:00:00,6.4,1.1,-0.6
1940-11-25T00:00:00,0.0,6.1,-1.7
1940-11-26T00:00:00,0.0,5.6,-2.2
1940-11-27T00:00:00,0.0,4.4,-1.7
1940-11-28T00:00:00,0.0,10.0,-2.2
1940-11-29T00:00:00,0.0,10.0,3.9
1940-11-30T00:00:00,0.0,8.9,5.6
1940-12-01T00:00:00,0.0,5.0,0.0
1940-12-02T00:00:00,0.0,,
1940-12-03T00:00:00,0.0,12.2,-1.1
1940-12-04T00:00:00,0.0,14.4,3.3
1940-12-05T00:00:00,0.0,8.9,0.0
1940-12-06T00:00:00,0.0,,
1940-12-07T00:00:00,0.0,10.0,-0.6
1940-12-08T00:00:00,0.0,10.0,1.1
1940-12-09T00:00:00,0.0,16.1,2.2
1940-12-10T00:00:00,0.0,15.6,2.8
1940-12-11T00:00:00,0.0,4.4,-1.7
1940-12-12T00:00:00,0.0,6.7,1.1
1940-12-13T00:00:00,0.0,6.7,1.1
1940-12-14T00:00:00,0.0,6.1,1.1
1940-12-15T00:00:00,0.0,2.8,-0.6
1940-12-16T00:00:00,0.0,5.0,-5.0
1940-12-17T00:00:00,0.0,5.0,0.0
1940-12-18T00:00:00,0.0,7.8,-1.7
1940-12-19T00:00:00,0.0,7.2,-1.1
1940-12-20T00:00:00,0.0,8.9,3.3
1940-12-21T00:00:00,0.0,10.0,-1.1
1940-12-22T00:00:00,0.0,10.0,-2.2
1940-12-23T00:00:00,0.0,13.9,0.6
1940-12-24T00:00:00,0.0,18.3,0.6
1940-12-25T00:00:00,0.0,15.6,-1.1
1940-12-26T00:00:00,0.0,24.4,-6.1
1940-12-27T00:00:00,0.0,17.8,-2.2
1940-12-28T00:00:00,0.0,12.2,0.0
1940-12-29T00:00:00,0.0,11.7,3.9
1940-12-30T00:00:00,0.0,10.0,2.2
1940-12-31T00:00:00,0.0,13.3,6.7
1941-01-01T00:00:00,0.0,7.2,2.2
1941-01-02T00:00:00,4.3,7.2,0.0
1941-01-03T00:00:00,0.0,2.2,-3.9
1941-01-04T00:00:00,0.0,10.0,-3.9
1941-01-05T00:00:00,0.0,9.4,-2.8
1941-01-06T00:00:00,0.0,8.3,-1.7
1941-01-07T00:00:00,0.0,13.3,-3.3
1941-01-08T00:00:00,0.0,9.4,-1.7
1941-01-09T00:00:00,0.0,11.1,0.0
1941-01-10T00:00:00,0.0,7.2,-2.8
1941-01-11T00:00:00,0.0,7.2,-1.1
1941-01-12T00:00:00,0.0,16.7,5.0
1941-01-13T00:00:00,0.0,11.1,-1.1
1941-01-14T00:00:00,0.0,17.2,-1.7
1941-01-15T00:00:00,0.0,13.9,3.3
1941-01-16T00:00:00,0.0,8.3,-2.8
1941-01-17T00:00:00,0.0,,
1941-01-18T00:00:00,0.0,12.2,-5.6
1941-01-19T00:00:00,0.0,18.9,1.7
1941-01-20T00:00:00,0.0,18.3,2.8
1941-01-21T00:00:00,0.0,17.8,-1.1
1941-01-22T00:00:00,0.0,16.1,-3.3
1941-01-23T00:00:00,0.0,15.6,0.6
1941-01-24T00:00:00,0.0,16.7,-2.8
1941-01-25T00:00:00,0.0,18.3,6.7
1941-01-26T00:00:00,0.0,18.3,-0.6
1941-01-27T00:00:00,0.8,10.6,3.3
1941-01-28T00:00:00,5.8,4.4,0.6
1941-01-29T00:00:00,1.8,5.6,1.7
1941-01-30T00:00:00,0.0,6.7,4.4
1941-01-31T00:00:00,0.0,7.8,1.7
1941-02-01T00:00:00,0.0,7.8,1.7
1941-02-02T00:00:00,0.0,9.4,1.7
1941-02-03T00:00:00,0.0,,
1941-02-04T00:00:00,0.0,13.3,0.0
1941-02-05T00:00:00,0.0,11.1,0.6
1941-02-06T00:00:00,0.0,11.1,0.6
1941-02-07T00:00:00,0.8,10.0,-3.9
1941-02-08T00:00:00,1.0,3.3,-2.8
1941-02-09T00:00:00,0.0,,
1941-02-10T00:00:00,0.0,19.4,0.0
1941-02-11T00:00:00,0.0,15.6,1.7
1941-02-12T00:00:00,0.0,17.8,7.2
1941-02-13T00:00:00,0.0,11.1,3.9
1941-02-14T00:00:00,0.0,22.2,-0.6
1941-02-15T00:00:00,0.0,17.2,3.3
1941-02-16T00:00:00,0.0,,
1941-02-17T00:00:00,0.0,8.3,3.3
1941-02-18T00:00:00,0.0,,
1941-02-19T00:00:00,0.0,22.2,-1.1
1941-02-20T00:00:00,0.0,15.0,2.8
1941-02-21T00:00:00,0.0,,
1941-02-22T00:00:00,0.8,15.6,0.0
1941-02-23T00:00:00,4.8,11.1,1.1
1941-02-24T00:00:00,0.0,10.0,-0.6
1941-02-25T00:00:00,5.3,7.2,1.7
1941-02-26T00:00:00,0.0,,
1941-02-27T00:00:00,0.0,10.6,-1.7
1941-02-28T00:00:00,0.0,15.0,0.6
1941-03-01T00:00:00,0.0,,
1941-03-02T00:00:00,0.0,,
1941-03-03T00:00:00,0.0,26.7,1.7
1941-03-04T00:00:00,0.0,15.6,1.7
1941-03-05T00:00:00,0.0,18.3,-1.7
1941-03-06T00:00:00,0.0,12.8,1.1
1941-03-07T00:00:00,0.0,10.6,0.0
1941-03-08T00:00:00,0.0,18.3,-1.1
1941-03-09T00:00:00,0.0,10.6,0.6
1941-03-10T00:00:00,0.0,9.4,-1.7
1941-03-11T00:00:00,0.0,12.8,-0.6
1941-03-12T00:00:00,0.0,14.4,-0.6
1941-03-13T00:00:00,0.0,5.0,-2.2
1941-03-14T00:00:00,0.0,5.6,-1.1
1941-03-15T00:00:00,0.0,10.0,1.7
1941-03-16T00:00:00,0.0,19.4,-5.0
1941-03-17T00:00:00,10.9,13.9,-3.9
1941-03-18T00:00:00,0.0,7.2,-3.9
1941-03-19T00:00:00,0.0,13.9,-2.2
1941-03-20T00:00:00,0.0,12.8,5.6
1941-03-21T00:00:00,9.7,12.8,7.2
1941-03-22T00:00:00,21.3,7.8,5.0
1941-03-23T00:00:00,0.0,,
1941-03-24T00:00:00,0.0,11.7,1.7
1941-03-25T00:00:00,0.0,8.3,4.4
1941-03-26T00:00:00,0.0,,
1941-03-27T00:00:00,0.0,,
1941-03-28T00:00:00,0.0,10.6,-0.6
1941-03-29T00:00:00,0.0,12.2,3.9
1941-03-30T00:00:00,0.0,18.9,7.2
1941-03-31T00:00:00,0.0,19.4,7.8
1941-04-01T00:00:00,0.0,19.4,-2.8
1941-04-02T00:00:00,0.0,15.6,-2.2
1941-04-03T00:00:00,0.0,19.4,1.7
1941-04-04T00:00:00,0.0,18.3,1.1
1941-04-05T00:00:00,0.0,26.7,8.9
1941-04-06T00:00:00,0.0,18.9,10.0
1941-04-07T00:00:00,0.0,20.6,3.9
1941-04-08T00:00:00,0.0,17.2,5.6
1941-04-09T00:00:00,0.0,21.7,2.8
1941-04-10T00:00:00,0.0,21.1,3.3
1941-04-11T00:00:00,0.0,23.9,5.6
1941-04-12T00:00:00,0.0,22.8,5.6
1941-04-13T00:00:00,0.0,24.4,5.6
1941-04-14T00:00:00,0.0,23.9,4.4
1941-04-15T00:00:00,0.0,22.8,5.0
1941-04-16T00:00:00,0.0,23.9,6.1
1941-04-17T00:00:00,0.0,24.4,8.9
1941-04-18T00:00:00,0.0,25.0,5.0
1941-04-19T00:00:00,0.0,20.6,2.2
1941-04-20T00:00:00,0.0,17.8,2.8
1941-04-21T00:00:00,0.0,13.9,4.4
1941-04-22T00:00:00,0.0,11.7,6.1
1941-04-23T00:00:00,0.0,15.6,6.1
1941-04-24T00:00:00,0.0,17.2,6.7
1941-04-25T00:00:00,17.8,16.7,6.1
1941-04-26T00:00:00,8.9,15.6,10.0
1941-04-27T00:00:00,5.1,14.4,8.9
1941-04-28T00:00:00,0.0,14.4,9.4
1941-04-29T00:00:00,0.0,21.1,8.9
1941-04-30T00:00:00,0.0,20.6,8.3
1941-05-01T00:00:00,0.0,15.6,8.9
1941-05-02T00:00:00,15.5,23.9,8.9
1941-05-03T00:00:00,6.9,15.0,9.4
1941-05-04T00:00:00,2.5,14.4,9.4
1941-05-05T00:00:00,0.0,15.6,10.0
1941-05-06T00:00:00,0.0,20.0,12.8
1941-05-07T00:00:00,0.0,19.4,10.6
1941-05-08T00:00:00,0.0,20.6,12.8
1941-05-09T00:00:00,0.0,18.3,12.2
1941-05-10T00:00:00,0.0,20.0,12.2
1941-05-11T00:00:00,6.4,25.6,12.2
1941-05-12T00:00:00,0.8,26.1,12.2
1941-05-13T00:00:00,0.0,31.7,13.3
1941-05-14T00:00:00,0.0,26.7,15.6
1941-05-15T00:00:00,0.0,31.7,16.1
1941-05-16T00:00:00,0.0,25.0,18.3
1941-05-17T00:00:00,0.0,25.0,15.6
1941-05-18T00:00:00,0.0,20.6,18.9
1941-05-19T00:00:00,0.0,21.7,17.2
1941-05-20T00:00:00,0.0,28.3,11.7
1941-05-21T00:00:00,41.1,18.3,9.4
1941-05-22T00:00:00,25.1,17.2,10.0
1941-05-23T00:00:00,27.2,17.2,11.1
1941-05-24T00:00:00,7.6,16.7,10.6
1941-05-25T00:00:00,0.8,17.8,11.1
1941-05-26T00:00:00,0.0,17.2,10.0
1941-05-27T00:00:00,1.3,20.0,10.6
1941-05-28T00:00:00,1.8,21.1,13.9
1941-05-29T00:00:00,0.0,22.2,14.4
1941-05-30T00:00:00,4.3,21.1,13.9
1941-05-31T00:00:00,1.0,24.4,16.1
1941-06-01T00:00:00,0.0,,
1941-06-02T00:00:00,0.0,,
1941-06-03T00:00:00,0.0,,
1941-06-04T00:00:00,0.0,,
1941-06-05T00:00:00,0.0,,
1941-06-06T00:00:00,0.0,,
1941-06-07T00:00:00,0.0,,
1941-06-08T00:00:00,0.0,,
1941-06-09T00:00:00,0.0,,
1941-06-10T00:00:00,0.0,,
1941-06-11T00:00:00,0.0,,
1941-06-12T00:00:00,0.0,,
1941-06-13T00:00:00,2.3,,
1941-06-14T00:00:00,4.3,,
1941-06-15T00:00:00,0.0,,
1941-06-16T00:00:00,0.0,,
1941-06-17T00:00:00,0.0,,
1941-06-18T00:00:00,0.0,,
1941-06-19T00:00:00,0.0,,
1941-06-20T00:00:00,0.0,,
1941-06-21T00:00:00,0.0,,
1941-06-22T00:00:00,0.0,,
1941-06-23T00:00:00,21.6,,
1941-06-24T00:00:00,0.0,,
1941-06-25T00:00:00,1.0,,
1941-06-26T00:00:00,0.0,,
1941-06-27T00:00:00,0.0,,
1941-06-28T00:00:00,0.0,,
1941-06-29T00:00:00,0.0,,
1941-06-30T00:00:00,11.4,,
1941-07-01T00:00:00,0.5,27.8,
1941-07-02T00:00:00,0.0,28.9,12.2
1941-07-03T00:00:00,0.0,28.9,18.3
1941-07-04T00:00:00,0.0,27.8,15.6
1941-07-05T00:00:00,0.0,,
1941-07-06T00:00:00,7.4,25.0,15.6
1941-07-07T00:00:00,0.0,28.3,17.2
1941-07-08T00:00:00,0.0,28.3,17.2
1941-07-09T00:00:00,0.0,32.2,17.8
1941-07-10T00:00:00,0.0,27.8,17.8
1941-07-11T00:00:00,0.0,27.8,19.4
1941-07-12T00:00:00,0.0,,
1941-07-13T00:00:00,0.0,28.3,15.0
1941-07-14T00:00:00,17.3,31.1,16.1
1941-07-15T00:00:00,0.8,28.3,16.7
1941-07-16T00:00:00,0.0,28.9,17.8
1941-07-17T00:00:00,0.0,30.6,19.4
1941-07-18T00:00:00,0.0,32.2,18.9
1941-07-19T00:00:00,0.0,32.2,18.3
1941-07-20T00:00:00,0.0,30.6,17.8
1941-07-21T00:00:00,0.0,,
1941-07-22T00:00:00,0.0,30.6,15.6
1941-07-23T00:00:00,9.9,28.3,17.2
1941-07-24T00:00:00,0.0,31.1,18.9
1941-07-25T00:00:00,1.5,31.1,18.3
1941-07-26T00:00:00,13.7,30.0,17.8
1941-07-27T00:00:00,6.6,27.2,17.2
1941-07-28T00:00:00,0.0,27.8,18.3
1941-07-29T00:00:00,0.0,30.6,17.2
1941-07-30T00:00:00,0.0,31.7,17.8
1941-07-31T00:00:00,0.0,27.8,16.1
1941-08-01T00:00:00,0.0,30.0,17.8
1941-08-02T00:00:00,0.0,30.6,15.0
1941-08-03T00:00:00,0.0,30.6,13.9
1941-08-04T00:00:00,0.0,31.1,16.1
1941-08-05T00:00:00,0.0,31.1,17.2
1941-08-06T00:00:00,0.0,31.1,20.0
1941-08-07T00:00:00,0.0,30.6,18.3
1941-08-08T00:00:00,0.0,28.3,18.3
1941-08-09T00:00:00,0.0,27.2,17.2
1941-08-10T00:00:00,0.0,32.8,17.8
1941-08-11T00:00:00,0.0,32.2,21.7
1941-08-12T00:00:00,0.0,31.1,18.3
1941-08-13T00:00:00,14.0,27.2,17.2
1941-08-14T00:00:00,0.0,30.0,17.2
1941-08-15T00:00:00,4.6,25.6,18.3
1941-08-16T00:00:00,0.0,29.4,16.7
1941-08-17T00:00:00,0.0,31.7,17.8
1941-08-18T00:00:00,0.0,31.7,20.6
1941-08-19T00:00:00,0.0,29.4,18.9
1941-08-20T00:00:00,0.0,31.7,16.7
1941-08-21T00:00:00,0.0,29.4,17.2
1941-08-22T00:00:00,0.0,31.7,17.2
1941-08-23T00:00:00,15.5,31.7,18.3
1941-08-24T00:00:00,0.0,32.2,16.1
1941-08-25T00:00:00,18.0,32.2,18.3
1941-08-26T00:00:00,0.0,31.7,17.8
1941-08-27T00:00:00,0.0,30.0,15.0
1941-08-28T00:00:00,0.0,27.8,16.7
1941-08-29T00:00:00,21.8,26.7,16.1
1941-08-30T00:00:00,0.0,27.8,16.1
1941-08-31T00:00:00,0.0,28.9,18.3
1941-09-01T00:00:00,14.0,29.4,16.1
1941-09-02T00:00:00,0.0,30.6,17.2
1941-09-03T00:00:00,0.0,31.7,18.3
1941-09-04T00:00:00,0.0,30.6,16.7
1941-09-05T00:00:00,0.0,31.1,15.6
1941-09-06T00:00:00,1.8,32.2,16.7
1941-09-07T00:00:00,10.9,30.0,18.9
1941-09-08T00:00:00,0.0,29.4,16.7
1941-09-09T00:00:00,0.0,18.3,9.4
1941-09-10T00:00:00,0.0,21.7,9.4
1941-09-11T00:00:00,0.0,22.8,8.9
1941-09-12T00:00:00,5.1,27.2,16.1
1941-09-13T00:00:00,0.0,29.4,13.3
1941-09-14T00:00:00,1.5,29.4,18.3
1941-09-15T00:00:00,0.0,28.9,14.4
1941-09-16T00:00:00,0.0,29.4,13.3
1941-09-17T00:00:00,0.0,23.9,14.4
1941-09-18T00:00:00,19.1,23.3,17.2
1941-09-19T00:00:00,1.3,25.0,17.8
1941-09-20T00:00:00,9.1,25.0,16.7
1941-09-21T00:00:00,84.3,20.0,16.1
1941-09-22T00:00:00,53.1,18.3,15.6
1941-09-23T00:00:00,2.5,23.9,12.8
1941-09-24T00:00:00,0.0,23.9,10.0
1941-09-25T00:00:00,0.0,22.8,8.3
1941-09-26T00:00:00,0.0,25.0,9.4
1941-09-27T00:00:00,0.0,28.9,11.1
1941-09-28T00:00:00,26.2,23.9,12.8
1941-09-29T00:00:00,5.3,17.8,6.7
1941-09-30T00:00:00,1.8,21.1,11.1
1941-10-01T00:00:00,0.0,23.9,12.2
1941-10-02T00:00:00,0.0,25.6,12.2
1941-10-03T00:00:00,0.0,20.6,13.9
1941-10-04T00:00:00,8.4,19.4,8.9
1941-10-05T00:00:00,0.0,23.9,7.2
1941-10-06T00:00:00,0.0,22.8,10.0
1941-10-07T00:00:00,0.0,24.4,7.2
1941-10-08T00:00:00,0.0,26.1,10.6
1941-10-09T00:00:00,0.0,25.0,13.3
1941-10-10T00:00:00,0.0,19.4,10.0
1941-10-11T00:00:00,0.0,23.9,11.7
1941-10-12T00:00:00,0.0,26.7,12.8
1941-10-13T00:00:00,0.0,27.8,16.7
1941-10-14T00:00:00,0.0,26.7,15.6
1941-10-15T00:00:00,0.0,18.3,14.4
1941-10-16T00:00:00,0.0,18.9,5.6
1941-10-17T00:00:00,0.0,25.0,6.1
1941-10-18T00:00:00,0.0,21.1,7.8
1941-10-19T00:00:00,0.0,26.1,9.4
1941-10-20T00:00:00,0.0,25.6,10.0
1941-10-21T00:00:00,0.0,24.4,10.6
1941-10-22T00:00:00,5.8,23.9,10.0
1941-10-23T00:00:00,2.3,20.0,10.0
1941-10-24T00:00:00,10.9,19.4,12.8
1941-10-25T00:00:00,0.0,23.9,10.0
1941-10-26T00:00:00,0.0,21.7,5.6
1941-10-27T00:00:00,0.0,23.9,7.2
1941-10-28T00:00:00,0.0,15.0,6.1
1941-10-29T00:00:00,5.1,13.3,1.7
1941-10-30T00:00:00,30.5,15.6,1.7
1941-10-31T00:00:00,0.0,20.6,0.6
1941-11-01T00:00:00,0.0,19.4,1.7
1941-11-02T00:00:00,0.0,20.6,4.4
1941-11-03T00:00:00,0.0,,
1941-11-04T00:00:00,0.0,,
1941-11-05T00:00:00,0.0,,
1941-11-06T00:00:00,0.0,,
1941-11-07T00:00:00,0.0,,
1941-11-08T00:00:00,0.0,,
1941-11-09T00:00:00,0.0,,
1941-11-10T00:00:00,0.0,,
1941-11-11T00:00:00,0.0,,
1941-11-12T00:00:00,0.0,,
1941-11-13T00:00:00,0.0,,
1941-11-14T00:00:00,0.0,,
1941-11-15T00:00:00,0.0,,
1941-11-16T00:00:00,0.0,,
1941-11-17T00:00:00,0.0,22.2,-1.1
1941-11-18T00:00:00,0.0,14.4,3.9
1941-11-19T00:00:00,0.0,12.2,0.0
1941-11-20T00:00:00,5.6,13.3,0.0
1941-11-21T00:00:00,0.0,13.3,-5.0
1941-11-22T00:00:00,0.0,12.2,-2.2
1941-11-23T00:00:00,0.0,15.6,-0.6
1941-11-24T00:00:00,0.0,18.3,-3.3
1941-11-25T00:00:00,0.0,18.9,-1.7
1941-11-26T00:00:00,0.0,18.3,1.7
1941-11-27T00:00:00,0.0,18.3,1.7
1941-11-28T00:00:00,0.0,18.9,2.2
1941-11-29T00:00:00,0.0,18.3,1.7
1941-11-30T00:00:00,0.0,19.4,0.6
1941-12-01T00:00:00,0.0,18.3,1.7
1941-12-02T00:00:00,0.0,19.4,2.2
1941-12-03T00:00:00,0.0,20.0,-1.1
1941-12-04T00:00:00,0.0,21.1,9.4
1941-12-05T00:00:00,0.0,15.6,-2.8
1941-12-06T00:00:00,0.0,11.1,-3.3
1941-12-07T00:00:00,0.0,13.9,1.7
1941-12-08T00:00:00,0.0,10.6,-3.3
1941-12-09T00:00:00,0.0,15.6,-4.4
1941-12-10T00:00:00,6.1,17.8,-3.9
1941-12-11T00:00:00,4.1,3.3,-2.8
1941-12-12T00:00:00,10.7,16.1,2.2
1941-12-13T00:00:00,0.0,15.0,0.6
1941-12-14T00:00:00,0.0,13.3,-1.7
1941-12-15T00:00:00,0.0,16.7,0.6
1941-12-16T00:00:00,0.0,17.8,1.1
1941-12-17T00:00:00,0.0,18.9,2.2
1941-12-18T00:00:00,0.0,17.8,1.1
1941-12-19T00:00:00,0.0,18.3,0.6
1941-12-20T00:00:00,0.0,16.7,-0.6
1941-12-21T00:00:00,0.0,18.3,1.7
1941-12-22T00:00:00,0.0,12.8,-1.7
1941-12-23T00:00:00,0.0,11.7,-5.6
1941-12-24T00:00:00,0.0,8.9,-4.4
1941-12-25T00:00:00,0.0,9.4,-3.9
1941-12-26T00:00:00,0.0,5.6,-6.7
1941-12-27T00:00:00,0.0,6.7,-7.8
1941-12-28T00:00:00,0.0,7.2,-7.2
1941-12-29T00:00:00,0.0,15.6,-6.7
1941-12-30T00:00:00,0.0,17.2,-6.1
1941-12-31T00:00:00,0.0,16.7,-3.9
1942-01-01T00:00:00,0.0,15.6,-6.7
1942-01-02T00:00:00,0.0,7.2,-8.3
1942-01-03T00:00:00,4.6,8.3,-11.1
1942-01-04T00:00:00,0.0,2.8,-6.7
1942-01-05T00:00:00,0.0,0.6,-7.2
1942-01-06T00:00:00,0.0,1.7,-5.6
1942-01-07T00:00:00,0.0,6.7,-5.6
1942-01-08T00:00:00,0.0,12.8,-7.8
1942-01-09T00:00:00,0.0,8.9,-1.1
1942-01-10T00:00:00,0.0,13.3,-7.8
1942-01-11T00:00:00,0.0,16.7,-2.2
1942-01-12T00:00:00,0.0,14.4,-1.7
1942-01-13T00:00:00,0.0,15.6,-1.1
1942-01-14T00:00:00,4.8,8.3,-0.6
1942-01-15T00:00:00,0.0,2.8,-0.6
1942-01-16T00:00:00,0.0,7.8,-0.6
1942-01-17T00:00:00,0.0,6.1,0.0
1942-01-18T00:00:00,0.0,16.1,-1.7
1942-01-19T00:00:00,0.0,7.2,-1.1
1942-01-20T00:00:00,0.0,11.7,-3.9
1942-01-21T00:00:00,0.0,14.4,-2.8
1942-01-22T00:00:00,0.0,11.7,-2.8
1942-01-23T00:00:00,0.0,16.7,3.3
1942-01-24T00:00:00,0.0,18.9,2.8
1942-01-25T00:00:00,0.0,21.7,3.9
1942-01-26T00:00:00,0.0,17.2,4.4
1942-01-27T00:00:00,0.0,19.4,3.3
1942-01-28T00:00:00,0.0,21.1,1.7
1942-01-29T00:00:00,0.0,17.2,-1.7
1942-01-30T00:00:00,0.0,12.8,1.1
1942-01-31T00:00:00,0.0,15.6,-1.1
1942-02-01T00:00:00,0.0,17.2,-5.6
1942-02-02T00:00:00,0.0,18.3,1.1
1942-02-03T00:00:00,0.0,20.6,1.7
1942-02-04T00:00:00,0.0,22.8,1.7
1942-02-05T00:00:00,0.0,21.1,2.2
1942-02-06T00:00:00,0.0,22.2,1.1
1942-02-07T00:00:00,0.0,22.8,-1.7
1942-02-08T00:00:00,0.0,21.1,1.7
1942-02-09T00:00:00,0.0,21.1,-4.4
1942-02-10T00:00:00,5.3,4.4,-1.7
1942-02-11T00:00:00,1.5,9.4,-3.3
1942-02-12T00:00:00,0.0,12.2,-1.7
1942-02-13T00:00:00,0.0,15.6,-2.2
1942-02-14T00:00:00,0.0,18.3,-2.8
1942-02-15T00:00:00,0.0,15.6,0.0
1942-02-16T00:00:00,0.0,18.3,-3.9
1942-02-17T00:00:00,0.0,15.0,-4.4
1942-02-18T00:00:00,0.0,4.4,-14.4
1942-02-19T00:00:00,0.0,9.4,-11.7
1942-02-20T00:00:00,0.0,15.0,-6.7
1942-02-21T00:00:00,0.0,14.4,0.6
1942-02-22T00:00:00,0.0,11.1,0.0
1942-02-23T00:00:00,0.0,20.6,-1.7
1942-02-24T00:00:00,0.0,15.6,-6.7
1942-02-25T00:00:00,0.0,16.1,-6.1
1942-02-26T00:00:00,0.0,8.9,-7.8
1942-02-27T00:00:00,0.0,8.9,-6.7
1942-02-28T00:00:00,1.8,7.2,-7.2
1942-03-01T00:00:00,0.0,12.8,-3.9
1942-03-02T00:00:00,0.0,15.0,-5.6
1942-03-03T00:00:00,0.0,13.3,-3.3
1942-03-04T00:00:00,0.0,12.2,2.2
1942-03-05T00:00:00,0.0,21.1,-3.9
1942-03-06T00:00:00,0.0,22.2,5.6
1942-03-07T00:00:00,2.5,17.8,-5.0
1942-03-08T00:00:00,0.0,21.1,-4.4
1942-03-09T00:00:00,0.0,22.8,-5.0
1942-03-10T00:00:00,0.0,23.9,3.9
1942-03-11T00:00:00,0.0,22.8,4.4
1942-03-12T00:00:00,0.0,21.7,5.0
1942-03-13T00:00:00,0.0,22.2,4.4
1942-03-14T00:00:00,0.0,23.3,3.9
1942-03-15T00:00:00,0.0,13.9,-1.7
1942-03-16T00:00:00,0.0,13.9,-1.1
1942-03-17T00:00:00,0.0,16.1,-0.6
1942-03-18T00:00:00,0.0,22.2,-1.1
1942-03-19T00:00:00,0.0,23.9,3.3
1942-03-20T00:00:00,0.0,20.0,1.1
1942-03-21T00:00:00,0.0,18.3,-3.9
1942-03-22T00:00:00,0.0,21.1,-1.1
1942-03-23T00:00:00,0.0,24.4,-0.6
1942-03-24T00:00:00,0.0,24.4,-1.1
1942-03-25T00:00:00,0.0,22.2,-0.6
1942-03-26T00:00:00,0.0,21.1,0.6
1942-03-27T00:00:00,0.0,13.9,-3.9
1942-03-28T00:00:00,0.0,15.6,-1.1
1942-03-29T00:00:00,0.0,20.0,0.6
1942-03-30T00:00:00,0.0,14.4,3.3
1942-03-31T00:00:00,0.0,16.7,-1.1
1942-04-01T00:00:00,0.0,14.4,3.3
1942-04-02T00:00:00,0.0,28.9,2.2
1942-04-03T00:00:00,0.0,28.3,7.2
1942-04-04T00:00:00,0.0,27.2,8.3
1942-04-05T00:00:00,0.0,28.9,10.0
1942-04-06T00:00:00,0.0,22.2,6.7
1942-04-07T00:00:00,36.8,16.7,4.4
1942-04-08T00:00:00,7.6,10.0,-1.1
1942-04-09T00:00:00,0.0,18.9,-0.6
1942-04-10T00:00:00,0.0,23.3,2.8
1942-04-11T00:00:00,0.0,23.9,4.4
1942-04-12T00:00:00,0.0,25.0,3.9
1942-04-13T00:00:00,0.0,23.9,5.6
1942-04-14T00:00:00,0.0,26.7,7.2
1942-04-15T00:00:00,0.0,26.1,5.6
1942-04-16T00:00:00,0.0,25.6,0.0
1942-04-17T00:00:00,0.0,23.9,1.7
1942-04-18T00:00:00,0.0,27.2,-0.6
1942-04-19T00:00:00,0.0,20.6,6.1
1942-04-20T00:00:00,0.0,20.0,5.0
1942-04-21T00:00:00,0.0,21.1,4.4
1942-04-22T00:00:00,0.0,18.3,5.0
1942-04-23T00:00:00,21.6,16.1,3.9
1942-04-24T00:00:00,0.0,14.4,3.9
1942-04-25T00:00:00,0.0,21.1,2.2
1942-04-26T00:00:00,0.0,21.7,7.2
1942-04-27T00:00:00,0.0,23.9,5.0
1942-04-28T00:00:00,0.0,25.6,7.2
1942-04-29T00:00:00,0.0,26.1,10.0
1942-04-30T00:00:00,0.0,23.3,-0.6
1942-05-01T00:00:00,0.0,25.0,5.0
1942-05-02T00:00:00,0.0,24.4,5.6
1942-05-03T00:00:00,0.0,25.0,6.7
1942-05-04T00:00:00,0.0,27.8,4.4
1942-05-05T00:00:00,0.0,29.4,5.0
1942-05-06T00:00:00,0.0,28.9,6.7
1942-05-07T00:00:00,0.0,18.9,7.8
1942-05-08T00:00:00,0.0,22.2,5.6
1942-05-09T00:00:00,0.0,28.9,7.2
1942-05-10T00:00:00,0.0,29.4,7.2
1942-05-11T00:00:00,0.0,26.7,4.4
1942-05-12T00:00:00,0.0,27.8,5.6
1942-05-13T00:00:00,0.0,23.9,5.6
1942-05-14T00:00:00,0.0,27.2,5.0
1942-05-15T00:00:00,0.0,28.3,3.3
1942-05-16T00:00:00,0.0,26.7,3.9
1942-05-17T00:00:00,0.0,28.9,5.0
1942-05-18T00:00:00,0.0,26.1,4.4
1942-05-19T00:00:00,0.0,29.4,4.4
1942-05-20T00:00:00,0.0,23.9,5.6
1942-05-21T00:00:00,0.0,26.1,4.4
1942-05-22T00:00:00,7.9,28.9,5.6
1942-05-23T00:00:00,2.3,27.8,7.2
1942-05-24T00:00:00,0.0,31.7,8.9
1942-05-25T00:00:00,0.0,32.8,10.0
1942-05-26T00:00:00,0.0,34.4,11.1
1942-05-27T00:00:00,0.0,32.8,13.9
1942-05-28T00:00:00,0.0,32.2,13.9
1942-05-29T00:00:00,0.0,32.8,13.9
1942-05-30T00:00:00,0.0,32.8,12.8
1942-05-31T00:00:00,0.0,32.2,10.0
1942-06-01T00:00:00,1.3,33.3,10.6
1942-06-02T00:00:00,0.0,33.9,10.0
1942-06-03T00:00:00,21.1,30.0,12.2
1942-06-04T00:00:00,5.1,29.4,11.7
1942-06-05T00:00:00,0.0,28.3,12.2
1942-06-06T00:00:00,0.0,32.2,10.0
1942-06-07T00:00:00,0.0,32.8,11.7
1942-06-08T00:00:00,0.0,32.2,10.6
1942-06-09T00:00:00,0.0,34.4,11.1
1942-06-10T00:00:00,0.0,35.6,13.3
1942-06-11T00:00:00,0.0,35.0,15.6
1942-06-12T00:00:00,0.0,33.9,15.6
1942-06-13T00:00:00,0.0,35.0,13.9
1942-06-14T00:00:00,0.0,35.6,13.3
1942-06-15T00:00:00,0.0,36.1,12.2
1942-06-16T00:00:00,0.0,37.8,12.8
1942-06-17T00:00:00,0.0,37.8,12.2
1942-06-18T00:00:00,0.0,38.3,10.6
1942-06-19T00:00:00,0.0,39.4,11.7
1942-06-20T00:00:00,0.0,37.8,15.0
1942-06-21T00:00:00,0.0,37.8,15.6
1942-06-22T00:00:00,0.0,35.0,12.8
1942-06-23T00:00:00,27.2,32.2,10.0
1942-06-24T00:00:00,0.0,33.9,13.9
1942-06-25T00:00:00,0.0,35.0,17.2
1942-06-26T00:00:00,0.0,35.6,16.1
1942-06-27T00:00:00,0.0,36.1,17.8
1942-06-28T00:00:00,0.0,37.2,15.0
1942-06-29T00:00:00,0.0,32.2,18.3
1942-06-30T00:00:00,0.0,32.2,15.6
1942-07-01T00:00:00,0.0,32.8,18.3
1942-07-02T00:00:00,0.0,27.2,11.7
1942-07-03T00:00:00,0.0,30.6,15.6
1942-07-04T00:00:00,0.0,32.2,21.1
1942-07-05T00:00:00,0.0,32.2,
1942-07-06T00:00:00,2.8,35.0,13.9
1942-07-07T00:00:00,6.4,34.4,18.3
1942-07-08T00:00:00,0.0,35.0,22.8
1942-07-09T00:00:00,0.0,35.0,15.6
1942-07-10T00:00:00,11.4,35.6,16.1
1942-07-11T00:00:00,0.0,34.4,17.2
1942-07-12T00:00:00,2.8,35.0,18.3
1942-07-13T00:00:00,0.0,33.3,15.0
1942-07-14T00:00:00,0.0,34.4,15.6
1942-07-15T00:00:00,0.0,35.0,14.4
1942-07-16T00:00:00,0.0,32.8,15.0
1942-07-17T00:00:00,0.0,34.4,17.2
1942-07-18T00:00:00,0.0,32.2,13.9
1942-07-19T00:00:00,0.0,35.0,16.1
1942-07-20T00:00:00,0.0,32.8,18.3
1942-07-21T00:00:00,17.8,31.7,15.6
1942-07-22T00:00:00,0.0,30.6,17.2
1942-07-23T00:00:00,0.0,32.2,24.4
1942-07-24T00:00:00,0.0,35.0,18.3
1942-07-25T00:00:00,0.0,33.9,19.4
1942-07-26T00:00:00,0.0,30.0,12.8
1942-07-27T00:00:00,0.0,32.8,18.3
1942-07-28T00:00:00,0.0,32.2,17.2
1942-07-29T00:00:00,0.0,31.7,17.2
1942-07-30T00:00:00,0.0,33.9,18.9
1942-07-31T00:00:00,0.0,34.4,15.6
1942-08-01T00:00:00,0.0,34.4,18.3
1942-08-02T00:00:00,0.0,33.9,18.3
1942-08-03T00:00:00,0.0,28.3,17.2
1942-08-04T00:00:00,0.0,31.7,18.3
1942-08-05T00:00:00,0.0,32.8,16.1
1942-08-06T00:00:00,0.0,33.9,17.8
1942-08-07T00:00:00,0.0,33.3,18.3
1942-08-08T00:00:00,0.0,32.2,17.8
1942-08-09T00:00:00,6.4,31.7,18.9
1942-08-10T00:00:00,3.8,33.3,17.8
1942-08-11T00:00:00,3.8,29.4,14.4
1942-08-12T00:00:00,0.0,32.2,17.8
1942-08-13T00:00:00,0.0,31.1,20.6
1942-08-14T00:00:00,0.0,28.9,17.2
1942-08-15T00:00:00,0.0,31.1,18.3
1942-08-16T00:00:00,0.0,29.4,15.6
1942-08-17T00:00:00,0.0,29.4,15.6
1942-08-18T00:00:00,0.0,31.7,16.1
1942-08-19T00:00:00,0.0,32.2,16.7
1942-08-20T00:00:00,0.0,30.6,15.6
1942-08-21T00:00:00,0.0,32.2,15.6
1942-08-22T00:00:00,0.0,32.8,18.3
1942-08-23T00:00:00,13.2,22.2,15.0
1942-08-24T00:00:00,36.8,22.2,12.2
1942-08-25T00:00:00,0.0,28.9,11.7
1942-08-26T00:00:00,15.2,31.7,12.8
1942-08-27T00:00:00,0.0,29.4,10.0
1942-08-28T00:00:00,0.8,32.2,17.2
1942-08-29T00:00:00,0.0,32.8,16.1
1942-08-30T00:00:00,0.0,31.7,17.2
1942-08-31T00:00:00,51.3,28.9,13.9
1942-09-01T00:00:00,0.0,28.9,15.0
1942-09-02T00:00:00,0.0,30.6,15.6
1942-09-03T00:00:00,0.0,29.4,14.4
1942-09-04T00:00:00,0.0,28.3,13.9
1942-09-05T00:00:00,0.0,29.4,10.0
1942-09-06T00:00:00,0.0,28.9,8.3
1942-09-07T00:00:00,0.0,28.9,12.2
1942-09-08T00:00:00,0.0,27.2,10.6
1942-09-09T00:00:00,0.0,27.8,10.0
1942-09-10T00:00:00,0.0,29.4,10.0
1942-09-11T00:00:00,0.0,28.9,11.7
1942-09-12T00:00:00,0.0,28.3,10.0
1942-09-13T00:00:00,0.0,27.8,11.1
1942-09-14T00:00:00,0.0,29.4,10.0
1942-09-15T00:00:00,0.0,30.6,12.2
1942-09-16T00:00:00,0.0,32.2,11.1
1942-09-17T00:00:00,0.0,33.9,10.0
1942-09-18T00:00:00,28.7,31.7,9.4
1942-09-19T00:00:00,0.0,30.0,7.8
1942-09-20T00:00:00,0.0,30.0,9.4
1942-09-21T00:00:00,0.0,31.7,9.4
1942-09-22T00:00:00,0.0,24.4,11.1
1942-09-23T00:00:00,0.0,27.8,10.0
1942-09-24T00:00:00,0.0,29.4,10.0
1942-09-25T00:00:00,0.0,30.0,8.3
1942-09-26T00:00:00,0.0,21.1,4.4
1942-09-27T00:00:00,0.0,23.9,1.7
1942-09-28T00:00:00,0.0,25.6,4.4
1942-09-29T00:00:00,0.0,26.1,5.6
1942-09-30T00:00:00,0.0,25.6,5.0
1942-10-01T00:00:00,0.0,30.6,7.2
1942-10-02T00:00:00,25.4,23.9,5.0
1942-10-03T00:00:00,0.0,23.9,7.2
1942-10-04T00:00:00,0.0,26.1,7.8
1942-10-05T00:00:00,0.0,23.9,8.9
1942-10-06T00:00:00,0.0,26.7,15.6
1942-10-07T00:00:00,0.0,26.1,15.0
1942-10-08T00:00:00,0.0,27.2,9.4
1942-10-09T00:00:00,0.0,28.3,8.9
1942-10-10T00:00:00,0.0,28.9,8.3
1942-10-11T00:00:00,0.0,26.7,7.8
1942-10-12T00:00:00,0.0,26.7,7.2
1942-10-13T00:00:00,17.8,26.1,6.1
1942-10-14T00:00:00,0.0,23.3,8.9
1942-10-15T00:00:00,0.0,23.9,4.4
1942-10-16T00:00:00,1.0,23.3,4.4
1942-10-17T00:00:00,0.0,18.3,4.4
1942-10-18T00:00:00,14.0,12.2,5.6
1942-10-19T00:00:00,0.0,17.8,1.1
1942-10-20T00:00:00,0.0,18.3,2.2
1942-10-21T00:00:00,0.0,21.1,4.4
1942-10-22T00:00:00,0.0,21.1,3.3
1942-10-23T00:00:00,0.0,20.0,1.7
1942-10-24T00:00:00,0.0,19.4,4.4
1942-10-25T00:00:00,0.0,18.9,3.9
1942-10-26T00:00:00,0.0,16.1,0.6
1942-10-27T00:00:00,0.0,20.6,2.2
1942-10-28T00:00:00,0.0,24.4,3.3
1942-10-29T00:00:00,3.8,18.3,7.2
1942-10-30T00:00:00,0.0,17.8,5.6
1942-10-31T00:00:00,0.0,18.3,-1.7
1942-11-01T00:00:00,0.0,16.1,1.7
1942-11-02T00:00:00,0.0,22.2,2.8
1942-11-03T00:00:00,0.0,21.7,4.4
1942-11-04T00:00:00,0.0,22.8,3.9
1942-11-05T00:00:00,0.0,23.9,2.2
1942-11-06T00:00:00,0.0,23.3,3.9
1942-11-07T00:00:00,0.0,23.9,4.4
1942-11-08T00:00:00,0.0,27.8,8.3
1942-11-09T00:00:00,0.0,26.7,10.0
1942-11-10T00:00:00,0.0,20.0,-2.2
1942-11-11T00:00:00,0.0,15.6,-1.1
1942-11-12T00:00:00,0.0,21.1,0.0
1942-11-13T00:00:00,0.0,21.7,1.7
1942-11-14T00:00:00,0.0,21.7,2.2
1942-11-15T00:00:00,0.0,23.3,2.8
1942-11-16T00:00:00,0.0,27.2,2.2
1942-11-17T00:00:00,0.0,28.9,3.3
1942-11-18T00:00:00,0.0,27.8,4.4
1942-11-19T00:00:00,0.0,27.8,5.6
1942-11-20T00:00:00,0.0,29.4,5.6
1942-11-21T00:00:00,0.0,17.2,-3.9
1942-11-22T00:00:00,0.0,14.4,-6.7
1942-11-23T00:00:00,0.0,19.4,-4.4
1942-11-24T00:00:00,0.0,20.6,-3.3
1942-11-25T00:00:00,0.0,21.1,-2.2
1942-11-26T00:00:00,0.0,15.6,-5.0
1942-11-27T00:00:00,0.0,22.2,-2.8
1942-11-28T00:00:00,0.0,21.7,-3.9
1942-11-29T00:00:00,0.0,22.2,-4.4
1942-11-30T00:00:00,0.0,23.9,0.0
1944-02-01T00:00:00,0.0,18.3,-1.7
1944-02-02T00:00:00,0.0,17.8,-0.6
1944-02-03T00:00:00,0.0,17.2,-1.1
1944-02-04T00:00:00,0.0,17.8,-1.7
1944-02-05T00:00:00,0.0,18.3,4.4
1944-02-06T00:00:00,0.0,21.7,5.0
1944-02-07T00:00:00,0.0,21.1,5.0
1944-02-08T00:00:00,0.0,22.8,5.6
1944-02-09T00:00:00,0.0,21.7,-2.2
1944-02-10T00:00:00,0.0,10.0,-4.4
1944-02-11T00:00:00,0.0,9.4,-12.2
1944-02-12T00:00:00,0.0,5.0,-12.2
1944-02-13T00:00:00,0.0,10.0,-9.4
1944-02-14T00:00:00,0.0,7.8,-8.9
1944-02-15T00:00:00,0.0,10.0,-9.4
1944-02-16T00:00:00,0.0,15.6,-6.7
1944-02-17T00:00:00,0.0,7.2,-6.1
1944-02-18T00:00:00,0.0,4.4,-6.7
1944-02-19T00:00:00,0.0,2.8,-3.9
1944-02-20T00:00:00,0.0,3.9,-6.7
1944-02-21T00:00:00,0.0,4.4,-7.2
1944-02-22T00:00:00,0.0,5.6,-6.1
1944-02-23T00:00:00,0.0,3.9,-7.2
1944-02-24T00:00:00,0.0,4.4,-6.7
1944-02-25T00:00:00,0.0,2.8,-4.4
1944-02-26T00:00:00,0.0,4.4,-3.3
1944-02-27T00:00:00,0.0,5.0,-6.7
1944-02-28T00:00:00,0.0,3.9,-7.2
1944-02-29T00:00:00,0.0,2.8,-6.1
1944-05-01T00:00:00,0.0,15.6,-1.1
1944-05-02T00:00:00,0.0,20.6,4.4
1944-05-03T00:00:00,0.0,21.7,3.9
1944-05-04T00:00:00,0.0,21.1,1.7
1944-05-05T00:00:00,0.0,20.6,3.3
1944-05-06T00:00:00,0.0,20.0,4.4
1944-05-07T00:00:00,0.0,21.1,0.0
1944-05-08T00:00:00,0.0,18.3,2.2
1944-05-09T00:00:00,0.0,22.2,5.0
1944-05-10T00:00:00,0.0,20.6,4.4
1944-05-11T00:00:00,0.0,21.7,8.3
1944-05-12T00:00:00,0.0,20.6,4.4
1944-05-13T00:00:00,0.0,21.1,10.0
1944-05-14T00:00:00,0.0,20.0,3.3
1944-05-15T00:00:00,0.0,20.6,2.8
1944-05-16T00:00:00,0.0,21.7,10.6
1944-05-17T00:00:00,0.0,20.6,8.9
1944-05-18T00:00:00,0.0,19.4,8.9
1944-05-19T00:00:00,0.0,21.1,5.0
1944-05-20T00:00:00,0.0,20.6,4.4
1944-05-21T00:00:00,0.0,21.7,10.0
1944-05-22T00:00:00,0.0,21.1,10.6
1944-05-23T00:00:00,0.0,21.1,11.1
1944-05-24T00:00:00,0.0,20.0,9.4
1944-05-25T00:00:00,0.0,21.7,10.6
1944-05-26T00:00:00,0.0,22.8,10.6
1944-05-27T00:00:00,0.0,24.4,10.0
1944-05-28T00:00:00,0.0,23.9,9.4
1944-05-29T00:00:00,0.0,25.6,10.6
1944-05-30T00:00:00,0.0,21.7,10.0
1944-05-31T00:00:00,0.0,22.2,11.7
1945-06-21T00:00:00,,28.3,12.8
1945-06-22T00:00:00,,,12.2
1945-06-23T00:00:00,,33.3,14.4
1945-06-24T00:00:00,,34.4,16.1
1945-06-25T00:00:00,,36.1,17.2
1945-06-26T00:00:00,,38.3,16.7
1945-06-27T00:00:00,,36.7,15.6
1945-06-28T00:00:00,,32.2,19.4
1945-06-29T00:00:00,,36.1,18.9
1945-06-30T00:00:00,,36.7,18.3
1945-07-01T00:00:00,0.5,31.7,17.2
1945-07-02T00:00:00,5.1,20.0,15.0
1945-07-03T00:00:00,0.5,23.9,16.1
1945-07-04T00:00:00,2.3,30.6,14.4
1945-07-05T00:00:00,27.2,32.8,14.4
1945-07-06T00:00:00,0.0,25.6,16.7
1945-07-07T00:00:00,0.0,26.1,19.4
1945-07-08T00:00:00,0.0,30.0,16.1
1945-07-09T00:00:00,0.0,31.7,17.2
1945-07-10T00:00:00,0.0,33.3,20.0
1945-07-11T00:00:00,0.0,29.4,18.3
1945-07-12T00:00:00,0.0,33.3,16.7
1945-07-13T00:00:00,0.0,33.3,17.2
1945-07-14T00:00:00,0.0,33.9,16.1
1945-07-15T00:00:00,18.5,30.0,17.2
1945-07-16T00:00:00,0.0,30.6,17.8
1945-07-17T00:00:00,0.0,31.7,17.2
1945-07-18T00:00:00,0.0,31.1,16.7
1945-07-19T00:00:00,0.0,31.1,15.0
1945-07-20T00:00:00,0.0,30.0,14.4
1945-07-21T00:00:00,0.0,31.1,15.6
1945-07-22T00:00:00,0.0,30.6,16.1
1945-07-23T00:00:00,0.0,32.2,16.1
1945-07-24T00:00:00,0.0,33.3,17.2
1945-07-25T00:00:00,0.0,33.3,16.7
1945-07-26T00:00:00,0.0,33.9,18.9
1945-07-27T00:00:00,0.0,31.7,20.6
1945-07-28T00:00:00,0.0,33.3,20.0
1945-07-29T00:00:00,0.0,33.3,17.8
1945-07-30T00:00:00,0.0,33.3,17.2
1945-07-31T00:00:00,0.0,33.3,18.3
1945-08-01T00:00:00,0.0,31.7,16.1
1945-08-02T00:00:00,0.0,33.3,17.2
1945-08-03T00:00:00,0.0,33.3,18.9
1945-08-04T00:00:00,0.0,35.0,16.7
1945-08-05T00:00:00,0.0,34.4,18.3
1945-08-06T00:00:00,0.0,33.9,17.2
1945-08-07T00:00:00,0.0,30.0,20.0
1945-08-08T00:00:00,0.0,29.4,17.8
1945-08-09T00:00:00,0.0,32.2,17.2
1945-08-10T00:00:00,0.0,34.4,18.3
1945-08-11T00:00:00,1.8,33.9,20.0
1945-08-12T00:00:00,0.0,31.7,18.3
1945-08-13T00:00:00,0.0,36.7,18.3
1945-08-14T00:00:00,0.0,35.0,18.3
1945-08-15T00:00:00,0.3,31.1,18.3
1945-08-16T00:00:00,0.0,32.2,18.9
1945-08-17T00:00:00,0.0,34.4,18.9
1945-08-18T00:00:00,0.0,36.1,20.6
1945-08-19T00:00:00,0.0,37.2,20.6
1945-08-20T00:00:00,0.0,36.7,20.6
1945-08-21T00:00:00,0.0,27.2,18.9
1945-08-22T00:00:00,35.6,21.7,13.9
1945-08-23T00:00:00,0.0,26.7,15.0
1945-08-24T00:00:00,0.0,30.0,15.0
1945-08-25T00:00:00,0.0,27.8,13.3
1945-08-26T00:00:00,0.0,28.9,15.0
1945-08-27T00:00:00,0.0,30.6,14.4
1945-08-28T00:00:00,0.0,31.7,16.7
1945-08-29T00:00:00,0.0,31.1,17.2
1945-08-30T00:00:00,0.0,26.1,16.7
1945-08-31T00:00:00,0.0,31.7,17.2
1945-09-01T00:00:00,0.0,31.7,15.6
1945-09-02T00:00:00,0.0,32.2,15.6
1945-09-03T00:00:00,0.0,33.9,16.7
1945-09-04T00:00:00,0.0,35.0,17.2
1945-09-05T00:00:00,0.0,37.2,18.9
1945-09-06T00:00:00,0.0,36.7,18.3
1945-09-07T00:00:00,0.0,35.6,16.7
1945-09-08T00:00:00,0.0,35.0,16.1
1945-09-09T00:00:00,0.0,31.1,16.7
1945-09-10T00:00:00,0.0,28.3,16.7
1945-09-11T00:00:00,0.0,32.2,13.9
1945-09-12T00:00:00,0.0,25.6,16.1
1945-09-13T00:00:00,0.0,24.4,15.0
1945-09-14T00:00:00,0.0,34.4,8.9
1945-09-15T00:00:00,0.0,33.3,9.4
1945-09-16T00:00:00,0.0,33.3,15.6
1945-09-17T00:00:00,0.0,33.9,15.0
1945-09-18T00:00:00,0.0,32.2,15.6
1945-09-19T00:00:00,0.0,33.3,14.4
1945-09-20T00:00:00,0.0,32.8,15.6
1945-09-21T00:00:00,0.0,31.7,15.0
1945-09-22T00:00:00,0.0,30.6,17.2
1945-09-23T00:00:00,0.0,31.1,15.6
1945-09-24T00:00:00,0.0,31.7,13.9
1945-09-25T00:00:00,0.0,32.2,12.2
1945-09-26T00:00:00,0.0,30.6,11.1
1945-09-27T00:00:00,0.0,31.7,11.1
1945-09-28T00:00:00,0.0,26.1,3.9
1945-09-29T00:00:00,10.7,15.0,7.2
1945-09-30T00:00:00,5.1,15.6,3.9
1945-10-01T00:00:00,0.0,20.6,5.6
1945-10-02T00:00:00,8.9,19.4,13.3
1945-10-03T00:00:00,18.5,15.0,7.8
1945-10-04T00:00:00,0.0,22.2,4.4
1945-10-05T00:00:00,0.3,21.1,5.6
1945-10-06T00:00:00,0.0,20.0,7.2
1945-10-07T00:00:00,8.9,26.7,14.4
1945-10-08T00:00:00,5.1,21.7,9.4
1945-10-09T00:00:00,14.5,13.3,7.2
1945-10-10T00:00:00,0.0,17.8,9.4
1945-10-11T00:00:00,0.5,16.7,8.9
1945-10-12T00:00:00,0.0,25.0,9.4
1945-10-13T00:00:00,0.0,25.6,9.4
1945-10-14T00:00:00,0.0,19.4,9.4
1945-10-15T00:00:00,0.0,21.7,8.9
1945-10-16T00:00:00,0.3,24.4,7.8
1945-10-17T00:00:00,0.3,28.3,11.1
1945-10-18T00:00:00,0.0,25.6,10.6
1945-10-19T00:00:00,0.0,20.0,6.7
1945-10-20T00:00:00,0.0,26.7,3.9
1945-10-21T00:00:00,0.0,22.8,9.4
1945-10-22T00:00:00,0.0,21.1,-0.6
1945-10-23T00:00:00,0.3,23.9,10.0
1945-10-24T00:00:00,0.0,17.2,-3.3
1945-10-25T00:00:00,0.0,26.7,0.0
1945-10-26T00:00:00,0.0,25.0,1.7
1945-10-27T00:00:00,0.0,24.4,15.0
1945-10-28T00:00:00,0.0,26.7,6.1
1945-10-29T00:00:00,0.0,26.7,6.7
1945-10-30T00:00:00,0.0,28.9,7.8
1945-10-31T00:00:00,0.0,30.0,6.7
1945-11-01T00:00:00,0.0,26.1,13.3
1945-11-02T00:00:00,0.0,23.9,4.4
1945-11-03T00:00:00,0.0,17.8,4.4
1945-11-04T00:00:00,0.0,26.7,0.0
1945-11-05T00:00:00,0.0,26.7,-5.0
1945-11-06T00:00:00,0.0,25.0,7.8
1945-11-07T00:00:00,0.0,23.3,10.0
1945-11-08T00:00:00,0.0,19.4,7.2
1945-11-09T00:00:00,0.0,14.4,-2.2
1945-11-10T00:00:00,0.0,13.3,0.6
1945-11-11T00:00:00,0.0,22.8,-2.2
1945-11-12T00:00:00,0.0,20.0,1.7
1945-11-13T00:00:00,0.0,21.7,-2.2
1945-11-14T00:00:00,0.0,,-1.1
1945-11-15T00:00:00,0.0,22.2,0.0
1945-11-16T00:00:00,0.0,23.9,4.4
1945-11-17T00:00:00,0.0,21.1,-1.1
1945-11-18T00:00:00,0.0,22.2,-2.2
1945-11-19T00:00:00,0.0,20.0,-2.8
1945-11-20T00:00:00,0.0,22.8,1.7
1945-11-21T00:00:00,0.0,15.6,-7.2
1945-11-22T00:00:00,0.0,11.7,-6.7
1945-11-23T00:00:00,0.0,13.9,-5.0
1945-11-24T00:00:00,0.0,23.9,-0.6
1945-11-25T00:00:00,0.0,23.9,1.7
1945-11-26T00:00:00,0.0,20.0,2.2
1945-11-27T00:00:00,0.0,23.9,1.1
1945-11-28T00:00:00,0.0,,1.7
1945-11-29T00:00:00,0.0,23.3,0.6
1945-11-30T00:00:00,0.0,20.6,1.7
1945-12-01T00:00:00,0.0,20.6,-1.1
1945-12-02T00:00:00,5.1,15.6,0.0
1945-12-03T00:00:00,0.0,12.8,-4.4
1945-12-04T00:00:00,0.0,11.7,-3.9
1945-12-05T00:00:00,0.0,17.2,-0.6
1945-12-06T00:00:00,0.0,17.8,-0.6
1945-12-07T00:00:00,0.0,18.3,-1.1
1945-12-08T00:00:00,0.0,20.0,5.0
1945-12-09T00:00:00,0.0,13.9,-1.7
1945-12-10T00:00:00,0.0,13.3,-9.4
1945-12-11T00:00:00,0.0,12.8,-9.4
1945-12-12T00:00:00,0.0,17.2,-6.1
1945-12-13T00:00:00,0.0,20.6,-1.7
1945-12-14T00:00:00,10.9,13.3,-3.3
1945-12-15T00:00:00,0.0,0.0,-12.2
1945-12-16T00:00:00,0.0,5.6,-11.1
1945-12-17T00:00:00,0.0,12.8,-4.4
1945-12-18T00:00:00,0.0,12.2,-0.6
1945-12-19T00:00:00,0.0,8.3,-8.3
1945-12-20T00:00:00,0.0,14.4,-4.4
1945-12-21T00:00:00,0.0,18.9,1.1
1945-12-22T00:00:00,0.0,17.8,2.2
1945-12-23T00:00:00,0.0,18.9,5.0
1945-12-24T00:00:00,0.0,15.6,3.9
1945-12-25T00:00:00,0.0,16.7,-3.3
1945-12-26T00:00:00,0.0,16.7,2.2
1945-12-27T00:00:00,0.0,13.9,1.1
1945-12-28T00:00:00,0.0,20.6,-0.6
1945-12-29T00:00:00,0.0,25.0,5.0
1945-12-30T00:00:00,0.0,20.0,1.7
1945-12-31T00:00:00,0.0,15.0,-3.3
1946-01-01T00:00:00,0.0,16.7,0.0
1946-01-02T00:00:00,0.0,20.0,0.6
1946-01-03T00:00:00,0.0,19.4,1.1
1946-01-04T00:00:00,0.0,15.6,4.4
1946-01-05T00:00:00,0.0,12.8,1.7
1946-01-06T00:00:00,0.0,8.3,0.6
1946-01-07T00:00:00,0.0,8.9,1.7
1946-01-08T00:00:00,0.0,12.2,-1.7
1946-01-09T00:00:00,0.0,8.9,-2.8
1946-01-10T00:00:00,0.0,1.1,-1.7
1946-01-11T00:00:00,0.0,8.3,-3.9
1946-01-12T00:00:00,0.0,7.2,-3.9
1946-01-13T00:00:00,0.0,2.2,-5.0
1946-01-14T00:00:00,1.8,2.8,-3.9
1946-01-15T00:00:00,3.3,1.7,-3.3
1946-01-16T00:00:00,0.0,10.0,-7.2
1946-01-17T00:00:00,0.0,10.6,-0.6
1946-01-18T00:00:00,0.0,12.8,1.1
1946-01-19T00:00:00,0.0,15.6,3.9
1946-01-20T00:00:00,0.0,11.7,-1.7
1946-01-21T00:00:00,3.8,6.7,-5.6
1946-01-22T00:00:00,0.0,14.4,-1.7
1946-01-23T00:00:00,0.0,18.3,3.9
1946-01-24T00:00:00,0.0,18.3,-5.0
1946-01-25T00:00:00,0.0,21.7,5.6
1946-01-26T00:00:00,0.0,16.1,-1.1
1946-01-27T00:00:00,0.0,7.2,-8.3
1946-01-28T00:00:00,0.0,8.9,-2.8
1946-01-29T00:00:00,0.0,17.2,-3.9
1946-01-30T00:00:00,0.0,12.8,-1.1
1946-01-31T00:00:00,0.0,11.1,-10.0
1946-02-01T00:00:00,0.0,20.6,-7.2
1946-02-02T00:00:00,0.0,17.2,-8.3
1946-02-03T00:00:00,0.0,18.3,-2.2
1946-02-04T00:00:00,0.0,22.2,2.2
1946-02-05T00:00:00,0.0,18.9,-2.2
1946-02-06T00:00:00,0.0,18.9,-11.1
1946-02-07T00:00:00,0.0,21.1,0.0
1946-02-08T00:00:00,0.0,20.6,2.8
1946-02-09T00:00:00,0.5,6.7,-5.6
1946-02-10T00:00:00,0.0,22.8,-3.3
1946-02-11T00:00:00,0.0,19.4,-4.4
1946-02-12T00:00:00,0.0,19.4,1.7
1946-02-13T00:00:00,0.0,10.0,-5.6
1946-02-14T00:00:00,0.0,10.6,-2.8
1946-02-15T00:00:00,0.0,12.2,-7.2
1946-02-16T00:00:00,0.0,18.3,-5.6
1946-02-17T00:00:00,0.0,12.2,-2.2
1946-02-18T00:00:00,0.0,18.9,-6.7
1946-02-19T00:00:00,0.0,16.7,-3.3
1946-02-20T00:00:00,0.0,16.1,-1.7
1946-02-21T00:00:00,0.0,24.4,0.6
1946-02-22T00:00:00,0.0,25.0,6.1
1946-02-23T00:00:00,0.0,18.3,1.7
1946-02-24T00:00:00,0.0,21.7,2.2
1946-02-25T00:00:00,0.0,20.0,5.6
1946-02-26T00:00:00,0.0,16.1,-2.8
1946-02-27T00:00:00,0.0,17.2,-3.9
1946-02-28T00:00:00,0.0,23.3,1.7
1946-03-01T00:00:00,0.0,21.1,4.4
1946-03-02T00:00:00,0.0,24.4,1.7
1946-03-03T00:00:00,0.0,24.4,-1.7
1946-03-04T00:00:00,0.0,23.9,6.7
1946-03-05T00:00:00,0.0,19.4,-0.6
1946-03-06T00:00:00,0.0,19.4,4.4
1946-03-07T00:00:00,0.0,19.4,-1.1
1946-03-08T00:00:00,0.0,19.4,-5.6
1946-03-09T00:00:00,0.0,21.7,-1.1
1946-03-10T00:00:00,0.0,20.0,-1.7
1946-03-11T00:00:00,0.0,21.1,1.7
1946-03-12T00:00:00,0.0,17.8,4.4
1946-03-13T00:00:00,0.0,25.0,6.1
1946-03-14T00:00:00,0.0,21.7,3.9
1946-03-15T00:00:00,0.0,15.6,-6.7
1946-03-16T00:00:00,0.0,21.7,-1.7
1946-03-17T00:00:00,0.0,15.6,-1.7
1946-03-18T00:00:00,0.0,16.7,-1.1
1946-03-19T00:00:00,0.0,19.4,2.2
1946-03-20T00:00:00,0.0,22.8,1.7
1946-03-21T00:00:00,0.0,21.7,4.4
1946-03-22T00:00:00,0.0,22.2,1.7
1946-03-23T00:00:00,0.0,17.2,5.0
1946-03-24T00:00:00,0.0,15.6,-1.1
1946-03-25T00:00:00,0.0,23.9,1.7
1946-03-26T00:00:00,10.9,14.4,0.0
1946-03-27T00:00:00,0.0,22.8,-1.1
1946-03-28T00:00:00,0.0,25.0,1.7
1946-03-29T00:00:00,0.0,27.2,11.1
1946-03-30T00:00:00,0.0,28.9,5.6
1946-03-31T00:00:00,0.0,31.7,10.6
1946-04-01T00:00:00,0.0,,
1946-04-02T00:00:00,0.0,31.7,10.6
1946-04-03T00:00:00,0.0,27.2,4.4
1946-04-04T00:00:00,0.0,26.7,5.0
1946-04-05T00:00:00,0.0,29.4,7.8
1946-04-06T00:00:00,0.0,29.4,9.4
1946-04-07T00:00:00,0.0,28.3,5.0
1946-04-08T00:00:00,0.0,25.6,11.7
1946-04-09T00:00:00,0.0,25.6,3.9
1946-04-10T00:00:00,0.0,28.3,7.2
1946-04-11T00:00:00,0.0,,
1946-04-12T00:00:00,0.0,,
1946-04-13T00:00:00,0.0,,
1946-04-14T00:00:00,0.0,,
1946-04-15T00:00:00,0.0,,
1946-04-16T00:00:00,0.0,,
1946-04-17T00:00:00,0.0,,
1946-04-18T00:00:00,0.0,,
1946-04-19T00:00:00,0.0,,
1946-04-20T00:00:00,0.0,,
1946-04-21T00:00:00,0.0,,
1946-04-22T00:00:00,0.0,,
1946-04-23T00:00:00,0.0,,
1946-04-24T00:00:00,0.0,,
1946-04-25T00:00:00,0.0,,
1946-04-26T00:00:00,0.0,,
1946-04-27T00:00:00,0.0,,
1946-04-28T00:00:00,0.0,,
1946-04-29T00:00:00,0.0,,
1946-04-30T00:00:00,0.0,,
1946-05-01T00:00:00,0.0,,
1946-05-02T00:00:00,0.0,,
1946-05-03T00:00:00,0.0,31.7,5.0
1946-05-04T00:00:00,21.6,30.6,4.4
1946-05-05T00:00:00,0.0,23.9,8.3
1946-05-06T00:00:00,0.0,28.9,12.2
1946-05-07T00:00:00,0.0,20.0,11.7
1946-05-08T00:00:00,0.0,,
1946-05-09T00:00:00,0.0,31.1,8.3
1946-05-10T00:00:00,0.0,28.9,13.3
1946-05-11T00:00:00,0.0,31.1,5.0
1946-05-12T00:00:00,0.0,26.1,5.0
1946-05-13T00:00:00,0.0,31.7,4.4
1946-05-14T00:00:00,0.0,,
1946-05-15T00:00:00,0.0,,
1946-05-16T00:00:00,0.0,,
1946-05-17T00:00:00,0.0,,
1946-05-18T00:00:00,0.0,,
1946-05-19T00:00:00,0.0,,
1946-05-20T00:00:00,0.0,,
1946-05-21T00:00:00,0.0,,
1946-05-22T00:00:00,0.0,30.0,4.4
1946-05-23T00:00:00,0.0,31.1,8.9
1946-05-24T00:00:00,0.0,30.6,7.8
1946-05-25T00:00:00,0.0,31.7,8.3
1946-05-26T00:00:00,0.0,31.7,8.3
1946-05-27T00:00:00,0.0,32.8,4.4
1946-05-28T00:00:00,0.0,36.1,3.9
1946-05-29T00:00:00,0.0,,
1946-05-30T00:00:00,0.0,,
1946-05-31T00:00:00,0.0,,
1946-06-01T00:00:00,,,
1946-06-02T00:00:00,,,
1946-06-03T00:00:00,,,
1946-06-04T00:00:00,,,
1946-06-05T00:00:00,,,
1946-06-06T00:00:00,,,
1946-06-07T00:00:00,,,
1946-06-08T00:00:00,,,
1946-06-09T00:00:00,,,
1946-06-10T00:00:00,,,
1946-06-11T00:00:00,,,
1946-06-12T00:00:00,,,
1946-06-13T00:00:00,,,
1946-06-14T00:00:00,,,
1946-06-15T00:00:00,,,
1946-06-16T00:00:00,,,
1946-06-17T00:00:00,,,
1946-06-18T00:00:00,,,
1946-06-19T00:00:00,,,
1946-06-20T00:00:00,,,
1946-06-21T00:00:00,,,
1946-06-22T00:00:00,,,
1946-06-23T00:00:00,,,
1946-06-24T00:00:00,,,
1946-06-25T00:00:00,,,
1946-06-26T00:00:00,,,
1946-06-27T00:00:00,,,
1946-06-28T00:00:00,,,
1946-06-29T00:00:00,,,
1946-06-30T00:00:00,,,
1966-04-01T00:00:00,0.0,20.6,11.1
1966-04-02T00:00:00,0.0,30.0,12.8
1966-04-03T00:00:00,0.0,23.9,8.3
1966-04-04T00:00:00,0.0,20.6,0.6
1966-04-05T00:00:00,0.0,18.3,1.1
1966-04-06T00:00:00,0.0,26.7,1.7
1966-04-07T00:00:00,0.0,30.6,5.6
1966-04-08T00:00:00,0.0,26.1,6.1
1966-04-09T00:00:00,0.0,27.2,-0.6
1966-04-10T00:00:00,0.0,29.4,6.1
1966-04-11T00:00:00,0.0,29.4,8.9
1966-04-12T00:00:00,0.0,28.3,11.1
1966-04-13T00:00:00,0.0,25.6,6.7
1966-04-14T00:00:00,0.0,25.0,4.4
1966-04-15T00:00:00,0.0,21.7,3.3
1966-04-16T00:00:00,0.0,27.2,5.6
1966-04-17T00:00:00,0.0,22.2,6.1
1966-04-18T00:00:00,0.0,26.1,10.6
1966-04-19T00:00:00,0.0,25.0,13.3
1966-04-20T00:00:00,0.0,21.1,1.1
1966-04-21T00:00:00,0.0,17.2,5.0
1966-04-22T00:00:00,0.0,21.1,5.0
1966-04-23T00:00:00,,20.0,8.9
1966-04-24T00:00:00,,15.6,10.0
1966-04-25T00:00:00,,18.3,7.2
1966-04-26T00:00:00,0.0,26.7,8.3
1966-04-27T00:00:00,0.0,29.4,10.0
1966-04-28T00:00:00,0.0,23.3,8.3
1966-04-29T00:00:00,0.0,29.4,11.1
1966-04-30T00:00:00,0.0,23.3,11.1
1966-05-01T00:00:00,0.0,17.2,8.3
1966-05-02T00:00:00,0.0,20.0,7.8
1966-05-03T00:00:00,0.0,21.1,8.3
1966-05-04T00:00:00,0.0,24.4,6.7
1966-05-05T00:00:00,0.0,25.6,7.2
1966-05-06T00:00:00,0.0,26.1,10.6
1966-05-07T00:00:00,0.0,30.0,9.4
1966-05-08T00:00:00,0.0,35.0,11.7
1966-05-09T00:00:00,0.0,26.7,11.7
1966-05-10T00:00:00,0.0,30.0,10.0
1966-05-11T00:00:00,0.0,29.4,10.0
1966-05-12T00:00:00,0.0,27.8,9.4
1966-05-13T00:00:00,0.0,27.2,6.1
1966-05-14T00:00:00,0.0,32.8,8.9
1966-05-15T00:00:00,0.0,33.9,11.1
1966-05-16T00:00:00,0.0,34.4,15.0
1966-05-17T00:00:00,0.0,33.3,17.2
1966-05-18T00:00:00,0.0,27.8,18.3
1966-05-19T00:00:00,0.0,27.2,11.1
1966-05-20T00:00:00,0.0,30.0,14.4
1966-05-21T00:00:00,0.0,34.4,15.0
1966-05-22T00:00:00,0.0,35.0,16.1
1966-05-23T00:00:00,0.0,36.1,16.1
1966-05-24T00:00:00,0.0,35.0,16.7
1966-05-25T00:00:00,0.0,26.7,12.8
1966-05-26T00:00:00,0.0,30.0,11.1
1966-05-27T00:00:00,0.0,26.7,12.2
1966-05-28T00:00:00,0.0,33.9,12.8
1966-05-29T00:00:00,0.0,32.2,11.7
1966-05-30T00:00:00,0.0,34.4,12.8
1966-05-31T00:00:00,0.0,31.7,13.3
1966-06-01T00:00:00,8.9,31.7,10.6
1966-06-02T00:00:00,0.0,32.2,11.7
1966-06-03T00:00:00,0.0,36.1,12.8
1966-06-04T00:00:00,0.0,36.1,20.6
1966-06-05T00:00:00,0.0,35.0,12.8
1966-06-06T00:00:00,0.0,31.7,15.6
1966-06-07T00:00:00,0.0,36.7,13.9
1966-06-08T00:00:00,0.0,35.0,13.3
1966-06-09T00:00:00,0.0,32.2,10.0
1966-06-10T00:00:00,0.0,25.6,12.8
1966-06-11T00:00:00,0.0,33.3,10.6
1966-06-12T00:00:00,0.0,35.6,14.4
1966-06-13T00:00:00,17.0,36.1,15.6
1966-06-14T00:00:00,0.0,32.2,18.3
1966-06-15T00:00:00,0.0,36.1,13.9
1966-06-16T00:00:00,0.0,32.2,16.7
1966-06-17T00:00:00,0.0,29.4,16.7
1966-06-18T00:00:00,0.0,29.4,16.1
1966-06-19T00:00:00,0.0,32.2,16.7
1966-06-20T00:00:00,0.0,29.4,16.7
1966-06-21T00:00:00,0.0,32.2,15.0
1966-06-22T00:00:00,0.0,32.8,15.6
1966-06-23T00:00:00,0.0,36.1,15.6
1966-06-24T00:00:00,0.0,35.0,16.7
1966-06-25T00:00:00,0.0,32.8,16.1
1966-06-26T00:00:00,0.0,25.6,17.8
1966-06-27T00:00:00,9.1,26.1,16.1
1966-06-28T00:00:00,0.0,22.8,16.7
1966-06-29T00:00:00,11.2,23.3,16.7
1966-06-30T00:00:00,0.0,30.0,17.2
1966-07-01T00:00:00,0.0,33.9,17.2
1966-07-02T00:00:00,0.0,36.7,16.7
1966-07-03T00:00:00,0.0,38.9,19.4
1966-07-04T00:00:00,0.0,36.7,17.8
1966-07-05T00:00:00,0.0,36.7,19.4
1966-07-06T00:00:00,0.0,35.0,20.6
1966-07-07T00:00:00,0.0,35.0,18.3
1966-07-08T00:00:00,0.0,34.4,18.3
1966-07-09T00:00:00,0.0,37.2,17.8
1966-07-10T00:00:00,0.0,35.0,21.7
1966-07-11T00:00:00,0.0,36.7,18.3
1966-07-12T00:00:00,0.0,35.0,18.9
1966-07-13T00:00:00,0.0,33.9,16.1
1966-07-14T00:00:00,0.0,35.0,17.2
1966-07-15T00:00:00,0.0,34.4,18.3
1966-07-16T00:00:00,0.0,36.1,18.9
1966-07-17T00:00:00,0.0,37.2,22.8
1966-07-18T00:00:00,0.0,35.6,18.9
1966-07-19T00:00:00,0.0,35.0,18.3
1966-07-20T00:00:00,0.0,36.1,19.4
1966-07-21T00:00:00,0.0,37.2,19.4
1966-07-22T00:00:00,0.0,37.2,18.9
1966-07-23T00:00:00,0.0,37.2,18.9
1966-07-24T00:00:00,0.0,36.7,22.8
1966-07-25T00:00:00,0.0,37.8,20.6
1966-07-26T00:00:00,0.0,37.8,23.3
1966-07-27T00:00:00,0.0,37.2,23.3
1966-07-28T00:00:00,0.0,36.1,22.2
1966-07-29T00:00:00,0.0,36.1,20.6
1966-07-30T00:00:00,0.0,35.6,20.6
1966-07-31T00:00:00,0.0,37.2,21.1
1966-08-01T00:00:00,0.0,41.1,24.4
1966-08-02T00:00:00,0.0,34.4,20.0
1966-08-03T00:00:00,50.0,28.3,18.3
1966-08-04T00:00:00,0.0,32.8,16.7
1966-08-05T00:00:00,0.0,33.9,19.4
1966-08-06T00:00:00,0.0,32.8,18.3
1966-08-07T00:00:00,0.0,32.8,13.9
1966-08-08T00:00:00,0.0,32.2,15.6
1966-08-09T00:00:00,0.0,33.9,17.2
1966-08-10T00:00:00,0.0,35.0,17.8
1966-08-11T00:00:00,0.0,32.2,16.1
1966-08-12T00:00:00,0.0,32.2,17.8
1966-08-13T00:00:00,0.0,30.6,15.6
1966-08-14T00:00:00,0.0,32.2,15.0
1966-08-15T00:00:00,0.0,33.3,15.6
1966-08-16T00:00:00,0.0,33.3,16.7
1966-08-17T00:00:00,0.0,33.9,16.7
1966-08-18T00:00:00,0.0,32.8,17.8
1966-08-19T00:00:00,21.6,28.9,17.2
1966-08-20T00:00:00,0.0,31.7,18.9
1966-08-21T00:00:00,0.0,30.0,17.8
1966-08-22T00:00:00,61.5,23.3,17.8
1966-08-23T00:00:00,73.2,18.3,13.9
1966-08-24T00:00:00,0.0,19.4,12.2
1966-08-25T00:00:00,0.0,21.7,12.8
1966-08-26T00:00:00,0.0,25.0,9.4
1966-08-27T00:00:00,0.0,30.6,13.3
1966-08-28T00:00:00,0.0,33.3,16.7
1966-08-29T00:00:00,0.0,29.4,13.9
1966-08-30T00:00:00,0.0,29.4,15.0
1966-08-31T00:00:00,10.7,31.1,16.7
1966-09-01T00:00:00,0.0,31.7,15.0
1966-09-02T00:00:00,0.0,29.4,16.1
1966-09-03T00:00:00,0.0,30.6,17.2
1966-09-04T00:00:00,0.0,27.8,16.1
1966-09-05T00:00:00,0.0,27.8,15.0
1966-09-06T00:00:00,0.0,28.9,13.3
1966-09-07T00:00:00,0.0,27.8,13.9
1966-09-08T00:00:00,0.0,21.1,11.7
1966-09-09T00:00:00,0.0,25.6,11.1
1966-09-10T00:00:00,0.0,25.6,12.2
1966-09-11T00:00:00,0.0,25.6,10.6
1966-09-12T00:00:00,0.0,28.3,12.2
1966-09-13T00:00:00,0.0,31.7,12.8
1966-09-14T00:00:00,0.0,30.0,16.7
1966-09-15T00:00:00,0.0,23.9,15.0
1966-09-16T00:00:00,0.0,29.4,14.4
1966-09-17T00:00:00,0.0,31.1,12.2
1966-09-18T00:00:00,0.0,29.4,15.6
1966-09-19T00:00:00,0.0,27.2,16.7
1966-09-20T00:00:00,0.0,29.4,11.7
1966-09-21T00:00:00,0.0,27.8,15.0
1966-09-22T00:00:00,0.0,30.0,12.8
1966-09-23T00:00:00,0.0,28.3,12.8
1966-09-24T00:00:00,0.0,30.6,13.3
1966-09-25T00:00:00,0.0,32.8,14.4
1966-09-26T00:00:00,0.0,32.2,13.9
1966-09-27T00:00:00,0.0,25.6,13.9
1966-09-28T00:00:00,0.0,28.9,13.9
1966-09-29T00:00:00,0.0,30.0,12.8
1966-09-30T00:00:00,0.0,26.1,11.1
1966-10-01T00:00:00,0.0,21.1,10.0
1966-10-02T00:00:00,0.0,28.9,10.0
1966-10-03T00:00:00,0.0,29.4,10.0
1966-10-04T00:00:00,0.0,26.7,10.6
1966-10-05T00:00:00,0.0,25.0,8.9
1966-10-06T00:00:00,0.0,20.6,8.3
1966-10-07T00:00:00,0.0,26.7,10.0
1966-10-08T00:00:00,0.0,29.4,10.6
1966-10-09T00:00:00,0.0,30.0,11.7
1966-10-10T00:00:00,0.0,30.0,11.7
1966-10-11T00:00:00,0.0,29.4,11.1
1966-10-12T00:00:00,0.0,30.0,8.9
1966-10-13T00:00:00,0.0,28.9,10.6
1966-10-14T00:00:00,0.0,22.8,-0.6
1966-10-15T00:00:00,0.0,17.8,-0.6
1966-10-16T00:00:00,0.0,21.1,-0.6
1966-10-17T00:00:00,0.0,21.1,1.1
1966-10-18T00:00:00,0.0,25.0,5.6
1966-10-19T00:00:00,0.0,22.2,-0.6
1966-10-20T00:00:00,0.0,26.7,-0.6
1966-10-21T00:00:00,0.0,29.4,6.1
1966-10-22T00:00:00,0.0,21.7,7.8
1966-10-23T00:00:00,0.0,24.4,2.8
1966-10-24T00:00:00,0.0,20.0,1.7
1966-10-25T00:00:00,0.0,23.9,4.4
1966-10-26T00:00:00,0.0,25.6,5.6
1966-10-27T00:00:00,0.0,24.4,5.0
1966-10-28T00:00:00,0.0,27.2,3.9
1966-10-29T00:00:00,0.0,22.2,2.2
1966-10-30T00:00:00,0.0,23.9,4.4
1966-10-31T00:00:00,0.0,25.0,6.1
1966-11-01T00:00:00,0.0,17.2,2.2
1966-11-02T00:00:00,0.0,21.1,-2.8
1966-11-03T00:00:00,0.0,23.9,6.1
1966-11-04T00:00:00,0.0,17.8,6.1
1966-11-05T00:00:00,0.0,20.6,-2.2
1966-11-06T00:00:00,0.0,23.9,5.0
1966-11-07T00:00:00,0.0,23.9,4.4
1966-11-08T00:00:00,0.0,21.7,5.6
1966-11-09T00:00:00,0.0,16.7,4.4
1966-11-10T00:00:00,0.0,18.9,-3.9
1966-11-11T00:00:00,0.0,20.6,3.3
1966-11-12T00:00:00,0.0,18.9,0.0
1966-11-13T00:00:00,0.0,22.2,0.0
1966-11-14T00:00:00,0.0,20.0,2.8
1966-11-15T00:00:00,0.0,23.9,3.9
1966-11-16T00:00:00,0.0,28.3,8.3
1966-11-17T00:00:00,0.0,28.9,7.8
1966-11-18T00:00:00,0.0,22.8,6.7
1966-11-19T00:00:00,0.0,20.6,0.6
1966-11-20T00:00:00,0.0,25.6,0.0
1966-11-21T00:00:00,0.0,21.7,0.6
1966-11-22T00:00:00,0.0,22.8,3.9
1966-11-23T00:00:00,0.0,23.9,5.6
1966-11-24T00:00:00,0.0,23.3,3.9
1966-11-25T00:00:00,0.0,21.1,3.3
1966-11-26T00:00:00,0.0,20.6,0.0
1966-11-27T00:00:00,0.0,22.2,-5.6
1966-11-28T00:00:00,0.0,21.7,-5.0
1966-11-29T00:00:00,0.0,26.1,-1.1
1966-11-30T00:00:00,0.0,22.8,2.2
1966-12-01T00:00:00,0.0,22.8,-2.8
1966-12-02T00:00:00,0.0,21.1,-3.3
1966-12-03T00:00:00,0.0,12.8,-7.8
1966-12-04T00:00:00,0.0,20.6,-3.9
1966-12-05T00:00:00,0.0,21.1,-3.3
1966-12-06T00:00:00,0.0,21.1,-1.1
1966-12-07T00:00:00,0.0,21.7,0.0
1966-12-08T00:00:00,0.0,23.9,10.0
1966-12-09T00:00:00,0.0,12.2,1.7
1966-12-10T00:00:00,0.0,8.9,-11.1
1966-12-11T00:00:00,0.0,8.3,-8.3
1966-12-12T00:00:00,0.0,10.0,-8.3
1966-12-13T00:00:00,0.0,15.6,-6.7
1966-12-14T00:00:00,0.0,18.9,-1.1
1966-12-15T00:00:00,0.0,19.4,1.7
1966-12-16T00:00:00,0.0,16.1,-3.3
1966-12-17T00:00:00,0.0,20.6,-3.9
1966-12-18T00:00:00,0.0,21.1,-2.8
1966-12-19T00:00:00,0.0,22.2,-2.8
1966-12-20T00:00:00,0.0,21.7,-3.3
1966-12-21T00:00:00,0.0,22.8,-2.2
1966-12-22T00:00:00,0.0,16.7,-2.8
1966-12-23T00:00:00,0.0,8.9,-10.6
1966-12-24T00:00:00,0.0,7.2,-11.7
1966-12-25T00:00:00,0.0,15.6,-6.1
1966-12-26T00:00:00,0.0,16.1,-3.3
1966-12-27T00:00:00,0.0,15.6,-5.6
1966-12-28T00:00:00,0.0,4.4,-12.2
1966-12-29T00:00:00,0.0,5.0,-13.3
1966-12-30T00:00:00,0.0,13.3,-7.8
1966-12-31T00:00:00,0.0,14.4,-8.9
1967-01-01T00:00:00,0.0,11.7,-4.4
1967-01-02T00:00:00,0.0,10.6,-8.9
1967-01-03T00:00:00,0.0,13.3,-10.0
1967-01-04T00:00:00,0.0,13.9,-9.4
1967-01-05T00:00:00,0.0,18.3,-3.3
1967-01-06T00:00:00,0.0,14.4,1.7
1967-01-07T00:00:00,0.0,4.4,-12.2
1967-01-08T00:00:00,0.0,4.4,-13.9
1967-01-09T00:00:00,0.0,8.3,-12.8
1967-01-10T00:00:00,0.0,9.4,-7.8
1967-01-11T00:00:00,0.0,14.4,-5.6
1967-01-12T00:00:00,0.0,17.2,3.3
1967-01-13T00:00:00,0.0,18.3,-1.1
1967-01-14T00:00:00,0.0,18.9,-1.1
1967-01-15T00:00:00,0.0,19.4,-6.1
1967-01-16T00:00:00,0.0,22.2,1.1
1967-01-17T00:00:00,0.0,17.2,-2.8
1967-01-18T00:00:00,0.0,8.9,-9.4
1967-01-19T00:00:00,0.0,13.9,-7.8
1967-01-20T00:00:00,0.0,21.7,-4.4
1967-01-21T00:00:00,0.0,22.8,-2.2
1967-01-22T00:00:00,0.0,21.7,-3.3
1967-01-23T00:00:00,0.0,20.6,-1.7
1967-01-24T00:00:00,0.0,19.4,-2.2
1967-01-25T00:00:00,0.0,17.8,-3.9
1967-01-26T00:00:00,0.0,15.6,-4.4
1967-01-27T00:00:00,0.0,17.2,-2.8
1967-01-28T00:00:00,0.0,23.3,-2.8
1967-01-29T00:00:00,0.0,26.1,3.9
1967-01-30T00:00:00,0.0,26.1,4.4
1967-01-31T00:00:00,0.0,24.4,1.1
1967-02-01T00:00:00,0.0,22.2,2.8
1967-02-02T00:00:00,0.0,14.4,-3.9
1967-02-03T00:00:00,0.0,20.6,-3.3
1967-02-04T00:00:00,0.0,21.1,-4.4
1967-02-05T00:00:00,0.0,23.9,-1.7
1967-02-06T00:00:00,0.0,18.3,-2.8
1967-02-07T00:00:00,0.0,7.8,-4.4
1967-02-08T00:00:00,0.0,11.7,-8.9
1967-02-09T00:00:00,0.0,21.7,-1.7
1967-02-10T00:00:00,0.0,22.8,1.1
1967-02-11T00:00:00,0.0,21.7,0.0
1967-02-12T00:00:00,0.0,23.3,-3.3
1967-02-13T00:00:00,0.0,22.8,-2.8
1967-02-14T00:00:00,0.0,25.0,2.2
1967-02-15T00:00:00,0.0,23.3,-1.1
1967-02-16T00:00:00,0.0,21.1,0.0
1967-02-17T00:00:00,0.0,20.6,-3.9
1967-02-18T00:00:00,0.0,22.2,3.3
1967-02-19T00:00:00,0.0,20.0,2.2
1967-02-20T00:00:00,0.0,16.7,-4.4
1967-02-21T00:00:00,6.4,13.9,-2.2
1967-02-22T00:00:00,0.0,15.6,-2.8
1967-02-23T00:00:00,0.0,18.3,0.0
1967-02-24T00:00:00,0.0,15.0,-8.3
1967-02-25T00:00:00,0.0,13.3,-3.3
1967-02-26T00:00:00,0.0,15.0,-2.2
1967-02-27T00:00:00,0.0,16.1,-1.1
1967-02-28T00:00:00,0.0,18.3,-1.1
1967-03-01T00:00:00,0.0,23.9,-1.7
1967-03-02T00:00:00,0.0,28.3,8.9
1967-03-03T00:00:00,0.0,26.7,10.0
1967-03-04T00:00:00,0.0,27.2,8.3
1967-03-05T00:00:00,0.0,20.6,5.0
1967-03-06T00:00:00,0.0,17.2,-5.6
1967-03-07T00:00:00,0.0,20.0,-2.2
1967-03-08T00:00:00,0.0,15.0,-10.6
1967-03-09T00:00:00,0.0,22.8,-5.6
1967-03-10T00:00:00,0.0,26.7,2.8
1967-03-11T00:00:00,0.0,25.6,0.6
1967-03-12T00:00:00,0.0,27.2,5.6
1967-03-13T00:00:00,0.0,27.2,9.4
1967-03-14T00:00:00,0.0,26.7,10.0
1967-03-15T00:00:00,0.0,26.1,9.4
1967-03-16T00:00:00,0.0,26.1,-2.8
1967-03-17T00:00:00,0.0,27.2,3.9
1967-03-18T00:00:00,0.0,23.9,2.2
1967-03-19T00:00:00,0.0,25.6,2.8
1967-03-20T00:00:00,0.0,26.1,2.2
1967-03-21T00:00:00,0.0,26.7,3.3
1967-03-22T00:00:00,0.0,27.2,4.4
1967-03-23T00:00:00,0.0,20.6,5.6
1967-03-24T00:00:00,0.0,26.7,5.6
1967-03-25T00:00:00,0.0,22.8,11.1
1967-03-26T00:00:00,0.0,25.0,0.6
1967-03-27T00:00:00,0.0,31.7,8.9
1967-03-28T00:00:00,0.0,30.0,7.2
1967-03-29T00:00:00,0.0,30.6,9.4
1967-03-30T00:00:00,0.0,30.0,8.9
1967-03-31T00:00:00,0.0,28.3,7.2
1967-04-01T00:00:00,0.0,29.4,5.6
1967-04-02T00:00:00,0.0,26.7,4.4
1967-04-03T00:00:00,0.0,28.3,6.7
1967-04-04T00:00:00,0.0,31.7,9.4
1967-04-05T00:00:00,0.0,30.0,8.9
1967-04-06T00:00:00,0.0,28.3,7.2
1967-04-07T00:00:00,0.0,29.4,11.7
1967-04-08T00:00:00,0.0,28.9,9.4
1967-04-09T00:00:00,0.0,30.0,10.0
1967-04-10T00:00:00,0.0,28.3,17.8
1967-04-11T00:00:00,0.0,27.8,11.7
1967-04-12T00:00:00,0.0,21.1,11.1
1967-04-13T00:00:00,0.0,21.1,2.2
1967-04-14T00:00:00,0.0,25.0,4.4
1967-04-15T00:00:00,0.0,30.0,9.4
1967-04-16T00:00:00,0.0,29.4,7.2
1967-04-17T00:00:00,0.0,25.0,12.8
1967-04-18T00:00:00,0.0,23.9,5.6
1967-04-19T00:00:00,0.0,28.9,9.4
1967-04-20T00:00:00,0.0,25.6,7.2
1967-04-21T00:00:00,0.0,25.0,9.4
1967-04-22T00:00:00,0.0,26.7,4.4
1967-04-23T00:00:00,0.0,27.2,3.9
1967-04-24T00:00:00,0.0,29.4,5.6
1967-04-25T00:00:00,0.0,29.4,5.6
1967-04-26T00:00:00,0.0,23.9,4.4
1967-04-27T00:00:00,0.0,23.9,5.6
1967-04-28T00:00:00,0.0,30.6,5.6
1967-04-29T00:00:00,0.0,30.6,11.1
1967-04-30T00:00:00,0.0,26.7,10.0
1967-05-01T00:00:00,0.0,20.0,0.6
1967-05-02T00:00:00,0.0,22.8,0.0
1967-05-03T00:00:00,0.0,27.2,5.6
1967-05-04T00:00:00,0.0,29.4,5.0
1967-05-05T00:00:00,0.0,28.9,10.0
1967-05-06T00:00:00,0.0,30.0,11.1
1967-05-07T00:00:00,0.0,32.8,10.0
1967-05-08T00:00:00,0.0,35.0,12.8
1967-05-09T00:00:00,0.0,36.1,10.6
1967-05-10T00:00:00,0.0,33.3,15.0
1967-05-11T00:00:00,0.0,31.7,15.0
1967-05-12T00:00:00,0.0,32.2,15.0
1967-05-13T00:00:00,0.0,32.8,10.0
1967-05-14T00:00:00,0.0,26.7,8.9
1967-05-15T00:00:00,0.0,24.4,2.2
1967-05-16T00:00:00,0.0,31.1,5.6
1967-05-17T00:00:00,0.0,31.7,7.2
1967-05-18T00:00:00,0.0,32.2,7.8
1967-05-19T00:00:00,0.0,28.9,16.7
1967-05-20T00:00:00,0.0,25.6,10.0
1967-05-21T00:00:00,0.0,26.7,3.9
1967-05-22T00:00:00,0.0,28.9,6.7
1967-05-23T00:00:00,0.0,34.4,11.1
1967-05-24T00:00:00,0.0,32.8,9.4
1967-05-25T00:00:00,0.0,32.2,9.4
1967-05-26T00:00:00,0.0,32.8,11.7
1967-05-27T00:00:00,0.0,31.1,9.4
1967-05-28T00:00:00,0.0,27.2,10.0
1967-05-29T00:00:00,0.0,30.0,11.7
1967-05-30T00:00:00,0.0,26.7,12.8
1967-05-31T00:00:00,0.0,28.9,9.4
1967-06-01T00:00:00,0.0,32.2,11.7
1967-06-02T00:00:00,0.0,32.8,10.0
1967-06-03T00:00:00,0.0,32.2,10.6
1967-06-04T00:00:00,0.0,33.3,13.9
1967-06-05T00:00:00,0.0,35.6,16.7
1967-06-06T00:00:00,19.3,32.8,15.6
1967-06-07T00:00:00,0.0,33.3,13.9
1967-06-08T00:00:00,0.0,33.9,10.0
1967-06-09T00:00:00,0.0,34.4,11.7
1967-06-10T00:00:00,0.0,33.9,10.6
1967-06-11T00:00:00,0.0,32.8,12.2
1967-06-12T00:00:00,0.0,32.2,12.8
1967-06-13T00:00:00,0.0,34.4,15.6
1967-06-14T00:00:00,0.0,35.0,15.0
1967-06-15T00:00:00,0.0,35.6,15.0
1967-06-16T00:00:00,10.4,31.1,12.8
1967-06-17T00:00:00,0.0,31.7,13.3
1967-06-18T00:00:00,0.0,30.6,12.2
1967-06-19T00:00:00,0.0,33.3,17.2
1967-06-20T00:00:00,0.0,32.8,20.6
1967-06-21T00:00:00,0.0,35.0,16.7
1967-06-22T00:00:00,3.3,33.3,18.3
1967-06-23T00:00:00,0.0,37.8,17.2
1967-06-24T00:00:00,0.0,35.6,19.4
1967-06-25T00:00:00,0.0,23.9,16.1
1967-06-26T00:00:00,0.0,28.9,11.1
1967-06-27T00:00:00,0.0,32.8,15.6
1967-06-28T00:00:00,0.0,34.4,16.7
1967-06-29T00:00:00,5.1,30.0,16.7
1967-06-30T00:00:00,0.0,29.4,13.9
1967-07-01T00:00:00,0.0,32.8,15.6
1967-07-02T00:00:00,0.0,33.9,16.7
1967-07-03T00:00:00,8.9,32.2,15.6
1967-07-04T00:00:00,0.0,30.6,16.1
1967-07-05T00:00:00,0.0,36.7,18.9
1967-07-06T00:00:00,0.0,34.4,20.6
1967-07-07T00:00:00,0.0,34.4,18.9
1967-07-08T00:00:00,0.0,34.4,20.0
1967-07-09T00:00:00,0.0,37.2,20.6
1967-07-10T00:00:00,0.0,36.7,19.4
1967-07-11T00:00:00,0.0,34.4,20.0
1967-07-12T00:00:00,0.0,35.6,19.4
1967-07-13T00:00:00,0.0,33.3,17.8
1967-07-14T00:00:00,0.0,31.1,14.4
1967-07-15T00:00:00,0.0,32.8,13.9
1967-07-16T00:00:00,0.0,35.6,15.0
1967-07-17T00:00:00,0.0,33.9,17.2
1967-07-18T00:00:00,0.0,36.7,17.2
1967-07-19T00:00:00,0.0,33.9,17.8
1967-07-20T00:00:00,9.1,25.6,16.7
1967-07-21T00:00:00,0.0,30.0,17.8
1967-07-22T00:00:00,0.0,33.9,16.7
1967-07-23T00:00:00,0.0,36.1,17.8
1967-07-24T00:00:00,0.0,36.7,17.8
1967-07-25T00:00:00,0.0,36.7,16.7
1967-07-26T00:00:00,0.0,35.6,19.4
1967-07-27T00:00:00,0.0,37.2,21.7
1967-07-28T00:00:00,0.0,37.2,21.1
1967-07-29T00:00:00,0.0,32.2,19.4
1967-07-30T00:00:00,0.0,34.4,17.2
1967-07-31T00:00:00,0.0,37.8,21.1
1967-08-01T00:00:00,0.0,37.2,20.6
1967-08-02T00:00:00,0.0,34.4,20.0
1967-08-03T00:00:00,0.0,33.9,18.3
1967-08-04T00:00:00,0.0,32.2,20.0
1967-08-05T00:00:00,0.0,33.9,20.0
1967-08-06T00:00:00,0.0,36.7,18.3
1967-08-07T00:00:00,0.0,37.8,18.3
1967-08-08T00:00:00,0.0,37.8,18.3
1967-08-09T00:00:00,,35.0,17.8
1967-08-10T00:00:00,,27.2,13.9
1967-08-11T00:00:00,0.0,25.6,16.7
1967-08-12T00:00:00,0.0,28.9,15.6
1967-08-13T00:00:00,0.0,27.2,15.6
1967-08-14T00:00:00,0.0,30.6,15.0
1967-08-15T00:00:00,0.0,30.0,15.0
1967-08-16T00:00:00,0.0,29.4,15.0
1967-08-17T00:00:00,0.0,30.0,15.0
1967-08-18T00:00:00,0.0,31.1,13.9
1967-08-19T00:00:00,0.0,31.7,15.6
1967-08-20T00:00:00,0.0,30.0,16.1
1967-08-21T00:00:00,0.0,31.1,12.2
1967-08-22T00:00:00,0.0,32.2,12.8
1967-08-23T00:00:00,0.0,31.7,15.0
1967-08-24T00:00:00,0.0,31.7,14.4
1967-08-25T00:00:00,0.0,31.7,15.0
1967-08-26T00:00:00,0.0,35.6,13.9
1967-08-27T00:00:00,0.0,29.4,15.6
1967-08-28T00:00:00,0.0,31.1,16.1
1967-08-29T00:00:00,0.0,30.6,11.7
1967-08-30T00:00:00,0.0,29.4,11.7
1967-08-31T00:00:00,0.0,26.7,11.1
1967-09-01T00:00:00,0.0,22.2,14.4
1967-09-02T00:00:00,0.0,28.3,16.1
1967-09-03T00:00:00,0.0,32.8,15.6
1967-09-04T00:00:00,0.0,28.3,16.1
1967-09-05T00:00:00,7.4,26.7,15.6
1967-09-06T00:00:00,0.0,25.0,12.8
1967-09-07T00:00:00,0.0,28.3,11.1
1967-09-08T00:00:00,0.0,28.9,13.9
1967-09-09T00:00:00,0.0,30.6,11.7
1967-09-10T00:00:00,0.0,31.1,12.8
1967-09-11T00:00:00,0.0,32.8,11.1
1967-09-12T00:00:00,0.0,35.6,14.4
1967-09-13T00:00:00,0.0,31.1,16.1
1967-09-14T00:00:00,0.0,27.8,12.8
1967-09-15T00:00:00,0.0,25.6,12.2
1967-09-16T00:00:00,0.0,26.7,13.9
1967-09-17T00:00:00,0.0,27.2,11.1
1967-09-18T00:00:00,0.0,31.7,11.7
1967-09-19T00:00:00,0.0,28.9,14.4
1967-09-20T00:00:00,0.0,28.3,15.0
1967-09-21T00:00:00,0.0,30.0,13.3
1967-09-22T00:00:00,0.0,25.6,14.4
1967-09-23T00:00:00,0.0,28.3,11.1
1967-09-24T00:00:00,0.0,27.2,11.7
1967-09-25T00:00:00,10.7,23.9,12.8
1967-09-26T00:00:00,0.0,25.6,12.8
1967-09-27T00:00:00,0.0,20.0,8.9
1967-09-28T00:00:00,0.0,25.6,7.2
1967-09-29T00:00:00,0.0,29.4,6.7
1967-09-30T00:00:00,0.0,31.7,8.9
1967-10-01T00:00:00,0.0,33.3,11.7
1967-10-02T00:00:00,0.0,32.2,11.1
1967-10-03T00:00:00,0.0,32.2,11.7
1967-10-04T00:00:00,0.0,33.3,11.1
1967-10-05T00:00:00,0.0,32.2,12.8
1967-10-06T00:00:00,0.0,31.7,11.7
1967-10-07T00:00:00,0.0,30.6,10.0
1967-10-08T00:00:00,0.0,32.2,11.1
1967-10-09T00:00:00,0.0,30.0,9.4
1967-10-10T00:00:00,0.0,31.7,7.8
1967-10-11T00:00:00,0.0,30.0,5.6
1967-10-12T00:00:00,0.0,27.2,7.2
1967-10-13T00:00:00,0.0,29.4,5.6
1967-10-14T00:00:00,0.0,29.4,5.0
1967-10-15T00:00:00,0.0,26.1,3.9
1967-10-16T00:00:00,0.0,20.6,2.2
1967-10-17T00:00:00,0.0,26.1,7.8
1967-10-18T00:00:00,0.0,26.7,6.1
1967-10-19T00:00:00,0.0,28.3,7.8
1967-10-20T00:00:00,0.0,27.2,7.2
1967-10-21T00:00:00,0.0,26.7,6.7
1967-10-22T00:00:00,0.0,27.8,7.2
1967-10-23T00:00:00,0.0,28.9,5.0
1967-10-24T00:00:00,0.0,27.2,4.4
1967-10-25T00:00:00,0.0,28.9,3.9
1967-10-26T00:00:00,0.0,29.4,4.4
1967-10-27T00:00:00,0.0,28.3,2.2
1967-10-28T00:00:00,0.0,28.3,3.3
1967-10-29T00:00:00,0.0,20.0,2.8
1967-10-30T00:00:00,0.0,12.2,0.6
1967-10-31T00:00:00,0.0,20.6,-1.1
1967-11-01T00:00:00,0.0,24.4,3.9
1967-11-02T00:00:00,0.0,26.7,7.2
1967-11-03T00:00:00,0.0,11.1,-1.1
1967-11-04T00:00:00,0.0,21.7,0.0
1967-11-05T00:00:00,0.0,10.0,-5.0
1967-11-06T00:00:00,0.0,7.8,2.8
1967-11-07T00:00:00,10.2,7.2,3.9
1967-11-08T00:00:00,0.0,13.3,0.0
1967-11-09T00:00:00,0.0,15.0,1.1
1967-11-10T00:00:00,0.0,20.6,0.0
1967-11-11T00:00:00,0.0,23.9,1.7
1967-11-12T00:00:00,0.0,25.6,2.2
1967-11-13T00:00:00,0.0,27.2,0.0
1967-11-14T00:00:00,0.0,22.2,2.2
1967-11-15T00:00:00,0.0,28.3,6.1
1967-11-16T00:00:00,0.0,27.2,7.2
1967-11-17T00:00:00,0.0,26.1,7.2
1967-11-18T00:00:00,0.0,21.7,1.7
1967-11-19T00:00:00,0.0,21.1,0.6
1967-11-20T00:00:00,0.0,22.8,5.6
1967-11-21T00:00:00,0.0,22.2,6.7
1967-11-22T00:00:00,0.0,21.7,5.0
1967-11-23T00:00:00,0.0,18.9,2.8
1967-11-24T00:00:00,0.0,22.8,2.2
1967-11-25T00:00:00,0.0,23.9,6.1
1967-11-26T00:00:00,,19.4,-1.1
1967-11-27T00:00:00,,15.6,-0.6
1967-11-28T00:00:00,,13.9,-1.1
1967-11-29T00:00:00,0.0,15.0,-1.1
1967-11-30T00:00:00,0.0,20.0,-2.2
1967-12-01T00:00:00,0.0,20.6,-6.1
1967-12-02T00:00:00,0.0,21.1,-5.0
1967-12-03T00:00:00,0.0,9.4,-6.7
1967-12-04T00:00:00,0.0,15.0,0.0
1967-12-05T00:00:00,0.0,19.4,1.7
1967-12-06T00:00:00,0.0,18.3,0.6
1967-12-07T00:00:00,0.0,13.3,-3.3
1967-12-08T00:00:00,0.0,12.2,-4.4
1967-12-09T00:00:00,0.0,9.4,-9.4
1967-12-10T00:00:00,0.0,11.1,-7.8
1967-12-11T00:00:00,0.0,12.8,-6.7
1967-12-12T00:00:00,0.0,7.2,-5.6
1967-12-13T00:00:00,,4.4,-7.8
1967-12-14T00:00:00,,2.8,-8.9
1967-12-15T00:00:00,,-1.7,-9.4
1967-12-16T00:00:00,,2.2,-8.3
1967-12-17T00:00:00,0.0,4.4,-1.1
1967-12-18T00:00:00,0.0,8.9,-6.1
1967-12-19T00:00:00,0.0,9.4,-6.7
1967-12-20T00:00:00,0.0,14.4,-4.4
1967-12-21T00:00:00,0.0,16.7,-2.8
1967-12-22T00:00:00,0.0,9.4,-8.9
1967-12-23T00:00:00,0.0,11.1,-8.3
1967-12-24T00:00:00,0.0,18.3,-0.6
1967-12-25T00:00:00,0.0,11.7,-3.3
1967-12-26T00:00:00,0.0,11.1,-6.7
1967-12-27T00:00:00,0.0,6.1,-1.7
1967-12-28T00:00:00,0.0,13.9,-5.6
1967-12-29T00:00:00,0.0,8.9,-5.0
1967-12-30T00:00:00,0.0,11.1,-4.4
1967-12-31T00:00:00,0.0,10.6,-6.1
1968-01-01T00:00:00,0.0,14.4,-6.1
1968-01-02T00:00:00,0.0,15.6,-1.1
1968-01-03T00:00:00,0.0,16.7,-1.7
1968-01-04T00:00:00,0.0,12.8,-2.8
1968-01-05T00:00:00,0.0,14.4,-6.7
1968-01-06T00:00:00,0.0,13.9,-2.2
1968-01-07T00:00:00,,-1.1,-9.4
1968-01-08T00:00:00,,3.3,-10.0
1968-01-09T00:00:00,0.0,4.4,-5.0
1968-01-10T00:00:00,0.0,10.0,-4.4
1968-01-11T00:00:00,0.0,15.6,-2.8
1968-01-12T00:00:00,0.0,4.4,-5.6
1968-01-13T00:00:00,0.0,12.2,-5.6
1968-01-14T00:00:00,0.0,18.3,-3.9
1968-01-15T00:00:00,0.0,19.4,-5.0
1968-01-16T00:00:00,0.0,15.0,-1.7
1968-01-17T00:00:00,0.0,12.8,-3.9
1968-01-18T00:00:00,0.0,11.7,-5.0
1968-01-19T00:00:00,0.0,5.6,-4.4
1968-01-20T00:00:00,0.0,6.7,-2.2
1968-01-21T00:00:00,0.0,6.1,-1.1
1968-01-22T00:00:00,0.0,8.9,2.2
1968-01-23T00:00:00,0.0,12.8,-1.1
1968-01-24T00:00:00,0.0,18.3,1.1
1968-01-25T00:00:00,0.0,18.3,1.7
1968-01-26T00:00:00,0.0,17.2,0.6
1968-01-27T00:00:00,0.0,18.3,2.8
1968-01-28T00:00:00,0.0,18.9,6.1
1968-01-29T00:00:00,0.0,18.3,5.6
1968-01-30T00:00:00,0.0,18.3,3.3
1968-01-31T00:00:00,0.0,18.9,4.4
1968-02-01T00:00:00,0.0,16.1,0.0
1968-02-02T00:00:00,0.0,16.7,-3.3
1968-02-03T00:00:00,0.0,20.6,1.1
1968-02-04T00:00:00,0.0,18.3,0.6
1968-02-05T00:00:00,0.0,21.1,-0.6
1968-02-06T00:00:00,0.0,19.4,-6.1
1968-02-07T00:00:00,0.0,17.2,-2.8
1968-02-08T00:00:00,0.0,16.1,-0.6
1968-02-09T00:00:00,0.0,15.0,-1.1
1968-02-10T00:00:00,0.0,12.8,0.6
1968-02-11T00:00:00,0.0,14.4,-1.1
1968-02-12T00:00:00,11.4,11.7,0.6
1968-02-13T00:00:00,7.6,1.7,-5.6
1968-02-14T00:00:00,0.0,0.6,-6.7
1968-02-15T00:00:00,6.9,7.2,-5.6
1968-02-16T00:00:00,0.0,15.0,-6.1
1968-02-17T00:00:00,0.0,15.6,-5.0
1968-02-18T00:00:00,0.0,16.7,-5.6
1968-02-19T00:00:00,0.0,16.7,0.6
1968-02-20T00:00:00,0.0,22.8,2.8
1968-02-21T00:00:00,0.0,16.1,-0.6
1968-02-22T00:00:00,0.0,15.6,-1.7
1968-02-23T00:00:00,0.0,16.7,-0.6
1968-02-24T00:00:00,0.0,19.4,0.6
1968-02-25T00:00:00,0.0,20.6,4.4
1968-02-26T00:00:00,0.0,22.8,5.0
1968-02-27T00:00:00,0.0,23.9,6.7
1968-02-28T00:00:00,5.6,18.3,0.0
1968-02-29T00:00:00,0.0,15.6,-1.7
1968-03-01T00:00:00,0.0,20.6,0.0
1968-03-02T00:00:00,0.0,18.3,4.4
1968-03-03T00:00:00,8.4,14.4,-2.2
1968-03-04T00:00:00,0.0,13.3,-2.8
1968-03-05T00:00:00,0.0,12.8,2.2
1968-03-06T00:00:00,0.0,14.4,3.3
1968-03-07T00:00:00,0.0,18.3,5.6
1968-03-08T00:00:00,0.0,19.4,4.4
1968-03-09T00:00:00,0.0,18.3,4.4
1968-03-10T00:00:00,0.0,15.0,3.9
1968-03-11T00:00:00,0.0,8.3,-7.2
1968-03-12T00:00:00,0.0,12.8,-7.8
1968-03-13T00:00:00,0.0,15.0,-6.1
1968-03-14T00:00:00,0.0,16.1,-3.3
1968-03-15T00:00:00,0.0,22.8,-0.6
1968-03-16T00:00:00,0.0,21.1,0.0
1968-03-17T00:00:00,0.0,20.6,-0.6
1968-03-18T00:00:00,0.0,21.1,0.6
1968-03-19T00:00:00,0.0,21.1,0.6
1968-03-20T00:00:00,16.5,10.0,-0.6
1968-03-21T00:00:00,0.0,2.2,-3.9
1968-03-22T00:00:00,0.0,7.2,-2.8
1968-03-23T00:00:00,0.0,10.6,0.6
1968-03-24T00:00:00,0.0,18.3,4.4
1968-03-25T00:00:00,0.0,23.9,5.0
1968-03-26T00:00:00,0.0,26.7,5.6
1968-03-27T00:00:00,0.0,23.3,5.0
1968-03-28T00:00:00,0.0,26.1,6.7
1968-03-29T00:00:00,0.0,25.6,8.3
1968-03-30T00:00:00,0.0,20.6,9.4
1968-03-31T00:00:00,0.0,18.9,8.3
1968-04-01T00:00:00,0.0,18.9,6.1
1968-04-02T00:00:00,0.0,18.3,5.6
1968-04-03T00:00:00,0.0,21.1,-1.7
1968-04-04T00:00:00,0.0,22.2,1.1
1968-04-05T00:00:00,0.0,26.1,2.2
1968-04-06T00:00:00,0.0,26.1,1.7
1968-04-07T00:00:00,0.0,26.7,2.8
1968-04-08T00:00:00,0.0,21.1,6.7
1968-04-09T00:00:00,0.0,19.4,3.9
1968-04-10T00:00:00,0.0,17.8,5.0
1968-04-11T00:00:00,0.0,25.6,3.3
1968-04-12T00:00:00,0.0,26.1,10.6
1968-04-13T00:00:00,0.0,28.3,5.6
1968-04-14T00:00:00,0.0,26.7,4.4
1968-04-15T00:00:00,0.0,28.3,5.0
1968-04-16T00:00:00,0.0,26.7,3.9
1968-04-17T00:00:00,0.0,27.2,5.6
1968-04-18T00:00:00,0.0,26.1,7.2
1968-04-19T00:00:00,0.0,26.1,5.0
1968-04-20T00:00:00,0.0,24.4,3.9
1968-04-21T00:00:00,0.0,21.1,2.8
1968-04-22T00:00:00,0.0,13.9,3.9
1968-04-23T00:00:00,0.0,22.2,1.7
1968-04-24T00:00:00,0.0,26.7,3.9
1968-04-25T00:00:00,0.0,28.3,8.3
1968-04-26T00:00:00,0.0,27.2,5.0
1968-04-27T00:00:00,0.0,26.7,4.4
1968-04-28T00:00:00,0.0,27.8,3.9
1968-04-29T00:00:00,0.0,28.3,7.2
1968-04-30T00:00:00,0.0,26.7,1.7
1968-05-01T00:00:00,0.0,30.0,5.6
1968-05-02T00:00:00,0.0,31.1,11.1
1968-05-03T00:00:00,0.0,26.1,11.1
1968-05-04T00:00:00,0.0,23.9,7.2
1968-05-05T00:00:00,0.0,28.9,6.1
1968-05-06T00:00:00,0.0,28.9,8.3
1968-05-07T00:00:00,0.0,30.0,7.8
1968-05-08T00:00:00,0.0,30.0,5.0
1968-05-09T00:00:00,0.0,29.4,12.8
1968-05-10T00:00:00,0.0,27.2,10.0
1968-05-11T00:00:00,0.0,23.9,8.3
1968-05-12T00:00:00,0.0,20.6,9.4
1968-05-13T00:00:00,0.0,26.7,9.4
1968-05-14T00:00:00,0.0,29.4,8.9
1968-05-15T00:00:00,0.0,27.2,12.2
1968-05-16T00:00:00,0.0,31.1,12.8
1968-05-17T00:00:00,0.0,30.0,10.0
1968-05-18T00:00:00,0.0,28.9,10.6
1968-05-19T00:00:00,0.0,26.1,8.3
1968-05-20T00:00:00,0.0,27.2,12.2
1968-05-21T00:00:00,0.0,33.9,11.1
1968-05-22T00:00:00,0.0,36.1,12.2
1968-05-23T00:00:00,0.0,32.2,9.4
1968-05-24T00:00:00,0.0,31.7,8.3
1968-05-25T00:00:00,0.0,30.6,10.6
1968-05-26T00:00:00,0.0,31.7,10.0
1968-05-27T00:00:00,0.0,31.7,11.7
1968-05-28T00:00:00,0.0,27.8,12.2
1968-05-29T00:00:00,0.0,31.7,11.7
1968-05-30T00:00:00,0.0,37.2,12.2
1968-05-31T00:00:00,0.0,36.1,16.7
1968-06-01T00:00:00,0.0,29.4,11.1
1968-06-02T00:00:00,0.0,27.8,10.0
1968-06-03T00:00:00,0.0,32.8,11.7
1968-06-04T00:00:00,0.0,33.3,12.2
1968-06-05T00:00:00,0.0,36.1,13.3
1968-06-06T00:00:00,0.0,34.4,16.7
1968-06-07T00:00:00,0.0,33.9,17.2
1968-06-08T00:00:00,0.0,32.2,16.1
1968-06-09T00:00:00,0.0,31.1,14.4
1968-06-10T00:00:00,0.0,31.7,10.0
1968-06-11T00:00:00,0.0,33.9,11.7
1968-06-12T00:00:00,0.0,36.7,13.3
1968-06-13T00:00:00,0.0,36.7,17.2
1968-06-14T00:00:00,0.0,36.1,16.7
1968-06-15T00:00:00,0.0,33.3,16.1
1968-06-16T00:00:00,0.0,36.1,14.4
1968-06-17T00:00:00,0.0,31.1,13.9
1968-06-18T00:00:00,0.0,35.0,15.0
1968-06-19T00:00:00,0.0,35.0,15.0
1968-06-20T00:00:00,0.0,35.0,14.4
1968-06-21T00:00:00,0.0,37.8,16.7
1968-06-22T00:00:00,0.0,34.4,17.2
1968-06-23T00:00:00,0.0,35.6,17.2
1968-06-24T00:00:00,0.0,37.8,16.7
1968-06-25T00:00:00,0.0,34.4,19.4
1968-06-26T00:00:00,0.0,30.0,17.8
1968-06-27T00:00:00,0.0,38.9,15.0
1968-06-28T00:00:00,0.0,41.7,20.6
1968-06-29T00:00:00,0.0,39.4,21.1
1968-06-30T00:00:00,0.0,36.7,20.0
1968-07-01T00:00:00,0.0,35.0,18.3
1968-07-02T00:00:00,35.3,30.0,13.9
1968-07-03T00:00:00,6.4,23.3,16.1
1968-07-04T00:00:00,60.2,21.1,14.4
1968-07-05T00:00:00,0.0,21.1,15.0
1968-07-06T00:00:00,72.1,22.8,14.4
1968-07-07T00:00:00,3.8,26.1,16.7
1968-07-08T00:00:00,0.0,29.4,16.7
1968-07-09T00:00:00,0.0,30.0,16.1
1968-07-10T00:00:00,0.0,30.0,16.7
1968-07-11T00:00:00,0.0,31.1,16.7
1968-07-12T00:00:00,0.0,32.2,17.8
1968-07-13T00:00:00,0.0,31.1,16.7
1968-07-14T00:00:00,0.0,32.2,18.3
1968-07-15T00:00:00,0.0,33.3,17.8
1968-07-16T00:00:00,0.0,35.0,16.7
1968-07-17T00:00:00,0.0,35.0,16.7
1968-07-18T00:00:00,0.0,32.2,16.1
1968-07-19T00:00:00,0.0,30.6,15.6
1968-07-20T00:00:00,0.0,31.7,16.1
1968-07-21T00:00:00,0.0,32.2,16.7
1968-07-22T00:00:00,0.0,33.3,16.7
1968-07-23T00:00:00,0.0,32.2,16.7
1968-07-24T00:00:00,0.0,33.3,16.7
1968-07-25T00:00:00,0.0,31.7,16.7
1968-07-26T00:00:00,0.0,31.7,15.0
1968-07-27T00:00:00,0.0,31.1,15.6
1968-07-28T00:00:00,0.0,31.7,15.0
1968-07-29T00:00:00,0.0,33.3,15.6
1968-07-30T00:00:00,0.0,35.0,17.2
1968-07-31T00:00:00,0.0,33.3,16.7
1968-08-01T00:00:00,0.0,28.9,16.7
1968-08-02T00:00:00,0.0,27.8,15.0
1968-08-03T00:00:00,0.0,29.4,15.6
1968-08-04T00:00:00,0.0,32.8,15.0
1968-08-05T00:00:00,0.0,32.2,17.2
1968-08-06T00:00:00,0.0,33.9,18.3
1968-08-07T00:00:00,19.3,31.7,17.8
1968-08-08T00:00:00,0.0,34.4,17.8
1968-08-09T00:00:00,0.0,34.4,16.1
1968-08-10T00:00:00,0.0,33.9,18.3
1968-08-11T00:00:00,8.1,31.7,16.7
1968-08-12T00:00:00,0.0,33.3,18.3
1968-08-13T00:00:00,15.5,30.0,17.2
1968-08-14T00:00:00,0.0,32.2,18.3
1968-08-15T00:00:00,0.0,33.3,15.0
1968-08-16T00:00:00,0.0,33.9,18.9
1968-08-17T00:00:00,0.0,28.9,15.0
1968-08-18T00:00:00,0.0,33.3,14.4
1968-08-19T00:00:00,0.0,32.8,15.0
1968-08-20T00:00:00,0.0,33.3,18.3
1968-08-21T00:00:00,0.0,35.0,16.1
1968-08-22T00:00:00,0.0,31.7,15.6
1968-08-23T00:00:00,13.7,31.1,16.1
1968-08-24T00:00:00,0.0,30.0,15.6
1968-08-25T00:00:00,0.0,26.7,16.7
1968-08-26T00:00:00,0.0,28.9,16.7
1968-08-27T00:00:00,0.0,32.2,16.7
1968-08-28T00:00:00,0.0,32.8,16.1
1968-08-29T00:00:00,0.0,29.4,18.3
1968-08-30T00:00:00,7.6,25.0,14.4
1968-08-31T00:00:00,0.0,29.4,18.3
1968-09-01T00:00:00,0.0,27.2,12.8
1968-09-02T00:00:00,0.0,31.7,11.7
1968-09-03T00:00:00,0.0,33.3,17.8
1968-09-04T00:00:00,0.0,25.6,14.4
1968-09-05T00:00:00,0.0,24.4,15.6
1968-09-06T00:00:00,0.0,29.4,13.3
1968-09-07T00:00:00,0.0,32.2,12.2
1968-09-08T00:00:00,0.0,33.3,12.8
1968-09-09T00:00:00,0.0,31.7,13.3
1968-09-10T00:00:00,0.0,30.0,12.2
1968-09-11T00:00:00,0.0,30.6,11.1
1968-09-12T00:00:00,0.0,28.9,11.1
1968-09-13T00:00:00,0.0,26.1,8.3
1968-09-14T00:00:00,0.0,28.3,10.6
1968-09-15T00:00:00,0.0,33.9,12.2
1968-09-16T00:00:00,0.0,31.1,16.7
1968-09-17T00:00:00,0.0,32.2,16.1
1968-09-18T00:00:00,0.0,33.3,16.7
1968-09-19T00:00:00,0.0,34.4,15.0
1968-09-20T00:00:00,0.0,33.3,14.4
1968-09-21T00:00:00,0.0,32.2,15.0
1968-09-22T00:00:00,0.0,32.8,11.7
1968-09-23T00:00:00,0.0,32.2,12.2
1968-09-24T00:00:00,0.0,29.4,10.6
1968-09-25T00:00:00,0.0,27.8,7.2
1968-09-26T00:00:00,0.0,28.3,8.3
1968-09-27T00:00:00,0.0,28.3,8.9
1968-09-28T00:00:00,0.0,31.1,8.9
1968-09-29T00:00:00,0.0,30.6,7.2
1968-09-30T00:00:00,0.0,25.6,8.3
1968-10-01T00:00:00,0.0,32.8,10.0
1968-10-02T00:00:00,0.0,32.2,15.0
1968-10-03T00:00:00,0.0,29.4,13.3
1968-10-04T00:00:00,0.0,28.3,11.7
1968-10-05T00:00:00,0.0,27.2,8.3
1968-10-06T00:00:00,0.0,29.4,7.8
1968-10-07T00:00:00,0.0,31.7,9.4
1968-10-08T00:00:00,0.0,28.9,7.2
1968-10-09T00:00:00,0.0,26.1,3.9
1968-10-10T00:00:00,0.0,27.2,7.2
1968-10-11T00:00:00,0.0,31.7,10.6
1968-10-12T00:00:00,0.0,32.2,12.2
1968-10-13T00:00:00,0.0,33.9,13.9
1968-10-14T00:00:00,0.0,32.2,9.4
1968-10-15T00:00:00,0.0,31.7,10.0
1968-10-16T00:00:00,0.0,23.9,7.2
1968-10-17T00:00:00,0.0,23.3,-1.1
1968-10-18T00:00:00,0.0,23.9,2.8
1968-10-19T00:00:00,0.0,26.1,9.4
1968-10-20T00:00:00,0.0,27.2,8.3
1968-10-21T00:00:00,0.0,26.1,7.2
1968-10-22T00:00:00,0.0,27.8,8.3
1968-10-23T00:00:00,0.0,26.7,5.6
1968-10-24T00:00:00,0.0,22.2,2.8
1968-10-25T00:00:00,0.0,25.6,4.4
1968-10-26T00:00:00,0.0,27.2,5.6
1968-10-27T00:00:00,0.0,27.8,4.4
1968-10-28T00:00:00,0.0,27.8,1.1
1968-10-29T00:00:00,0.0,29.4,5.0
1968-10-30T00:00:00,0.0,30.6,7.2
1968-10-31T00:00:00,0.0,29.4,9.4
1968-11-01T00:00:00,0.0,23.9,10.0
1968-11-02T00:00:00,0.0,23.3,8.9
1968-11-03T00:00:00,0.0,24.4,9.4
1968-11-04T00:00:00,0.0,21.1,7.2
1968-11-05T00:00:00,0.0,21.7,6.1
1968-11-06T00:00:00,0.0,21.1,0.6
1968-11-07T00:00:00,0.0,11.1,1.7
1968-11-08T00:00:00,10.7,6.7,0.0
1968-11-09T00:00:00,0.0,10.0,2.8
1968-11-10T00:00:00,0.0,13.3,2.2
1968-11-11T00:00:00,0.0,21.1,-3.9
1968-11-12T00:00:00,0.0,21.7,-1.7
1968-11-13T00:00:00,0.0,25.6,3.3
1968-11-14T00:00:00,0.0,20.0,8.3
1968-11-15T00:00:00,0.0,19.4,7.2
1968-11-16T00:00:00,0.0,17.2,3.9
1968-11-17T00:00:00,0.0,13.9,1.7
1968-11-18T00:00:00,0.0,14.4,-6.1
1968-11-19T00:00:00,0.0,16.1,-6.7
1968-11-20T00:00:00,0.0,18.3,-3.9
1968-11-21T00:00:00,0.0,23.9,1.7
1968-11-22T00:00:00,0.0,21.1,-1.1
1968-11-23T00:00:00,0.0,21.7,-0.6
1968-11-24T00:00:00,0.0,23.9,-2.2
1968-11-25T00:00:00,0.0,22.2,7.2
1968-11-26T00:00:00,0.0,21.7,-0.6
1968-11-27T00:00:00,13.0,5.0,-2.2
1968-11-28T00:00:00,0.0,8.3,-3.3
1968-11-29T00:00:00,0.0,3.3,-2.2
1968-11-30T00:00:00,0.0,8.3,-3.3
1968-12-01T00:00:00,0.0,13.9,-1.7
1968-12-02T00:00:00,0.0,13.3,-2.8
1968-12-03T00:00:00,0.0,16.7,-1.1
1968-12-04T00:00:00,0.0,15.6,-2.8
1968-12-05T00:00:00,0.0,16.7,-4.4
1968-12-06T00:00:00,0.0,16.7,-3.9
1968-12-07T00:00:00,0.0,12.2,-7.8
1968-12-08T00:00:00,0.0,13.9,2.2
1968-12-09T00:00:00,0.0,15.0,-1.1
1968-12-10T00:00:00,0.0,18.9,0.0
1968-12-11T00:00:00,0.0,18.3,-1.1
1968-12-12T00:00:00,0.0,15.6,-6.1
1968-12-13T00:00:00,0.0,13.9,-7.8
1968-12-14T00:00:00,0.0,15.6,-3.9
1968-12-15T00:00:00,0.0,20.0,-1.1
1968-12-16T00:00:00,0.0,18.9,0.0
1968-12-17T00:00:00,0.0,15.6,-7.8
1968-12-18T00:00:00,0.0,17.8,-8.9
1968-12-19T00:00:00,0.0,15.6,-5.0
1968-12-20T00:00:00,0.0,14.4,-10.0
1968-12-21T00:00:00,0.0,13.9,-9.4
1968-12-22T00:00:00,0.0,20.6,-7.2
1968-12-23T00:00:00,0.0,15.6,-8.9
1968-12-24T00:00:00,0.0,17.2,3.3
1968-12-25T00:00:00,0.0,17.8,3.3
1968-12-26T00:00:00,0.0,12.2,1.1
1968-12-27T00:00:00,4.6,15.0,-1.1
1968-12-28T00:00:00,0.0,16.1,-0.6
1968-12-29T00:00:00,0.0,15.0,-6.1
1968-12-30T00:00:00,0.0,13.3,-4.4
1968-12-31T00:00:00,0.0,15.0,-3.9
1969-01-01T00:00:00,0.0,16.1,-1.1
1969-01-02T00:00:00,0.0,15.6,-4.4
1969-01-03T00:00:00,0.0,12.2,-0.6
1969-01-04T00:00:00,0.0,10.0,-10.0
1969-01-05T00:00:00,0.0,18.3,-2.8
1969-01-06T00:00:00,0.0,20.6,1.1
1969-01-07T00:00:00,0.0,27.2,5.6
1969-01-08T00:00:00,0.0,26.7,10.0
1969-01-09T00:00:00,0.0,16.1,-4.4
1969-01-10T00:00:00,0.0,2.8,-2.8
1969-01-11T00:00:00,0.0,12.8,-6.1
1969-01-12T00:00:00,0.0,22.2,0.0
1969-01-13T00:00:00,0.0,21.1,2.2
1969-01-14T00:00:00,0.0,22.8,5.6
1969-01-15T00:00:00,0.0,21.7,10.0
1969-01-16T00:00:00,0.0,18.3,3.3
1969-01-17T00:00:00,0.0,16.1,2.2
1969-01-18T00:00:00,0.0,16.7,-0.6
1969-01-19T00:00:00,0.0,17.8,-1.7
1969-01-20T00:00:00,0.0,21.7,4.4
1969-01-21T00:00:00,0.0,21.7,4.4
1969-01-22T00:00:00,0.0,17.8,7.8
1969-01-23T00:00:00,0.0,18.3,1.1
1969-01-24T00:00:00,0.0,12.8,-9.4
1969-01-25T00:00:00,0.0,15.6,-4.4
1969-01-26T00:00:00,0.0,16.1,1.7
1969-01-27T00:00:00,0.0,23.9,-5.6
1969-01-28T00:00:00,0.0,20.0,-10.0
1969-01-29T00:00:00,0.0,16.1,4.4
1969-01-30T00:00:00,0.0,11.1,-7.8
1969-01-31T00:00:00,0.0,18.3,-5.6
1969-02-01T00:00:00,0.0,16.7,-6.7
1969-02-02T00:00:00,0.0,16.1,-5.6
1969-02-03T00:00:00,0.0,12.8,-10.0
1969-02-04T00:00:00,0.0,7.8,-6.1
1969-02-05T00:00:00,0.0,13.9,-0.6
1969-02-06T00:00:00,0.0,20.6,3.9
1969-02-07T00:00:00,0.0,21.1,1.7
1969-02-08T00:00:00,0.0,18.3,-5.6
1969-02-09T00:00:00,0.0,23.9,-0.6
1969-02-10T00:00:00,0.0,20.6,-0.6
1969-02-11T00:00:00,0.0,17.2,-3.3
1969-02-12T00:00:00,0.0,16.7,-2.8
1969-02-13T00:00:00,6.4,17.2,-2.2
1969-02-14T00:00:00,5.3,16.7,4.4
1969-02-15T00:00:00,0.0,15.6,1.1
1969-02-16T00:00:00,0.0,20.6,0.0
1969-02-17T00:00:00,0.0,10.0,-1.1
1969-02-18T00:00:00,0.0,6.1,-2.2
1969-02-19T00:00:00,3.8,6.1,0.0
1969-02-20T00:00:00,0.0,12.8,-0.6
1969-02-21T00:00:00,0.0,12.8,0.0
1969-02-22T00:00:00,0.0,15.6,0.0
1969-02-23T00:00:00,0.0,16.1,-1.7
1969-02-24T00:00:00,0.0,20.6,-1.1
1969-02-25T00:00:00,0.0,22.2,2.8
1969-02-26T00:00:00,0.0,21.7,3.3
1969-02-27T00:00:00,0.0,17.8,-0.6
1969-02-28T00:00:00,0.0,12.8,0.6
1969-03-01T00:00:00,0.0,12.8,1.7
1969-03-02T00:00:00,0.0,10.0,-1.1
1969-03-03T00:00:00,0.0,7.2,-5.6
1969-03-04T00:00:00,0.0,6.7,-5.6
1969-03-05T00:00:00,2.0,9.4,-7.8
1969-03-06T00:00:00,0.0,10.0,-6.1
1969-03-07T00:00:00,0.0,10.6,-5.6
1969-03-08T00:00:00,0.0,9.4,-7.2
1969-03-09T00:00:00,0.0,11.1,-7.8
1969-03-10T00:00:00,0.0,10.6,-8.3
1969-03-11T00:00:00,0.0,10.0,-8.9
1969-03-12T00:00:00,0.0,13.9,-6.1
1969-03-13T00:00:00,0.0,10.0,-6.7
1969-03-14T00:00:00,0.0,10.6,-6.1
1969-03-15T00:00:00,8.1,-0.6,-4.4
1969-03-16T00:00:00,0.0,6.1,-2.2
1969-03-17T00:00:00,0.0,17.8,-6.1
1969-03-18T00:00:00,0.0,13.9,0.0
1969-03-19T00:00:00,0.0,16.1,1.7
1969-03-20T00:00:00,0.0,15.6,1.1
1969-03-21T00:00:00,0.0,14.4,-2.8
1969-03-22T00:00:00,0.0,15.0,-1.7
1969-03-23T00:00:00,0.0,16.1,-2.2
1969-03-24T00:00:00,0.0,15.6,-5.6
1969-03-25T00:00:00,0.0,17.2,-5.0
1969-03-26T00:00:00,0.0,20.6,-1.1
1969-03-27T00:00:00,0.0,21.1,0.0
1969-03-28T00:00:00,0.0,25.6,6.1
1969-03-29T00:00:00,0.0,22.8,6.7
1969-03-30T00:00:00,0.0,15.0,0.6
1969-03-31T00:00:00,0.0,23.3,6.1
1969-04-01T00:00:00,0.0,30.6,9.4
1969-04-02T00:00:00,0.0,27.8,10.6
1969-04-03T00:00:00,0.0,26.1,8.3
1969-04-04T00:00:00,0.0,26.7,5.0
1969-04-05T00:00:00,0.0,24.4,4.4
1969-04-06T00:00:00,2.0,26.7,4.4
1969-04-07T00:00:00,0.0,28.9,9.4
1969-04-08T00:00:00,0.0,28.3,10.0
1969-04-09T00:00:00,0.0,26.7,4.4
1969-04-10T00:00:00,0.0,22.2,3.9
1969-04-11T00:00:00,0.0,26.1,3.3
1969-04-12T00:00:00,0.0,26.7,4.4
1969-04-13T00:00:00,0.0,27.2,4.4
1969-04-14T00:00:00,0.0,26.7,3.9
1969-04-15T00:00:00,0.0,26.1,3.9
1969-04-16T00:00:00,0.0,27.8,5.0
1969-04-17T00:00:00,0.0,22.2,4.4
1969-04-18T00:00:00,0.0,25.6,4.4
1969-04-19T00:00:00,0.0,26.1,3.3
1969-04-20T00:00:00,0.0,26.1,3.3
1969-04-21T00:00:00,0.0,31.7,10.0
1969-04-22T00:00:00,0.0,29.4,10.0
1969-04-23T00:00:00,0.0,31.1,8.9
1969-04-24T00:00:00,0.0,32.2,10.0
1969-04-25T00:00:00,0.0,28.9,7.8
1969-04-26T00:00:00,0.0,24.4,7.2
1969-04-27T00:00:00,0.0,23.3,3.9
1969-04-28T00:00:00,0.0,23.3,4.4
1969-04-29T00:00:00,0.0,29.4,4.4
1969-04-30T00:00:00,0.0,30.6,5.0
1969-05-01T00:00:00,,29.4,7.2
1969-05-02T00:00:00,,28.9,8.3
1969-05-03T00:00:00,,27.2,7.8
1969-05-04T00:00:00,,25.0,8.3
1969-05-05T00:00:00,,26.1,7.2
1969-05-06T00:00:00,,25.6,7.2
1969-05-07T00:00:00,,21.7,6.1
1969-05-08T00:00:00,,20.6,3.9
1969-05-09T00:00:00,,27.2,2.2
1969-05-10T00:00:00,,28.9,6.7
1969-05-11T00:00:00,,27.8,7.2
1969-05-12T00:00:00,,31.7,9.4
1969-05-13T00:00:00,,29.4,5.0
1969-05-14T00:00:00,,28.9,7.2
1969-05-15T00:00:00,,27.2,7.2
1969-05-16T00:00:00,,30.6,9.4
1969-05-17T00:00:00,,25.6,10.0
1969-05-18T00:00:00,,35.0,8.9
1969-05-19T00:00:00,,36.7,12.2
1969-05-20T00:00:00,,37.2,13.9
1969-05-21T00:00:00,,36.7,15.0
1969-05-22T00:00:00,,36.1,14.4
1969-05-23T00:00:00,,35.0,13.9
1969-05-24T00:00:00,,32.2,14.4
1969-05-25T00:00:00,,32.2,14.4
1969-05-26T00:00:00,,32.8,11.7
1969-05-27T00:00:00,,32.2,14.4
1969-05-28T00:00:00,,32.8,15.0
1969-05-29T00:00:00,,33.3,14.4
1969-05-30T00:00:00,,34.4,12.8
1969-05-31T00:00:00,,37.2,14.4
1969-06-01T00:00:00,0.0,37.2,15.0
1969-06-02T00:00:00,0.0,30.6,13.3
1969-06-03T00:00:00,0.0,27.2,10.6
1969-06-04T00:00:00,0.0,29.4,10.6
1969-06-05T00:00:00,0.0,32.8,10.6
1969-06-06T00:00:00,0.0,34.4,15.0
1969-06-07T00:00:00,0.0,33.3,14.4
1969-06-08T00:00:00,0.0,32.2,15.0
1969-06-09T00:00:00,0.0,31.7,10.6
1969-06-10T00:00:00,0.0,33.9,15.0
1969-06-11T00:00:00,0.0,32.2,10.6
1969-06-12T00:00:00,0.0,32.8,11.1
1969-06-13T00:00:00,0.0,31.7,11.7
1969-06-14T00:00:00,0.0,27.2,10.6
1969-06-15T00:00:00,0.0,24.4,10.0
1969-06-16T00:00:00,0.0,28.3,14.4
1969-06-17T00:00:00,0.0,32.2,14.4
1969-06-18T00:00:00,0.0,34.4,15.0
1969-06-19T00:00:00,0.0,38.3,14.4
1969-06-20T00:00:00,0.0,39.4,17.8
1969-06-21T00:00:00,0.0,40.0,18.3
1969-06-22T00:00:00,0.0,38.3,16.7
1969-06-23T00:00:00,0.0,36.7,15.6
1969-06-24T00:00:00,0.0,35.0,19.4
1969-06-25T00:00:00,0.0,35.6,21.1
1969-06-26T00:00:00,0.0,35.6,22.2
1969-06-27T00:00:00,0.0,38.9,16.1
1969-06-28T00:00:00,0.0,38.3,17.8
1969-06-29T00:00:00,0.0,35.0,17.2
1969-06-30T00:00:00,0.0,38.9,17.2
1969-07-01T00:00:00,,35.0,17.8
1969-07-02T00:00:00,,37.2,16.1
1969-07-03T00:00:00,,36.7,16.1
1969-07-04T00:00:00,,38.9,18.3
1969-07-05T00:00:00,,34.4,17.8
1969-07-06T00:00:00,,31.1,16.7
1969-07-07T00:00:00,,35.0,19.4
1969-07-08T00:00:00,,32.8,18.3
1969-07-09T00:00:00,,31.7,17.2
1969-07-10T00:00:00,,32.2,17.8
1969-07-11T00:00:00,,33.3,16.7
1969-07-12T00:00:00,,35.0,18.3
1969-07-13T00:00:00,,36.7,19.4
1969-07-14T00:00:00,,35.6,20.6
1969-07-15T00:00:00,,37.2,21.1
1969-07-16T00:00:00,,36.1,19.4
1969-07-17T00:00:00,,35.0,19.4
1969-07-18T00:00:00,,33.9,18.3
1969-07-19T00:00:00,,32.2,21.1
1969-07-20T00:00:00,,33.3,19.4
1969-07-21T00:00:00,,34.4,19.4
1969-07-22T00:00:00,,35.0,20.0
1969-07-23T00:00:00,,36.1,18.9
1969-07-24T00:00:00,,37.8,20.6
1969-07-25T00:00:00,,37.8,22.8
1969-07-26T00:00:00,,38.3,20.6
1969-07-27T00:00:00,,33.3,22.2
1969-07-28T00:00:00,,35.6,18.3
1969-07-29T00:00:00,,35.6,18.3
1969-07-30T00:00:00,,37.8,21.7
1969-07-31T00:00:00,,37.8,21.1
1969-08-01T00:00:00,0.0,36.7,20.0
1969-08-02T00:00:00,0.0,38.3,21.7
1969-08-03T00:00:00,0.0,33.9,20.0
1969-08-04T00:00:00,0.0,37.2,21.1
1969-08-05T00:00:00,0.0,36.7,20.0
1969-08-06T00:00:00,0.0,36.7,18.9
1969-08-07T00:00:00,0.0,35.0,17.8
1969-08-08T00:00:00,0.0,36.1,18.3
1969-08-09T00:00:00,0.0,37.2,18.9
1969-08-10T00:00:00,0.0,36.7,18.3
1969-08-11T00:00:00,0.0,36.7,16.7
1969-08-12T00:00:00,0.0,37.2,20.0
1969-08-13T00:00:00,0.0,37.8,19.4
1969-08-14T00:00:00,0.0,35.6,18.9
1969-08-15T00:00:00,0.0,37.8,18.9
1969-08-16T00:00:00,0.0,39.4,17.2
1969-08-17T00:00:00,0.0,39.4,21.7
1969-08-18T00:00:00,0.0,36.1,20.0
1969-08-19T00:00:00,0.0,37.8,20.6
1969-08-20T00:00:00,0.0,39.4,17.2
1969-08-21T00:00:00,0.0,37.8,19.4
1969-08-22T00:00:00,0.0,36.7,20.0
1969-08-23T00:00:00,0.0,36.1,18.3
1969-08-24T00:00:00,0.0,35.6,18.3
1969-08-25T00:00:00,0.0,36.7,18.9
1969-08-26T00:00:00,0.0,31.7,17.2
1969-08-27T00:00:00,0.0,31.1,17.8
1969-08-28T00:00:00,0.0,30.6,16.1
1969-08-29T00:00:00,0.0,29.4,17.2
1969-08-30T00:00:00,0.0,25.6,18.9
1969-08-31T00:00:00,0.0,23.9,16.1
1969-09-01T00:00:00,3.8,22.2,17.2
1969-09-02T00:00:00,0.0,26.1,16.7
1969-09-03T00:00:00,0.0,29.4,13.9
1969-09-04T00:00:00,0.0,32.8,14.4
1969-09-05T00:00:00,0.0,33.3,16.1
1969-09-06T00:00:00,0.0,32.2,17.2
1969-09-07T00:00:00,0.0,30.6,18.3
1969-09-08T00:00:00,0.0,30.0,16.7
1969-09-09T00:00:00,0.0,29.4,17.2
1969-09-10T00:00:00,0.0,27.8,14.4
1969-09-11T00:00:00,0.0,26.1,15.0
1969-09-12T00:00:00,7.6,26.7,15.0
1969-09-13T00:00:00,0.0,23.9,16.1
1969-09-14T00:00:00,0.0,29.4,14.4
1969-09-15T00:00:00,0.0,32.2,16.7
1969-09-16T00:00:00,0.0,32.2,16.1
1969-09-17T00:00:00,0.0,31.7,15.0
1969-09-18T00:00:00,76.2,27.2,16.1
1969-09-19T00:00:00,0.0,28.9,16.7
1969-09-20T00:00:00,31.8,29.4,18.3
1969-09-21T00:00:00,0.0,28.9,13.9
1969-09-22T00:00:00,0.0,28.9,14.4
1969-09-23T00:00:00,0.0,30.6,13.9
1969-09-24T00:00:00,0.0,29.4,12.8
1969-09-25T00:00:00,0.0,31.7,13.9
1969-09-26T00:00:00,0.0,32.2,14.4
1969-09-27T00:00:00,0.0,30.6,12.8
1969-09-28T00:00:00,0.0,26.7,11.7
1969-09-29T00:00:00,0.0,29.4,12.8
1969-09-30T00:00:00,0.0,27.8,11.1
1969-10-01T00:00:00,0.0,32.2,14.4
1969-10-02T00:00:00,0.0,31.7,12.8
1969-10-03T00:00:00,0.0,31.7,13.9
1969-10-04T00:00:00,0.0,30.0,15.0
1969-10-05T00:00:00,0.0,26.7,11.7
1969-10-06T00:00:00,0.0,25.6,11.1
1969-10-07T00:00:00,0.0,22.2,10.6
1969-10-08T00:00:00,0.0,27.2,10.0
1969-10-09T00:00:00,0.0,26.7,8.9
1969-10-10T00:00:00,0.0,29.4,15.6
1969-10-11T00:00:00,0.0,26.7,9.4
1969-10-12T00:00:00,0.0,23.9,3.3
1969-10-13T00:00:00,0.0,16.1,-1.7
1969-10-14T00:00:00,0.0,16.7,0.6
1969-10-15T00:00:00,0.0,20.6,4.4
1969-10-16T00:00:00,0.0,17.2,3.9
1969-10-17T00:00:00,0.0,15.6,7.2
1969-10-18T00:00:00,0.0,15.0,5.0
1969-10-19T00:00:00,0.0,15.6,3.9
1969-10-20T00:00:00,0.0,16.1,5.0
1969-10-21T00:00:00,43.9,12.8,8.3
1969-10-22T00:00:00,10.7,12.2,7.8
1969-10-23T00:00:00,0.8,11.1,6.1
1969-10-24T00:00:00,0.0,12.8,4.4
1969-10-25T00:00:00,0.0,12.2,3.9
1969-10-26T00:00:00,,15.0,3.3
1969-10-27T00:00:00,,9.4,3.9
1969-10-28T00:00:00,,6.7,3.9
1969-10-29T00:00:00,0.0,15.0,3.3
1969-10-30T00:00:00,0.0,14.4,0.6
1969-10-31T00:00:00,0.0,14.4,0.0
1969-11-01T00:00:00,0.0,15.6,0.6
1969-11-02T00:00:00,0.0,16.7,1.1
1969-11-03T00:00:00,0.0,16.1,-0.6
1969-11-04T00:00:00,0.0,17.2,0.6
1969-11-05T00:00:00,0.0,23.9,3.9
1969-11-06T00:00:00,0.0,23.3,7.2
1969-11-07T00:00:00,0.0,23.9,4.4
1969-11-08T00:00:00,0.0,23.3,4.4
1969-11-09T00:00:00,0.0,21.1,6.1
1969-11-10T00:00:00,0.0,22.8,6.7
1969-11-11T00:00:00,0.0,23.9,5.0
1969-11-12T00:00:00,0.0,23.3,5.6
1969-11-13T00:00:00,0.0,22.8,4.4
1969-11-14T00:00:00,0.0,18.3,-0.6
1969-11-15T00:00:00,0.0,20.0,-2.2
1969-11-16T00:00:00,0.0,20.6,-0.6
1969-11-17T00:00:00,0.0,15.6,-0.6
1969-11-18T00:00:00,0.0,10.0,-2.2
1969-11-19T00:00:00,0.0,11.1,-5.6
1969-11-20T00:00:00,0.0,17.8,-3.3
1969-11-21T00:00:00,0.0,17.2,-2.2
1969-11-22T00:00:00,0.0,20.0,7.2
1969-11-23T00:00:00,0.0,15.6,2.2
1969-11-24T00:00:00,0.0,14.4,-1.1
1969-11-25T00:00:00,0.0,15.0,-1.1
1969-11-26T00:00:00,0.0,17.8,-2.2
1969-11-27T00:00:00,0.0,17.2,-0.6
1969-11-28T00:00:00,0.0,14.4,-2.2
1969-11-29T00:00:00,0.0,7.8,-1.1
1969-11-30T00:00:00,0.0,10.6,-2.2
1969-12-01T00:00:00,0.0,16.1,0.0
1969-12-02T00:00:00,0.0,17.8,1.1
1969-12-03T00:00:00,0.0,15.0,0.0
1969-12-04T00:00:00,0.0,15.6,1.1
1969-12-05T00:00:00,2.8,14.4,0.6
1969-12-06T00:00:00,0.0,13.3,-4.4
1969-12-07T00:00:00,0.0,12.8,-4.4
1969-12-08T00:00:00,0.0,11.7,-5.0
1969-12-09T00:00:00,0.0,13.3,1.1
1969-12-10T00:00:00,0.0,15.6,-1.1
1969-12-11T00:00:00,0.0,18.3,-0.6
1969-12-12T00:00:00,0.0,20.6,2.2
1969-12-13T00:00:00,0.0,23.9,3.9
1969-12-14T00:00:00,0.0,18.3,1.7
1969-12-15T00:00:00,0.0,,3.9
1969-12-16T00:00:00,0.0,,-1.1
1969-12-17T00:00:00,0.0,,1.1
1969-12-18T00:00:00,0.0,,-1.1
1969-12-19T00:00:00,0.0,12.2,-2.8
1969-12-20T00:00:00,0.0,22.2,-1.1
1969-12-21T00:00:00,0.0,18.3,1.1
1969-12-22T00:00:00,0.0,21.1,-1.1
1969-12-23T00:00:00,0.0,18.9,-1.1
1969-12-24T00:00:00,0.0,24.4,8.9
1969-12-25T00:00:00,0.0,20.6,-1.1
1969-12-26T00:00:00,0.0,21.1,2.8
1969-12-27T00:00:00,0.0,20.6,1.7
1969-12-28T00:00:00,0.0,10.0,-1.1
1969-12-29T00:00:00,10.9,1.7,-7.2
1969-12-30T00:00:00,0.0,-0.6,-15.0
1969-12-31T00:00:00,0.0,1.1,-12.8
1970-01-01T00:00:00,0.0,-0.6,-7.8
1970-01-02T00:00:00,0.0,0.0,-10.6
1970-01-03T00:00:00,0.0,4.4,-10.6
1970-01-04T00:00:00,0.0,4.4,-7.8
1970-01-05T00:00:00,0.0,4.4,-8.9
1970-01-06T00:00:00,0.0,-4.4,-15.6
1970-01-07T00:00:00,0.0,0.0,-16.1
1970-01-08T00:00:00,0.0,1.1,-7.2
1970-01-09T00:00:00,0.0,0.0,-10.6
1970-01-10T00:00:00,0.0,17.8,-3.9
1970-01-11T00:00:00,0.0,15.0,0.6
1970-01-12T00:00:00,0.0,14.4,0.0
1970-01-13T00:00:00,0.0,11.1,-1.7
1970-01-14T00:00:00,0.0,12.8,-1.1
1970-01-15T00:00:00,0.0,12.2,-1.1
1970-01-16T00:00:00,0.0,16.1,1.1
1970-01-17T00:00:00,0.0,16.7,-1.1
1970-01-18T00:00:00,0.0,10.0,-2.2
1970-01-19T00:00:00,0.0,18.3,-5.6
1970-01-20T00:00:00,0.0,19.4,1.7
1970-01-21T00:00:00,0.0,12.8,-6.7
1970-01-22T00:00:00,0.0,21.7,3.9
1970-01-23T00:00:00,0.0,21.1,4.4
1970-01-24T00:00:00,0.0,22.2,5.0
1970-01-25T00:00:00,0.0,26.7,6.1
1970-01-26T00:00:00,0.0,22.8,2.8
1970-01-27T00:00:00,0.0,21.7,5.0
1970-01-28T00:00:00,0.0,20.6,11.1
1970-01-29T00:00:00,0.0,17.2,-5.6
1970-01-30T00:00:00,0.0,16.1,-7.8
1970-01-31T00:00:00,0.0,15.6,-5.0
1970-02-01T00:00:00,0.0,7.2,-5.6
1970-02-02T00:00:00,0.0,9.4,-1.7
1970-02-03T00:00:00,0.0,12.8,-4.4
1970-02-04T00:00:00,0.0,15.6,-1.7
1970-02-05T00:00:00,0.0,19.4,-4.4
1970-02-06T00:00:00,0.0,18.3,-3.9
1970-02-07T00:00:00,0.0,20.0,-3.3
1970-02-08T00:00:00,0.0,17.2,-1.7
1970-02-09T00:00:00,0.0,18.3,-2.8
1970-02-10T00:00:00,0.0,21.1,1.7
1970-02-11T00:00:00,0.0,18.3,0.6
1970-02-12T00:00:00,0.0,21.1,1.1
1970-02-13T00:00:00,0.0,20.6,-0.6
1970-02-14T00:00:00,0.0,23.9,3.3
1970-02-15T00:00:00,0.0,22.8,0.0
1970-02-16T00:00:00,0.0,23.3,-1.1
1970-02-17T00:00:00,0.0,25.6,1.7
1970-02-18T00:00:00,0.0,23.9,1.1
1970-02-19T00:00:00,0.0,18.3,-1.7
1970-02-20T00:00:00,0.0,16.1,0.0
1970-02-21T00:00:00,9.1,15.6,0.6
1970-02-22T00:00:00,0.0,15.0,-1.7
1970-02-23T00:00:00,0.0,12.8,1.7
1970-02-24T00:00:00,0.0,17.8,4.4
1970-02-25T00:00:00,0.0,12.8,1.1
1970-02-26T00:00:00,0.0,19.4,-1.1
1970-02-27T00:00:00,0.0,19.4,4.4
1970-02-28T00:00:00,0.0,22.8,4.4
1970-03-01T00:00:00,0.0,21.1,6.1
1970-03-02T00:00:00,0.0,18.3,5.6
1970-03-03T00:00:00,0.0,18.3,4.4
1970-03-04T00:00:00,0.0,18.3,1.1
1970-03-05T00:00:00,0.0,18.3,1.1
1970-03-06T00:00:00,6.9,15.6,1.7
1970-03-07T00:00:00,0.0,17.2,3.9
1970-03-08T00:00:00,0.0,21.1,4.4
1970-03-09T00:00:00,0.0,20.6,-0.6
1970-03-10T00:00:00,0.0,10.0,-0.6
1970-03-11T00:00:00,4.1,4.4,-3.3
1970-03-12T00:00:00,0.0,2.8,-6.7
1970-03-13T00:00:00,0.0,17.2,-4.4
1970-03-14T00:00:00,0.0,20.6,0.0
1970-03-15T00:00:00,0.0,25.0,0.0
1970-03-16T00:00:00,0.0,18.9,0.0
1970-03-17T00:00:00,0.0,21.1,-5.0
1970-03-18T00:00:00,0.0,20.6,-1.1
1970-03-19T00:00:00,0.0,15.6,-0.6
1970-03-20T00:00:00,0.0,10.6,-1.7
1970-03-21T00:00:00,0.0,15.0,0.0
1970-03-22T00:00:00,0.0,16.1,-2.8
1970-03-23T00:00:00,0.0,17.8,-5.0
1970-03-24T00:00:00,0.0,20.6,0.0
1970-03-25T00:00:00,0.0,21.1,1.1
1970-03-26T00:00:00,0.0,15.6,-1.1
1970-03-27T00:00:00,0.0,22.2,-4.4
1970-03-28T00:00:00,0.0,15.6,-3.3
1970-03-29T00:00:00,0.0,20.0,-3.3
1970-03-30T00:00:00,0.0,24.4,0.6
1970-03-31T00:00:00,0.0,23.9,1.1
1970-04-01T00:00:00,0.0,17.8,2.2
1970-04-02T00:00:00,0.0,20.0,-5.0
1970-04-03T00:00:00,0.0,21.7,1.1
1970-04-04T00:00:00,0.0,17.8,1.1
1970-04-05T00:00:00,0.0,22.2,-2.8
1970-04-06T00:00:00,0.0,25.0,5.6
1970-04-07T00:00:00,0.0,25.0,2.8
1970-04-08T00:00:00,0.0,26.1,4.4
1970-04-09T00:00:00,0.0,19.4,5.6
1970-04-10T00:00:00,0.0,24.4,4.4
1970-04-11T00:00:00,0.0,28.9,5.6
1970-04-12T00:00:00,0.0,26.7,5.6
1970-04-13T00:00:00,0.0,23.3,1.1
1970-04-14T00:00:00,0.0,27.8,1.7
1970-04-15T00:00:00,0.0,24.4,3.9
1970-04-16T00:00:00,0.0,24.4,5.6
1970-04-17T00:00:00,0.0,27.2,5.0
1970-04-18T00:00:00,0.0,26.7,5.6
1970-04-19T00:00:00,0.0,26.1,5.0
1970-04-20T00:00:00,0.0,26.1,7.8
1970-04-21T00:00:00,0.0,26.7,4.4
1970-04-22T00:00:00,0.0,27.8,3.3
1970-04-23T00:00:00,0.0,27.8,8.3
1970-04-24T00:00:00,0.0,27.2,5.6
1970-04-25T00:00:00,0.0,28.3,6.1
1970-04-26T00:00:00,0.0,28.9,5.0
1970-04-27T00:00:00,0.0,29.4,5.6
1970-04-28T00:00:00,0.0,27.8,11.7
1970-04-29T00:00:00,0.0,23.9,0.0
1970-04-30T00:00:00,0.0,24.4,-1.1
1970-05-01T00:00:00,0.0,23.9,-1.1
1970-05-02T00:00:00,0.0,17.2,5.0
1970-05-03T00:00:00,0.0,22.8,3.3
1970-05-04T00:00:00,0.0,26.1,3.9
1970-05-05T00:00:00,0.0,28.3,4.4
1970-05-06T00:00:00,0.0,31.1,5.0
1970-05-07T00:00:00,0.0,31.1,5.0
1970-05-08T00:00:00,0.0,28.9,5.6
1970-05-09T00:00:00,0.0,29.4,10.0
1970-05-10T00:00:00,0.0,31.1,11.1
1970-05-11T00:00:00,0.0,33.3,10.0
1970-05-12T00:00:00,0.0,33.3,13.9
1970-05-13T00:00:00,0.0,33.3,11.1
1970-05-14T00:00:00,0.0,33.9,10.0
1970-05-15T00:00:00,0.0,28.9,10.6
1970-05-16T00:00:00,0.0,33.3,10.0
1970-05-17T00:00:00,0.0,32.8,10.6
1970-05-18T00:00:00,0.0,35.0,11.1
1970-05-19T00:00:00,0.0,33.9,8.9
1970-05-20T00:00:00,0.0,33.3,10.0
1970-05-21T00:00:00,0.0,29.4,13.3
1970-05-22T00:00:00,0.0,30.6,10.0
1970-05-23T00:00:00,0.0,30.0,9.4
1970-05-24T00:00:00,0.0,31.7,8.9
1970-05-25T00:00:00,0.0,31.1,8.3
1970-05-26T00:00:00,0.0,29.4,10.6
1970-05-27T00:00:00,0.0,28.9,12.2
1970-05-28T00:00:00,0.0,32.2,13.9
1970-05-29T00:00:00,0.0,35.0,14.4
1970-05-30T00:00:00,0.0,31.7,12.2
1970-05-31T00:00:00,0.0,32.2,10.0
1970-06-01T00:00:00,0.0,32.2,10.0
1970-06-02T00:00:00,0.0,31.7,9.4
1970-06-03T00:00:00,0.0,28.3,5.6
1970-06-04T00:00:00,0.0,25.0,10.6
1970-06-05T00:00:00,0.0,26.7,8.9
1970-06-06T00:00:00,0.0,27.2,10.0
1970-06-07T00:00:00,0.0,30.6,10.6
1970-06-08T00:00:00,7.1,31.1,9.4
1970-06-09T00:00:00,0.0,31.1,11.7
1970-06-10T00:00:00,0.0,30.0,12.2
1970-06-11T00:00:00,0.0,32.8,16.1
1970-06-12T00:00:00,0.0,35.6,11.1
1970-06-13T00:00:00,0.0,36.7,12.2
1970-06-14T00:00:00,0.0,37.8,16.1
1970-06-15T00:00:00,0.0,37.2,17.2
1970-06-16T00:00:00,0.0,40.0,16.7
1970-06-17T00:00:00,0.0,37.8,17.2
1970-06-18T00:00:00,0.0,37.2,16.7
1970-06-19T00:00:00,0.0,37.8,15.6
1970-06-20T00:00:00,0.0,37.2,15.6
1970-06-21T00:00:00,23.1,26.1,16.1
1970-06-22T00:00:00,0.0,31.7,14.4
1970-06-23T00:00:00,5.1,33.3,15.0
1970-06-24T00:00:00,0.0,37.2,17.2
1970-06-25T00:00:00,4.6,36.7,17.8
1970-06-26T00:00:00,0.0,33.3,17.2
1970-06-27T00:00:00,0.0,30.0,18.9
1970-06-28T00:00:00,0.0,31.7,19.4
1970-06-29T00:00:00,4.6,31.1,18.3
1970-06-30T00:00:00,0.0,25.6,18.9
1970-07-01T00:00:00,0.0,30.0,17.8
1970-07-02T00:00:00,0.0,32.8,15.6
1970-07-03T00:00:00,0.0,32.2,13.9
1970-07-04T00:00:00,0.0,33.3,14.4
1970-07-05T00:00:00,0.0,35.0,16.7
1970-07-06T00:00:00,0.0,36.1,17.8
1970-07-07T00:00:00,0.0,37.8,18.3
1970-07-08T00:00:00,0.0,35.6,12.2
1970-07-09T00:00:00,0.0,35.6,15.0
1970-07-10T00:00:00,0.0,37.8,18.3
1970-07-11T00:00:00,0.0,38.9,19.4
1970-07-12T00:00:00,0.0,37.8,21.7
1970-07-13T00:00:00,0.0,35.0,18.9
1970-07-14T00:00:00,0.0,35.6,18.9
1970-07-15T00:00:00,0.0,34.4,17.8
1970-07-16T00:00:00,0.0,33.3,15.6
1970-07-17T00:00:00,0.0,33.3,15.6
1970-07-18T00:00:00,0.0,35.6,16.7
1970-07-19T00:00:00,0.0,33.3,16.7
1970-07-20T00:00:00,0.0,31.7,15.6
1970-07-21T00:00:00,0.0,30.0,15.6
1970-07-22T00:00:00,0.0,33.3,16.7
1970-07-23T00:00:00,0.0,32.8,16.7
1970-07-24T00:00:00,12.2,32.2,15.6
1970-07-25T00:00:00,0.0,32.8,15.6
1970-07-26T00:00:00,0.0,31.7,15.6
1970-07-27T00:00:00,0.0,31.7,16.1
1970-07-28T00:00:00,0.0,32.8,16.1
1970-07-29T00:00:00,8.9,30.6,18.3
1970-07-30T00:00:00,0.0,32.2,18.9
1970-07-31T00:00:00,0.0,32.8,19.4
1970-08-01T00:00:00,0.0,33.3,19.4
1970-08-02T00:00:00,0.0,32.2,18.9
1970-08-03T00:00:00,0.0,31.7,18.3
1970-08-04T00:00:00,0.0,31.7,19.4
1970-08-05T00:00:00,0.0,28.3,18.9
1970-08-06T00:00:00,0.0,30.6,18.3
1970-08-07T00:00:00,0.0,32.2,17.2
1970-08-08T00:00:00,0.0,31.7,16.1
1970-08-09T00:00:00,0.0,32.8,18.3
1970-08-10T00:00:00,10.2,30.0,16.7
1970-08-11T00:00:00,0.0,28.3,16.7
1970-08-12T00:00:00,0.0,31.7,16.7
1970-08-13T00:00:00,0.0,32.2,17.2
1970-08-14T00:00:00,0.0,32.2,16.7
1970-08-15T00:00:00,0.0,32.8,18.3
1970-08-16T00:00:00,0.0,33.3,16.7
1970-08-17T00:00:00,0.0,32.2,19.4
1970-08-18T00:00:00,0.0,31.7,18.9
1970-08-19T00:00:00,0.0,31.7,12.8
1970-08-20T00:00:00,0.0,30.6,17.2
1970-08-21T00:00:00,0.0,32.2,16.1
1970-08-22T00:00:00,0.0,32.8,16.7
1970-08-23T00:00:00,0.0,31.7,17.2
1970-08-24T00:00:00,0.0,30.6,18.3
1970-08-25T00:00:00,0.0,28.3,19.4
1970-08-26T00:00:00,0.0,31.7,18.9
1970-08-27T00:00:00,0.0,32.2,18.3
1970-08-28T00:00:00,0.0,32.8,16.7
1970-08-29T00:00:00,0.0,32.2,16.1
1970-08-30T00:00:00,0.0,31.7,16.1
1970-08-31T00:00:00,0.0,33.3,18.3
1970-09-01T00:00:00,0.0,29.4,12.8
1970-09-02T00:00:00,0.0,31.7,13.9
1970-09-03T00:00:00,0.0,33.3,18.9
1970-09-04T00:00:00,0.0,34.4,16.7
1970-09-05T00:00:00,0.0,33.3,18.3
1970-09-06T00:00:00,0.0,33.9,18.3
1970-09-07T00:00:00,0.0,33.3,17.8
1970-09-08T00:00:00,0.0,35.0,18.3
1970-09-09T00:00:00,0.0,35.0,17.2
1970-09-10T00:00:00,22.9,32.2,11.1
1970-09-11T00:00:00,0.0,28.3,12.2
1970-09-12T00:00:00,0.0,29.4,13.9
1970-09-13T00:00:00,0.0,30.6,15.0
1970-09-14T00:00:00,0.0,31.1,13.3
1970-09-15T00:00:00,0.0,28.9,12.2
1970-09-16T00:00:00,30.2,29.4,12.8
1970-09-17T00:00:00,0.0,30.6,12.2
1970-09-18T00:00:00,0.0,29.4,12.8
1970-09-19T00:00:00,0.0,31.1,12.8
1970-09-20T00:00:00,0.0,29.4,15.6
1970-09-21T00:00:00,0.0,27.2,15.0
1970-09-22T00:00:00,0.0,23.3,4.4
1970-09-23T00:00:00,0.0,28.3,10.0
1970-09-24T00:00:00,0.0,29.4,11.1
1970-09-25T00:00:00,0.0,26.7,10.6
1970-09-26T00:00:00,0.0,26.1,10.0
1970-09-27T00:00:00,0.0,25.6,9.4
1970-09-28T00:00:00,0.0,22.2,8.3
1970-09-29T00:00:00,7.6,23.9,6.1
1970-09-30T00:00:00,0.0,22.8,5.6
1970-10-01T00:00:00,,,
1970-10-02T00:00:00,,,
1970-10-03T00:00:00,,,
1970-10-04T00:00:00,,,
1970-10-05T00:00:00,,,
1970-10-06T00:00:00,,,
1970-10-07T00:00:00,,,
1970-10-08T00:00:00,,,
1970-10-09T00:00:00,,,
1970-10-10T00:00:00,,,
1970-10-11T00:00:00,,,
1970-10-12T00:00:00,,,
1970-10-13T00:00:00,,,
1970-10-14T00:00:00,,,
1970-10-15T00:00:00,,,
1970-10-16T00:00:00,,,
1970-10-17T00:00:00,,,
1970-10-18T00:00:00,,,
1970-10-19T00:00:00,,,
1970-10-20T00:00:00,,,
1970-10-21T00:00:00,,,
1970-10-22T00:00:00,,,
1970-10-23T00:00:00,,,
1970-10-24T00:00:00,,,
1970-10-25T00:00:00,,,
1970-10-26T00:00:00,,,
1970-10-27T00:00:00,,,
1970-10-28T00:00:00,,,
1970-10-29T00:00:00,,,
1970-10-30T00:00:00,,,
1970-10-31T00:00:00,,,
1970-11-01T00:00:00,0.0,15.6,-0.6
1970-11-02T00:00:00,0.0,12.8,1.1
1970-11-03T00:00:00,0.0,11.1,-3.3
1970-11-04T00:00:00,0.0,11.7,-5.0
1970-11-05T00:00:00,0.0,19.4,-2.2
1970-11-06T00:00:00,0.0,26.1,7.8
1970-11-07T00:00:00,0.0,20.0,9.4
1970-11-08T00:00:00,0.0,21.1,4.4
1970-11-09T00:00:00,0.0,17.8,3.9
1970-11-10T00:00:00,0.0,20.6,2.2
1970-11-11T00:00:00,0.0,19.4,3.3
1970-11-12T00:00:00,0.0,18.3,4.4
1970-11-13T00:00:00,0.0,12.8,5.0
1970-11-14T00:00:00,0.0,15.0,3.9
1970-11-15T00:00:00,0.0,15.6,-5.6
1970-11-16T00:00:00,0.0,16.7,0.0
1970-11-17T00:00:00,0.0,22.2,0.6
1970-11-18T00:00:00,0.0,22.8,-0.6
1970-11-19T00:00:00,0.0,22.2,0.6
1970-11-20T00:00:00,0.0,22.8,-1.7
1970-11-21T00:00:00,0.0,25.0,5.0
1970-11-22T00:00:00,0.0,18.9,-1.1
1970-11-23T00:00:00,0.0,15.6,-7.8
1970-11-24T00:00:00,0.0,18.3,-8.3
1970-11-25T00:00:00,0.0,25.0,4.4
1970-11-26T00:00:00,0.0,23.9,5.0
1970-11-27T00:00:00,0.0,24.4,8.3
1970-11-28T00:00:00,0.0,23.9,3.3
1970-11-29T00:00:00,0.0,23.3,3.9
1970-11-30T00:00:00,0.0,23.3,4.4
1970-12-01T00:00:00,0.0,23.9,1.7
1970-12-02T00:00:00,0.0,23.3,0.0
1970-12-03T00:00:00,0.0,20.6,-3.9
1970-12-04T00:00:00,0.0,21.7,1.7
1970-12-05T00:00:00,0.0,23.3,3.9
1970-12-06T00:00:00,0.0,22.2,5.0
1970-12-07T00:00:00,0.0,21.1,4.4
1970-12-08T00:00:00,0.0,26.7,8.9
1970-12-09T00:00:00,0.0,23.9,7.2
1970-12-10T00:00:00,0.0,21.1,4.4
1970-12-11T00:00:00,0.0,20.6,-1.7
1970-12-12T00:00:00,0.0,18.3,-0.6
1970-12-13T00:00:00,0.0,16.1,-1.1
1970-12-14T00:00:00,0.0,15.0,-3.3
1970-12-15T00:00:00,0.0,14.4,-6.7
1970-12-16T00:00:00,0.0,17.2,-6.7
1970-12-17T00:00:00,0.0,21.1,1.7
1970-12-18T00:00:00,0.0,18.3,4.4
1970-12-19T00:00:00,0.0,18.3,-0.6
1970-12-20T00:00:00,0.0,18.9,-1.1
1970-12-21T00:00:00,0.0,19.4,-1.7
1970-12-22T00:00:00,0.0,20.0,-2.2
1970-12-23T00:00:00,0.0,12.8,-6.7
1970-12-24T00:00:00,0.0,18.9,-7.8
1970-12-25T00:00:00,0.0,11.1,-2.8
1970-12-26T00:00:00,0.0,14.4,-1.1
1970-12-27T00:00:00,0.0,15.6,2.2
1970-12-28T00:00:00,0.0,18.3,-1.1
1970-12-29T00:00:00,0.0,20.6,-1.7
1970-12-30T00:00:00,0.0,17.8,-2.8
1970-12-31T00:00:00,0.0,20.6,-3.9
1971-01-01T00:00:00,0.0,18.3,-4.4
1971-01-02T00:00:00,0.0,15.6,-3.9
1971-01-03T00:00:00,0.0,5.6,-13.9
1971-01-04T00:00:00,0.0,-0.6,-11.1
1971-01-05T00:00:00,0.0,-1.1,-25.0
1971-01-06T00:00:00,0.0,-1.1,-8.3
1971-01-07T00:00:00,0.0,-0.6,-6.7
1971-01-08T00:00:00,0.0,10.0,-4.4
1971-01-09T00:00:00,0.0,9.4,-1.7
1971-01-10T00:00:00,0.0,10.6,-6.1
1971-01-11T00:00:00,0.0,11.1,-1.7
1971-01-12T00:00:00,0.0,10.0,-0.6
1971-01-13T00:00:00,0.0,15.0,-0.6
1971-01-14T00:00:00,0.0,10.6,-0.6
1971-01-15T00:00:00,0.0,10.0,-1.1
1971-01-16T00:00:00,0.0,8.3,2.8
1971-01-17T00:00:00,0.0,9.4,-1.1
1971-01-18T00:00:00,0.0,10.6,-0.6
1971-01-19T00:00:00,0.0,11.7,-0.6
1971-01-20T00:00:00,0.0,23.3,0.6
1971-01-21T00:00:00,0.0,15.0,1.7
1971-01-22T00:00:00,0.0,16.1,-0.6
1971-01-23T00:00:00,0.0,15.6,2.2
1971-01-24T00:00:00,0.0,16.1,3.3
1971-01-25T00:00:00,0.0,19.4,-4.4
1971-01-26T00:00:00,0.0,17.2,-3.3
1971-01-27T00:00:00,0.0,19.4,-4.4
1971-01-28T00:00:00,0.0,21.7,-0.6
1971-01-29T00:00:00,0.0,17.2,-3.9
1971-01-30T00:00:00,0.0,21.7,-1.1
1971-01-31T00:00:00,0.0,16.7,-0.6
1971-02-01T00:00:00,0.0,8.3,-4.4
1971-02-02T00:00:00,0.0,17.8,-9.4
1971-02-03T00:00:00,0.0,21.1,-1.7
1971-02-04T00:00:00,0.0,20.0,-3.9
1971-02-05T00:00:00,0.0,18.3,2.8
1971-02-06T00:00:00,0.0,13.9,-5.0
1971-02-07T00:00:00,0.0,9.4,-7.2
1971-02-08T00:00:00,0.0,15.0,-7.2
1971-02-09T00:00:00,0.0,10.0,-7.2
1971-02-10T00:00:00,0.0,20.6,-5.6
1971-02-11T00:00:00,0.0,22.8,0.6
1971-02-12T00:00:00,0.0,21.1,-1.1
1971-02-13T00:00:00,0.0,20.6,0.0
1971-02-14T00:00:00,0.0,21.7,5.0
1971-02-15T00:00:00,0.0,21.1,-2.2
1971-02-16T00:00:00,0.0,17.2,0.6
1971-02-17T00:00:00,0.0,17.8,0.0
1971-02-18T00:00:00,0.0,16.7,-1.1
1971-02-19T00:00:00,0.0,17.2,-0.6
1971-02-20T00:00:00,0.0,20.6,0.6
1971-02-21T00:00:00,0.0,8.9,-6.7
1971-02-22T00:00:00,0.0,10.0,-1.7
1971-02-23T00:00:00,0.0,17.2,-2.2
1971-02-24T00:00:00,0.0,17.8,-1.1
1971-02-25T00:00:00,0.0,16.7,0.0
1971-02-26T00:00:00,0.0,20.6,0.6
1971-02-27T00:00:00,0.0,16.7,-4.4
1971-02-28T00:00:00,0.0,15.6,-4.4
1971-03-01T00:00:00,0.0,11.1,-1.1
1971-03-02T00:00:00,0.0,5.6,-6.7
1971-03-03T00:00:00,0.0,12.8,-8.9
1971-03-04T00:00:00,0.0,18.3,-8.9
1971-03-05T00:00:00,0.0,20.6,-0.6
1971-03-06T00:00:00,0.0,21.1,2.2
1971-03-07T00:00:00,0.0,22.2,-1.7
1971-03-08T00:00:00,0.0,24.4,-3.3
1971-03-09T00:00:00,0.0,23.3,-6.7
1971-03-10T00:00:00,0.0,24.4,-4.4
1971-03-11T00:00:00,0.0,25.6,2.2
1971-03-12T00:00:00,0.0,26.7,2.2
1971-03-13T00:00:00,0.0,26.7,1.7
1971-03-14T00:00:00,0.0,27.2,2.2
1971-03-15T00:00:00,0.0,27.8,-1.7
1971-03-16T00:00:00,0.0,23.9,-1.7
1971-03-17T00:00:00,0.0,30.6,0.0
1971-03-18T00:00:00,0.0,28.3,5.6
1971-03-19T00:00:00,0.0,20.0,-1.7
1971-03-20T00:00:00,0.0,22.2,1.7
1971-03-21T00:00:00,0.0,25.0,5.0
1971-03-22T00:00:00,0.0,26.7,4.4
1971-03-23T00:00:00,0.0,28.3,4.4
1971-03-24T00:00:00,0.0,27.2,5.6
1971-03-25T00:00:00,0.0,26.7,2.8
1971-03-26T00:00:00,0.0,26.1,3.9
1971-03-27T00:00:00,0.0,27.2,1.7
1971-03-28T00:00:00,0.0,30.6,2.8
1971-03-29T00:00:00,0.0,26.1,3.9
1971-03-30T00:00:00,0.0,28.3,1.7
1971-03-31T00:00:00,0.0,29.4,2.8
1971-04-01T00:00:00,0.0,21.7,1.7
1971-04-02T00:00:00,0.0,23.3,0.0
1971-04-03T00:00:00,0.0,21.1,0.0
1971-04-04T00:00:00,0.0,22.8,2.8
1971-04-05T00:00:00,0.0,18.3,-2.8
1971-04-06T00:00:00,0.0,25.0,0.6
1971-04-07T00:00:00,0.0,26.7,-1.1
1971-04-08T00:00:00,0.0,28.3,1.7
1971-04-09T00:00:00,0.0,22.8,2.8
1971-04-10T00:00:00,0.0,30.6,4.4
1971-04-11T00:00:00,0.0,32.2,6.7
1971-04-12T00:00:00,0.0,31.7,11.7
1971-04-13T00:00:00,0.0,22.2,3.3
1971-04-14T00:00:00,0.0,22.8,3.9
1971-04-15T00:00:00,0.0,21.7,3.9
1971-04-16T00:00:00,0.0,22.8,5.6
1971-04-17T00:00:00,0.0,28.3,5.6
1971-04-18T00:00:00,0.0,25.0,11.1
1971-04-19T00:00:00,0.0,16.7,0.0
1971-04-20T00:00:00,0.0,22.8,-2.8
1971-04-21T00:00:00,0.0,22.8,1.7
1971-04-22T00:00:00,0.0,22.2,1.7
1971-04-23T00:00:00,0.0,22.8,3.9
1971-04-24T00:00:00,0.0,27.2,0.0
1971-04-25T00:00:00,0.0,24.4,4.4
1971-04-26T00:00:00,0.0,29.4,7.2
1971-04-27T00:00:00,0.0,29.4,5.6
1971-04-28T00:00:00,0.0,28.3,10.0
1971-04-29T00:00:00,0.0,28.3,7.2
1971-04-30T00:00:00,0.0,28.9,4.4
1971-05-01T00:00:00,0.0,30.0,7.2
1971-05-02T00:00:00,0.0,35.6,10.0
1971-05-03T00:00:00,0.0,36.7,7.2
1971-05-04T00:00:00,0.0,35.6,3.9
1971-05-05T00:00:00,0.0,28.9,6.7
1971-05-06T00:00:00,0.0,29.4,10.6
1971-05-07T00:00:00,0.0,31.7,10.6
1971-05-08T00:00:00,0.0,30.0,10.0
1971-05-09T00:00:00,0.0,28.9,3.3
1971-05-10T00:00:00,0.0,30.6,4.4
1971-05-11T00:00:00,0.0,28.3,6.1
1971-05-12T00:00:00,0.0,26.1,4.4
1971-05-13T00:00:00,0.0,29.4,4.4
1971-05-14T00:00:00,0.0,30.6,5.6
1971-05-15T00:00:00,0.0,31.7,10.0
1971-05-16T00:00:00,0.0,34.4,16.1
1971-05-17T00:00:00,0.0,32.8,13.9
1971-05-18T00:00:00,0.0,32.2,15.6
1971-05-19T00:00:00,0.0,31.7,3.9
1971-05-20T00:00:00,0.0,30.6,14.4
1971-05-21T00:00:00,0.0,31.7,15.0
1971-05-22T00:00:00,0.0,29.4,13.9
1971-05-23T00:00:00,0.0,28.9,11.7
1971-05-24T00:00:00,0.0,33.9,10.6
1971-05-25T00:00:00,0.0,32.2,8.9
1971-05-26T00:00:00,0.0,32.8,12.2
1971-05-27T00:00:00,0.0,30.6,16.1
1971-05-28T00:00:00,0.0,31.7,16.7
1971-05-29T00:00:00,0.0,30.6,14.4
1971-05-30T00:00:00,0.0,31.7,13.9
1971-05-31T00:00:00,0.0,30.6,15.0
1971-06-01T00:00:00,0.0,27.2,10.0
1971-06-02T00:00:00,0.0,30.6,10.6
1971-06-03T00:00:00,0.0,32.2,15.6
1971-06-04T00:00:00,0.0,31.1,15.0
1971-06-05T00:00:00,0.0,36.7,13.9
1971-06-06T00:00:00,0.0,32.2,15.6
1971-06-07T00:00:00,0.0,34.4,15.6
1971-06-08T00:00:00,0.0,35.6,10.6
1971-06-09T00:00:00,0.0,31.7,15.0
1971-06-10T00:00:00,0.0,32.8,15.6
1971-06-11T00:00:00,0.0,35.0,15.0
1971-06-12T00:00:00,0.0,36.7,10.0
1971-06-13T00:00:00,0.0,34.4,15.6
1971-06-14T00:00:00,0.0,35.6,15.0
1971-06-15T00:00:00,0.0,33.9,14.4
1971-06-16T00:00:00,0.0,35.0,18.3
1971-06-17T00:00:00,0.0,36.1,15.6
1971-06-18T00:00:00,0.0,36.7,16.1
1971-06-19T00:00:00,0.0,34.4,15.6
1971-06-20T00:00:00,0.0,35.0,16.1
1971-06-21T00:00:00,0.0,36.7,15.6
1971-06-22T00:00:00,0.0,36.1,15.6
1971-06-23T00:00:00,0.0,33.3,15.6
1971-06-24T00:00:00,0.0,34.4,15.0
1971-06-25T00:00:00,0.0,35.0,15.6
1971-06-26T00:00:00,0.0,37.8,16.1
1971-06-27T00:00:00,0.0,35.6,15.6
1971-06-28T00:00:00,0.0,36.7,15.0
1971-06-29T00:00:00,0.0,35.6,15.6
1971-06-30T00:00:00,0.0,35.0,15.0
1971-07-01T00:00:00,0.0,33.3,16.7
1971-07-02T00:00:00,0.0,26.7,18.9
1971-07-03T00:00:00,0.0,36.7,20.0
1971-07-04T00:00:00,0.0,40.0,20.0
1971-07-05T00:00:00,0.0,37.8,19.4
1971-07-06T00:00:00,0.0,38.9,18.3
1971-07-07T00:00:00,0.0,37.2,16.7
1971-07-08T00:00:00,0.0,35.0,18.3
1971-07-09T00:00:00,0.0,37.2,20.0
1971-07-10T00:00:00,0.0,36.7,18.3
1971-07-11T00:00:00,0.0,35.6,16.7
1971-07-12T00:00:00,0.0,37.8,20.0
1971-07-13T00:00:00,0.0,36.7,16.7
1971-07-14T00:00:00,0.0,35.0,15.6
1971-07-15T00:00:00,0.0,36.1,15.6
1971-07-16T00:00:00,0.0,35.6,17.8
1971-07-17T00:00:00,0.0,35.0,15.6
1971-07-18T00:00:00,0.0,35.6,16.1
1971-07-19T00:00:00,0.0,33.3,15.6
1971-07-20T00:00:00,0.0,31.7,16.7
1971-07-21T00:00:00,0.0,32.2,17.2
1971-07-22T00:00:00,0.0,35.0,16.7
1971-07-23T00:00:00,0.0,31.7,18.3
1971-07-24T00:00:00,66.0,27.8,16.7
1971-07-25T00:00:00,0.0,32.2,15.6
1971-07-26T00:00:00,0.0,32.2,16.7
1971-07-27T00:00:00,0.0,31.7,17.2
1971-07-28T00:00:00,0.0,32.2,16.7
1971-07-29T00:00:00,23.6,35.0,17.8
1971-07-30T00:00:00,0.0,30.6,18.9
1971-07-31T00:00:00,21.1,31.1,15.6
1971-08-01T00:00:00,0.0,26.7,11.1
1971-08-02T00:00:00,0.0,27.2,12.8
1971-08-03T00:00:00,0.0,29.4,15.6
1971-08-04T00:00:00,0.0,29.4,16.7
1971-08-05T00:00:00,0.0,28.9,15.6
1971-08-06T00:00:00,0.0,26.1,15.6
1971-08-07T00:00:00,0.0,28.3,13.3
1971-08-08T00:00:00,6.9,27.8,16.7
1971-08-09T00:00:00,0.0,30.6,13.9
1971-08-10T00:00:00,3.6,27.2,13.3
1971-08-11T00:00:00,0.0,26.1,13.9
1971-08-12T00:00:00,0.0,28.3,15.0
1971-08-13T00:00:00,0.0,29.4,19.4
1971-08-14T00:00:00,3.6,26.7,18.3
1971-08-15T00:00:00,0.0,26.1,16.1
1971-08-16T00:00:00,0.0,28.9,16.7
1971-08-17T00:00:00,0.0,26.1,16.1
1971-08-18T00:00:00,0.0,29.4,15.6
1971-08-19T00:00:00,0.0,26.7,15.0
1971-08-20T00:00:00,0.0,27.2,15.6
1971-08-21T00:00:00,0.0,29.4,16.7
1971-08-22T00:00:00,0.0,33.3,16.7
1971-08-23T00:00:00,30.5,31.7,15.6
1971-08-24T00:00:00,0.0,30.6,15.6
1971-08-25T00:00:00,19.6,31.1,15.6
1971-08-26T00:00:00,0.0,30.0,16.1
1971-08-27T00:00:00,0.0,30.6,15.6
1971-08-28T00:00:00,0.0,29.4,15.0
1971-08-29T00:00:00,0.0,32.2,15.6
1971-08-30T00:00:00,0.0,32.2,13.9
1971-08-31T00:00:00,0.0,33.3,16.1
1971-09-01T00:00:00,0.0,31.7,11.7
1971-09-02T00:00:00,22.9,32.2,12.8
1971-09-03T00:00:00,0.0,32.8,12.2
1971-09-04T00:00:00,0.0,31.1,10.6
1971-09-05T00:00:00,0.0,32.2,11.7
1971-09-06T00:00:00,0.0,32.8,11.7
1971-09-07T00:00:00,0.0,32.2,12.8
1971-09-08T00:00:00,7.1,32.8,13.3
1971-09-09T00:00:00,0.0,33.9,14.4
1971-09-10T00:00:00,0.0,32.2,12.8
1971-09-11T00:00:00,0.0,32.8,13.9
1971-09-12T00:00:00,0.0,32.2,13.3
1971-09-13T00:00:00,0.0,31.7,12.8
1971-09-14T00:00:00,0.0,32.8,13.9
1971-09-15T00:00:00,0.0,30.6,12.2
1971-09-16T00:00:00,0.0,32.2,12.8
1971-09-17T00:00:00,0.0,30.6,11.1
1971-09-18T00:00:00,5.1,15.6,3.9
1971-09-19T00:00:00,2.5,13.3,5.0
1971-09-20T00:00:00,0.0,25.6,2.8
1971-09-21T00:00:00,0.0,20.0,4.4
1971-09-22T00:00:00,10.7,20.6,5.0
1971-09-23T00:00:00,10.9,20.0,6.1
1971-09-24T00:00:00,4.1,21.7,5.0
1971-09-25T00:00:00,0.0,26.7,7.2
1971-09-26T00:00:00,0.0,30.6,11.1
1971-09-27T00:00:00,0.0,31.7,10.6
1971-09-28T00:00:00,0.0,32.2,10.0
1971-09-29T00:00:00,0.0,31.7,9.4
1971-09-30T00:00:00,0.0,27.2,10.0
1971-10-01T00:00:00,0.0,27.8,13.3
1971-10-02T00:00:00,0.0,27.2,9.4
1971-10-03T00:00:00,0.0,26.1,6.7
1971-10-04T00:00:00,0.0,26.7,7.2
1971-10-05T00:00:00,0.0,21.1,11.1
1971-10-06T00:00:00,0.0,23.9,6.7
1971-10-07T00:00:00,0.0,22.8,11.1
1971-10-08T00:00:00,3.0,23.9,8.3
1971-10-09T00:00:00,0.0,25.0,7.2
1971-10-10T00:00:00,0.0,23.9,10.0
1971-10-11T00:00:00,0.0,26.1,10.6
1971-10-12T00:00:00,0.0,22.8,9.4
1971-10-13T00:00:00,0.0,23.9,10.0
1971-10-14T00:00:00,0.0,25.6,10.0
1971-10-15T00:00:00,0.0,25.0,10.6
1971-10-16T00:00:00,0.0,26.1,9.4
1971-10-17T00:00:00,0.0,23.9,8.3
1971-10-18T00:00:00,0.0,26.1,8.9
1971-10-19T00:00:00,0.0,26.1,9.4
1971-10-20T00:00:00,0.0,25.6,2.8
1971-10-21T00:00:00,0.0,25.0,3.9
1971-10-22T00:00:00,0.0,24.4,7.2
1971-10-23T00:00:00,0.0,23.9,8.3
1971-10-24T00:00:00,0.0,25.0,8.9
1971-10-25T00:00:00,14.2,25.0,9.4
1971-10-26T00:00:00,0.0,21.7,5.0
1971-10-27T00:00:00,0.0,21.1,4.4
1971-10-28T00:00:00,0.0,23.3,6.1
1971-10-29T00:00:00,0.0,22.8,5.6
1971-10-30T00:00:00,0.0,23.9,6.7
1971-10-31T00:00:00,0.0,25.0,1.1
1971-11-01T00:00:00,0.0,23.3,1.1
1971-11-02T00:00:00,0.0,23.9,1.7
1971-11-03T00:00:00,0.0,20.6,1.1
1971-11-04T00:00:00,0.0,19.4,0.6
1971-11-05T00:00:00,0.0,25.0,2.2
1971-11-06T00:00:00,0.0,23.9,1.7
1971-11-07T00:00:00,0.0,9.4,0.6
1971-11-08T00:00:00,0.0,20.0,-1.7
1971-11-09T00:00:00,0.0,25.0,1.7
1971-11-10T00:00:00,0.0,23.9,1.1
1971-11-11T00:00:00,0.0,26.7,1.7
1971-11-12T00:00:00,0.0,25.6,2.2
1971-11-13T00:00:00,0.0,25.0,1.7
1971-11-14T00:00:00,0.0,27.2,0.6
1971-11-15T00:00:00,0.0,22.8,2.2
1971-11-16T00:00:00,6.4,25.0,2.8
1971-11-17T00:00:00,0.0,10.6,3.9
1971-11-18T00:00:00,0.0,8.9,-1.7
1971-11-19T00:00:00,0.0,12.8,-3.9
1971-11-20T00:00:00,0.0,20.6,0.0
1971-11-21T00:00:00,0.0,21.7,0.6
1971-11-22T00:00:00,0.0,21.1,-0.6
1971-11-23T00:00:00,0.0,22.2,-1.1
1971-11-24T00:00:00,0.0,15.6,-2.8
1971-11-25T00:00:00,0.0,20.6,0.0
1971-11-26T00:00:00,0.0,21.1,-1.7
1971-11-27T00:00:00,0.0,21.1,-0.6
1971-11-28T00:00:00,0.0,21.7,0.0
1971-11-29T00:00:00,0.0,18.3,1.7
1971-11-30T00:00:00,0.0,12.8,1.1
1971-12-01T00:00:00,0.0,7.8,0.0
1971-12-02T00:00:00,11.9,1.1,-2.8
1971-12-03T00:00:00,0.0,10.6,-2.8
1971-12-04T00:00:00,0.0,5.0,-2.2
1971-12-05T00:00:00,7.1,6.7,-1.7
1971-12-06T00:00:00,0.0,10.6,-2.2
1971-12-07T00:00:00,0.0,16.7,3.9
1971-12-08T00:00:00,0.0,11.1,-1.7
1971-12-09T00:00:00,0.0,11.7,-6.7
1971-12-10T00:00:00,0.0,14.4,-0.6
1971-12-11T00:00:00,0.0,15.6,-4.4
1971-12-12T00:00:00,0.0,17.2,-5.6
1971-12-13T00:00:00,0.0,20.0,-2.2
1971-12-14T00:00:00,0.0,15.0,0.6
1971-12-15T00:00:00,0.0,15.6,-1.1
1971-12-16T00:00:00,0.0,11.1,-5.0
1971-12-17T00:00:00,0.0,10.0,-6.1
1971-12-18T00:00:00,0.0,10.0,-6.7
1971-12-19T00:00:00,0.0,15.6,-3.9
1971-12-20T00:00:00,0.0,17.2,2.8
1971-12-21T00:00:00,0.0,18.3,-0.6
1971-12-22T00:00:00,0.0,22.2,-0.6
1971-12-23T00:00:00,0.0,21.7,0.0
1971-12-24T00:00:00,0.0,22.8,-0.6
1971-12-25T00:00:00,0.0,23.9,4.4
1971-12-26T00:00:00,0.0,23.3,4.4
1971-12-27T00:00:00,0.0,21.1,4.4
1971-12-28T00:00:00,0.0,20.0,1.1
1971-12-29T00:00:00,0.0,20.0,-1.1
1971-12-30T00:00:00,0.0,12.2,-5.6
1971-12-31T00:00:00,0.0,10.0,-3.9
1972-01-01T00:00:00,0.0,10.0,-1.7
1972-01-02T00:00:00,0.0,10.6,-1.1
1972-01-03T00:00:00,0.0,8.9,-3.3
1972-01-04T00:00:00,0.0,-1.1,-13.3
1972-01-05T00:00:00,0.0,8.3,-18.3
1972-01-06T00:00:00,0.0,14.4,-5.6
1972-01-07T00:00:00,0.0,13.9,-1.7
1972-01-08T00:00:00,0.0,15.0,-0.6
1972-01-09T00:00:00,0.0,16.1,-1.1
1972-01-10T00:00:00,0.0,19.4,-3.9
1972-01-11T00:00:00,0.0,16.7,-2.2
1972-01-12T00:00:00,0.0,21.1,1.7
1972-01-13T00:00:00,0.0,20.0,-1.7
1972-01-14T00:00:00,0.0,9.4,-8.3
1972-01-15T00:00:00,0.0,10.6,-8.3
1972-01-16T00:00:00,0.0,11.7,-10.6
1972-01-17T00:00:00,0.0,20.0,-5.0
1972-01-18T00:00:00,0.0,21.1,0.6
1972-01-19T00:00:00,0.0,21.1,-1.1
1972-01-20T00:00:00,0.0,20.6,0.0
1972-01-21T00:00:00,0.0,21.1,4.4
1972-01-22T00:00:00,0.0,18.3,4.4
1972-01-23T00:00:00,0.0,25.6,3.9
1972-01-24T00:00:00,0.0,16.1,2.2
1972-01-25T00:00:00,0.0,11.7,0.6
1972-01-26T00:00:00,0.0,10.6,1.1
1972-01-27T00:00:00,0.0,17.2,1.7
1972-01-28T00:00:00,0.0,18.3,-0.6
1972-01-29T00:00:00,0.0,18.9,-5.0
1972-01-30T00:00:00,0.0,13.9,-7.8
1972-01-31T00:00:00,0.0,10.0,-6.7
1972-02-01T00:00:00,0.0,13.9,-5.6
1972-02-02T00:00:00,0.0,7.2,-8.3
1972-02-03T00:00:00,0.0,11.1,-15.0
1972-02-04T00:00:00,0.0,10.6,-7.8
1972-02-05T00:00:00,0.0,16.1,-5.6
1972-02-06T00:00:00,0.0,13.9,-3.9
1972-02-07T00:00:00,0.0,17.2,-10.6
1972-02-08T00:00:00,0.0,14.4,-6.1
1972-02-09T00:00:00,0.0,15.0,-3.9
1972-02-10T00:00:00,0.0,16.1,-5.0
1972-02-11T00:00:00,0.0,15.6,-6.7
1972-02-12T00:00:00,0.0,16.1,-3.9
1972-02-13T00:00:00,0.0,20.0,-2.8
1972-02-14T00:00:00,0.0,20.6,-1.7
1972-02-15T00:00:00,0.0,15.0,-2.8
1972-02-16T00:00:00,0.0,19.4,0.6
1972-02-17T00:00:00,0.0,22.2,3.3
1972-02-18T00:00:00,0.0,26.7,1.1
1972-02-19T00:00:00,0.0,25.6,1.7
1972-02-20T00:00:00,0.0,26.1,3.9
1972-02-21T00:00:00,0.0,27.2,9.4
1972-02-22T00:00:00,0.0,26.1,1.1
1972-02-23T00:00:00,0.0,28.3,3.3
1972-02-24T00:00:00,0.0,27.2,8.3
1972-02-25T00:00:00,0.0,26.7,4.4
1972-02-26T00:00:00,0.0,25.6,3.9
1972-02-27T00:00:00,0.0,26.1,3.9
1972-02-28T00:00:00,0.0,27.2,2.8
1972-02-29T00:00:00,0.0,28.3,10.6
1972-03-01T00:00:00,0.0,21.1,5.6
1972-03-02T00:00:00,0.0,21.1,-4.4
1972-03-03T00:00:00,0.0,27.8,7.8
1972-03-04T00:00:00,0.0,21.1,5.6
1972-03-05T00:00:00,0.0,20.0,-2.8
1972-03-06T00:00:00,0.0,29.4,1.1
1972-03-07T00:00:00,0.0,28.9,4.4
1972-03-08T00:00:00,0.0,26.7,0.6
1972-03-09T00:00:00,0.0,22.2,-1.7
1972-03-10T00:00:00,0.0,27.8,1.7
1972-03-11T00:00:00,0.0,28.9,2.8
1972-03-12T00:00:00,0.0,30.0,2.2
1972-03-13T00:00:00,0.0,23.9,5.6
1972-03-14T00:00:00,0.0,30.0,5.6
1972-03-15T00:00:00,0.0,22.2,3.9
1972-03-16T00:00:00,0.0,26.1,4.4
1972-03-17T00:00:00,0.0,27.2,7.2
1972-03-18T00:00:00,0.0,23.9,4.4
1972-03-19T00:00:00,0.0,25.6,5.6
1972-03-20T00:00:00,0.0,23.9,7.2
1972-03-21T00:00:00,0.0,20.6,4.4
1972-03-22T00:00:00,0.0,26.7,5.0
1972-03-23T00:00:00,0.0,27.2,7.2
1972-03-24T00:00:00,0.0,27.8,7.8
1972-03-25T00:00:00,0.0,26.7,7.2
1972-03-26T00:00:00,0.0,26.7,1.1
1972-03-27T00:00:00,0.0,23.9,7.2
1972-03-28T00:00:00,0.0,23.3,6.7
1972-03-29T00:00:00,0.0,15.0,-4.4
1972-03-30T00:00:00,0.0,12.2,-0.6
1972-03-31T00:00:00,0.0,17.8,-6.1
1972-04-01T00:00:00,0.0,22.8,-2.2
1972-04-02T00:00:00,0.0,27.8,8.9
1972-04-03T00:00:00,0.0,24.4,7.8
1972-04-04T00:00:00,0.0,26.1,1.7
1972-04-05T00:00:00,0.0,31.7,4.4
1972-04-06T00:00:00,0.0,33.3,14.4
1972-04-07T00:00:00,0.0,27.8,10.0
1972-04-08T00:00:00,0.0,29.4,6.1
1972-04-09T00:00:00,0.0,30.6,7.2
1972-04-10T00:00:00,0.0,33.3,7.2
1972-04-11T00:00:00,0.0,34.4,17.2
1972-04-12T00:00:00,0.0,32.2,15.0
1972-04-13T00:00:00,0.0,31.7,14.4
1972-04-14T00:00:00,0.0,33.3,6.1
1972-04-15T00:00:00,0.0,27.8,0.6
1972-04-16T00:00:00,0.0,28.9,7.8
1972-04-17T00:00:00,0.0,27.8,5.6
1972-04-18T00:00:00,0.0,29.4,7.2
1972-04-19T00:00:00,0.0,25.6,5.6
1972-04-20T00:00:00,0.0,25.6,5.6
1972-04-21T00:00:00,0.0,23.9,5.6
1972-04-22T00:00:00,0.0,27.8,5.6
1972-04-23T00:00:00,0.0,26.7,4.4
1972-04-24T00:00:00,0.0,26.1,4.4
1972-04-25T00:00:00,0.0,31.7,7.2
1972-04-26T00:00:00,0.0,28.3,5.6
1972-04-27T00:00:00,0.0,26.7,4.4
1972-04-28T00:00:00,0.0,26.7,3.3
1972-04-29T00:00:00,0.0,31.1,6.1
1972-04-30T00:00:00,0.0,32.2,10.6
1972-05-01T00:00:00,0.0,30.0,8.3
1972-05-02T00:00:00,0.0,25.6,7.2
1972-05-03T00:00:00,0.0,29.4,8.3
1972-05-04T00:00:00,0.0,31.7,6.7
1972-05-05T00:00:00,,28.9,12.8
1972-05-06T00:00:00,,28.3,10.6
1972-05-07T00:00:00,,25.6,5.6
1972-05-08T00:00:00,,26.7,5.6
1972-05-09T00:00:00,3.6,27.8,8.3
1972-05-10T00:00:00,0.0,27.2,8.9
1972-05-11T00:00:00,0.0,28.3,12.8
1972-05-12T00:00:00,0.0,25.0,8.9
1972-05-13T00:00:00,0.0,26.7,9.4
1972-05-14T00:00:00,0.0,27.2,12.8
1972-05-15T00:00:00,0.0,27.8,8.9
1972-05-16T00:00:00,0.0,30.0,10.6
1972-05-17T00:00:00,0.0,29.4,11.7
1972-05-18T00:00:00,0.0,31.7,12.2
1972-05-19T00:00:00,0.0,30.6,10.0
1972-05-20T00:00:00,0.0,28.3,9.4
1972-05-21T00:00:00,0.0,27.8,8.9
1972-05-22T00:00:00,0.0,27.2,9.4
1972-05-23T00:00:00,0.0,28.3,10.0
1972-05-24T00:00:00,0.0,27.2,9.4
1972-05-25T00:00:00,0.0,30.6,11.7
1972-05-26T00:00:00,0.0,31.7,10.0
1972-05-27T00:00:00,0.0,33.3,11.1
1972-05-28T00:00:00,0.0,30.0,10.0
1972-05-29T00:00:00,0.0,29.4,8.9
1972-05-30T00:00:00,0.0,28.9,10.6
1972-05-31T00:00:00,0.0,32.2,10.0
1972-06-01T00:00:00,0.0,35.0,10.6
1972-06-02T00:00:00,0.0,33.3,12.2
1972-06-03T00:00:00,0.0,31.7,13.3
1972-06-04T00:00:00,0.0,30.0,11.1
1972-06-05T00:00:00,0.0,31.7,12.8
1972-06-06T00:00:00,0.0,33.9,10.0
1972-06-07T00:00:00,0.0,31.7,11.7
1972-06-08T00:00:00,0.0,32.2,13.3
1972-06-09T00:00:00,18.0,31.7,14.4
1972-06-10T00:00:00,0.0,35.0,17.2
1972-06-11T00:00:00,0.0,30.0,15.6
1972-06-12T00:00:00,0.0,28.9,16.7
1972-06-13T00:00:00,0.0,32.2,15.6
1972-06-14T00:00:00,0.0,32.8,17.2
1972-06-15T00:00:00,0.0,32.8,16.1
1972-06-16T00:00:00,23.6,27.8,15.0
1972-06-17T00:00:00,0.0,28.3,16.1
1972-06-18T00:00:00,0.0,33.9,15.6
1972-06-19T00:00:00,0.0,36.7,18.9
1972-06-20T00:00:00,0.0,37.2,19.4
1972-06-21T00:00:00,0.0,38.3,20.6
1972-06-22T00:00:00,0.0,38.3,18.3
1972-06-23T00:00:00,0.0,36.7,20.0
1972-06-24T00:00:00,0.0,37.2,20.0
1972-06-25T00:00:00,0.0,38.3,20.6
1972-06-26T00:00:00,0.0,38.9,20.0
1972-06-27T00:00:00,0.0,38.3,20.6
1972-06-28T00:00:00,0.0,37.8,17.8
1972-06-29T00:00:00,0.0,35.6,15.6
1972-06-30T00:00:00,0.0,32.8,15.6
1972-07-01T00:00:00,0.0,36.7,17.2
1972-07-02T00:00:00,0.0,37.8,15.6
1972-07-03T00:00:00,0.0,32.2,16.1
1972-07-04T00:00:00,0.0,26.1,15.0
1972-07-05T00:00:00,0.0,21.1,15.0
1972-07-06T00:00:00,6.9,31.7,15.0
1972-07-07T00:00:00,0.0,32.8,16.1
1972-07-08T00:00:00,0.0,32.8,18.3
1972-07-09T00:00:00,0.0,31.1,17.2
1972-07-10T00:00:00,0.0,32.8,16.7
1972-07-11T00:00:00,0.0,32.8,17.2
1972-07-12T00:00:00,3.8,32.2,16.7
1972-07-13T00:00:00,0.0,35.6,16.1
1972-07-14T00:00:00,0.0,36.1,17.8
1972-07-15T00:00:00,0.0,33.9,17.2
1972-07-16T00:00:00,0.0,34.4,17.8
1972-07-17T00:00:00,0.0,32.2,17.8
1972-07-18T00:00:00,0.0,31.7,19.4
1972-07-19T00:00:00,17.8,31.1,17.2
1972-07-20T00:00:00,0.0,31.1,18.3
1972-07-21T00:00:00,0.0,32.2,16.7
1972-07-22T00:00:00,0.0,31.7,17.8
1972-07-23T00:00:00,0.0,32.2,16.7
1972-07-24T00:00:00,0.0,32.8,16.7
1972-07-25T00:00:00,0.0,32.8,17.2
1972-07-26T00:00:00,0.0,32.2,16.7
1972-07-27T00:00:00,0.0,37.2,17.2
1972-07-28T00:00:00,0.0,36.7,17.8
1972-07-29T00:00:00,0.0,32.8,16.1
1972-07-30T00:00:00,0.0,38.3,18.3
1972-07-31T00:00:00,0.0,40.6,21.7
1972-08-01T00:00:00,0.0,37.8,19.4
1972-08-02T00:00:00,0.0,34.4,21.1
1972-08-03T00:00:00,0.0,32.2,18.3
1972-08-04T00:00:00,0.0,31.7,15.6
1972-08-05T00:00:00,16.8,28.3,16.7
1972-08-06T00:00:00,0.0,32.2,15.6
1972-08-07T00:00:00,5.1,27.8,16.7
1972-08-08T00:00:00,0.0,32.2,15.6
1972-08-09T00:00:00,0.0,30.6,16.1
1972-08-10T00:00:00,0.0,29.4,14.4
1972-08-11T00:00:00,0.0,30.6,15.6
1972-08-12T00:00:00,1.3,31.7,16.1
1972-08-13T00:00:00,0.0,29.4,15.0
1972-08-14T00:00:00,0.0,32.8,15.0
1972-08-15T00:00:00,0.0,29.4,15.0
1972-08-16T00:00:00,0.0,30.6,12.8
1972-08-17T00:00:00,9.1,30.0,13.9
1972-08-18T00:00:00,13.5,29.4,15.6
1972-08-19T00:00:00,0.0,28.3,16.7
1972-08-20T00:00:00,0.0,28.9,15.6
1972-08-21T00:00:00,0.0,32.8,16.7
1972-08-22T00:00:00,0.0,31.7,17.8
1972-08-23T00:00:00,24.9,28.9,15.6
1972-08-24T00:00:00,0.0,32.2,15.6
1972-08-25T00:00:00,0.0,33.3,16.7
1972-08-26T00:00:00,11.7,27.2,15.6
1972-08-27T00:00:00,7.9,26.1,16.1
1972-08-28T00:00:00,0.0,27.2,15.6
1972-08-29T00:00:00,0.0,30.6,16.1
1972-08-30T00:00:00,0.0,32.2,17.2
1972-08-31T00:00:00,0.0,33.3,17.2
1972-09-01T00:00:00,0.0,27.8,17.8
1972-09-02T00:00:00,0.0,23.9,13.9
1972-09-03T00:00:00,7.1,23.3,15.0
1972-09-04T00:00:00,5.3,31.1,15.6
1972-09-05T00:00:00,0.0,26.7,17.8
1972-09-06T00:00:00,9.9,31.7,15.6
1972-09-07T00:00:00,0.0,32.2,15.0
1972-09-08T00:00:00,19.8,28.9,16.1
1972-09-09T00:00:00,0.0,28.3,15.0
1972-09-10T00:00:00,0.0,29.4,16.1
1972-09-11T00:00:00,0.0,25.6,17.2
1972-09-12T00:00:00,0.0,26.7,16.1
1972-09-13T00:00:00,21.6,31.7,16.7
1972-09-14T00:00:00,16.0,29.4,15.6
1972-09-15T00:00:00,12.2,23.9,16.1
1972-09-16T00:00:00,0.0,31.7,15.6
1972-09-17T00:00:00,0.0,32.2,16.7
1972-09-18T00:00:00,0.0,30.0,15.0
1972-09-19T00:00:00,0.0,28.3,17.2
1972-09-20T00:00:00,0.0,26.7,15.6
1972-09-21T00:00:00,0.0,25.6,13.3
1972-09-22T00:00:00,0.0,22.2,3.9
1972-09-23T00:00:00,0.0,28.9,5.0
1972-09-24T00:00:00,0.0,29.4,14.4
1972-09-25T00:00:00,0.0,27.8,20.0
1972-09-26T00:00:00,0.0,27.2,15.0
1972-09-27T00:00:00,0.0,26.7,13.3
1972-09-28T00:00:00,0.0,30.6,12.8
1972-09-29T00:00:00,0.0,31.7,13.9
1972-09-30T00:00:00,0.0,28.9,6.7
1972-10-01T00:00:00,0.0,32.2,7.8
1972-10-02T00:00:00,0.0,29.4,8.3
1972-10-03T00:00:00,0.0,26.7,8.3
1972-10-04T00:00:00,0.0,26.1,11.7
1972-10-05T00:00:00,0.0,31.1,11.7
1972-10-06T00:00:00,0.0,28.3,12.2
1972-10-07T00:00:00,0.0,23.9,7.8
1972-10-08T00:00:00,0.0,30.6,11.7
1972-10-09T00:00:00,0.0,31.1,9.4
1972-10-10T00:00:00,0.0,32.8,10.0
1972-10-11T00:00:00,0.0,31.7,12.2
1972-10-12T00:00:00,0.0,28.3,13.9
1972-10-13T00:00:00,0.0,31.7,14.4
1972-10-14T00:00:00,13.5,31.1,15.6
1972-10-15T00:00:00,0.0,25.6,8.3
1972-10-16T00:00:00,0.0,31.7,9.4
1972-10-17T00:00:00,0.0,33.3,13.3
1972-10-18T00:00:00,0.0,30.0,15.0
1972-10-19T00:00:00,0.0,15.6,2.2
1972-10-20T00:00:00,0.0,8.9,1.1
1972-10-21T00:00:00,0.0,15.6,3.9
1972-10-22T00:00:00,0.0,18.9,4.4
1972-10-23T00:00:00,42.2,17.2,7.2
1972-10-24T00:00:00,0.0,15.0,7.8
1972-10-25T00:00:00,0.0,11.1,7.2
1972-10-26T00:00:00,9.4,20.6,5.6
1972-10-27T00:00:00,0.0,21.1,6.1
1972-10-28T00:00:00,0.0,21.7,7.8
1972-10-29T00:00:00,0.0,22.2,5.6
1972-10-30T00:00:00,0.0,20.6,6.1
1972-10-31T00:00:00,6.6,15.6,-1.7
1972-11-01T00:00:00,0.0,13.3,-5.6
1972-11-02T00:00:00,0.0,18.3,1.7
1972-11-03T00:00:00,0.0,18.9,3.3
1972-11-04T00:00:00,0.0,22.2,1.7
1972-11-05T00:00:00,0.0,22.8,4.4
1972-11-06T00:00:00,0.0,20.0,1.7
1972-11-07T00:00:00,0.0,16.7,1.1
1972-11-08T00:00:00,0.0,18.3,1.7
1972-11-09T00:00:00,0.0,21.7,3.9
1972-11-10T00:00:00,0.0,16.1,-1.1
1972-11-11T00:00:00,0.0,20.0,-1.7
1972-11-12T00:00:00,0.0,20.6,2.2
1972-11-13T00:00:00,0.0,15.6,-0.6
1972-11-14T00:00:00,0.0,10.6,-5.6
1972-11-15T00:00:00,0.0,18.3,-2.2
1972-11-16T00:00:00,0.0,18.9,-1.7
1972-11-17T00:00:00,0.0,15.0,-2.8
1972-11-18T00:00:00,0.0,15.6,-0.6
1972-11-19T00:00:00,0.0,10.6,-1.7
1972-11-20T00:00:00,3.0,7.2,-5.0
1972-11-21T00:00:00,0.0,2.8,-0.6
1972-11-22T00:00:00,0.0,5.6,-6.7
1972-11-23T00:00:00,0.0,3.9,-6.7
1972-11-24T00:00:00,9.9,12.2,-1.7
1972-11-25T00:00:00,0.0,11.7,-2.8
1972-11-26T00:00:00,0.0,20.6,-3.3
1972-11-27T00:00:00,0.0,21.7,6.1
1972-11-28T00:00:00,0.0,11.7,-1.1
1972-11-29T00:00:00,0.0,11.1,-2.8
1972-11-30T00:00:00,0.0,12.2,-2.8
1972-12-01T00:00:00,0.0,20.0,0.0
1972-12-02T00:00:00,0.0,21.1,4.4
1972-12-03T00:00:00,0.0,20.6,5.6
1972-12-04T00:00:00,0.0,20.6,-4.4
1972-12-05T00:00:00,0.0,20.0,4.4
1972-12-06T00:00:00,0.0,14.4,-11.7
1972-12-07T00:00:00,0.0,11.1,-8.9
1972-12-08T00:00:00,0.0,18.3,0.0
1972-12-09T00:00:00,0.0,17.2,5.6
1972-12-10T00:00:00,,11.1,-5.6
1972-12-11T00:00:00,0.0,-4.4,-6.7
1972-12-12T00:00:00,0.0,10.6,-6.7
1972-12-13T00:00:00,0.0,10.0,-6.7
1972-12-14T00:00:00,3.3,6.7,-3.9
1972-12-15T00:00:00,0.0,1.7,-9.4
1972-12-16T00:00:00,0.0,10.0,-11.7
1972-12-17T00:00:00,0.0,12.8,-8.3
1972-12-18T00:00:00,0.0,17.2,-3.9
1972-12-19T00:00:00,0.0,17.2,-2.2
1972-12-20T00:00:00,0.0,16.1,1.7
1972-12-21T00:00:00,0.0,16.1,0.6
1972-12-22T00:00:00,0.0,16.7,-0.6
1972-12-23T00:00:00,0.0,18.3,3.3
1972-12-24T00:00:00,0.0,18.3,1.7
1972-12-25T00:00:00,0.0,17.8,-4.4
1972-12-26T00:00:00,0.0,17.2,-5.0
1972-12-27T00:00:00,0.0,20.0,-1.1
1972-12-28T00:00:00,0.0,18.3,4.4
1972-12-29T00:00:00,0.0,14.4,-3.3
1972-12-30T00:00:00,0.0,12.8,-4.4
1972-12-31T00:00:00,0.0,11.1,-6.1
1973-01-01T00:00:00,0.0,10.0,-10.0
1973-01-02T00:00:00,8.4,-0.6,-4.4
1973-01-03T00:00:00,0.0,6.1,-7.8
1973-01-04T00:00:00,0.0,7.2,-6.7
1973-01-05T00:00:00,0.0,7.2,0.0
1973-01-06T00:00:00,7.4,5.6,0.0
1973-01-07T00:00:00,0.0,1.7,-2.2
1973-01-08T00:00:00,0.0,0.0,-2.8
1973-01-09T00:00:00,0.0,-2.2,-7.2
1973-01-10T00:00:00,0.0,-5.0,-8.3
1973-01-11T00:00:00,0.0,3.3,-7.8
1973-01-12T00:00:00,0.0,7.2,-3.9
1973-01-13T00:00:00,0.0,15.6,-1.1
1973-01-14T00:00:00,0.0,18.3,-0.6
1973-01-15T00:00:00,0.0,16.7,-0.6
1973-01-16T00:00:00,0.0,15.6,2.8
1973-01-17T00:00:00,0.0,18.3,5.0
1973-01-18T00:00:00,0.0,18.9,-2.2
1973-01-19T00:00:00,0.0,20.0,1.7
1973-01-20T00:00:00,0.0,10.0,0.0
1973-01-21T00:00:00,0.0,8.9,-4.4
1973-01-22T00:00:00,0.0,7.2,-1.7
1973-01-23T00:00:00,0.0,7.8,-7.8
1973-01-24T00:00:00,0.0,8.3,-6.1
1973-01-25T00:00:00,0.0,14.4,-1.1
1973-01-26T00:00:00,0.0,13.3,-1.1
1973-01-27T00:00:00,0.0,12.8,-4.4
1973-01-28T00:00:00,0.0,10.0,-8.9
1973-01-29T00:00:00,0.0,18.3,-4.4
1973-01-30T00:00:00,0.0,15.6,3.3
1973-01-31T00:00:00,0.0,13.9,0.0
1973-02-01T00:00:00,0.0,10.0,-3.9
1973-02-02T00:00:00,0.0,13.9,-5.6
1973-02-03T00:00:00,0.0,16.7,-6.1
1973-02-04T00:00:00,0.0,18.3,1.7
1973-02-05T00:00:00,0.0,23.3,3.3
1973-02-06T00:00:00,0.0,18.3,-0.6
1973-02-07T00:00:00,0.0,12.8,-3.3
1973-02-08T00:00:00,11.4,4.4,-7.2
1973-02-09T00:00:00,0.0,-0.6,-13.3
1973-02-10T00:00:00,0.0,6.1,-7.2
1973-02-11T00:00:00,0.0,14.4,0.0
1973-02-12T00:00:00,0.0,15.0,5.6
1973-02-13T00:00:00,0.0,13.9,1.7
1973-02-14T00:00:00,0.0,11.1,-1.7
1973-02-15T00:00:00,0.0,10.0,-3.9
1973-02-16T00:00:00,0.0,7.2,-1.1
1973-02-17T00:00:00,0.0,4.4,-1.1
1973-02-18T00:00:00,0.0,15.6,-5.0
1973-02-19T00:00:00,0.0,12.8,3.3
1973-02-20T00:00:00,0.0,10.0,-1.1
1973-02-21T00:00:00,8.9,3.9,0.0
1973-02-22T00:00:00,18.5,2.8,-2.8
1973-02-23T00:00:00,0.0,8.3,-2.8
1973-02-24T00:00:00,0.0,16.7,0.6
1973-02-25T00:00:00,0.0,18.9,0.0
1973-02-26T00:00:00,0.0,19.4,0.0
1973-02-27T00:00:00,0.0,19.4,-0.6
1973-02-28T00:00:00,0.0,22.2,5.0
1973-03-01T00:00:00,0.0,21.1,1.7
1973-03-02T00:00:00,0.0,22.2,3.3
1973-03-03T00:00:00,0.0,16.7,2.8
1973-03-04T00:00:00,0.0,17.8,-3.9
1973-03-05T00:00:00,0.0,15.6,1.7
1973-03-06T00:00:00,0.0,16.7,0.0
1973-03-07T00:00:00,0.0,20.0,0.0
1973-03-08T00:00:00,0.0,17.8,1.7
1973-03-09T00:00:00,17.8,16.1,0.0
1973-03-10T00:00:00,7.4,15.6,1.7
1973-03-11T00:00:00,0.0,16.7,0.0
1973-03-12T00:00:00,0.0,20.0,0.0
1973-03-13T00:00:00,0.0,14.4,0.0
1973-03-14T00:00:00,0.0,15.6,2.2
1973-03-15T00:00:00,0.0,11.1,-1.7
1973-03-16T00:00:00,0.0,18.3,1.7
1973-03-17T00:00:00,0.0,22.2,5.0
1973-03-18T00:00:00,0.0,23.3,1.7
1973-03-19T00:00:00,0.0,18.9,2.8
1973-03-20T00:00:00,0.0,16.7,1.1
1973-03-21T00:00:00,0.0,23.3,2.8
1973-03-22T00:00:00,0.0,21.1,2.8
1973-03-23T00:00:00,0.0,17.8,3.3
1973-03-24T00:00:00,0.0,12.2,0.0
1973-03-25T00:00:00,0.0,16.7,-1.1
1973-03-26T00:00:00,0.0,20.0,-2.2
1973-03-27T00:00:00,0.0,16.7,1.1
1973-03-28T00:00:00,0.0,18.3,1.7
1973-03-29T00:00:00,0.0,16.7,-0.6
1973-03-30T00:00:00,0.0,12.2,-1.1
1973-03-31T00:00:00,0.0,20.6,-1.7
1973-04-01T00:00:00,0.0,21.1,-0.6
1973-04-02T00:00:00,0.0,16.7,-0.6
1973-04-03T00:00:00,0.0,11.7,1.7
1973-04-04T00:00:00,0.0,11.1,-2.8
1973-04-05T00:00:00,0.0,12.8,-5.0
1973-04-06T00:00:00,0.0,21.1,0.0
1973-04-07T00:00:00,0.0,23.9,7.2
1973-04-08T00:00:00,1.3,8.9,-5.6
1973-04-09T00:00:00,0.0,13.3,-5.0
1973-04-10T00:00:00,0.0,18.3,-5.0
1973-04-11T00:00:00,0.0,22.8,0.0
1973-04-12T00:00:00,0.0,23.9,3.3
1973-04-13T00:00:00,0.0,22.2,3.9
1973-04-14T00:00:00,0.0,27.2,5.6
1973-04-15T00:00:00,0.0,26.1,9.4
1973-04-16T00:00:00,0.0,18.9,1.7
1973-04-17T00:00:00,0.0,26.1,3.9
1973-04-18T00:00:00,0.0,25.6,4.4
1973-04-19T00:00:00,0.0,22.2,8.3
1973-04-20T00:00:00,0.0,26.1,0.0
1973-04-21T00:00:00,0.0,25.0,-0.6
1973-04-22T00:00:00,0.0,26.1,3.3
1973-04-23T00:00:00,0.0,25.6,3.9
1973-04-24T00:00:00,0.0,22.2,1.7
1973-04-25T00:00:00,0.0,21.7,6.1
1973-04-26T00:00:00,0.0,22.8,5.6
1973-04-27T00:00:00,0.0,29.4,-1.1
1973-04-28T00:00:00,0.0,26.7,5.6
1973-04-29T00:00:00,0.0,29.4,1.7
1973-04-30T00:00:00,0.0,26.7,5.0
1973-05-01T00:00:00,0.0,24.4,6.1
1973-05-02T00:00:00,0.0,22.8,1.1
1973-05-03T00:00:00,0.0,23.9,2.2
1973-05-04T00:00:00,0.0,30.0,3.9
1973-05-05T00:00:00,0.0,27.8,15.0
1973-05-06T00:00:00,0.0,22.2,10.0
1973-05-07T00:00:00,0.0,26.7,6.7
1973-05-08T00:00:00,0.0,29.4,9.4
1973-05-09T00:00:00,0.0,32.8,13.9
1973-05-10T00:00:00,0.0,34.4,13.9
1973-05-11T00:00:00,0.0,34.4,15.6
1973-05-12T00:00:00,0.0,31.1,12.2
1973-05-13T00:00:00,0.0,17.2,7.8
1973-05-14T00:00:00,19.8,11.1,7.2
1973-05-15T00:00:00,0.0,17.8,3.3
1973-05-16T00:00:00,0.0,27.8,7.8
1973-05-17T00:00:00,0.0,28.3,13.3
1973-05-18T00:00:00,0.0,32.2,15.6
1973-05-19T00:00:00,0.0,34.4,16.7
1973-05-20T00:00:00,0.0,31.7,13.3
1973-05-21T00:00:00,0.0,30.0,15.6
1973-05-22T00:00:00,0.0,30.0,13.3
1973-05-23T00:00:00,0.0,31.1,10.6
1973-05-24T00:00:00,0.0,33.3,13.9
1973-05-25T00:00:00,0.0,32.2,12.8
1973-05-26T00:00:00,0.0,32.2,10.6
1973-05-27T00:00:00,0.0,30.6,10.0
1973-05-28T00:00:00,0.0,28.3,10.6
1973-05-29T00:00:00,0.0,27.2,5.6
1973-05-30T00:00:00,0.0,28.9,10.0
1973-05-31T00:00:00,0.0,26.7,10.0
1973-06-01T00:00:00,0.0,32.2,10.6
1973-06-02T00:00:00,0.0,31.7,10.0
1973-06-03T00:00:00,0.0,31.7,8.9
1973-06-04T00:00:00,0.0,33.3,10.6
1973-06-05T00:00:00,0.0,31.7,8.3
1973-06-06T00:00:00,0.0,32.2,10.0
1973-06-07T00:00:00,0.0,31.7,9.4
1973-06-08T00:00:00,0.0,34.4,11.1
1973-06-09T00:00:00,0.0,32.2,10.6
1973-06-10T00:00:00,0.0,31.1,11.1
1973-06-11T00:00:00,0.0,33.3,10.6
1973-06-12T00:00:00,0.0,33.3,15.0
1973-06-13T00:00:00,0.0,29.4,15.0
1973-06-14T00:00:00,0.0,32.2,13.3
1973-06-15T00:00:00,0.0,32.8,15.0
1973-06-16T00:00:00,0.0,35.0,13.9
1973-06-17T00:00:00,0.0,33.9,13.3
1973-06-18T00:00:00,0.0,36.1,13.3
1973-06-19T00:00:00,0.0,31.7,14.4
1973-06-20T00:00:00,0.0,31.7,12.8
1973-06-21T00:00:00,0.0,30.6,9.4
1973-06-22T00:00:00,0.0,31.7,11.7
1973-06-23T00:00:00,0.0,32.2,15.0
1973-06-24T00:00:00,0.0,33.3,15.0
1973-06-25T00:00:00,0.0,35.0,13.3
1973-06-26T00:00:00,0.0,37.2,12.8
1973-06-27T00:00:00,0.0,37.8,16.1
1973-06-28T00:00:00,0.0,40.0,18.9
1973-06-29T00:00:00,0.0,39.4,18.9
1973-06-30T00:00:00,0.0,39.4,16.7
1973-07-01T00:00:00,0.0,39.4,18.9
1973-07-02T00:00:00,0.0,37.8,17.2
1973-07-03T00:00:00,0.0,35.0,16.7
1973-07-04T00:00:00,0.0,35.6,17.2
1973-07-05T00:00:00,0.0,37.2,18.9
1973-07-06T00:00:00,0.0,39.4,17.2
1973-07-07T00:00:00,0.0,38.9,18.9
1973-07-08T00:00:00,0.0,36.7,20.0
1973-07-09T00:00:00,0.0,35.0,20.6
1973-07-10T00:00:00,0.0,31.7,16.7
1973-07-11T00:00:00,0.8,31.1,16.7
1973-07-12T00:00:00,2.5,30.6,13.9
1973-07-13T00:00:00,0.0,32.2,16.7
1973-07-14T00:00:00,0.0,24.4,17.2
1973-07-15T00:00:00,0.0,29.4,15.0
1973-07-16T00:00:00,0.0,31.1,13.9
1973-07-17T00:00:00,0.0,30.6,16.1
1973-07-18T00:00:00,6.9,32.2,16.7
1973-07-19T00:00:00,0.0,33.3,16.1
1973-07-20T00:00:00,0.0,36.7,18.3
1973-07-21T00:00:00,0.0,36.7,18.9
1973-07-22T00:00:00,9.4,31.7,15.0
1973-07-23T00:00:00,4.6,34.4,17.8
1973-07-24T00:00:00,0.0,34.4,17.8
1973-07-25T00:00:00,4.6,31.7,16.1
1973-07-26T00:00:00,2.5,29.4,15.6
1973-07-27T00:00:00,0.0,32.2,15.6
1973-07-28T00:00:00,0.0,29.4,15.6
1973-07-29T00:00:00,29.2,27.8,15.6
1973-07-30T00:00:00,0.0,31.1,16.1
1973-07-31T00:00:00,0.0,28.9,16.7
1973-08-01T00:00:00,0.0,29.4,17.8
1973-08-02T00:00:00,0.0,32.2,16.1
1973-08-03T00:00:00,0.0,30.6,15.6
1973-08-04T00:00:00,0.0,31.7,15.6
1973-08-05T00:00:00,0.0,32.2,13.9
1973-08-06T00:00:00,1.0,35.6,15.6
1973-08-07T00:00:00,5.1,35.6,18.9
1973-08-08T00:00:00,0.0,35.6,16.7
1973-08-09T00:00:00,11.2,33.9,15.6
1973-08-10T00:00:00,0.0,31.7,17.8
1973-08-11T00:00:00,0.0,32.2,17.2
1973-08-12T00:00:00,0.0,33.3,16.7
1973-08-13T00:00:00,0.0,33.3,16.7
1973-08-14T00:00:00,0.0,34.4,17.2
1973-08-15T00:00:00,0.0,33.3,20.6
1973-08-16T00:00:00,0.0,35.6,15.6
1973-08-17T00:00:00,0.0,35.6,15.6
1973-08-18T00:00:00,0.0,35.0,16.7
1973-08-19T00:00:00,0.0,32.2,15.6
1973-08-20T00:00:00,0.0,32.2,16.7
1973-08-21T00:00:00,0.0,33.9,17.2
1973-08-22T00:00:00,0.0,36.1,16.7
1973-08-23T00:00:00,0.0,37.8,18.3
1973-08-24T00:00:00,0.0,37.8,19.4
1973-08-25T00:00:00,0.0,36.7,12.2
1973-08-26T00:00:00,0.0,32.8,11.1
1973-08-27T00:00:00,0.0,31.7,15.0
1973-08-28T00:00:00,2.5,31.7,15.6
1973-08-29T00:00:00,2.5,31.1,17.2
1973-08-30T00:00:00,13.7,27.8,16.7
1973-08-31T00:00:00,0.0,31.7,15.6
1973-09-01T00:00:00,0.0,32.2,16.1
1973-09-02T00:00:00,0.0,32.2,15.0
1973-09-03T00:00:00,0.0,35.0,15.6
1973-09-04T00:00:00,0.0,36.7,17.2
1973-09-05T00:00:00,0.0,32.2,14.4
1973-09-06T00:00:00,0.0,25.6,13.3
1973-09-07T00:00:00,17.0,24.4,12.2
1973-09-08T00:00:00,3.0,29.4,12.2
1973-09-09T00:00:00,0.5,30.0,13.3
1973-09-10T00:00:00,0.0,26.1,12.8
1973-09-11T00:00:00,0.0,31.7,13.9
1973-09-12T00:00:00,0.0,30.6,15.0
1973-09-13T00:00:00,0.0,32.2,15.6
1973-09-14T00:00:00,0.0,28.3,15.0
1973-09-15T00:00:00,0.0,31.1,11.7
1973-09-16T00:00:00,0.0,28.3,12.8
1973-09-17T00:00:00,0.0,21.1,12.8
1973-09-18T00:00:00,0.0,26.1,13.9
1973-09-19T00:00:00,0.0,33.9,15.0
1973-09-20T00:00:00,0.0,34.4,15.6
1973-09-21T00:00:00,2.5,32.2,14.4
1973-09-22T00:00:00,0.0,30.6,13.9
1973-09-23T00:00:00,0.0,31.7,15.6
1973-09-24T00:00:00,0.0,31.7,15.0
1973-09-25T00:00:00,0.0,31.7,15.0
1973-09-26T00:00:00,0.0,28.3,13.9
1973-09-27T00:00:00,0.0,23.9,9.4
1973-09-28T00:00:00,0.0,28.9,4.4
1973-09-29T00:00:00,0.0,26.1,5.6
1973-09-30T00:00:00,0.0,27.8,7.8
1973-10-01T00:00:00,0.0,32.2,11.1
1973-10-02T00:00:00,0.0,33.9,11.7
1973-10-03T00:00:00,0.0,33.3,11.7
1973-10-04T00:00:00,0.0,26.1,11.1
1973-10-05T00:00:00,21.3,17.2,11.1
1973-10-06T00:00:00,0.0,25.0,10.0
1973-10-07T00:00:00,0.0,29.4,11.1
1973-10-08T00:00:00,0.0,27.8,11.7
1973-10-09T00:00:00,0.0,27.2,13.9
1973-10-10T00:00:00,0.0,25.0,8.3
1973-10-11T00:00:00,0.0,23.3,2.2
1973-10-12T00:00:00,0.0,26.7,6.7
1973-10-13T00:00:00,0.0,26.7,7.2
1973-10-14T00:00:00,0.0,25.0,4.4
1973-10-15T00:00:00,0.0,21.7,7.8
1973-10-16T00:00:00,0.0,25.0,7.8
1973-10-17T00:00:00,0.0,22.8,5.0
1973-10-18T00:00:00,0.0,23.9,6.1
1973-10-19T00:00:00,0.0,25.0,5.6
1973-10-20T00:00:00,0.0,25.0,6.1
1973-10-21T00:00:00,0.0,23.3,5.6
1973-10-22T00:00:00,0.0,29.4,6.1
1973-10-23T00:00:00,0.0,30.0,5.0
1973-10-24T00:00:00,0.0,28.9,8.3
1973-10-25T00:00:00,0.0,25.6,5.6
1973-10-26T00:00:00,0.0,26.7,6.1
1973-10-27T00:00:00,0.0,23.9,7.2
1973-10-28T00:00:00,0.0,23.9,1.7
1973-10-29T00:00:00,0.0,27.8,3.9
1973-10-30T00:00:00,0.0,22.8,6.1
1973-10-31T00:00:00,0.0,28.3,3.9
1973-11-01T00:00:00,0.0,27.8,11.1
1973-11-02T00:00:00,0.0,27.2,14.4
1973-11-03T00:00:00,0.0,25.0,3.9
1973-11-04T00:00:00,0.0,25.6,5.6
1973-11-05T00:00:00,0.0,23.3,3.3
1973-11-06T00:00:00,0.0,24.4,-1.7
1973-11-07T00:00:00,0.0,30.0,11.1
1973-11-08T00:00:00,0.0,28.9,11.7
1973-11-09T00:00:00,0.0,26.7,3.3
1973-11-10T00:00:00,0.0,21.1,3.3
1973-11-11T00:00:00,0.0,23.9,3.9
1973-11-12T00:00:00,0.0,26.1,3.3
1973-11-13T00:00:00,0.0,28.3,5.0
1973-11-14T00:00:00,0.0,25.6,4.4
1973-11-15T00:00:00,0.0,24.4,-0.6
1973-11-16T00:00:00,0.0,22.2,-1.7
1973-11-17T00:00:00,0.0,24.4,2.2
1973-11-18T00:00:00,0.0,23.9,2.2
1973-11-19T00:00:00,0.0,17.2,2.2
1973-11-20T00:00:00,0.0,14.4,1.7
1973-11-21T00:00:00,0.0,18.3,2.2
1973-11-22T00:00:00,0.0,21.1,1.7
1973-11-23T00:00:00,0.0,20.6,1.1
1973-11-24T00:00:00,0.0,18.9,-1.7
1973-11-25T00:00:00,0.0,18.3,-2.8
1973-11-26T00:00:00,0.0,15.6,-2.8
1973-11-27T00:00:00,0.0,11.1,-0.6
1973-11-28T00:00:00,0.0,15.0,-7.2
1973-11-29T00:00:00,0.0,21.1,-2.2
1973-11-30T00:00:00,0.0,20.6,-6.7
1973-12-01T00:00:00,0.0,20.0,-6.1
1973-12-02T00:00:00,0.0,23.9,3.3
1973-12-03T00:00:00,0.0,20.6,-2.8
1973-12-04T00:00:00,0.0,15.6,-1.1
1973-12-05T00:00:00,0.0,13.3,-2.2
1973-12-06T00:00:00,0.0,10.6,-7.8
1973-12-07T00:00:00,0.0,14.4,-2.2
1973-12-08T00:00:00,0.0,17.2,-5.6
1973-12-09T00:00:00,0.0,12.2,-4.4
1973-12-10T00:00:00,0.0,17.8,-6.7
1973-12-11T00:00:00,0.0,22.8,3.9
1973-12-12T00:00:00,0.0,25.0,4.4
1973-12-13T00:00:00,0.0,23.9,7.2
1973-12-14T00:00:00,0.0,22.2,7.8
1973-12-15T00:00:00,0.0,16.1,-3.9
1973-12-16T00:00:00,0.0,16.7,-5.6
1973-12-17T00:00:00,0.0,18.3,-5.0
1973-12-18T00:00:00,0.0,16.1,-6.7
1973-12-19T00:00:00,0.0,10.0,-8.9
1973-12-20T00:00:00,0.0,7.2,-13.9
1973-12-21T00:00:00,0.0,18.9,-1.1
1973-12-22T00:00:00,0.0,21.1,4.4
1973-12-23T00:00:00,0.0,13.3,1.7
1973-12-24T00:00:00,0.0,10.6,0.0
1973-12-25T00:00:00,0.0,11.1,-6.7
1973-12-26T00:00:00,0.0,13.3,-6.1
1973-12-27T00:00:00,0.0,15.0,-9.4
1973-12-28T00:00:00,0.0,18.3,7.2
1973-12-29T00:00:00,0.0,18.9,5.6
1973-12-30T00:00:00,0.0,21.7,6.1
1973-12-31T00:00:00,0.0,13.9,-6.7
1974-01-01T00:00:00,0.0,1.7,-10.0
1974-01-02T00:00:00,0.0,-1.1,-12.2
1974-01-03T00:00:00,0.0,-3.3,-11.1
1974-01-04T00:00:00,0.0,11.7,-13.9
1974-01-05T00:00:00,0.0,14.4,-7.2
1974-01-06T00:00:00,0.0,14.4,-6.7
1974-01-07T00:00:00,0.0,15.6,-5.6
1974-01-08T00:00:00,0.0,18.3,1.7
1974-01-09T00:00:00,5.8,15.0,-3.9
1974-01-10T00:00:00,0.0,13.9,2.8
1974-01-11T00:00:00,0.0,15.6,-3.3
1974-01-12T00:00:00,0.0,15.0,-6.7
1974-01-13T00:00:00,0.0,17.2,-8.9
1974-01-14T00:00:00,0.0,20.0,3.3
1974-01-15T00:00:00,0.0,25.0,1.7
1974-01-16T00:00:00,0.0,25.6,0.0
1974-01-17T00:00:00,0.0,25.6,3.9
1974-01-18T00:00:00,1.3,23.3,3.9
1974-01-19T00:00:00,0.0,18.9,-0.6
1974-01-20T00:00:00,0.0,20.6,0.6
1974-01-21T00:00:00,0.0,23.9,3.3
1974-01-22T00:00:00,0.0,21.7,4.4
1974-01-23T00:00:00,0.0,8.3,-1.1
1974-01-24T00:00:00,2.0,3.9,-3.9
1974-01-25T00:00:00,0.0,10.0,-1.1
1974-01-26T00:00:00,0.0,15.6,1.1
1974-01-27T00:00:00,0.0,14.4,1.1
1974-01-28T00:00:00,0.0,15.6,-7.2
1974-01-29T00:00:00,0.0,16.7,-6.7
1974-01-30T00:00:00,0.0,16.1,-5.6
1974-01-31T00:00:00,0.0,21.1,-1.1
1974-02-01T00:00:00,0.0,22.2,1.7
1974-02-02T00:00:00,0.0,21.1,-1.1
1974-02-03T00:00:00,0.0,16.7,-2.8
1974-02-04T00:00:00,0.0,18.3,-1.7
1974-02-05T00:00:00,0.0,19.4,-1.1
1974-02-06T00:00:00,0.0,15.6,-5.0
1974-02-07T00:00:00,0.0,3.9,-10.0
1974-02-08T00:00:00,0.0,3.9,-12.2
1974-02-09T00:00:00,0.0,15.0,-6.1
1974-02-10T00:00:00,0.0,17.2,-5.6
1974-02-11T00:00:00,0.0,22.2,-3.9
1974-02-12T00:00:00,0.0,23.9,-2.2
1974-02-13T00:00:00,0.0,21.1,0.0
1974-02-14T00:00:00,0.0,15.6,-1.1
1974-02-15T00:00:00,0.0,16.7,-0.6
1974-02-16T00:00:00,0.0,21.1,-1.1
1974-02-17T00:00:00,0.0,16.7,-1.7
1974-02-18T00:00:00,0.0,20.6,-1.1
1974-02-19T00:00:00,0.0,22.2,-3.3
1974-02-20T00:00:00,0.0,21.1,-1.7
1974-02-21T00:00:00,2.3,12.2,-3.3
1974-02-22T00:00:00,0.0,18.3,-6.1
1974-02-23T00:00:00,0.0,19.4,-0.6
1974-02-24T00:00:00,0.0,11.1,-9.4
1974-02-25T00:00:00,0.0,14.4,-9.4
1974-02-26T00:00:00,0.0,17.2,-5.0
1974-02-27T00:00:00,0.0,23.9,2.8
1974-02-28T00:00:00,0.0,25.6,5.6
1974-03-01T00:00:00,0.0,26.7,1.7
1974-03-02T00:00:00,0.0,27.8,8.3
1974-03-03T00:00:00,0.0,26.1,14.4
1974-03-04T00:00:00,0.0,22.2,11.1
1974-03-05T00:00:00,0.0,22.2,-2.2
1974-03-06T00:00:00,0.0,25.0,4.4
1974-03-07T00:00:00,0.0,25.0,7.8
1974-03-08T00:00:00,0.0,25.6,5.6
1974-03-09T00:00:00,0.0,23.9,4.4
1974-03-10T00:00:00,0.0,21.1,0.6
1974-03-11T00:00:00,0.0,23.9,1.7
1974-03-12T00:00:00,0.0,22.2,1.1
1974-03-13T00:00:00,0.0,24.4,3.9
1974-03-14T00:00:00,2.5,25.6,4.4
1974-03-15T00:00:00,0.0,28.9,6.7
1974-03-16T00:00:00,0.0,24.4,-0.6
1974-03-17T00:00:00,0.0,29.4,7.2
1974-03-18T00:00:00,0.0,29.4,6.7
1974-03-19T00:00:00,0.0,27.2,11.7
1974-03-20T00:00:00,0.5,23.9,4.4
1974-03-21T00:00:00,0.0,17.2,-3.9
1974-03-22T00:00:00,0.0,22.2,5.6
1974-03-23T00:00:00,0.0,22.2,5.0
1974-03-24T00:00:00,0.0,21.7,-5.0
1974-03-25T00:00:00,0.0,23.9,4.4
1974-03-26T00:00:00,0.0,26.1,5.6
1974-03-27T00:00:00,0.0,27.2,5.6
1974-03-28T00:00:00,0.0,26.7,8.3
1974-03-29T00:00:00,0.0,28.3,11.7
1974-03-30T00:00:00,0.0,31.1,12.2
1974-03-31T00:00:00,0.0,27.8,5.6
1974-04-01T00:00:00,0.0,23.9,6.1
1974-04-02T00:00:00,0.0,23.3,10.6
1974-04-03T00:00:00,0.0,19.4,3.3
1974-04-04T00:00:00,0.0,16.7,-1.7
1974-04-05T00:00:00,0.0,22.2,-1.7
1974-04-06T00:00:00,0.0,30.0,3.3
1974-04-07T00:00:00,0.0,28.3,10.0
1974-04-08T00:00:00,0.0,23.3,0.0
1974-04-09T00:00:00,0.0,30.0,3.9
1974-04-10T00:00:00,0.0,26.7,7.2
1974-04-11T00:00:00,0.0,22.2,3.3
1974-04-12T00:00:00,0.0,25.6,6.7
1974-04-13T00:00:00,0.0,23.3,4.4
1974-04-14T00:00:00,0.0,18.3,-1.7
1974-04-15T00:00:00,0.0,20.6,0.6
1974-04-16T00:00:00,0.0,23.3,3.3
1974-04-17T00:00:00,0.0,29.4,2.2
1974-04-18T00:00:00,0.0,30.6,8.3
1974-04-19T00:00:00,0.0,27.2,8.9
1974-04-20T00:00:00,0.0,26.7,10.0
1974-04-21T00:00:00,0.0,26.1,5.0
1974-04-22T00:00:00,0.0,26.7,4.4
1974-04-23T00:00:00,0.0,26.7,7.2
1974-04-24T00:00:00,0.0,31.1,7.2
1974-04-25T00:00:00,7.1,28.3,10.0
1974-04-26T00:00:00,3.3,30.6,12.8
1974-04-27T00:00:00,0.0,29.4,12.2
1974-04-28T00:00:00,0.0,31.1,13.3
1974-04-29T00:00:00,0.0,30.6,15.6
1974-04-30T00:00:00,24.4,25.6,8.9
1974-05-01T00:00:00,9.9,25.6,7.2
1974-05-02T00:00:00,0.0,30.6,12.2
1974-05-03T00:00:00,0.0,29.4,10.0
1974-05-04T00:00:00,0.0,28.3,10.6
1974-05-05T00:00:00,0.0,30.6,13.3
1974-05-06T00:00:00,0.0,26.1,10.0
1974-05-07T00:00:00,0.0,26.7,10.6
1974-05-08T00:00:00,0.0,31.1,12.2
1974-05-09T00:00:00,0.0,30.0,15.0
1974-05-10T00:00:00,0.0,33.3,12.2
1974-05-11T00:00:00,0.0,33.3,14.4
1974-05-12T00:00:00,0.0,35.0,10.0
1974-05-13T00:00:00,0.0,33.9,15.0
1974-05-14T00:00:00,0.0,32.8,16.1
1974-05-15T00:00:00,0.0,34.4,15.6
1974-05-16T00:00:00,0.0,33.3,17.8
1974-05-17T00:00:00,0.0,36.7,16.1
1974-05-18T00:00:00,0.0,33.3,15.0
1974-05-19T00:00:00,0.0,35.0,15.6
1974-05-20T00:00:00,0.0,31.1,14.4
1974-05-21T00:00:00,0.0,29.4,5.6
1974-05-22T00:00:00,0.0,35.0,10.6
1974-05-23T00:00:00,0.0,37.2,15.0
1974-05-24T00:00:00,0.0,36.1,15.0
1974-05-25T00:00:00,0.0,31.7,15.0
1974-05-26T00:00:00,0.0,32.2,14.4
1974-05-27T00:00:00,0.0,36.7,11.7
1974-05-28T00:00:00,0.0,38.3,21.1
1974-05-29T00:00:00,0.0,36.7,21.1
1974-05-30T00:00:00,0.0,35.6,15.0
1974-05-31T00:00:00,0.0,36.7,15.6
1974-06-01T00:00:00,0.0,35.6,15.6
1974-06-02T00:00:00,0.0,35.0,15.0
1974-06-03T00:00:00,0.0,36.1,15.0
1974-06-04T00:00:00,0.0,36.7,15.0
1974-06-05T00:00:00,0.0,36.7,15.6
1974-06-06T00:00:00,0.0,36.7,19.4
1974-06-07T00:00:00,0.0,33.9,16.7
1974-06-08T00:00:00,0.0,33.3,16.7
1974-06-09T00:00:00,0.0,31.7,14.4
1974-06-10T00:00:00,0.0,33.3,15.0
1974-06-11T00:00:00,0.0,36.7,15.0
1974-06-12T00:00:00,0.0,32.2,16.7
1974-06-13T00:00:00,0.0,35.6,15.6
1974-06-14T00:00:00,0.0,36.7,14.4
1974-06-15T00:00:00,0.0,36.1,17.2
1974-06-16T00:00:00,0.0,36.7,18.3
1974-06-17T00:00:00,0.0,37.8,16.1
1974-06-18T00:00:00,0.0,40.0,18.9
1974-06-19T00:00:00,0.0,38.9,15.6
1974-06-20T00:00:00,0.0,35.6,16.7
1974-06-21T00:00:00,0.0,38.3,16.1
1974-06-22T00:00:00,0.0,37.8,20.0
1974-06-23T00:00:00,0.0,35.0,18.3
1974-06-24T00:00:00,5.8,32.2,16.7
1974-06-25T00:00:00,0.0,33.9,16.7
1974-06-26T00:00:00,0.0,35.6,15.6
1974-06-27T00:00:00,0.0,35.6,15.0
1974-06-28T00:00:00,0.0,36.7,16.1
1974-06-29T00:00:00,0.0,38.9,16.1
1974-06-30T00:00:00,0.0,37.8,15.0
1974-07-01T00:00:00,0.0,36.7,16.1
1974-07-02T00:00:00,0.0,37.2,17.2
1974-07-03T00:00:00,0.0,38.3,23.3
1974-07-04T00:00:00,0.0,36.1,17.8
1974-07-05T00:00:00,0.0,35.0,19.4
1974-07-06T00:00:00,5.1,32.2,20.6
1974-07-07T00:00:00,0.0,32.2,19.4
1974-07-08T00:00:00,0.0,31.7,21.1
1974-07-09T00:00:00,0.0,32.2,20.6
1974-07-10T00:00:00,2.5,31.7,17.8
1974-07-11T00:00:00,3.6,35.6,16.1
1974-07-12T00:00:00,0.0,32.8,17.8
1974-07-13T00:00:00,0.0,31.1,18.3
1974-07-14T00:00:00,0.0,31.1,15.6
1974-07-15T00:00:00,0.0,32.2,18.3
1974-07-16T00:00:00,0.0,35.0,19.4
1974-07-17T00:00:00,0.0,33.9,19.4
1974-07-18T00:00:00,0.0,31.7,16.7
1974-07-19T00:00:00,0.0,32.8,17.2
1974-07-20T00:00:00,0.0,31.7,17.2
1974-07-21T00:00:00,0.0,35.0,15.6
1974-07-22T00:00:00,0.0,36.7,20.0
1974-07-23T00:00:00,0.0,36.7,21.1
1974-07-24T00:00:00,0.0,37.8,21.1
1974-07-25T00:00:00,0.0,38.9,19.4
1974-07-26T00:00:00,0.0,37.2,21.1
1974-07-27T00:00:00,0.0,37.8,21.1
1974-07-28T00:00:00,0.0,37.2,20.6
1974-07-29T00:00:00,0.0,31.1,20.0
1974-07-30T00:00:00,17.3,28.3,15.6
1974-07-31T00:00:00,0.0,32.2,15.6
1974-08-01T00:00:00,0.0,33.3,19.4
1974-08-02T00:00:00,13.2,31.1,16.7
1974-08-03T00:00:00,0.0,26.7,18.3
1974-08-04T00:00:00,0.0,23.3,17.2
1974-08-05T00:00:00,0.0,28.9,16.7
1974-08-06T00:00:00,0.0,28.3,15.0
1974-08-07T00:00:00,16.5,30.6,15.0
1974-08-08T00:00:00,0.0,34.4,15.6
1974-08-09T00:00:00,0.0,35.0,16.7
1974-08-10T00:00:00,0.0,34.4,18.9
1974-08-11T00:00:00,8.1,33.9,15.0
1974-08-12T00:00:00,0.0,32.2,17.8
1974-08-13T00:00:00,0.0,34.4,16.7
1974-08-14T00:00:00,0.0,34.4,15.6
1974-08-15T00:00:00,5.1,36.1,18.3
1974-08-16T00:00:00,0.0,34.4,19.4
1974-08-17T00:00:00,0.0,36.7,18.3
1974-08-18T00:00:00,0.0,36.1,16.7
1974-08-19T00:00:00,0.0,35.6,16.7
1974-08-20T00:00:00,0.0,34.4,17.8
1974-08-21T00:00:00,6.4,29.4,16.1
1974-08-22T00:00:00,46.5,27.2,16.1
1974-08-23T00:00:00,0.0,23.3,16.1
1974-08-24T00:00:00,23.1,20.6,15.0
1974-08-25T00:00:00,3.3,25.6,13.3
1974-08-26T00:00:00,2.3,25.0,15.0
1974-08-27T00:00:00,0.0,26.1,14.4
1974-08-28T00:00:00,0.0,26.7,15.0
1974-08-29T00:00:00,0.0,30.6,14.4
1974-08-30T00:00:00,0.0,31.1,15.0
1974-08-31T00:00:00,0.0,32.2,15.0
1974-09-01T00:00:00,0.0,35.6,15.6
1974-09-02T00:00:00,0.0,29.4,15.0
1974-09-03T00:00:00,0.0,20.6,9.4
1974-09-04T00:00:00,3.0,26.1,8.3
1974-09-05T00:00:00,0.0,28.9,11.1
1974-09-06T00:00:00,2.3,33.3,11.1
1974-09-07T00:00:00,0.0,32.2,11.7
1974-09-08T00:00:00,0.0,31.7,12.8
1974-09-09T00:00:00,0.0,32.2,11.1
1974-09-10T00:00:00,0.0,34.4,12.8
1974-09-11T00:00:00,0.0,36.1,12.2
1974-09-12T00:00:00,0.0,32.2,11.1
1974-09-13T00:00:00,0.0,23.9,12.8
1974-09-14T00:00:00,0.0,21.1,9.4
1974-09-15T00:00:00,0.0,18.9,10.6
1974-09-16T00:00:00,0.0,16.7,10.0
1974-09-17T00:00:00,42.4,15.0,10.6
1974-09-18T00:00:00,11.4,18.3,11.7
1974-09-19T00:00:00,0.0,22.2,15.0
1974-09-20T00:00:00,0.0,24.4,12.2
1974-09-21T00:00:00,67.8,22.8,10.0
1974-09-22T00:00:00,58.9,15.0,8.9
1974-09-23T00:00:00,34.3,11.7,7.2
1974-09-24T00:00:00,17.5,15.6,7.8
1974-09-25T00:00:00,0.0,23.3,8.3
1974-09-26T00:00:00,0.0,26.1,12.8
1974-09-27T00:00:00,0.0,26.7,14.4
1974-09-28T00:00:00,0.0,26.1,5.0
1974-09-29T00:00:00,0.0,25.0,6.7
1974-09-30T00:00:00,0.0,24.4,7.2
1974-10-01T00:00:00,0.0,23.3,6.7
1974-10-02T00:00:00,0.0,23.9,7.2
1974-10-03T00:00:00,0.0,26.1,5.0
1974-10-04T00:00:00,0.0,28.9,6.7
1974-10-05T00:00:00,0.0,27.8,12.8
1974-10-06T00:00:00,10.4,22.8,10.6
1974-10-07T00:00:00,6.6,17.8,7.8
1974-10-08T00:00:00,0.0,26.1,7.8
1974-10-09T00:00:00,0.5,23.3,15.0
1974-10-10T00:00:00,0.0,23.9,13.3
1974-10-11T00:00:00,0.0,24.4,12.2
1974-10-12T00:00:00,20.3,20.0,11.7
1974-10-13T00:00:00,14.0,17.8,9.4
1974-10-14T00:00:00,11.4,14.4,5.6
1974-10-15T00:00:00,0.0,15.0,8.3
1974-10-16T00:00:00,0.0,22.8,9.4
1974-10-17T00:00:00,0.0,25.0,10.6
1974-10-18T00:00:00,0.0,24.4,9.4
1974-10-19T00:00:00,0.0,24.4,10.6
1974-10-20T00:00:00,0.0,25.0,10.6
1974-10-21T00:00:00,0.0,25.0,10.0
1974-10-22T00:00:00,25.1,24.4,12.2
1974-10-23T00:00:00,33.5,15.6,10.0
1974-10-24T00:00:00,0.0,21.1,7.2
1974-10-25T00:00:00,0.0,20.6,8.3
1974-10-26T00:00:00,0.0,16.7,10.0
1974-10-27T00:00:00,0.0,16.1,10.6
1974-10-28T00:00:00,0.0,19.4,9.4
1974-10-29T00:00:00,0.0,22.8,6.1
1974-10-30T00:00:00,0.0,20.6,8.9
1974-10-31T00:00:00,0.0,18.9,2.2
1974-11-01T00:00:00,0.0,20.6,1.1
1974-11-02T00:00:00,0.0,21.7,5.0
1974-11-03T00:00:00,0.0,18.9,3.3
1974-11-04T00:00:00,0.0,12.8,1.1
1974-11-05T00:00:00,0.0,15.0,1.1
1974-11-06T00:00:00,0.0,10.6,0.6
1974-11-07T00:00:00,0.0,15.6,4.4
1974-11-08T00:00:00,0.0,13.9,5.0
1974-11-09T00:00:00,3.8,17.2,7.8
1974-11-10T00:00:00,0.0,17.2,3.9
1974-11-11T00:00:00,0.0,17.8,1.7
1974-11-12T00:00:00,0.0,17.8,0.0
1974-11-13T00:00:00,0.0,24.4,7.2
1974-11-14T00:00:00,0.0,18.3,-2.2
1974-11-15T00:00:00,0.0,16.7,-1.7
1974-11-16T00:00:00,0.0,17.2,2.8
1974-11-17T00:00:00,0.0,16.7,-1.1
1974-11-18T00:00:00,0.0,21.7,7.2
1974-11-19T00:00:00,0.0,22.8,6.7
1974-11-20T00:00:00,0.0,17.8,0.0
1974-11-21T00:00:00,0.0,22.8,1.7
1974-11-22T00:00:00,0.0,21.1,1.7
1974-11-23T00:00:00,0.0,18.9,9.4
1974-11-24T00:00:00,0.0,16.1,-2.2
1974-11-25T00:00:00,0.0,16.7,-2.2
1974-11-26T00:00:00,0.0,19.4,0.0
1974-11-27T00:00:00,0.0,17.8,-2.8
1974-11-28T00:00:00,0.0,17.2,-1.7
1974-11-29T00:00:00,0.0,9.4,-5.0
1974-11-30T00:00:00,0.0,8.9,-6.1
1974-12-01T00:00:00,0.0,8.3,-7.8
1974-12-02T00:00:00,0.0,9.4,-1.7
1974-12-03T00:00:00,0.0,13.3,-3.3
1974-12-04T00:00:00,0.0,18.3,-0.6
1974-12-05T00:00:00,0.0,19.4,0.0
1974-12-06T00:00:00,0.0,15.6,1.7
1974-12-07T00:00:00,0.0,12.8,-1.7
1974-12-08T00:00:00,8.9,10.0,-1.7
1974-12-09T00:00:00,0.0,2.2,-6.7
1974-12-10T00:00:00,0.0,8.3,-6.1
1974-12-11T00:00:00,0.0,8.9,-1.1
1974-12-12T00:00:00,0.0,15.6,0.0
1974-12-13T00:00:00,0.0,12.8,-3.3
1974-12-14T00:00:00,0.0,15.0,-2.2
1974-12-15T00:00:00,0.0,14.4,-3.3
1974-12-16T00:00:00,0.0,7.8,-5.0
1974-12-17T00:00:00,0.0,17.8,-2.8
1974-12-18T00:00:00,0.0,13.9,-5.0
1974-12-19T00:00:00,0.0,13.9,-4.4
1974-12-20T00:00:00,0.0,15.6,-5.6
1974-12-21T00:00:00,0.0,18.3,0.0
1974-12-22T00:00:00,0.0,16.7,4.4
1974-12-23T00:00:00,0.0,19.4,5.6
1974-12-24T00:00:00,0.0,16.7,-4.4
1974-12-25T00:00:00,0.0,3.9,-4.4
1974-12-26T00:00:00,6.4,5.0,-7.2
1974-12-27T00:00:00,0.0,5.0,-8.9
1974-12-28T00:00:00,0.0,14.4,-1.1
1974-12-29T00:00:00,0.0,16.1,3.9
1974-12-30T00:00:00,3.6,10.6,3.9
1974-12-31T00:00:00,0.0,5.6,-2.2
1975-01-01T00:00:00,0.0,2.2,-2.8
1975-01-02T00:00:00,3.0,7.2,-9.4
1975-01-03T00:00:00,0.0,6.1,-6.7
1975-01-04T00:00:00,0.0,11.7,-5.0
1975-01-05T00:00:00,0.0,12.2,-3.3
1975-01-06T00:00:00,0.0,16.1,-0.6
1975-01-07T00:00:00,0.0,17.8,2.2
1975-01-08T00:00:00,0.0,16.7,-1.1
1975-01-09T00:00:00,0.0,10.0,1.1
1975-01-10T00:00:00,0.0,10.0,-5.0
1975-01-11T00:00:00,0.0,6.1,-6.7
1975-01-12T00:00:00,0.0,4.4,-12.2
1975-01-13T00:00:00,0.0,16.1,-11.1
1975-01-14T00:00:00,0.0,20.6,-3.9
1975-01-15T00:00:00,0.0,22.2,0.6
1975-01-16T00:00:00,0.0,17.2,-2.8
1975-01-17T00:00:00,0.0,17.8,-5.6
1975-01-18T00:00:00,0.0,20.6,0.0
1975-01-19T00:00:00,0.0,19.4,-2.2
1975-01-20T00:00:00,0.0,16.7,-3.9
1975-01-21T00:00:00,0.0,16.7,1.7
1975-01-22T00:00:00,0.0,3.9,-2.8
1975-01-23T00:00:00,0.0,10.0,-5.0
1975-01-24T00:00:00,0.0,21.7,-1.1
1975-01-25T00:00:00,0.0,21.1,5.6
1975-01-26T00:00:00,0.0,25.6,7.8
1975-01-27T00:00:00,0.0,21.7,7.8
1975-01-28T00:00:00,0.0,21.7,4.4
1975-01-29T00:00:00,0.0,18.3,0.6
1975-01-30T00:00:00,0.0,10.0,1.7
1975-01-31T00:00:00,1.3,9.4,3.3
1975-02-01T00:00:00,5.8,10.6,6.1
1975-02-02T00:00:00,20.3,12.8,5.6
1975-02-03T00:00:00,0.0,14.4,4.4
1975-02-04T00:00:00,0.0,13.3,1.1
1975-02-05T00:00:00,0.0,15.0,-1.7
1975-02-06T00:00:00,0.0,11.7,-6.7
1975-02-07T00:00:00,0.0,16.1,-5.0
1975-02-08T00:00:00,0.0,16.7,-3.9
1975-02-09T00:00:00,0.0,15.6,-6.7
1975-02-10T00:00:00,0.0,20.0,-6.1
1975-02-11T00:00:00,0.0,17.8,0.6
1975-02-12T00:00:00,0.0,18.3,-1.1
1975-02-13T00:00:00,0.0,23.9,5.0
1975-02-14T00:00:00,0.0,20.0,5.6
1975-02-15T00:00:00,0.0,16.7,4.4
1975-02-16T00:00:00,0.0,13.9,-3.9
1975-02-17T00:00:00,0.0,15.6,-0.6
1975-02-18T00:00:00,0.0,10.0,-6.7
1975-02-19T00:00:00,0.0,12.8,-6.7
1975-02-20T00:00:00,0.0,15.6,-1.7
1975-02-21T00:00:00,0.0,19.4,1.7
1975-02-22T00:00:00,0.0,6.1,-7.2
1975-02-23T00:00:00,6.9,6.1,-11.1
1975-02-24T00:00:00,0.0,18.9,-0.6
1975-02-25T00:00:00,0.0,18.3,1.1
1975-02-26T00:00:00,0.0,16.7,-1.1
1975-02-27T00:00:00,0.0,22.2,-3.9
1975-02-28T00:00:00,0.0,21.7,1.7
1975-03-01T00:00:00,0.0,23.9,1.1
1975-03-02T00:00:00,0.0,26.7,2.8
1975-03-03T00:00:00,0.0,23.9,0.6
1975-03-04T00:00:00,0.0,15.6,-2.8
1975-03-05T00:00:00,0.0,23.9,0.0
1975-03-06T00:00:00,0.0,25.6,7.2
1975-03-07T00:00:00,0.0,22.2,-1.1
1975-03-08T00:00:00,0.0,20.6,-0.6
1975-03-09T00:00:00,0.0,19.4,0.0
1975-03-10T00:00:00,0.0,17.8,-2.8
1975-03-11T00:00:00,0.0,17.8,1.1
1975-03-12T00:00:00,6.4,11.7,-0.6
1975-03-13T00:00:00,0.0,15.6,-1.1
1975-03-14T00:00:00,0.0,16.1,-2.2
1975-03-15T00:00:00,0.0,15.6,1.7
1975-03-16T00:00:00,0.0,19.4,-0.6
1975-03-17T00:00:00,0.0,13.9,5.6
1975-03-18T00:00:00,0.0,22.2,-0.6
1975-03-19T00:00:00,0.0,26.1,5.6
1975-03-20T00:00:00,0.0,27.2,10.0
1975-03-21T00:00:00,0.0,24.4,11.1
1975-03-22T00:00:00,0.0,23.9,7.2
1975-03-23T00:00:00,0.0,18.3,5.6
1975-03-24T00:00:00,0.0,19.4,-3.3
1975-03-25T00:00:00,0.0,26.1,2.8
1975-03-26T00:00:00,0.0,25.6,7.2
1975-03-27T00:00:00,0.0,17.8,1.7
1975-03-28T00:00:00,0.0,13.9,0.0
1975-03-29T00:00:00,0.0,0.0,-5.6
1975-03-30T00:00:00,0.0,10.6,-6.7
1975-03-31T00:00:00,0.0,20.0,0.0
1975-04-01T00:00:00,0.0,20.6,0.6
1975-04-02T00:00:00,0.0,21.1,-1.7
1975-04-03T00:00:00,0.0,19.4,-6.1
1975-04-04T00:00:00,0.0,25.0,-1.1
1975-04-05T00:00:00,0.0,25.0,0.6
1975-04-06T00:00:00,0.0,23.9,5.0
1975-04-07T00:00:00,0.0,18.3,9.4
1975-04-08T00:00:00,0.0,14.4,-5.0
1975-04-09T00:00:00,0.0,16.1,-6.1
1975-04-10T00:00:00,0.0,17.8,2.2
1975-04-11T00:00:00,0.0,11.1,1.1
1975-04-12T00:00:00,0.0,10.6,2.2
1975-04-13T00:00:00,0.0,17.8,1.7
1975-04-14T00:00:00,0.0,23.3,3.3
1975-04-15T00:00:00,0.0,27.8,4.4
1975-04-16T00:00:00,0.0,30.0,4.4
1975-04-17T00:00:00,0.0,28.9,10.6
1975-04-18T00:00:00,0.0,22.8,5.0
1975-04-19T00:00:00,0.0,21.1,0.6
1975-04-20T00:00:00,0.0,25.6,1.7
1975-04-21T00:00:00,0.0,26.1,0.6
1975-04-22T00:00:00,0.0,28.3,13.3
1975-04-23T00:00:00,0.0,28.3,4.4
1975-04-24T00:00:00,0.0,28.3,7.2
1975-04-25T00:00:00,0.0,30.0,10.0
1975-04-26T00:00:00,0.0,26.7,10.0
1975-04-27T00:00:00,0.0,26.7,14.4
1975-04-28T00:00:00,0.0,25.0,3.3
1975-04-29T00:00:00,0.0,25.6,3.3
1975-04-30T00:00:00,0.0,23.9,1.1
1975-05-01T00:00:00,0.0,26.7,5.6
1975-05-02T00:00:00,0.0,28.3,3.9
1975-05-03T00:00:00,0.0,26.7,4.4
1975-05-04T00:00:00,0.0,27.8,7.8
1975-05-05T00:00:00,0.0,26.7,9.4
1975-05-06T00:00:00,0.0,22.2,0.6
1975-05-07T00:00:00,0.0,25.6,-1.1
1975-05-08T00:00:00,0.0,27.8,4.4
1975-05-09T00:00:00,0.0,29.4,6.7
1975-05-10T00:00:00,0.0,27.8,4.4
1975-05-11T00:00:00,0.0,26.1,5.0
1975-05-12T00:00:00,0.0,31.7,7.2
1975-05-13T00:00:00,0.0,29.4,11.1
1975-05-14T00:00:00,0.0,29.4,7.2
1975-05-15T00:00:00,0.0,27.2,5.6
1975-05-16T00:00:00,0.0,29.4,7.2
1975-05-17T00:00:00,0.0,28.9,6.1
1975-05-18T00:00:00,0.0,28.9,5.6
1975-05-19T00:00:00,0.0,29.4,5.6
1975-05-20T00:00:00,0.0,29.4,7.2
1975-05-21T00:00:00,0.0,30.0,11.1
1975-05-22T00:00:00,0.0,28.9,11.1
1975-05-23T00:00:00,0.0,27.2,6.1
1975-05-24T00:00:00,0.0,28.9,9.4
1975-05-25T00:00:00,0.0,32.2,11.1
1975-05-26T00:00:00,0.0,30.6,11.1
1975-05-27T00:00:00,2.0,30.0,8.9
1975-05-28T00:00:00,0.0,30.6,10.0
1975-05-29T00:00:00,0.0,27.8,10.6
1975-05-30T00:00:00,0.0,22.2,8.3
1975-05-31T00:00:00,0.0,31.1,5.6
1975-06-01T00:00:00,0.0,33.3,11.7
1975-06-02T00:00:00,0.0,33.3,11.1
1975-06-03T00:00:00,0.0,36.7,11.1
1975-06-04T00:00:00,0.0,36.7,10.6
1975-06-05T00:00:00,0.0,37.2,12.2
1975-06-06T00:00:00,0.0,37.8,11.1
1975-06-07T00:00:00,0.0,33.3,10.0
1975-06-08T00:00:00,0.0,34.4,16.7
1975-06-09T00:00:00,0.0,32.2,15.6
1975-06-10T00:00:00,0.0,28.9,12.8
1975-06-11T00:00:00,0.0,26.7,7.8
1975-06-12T00:00:00,0.0,33.9,7.8
1975-06-13T00:00:00,0.0,37.2,16.7
1975-06-14T00:00:00,0.0,38.9,13.9
1975-06-15T00:00:00,0.0,38.3,16.1
1975-06-16T00:00:00,0.0,37.8,18.3
1975-06-17T00:00:00,0.0,36.7,17.8
1975-06-18T00:00:00,0.0,35.0,17.2
1975-06-19T00:00:00,0.0,35.0,13.9
1975-06-20T00:00:00,0.0,35.6,13.9
1975-06-21T00:00:00,0.0,33.3,11.7
1975-06-22T00:00:00,0.0,35.6,13.9
1975-06-23T00:00:00,0.0,34.4,12.8
1975-06-24T00:00:00,16.0,31.7,13.9
1975-06-25T00:00:00,0.0,36.7,15.0
1975-06-26T00:00:00,0.0,36.7,13.3
1975-06-27T00:00:00,5.1,35.0,15.6
1975-06-28T00:00:00,3.0,33.3,14.4
1975-06-29T00:00:00,0.0,31.1,13.9
1975-06-30T00:00:00,0.0,30.6,13.3
1975-07-01T00:00:00,0.0,31.7,14.4
1975-07-02T00:00:00,0.0,31.7,15.0
1975-07-03T00:00:00,7.4,29.4,15.6
1975-07-04T00:00:00,2.5,28.9,15.6
1975-07-05T00:00:00,0.0,32.2,14.4
1975-07-06T00:00:00,3.0,33.9,17.8
1975-07-07T00:00:00,0.0,33.3,16.1
1975-07-08T00:00:00,0.0,33.9,16.7
1975-07-09T00:00:00,0.0,35.0,15.6
1975-07-10T00:00:00,0.0,33.9,17.2
1975-07-11T00:00:00,51.3,32.8,16.1
1975-07-12T00:00:00,0.0,32.2,15.6
1975-07-13T00:00:00,0.0,28.3,15.0
1975-07-14T00:00:00,0.0,31.7,13.9
1975-07-15T00:00:00,0.0,29.4,15.6
1975-07-16T00:00:00,0.0,28.9,12.8
1975-07-17T00:00:00,0.0,23.9,15.6
1975-07-18T00:00:00,0.0,27.8,15.6
1975-07-19T00:00:00,0.0,35.6,15.6
1975-07-20T00:00:00,2.5,33.9,16.7
1975-07-21T00:00:00,16.0,31.7,16.1
1975-07-22T00:00:00,29.5,30.6,18.3
1975-07-23T00:00:00,0.0,32.2,17.8
1975-07-24T00:00:00,0.0,30.0,19.4
1975-07-25T00:00:00,0.0,28.3,15.0
1975-07-26T00:00:00,0.0,29.4,15.6
1975-07-27T00:00:00,72.1,30.6,15.0
1975-07-28T00:00:00,0.0,31.1,14.4
1975-07-29T00:00:00,0.0,32.2,16.7
1975-07-30T00:00:00,0.0,31.7,18.9
1975-07-31T00:00:00,0.0,33.3,16.1
1975-08-01T00:00:00,0.0,32.8,16.1
1975-08-02T00:00:00,0.0,34.4,15.6
1975-08-03T00:00:00,0.0,33.9,15.6
1975-08-04T00:00:00,0.0,35.0,15.0
1975-08-05T00:00:00,0.0,32.2,15.0
1975-08-06T00:00:00,0.0,32.2,13.3
1975-08-07T00:00:00,0.0,32.2,13.3
1975-08-08T00:00:00,0.0,32.8,13.9
1975-08-09T00:00:00,0.0,33.9,13.9
1975-08-10T00:00:00,0.0,31.7,11.1
1975-08-11T00:00:00,0.0,31.1,13.9
1975-08-12T00:00:00,0.0,32.2,13.3
1975-08-13T00:00:00,0.0,32.8,13.9
1975-08-14T00:00:00,0.0,32.2,18.3
1975-08-15T00:00:00,0.0,31.1,15.0
1975-08-16T00:00:00,0.0,32.8,15.6
1975-08-17T00:00:00,0.0,32.8,13.9
1975-08-18T00:00:00,0.0,33.3,15.0
1975-08-19T00:00:00,0.0,32.2,13.9
1975-08-20T00:00:00,1.8,32.8,15.0
1975-08-21T00:00:00,0.0,35.6,15.0
1975-08-22T00:00:00,0.0,33.9,15.6
1975-08-23T00:00:00,0.0,34.4,16.1
1975-08-24T00:00:00,0.0,33.9,15.6
1975-08-25T00:00:00,0.0,36.7,16.7
1975-08-26T00:00:00,0.0,33.3,13.3
1975-08-27T00:00:00,0.0,32.8,15.0
1975-08-28T00:00:00,0.0,32.2,11.1
1975-08-29T00:00:00,0.0,36.7,11.1
1975-08-30T00:00:00,0.0,36.7,16.7
1975-08-31T00:00:00,0.0,33.3,13.9
1975-09-01T00:00:00,0.0,33.9,14.4
1975-09-02T00:00:00,0.0,32.2,13.9
1975-09-03T00:00:00,0.0,26.7,11.1
1975-09-04T00:00:00,0.0,29.4,13.3
1975-09-05T00:00:00,0.0,31.1,13.9
1975-09-06T00:00:00,28.2,27.2,15.0
1975-09-07T00:00:00,0.0,27.2,13.9
1975-09-08T00:00:00,0.0,28.3,13.3
1975-09-09T00:00:00,0.0,29.4,13.9
1975-09-10T00:00:00,0.0,29.4,15.0
1975-09-11T00:00:00,0.0,31.1,14.4
1975-09-12T00:00:00,20.3,23.9,7.2
1975-09-13T00:00:00,8.9,20.6,7.2
1975-09-14T00:00:00,0.0,21.1,7.2
1975-09-15T00:00:00,0.0,29.4,12.8
1975-09-16T00:00:00,0.0,31.1,15.0
1975-09-17T00:00:00,0.0,32.2,15.0
1975-09-18T00:00:00,0.0,33.3,17.8
1975-09-19T00:00:00,0.0,28.9,13.3
1975-09-20T00:00:00,0.0,26.7,12.8
1975-09-21T00:00:00,11.9,21.1,9.4
1975-09-22T00:00:00,0.0,21.1,3.9
1975-09-23T00:00:00,0.0,26.7,7.2
1975-09-24T00:00:00,0.0,25.6,7.2
1975-09-25T00:00:00,0.0,26.7,3.9
1975-09-26T00:00:00,0.0,31.7,7.8
1975-09-27T00:00:00,0.0,28.3,14.4
1975-09-28T00:00:00,0.0,27.2,7.8
1975-09-29T00:00:00,0.0,31.1,8.9
1975-09-30T00:00:00,0.0,25.6,8.9
1975-10-01T00:00:00,0.0,21.7,9.4
1975-10-02T00:00:00,0.0,22.2,2.2
1975-10-03T00:00:00,0.0,26.1,1.1
1975-10-04T00:00:00,0.0,23.9,1.1
1975-10-05T00:00:00,0.0,32.8,7.2
1975-10-06T00:00:00,0.0,31.7,6.7
1975-10-07T00:00:00,0.0,31.7,5.6
1975-10-08T00:00:00,0.0,30.0,10.0
1975-10-09T00:00:00,0.0,28.9,8.9
1975-10-10T00:00:00,0.0,31.7,10.0
1975-10-11T00:00:00,0.0,26.1,9.4
1975-10-12T00:00:00,0.0,32.2,7.2
1975-10-13T00:00:00,0.0,27.8,7.2
1975-10-14T00:00:00,0.0,22.2,7.2
1975-10-15T00:00:00,0.0,27.8,5.0
1975-10-16T00:00:00,0.0,27.8,5.6
1975-10-17T00:00:00,0.0,23.9,3.9
1975-10-18T00:00:00,0.0,26.1,4.4
1975-10-19T00:00:00,0.0,29.4,7.2
1975-10-20T00:00:00,0.0,26.7,7.2
1975-10-21T00:00:00,0.0,29.4,9.4
1975-10-22T00:00:00,0.0,26.1,7.2
1975-10-23T00:00:00,0.0,23.9,5.6
1975-10-24T00:00:00,0.0,22.2,3.9
1975-10-25T00:00:00,0.0,20.6,4.4
1975-10-26T00:00:00,0.0,26.7,-1.7
1975-10-27T00:00:00,0.0,26.1,3.9
1975-10-28T00:00:00,0.0,23.9,7.2
1975-10-29T00:00:00,0.0,21.1,8.3
1975-10-30T00:00:00,0.0,26.1,3.3
1975-10-31T00:00:00,0.0,28.3,3.9
1975-11-01T00:00:00,0.0,26.1,5.6
1975-11-02T00:00:00,0.0,22.2,3.3
1975-11-03T00:00:00,0.0,27.2,6.1
1975-11-04T00:00:00,0.0,25.0,5.0
1975-11-05T00:00:00,0.0,26.7,2.2
1975-11-06T00:00:00,0.0,25.6,3.9
1975-11-07T00:00:00,0.0,26.7,4.4
1975-11-08T00:00:00,0.0,28.3,7.8
1975-11-09T00:00:00,0.0,26.1,9.4
1975-11-10T00:00:00,0.0,15.6,3.3
1975-11-11T00:00:00,0.0,26.1,2.8
1975-11-12T00:00:00,0.0,15.6,-2.2
1975-11-13T00:00:00,0.0,13.3,-6.1
1975-11-14T00:00:00,0.0,21.1,0.0
1975-11-15T00:00:00,0.0,21.1,0.0
1975-11-16T00:00:00,0.0,21.7,1.7
1975-11-17T00:00:00,0.0,20.0,3.3
1975-11-18T00:00:00,0.0,20.6,4.4
1975-11-19T00:00:00,0.0,18.3,1.7
1975-11-20T00:00:00,0.0,12.2,-0.6
1975-11-21T00:00:00,0.0,10.0,-8.3
1975-11-22T00:00:00,0.0,7.2,-5.6
1975-11-23T00:00:00,0.0,15.6,-6.7
1975-11-24T00:00:00,0.0,11.7,-3.9
1975-11-25T00:00:00,0.0,10.6,-1.7
1975-11-26T00:00:00,0.0,9.4,-9.4
1975-11-27T00:00:00,0.0,10.0,-4.4
1975-11-28T00:00:00,0.0,16.7,0.0
1975-11-29T00:00:00,0.0,10.6,-0.6
1975-11-30T00:00:00,0.0,7.2,-8.9
1975-12-01T00:00:00,0.0,14.4,-7.2
1975-12-02T00:00:00,0.0,20.6,2.2
1975-12-03T00:00:00,0.0,17.2,4.4
1975-12-04T00:00:00,0.0,17.2,3.9
1975-12-05T00:00:00,0.0,23.9,3.3
1975-12-06T00:00:00,0.0,20.6,-2.8
1975-12-07T00:00:00,0.0,20.0,3.3
1975-12-08T00:00:00,0.0,20.0,-1.1
1975-12-09T00:00:00,0.0,22.8,-1.1
1975-12-10T00:00:00,0.0,24.4,-1.7
1975-12-11T00:00:00,0.0,22.2,2.2
1975-12-12T00:00:00,0.0,21.1,3.3
1975-12-13T00:00:00,0.0,20.6,-1.7
1975-12-14T00:00:00,0.0,19.4,3.9
1975-12-15T00:00:00,0.0,15.6,-9.4
1975-12-16T00:00:00,0.0,14.4,-3.3
1975-12-17T00:00:00,0.0,11.1,-9.4
1975-12-18T00:00:00,0.0,3.3,-9.4
1975-12-19T00:00:00,0.0,12.8,-10.6
1975-12-20T00:00:00,0.0,14.4,-2.8
1975-12-21T00:00:00,0.0,12.8,-2.2
1975-12-22T00:00:00,0.0,16.7,-2.8
1975-12-23T00:00:00,0.0,11.1,-1.1
1975-12-24T00:00:00,7.9,3.9,-2.2
1975-12-25T00:00:00,0.0,12.8,-5.6
1975-12-26T00:00:00,0.0,16.1,-1.7
1975-12-27T00:00:00,0.0,11.1,-1.7
1975-12-28T00:00:00,0.0,5.0,-1.1
1975-12-29T00:00:00,0.0,6.7,-5.0
1975-12-30T00:00:00,0.0,12.8,-6.1
1975-12-31T00:00:00,0.0,16.1,3.3
1976-01-01T00:00:00,0.0,11.1,-1.7
1976-01-02T00:00:00,2.5,3.9,-5.0
1976-01-03T00:00:00,0.0,3.9,-10.6
1976-01-04T00:00:00,0.0,3.3,-11.1
1976-01-05T00:00:00,0.0,13.3,-6.7
1976-01-06T00:00:00,0.0,16.7,4.4
1976-01-07T00:00:00,0.0,9.4,-7.2
1976-01-08T00:00:00,0.0,9.4,-10.6
1976-01-09T00:00:00,0.0,12.8,-3.9
1976-01-10T00:00:00,0.0,10.0,-5.0
1976-01-11T00:00:00,0.0,15.0,-9.4
1976-01-12T00:00:00,0.0,20.6,-2.8
1976-01-13T00:00:00,0.0,20.0,0.0
1976-01-14T00:00:00,0.0,12.2,-8.3
1976-01-15T00:00:00,0.0,17.2,-6.7
1976-01-16T00:00:00,0.0,16.7,-1.1
1976-01-17T00:00:00,0.0,17.8,-3.9
1976-01-18T00:00:00,0.0,22.8,0.6
1976-01-19T00:00:00,0.0,15.6,2.2
1976-01-20T00:00:00,0.0,8.9,-5.6
1976-01-21T00:00:00,0.0,15.0,-7.8
1976-01-22T00:00:00,0.0,19.4,-2.2
1976-01-23T00:00:00,0.0,21.1,5.6
1976-01-24T00:00:00,0.0,18.3,6.7
1976-01-25T00:00:00,0.0,15.0,-1.7
1976-01-26T00:00:00,2.0,8.3,-5.0
1976-01-27T00:00:00,0.0,6.1,-5.0
1976-01-28T00:00:00,0.0,9.4,-6.7
1976-01-29T00:00:00,0.0,15.0,-3.9
1976-01-30T00:00:00,0.0,17.2,-3.3
1976-01-31T00:00:00,0.0,19.4,-1.7
1976-02-01T00:00:00,0.0,21.1,-2.2
1976-02-02T00:00:00,0.0,21.7,2.8
1976-02-03T00:00:00,0.0,23.3,3.3
1976-02-04T00:00:00,0.0,18.3,5.6
1976-02-05T00:00:00,0.0,18.3,2.2
1976-02-06T00:00:00,0.0,12.8,-6.7
1976-02-07T00:00:00,0.0,11.7,-2.8
1976-02-08T00:00:00,0.0,22.8,1.1
1976-02-09T00:00:00,0.0,25.6,8.3
1976-02-10T00:00:00,0.0,23.3,13.3
1976-02-11T00:00:00,0.0,18.3,2.8
1976-02-12T00:00:00,0.0,23.9,4.4
1976-02-13T00:00:00,0.0,21.1,3.9
1976-02-14T00:00:00,0.0,21.1,6.1
1976-02-15T00:00:00,0.0,22.8,0.6
1976-02-16T00:00:00,0.0,20.0,-1.7
1976-02-17T00:00:00,0.0,19.4,0.6
1976-02-18T00:00:00,0.0,23.3,-2.8
1976-02-19T00:00:00,0.0,21.7,-0.6
1976-02-20T00:00:00,0.0,20.6,7.2
1976-02-21T00:00:00,0.0,11.7,-6.7
1976-02-22T00:00:00,0.0,15.6,-6.7
1976-02-23T00:00:00,0.0,20.0,-1.1
1976-02-24T00:00:00,0.0,23.9,0.6
1976-02-25T00:00:00,0.0,21.1,-0.6
1976-02-26T00:00:00,0.0,24.4,-0.6
1976-02-27T00:00:00,0.0,27.2,0.6
1976-02-28T00:00:00,0.0,27.8,7.2
1976-02-29T00:00:00,0.0,27.8,5.6
1976-03-01T00:00:00,0.0,25.0,8.9
1976-03-02T00:00:00,0.0,22.8,10.0
1976-03-03T00:00:00,0.0,25.0,8.9
1976-03-04T00:00:00,0.0,21.1,2.2
1976-03-05T00:00:00,0.0,12.2,-7.8
1976-03-06T00:00:00,0.0,13.3,-6.1
1976-03-07T00:00:00,0.0,11.1,2.8
1976-03-08T00:00:00,0.0,16.7,-2.8
1976-03-09T00:00:00,0.0,20.0,-1.1
1976-03-10T00:00:00,0.0,21.1,0.6
1976-03-11T00:00:00,0.0,20.0,5.6
1976-03-12T00:00:00,0.0,20.0,-3.9
1976-03-13T00:00:00,0.0,19.4,-7.8
1976-03-14T00:00:00,0.0,23.3,-3.3
1976-03-15T00:00:00,0.0,23.3,2.8
1976-03-16T00:00:00,0.0,18.3,-6.7
1976-03-17T00:00:00,0.0,25.6,5.0
1976-03-18T00:00:00,0.0,28.3,7.8
1976-03-19T00:00:00,0.0,27.8,9.4
1976-03-20T00:00:00,0.0,23.3,7.2
1976-03-21T00:00:00,0.0,21.1,-4.4
1976-03-22T00:00:00,0.0,21.1,0.6
1976-03-23T00:00:00,0.0,19.4,-0.6
1976-03-24T00:00:00,0.0,26.1,4.4
1976-03-25T00:00:00,0.0,27.8,5.0
1976-03-26T00:00:00,0.0,25.0,7.2
1976-03-27T00:00:00,0.0,22.8,-2.2
1976-03-28T00:00:00,0.0,21.1,3.9
1976-03-29T00:00:00,0.0,17.2,2.2
1976-03-30T00:00:00,7.1,8.9,-0.6
1976-03-31T00:00:00,0.0,21.7,-1.1
1976-04-01T00:00:00,0.0,26.1,-1.1
1976-04-02T00:00:00,0.0,25.6,2.2
1976-04-03T00:00:00,0.0,23.9,8.3
1976-04-04T00:00:00,0.0,23.3,10.0
1976-04-05T00:00:00,0.0,18.3,7.2
1976-04-06T00:00:00,0.0,20.6,3.9
1976-04-07T00:00:00,0.0,23.3,5.0
1976-04-08T00:00:00,0.0,17.2,5.6
1976-04-09T00:00:00,0.0,21.1,7.2
1976-04-10T00:00:00,0.0,21.7,7.8
1976-04-11T00:00:00,0.0,20.6,8.3
1976-04-12T00:00:00,0.0,22.2,6.1
1976-04-13T00:00:00,0.0,26.1,7.8
1976-04-14T00:00:00,0.0,25.0,9.4
1976-04-15T00:00:00,0.0,20.6,6.7
1976-04-16T00:00:00,0.0,20.6,5.6
1976-04-17T00:00:00,0.0,14.4,1.7
1976-04-18T00:00:00,0.0,21.1,7.8
1976-04-19T00:00:00,0.0,20.6,5.6
1976-04-20T00:00:00,0.0,21.7,5.0
1976-04-21T00:00:00,0.0,25.6,5.0
1976-04-22T00:00:00,0.0,26.1,3.9
1976-04-23T00:00:00,0.0,27.8,8.3
1976-04-24T00:00:00,0.0,25.6,10.0
1976-04-25T00:00:00,0.0,30.6,5.0
1976-04-26T00:00:00,0.0,30.0,6.7
1976-04-27T00:00:00,0.0,28.9,8.9
1976-04-28T00:00:00,0.0,30.0,7.2
1976-04-29T00:00:00,1.3,29.4,11.1
1976-04-30T00:00:00,1.3,20.6,7.8
1976-05-01T00:00:00,8.1,17.2,2.2
1976-05-02T00:00:00,0.0,27.8,4.4
1976-05-03T00:00:00,0.0,26.7,7.2
1976-05-04T00:00:00,0.0,27.2,11.7
1976-05-05T00:00:00,23.1,23.9,7.2
1976-05-06T00:00:00,0.0,21.1,7.8
1976-05-07T00:00:00,3.8,19.4,7.2
1976-05-08T00:00:00,0.0,12.8,7.2
1976-05-09T00:00:00,0.0,25.0,8.9
1976-05-10T00:00:00,0.0,29.4,10.6
1976-05-11T00:00:00,0.0,30.6,10.0
1976-05-12T00:00:00,0.0,32.2,13.9
1976-05-13T00:00:00,0.0,27.8,6.7
1976-05-14T00:00:00,0.0,31.7,8.3
1976-05-15T00:00:00,0.0,32.8,7.2
1976-05-16T00:00:00,0.0,29.4,11.1
1976-05-17T00:00:00,0.0,23.9,12.2
1976-05-18T00:00:00,0.0,26.7,7.8
1976-05-19T00:00:00,0.0,26.7,7.2
1976-05-20T00:00:00,2.0,27.2,11.7
1976-05-21T00:00:00,0.0,31.1,12.8
1976-05-22T00:00:00,0.0,31.7,13.9
1976-05-23T00:00:00,0.0,31.7,11.7
1976-05-24T00:00:00,0.0,31.7,12.8
1976-05-25T00:00:00,0.0,29.4,16.7
1976-05-26T00:00:00,0.0,28.3,11.7
1976-05-27T00:00:00,0.0,28.9,8.9
1976-05-28T00:00:00,0.0,32.2,11.7
1976-05-29T00:00:00,0.0,32.8,12.8
1976-05-30T00:00:00,0.0,28.3,11.1
1976-05-31T00:00:00,0.0,33.3,11.1
1976-06-01T00:00:00,0.0,32.8,10.0
1976-06-02T00:00:00,0.0,33.9,11.7
1976-06-03T00:00:00,30.7,33.9,11.7
1976-06-04T00:00:00,0.0,29.4,15.0
1976-06-05T00:00:00,0.0,28.3,14.4
1976-06-06T00:00:00,0.0,28.9,13.9
1976-06-07T00:00:00,0.0,26.1,15.6
1976-06-08T00:00:00,2.5,31.1,12.2
1976-06-09T00:00:00,1.8,33.3,13.3
1976-06-10T00:00:00,0.0,36.1,14.4
1976-06-11T00:00:00,0.0,33.3,12.8
1976-06-12T00:00:00,0.0,33.3,11.1
1976-06-13T00:00:00,0.0,36.1,15.6
1976-06-14T00:00:00,0.0,35.6,16.7
1976-06-15T00:00:00,0.0,34.4,15.6
1976-06-16T00:00:00,0.0,35.0,8.9
1976-06-17T00:00:00,0.0,37.2,17.2
1976-06-18T00:00:00,0.0,35.6,16.1
1976-06-19T00:00:00,0.0,31.1,15.0
1976-06-20T00:00:00,0.0,35.0,17.8
1976-06-21T00:00:00,0.0,39.4,16.7
1976-06-22T00:00:00,0.0,40.0,21.1
1976-06-23T00:00:00,0.0,37.2,23.9
1976-06-24T00:00:00,0.0,33.3,14.4
1976-06-25T00:00:00,0.0,33.3,14.4
1976-06-26T00:00:00,0.0,34.4,11.7
1976-06-27T00:00:00,0.0,34.4,14.4
1976-06-28T00:00:00,0.0,35.0,13.3
1976-06-29T00:00:00,0.0,35.0,15.0
1976-06-30T00:00:00,0.0,33.3,15.6
1976-07-01T00:00:00,0.0,35.0,15.0
1976-07-02T00:00:00,0.0,35.0,15.6
1976-07-03T00:00:00,0.0,35.0,15.6
1976-07-04T00:00:00,13.7,33.9,15.6
1976-07-05T00:00:00,0.0,33.3,16.1
1976-07-06T00:00:00,0.0,31.7,15.6
1976-07-07T00:00:00,0.0,31.1,15.0
1976-07-08T00:00:00,0.0,31.7,13.3
1976-07-09T00:00:00,0.0,32.8,13.3
1976-07-10T00:00:00,0.0,31.7,17.8
1976-07-11T00:00:00,0.0,29.4,16.7
1976-07-12T00:00:00,13.5,27.8,16.7
1976-07-13T00:00:00,0.0,26.7,14.4
1976-07-14T00:00:00,0.0,28.9,13.3
1976-07-15T00:00:00,0.0,28.9,12.2
1976-07-16T00:00:00,34.3,28.3,15.6
1976-07-17T00:00:00,0.0,30.6,16.7
1976-07-18T00:00:00,0.0,30.0,16.7
1976-07-19T00:00:00,0.0,32.2,16.7
1976-07-20T00:00:00,0.0,31.7,17.8
1976-07-21T00:00:00,0.0,32.2,16.7
1976-07-22T00:00:00,0.0,31.1,15.6
1976-07-23T00:00:00,0.0,30.0,13.9
1976-07-24T00:00:00,0.0,30.0,16.7
1976-07-25T00:00:00,0.0,31.7,10.0
1976-07-26T00:00:00,6.4,32.8,10.6
1976-07-27T00:00:00,0.0,31.7,12.2
1976-07-28T00:00:00,19.3,35.0,17.2
1976-07-29T00:00:00,3.8,31.7,16.1
1976-07-30T00:00:00,3.8,32.2,16.1
1976-07-31T00:00:00,0.0,32.2,20.0
1976-08-01T00:00:00,0.0,32.2,18.9
1976-08-02T00:00:00,0.0,30.0,17.2
1976-08-03T00:00:00,0.0,31.7,16.1
1976-08-04T00:00:00,0.0,35.0,17.2
1976-08-05T00:00:00,0.0,37.2,17.2
1976-08-06T00:00:00,0.0,36.7,16.7
1976-08-07T00:00:00,0.0,35.6,15.0
1976-08-08T00:00:00,0.0,35.0,15.6
1976-08-09T00:00:00,0.0,35.0,13.9
1976-08-10T00:00:00,0.0,35.0,16.1
1976-08-11T00:00:00,0.0,36.7,16.1
1976-08-12T00:00:00,0.0,37.2,15.0
1976-08-13T00:00:00,0.0,35.6,17.8
1976-08-14T00:00:00,0.0,36.7,15.6
1976-08-15T00:00:00,0.0,37.2,15.0
1976-08-16T00:00:00,0.0,34.4,18.3
1976-08-17T00:00:00,0.0,32.2,15.6
1976-08-18T00:00:00,0.0,32.8,16.1
1976-08-19T00:00:00,0.0,31.7,15.0
1976-08-20T00:00:00,0.0,32.2,15.6
1976-08-21T00:00:00,0.0,33.3,16.7
1976-08-22T00:00:00,0.0,32.2,16.7
1976-08-23T00:00:00,0.0,32.8,15.0
1976-08-24T00:00:00,0.0,32.8,15.6
1976-08-25T00:00:00,0.0,33.3,14.4
1976-08-26T00:00:00,0.0,34.4,13.3
1976-08-27T00:00:00,0.0,32.8,15.6
1976-08-28T00:00:00,0.0,31.1,15.6
1976-08-29T00:00:00,0.0,30.0,11.7
1976-08-30T00:00:00,0.0,28.9,16.1
1976-08-31T00:00:00,0.0,30.6,12.2
1976-09-01T00:00:00,0.0,27.8,13.9
1976-09-02T00:00:00,0.0,27.8,12.8
1976-09-03T00:00:00,0.0,28.3,13.3
1976-09-04T00:00:00,0.0,33.9,15.6
1976-09-05T00:00:00,0.0,29.4,15.6
1976-09-06T00:00:00,0.0,30.0,15.6
1976-09-07T00:00:00,0.0,30.0,17.2
1976-09-08T00:00:00,0.0,32.2,15.6
1976-09-09T00:00:00,0.0,22.2,10.0
1976-09-10T00:00:00,0.0,21.1,11.1
1976-09-11T00:00:00,0.0,27.2,14.4
1976-09-12T00:00:00,0.0,32.2,11.7
1976-09-13T00:00:00,0.0,31.7,15.0
1976-09-14T00:00:00,0.0,28.9,15.6
1976-09-15T00:00:00,0.0,27.8,15.6
1976-09-16T00:00:00,6.9,29.4,16.1
1976-09-17T00:00:00,0.0,30.0,16.7
1976-09-18T00:00:00,0.0,25.6,12.2
1976-09-19T00:00:00,0.0,24.4,13.3
1976-09-20T00:00:00,0.0,25.0,11.1
1976-09-21T00:00:00,0.0,26.1,11.7
1976-09-22T00:00:00,0.0,23.9,11.1
1976-09-23T00:00:00,0.0,24.4,10.6
1976-09-24T00:00:00,0.0,23.9,9.4
1976-09-25T00:00:00,5.6,21.7,7.8
1976-09-26T00:00:00,19.1,21.1,7.8
1976-09-27T00:00:00,5.3,20.0,5.6
1976-09-28T00:00:00,19.8,21.1,4.4
1976-09-29T00:00:00,0.0,20.6,3.9
1976-09-30T00:00:00,0.0,20.0,4.4
1976-10-01T00:00:00,,,
1976-10-02T00:00:00,,,
1976-10-03T00:00:00,,,
1976-10-04T00:00:00,,,
1976-10-05T00:00:00,,,
1976-10-06T00:00:00,,,
1976-10-07T00:00:00,,,
1976-10-08T00:00:00,,,
1976-10-09T00:00:00,,,
1976-10-10T00:00:00,,,
1976-10-11T00:00:00,,,
1976-10-12T00:00:00,,,
1976-10-13T00:00:00,,,
1976-10-14T00:00:00,,,
1976-10-15T00:00:00,0.0,20.0,4.4
1976-10-16T00:00:00,0.0,20.6,-1.1
1976-10-17T00:00:00,0.0,16.1,0.6
1976-10-18T00:00:00,0.0,17.2,4.4
1976-10-19T00:00:00,0.0,14.4,-1.1
1976-10-20T00:00:00,0.0,20.0,-1.1
1976-10-21T00:00:00,0.0,20.0,5.6
1976-10-22T00:00:00,0.0,21.1,4.4
1976-10-23T00:00:00,0.0,23.9,11.7
1976-10-24T00:00:00,0.0,22.8,13.9
1976-10-25T00:00:00,0.0,19.4,12.8
1976-10-26T00:00:00,0.0,21.7,5.6
1976-10-27T00:00:00,0.0,20.0,4.4
1976-10-28T00:00:00,,4.4,0.0
1976-10-29T00:00:00,0.0,2.8,-0.6
1976-10-30T00:00:00,0.0,12.8,2.8
1976-10-31T00:00:00,0.0,20.0,2.2
1976-11-01T00:00:00,0.0,17.2,2.2
1976-11-02T00:00:00,0.0,20.6,5.0
1976-11-03T00:00:00,0.0,21.1,6.1
1976-11-04T00:00:00,0.0,15.6,7.2
1976-11-05T00:00:00,0.0,17.8,3.9
1976-11-06T00:00:00,0.0,20.6,5.6
1976-11-07T00:00:00,0.0,21.1,4.4
1976-11-08T00:00:00,0.0,9.4,-1.7
1976-11-09T00:00:00,0.0,21.1,5.0
1976-11-10T00:00:00,0.0,21.7,7.2
1976-11-11T00:00:00,0.0,23.3,6.1
1976-11-12T00:00:00,0.0,11.1,-1.7
1976-11-13T00:00:00,25.9,0.6,-7.8
1976-11-14T00:00:00,0.0,0.0,-13.3
1976-11-15T00:00:00,0.0,6.1,-8.9
1976-11-16T00:00:00,0.0,9.4,-5.0
1976-11-17T00:00:00,0.0,10.0,-2.2
1976-11-18T00:00:00,0.0,12.2,0.6
1976-11-19T00:00:00,0.0,15.6,5.0
1976-11-20T00:00:00,0.0,17.8,3.9
1976-11-21T00:00:00,0.0,18.3,3.9
1976-11-22T00:00:00,0.0,7.2,-3.9
1976-11-23T00:00:00,0.0,11.1,5.6
1976-11-24T00:00:00,0.0,13.3,-1.1
1976-11-25T00:00:00,0.0,16.7,6.7
1976-11-26T00:00:00,0.0,21.1,13.3
1976-11-27T00:00:00,0.0,15.6,-6.1
1976-11-28T00:00:00,0.5,-3.9,-13.9
1976-11-29T00:00:00,0.0,-1.7,-20.0
1976-11-30T00:00:00,0.0,2.8,-12.2
1976-12-01T00:00:00,0.0,5.0,-8.3
1976-12-02T00:00:00,0.0,5.6,-8.3
1976-12-03T00:00:00,0.0,16.1,-3.9
1976-12-04T00:00:00,0.0,15.6,-3.9
1976-12-05T00:00:00,0.0,10.0,-3.9
1976-12-06T00:00:00,0.0,12.8,-0.6
1976-12-07T00:00:00,0.0,2.2,-6.7
1976-12-08T00:00:00,0.0,15.6,-3.9
1976-12-09T00:00:00,0.0,17.2,-3.9
1976-12-10T00:00:00,0.0,15.6,-3.3
1976-12-11T00:00:00,0.0,7.8,-6.1
1976-12-12T00:00:00,0.0,9.4,-6.1
1976-12-13T00:00:00,0.0,13.9,-2.2
1976-12-14T00:00:00,0.0,10.6,-2.8
1976-12-15T00:00:00,0.0,11.1,-2.2
1976-12-16T00:00:00,0.0,13.9,-2.8
1976-12-17T00:00:00,0.0,15.0,-1.7
1976-12-18T00:00:00,0.0,13.9,1.7
1976-12-19T00:00:00,0.0,16.7,2.2
1976-12-20T00:00:00,0.0,18.3,-6.7
1976-12-21T00:00:00,0.0,7.8,-6.1
1976-12-22T00:00:00,0.0,7.2,-5.0
1976-12-23T00:00:00,0.0,10.6,-8.3
1976-12-24T00:00:00,0.0,10.0,-4.4
1976-12-25T00:00:00,0.0,9.4,-6.1
1976-12-26T00:00:00,0.0,10.0,-3.9
1976-12-27T00:00:00,0.0,16.7,-3.3
1976-12-28T00:00:00,0.0,20.0,-1.7
1976-12-29T00:00:00,0.0,13.3,-3.9
1976-12-30T00:00:00,0.0,18.3,-3.3
1976-12-31T00:00:00,0.0,15.6,-11.7
1977-01-01T00:00:00,0.0,14.4,-11.1
1977-01-02T00:00:00,0.0,2.2,-11.7
1977-01-03T00:00:00,0.0,12.8,-11.1
1977-01-04T00:00:00,0.0,16.7,-10.0
1977-01-05T00:00:00,0.0,15.6,-1.1
1977-01-06T00:00:00,0.0,5.6,-8.9
1977-01-07T00:00:00,0.0,13.3,-5.0
1977-01-08T00:00:00,0.0,16.1,-1.7
1977-01-09T00:00:00,0.0,4.4,-20.6
1977-01-10T00:00:00,0.0,-3.3,-16.7
1977-01-11T00:00:00,0.0,5.6,-10.6
1977-01-12T00:00:00,0.0,10.6,-5.0
1977-01-13T00:00:00,0.0,5.0,-6.1
1977-01-14T00:00:00,0.0,13.9,-4.4
1977-01-15T00:00:00,0.0,11.7,-1.7
1977-01-16T00:00:00,0.0,15.6,-6.7
1977-01-17T00:00:00,0.0,2.2,-8.3
1977-01-18T00:00:00,0.0,13.9,-3.9
1977-01-19T00:00:00,0.0,10.6,-1.1
1977-01-20T00:00:00,0.0,18.9,-3.9
1977-01-21T00:00:00,0.0,14.4,-1.1
1977-01-22T00:00:00,2.5,9.4,1.7
1977-01-23T00:00:00,0.0,15.0,1.1
1977-01-24T00:00:00,0.0,10.0,0.6
1977-01-25T00:00:00,0.0,10.6,-3.9
1977-01-26T00:00:00,0.0,16.7,0.6
1977-01-27T00:00:00,0.0,16.1,1.1
1977-01-28T00:00:00,0.0,18.3,1.7
1977-01-29T00:00:00,0.0,12.8,-6.1
1977-01-30T00:00:00,0.0,4.4,-3.9
1977-01-31T00:00:00,0.0,1.7,-9.4
1977-02-01T00:00:00,0.0,5.6,-1.1
1977-02-02T00:00:00,0.0,11.1,0.6
1977-02-03T00:00:00,0.0,9.4,-3.3
1977-02-04T00:00:00,0.0,11.1,-2.8
1977-02-05T00:00:00,0.0,14.4,-3.9
1977-02-06T00:00:00,0.0,13.9,3.9
1977-02-07T00:00:00,0.0,14.4,-0.6
1977-02-08T00:00:00,0.0,10.0,-5.6
1977-02-09T00:00:00,0.0,15.6,-3.9
1977-02-10T00:00:00,0.0,14.4,-1.7
1977-02-11T00:00:00,2.8,5.0,0.6
1977-02-12T00:00:00,0.0,5.6,1.1
1977-02-13T00:00:00,0.0,10.6,4.4
1977-02-14T00:00:00,0.0,17.8,5.0
1977-02-15T00:00:00,0.0,17.2,4.4
1977-02-16T00:00:00,0.0,14.4,5.0
1977-02-17T00:00:00,0.0,15.6,5.0
1977-02-18T00:00:00,0.0,16.7,6.1
1977-02-19T00:00:00,0.0,17.2,6.7
1977-02-20T00:00:00,0.0,15.0,6.1
1977-02-21T00:00:00,0.0,20.0,2.2
1977-02-22T00:00:00,0.0,25.0,11.7
1977-02-23T00:00:00,0.0,24.4,4.4
1977-02-24T00:00:00,0.0,17.2,10.0
1977-02-25T00:00:00,0.0,21.1,-1.7
1977-02-26T00:00:00,0.0,21.7,0.0
1977-02-27T00:00:00,0.0,10.6,-3.3
1977-02-28T00:00:00,0.0,11.1,-5.6
1977-03-01T00:00:00,0.0,16.7,-1.7
1977-03-02T00:00:00,0.0,20.0,1.7
1977-03-03T00:00:00,0.0,13.3,-5.0
1977-03-04T00:00:00,0.0,11.7,-2.2
1977-03-05T00:00:00,0.5,13.9,-2.8
1977-03-06T00:00:00,0.0,0.0,-7.2
1977-03-07T00:00:00,0.0,12.8,-1.7
1977-03-08T00:00:00,0.0,21.1,0.6
1977-03-09T00:00:00,0.0,23.3,6.1
1977-03-10T00:00:00,0.0,23.9,8.3
1977-03-11T00:00:00,0.0,20.0,-1.7
1977-03-12T00:00:00,0.0,16.7,-2.8
1977-03-13T00:00:00,0.0,21.1,3.3
1977-03-14T00:00:00,0.0,22.2,7.2
1977-03-15T00:00:00,0.0,23.3,-0.6
1977-03-16T00:00:00,0.0,20.0,1.7
1977-03-17T00:00:00,0.0,19.4,10.6
1977-03-18T00:00:00,0.0,22.2,-0.6
1977-03-19T00:00:00,0.0,20.0,-1.1
1977-03-20T00:00:00,0.0,17.8,4.4
1977-03-21T00:00:00,0.0,21.7,-2.2
1977-03-22T00:00:00,0.0,23.3,-3.9
1977-03-23T00:00:00,0.0,20.0,0.0
1977-03-24T00:00:00,0.0,17.8,1.1
1977-03-25T00:00:00,0.0,23.9,6.1
1977-03-26T00:00:00,0.0,21.7,11.1
1977-03-27T00:00:00,0.5,16.7,2.8
1977-03-28T00:00:00,0.0,14.4,5.0
1977-03-29T00:00:00,0.0,18.9,5.0
1977-03-30T00:00:00,0.0,18.3,-1.7
1977-03-31T00:00:00,0.0,18.9,2.8
1977-04-01T00:00:00,0.0,21.7,4.4
1977-04-02T00:00:00,0.0,21.1,-1.1
1977-04-03T00:00:00,0.0,20.0,2.8
1977-04-04T00:00:00,0.0,15.0,-3.9
1977-04-05T00:00:00,0.0,13.3,-0.6
1977-04-06T00:00:00,0.0,20.6,1.7
1977-04-07T00:00:00,0.0,21.7,4.4
1977-04-08T00:00:00,0.0,27.2,6.1
1977-04-09T00:00:00,0.0,28.9,8.9
1977-04-10T00:00:00,0.0,28.3,12.2
1977-04-11T00:00:00,0.0,28.9,6.1
1977-04-12T00:00:00,0.0,28.3,6.7
1977-04-13T00:00:00,0.0,28.3,10.6
1977-04-14T00:00:00,22.9,21.1,8.9
1977-04-15T00:00:00,0.0,16.1,6.1
1977-04-16T00:00:00,0.0,21.1,6.7
1977-04-17T00:00:00,0.0,22.2,4.4
1977-04-18T00:00:00,0.0,22.8,7.2
1977-04-19T00:00:00,0.0,23.9,9.4
1977-04-20T00:00:00,0.0,22.2,7.2
1977-04-21T00:00:00,0.0,21.7,9.4
1977-04-22T00:00:00,0.0,18.9,4.4
1977-04-23T00:00:00,0.0,20.0,7.2
1977-04-24T00:00:00,0.0,22.2,10.0
1977-04-25T00:00:00,0.0,22.8,10.6
1977-04-26T00:00:00,0.0,24.4,8.9
1977-04-27T00:00:00,0.0,23.9,7.8
1977-04-28T00:00:00,0.0,25.0,8.3
1977-04-29T00:00:00,0.0,28.9,7.2
1977-04-30T00:00:00,0.0,27.2,7.8
1977-05-01T00:00:00,0.0,28.3,10.0
1977-05-02T00:00:00,0.0,27.8,9.4
1977-05-03T00:00:00,0.0,27.2,10.0
1977-05-04T00:00:00,0.8,26.1,8.9
1977-05-05T00:00:00,0.0,26.7,10.6
1977-05-06T00:00:00,0.0,25.6,6.7
1977-05-07T00:00:00,0.0,26.1,7.8
1977-05-08T00:00:00,0.0,25.6,7.2
1977-05-09T00:00:00,0.0,26.7,13.3
1977-05-10T00:00:00,0.0,26.7,10.6
1977-05-11T00:00:00,0.0,27.8,11.1
1977-05-12T00:00:00,20.3,25.6,10.0
1977-05-13T00:00:00,0.0,27.2,11.7
1977-05-14T00:00:00,0.0,24.4,10.0
1977-05-15T00:00:00,0.0,23.9,11.1
1977-05-16T00:00:00,0.0,26.7,7.2
1977-05-17T00:00:00,0.0,26.1,8.3
1977-05-18T00:00:00,0.0,26.7,9.4
1977-05-19T00:00:00,0.0,27.2,7.8
1977-05-20T00:00:00,0.0,26.7,8.3
1977-05-21T00:00:00,0.0,26.1,7.2
1977-05-22T00:00:00,0.0,27.2,6.7
1977-05-23T00:00:00,0.0,28.9,11.7
1977-05-24T00:00:00,0.0,28.3,12.8
1977-05-25T00:00:00,1.5,27.8,11.1
1977-05-26T00:00:00,0.0,27.2,15.0
1977-05-27T00:00:00,0.0,28.9,12.8
1977-05-28T00:00:00,0.0,28.3,12.8
1977-05-29T00:00:00,0.0,27.8,12.2
1977-05-30T00:00:00,0.0,35.0,7.2
1977-05-31T00:00:00,0.0,36.7,18.9
1977-06-01T00:00:00,0.0,34.4,13.3
1977-06-02T00:00:00,0.0,32.8,
1977-06-03T00:00:00,0.0,33.9,13.9
1977-06-04T00:00:00,0.0,35.0,14.4
1977-06-05T00:00:00,0.0,33.3,13.9
1977-06-06T00:00:00,0.0,31.7,12.8
1977-06-07T00:00:00,0.0,31.1,18.3
1977-06-08T00:00:00,0.0,30.0,13.9
1977-06-09T00:00:00,0.0,31.7,15.6
1977-06-10T00:00:00,0.0,31.1,15.0
1977-06-11T00:00:00,0.0,33.3,13.9
1977-06-12T00:00:00,0.0,32.8,14.4
1977-06-13T00:00:00,0.0,35.6,16.1
1977-06-14T00:00:00,0.0,38.3,16.7
1977-06-15T00:00:00,0.0,37.2,16.1
1977-06-16T00:00:00,0.0,36.7,16.7
1977-06-17T00:00:00,0.0,40.6,18.3
1977-06-18T00:00:00,0.0,41.1,16.7
1977-06-19T00:00:00,0.0,38.9,16.1
1977-06-20T00:00:00,4.1,37.8,18.3
1977-06-21T00:00:00,0.0,33.3,20.6
1977-06-22T00:00:00,0.0,31.7,17.2
1977-06-23T00:00:00,20.3,29.4,15.6
1977-06-24T00:00:00,12.7,22.2,18.3
1977-06-25T00:00:00,0.0,28.3,16.7
1977-06-26T00:00:00,0.0,30.6,17.2
1977-06-27T00:00:00,0.0,32.8,20.0
1977-06-28T00:00:00,0.5,35.6,20.6
1977-06-29T00:00:00,13.5,35.0,18.3
1977-06-30T00:00:00,0.0,32.2,19.4
1977-07-01T00:00:00,0.0,34.4,17.8
1977-07-02T00:00:00,0.0,35.0,18.3
1977-07-03T00:00:00,0.0,33.3,16.7
1977-07-04T00:00:00,0.0,34.4,18.3
1977-07-05T00:00:00,2.5,32.8,18.3
1977-07-06T00:00:00,0.8,34.4,17.2
1977-07-07T00:00:00,0.0,35.6,12.8
1977-07-08T00:00:00,0.0,32.8,13.9
1977-07-09T00:00:00,0.0,33.3,13.9
1977-07-10T00:00:00,0.0,38.3,16.1
1977-07-11T00:00:00,0.0,37.8,16.1
1977-07-12T00:00:00,0.0,35.0,16.1
1977-07-13T00:00:00,0.0,36.1,17.8
1977-07-14T00:00:00,0.0,35.0,17.2
1977-07-15T00:00:00,0.0,33.3,16.7
1977-07-16T00:00:00,0.0,35.0,16.7
1977-07-17T00:00:00,0.0,35.0,16.7
1977-07-18T00:00:00,0.0,34.4,16.1
1977-07-19T00:00:00,0.0,34.4,17.2
1977-07-20T00:00:00,0.0,36.1,17.8
1977-07-21T00:00:00,0.0,30.6,17.8
1977-07-22T00:00:00,0.0,31.1,17.8
1977-07-23T00:00:00,9.4,31.1,17.8
1977-07-24T00:00:00,0.0,35.0,16.7
1977-07-25T00:00:00,0.0,36.1,17.8
1977-07-26T00:00:00,0.0,35.6,18.3
1977-07-27T00:00:00,0.0,36.7,20.6
1977-07-28T00:00:00,6.1,35.6,18.3
1977-07-29T00:00:00,0.0,35.0,16.7
1977-07-30T00:00:00,0.0,36.1,16.7
1977-07-31T00:00:00,0.0,38.3,18.9
1977-08-01T00:00:00,0.0,36.1,13.9
1977-08-02T00:00:00,6.4,35.0,17.8
1977-08-03T00:00:00,0.0,37.2,19.4
1977-08-04T00:00:00,0.0,40.0,21.7
1977-08-05T00:00:00,0.0,37.2,18.9
1977-08-06T00:00:00,0.0,35.6,15.6
1977-08-07T00:00:00,0.0,36.1,15.0
1977-08-08T00:00:00,0.0,38.3,15.6
1977-08-09T00:00:00,7.9,37.2,15.6
1977-08-10T00:00:00,0.0,32.2,18.9
1977-08-11T00:00:00,6.1,30.6,18.9
1977-08-12T00:00:00,40.9,27.8,16.7
1977-08-13T00:00:00,0.0,29.4,16.7
1977-08-14T00:00:00,0.0,32.2,18.9
1977-08-15T00:00:00,1.0,32.2,18.3
1977-08-16T00:00:00,0.0,34.4,18.9
1977-08-17T00:00:00,0.0,34.4,18.9
1977-08-18T00:00:00,0.0,34.4,20.0
1977-08-19T00:00:00,0.0,35.6,20.0
1977-08-20T00:00:00,0.0,31.1,19.4
1977-08-21T00:00:00,2.5,31.7,20.0
1977-08-22T00:00:00,0.0,34.4,17.8
1977-08-23T00:00:00,0.0,37.8,20.0
1977-08-24T00:00:00,0.0,36.1,18.9
1977-08-25T00:00:00,0.0,36.7,17.8
1977-08-26T00:00:00,0.0,37.2,21.1
1977-08-27T00:00:00,0.0,34.4,23.3
1977-08-28T00:00:00,0.0,33.3,16.7
1977-08-29T00:00:00,0.0,30.6,18.9
1977-08-30T00:00:00,0.0,33.3,16.1
1977-08-31T00:00:00,0.0,34.4,16.7
1977-09-01T00:00:00,0.0,32.2,16.1
1977-09-02T00:00:00,0.0,35.0,16.1
1977-09-03T00:00:00,0.0,33.3,16.1
1977-09-04T00:00:00,1.5,35.6,16.7
1977-09-05T00:00:00,39.4,30.0,16.1
1977-09-06T00:00:00,0.0,30.6,15.0
1977-09-07T00:00:00,0.0,31.1,14.4
1977-09-08T00:00:00,0.0,33.9,12.2
1977-09-09T00:00:00,0.0,29.4,18.9
1977-09-10T00:00:00,0.0,31.1,15.0
1977-09-11T00:00:00,0.0,31.7,12.8
1977-09-12T00:00:00,0.0,31.1,17.8
1977-09-13T00:00:00,0.0,28.9,12.8
1977-09-14T00:00:00,0.3,29.4,11.7
1977-09-15T00:00:00,0.0,33.3,11.7
1977-09-16T00:00:00,0.0,33.3,15.0
1977-09-17T00:00:00,0.0,33.9,18.9
1977-09-18T00:00:00,0.0,32.2,14.4
1977-09-19T00:00:00,0.0,30.6,11.1
1977-09-20T00:00:00,0.0,35.6,14.4
1977-09-21T00:00:00,0.0,36.7,14.4
1977-09-22T00:00:00,0.0,32.8,16.1
1977-09-23T00:00:00,1.3,32.2,17.2
1977-09-24T00:00:00,0.0,33.9,13.3
1977-09-25T00:00:00,0.0,35.6,13.9
1977-09-26T00:00:00,0.0,35.6,17.2
1977-09-27T00:00:00,0.0,36.7,17.2
1977-09-28T00:00:00,0.0,35.6,16.1
1977-09-29T00:00:00,0.0,37.2,17.8
1977-09-30T00:00:00,0.0,36.1,16.7
1977-10-01T00:00:00,0.0,31.7,12.8
1977-10-02T00:00:00,0.0,25.6,11.1
1977-10-03T00:00:00,0.0,24.4,12.8
1977-10-04T00:00:00,7.9,23.3,12.2
1977-10-05T00:00:00,0.0,26.1,14.4
1977-10-06T00:00:00,0.0,22.2,12.8
1977-10-07T00:00:00,5.1,26.1,16.1
1977-10-08T00:00:00,0.0,21.7,16.1
1977-10-09T00:00:00,5.1,23.3,11.1
1977-10-10T00:00:00,0.0,27.2,12.2
1977-10-11T00:00:00,0.0,24.4,1.7
1977-10-12T00:00:00,0.0,18.9,1.1
1977-10-13T00:00:00,0.0,26.1,2.2
1977-10-14T00:00:00,0.0,28.3,8.3
1977-10-15T00:00:00,0.0,26.1,8.3
1977-10-16T00:00:00,0.0,26.7,2.8
1977-10-17T00:00:00,0.0,29.4,7.8
1977-10-18T00:00:00,0.0,26.1,7.2
1977-10-19T00:00:00,0.0,28.3,8.9
1977-10-20T00:00:00,0.0,28.9,8.3
1977-10-21T00:00:00,0.0,27.2,6.7
1977-10-22T00:00:00,0.0,24.4,7.8
1977-10-23T00:00:00,0.0,21.7,5.6
1977-10-24T00:00:00,0.0,28.9,8.3
1977-10-25T00:00:00,0.0,27.2,7.8
1977-10-26T00:00:00,0.0,27.2,6.1
1977-10-27T00:00:00,0.0,25.0,9.4
1977-10-28T00:00:00,0.0,27.8,8.9
1977-10-29T00:00:00,0.0,26.1,11.1
1977-10-30T00:00:00,1.8,25.0,13.3
1977-10-31T00:00:00,0.0,26.1,5.0
1977-11-01T00:00:00,0.0,21.1,8.3
1977-11-02T00:00:00,0.0,20.0,-3.9
1977-11-03T00:00:00,0.0,22.8,1.7
1977-11-04T00:00:00,0.0,22.8,2.2
1977-11-05T00:00:00,0.0,26.1,2.8
1977-11-06T00:00:00,0.0,26.7,3.9
1977-11-07T00:00:00,9.9,21.7,5.0
1977-11-08T00:00:00,0.0,18.9,2.2
1977-11-09T00:00:00,0.0,16.1,-5.0
1977-11-10T00:00:00,0.0,16.1,-3.3
1977-11-11T00:00:00,0.0,18.3,-0.6
1977-11-12T00:00:00,0.0,20.0,-1.7
1977-11-13T00:00:00,0.0,22.2,3.9
1977-11-14T00:00:00,0.0,22.2,2.8
1977-11-15T00:00:00,0.0,25.6,5.6
1977-11-16T00:00:00,0.0,26.1,4.4
1977-11-17T00:00:00,0.0,,3.3
1977-11-18T00:00:00,0.0,22.8,0.0
1977-11-19T00:00:00,0.0,22.8,8.3
1977-11-20T00:00:00,0.0,20.6,11.1
1977-11-21T00:00:00,0.0,16.7,-3.9
1977-11-22T00:00:00,0.0,26.1,-2.2
1977-11-23T00:00:00,0.0,24.4,4.4
1977-11-24T00:00:00,0.0,22.2,1.7
1977-11-25T00:00:00,0.0,20.0,1.7
1977-11-26T00:00:00,0.0,28.3,5.6
1977-11-27T00:00:00,0.0,20.6,2.8
1977-11-28T00:00:00,0.0,22.8,-0.6
1977-11-29T00:00:00,0.0,16.7,-1.7
1977-11-30T00:00:00,0.0,16.7,0.0
1977-12-01T00:00:00,0.0,13.9,-5.6
1977-12-02T00:00:00,0.0,22.8,1.7
1977-12-03T00:00:00,0.0,24.4,8.3
1977-12-04T00:00:00,0.0,24.4,8.9
1977-12-05T00:00:00,0.0,24.4,7.8
1977-12-06T00:00:00,0.0,21.7,-1.1
1977-12-07T00:00:00,0.0,22.8,-3.9
1977-12-08T00:00:00,0.0,27.2,9.4
1977-12-09T00:00:00,0.0,22.8,-8.9
1977-12-10T00:00:00,0.0,9.4,-8.9
1977-12-11T00:00:00,0.0,18.3,-5.0
1977-12-12T00:00:00,0.0,22.8,6.1
1977-12-13T00:00:00,0.0,21.1,0.6
1977-12-14T00:00:00,0.0,23.3,8.3
1977-12-15T00:00:00,0.0,22.8,6.1
1977-12-16T00:00:00,0.0,20.0,11.1
1977-12-17T00:00:00,0.0,18.9,-3.9
1977-12-18T00:00:00,0.0,21.7,5.6
1977-12-19T00:00:00,0.0,16.7,1.1
1977-12-20T00:00:00,0.0,11.7,-5.0
1977-12-21T00:00:00,0.0,10.0,-11.1
1977-12-22T00:00:00,0.0,23.3,-1.7
1977-12-23T00:00:00,0.0,19.4,6.7
1977-12-24T00:00:00,0.0,20.0,1.1
1977-12-25T00:00:00,0.0,15.6,-1.7
1977-12-26T00:00:00,0.0,15.6,-3.9
1977-12-27T00:00:00,0.0,7.8,2.8
1977-12-28T00:00:00,0.0,8.9,-2.2
1977-12-29T00:00:00,0.0,18.3,-3.3
1977-12-30T00:00:00,0.0,18.3,2.8
1977-12-31T00:00:00,0.0,18.9,2.8
1978-01-01T00:00:00,0.0,14.4,-3.9
1978-01-02T00:00:00,0.0,5.6,-10.0
1978-01-03T00:00:00,0.0,16.1,-7.2
1978-01-04T00:00:00,0.0,20.6,1.7
1978-01-05T00:00:00,0.0,22.8,2.8
1978-01-06T00:00:00,0.0,21.1,1.7
1978-01-07T00:00:00,0.0,20.0,1.7
1978-01-08T00:00:00,0.0,14.4,-5.6
1978-01-09T00:00:00,0.0,12.2,-10.6
1978-01-10T00:00:00,0.0,8.9,-8.3
1978-01-11T00:00:00,0.0,13.3,-5.6
1978-01-12T00:00:00,0.0,15.6,0.0
1978-01-13T00:00:00,0.0,14.4,-1.7
1978-01-14T00:00:00,0.0,15.0,-5.0
1978-01-15T00:00:00,0.0,16.7,0.0
1978-01-16T00:00:00,0.0,12.2,5.0
1978-01-17T00:00:00,0.0,6.1,-4.4
1978-01-18T00:00:00,0.0,1.1,-4.4
1978-01-19T00:00:00,0.0,1.1,-6.1
1978-01-20T00:00:00,0.0,-1.1,-7.2
1978-01-21T00:00:00,0.0,2.8,-5.6
1978-01-22T00:00:00,0.0,13.9,-10.6
1978-01-23T00:00:00,0.0,16.7,0.6
1978-01-24T00:00:00,0.0,11.7,-3.9
1978-01-25T00:00:00,0.0,13.9,-12.8
1978-01-26T00:00:00,0.0,15.6,-7.2
1978-01-27T00:00:00,0.0,17.8,-3.3
1978-01-28T00:00:00,0.0,16.7,-5.6
1978-01-29T00:00:00,0.0,8.3,-2.8
1978-01-30T00:00:00,0.0,15.6,-3.9
1978-01-31T00:00:00,17.5,13.9,-2.2
1978-02-01T00:00:00,0.0,15.6,-2.2
1978-02-02T00:00:00,0.0,11.1,-1.7
1978-02-03T00:00:00,0.0,15.6,-4.4
1978-02-04T00:00:00,0.0,16.7,-0.6
1978-02-05T00:00:00,0.0,13.9,-3.9
1978-02-06T00:00:00,0.0,8.9,1.1
1978-02-07T00:00:00,0.0,13.9,1.7
1978-02-08T00:00:00,0.0,16.7,-1.1
1978-02-09T00:00:00,0.0,12.2,-4.4
1978-02-10T00:00:00,0.0,21.7,-5.6
1978-02-11T00:00:00,0.0,18.3,-5.0
1978-02-12T00:00:00,0.5,11.1,1.7
1978-02-13T00:00:00,0.0,13.9,-2.2
1978-02-14T00:00:00,0.0,10.0,-4.4
1978-02-15T00:00:00,0.0,9.4,-5.0
1978-02-16T00:00:00,0.0,12.8,-3.3
1978-02-17T00:00:00,0.0,5.0,-7.8
1978-02-18T00:00:00,0.0,2.8,-5.6
1978-02-19T00:00:00,0.0,1.7,-6.7
1978-02-20T00:00:00,0.0,9.4,-6.1
1978-02-21T00:00:00,0.0,13.3,-7.2
1978-02-22T00:00:00,0.0,20.6,-2.2
1978-02-23T00:00:00,0.0,18.9,-3.9
1978-02-24T00:00:00,0.0,23.3,-1.1
1978-02-25T00:00:00,0.0,21.1,0.0
1978-02-26T00:00:00,0.0,23.3,-1.1
1978-02-27T00:00:00,0.0,20.0,10.0
1978-02-28T00:00:00,0.0,22.8,10.0
1978-03-01T00:00:00,0.0,18.9,3.3
1978-03-02T00:00:00,0.0,20.0,7.2
1978-03-03T00:00:00,7.9,11.7,-5.0
1978-03-04T00:00:00,0.0,1.7,-5.6
1978-03-05T00:00:00,0.0,22.2,-2.2
1978-03-06T00:00:00,0.0,18.3,6.7
1978-03-07T00:00:00,2.5,15.0,3.9
1978-03-08T00:00:00,0.0,17.8,-1.1
1978-03-09T00:00:00,0.0,25.6,-1.1
1978-03-10T00:00:00,0.0,20.0,3.9
1978-03-11T00:00:00,0.0,19.4,1.7
1978-03-12T00:00:00,0.0,20.6,0.0
1978-03-13T00:00:00,0.0,17.8,3.3
1978-03-14T00:00:00,0.0,20.0,1.7
1978-03-15T00:00:00,0.0,17.2,-1.7
1978-03-16T00:00:00,0.0,17.2,-5.0
1978-03-17T00:00:00,0.0,23.9,-0.6
1978-03-18T00:00:00,0.0,27.8,3.9
1978-03-19T00:00:00,0.0,27.2,10.6
1978-03-20T00:00:00,0.0,27.8,15.0
1978-03-21T00:00:00,0.0,25.0,6.1
1978-03-22T00:00:00,0.0,26.1,5.0
1978-03-23T00:00:00,0.0,28.3,5.0
1978-03-24T00:00:00,0.0,22.8,4.4
1978-03-25T00:00:00,0.0,20.0,-0.6
1978-03-26T00:00:00,0.0,20.0,-1.1
1978-03-27T00:00:00,0.0,23.9,-0.6
1978-03-28T00:00:00,0.0,25.6,5.0
1978-03-29T00:00:00,0.0,24.4,5.6
1978-03-30T00:00:00,0.0,27.2,5.0
1978-03-31T00:00:00,0.0,28.9,9.4
1978-04-01T00:00:00,0.0,28.3,10.0
1978-04-02T00:00:00,0.0,25.6,6.1
1978-04-03T00:00:00,0.0,27.2,5.0
1978-04-04T00:00:00,0.0,30.0,5.0
1978-04-05T00:00:00,0.0,28.3,10.6
1978-04-06T00:00:00,0.0,29.4,3.9
1978-04-07T00:00:00,0.0,31.7,3.9
1978-04-08T00:00:00,0.0,29.4,9.4
1978-04-09T00:00:00,0.0,26.1,6.1
1978-04-10T00:00:00,0.0,13.9,2.8
1978-04-11T00:00:00,0.0,23.3,3.9
1978-04-12T00:00:00,0.0,28.3,5.0
1978-04-13T00:00:00,0.0,28.9,6.1
1978-04-14T00:00:00,0.0,30.6,7.8
1978-04-15T00:00:00,0.0,30.6,8.3
1978-04-16T00:00:00,0.0,30.0,10.0
1978-04-17T00:00:00,0.0,26.1,5.0
1978-04-18T00:00:00,0.0,25.6,3.9
1978-04-19T00:00:00,0.0,22.8,5.6
1978-04-20T00:00:00,0.0,27.8,2.2
1978-04-21T00:00:00,0.0,28.3,5.0
1978-04-22T00:00:00,0.0,28.9,5.6
1978-04-23T00:00:00,0.0,28.3,3.9
1978-04-24T00:00:00,0.0,26.1,8.3
1978-04-25T00:00:00,0.0,24.4,7.2
1978-04-26T00:00:00,0.0,27.8,6.7
1978-04-27T00:00:00,0.0,31.1,7.2
1978-04-28T00:00:00,0.0,30.0,8.9
1978-04-29T00:00:00,0.0,29.4,12.8
1978-04-30T00:00:00,0.0,26.7,11.1
1978-05-01T00:00:00,0.0,25.0,10.0
1978-05-02T00:00:00,18.0,22.2,2.2
1978-05-03T00:00:00,0.0,18.9,1.7
1978-05-04T00:00:00,0.0,28.3,5.0
1978-05-05T00:00:00,0.0,27.8,7.2
1978-05-06T00:00:00,0.0,26.7,5.0
1978-05-07T00:00:00,0.0,26.7,15.0
1978-05-08T00:00:00,0.0,28.3,6.7
1978-05-09T00:00:00,0.0,27.2,7.8
1978-05-10T00:00:00,0.0,29.4,12.2
1978-05-11T00:00:00,0.0,31.7,8.9
1978-05-12T00:00:00,0.0,34.4,14.4
1978-05-13T00:00:00,0.0,31.7,10.0
1978-05-14T00:00:00,0.0,34.4,12.2
1978-05-15T00:00:00,0.0,36.7,13.3
1978-05-16T00:00:00,0.0,34.4,14.4
1978-05-17T00:00:00,0.0,32.8,16.7
1978-05-18T00:00:00,0.0,30.6,13.9
1978-05-19T00:00:00,0.0,32.8,15.6
1978-05-20T00:00:00,0.0,25.6,12.2
1978-05-21T00:00:00,0.0,32.8,14.4
1978-05-22T00:00:00,26.7,32.2,11.1
1978-05-23T00:00:00,0.0,33.3,12.8
1978-05-24T00:00:00,4.8,34.4,11.1
1978-05-25T00:00:00,0.0,37.2,12.2
1978-05-26T00:00:00,0.0,32.2,11.1
1978-05-27T00:00:00,0.0,31.1,12.8
1978-05-28T00:00:00,0.0,30.6,16.7
1978-05-29T00:00:00,0.0,26.7,14.4
1978-05-30T00:00:00,0.0,34.4,11.1
1978-05-31T00:00:00,0.0,32.2,12.8
1978-06-01T00:00:00,0.0,30.6,16.7
1978-06-02T00:00:00,8.9,25.6,14.4
1978-06-03T00:00:00,0.0,26.1,8.9
1978-06-04T00:00:00,0.0,31.1,12.2
1978-06-05T00:00:00,6.6,26.1,14.4
1978-06-06T00:00:00,60.7,,12.2
1978-06-07T00:00:00,0.0,27.8,10.0
1978-06-08T00:00:00,0.8,27.2,12.2
1978-06-09T00:00:00,0.0,31.1,11.7
1978-06-10T00:00:00,0.0,36.7,12.8
1978-06-11T00:00:00,0.0,37.8,15.6
1978-06-12T00:00:00,0.0,34.4,20.0
1978-06-13T00:00:00,0.0,31.1,15.0
1978-06-14T00:00:00,0.0,34.4,16.7
1978-06-15T00:00:00,0.0,37.2,15.0
1978-06-16T00:00:00,0.0,37.8,14.4
1978-06-17T00:00:00,0.0,36.7,17.2
1978-06-18T00:00:00,0.0,34.4,17.2
1978-06-19T00:00:00,0.0,34.4,15.6
1978-06-20T00:00:00,0.0,38.3,17.8
1978-06-21T00:00:00,0.0,39.4,18.9
1978-06-22T00:00:00,0.0,40.6,17.2
1978-06-23T00:00:00,0.0,40.6,20.0
1978-06-24T00:00:00,0.0,40.0,17.2
1978-06-25T00:00:00,0.0,41.1,17.8
1978-06-26T00:00:00,0.0,40.0,19.4
1978-06-27T00:00:00,0.0,34.4,20.0
1978-06-28T00:00:00,25.9,31.1,15.6
1978-06-29T00:00:00,0.5,27.2,17.8
1978-06-30T00:00:00,0.0,28.9,17.2
1978-07-01T00:00:00,0.0,34.4,15.6
1978-07-02T00:00:00,0.0,34.4,16.1
1978-07-03T00:00:00,0.0,33.9,17.8
1978-07-04T00:00:00,0.0,34.4,17.8
1978-07-05T00:00:00,0.0,36.1,19.4
1978-07-06T00:00:00,0.0,35.0,16.7
1978-07-07T00:00:00,0.0,33.9,15.6
1978-07-08T00:00:00,0.0,35.6,17.2
1978-07-09T00:00:00,0.0,34.4,16.7
1978-07-10T00:00:00,0.0,35.6,16.7
1978-07-11T00:00:00,0.0,36.1,15.0
1978-07-12T00:00:00,0.0,37.8,18.3
1978-07-13T00:00:00,0.0,36.1,18.3
1978-07-14T00:00:00,0.0,35.0,21.1
1978-07-15T00:00:00,0.0,36.1,20.6
1978-07-16T00:00:00,0.0,37.8,20.6
1978-07-17T00:00:00,0.0,39.4,20.6
1978-07-18T00:00:00,0.0,38.3,20.6
1978-07-19T00:00:00,0.0,35.6,18.9
1978-07-20T00:00:00,0.0,35.6,17.8
1978-07-21T00:00:00,0.0,34.4,18.3
1978-07-22T00:00:00,2.0,31.1,19.4
1978-07-23T00:00:00,4.3,,16.7
1978-07-24T00:00:00,0.0,,16.7
1978-07-25T00:00:00,0.0,,17.8
1978-07-26T00:00:00,0.0,,17.2
1978-07-27T00:00:00,0.0,,16.1
1978-07-28T00:00:00,0.0,,16.1
1978-07-29T00:00:00,0.0,,15.6
1978-07-30T00:00:00,0.0,,16.1
1978-07-31T00:00:00,0.0,,15.0
1978-09-01T00:00:00,0.0,27.2,13.3
1978-09-02T00:00:00,0.8,30.0,16.7
1978-09-03T00:00:00,11.9,25.0,16.7
1978-09-04T00:00:00,1.0,26.7,17.8
1978-09-05T00:00:00,0.0,28.3,16.1
1978-09-06T00:00:00,0.0,28.3,13.3
1978-09-07T00:00:00,0.0,27.2,12.2
1978-09-08T00:00:00,0.0,28.3,11.1
1978-09-09T00:00:00,0.0,32.2,13.3
1978-09-10T00:00:00,0.0,31.7,14.4
1978-09-11T00:00:00,0.0,33.9,13.9
1978-09-12T00:00:00,0.0,31.7,13.3
1978-09-13T00:00:00,0.0,32.8,16.7
1978-09-14T00:00:00,0.0,33.9,16.7
1978-09-15T00:00:00,0.0,35.0,18.9
1978-09-16T00:00:00,0.0,35.6,17.2
1978-09-17T00:00:00,0.0,30.6,20.6
1978-09-18T00:00:00,0.0,32.2,12.8
1978-09-19T00:00:00,0.0,32.2,13.9
1978-09-20T00:00:00,8.1,30.6,13.3
1978-09-21T00:00:00,9.7,22.8,5.6
1978-09-22T00:00:00,18.0,12.2,9.4
1978-09-23T00:00:00,12.2,16.1,11.7
1978-09-24T00:00:00,17.0,16.7,13.9
1978-09-25T00:00:00,83.8,16.7,12.8
1978-09-26T00:00:00,2.0,15.6,7.2
1978-09-27T00:00:00,0.0,15.0,7.8
1978-09-28T00:00:00,0.0,23.3,9.4
1978-09-29T00:00:00,0.0,28.3,11.7
1978-09-30T00:00:00,0.0,25.0,10.6
1978-10-01T00:00:00,0.0,30.6,11.1
1978-10-02T00:00:00,0.0,30.6,13.9
1978-10-03T00:00:00,0.0,27.8,12.2
1978-10-04T00:00:00,0.0,30.0,10.0
1978-10-05T00:00:00,0.0,28.3,11.7
1978-10-06T00:00:00,0.0,22.8,8.3
1978-10-07T00:00:00,0.0,26.7,8.9
1978-10-08T00:00:00,0.0,26.7,9.4
1978-10-09T00:00:00,0.0,31.1,10.6
1978-10-10T00:00:00,0.0,30.6,11.7
1978-10-11T00:00:00,0.0,30.6,13.9
1978-10-12T00:00:00,0.0,31.1,11.7
1978-10-13T00:00:00,0.0,28.3,10.0
1978-10-14T00:00:00,0.0,21.1,3.3
1978-10-15T00:00:00,0.0,26.1,6.1
1978-10-16T00:00:00,0.0,23.9,8.3
1978-10-17T00:00:00,0.0,25.0,6.7
1978-10-18T00:00:00,0.0,25.6,7.8
1978-10-19T00:00:00,0.0,23.3,6.1
1978-10-20T00:00:00,0.0,27.2,6.7
1978-10-21T00:00:00,2.5,25.6,14.4
1978-10-22T00:00:00,22.9,23.9,8.9
1978-10-23T00:00:00,10.4,20.0,2.8
1978-10-24T00:00:00,20.6,16.1,3.3
1978-10-25T00:00:00,0.0,18.9,6.7
1978-10-26T00:00:00,5.1,13.9,4.4
1978-10-27T00:00:00,0.0,18.3,2.8
1978-10-28T00:00:00,0.0,19.4,4.4
1978-10-29T00:00:00,0.0,22.2,3.9
1978-10-30T00:00:00,0.0,20.0,5.0
1978-10-31T00:00:00,0.0,17.2,7.8
1978-11-01T00:00:00,4.3,16.1,10.6
1978-11-02T00:00:00,0.0,22.2,8.3
1978-11-03T00:00:00,1.0,20.6,10.6
1978-11-04T00:00:00,23.1,19.4,8.9
1978-11-05T00:00:00,3.8,16.1,11.1
1978-11-06T00:00:00,0.0,11.7,6.7
1978-11-07T00:00:00,0.0,13.3,3.3
1978-11-08T00:00:00,0.0,20.0,4.4
1978-11-09T00:00:00,0.0,23.9,10.6
1978-11-10T00:00:00,0.0,18.9,8.9
1978-11-11T00:00:00,4.1,17.2,3.9
1978-11-12T00:00:00,0.0,13.9,2.8
1978-11-13T00:00:00,0.0,19.4,0.0
1978-11-14T00:00:00,0.0,17.8,2.8
1978-11-15T00:00:00,0.3,7.2,-0.6
1978-11-16T00:00:00,9.4,10.6,0.0
1978-11-17T00:00:00,0.0,15.0,-1.7
1978-11-18T00:00:00,0.0,16.1,0.0
1978-11-19T00:00:00,0.0,15.6,0.6
1978-11-20T00:00:00,0.0,8.9,1.7
1978-11-21T00:00:00,1.8,7.8,1.1
1978-11-22T00:00:00,1.0,20.0,4.4
1978-11-23T00:00:00,0.0,16.1,8.9
1978-11-24T00:00:00,0.0,18.3,5.6
1978-11-25T00:00:00,0.5,16.7,8.9
1978-11-26T00:00:00,0.0,14.4,-0.6
1978-11-27T00:00:00,3.8,12.2,-0.6
1978-11-28T00:00:00,0.0,11.7,-3.9
1978-11-29T00:00:00,0.0,16.1,3.3
1978-11-30T00:00:00,0.0,19.4,1.7
1978-12-01T00:00:00,0.0,20.6,4.4
1978-12-02T00:00:00,0.0,18.9,5.0
1978-12-03T00:00:00,0.0,15.0,-2.8
1978-12-04T00:00:00,0.0,14.4,-6.1
1978-12-05T00:00:00,0.0,17.8,2.8
1978-12-06T00:00:00,0.0,15.6,-2.8
1978-12-07T00:00:00,,-1.7,-6.1
1978-12-08T00:00:00,,-6.1,-16.1
1978-12-09T00:00:00,0.0,-2.8,-23.3
1978-12-10T00:00:00,0.0,2.8,
1978-12-11T00:00:00,0.0,6.1,
1978-12-12T00:00:00,0.0,10.6,
1978-12-13T00:00:00,0.0,8.3,
1978-12-14T00:00:00,0.0,15.0,
1978-12-15T00:00:00,0.0,20.6,
1978-12-16T00:00:00,0.0,13.3,2.8
1978-12-17T00:00:00,0.0,11.1,
1978-12-18T00:00:00,0.0,20.6,
1978-12-19T00:00:00,0.0,20.0,11.1
1978-12-20T00:00:00,0.0,14.4,2.8
1978-12-21T00:00:00,0.0,14.4,-6.7
1978-12-22T00:00:00,0.0,13.3,
1978-12-23T00:00:00,0.0,18.3,0.0
1978-12-24T00:00:00,0.0,15.6,-6.7
1978-12-25T00:00:00,0.0,20.0,1.7
1978-12-26T00:00:00,0.0,7.8,-6.1
1978-12-27T00:00:00,0.0,11.7,-8.3
1978-12-28T00:00:00,0.0,17.2,0.6
1978-12-29T00:00:00,0.0,15.6,4.4
1978-12-30T00:00:00,,12.8,
1978-12-31T00:00:00,9.4,1.7,
1979-01-01T00:00:00,1.0,-4.4,
1979-01-02T00:00:00,0.0,1.7,
1979-01-03T00:00:00,0.0,8.9,
1979-01-04T00:00:00,0.0,12.8,
1979-01-05T00:00:00,0.0,11.7,
1979-01-06T00:00:00,0.0,1.1,
1979-01-07T00:00:00,1.3,0.0,
1979-01-08T00:00:00,0.0,-1.1,
1979-01-09T00:00:00,0.0,3.3,
1979-01-10T00:00:00,0.0,2.2,
1979-01-11T00:00:00,0.0,13.3,
1979-01-12T00:00:00,0.0,17.8,3.9
1979-01-13T00:00:00,0.0,16.1,-6.1
1979-01-14T00:00:00,0.0,5.0,-10.0
1979-01-15T00:00:00,0.0,16.1,-5.6
1979-01-16T00:00:00,0.0,16.7,1.1
1979-01-17T00:00:00,0.0,15.0,0.6
1979-01-18T00:00:00,7.6,15.6,3.9
1979-01-19T00:00:00,0.0,13.9,3.3
1979-01-20T00:00:00,0.0,11.1,-0.6
1979-01-21T00:00:00,0.0,12.2,-4.4
1979-01-22T00:00:00,0.0,14.4,0.6
1979-01-23T00:00:00,0.0,11.7,-8.9
1979-01-24T00:00:00,0.0,8.3,-7.2
1979-01-25T00:00:00,1.0,15.0,-1.1
1979-01-26T00:00:00,0.3,10.0,-2.2
1979-01-27T00:00:00,0.0,8.9,-4.4
1979-01-28T00:00:00,0.0,6.7,-7.8
1979-01-29T00:00:00,0.0,8.3,-4.4
1979-01-30T00:00:00,0.0,6.7,-10.6
1979-01-31T00:00:00,0.0,5.0,-11.1
1979-02-01T00:00:00,0.0,13.3,-8.9
1979-02-02T00:00:00,0.0,13.3,0.6
1979-02-03T00:00:00,0.0,11.1,-0.6
1979-02-04T00:00:00,0.0,11.7,-1.7
1979-02-05T00:00:00,0.0,9.4,-5.0
1979-02-06T00:00:00,9.1,6.7,-11.1
1979-02-07T00:00:00,0.0,12.8,-5.0
1979-02-08T00:00:00,0.0,12.8,-1.1
1979-02-09T00:00:00,0.0,16.7,-1.7
1979-02-10T00:00:00,0.0,17.8,-1.7
1979-02-11T00:00:00,0.0,24.4,1.1
1979-02-12T00:00:00,0.0,21.1,-1.1
1979-02-13T00:00:00,0.0,27.8,6.1
1979-02-14T00:00:00,0.0,26.7,7.2
1979-02-15T00:00:00,0.0,22.8,2.8
1979-02-16T00:00:00,15.2,14.4,-5.0
1979-02-17T00:00:00,0.0,6.7,-5.6
1979-02-18T00:00:00,0.0,11.7,-2.8
1979-02-19T00:00:00,0.0,13.9,-3.9
1979-02-20T00:00:00,0.0,17.2,0.6
1979-02-21T00:00:00,0.0,16.1,2.8
1979-02-22T00:00:00,0.0,17.2,2.8
1979-02-23T00:00:00,0.0,16.1,-3.3
1979-02-24T00:00:00,0.0,15.6,-2.2
1979-02-25T00:00:00,0.0,17.8,-3.3
1979-02-26T00:00:00,0.0,17.8,-4.4
1979-02-27T00:00:00,0.0,18.3,0.6
1979-02-28T00:00:00,0.0,17.8,-4.4
1979-03-01T00:00:00,0.0,19.4,-1.1
1979-03-02T00:00:00,0.0,16.7,0.0
1979-03-03T00:00:00,0.0,13.3,1.1
1979-03-04T00:00:00,0.0,11.1,-5.6
1979-03-05T00:00:00,0.0,16.1,-4.4
1979-03-06T00:00:00,0.0,18.3,0.0
1979-03-07T00:00:00,0.0,23.3,1.7
1979-03-08T00:00:00,0.0,26.7,5.0
1979-03-09T00:00:00,0.0,20.0,3.3
1979-03-10T00:00:00,0.0,8.9,0.0
1979-03-11T00:00:00,0.0,16.1,-5.0
1979-03-12T00:00:00,0.0,22.2,-1.1
1979-03-13T00:00:00,0.0,25.0,3.3
1979-03-14T00:00:00,0.0,20.6,5.6
1979-03-15T00:00:00,0.0,14.4,0.6
1979-03-16T00:00:00,1.3,9.4,3.3
1979-03-17T00:00:00,0.0,21.1,5.0
1979-03-18T00:00:00,0.0,20.0,1.7
1979-03-19T00:00:00,0.0,20.0,2.8
1979-03-20T00:00:00,1.3,17.8,6.1
1979-03-21T00:00:00,1.3,20.6,7.8
1979-03-22T00:00:00,0.0,17.8,2.8
1979-03-23T00:00:00,0.0,16.7,-3.3
1979-03-24T00:00:00,0.0,17.8,-0.6
1979-03-25T00:00:00,0.0,23.9,0.0
1979-03-26T00:00:00,0.0,25.0,5.6
1979-03-27T00:00:00,0.0,25.0,-1.7
1979-03-28T00:00:00,0.0,25.6,5.0
1979-03-29T00:00:00,0.0,23.9,8.3
1979-03-30T00:00:00,0.0,20.6,0.0
1979-03-31T00:00:00,0.0,21.7,2.2
1979-04-01T00:00:00,0.0,22.8,0.6
1979-04-02T00:00:00,0.0,18.3,-2.8
1979-04-03T00:00:00,0.0,15.6,-1.1
1979-04-04T00:00:00,0.0,22.2,-6.1
1979-04-05T00:00:00,0.0,25.6,2.8
1979-04-06T00:00:00,0.0,26.7,3.3
1979-04-07T00:00:00,0.0,28.9,2.8
1979-04-08T00:00:00,0.0,25.0,10.0
1979-04-09T00:00:00,0.0,21.7,5.0
1979-04-10T00:00:00,0.0,21.1,5.0
1979-04-11T00:00:00,0.0,17.2,1.1
1979-04-12T00:00:00,0.0,20.6,1.7
1979-04-13T00:00:00,0.0,23.9,-1.1
1979-04-14T00:00:00,0.0,27.8,3.9
1979-04-15T00:00:00,0.0,30.6,6.7
1979-04-16T00:00:00,0.0,27.2,10.6
1979-04-17T00:00:00,1.5,26.7,7.2
1979-04-18T00:00:00,0.0,28.9,6.7
1979-04-19T00:00:00,0.0,27.8,7.8
1979-04-20T00:00:00,0.0,26.7,5.0
1979-04-21T00:00:00,0.0,23.3,6.1
1979-04-22T00:00:00,0.0,22.8,8.3
1979-04-23T00:00:00,0.0,26.7,5.6
1979-04-24T00:00:00,0.0,30.0,10.0
1979-04-25T00:00:00,0.0,30.6,11.7
1979-04-26T00:00:00,0.0,26.7,9.4
1979-04-27T00:00:00,0.0,23.9,8.9
1979-04-28T00:00:00,0.0,23.9,6.1
1979-04-29T00:00:00,3.0,24.4,10.0
1979-04-30T00:00:00,0.0,20.6,11.1
1979-05-01T00:00:00,0.0,28.9,12.8
1979-05-02T00:00:00,0.0,28.9,8.9
1979-05-03T00:00:00,0.0,26.1,8.9
1979-05-04T00:00:00,0.0,18.3,3.9
1979-05-05T00:00:00,0.0,29.4,3.3
1979-05-06T00:00:00,0.0,33.9,3.3
1979-05-07T00:00:00,0.0,31.7,15.0
1979-05-08T00:00:00,0.0,31.1,16.7
1979-05-09T00:00:00,0.0,28.9,14.4
1979-05-10T00:00:00,0.0,22.2,5.6
1979-05-11T00:00:00,0.0,25.0,6.7
1979-05-12T00:00:00,0.0,24.4,3.9
1979-05-13T00:00:00,0.0,28.9,8.9
1979-05-14T00:00:00,0.0,32.2,8.3
1979-05-15T00:00:00,0.0,31.1,7.8
1979-05-16T00:00:00,11.7,26.1,8.9
1979-05-17T00:00:00,25.4,27.8,15.0
1979-05-18T00:00:00,0.0,30.6,13.3
1979-05-19T00:00:00,0.0,30.6,12.8
1979-05-20T00:00:00,3.3,27.2,13.9
1979-05-21T00:00:00,9.9,21.7,8.9
1979-05-22T00:00:00,0.0,25.6,10.6
1979-05-23T00:00:00,0.0,26.1,11.7
1979-05-24T00:00:00,0.0,26.1,11.7
1979-05-25T00:00:00,0.0,25.0,12.2
1979-05-26T00:00:00,69.9,23.9,12.2
1979-05-27T00:00:00,10.2,22.8,11.1
1979-05-28T00:00:00,0.0,28.3,12.8
1979-05-29T00:00:00,0.0,32.2,13.3
1979-05-30T00:00:00,0.0,28.3,16.7
1979-05-31T00:00:00,0.0,25.6,14.4
1979-06-01T00:00:00,3.0,20.0,13.9
1979-06-02T00:00:00,0.0,20.0,12.8
1979-06-03T00:00:00,0.5,22.2,11.1
1979-06-04T00:00:00,0.0,23.3,13.3
1979-06-05T00:00:00,4.6,24.4,12.2
1979-06-06T00:00:00,0.0,30.0,10.6
1979-06-07T00:00:00,0.0,32.2,18.3
1979-06-08T00:00:00,8.6,31.1,15.0
1979-06-09T00:00:00,0.0,25.6,11.1
1979-06-10T00:00:00,0.0,26.1,9.4
1979-06-11T00:00:00,0.0,25.0,7.8
1979-06-12T00:00:00,0.0,28.9,8.3
1979-06-13T00:00:00,0.0,32.2,9.4
1979-06-14T00:00:00,0.0,33.9,10.0
1979-06-15T00:00:00,0.0,35.6,10.6
1979-06-16T00:00:00,0.0,36.1,14.4
1979-06-17T00:00:00,0.0,34.4,15.6
1979-06-18T00:00:00,0.0,33.3,16.7
1979-06-19T00:00:00,0.0,33.3,14.4
1979-06-20T00:00:00,0.0,34.4,11.7
1979-06-21T00:00:00,0.0,36.1,16.1
1979-06-22T00:00:00,0.3,34.4,20.0
1979-06-23T00:00:00,0.0,34.4,14.4
1979-06-24T00:00:00,0.0,30.6,14.4
1979-06-25T00:00:00,12.7,30.0,14.4
1979-06-26T00:00:00,0.0,32.2,15.0
1979-06-27T00:00:00,0.0,33.9,13.3
1979-06-28T00:00:00,0.0,35.0,13.9
1979-06-29T00:00:00,0.0,35.6,15.0
1979-06-30T00:00:00,0.0,37.2,16.1
1979-07-01T00:00:00,0.0,37.8,18.3
1979-07-02T00:00:00,0.0,35.0,19.4
1979-07-03T00:00:00,0.0,32.2,22.2
1979-07-04T00:00:00,0.0,33.9,17.2
1979-07-05T00:00:00,0.0,32.2,15.6
1979-07-06T00:00:00,0.0,33.9,16.1
1979-07-07T00:00:00,0.0,35.0,16.1
1979-07-08T00:00:00,0.0,37.8,14.4
1979-07-09T00:00:00,0.0,40.0,18.3
1979-07-10T00:00:00,0.0,37.2,15.0
1979-07-11T00:00:00,0.0,37.8,18.3
1979-07-12T00:00:00,0.0,37.2,15.0
1979-07-13T00:00:00,0.0,38.3,14.4
1979-07-14T00:00:00,0.0,36.1,18.3
1979-07-15T00:00:00,0.0,34.4,17.2
1979-07-16T00:00:00,1.3,35.6,18.9
1979-07-17T00:00:00,0.0,32.8,18.3
1979-07-18T00:00:00,3.3,30.6,18.3
1979-07-19T00:00:00,33.3,27.2,17.2
1979-07-20T00:00:00,1.3,21.7,16.1
1979-07-21T00:00:00,0.0,28.3,17.2
1979-07-22T00:00:00,1.3,32.2,18.3
1979-07-23T00:00:00,0.0,35.0,17.8
1979-07-24T00:00:00,0.0,34.4,18.9
1979-07-25T00:00:00,0.0,33.3,18.9
1979-07-26T00:00:00,0.0,33.9,16.7
1979-07-27T00:00:00,0.0,33.3,17.2
1979-07-28T00:00:00,0.0,33.3,16.1
1979-07-29T00:00:00,0.0,35.6,16.1
1979-07-30T00:00:00,2.0,36.7,18.9
1979-07-31T00:00:00,0.0,31.7,18.3
1979-08-01T00:00:00,1.5,31.1,16.1
1979-08-02T00:00:00,2.8,35.0,16.1
1979-08-03T00:00:00,1.5,30.0,14.4
1979-08-04T00:00:00,0.0,31.7,14.4
1979-08-05T00:00:00,0.0,31.7,16.1
1979-08-06T00:00:00,0.0,32.8,13.9
1979-08-07T00:00:00,0.0,33.9,13.3
1979-08-08T00:00:00,0.0,33.3,14.4
1979-08-09T00:00:00,0.0,35.6,15.6
1979-08-10T00:00:00,0.0,35.6,15.6
1979-08-11T00:00:00,3.0,27.8,15.6
1979-08-12T00:00:00,0.0,28.9,12.2
1979-08-13T00:00:00,0.0,29.4,15.6
1979-08-14T00:00:00,8.4,26.7,16.1
1979-08-15T00:00:00,15.5,28.3,16.1
1979-08-16T00:00:00,13.5,21.1,16.1
1979-08-17T00:00:00,14.0,24.4,13.3
1979-08-18T00:00:00,4.6,30.0,11.1
1979-08-19T00:00:00,0.0,30.6,10.0
1979-08-20T00:00:00,0.0,31.1,14.4
1979-08-21T00:00:00,3.8,29.4,14.4
1979-08-22T00:00:00,0.0,35.0,14.4
1979-08-23T00:00:00,0.0,30.6,13.3
1979-08-24T00:00:00,0.0,33.9,14.4
1979-08-25T00:00:00,0.0,30.0,12.8
1979-08-26T00:00:00,0.0,34.4,13.9
1979-08-27T00:00:00,20.6,30.6,13.9
1979-08-28T00:00:00,0.0,33.9,15.0
1979-08-29T00:00:00,0.0,32.2,14.4
1979-08-30T00:00:00,0.0,28.9,13.9
1979-08-31T00:00:00,0.0,32.8,15.0
1979-09-01T00:00:00,0.0,36.1,16.7
1979-09-02T00:00:00,0.0,37.2,15.6
1979-09-03T00:00:00,0.0,34.4,17.2
1979-09-04T00:00:00,0.0,32.2,13.9
1979-09-05T00:00:00,0.0,35.6,15.0
1979-09-06T00:00:00,0.0,35.6,16.1
1979-09-07T00:00:00,0.0,33.3,15.0
1979-09-08T00:00:00,0.0,31.1,14.4
1979-09-09T00:00:00,0.0,35.0,13.9
1979-09-10T00:00:00,0.0,30.6,11.7
1979-09-11T00:00:00,0.0,30.6,11.1
1979-09-12T00:00:00,0.0,30.6,11.7
1979-09-13T00:00:00,0.0,26.7,12.2
1979-09-14T00:00:00,0.0,25.0,12.2
1979-09-15T00:00:00,0.0,16.7,8.9
1979-09-16T00:00:00,5.8,15.6,9.4
1979-09-17T00:00:00,2.0,18.3,10.6
1979-09-18T00:00:00,0.0,24.4,9.4
1979-09-19T00:00:00,0.0,27.2,10.6
1979-09-20T00:00:00,0.0,31.1,11.7
1979-09-21T00:00:00,6.4,28.3,11.1
1979-09-22T00:00:00,0.0,30.0,8.9
1979-09-23T00:00:00,0.0,32.8,12.8
1979-09-24T00:00:00,0.0,33.3,12.8
1979-09-25T00:00:00,0.0,32.2,13.3
1979-09-26T00:00:00,0.0,32.2,11.1
1979-09-27T00:00:00,0.0,32.8,12.8
1979-09-28T00:00:00,0.0,32.8,16.1
1979-09-29T00:00:00,0.0,35.6,16.1
1979-09-30T00:00:00,0.0,33.3,11.7
1979-10-01T00:00:00,0.0,31.7,12.8
1979-10-02T00:00:00,0.0,34.4,8.9
1979-10-03T00:00:00,0.0,31.1,16.1
1979-10-04T00:00:00,0.0,25.0,5.6
1979-10-05T00:00:00,0.0,33.9,11.1
1979-10-06T00:00:00,0.0,34.4,9.4
1979-10-07T00:00:00,0.0,36.1,14.4
1979-10-08T00:00:00,0.0,36.1,16.7
1979-10-09T00:00:00,0.0,32.2,8.9
1979-10-10T00:00:00,0.0,32.2,
1979-10-11T00:00:00,0.0,35.0,12.8
1979-10-12T00:00:00,0.0,35.0,13.3
1979-10-13T00:00:00,0.0,32.8,8.9
1979-10-14T00:00:00,0.0,26.1,3.3
1979-10-15T00:00:00,0.0,31.7,10.0
1979-10-16T00:00:00,0.0,34.4,12.2
1979-10-17T00:00:00,0.0,25.6,10.6
1979-10-18T00:00:00,0.0,30.0,7.8
1979-10-19T00:00:00,0.0,28.9,9.4
1979-10-20T00:00:00,0.0,28.9,15.6
1979-10-21T00:00:00,0.0,26.7,14.4
1979-10-22T00:00:00,0.0,20.0,0.0
1979-10-23T00:00:00,0.0,22.8,1.1
1979-10-24T00:00:00,0.0,25.0,3.9
1979-10-25T00:00:00,0.0,28.3,4.4
1979-10-26T00:00:00,0.0,33.3,6.1
1979-10-27T00:00:00,0.0,32.2,9.4
1979-10-28T00:00:00,0.0,22.2,2.2
1979-10-29T00:00:00,0.0,27.2,6.1
1979-10-30T00:00:00,0.0,24.4,2.2
1979-10-31T00:00:00,0.0,13.3,-3.3
1979-11-01T00:00:00,0.0,12.8,-4.4
1979-11-02T00:00:00,0.0,16.1,-5.0
1979-11-03T00:00:00,0.0,18.9,-3.9
1979-11-04T00:00:00,0.0,24.4,1.7
1979-11-05T00:00:00,0.0,22.8,-0.6
1979-11-06T00:00:00,0.0,18.3,-1.1
1979-11-07T00:00:00,0.0,14.4,3.9
1979-11-08T00:00:00,0.0,21.7,2.8
1979-11-09T00:00:00,0.0,18.3,1.1
1979-11-10T00:00:00,0.0,13.3,-0.6
1979-11-11T00:00:00,0.0,18.3,0.0
1979-11-12T00:00:00,0.0,15.6,-1.7
1979-11-13T00:00:00,0.0,18.3,-4.4
1979-11-14T00:00:00,0.0,15.6,-5.0
1979-11-15T00:00:00,0.0,14.4,-1.7
1979-11-16T00:00:00,0.0,18.3,-1.1
1979-11-17T00:00:00,0.0,18.9,2.8
1979-11-18T00:00:00,0.0,22.2,2.2
1979-11-19T00:00:00,0.0,22.8,3.3
1979-11-20T00:00:00,0.0,20.6,1.1
1979-11-21T00:00:00,0.0,15.6,-8.3
1979-11-22T00:00:00,0.0,9.4,-10.0
1979-11-23T00:00:00,0.0,10.0,-4.4
1979-11-24T00:00:00,0.0,13.9,-2.8
1979-11-25T00:00:00,0.0,23.9,0.0
1979-11-26T00:00:00,0.0,23.3,4.4
1979-11-27T00:00:00,0.0,18.9,2.8
1979-11-28T00:00:00,0.0,11.1,-6.7
1979-11-29T00:00:00,0.0,5.0,-12.2
1979-11-30T00:00:00,0.0,9.4,-8.3
1979-12-01T00:00:00,0.0,11.1,-8.9
1979-12-02T00:00:00,0.0,13.3,-7.2
1979-12-03T00:00:00,0.0,23.3,-2.2
1979-12-04T00:00:00,0.0,21.1,1.7
1979-12-05T00:00:00,0.0,22.2,6.1
1979-12-06T00:00:00,0.0,17.8,-5.6
1979-12-07T00:00:00,0.0,17.2,0.0
1979-12-08T00:00:00,0.0,16.7,-4.4
1979-12-09T00:00:00,0.0,20.6,-1.1
1979-12-10T00:00:00,0.0,22.8,5.0
1979-12-11T00:00:00,0.0,22.2,3.9
1979-12-12T00:00:00,2.8,18.3,-3.3
1979-12-13T00:00:00,11.2,,
1979-12-14T00:00:00,0.0,6.1,-5.0
1979-12-15T00:00:00,0.0,12.2,-5.0
1979-12-16T00:00:00,0.0,10.0,-3.9
1979-12-17T00:00:00,0.0,3.9,-10.0
1979-12-18T00:00:00,0.0,17.8,-6.1
1979-12-19T00:00:00,0.0,19.4,6.1
1979-12-20T00:00:00,0.0,21.7,2.2
1979-12-21T00:00:00,0.3,20.0,4.4
1979-12-22T00:00:00,0.0,16.1,2.8
1979-12-23T00:00:00,0.0,11.7,-2.2
1979-12-24T00:00:00,0.0,16.7,-5.0
1979-12-25T00:00:00,0.0,21.1,-0.6
1979-12-26T00:00:00,1.8,15.6,6.1
1979-12-27T00:00:00,0.0,9.4,1.7
1979-12-28T00:00:00,0.0,7.2,-0.6
1979-12-29T00:00:00,0.0,8.9,-7.8
1979-12-30T00:00:00,0.0,10.6,-3.3
1979-12-31T00:00:00,0.0,13.3,-7.2
1980-01-01T00:00:00,0.0,17.2,-1.7
1980-01-02T00:00:00,0.0,13.3,-1.1
1980-01-03T00:00:00,0.0,12.8,0.0
1980-01-04T00:00:00,0.0,19.4,1.1
1980-01-05T00:00:00,0.0,20.6,1.1
1980-01-06T00:00:00,0.0,20.0,5.6
1980-01-07T00:00:00,0.0,16.7,-7.2
1980-01-08T00:00:00,0.0,20.0,-1.1
1980-01-09T00:00:00,0.0,17.8,-2.2
1980-01-10T00:00:00,0.0,17.2,3.3
1980-01-11T00:00:00,0.0,8.9,2.2
1980-01-12T00:00:00,0.0,15.0,-2.8
1980-01-13T00:00:00,0.0,25.0,5.6
1980-01-14T00:00:00,0.0,23.3,3.9
1980-01-15T00:00:00,0.0,22.2,8.9
1980-01-16T00:00:00,0.0,17.8,-1.1
1980-01-17T00:00:00,0.0,18.9,0.0
1980-01-18T00:00:00,0.0,20.0,3.9
1980-01-19T00:00:00,0.0,18.9,1.7
1980-01-20T00:00:00,5.6,3.9,-2.8
1980-01-21T00:00:00,0.0,10.0,-0.6
1980-01-22T00:00:00,27.2,8.9,-2.2
1980-01-23T00:00:00,0.0,6.7,-8.9
1980-01-24T00:00:00,0.0,8.9,-6.7
1980-01-25T00:00:00,0.0,11.1,1.1
1980-01-26T00:00:00,0.0,8.9,-3.9
1980-01-27T00:00:00,0.8,0.0,-3.3
1980-01-28T00:00:00,0.0,15.6,-4.4
1980-01-29T00:00:00,0.5,6.1,-3.3
1980-01-30T00:00:00,0.0,21.1,-2.8
1980-01-31T00:00:00,3.0,3.9,-3.3
1980-02-01T00:00:00,0.5,1.1,-3.9
1980-02-02T00:00:00,0.0,16.1,-5.0
1980-02-03T00:00:00,0.0,17.8,-0.6
1980-02-04T00:00:00,0.0,25.0,3.9
1980-02-05T00:00:00,0.0,22.8,-1.1
1980-02-06T00:00:00,0.0,20.6,-2.2
1980-02-07T00:00:00,0.0,21.1,2.8
1980-02-08T00:00:00,0.0,17.8,-6.1
1980-02-09T00:00:00,6.4,1.7,-12.8
1980-02-10T00:00:00,0.0,11.7,-9.4
1980-02-11T00:00:00,0.0,10.6,-4.4
1980-02-12T00:00:00,0.0,6.1,-8.3
1980-02-13T00:00:00,0.0,19.4,-5.0
1980-02-14T00:00:00,0.0,20.0,4.4
1980-02-15T00:00:00,0.0,20.0,9.4
1980-02-16T00:00:00,1.3,17.8,-3.9
1980-02-17T00:00:00,3.8,-0.6,-5.0
1980-02-18T00:00:00,0.0,26.1,-3.3
1980-02-19T00:00:00,0.0,24.4,5.6
1980-02-20T00:00:00,0.0,21.7,8.9
1980-02-21T00:00:00,0.0,21.7,3.3
1980-02-22T00:00:00,0.0,21.7,1.7
1980-02-23T00:00:00,0.0,21.1,0.6
1980-02-24T00:00:00,0.0,22.8,1.1
1980-02-25T00:00:00,0.0,16.7,-2.2
1980-02-26T00:00:00,0.0,23.3,-1.7
1980-02-27T00:00:00,0.0,25.6,-1.7
1980-02-28T00:00:00,0.0,27.8,5.6
1980-02-29T00:00:00,0.0,26.7,5.0
1980-03-01T00:00:00,0.0,6.1,-5.6
1980-03-02T00:00:00,0.0,11.7,-11.1
1980-03-03T00:00:00,0.0,22.2,2.2
1980-03-04T00:00:00,0.0,20.6,8.3
1980-03-05T00:00:00,0.0,23.3,-1.7
1980-03-06T00:00:00,0.0,23.9,2.2
1980-03-07T00:00:00,0.0,21.1,8.3
1980-03-08T00:00:00,0.0,22.2,-0.6
1980-03-09T00:00:00,0.0,24.4,0.0
1980-03-10T00:00:00,0.0,21.1,3.9
1980-03-11T00:00:00,0.0,19.4,10.6
1980-03-12T00:00:00,0.0,21.7,7.2
1980-03-13T00:00:00,0.0,21.1,-3.9
1980-03-14T00:00:00,0.0,21.7,-3.3
1980-03-15T00:00:00,0.0,25.0,0.0
1980-03-16T00:00:00,0.0,22.8,7.2
1980-03-17T00:00:00,0.0,20.0,-2.2
1980-03-18T00:00:00,0.0,14.4,-7.8
1980-03-19T00:00:00,0.0,23.9,-2.8
1980-03-20T00:00:00,0.0,21.7,5.0
1980-03-21T00:00:00,0.0,24.4,-2.2
1980-03-22T00:00:00,0.0,25.6,-2.2
1980-03-23T00:00:00,0.0,20.0,5.0
1980-03-24T00:00:00,0.0,13.9,-3.3
1980-03-25T00:00:00,0.0,20.6,-1.1
1980-03-26T00:00:00,0.0,22.2,-0.6
1980-03-27T00:00:00,0.0,20.6,2.8
1980-03-28T00:00:00,0.0,18.3,2.8
1980-03-29T00:00:00,0.0,13.9,-5.6
1980-03-30T00:00:00,0.0,21.7,-3.3
1980-03-31T00:00:00,0.0,22.8,2.8
1980-04-01T00:00:00,0.0,20.6,-3.3
1980-04-02T00:00:00,0.0,19.4,5.0
1980-04-03T00:00:00,0.0,20.6,-1.7
1980-04-04T00:00:00,0.0,18.3,-2.2
1980-04-05T00:00:00,0.0,26.7,0.6
1980-04-06T00:00:00,0.0,28.9,2.8
1980-04-07T00:00:00,0.0,27.2,7.8
1980-04-08T00:00:00,0.0,25.0,-1.1
1980-04-09T00:00:00,0.0,24.4,0.6
1980-04-10T00:00:00,0.0,31.1,4.4
1980-04-11T00:00:00,0.0,26.1,5.0
1980-04-12T00:00:00,30.0,17.8,-1.1
1980-04-13T00:00:00,0.0,7.8,-1.7
1980-04-14T00:00:00,0.0,20.6,0.6
1980-04-15T00:00:00,0.0,26.1,6.7
1980-04-16T00:00:00,0.0,28.3,8.3
1980-04-17T00:00:00,0.0,27.2,2.8
1980-04-18T00:00:00,0.0,25.0,2.8
1980-04-19T00:00:00,0.0,28.9,5.6
1980-04-20T00:00:00,0.0,29.4,6.1
1980-04-21T00:00:00,0.0,26.7,6.7
1980-04-22T00:00:00,0.0,28.3,8.3
1980-04-23T00:00:00,0.0,27.8,7.8
1980-04-24T00:00:00,0.0,24.4,7.2
1980-04-25T00:00:00,0.5,15.0,3.3
1980-04-26T00:00:00,0.0,20.0,0.0
1980-04-27T00:00:00,0.0,21.7,3.3
1980-04-28T00:00:00,0.0,27.8,4.4
1980-04-29T00:00:00,0.0,29.4,7.8
1980-04-30T00:00:00,1.8,28.9,10.0
1980-05-01T00:00:00,0.0,21.7,3.9
1980-05-02T00:00:00,0.0,21.1,5.0
1980-05-03T00:00:00,19.1,21.1,4.4
1980-05-04T00:00:00,1.8,21.1,7.8
1980-05-05T00:00:00,0.0,26.1,8.3
1980-05-06T00:00:00,21.1,25.6,9.4
1980-05-07T00:00:00,0.0,28.9,9.4
1980-05-08T00:00:00,0.0,26.1,12.8
1980-05-09T00:00:00,0.0,27.8,6.7
1980-05-10T00:00:00,0.0,28.3,12.2
1980-05-11T00:00:00,0.0,25.6,11.7
1980-05-12T00:00:00,0.0,25.0,8.9
1980-05-13T00:00:00,0.0,26.7,7.2
1980-05-14T00:00:00,1.3,21.7,12.2
1980-05-15T00:00:00,11.4,20.6,9.4
1980-05-16T00:00:00,0.0,22.8,3.9
1980-05-17T00:00:00,0.0,28.3,8.9
1980-05-18T00:00:00,16.3,27.8,8.9
1980-05-19T00:00:00,0.0,23.3,10.0
1980-05-20T00:00:00,0.0,31.7,10.0
1980-05-21T00:00:00,0.0,28.9,11.7
1980-05-22T00:00:00,0.0,27.8,12.8
1980-05-23T00:00:00,4.3,29.4,11.1
1980-05-24T00:00:00,0.0,30.0,13.3
1980-05-25T00:00:00,0.0,30.6,7.8
1980-05-26T00:00:00,0.0,32.8,11.1
1980-05-27T00:00:00,0.0,32.2,13.3
1980-05-28T00:00:00,0.0,33.3,11.1
1980-05-29T00:00:00,0.0,34.4,12.2
1980-05-30T00:00:00,0.0,33.9,10.6
1980-05-31T00:00:00,0.0,34.4,8.9
1980-06-01T00:00:00,0.0,32.8,9.4
1980-06-02T00:00:00,0.0,35.0,12.2
1980-06-03T00:00:00,0.0,36.7,13.3
1980-06-04T00:00:00,0.0,38.9,15.6
1980-06-05T00:00:00,0.0,39.4,15.6
1980-06-06T00:00:00,0.0,39.4,12.8
1980-06-07T00:00:00,0.0,39.4,15.6
1980-06-08T00:00:00,0.0,35.6,18.9
1980-06-09T00:00:00,0.0,25.0,16.7
1980-06-10T00:00:00,4.3,28.9,16.7
1980-06-11T00:00:00,0.0,33.3,16.7
1980-06-12T00:00:00,0.0,35.0,14.4
1980-06-13T00:00:00,0.0,40.0,12.8
1980-06-14T00:00:00,0.0,41.1,13.9
1980-06-15T00:00:00,0.0,40.6,16.1
1980-06-16T00:00:00,0.0,41.7,17.8
1980-06-17T00:00:00,0.0,38.3,19.4
1980-06-18T00:00:00,1.5,39.4,18.3
1980-06-19T00:00:00,0.0,38.3,20.0
1980-06-20T00:00:00,0.0,36.7,21.1
1980-06-21T00:00:00,0.0,37.8,21.1
1980-06-22T00:00:00,0.0,40.0,15.6
1980-06-23T00:00:00,0.0,40.6,15.0
1980-06-24T00:00:00,0.0,42.8,15.6
1980-06-25T00:00:00,0.0,38.9,14.4
1980-06-26T00:00:00,0.0,40.6,15.6
1980-06-27T00:00:00,0.0,43.3,15.6
1980-06-28T00:00:00,0.0,43.3,15.6
1980-06-29T00:00:00,0.0,43.3,15.0
1980-06-30T00:00:00,0.0,43.9,15.0
1980-07-01T00:00:00,0.0,37.8,22.2
1980-07-02T00:00:00,0.0,,21.1
1980-07-03T00:00:00,0.0,40.6,20.6
1980-07-04T00:00:00,0.0,40.6,15.6
1980-07-05T00:00:00,0.0,35.6,15.6
1980-07-06T00:00:00,0.0,36.1,16.7
1980-07-07T00:00:00,0.0,37.8,21.1
1980-07-08T00:00:00,0.0,38.3,17.2
1980-07-09T00:00:00,0.0,38.3,20.6
1980-07-10T00:00:00,0.0,37.8,16.7
1980-07-11T00:00:00,0.0,37.8,20.0
1980-07-12T00:00:00,0.0,38.3,18.3
1980-07-13T00:00:00,0.0,40.6,21.7
1980-07-14T00:00:00,0.0,,18.9
1980-07-15T00:00:00,0.0,,18.3
1980-07-16T00:00:00,0.0,,19.4
1980-07-17T00:00:00,0.0,,20.0
1980-07-18T00:00:00,0.0,39.4,16.7
1980-07-19T00:00:00,0.0,38.9,16.7
1980-07-20T00:00:00,0.0,,17.2
1980-07-21T00:00:00,0.0,38.9,18.9
1980-07-22T00:00:00,0.0,37.8,18.3
1980-07-23T00:00:00,0.0,36.7,19.4
1980-07-24T00:00:00,0.0,38.9,20.0
1980-07-25T00:00:00,0.0,37.8,18.9
1980-07-26T00:00:00,0.0,39.4,18.9
1980-07-27T00:00:00,0.0,,21.1
1980-07-28T00:00:00,0.0,37.2,17.8
1980-07-29T00:00:00,0.0,38.3,21.7
1980-07-30T00:00:00,0.0,40.6,18.3
1980-07-31T00:00:00,0.0,38.3,16.7
1980-08-01T00:00:00,0.0,38.3,20.6
1980-08-02T00:00:00,0.0,39.4,18.9
1980-08-03T00:00:00,0.0,38.9,21.7
1980-08-04T00:00:00,0.0,38.9,20.0
1980-08-05T00:00:00,10.2,37.8,21.1
1980-08-06T00:00:00,0.0,35.0,19.4
1980-08-07T00:00:00,0.0,33.9,16.1
1980-08-08T00:00:00,0.0,35.0,15.6
1980-08-09T00:00:00,0.0,35.0,18.3
1980-08-10T00:00:00,0.0,34.4,16.1
1980-08-11T00:00:00,0.0,32.2,14.4
1980-08-12T00:00:00,14.5,27.8,13.9
1980-08-13T00:00:00,0.0,31.7,18.3
1980-08-14T00:00:00,10.2,27.2,18.3
1980-08-15T00:00:00,3.6,34.4,17.8
1980-08-16T00:00:00,0.0,34.4,17.8
1980-08-17T00:00:00,0.0,33.9,21.7
1980-08-18T00:00:00,0.0,34.4,15.6
1980-08-19T00:00:00,15.0,32.2,17.8
1980-08-20T00:00:00,0.0,31.7,14.4
1980-08-21T00:00:00,0.0,32.2,15.6
1980-08-22T00:00:00,0.0,31.7,14.4
1980-08-23T00:00:00,0.0,31.1,20.0
1980-08-24T00:00:00,0.0,35.6,15.6
1980-08-25T00:00:00,2.8,27.8,16.1
1980-08-26T00:00:00,0.0,31.7,16.7
1980-08-27T00:00:00,35.3,28.3,14.4
1980-08-28T00:00:00,0.0,28.9,14.4
1980-08-29T00:00:00,0.0,35.0,15.6
1980-08-30T00:00:00,0.0,37.2,16.1
1980-08-31T00:00:00,0.0,32.2,18.9
1980-09-01T00:00:00,0.0,33.3,16.1
1980-09-02T00:00:00,0.0,33.9,15.0
1980-09-03T00:00:00,0.0,32.8,15.6
1980-09-04T00:00:00,4.1,32.2,14.4
1980-09-05T00:00:00,0.0,31.7,14.4
1980-09-06T00:00:00,4.6,28.9,14.4
1980-09-07T00:00:00,0.0,30.6,15.6
1980-09-08T00:00:00,15.5,31.7,16.1
1980-09-09T00:00:00,25.1,23.3,17.2
1980-09-10T00:00:00,0.0,20.0,12.8
1980-09-11T00:00:00,10.4,27.2,12.8
1980-09-12T00:00:00,0.0,31.1,16.7
1980-09-13T00:00:00,0.0,32.2,15.6
1980-09-14T00:00:00,13.7,32.8,15.0
1980-09-15T00:00:00,13.5,30.0,15.6
1980-09-16T00:00:00,0.0,32.2,16.1
1980-09-17T00:00:00,0.0,36.1,19.4
1980-09-18T00:00:00,0.0,36.7,12.2
1980-09-19T00:00:00,0.0,37.8,12.2
1980-09-20T00:00:00,0.0,32.2,12.2
1980-09-21T00:00:00,0.0,38.3,16.7
1980-09-22T00:00:00,0.0,36.7,18.3
1980-09-23T00:00:00,0.0,28.3,13.3
1980-09-24T00:00:00,0.0,27.2,11.7
1980-09-25T00:00:00,44.2,28.9,13.9
1980-09-26T00:00:00,20.6,23.9,11.1
1980-09-27T00:00:00,7.6,15.6,12.2
1980-09-28T00:00:00,6.4,21.7,13.9
1980-09-29T00:00:00,0.0,26.1,12.8
1980-09-30T00:00:00,0.0,29.4,12.8
1980-10-01T00:00:00,0.0,32.8,15.0
1980-10-02T00:00:00,0.0,30.6,10.6
1980-10-03T00:00:00,0.0,27.2,7.2
1980-10-04T00:00:00,0.0,,12.2
1980-10-05T00:00:00,0.0,,11.1
1980-10-06T00:00:00,0.8,24.4,12.8
1980-10-07T00:00:00,0.0,27.2,10.6
1980-10-08T00:00:00,0.0,22.8,8.9
1980-10-09T00:00:00,0.0,26.1,8.9
1980-10-10T00:00:00,0.0,25.0,7.8
1980-10-11T00:00:00,0.0,26.7,5.6
1980-10-12T00:00:00,0.0,26.7,5.0
1980-10-13T00:00:00,1.5,26.7,9.4
1980-10-14T00:00:00,0.0,29.4,9.4
1980-10-15T00:00:00,0.0,,14.4
1980-10-16T00:00:00,0.0,21.7,2.2
1980-10-17T00:00:00,0.0,23.9,0.6
1980-10-18T00:00:00,0.0,21.1,5.0
1980-10-19T00:00:00,0.0,18.3,0.6
1980-10-20T00:00:00,0.0,15.6,5.6
1980-10-21T00:00:00,0.0,20.6,3.3
1980-10-22T00:00:00,0.0,22.2,4.4
1980-10-23T00:00:00,0.0,18.9,6.7
1980-10-24T00:00:00,0.0,15.6,-3.3
1980-10-25T00:00:00,0.0,18.9,0.0
1980-10-26T00:00:00,0.0,,8.3
1980-10-27T00:00:00,0.0,,3.9
1980-10-28T00:00:00,13.2,15.0,-1.1
1980-10-29T00:00:00,0.0,12.8,-5.6
1980-10-30T00:00:00,0.0,18.9,
1980-10-31T00:00:00,0.0,21.1,-0.6
1980-11-01T00:00:00,0.0,22.2,1.1
1980-11-02T00:00:00,0.0,23.9,2.8
1980-11-03T00:00:00,0.0,23.3,5.6
1980-11-04T00:00:00,0.0,21.7,1.1
1980-11-05T00:00:00,0.0,21.1,2.8
1980-11-06T00:00:00,0.0,27.2,4.4
1980-11-07T00:00:00,0.0,29.4,6.7
1980-11-08T00:00:00,0.0,29.4,7.2
1980-11-09T00:00:00,0.0,25.6,6.7
1980-11-10T00:00:00,0.0,23.9,2.8
1980-11-11T00:00:00,0.0,22.8,4.4
1980-11-12T00:00:00,0.0,24.4,3.3
1980-11-13T00:00:00,0.0,21.7,3.3
1980-11-14T00:00:00,0.5,18.3,1.7
1980-11-15T00:00:00,1.8,3.9,-8.3
1980-11-16T00:00:00,0.0,0.6,-12.8
1980-11-17T00:00:00,14.5,1.1,
1980-11-18T00:00:00,0.0,5.0,-9.4
1980-11-19T00:00:00,0.0,9.4,-5.6
1980-11-20T00:00:00,0.0,11.1,-5.0
1980-11-21T00:00:00,0.0,17.2,-4.4
1980-11-22T00:00:00,0.0,13.9,-2.8
1980-11-23T00:00:00,0.0,11.1,-10.6
1980-11-24T00:00:00,0.0,8.3,-1.7
1980-11-25T00:00:00,13.2,0.6,-5.6
1980-11-26T00:00:00,0.0,5.0,-11.7
1980-11-27T00:00:00,0.0,6.1,-6.1
1980-11-28T00:00:00,0.0,13.3,-5.0
1980-11-29T00:00:00,0.0,12.2,0.0
1980-11-30T00:00:00,0.0,20.6,0.0
1980-12-01T00:00:00,0.0,20.6,7.8
1980-12-02T00:00:00,0.0,16.7,-4.4
1980-12-03T00:00:00,0.0,12.8,-5.6
1980-12-04T00:00:00,0.0,23.3,0.6
1980-12-05T00:00:00,0.0,22.2,2.8
1980-12-06T00:00:00,0.0,20.0,2.2
1980-12-07T00:00:00,0.0,12.2,8.9
1980-12-08T00:00:00,1.3,10.6,-0.6
1980-12-09T00:00:00,0.0,12.8,-4.4
1980-12-10T00:00:00,0.0,13.3,-5.6
1980-12-11T00:00:00,0.0,20.6,-3.3
1980-12-12T00:00:00,0.0,16.1,0.0
1980-12-13T00:00:00,0.0,12.2,2.8
1980-12-14T00:00:00,0.0,21.1,-2.2
1980-12-15T00:00:00,0.0,17.8,-2.8
1980-12-16T00:00:00,0.0,20.6,3.9
1980-12-17T00:00:00,0.0,24.4,2.8
1980-12-18T00:00:00,0.0,21.7,7.2
1980-12-19T00:00:00,0.0,17.2,-3.3
1980-12-20T00:00:00,0.0,-0.6,-13.3
1980-12-21T00:00:00,0.0,12.8,-11.1
1980-12-22T00:00:00,0.0,13.9,-6.7
1980-12-23T00:00:00,0.0,22.2,2.8
1980-12-24T00:00:00,0.0,23.3,-3.9
1980-12-25T00:00:00,0.0,22.8,-5.6
1980-12-26T00:00:00,0.0,23.9,-3.9
1980-12-27T00:00:00,0.0,23.3,2.2
1980-12-28T00:00:00,0.0,26.1,2.2
1980-12-29T00:00:00,0.0,18.3,3.9
1980-12-30T00:00:00,0.0,21.1,-2.2
1980-12-31T00:00:00,0.0,16.7,0.6
1981-01-01T00:00:00,0.0,15.0,-0.6
1981-01-02T00:00:00,0.0,11.7,-2.8
1981-01-03T00:00:00,0.0,16.7,2.2
1981-01-04T00:00:00,0.0,15.6,-2.8
1981-01-05T00:00:00,0.0,15.0,-2.2
1981-01-06T00:00:00,0.0,10.0,1.7
1981-01-07T00:00:00,0.0,13.9,-2.8
1981-01-08T00:00:00,1.8,10.6,0.0
1981-01-09T00:00:00,0.0,13.9,-2.2
1981-01-10T00:00:00,0.0,12.2,-11.7
1981-01-11T00:00:00,3.6,3.3,
1981-01-12T00:00:00,0.0,6.1,0.0
1981-01-13T00:00:00,0.0,11.7,1.7
1981-01-14T00:00:00,0.5,16.1,-2.8
1981-01-15T00:00:00,0.0,13.3,-3.9
1981-01-16T00:00:00,0.0,9.4,-3.3
1981-01-17T00:00:00,,0.0,-4.4
1981-01-18T00:00:00,,1.1,-5.6
1981-01-19T00:00:00,0.0,9.4,-8.9
1981-01-20T00:00:00,0.0,12.2,-2.2
1981-01-21T00:00:00,0.0,10.0,-5.0
1981-01-22T00:00:00,0.0,14.4,-5.6
1981-01-23T00:00:00,0.0,21.1,0.0
1981-01-24T00:00:00,0.0,21.1,5.0
1981-01-25T00:00:00,0.0,23.3,3.3
1981-01-26T00:00:00,0.0,23.3,0.0
1981-01-27T00:00:00,0.0,20.0,0.6
1981-01-28T00:00:00,0.0,18.9,2.8
1981-01-29T00:00:00,0.0,18.3,2.2
1981-01-30T00:00:00,0.0,16.7,-2.8
1981-01-31T00:00:00,0.0,13.3,-2.2
1981-02-01T00:00:00,0.0,12.2,-6.7
1981-02-02T00:00:00,0.0,9.4,-10.6
1981-02-03T00:00:00,0.0,11.1,-7.2
1981-02-04T00:00:00,0.0,9.4,-2.2
1981-02-05T00:00:00,0.0,13.3,0.0
1981-02-06T00:00:00,0.0,16.7,-7.2
1981-02-07T00:00:00,0.0,19.4,-1.1
1981-02-08T00:00:00,0.0,22.2,-2.2
1981-02-09T00:00:00,0.0,20.0,-2.8
1981-02-10T00:00:00,0.0,16.7,-1.1
1981-02-11T00:00:00,0.0,8.9,-15.6
1981-02-12T00:00:00,0.0,15.6,-9.4
1981-02-13T00:00:00,0.0,16.7,-2.8
1981-02-14T00:00:00,0.0,18.3,-3.3
1981-02-15T00:00:00,0.0,17.8,-6.1
1981-02-16T00:00:00,0.0,21.7,-2.2
1981-02-17T00:00:00,0.0,25.0,1.7
1981-02-18T00:00:00,0.0,22.2,7.8
1981-02-19T00:00:00,0.0,28.3,2.8
1981-02-20T00:00:00,0.0,26.7,6.7
1981-02-21T00:00:00,0.0,20.0,-3.9
1981-02-22T00:00:00,0.0,17.8,-5.6
1981-02-23T00:00:00,0.0,22.8,0.6
1981-02-24T00:00:00,0.0,25.0,0.0
1981-02-25T00:00:00,0.0,23.3,3.9
1981-02-26T00:00:00,0.0,22.2,7.2
1981-02-27T00:00:00,2.8,19.4,5.6
1981-02-28T00:00:00,2.0,13.3,1.7
1981-03-01T00:00:00,1.3,20.6,6.1
1981-03-02T00:00:00,0.0,18.3,2.8
1981-03-03T00:00:00,0.0,16.1,8.3
1981-03-04T00:00:00,0.0,16.7,3.3
1981-03-05T00:00:00,0.0,15.0,-3.9
1981-03-06T00:00:00,0.0,17.8,-4.4
1981-03-07T00:00:00,0.0,17.8,1.1
1981-03-08T00:00:00,0.0,15.0,-4.4
1981-03-09T00:00:00,0.0,8.9,-5.6
1981-03-10T00:00:00,0.8,7.2,2.8
1981-03-11T00:00:00,2.0,6.7,3.9
1981-03-12T00:00:00,1.3,13.3,4.4
1981-03-13T00:00:00,0.0,16.7,0.0
1981-03-14T00:00:00,0.0,19.4,-1.1
1981-03-15T00:00:00,0.0,20.6,0.0
1981-03-16T00:00:00,0.0,21.7,2.8
1981-03-17T00:00:00,0.0,26.1,1.1
1981-03-18T00:00:00,0.0,26.7,-1.1
1981-03-19T00:00:00,0.0,26.7,-1.7
1981-03-20T00:00:00,0.0,28.3,-4.4
1981-03-21T00:00:00,0.0,19.4,-6.7
1981-03-22T00:00:00,0.0,19.4,0.0
1981-03-23T00:00:00,0.0,22.8,-4.4
1981-03-24T00:00:00,0.0,22.2,-0.6
1981-03-25T00:00:00,0.0,23.3,4.4
1981-03-26T00:00:00,0.0,26.7,-1.1
1981-03-27T00:00:00,0.0,26.7,10.6
1981-03-28T00:00:00,0.0,23.9,3.9
1981-03-29T00:00:00,0.0,22.2,5.0
1981-03-30T00:00:00,0.0,26.7,4.4
1981-03-31T00:00:00,0.0,23.9,-1.1
1981-04-01T00:00:00,0.0,26.1,1.7
1981-04-02T00:00:00,0.0,28.3,1.7
1981-04-03T00:00:00,0.0,26.7,-2.8
1981-04-04T00:00:00,0.0,20.6,1.1
1981-04-05T00:00:00,0.0,21.1,-1.7
1981-04-06T00:00:00,0.0,25.6,-1.7
1981-04-07T00:00:00,0.0,26.7,6.7
1981-04-08T00:00:00,0.0,27.2,5.6
1981-04-09T00:00:00,0.0,29.4,7.8
1981-04-10T00:00:00,0.0,29.4,7.8
1981-04-11T00:00:00,0.0,32.2,7.2
1981-04-12T00:00:00,0.0,30.0,7.2
1981-04-13T00:00:00,0.0,31.1,12.2
1981-04-14T00:00:00,7.4,28.9,5.0
1981-04-15T00:00:00,0.0,13.3,3.9
1981-04-16T00:00:00,0.0,21.1,3.9
1981-04-17T00:00:00,0.0,21.7,8.9
1981-04-18T00:00:00,6.4,,8.9
1981-04-19T00:00:00,0.0,30.0,6.1
1981-04-20T00:00:00,0.0,27.8,6.7
1981-04-21T00:00:00,3.0,26.7,12.2
1981-04-22T00:00:00,0.0,26.7,12.8
1981-04-23T00:00:00,28.4,21.1,9.4
1981-04-24T00:00:00,0.0,23.3,5.0
1981-04-25T00:00:00,0.0,29.4,6.7
1981-04-26T00:00:00,0.0,30.0,10.6
1981-04-27T00:00:00,0.0,32.8,9.4
1981-04-28T00:00:00,1.0,34.4,12.8
1981-04-29T00:00:00,0.0,29.4,11.1
1981-04-30T00:00:00,0.0,30.0,11.7
1981-05-01T00:00:00,3.8,26.7,13.9
1981-05-02T00:00:00,24.6,23.9,13.9
1981-05-03T00:00:00,10.2,27.2,13.9
1981-05-04T00:00:00,0.0,,10.6
1981-05-05T00:00:00,0.0,27.2,13.3
1981-05-06T00:00:00,13.5,23.9,11.1
1981-05-07T00:00:00,0.0,28.3,8.9
1981-05-08T00:00:00,0.0,28.3,12.2
1981-05-09T00:00:00,0.0,26.7,8.3
1981-05-10T00:00:00,0.0,21.1,1.1
1981-05-11T00:00:00,0.0,30.0,4.4
1981-05-12T00:00:00,0.0,30.6,10.0
1981-05-13T00:00:00,0.0,31.7,11.7
1981-05-14T00:00:00,0.0,31.7,12.2
1981-05-15T00:00:00,0.0,30.0,8.9
1981-05-16T00:00:00,0.0,34.4,11.7
1981-05-17T00:00:00,0.0,34.4,11.1
1981-05-18T00:00:00,0.0,35.0,6.7
1981-05-19T00:00:00,0.0,31.1,5.0
1981-05-20T00:00:00,0.0,25.6,8.3
1981-05-21T00:00:00,0.0,32.2,9.4
1981-05-22T00:00:00,0.0,37.2,8.3
1981-05-23T00:00:00,0.0,36.1,13.3
1981-05-24T00:00:00,0.0,32.2,12.8
1981-05-25T00:00:00,0.0,32.8,8.3
1981-05-26T00:00:00,0.0,35.0,15.0
1981-05-27T00:00:00,0.0,38.3,16.7
1981-05-28T00:00:00,0.0,37.8,16.1
1981-05-29T00:00:00,6.9,33.9,11.1
1981-05-30T00:00:00,0.0,25.0,10.6
1981-05-31T00:00:00,0.0,28.3,10.0
1981-06-01T00:00:00,0.0,32.2,11.7
1981-06-02T00:00:00,0.0,33.9,14.4
1981-06-03T00:00:00,0.5,31.7,12.8
1981-06-04T00:00:00,21.8,28.3,13.3
1981-06-05T00:00:00,0.0,29.4,5.0
1981-06-06T00:00:00,0.0,31.1,13.9
1981-06-07T00:00:00,0.0,37.8,16.1
1981-06-08T00:00:00,0.0,38.3,19.4
1981-06-09T00:00:00,0.0,42.2,20.0
1981-06-10T00:00:00,0.0,38.3,21.1
1981-06-11T00:00:00,0.0,41.7,11.7
1981-06-12T00:00:00,0.0,34.4,17.8
1981-06-13T00:00:00,0.0,37.8,16.1
1981-06-14T00:00:00,0.0,40.6,18.9
1981-06-15T00:00:00,0.0,,16.1
1981-06-16T00:00:00,0.0,26.7,7.8
1981-06-17T00:00:00,0.0,34.4,7.2
1981-06-18T00:00:00,0.0,37.2,14.4
1981-06-19T00:00:00,0.0,38.3,13.9
1981-06-20T00:00:00,0.0,37.8,14.4
1981-06-21T00:00:00,0.0,42.2,18.3
1981-06-22T00:00:00,0.0,42.2,16.1
1981-06-23T00:00:00,9.7,37.8,16.1
1981-06-24T00:00:00,0.0,35.0,17.2
1981-06-25T00:00:00,0.0,34.4,15.6
1981-06-26T00:00:00,0.0,32.8,15.6
1981-06-27T00:00:00,0.0,32.2,15.6
1981-06-28T00:00:00,0.0,32.8,16.1
1981-06-29T00:00:00,2.5,33.3,17.8
1981-06-30T00:00:00,1.3,33.9,16.7
1981-07-01T00:00:00,2.0,29.4,17.2
1981-07-02T00:00:00,2.0,32.2,17.2
1981-07-03T00:00:00,0.0,36.7,17.8
1981-07-04T00:00:00,0.0,36.7,18.3
1981-07-05T00:00:00,0.0,36.7,17.2
1981-07-06T00:00:00,0.0,36.7,17.2
1981-07-07T00:00:00,3.8,34.4,17.2
1981-07-08T00:00:00,0.0,32.2,17.2
1981-07-09T00:00:00,38.9,30.0,16.7
1981-07-10T00:00:00,0.0,28.9,16.1
1981-07-11T00:00:00,0.0,,17.2
1981-07-12T00:00:00,0.0,34.4,17.8
1981-07-13T00:00:00,0.0,32.2,16.7
1981-07-14T00:00:00,0.0,35.6,17.2
1981-07-15T00:00:00,0.0,36.1,17.8
1981-07-16T00:00:00,13.7,37.8,16.7
1981-07-17T00:00:00,0.0,32.2,17.8
1981-07-18T00:00:00,0.0,35.0,17.8
1981-07-19T00:00:00,0.0,35.6,19.4
1981-07-20T00:00:00,0.0,40.0,18.9
1981-07-21T00:00:00,0.0,38.3,17.8
1981-07-22T00:00:00,0.0,37.8,15.6
1981-07-23T00:00:00,0.0,,16.1
1981-07-24T00:00:00,0.0,38.3,17.8
1981-07-25T00:00:00,0.0,35.6,16.7
1981-07-26T00:00:00,0.0,38.9,16.7
1981-07-27T00:00:00,0.0,33.9,17.2
1981-07-28T00:00:00,1.3,33.3,16.7
1981-07-29T00:00:00,3.6,34.4,16.7
1981-07-30T00:00:00,0.0,,16.7
1981-07-31T00:00:00,0.0,35.0,18.3
1981-08-01T00:00:00,0.0,36.7,17.8
1981-08-02T00:00:00,0.0,36.7,17.8
1981-08-03T00:00:00,0.0,37.2,18.9
1981-08-04T00:00:00,7.9,32.2,18.9
1981-08-05T00:00:00,10.2,35.6,18.3
1981-08-06T00:00:00,0.0,35.0,18.3
1981-08-07T00:00:00,8.1,32.2,19.4
1981-08-08T00:00:00,0.0,30.6,17.2
1981-08-09T00:00:00,0.0,31.7,11.7
1981-08-10T00:00:00,0.0,32.2,16.7
1981-08-11T00:00:00,1.8,27.8,17.8
1981-08-12T00:00:00,21.6,,
1981-08-13T00:00:00,0.0,25.6,15.6
1981-08-14T00:00:00,0.0,26.7,20.0
1981-08-15T00:00:00,11.7,28.9,17.8
1981-08-16T00:00:00,14.0,27.8,15.6
1981-08-17T00:00:00,6.4,28.9,15.6
1981-08-18T00:00:00,12.4,31.1,15.6
1981-08-19T00:00:00,0.3,30.6,15.0
1981-08-20T00:00:00,0.3,31.7,13.9
1981-08-21T00:00:00,0.0,28.9,10.0
1981-08-22T00:00:00,0.0,31.1,12.8
1981-08-23T00:00:00,0.0,27.2,12.8
1981-08-24T00:00:00,0.0,30.6,13.9
1981-08-25T00:00:00,0.0,31.7,13.9
1981-08-26T00:00:00,0.0,32.2,15.0
1981-08-27T00:00:00,0.0,31.7,14.4
1981-08-28T00:00:00,0.0,30.0,17.2
1981-08-29T00:00:00,0.0,37.2,15.0
1981-08-30T00:00:00,0.0,35.0,15.6
1981-08-31T00:00:00,1.5,36.7,17.2
1981-09-01T00:00:00,0.0,28.9,17.2
1981-09-02T00:00:00,0.0,32.8,12.2
1981-09-03T00:00:00,0.0,32.8,12.2
1981-09-04T00:00:00,10.4,32.8,12.2
1981-09-05T00:00:00,19.8,27.2,16.7
1981-09-06T00:00:00,19.6,26.7,15.6
1981-09-07T00:00:00,15.0,20.6,15.6
1981-09-08T00:00:00,25.4,20.0,12.8
1981-09-09T00:00:00,1.8,20.0,10.0
1981-09-10T00:00:00,0.0,27.8,12.2
1981-09-11T00:00:00,0.0,28.9,14.4
1981-09-12T00:00:00,0.0,28.9,13.9
1981-09-13T00:00:00,0.0,30.0,18.9
1981-09-14T00:00:00,0.0,30.0,13.3
1981-09-15T00:00:00,0.0,30.0,12.8
1981-09-16T00:00:00,0.0,30.0,12.8
1981-09-17T00:00:00,0.0,29.4,10.0
1981-09-18T00:00:00,0.0,21.7,7.2
1981-09-19T00:00:00,0.0,28.9,7.2
1981-09-20T00:00:00,0.0,32.8,7.2
1981-09-21T00:00:00,0.0,30.0,6.7
1981-09-22T00:00:00,1.0,26.7,7.2
1981-09-23T00:00:00,14.7,22.8,16.1
1981-09-24T00:00:00,0.0,28.3,16.1
1981-09-25T00:00:00,0.0,30.0,12.2
1981-09-26T00:00:00,0.0,30.6,12.2
1981-09-27T00:00:00,0.0,30.6,10.6
1981-09-28T00:00:00,0.0,30.6,10.6
1981-09-29T00:00:00,0.0,29.4,9.4
1981-09-30T00:00:00,0.0,29.4,17.2
1981-10-01T00:00:00,0.0,26.1,10.0
1981-10-02T00:00:00,0.0,21.1,11.7
1981-10-03T00:00:00,22.4,26.1,11.1
1981-10-04T00:00:00,0.0,26.7,10.6
1981-10-05T00:00:00,1.3,26.1,13.9
1981-10-06T00:00:00,13.2,23.3,12.8
1981-10-07T00:00:00,0.0,16.1,8.9
1981-10-08T00:00:00,0.0,22.2,9.4
1981-10-09T00:00:00,0.0,28.9,8.9
1981-10-10T00:00:00,0.0,27.8,8.3
1981-10-11T00:00:00,11.4,23.9,12.2
1981-10-12T00:00:00,0.0,25.6,11.7
1981-10-13T00:00:00,0.0,25.6,10.6
1981-10-14T00:00:00,0.0,26.1,10.0
1981-10-15T00:00:00,0.0,26.1,10.0
1981-10-16T00:00:00,0.0,26.1,11.7
1981-10-17T00:00:00,0.0,25.0,4.4
1981-10-18T00:00:00,0.0,27.2,2.2
1981-10-19T00:00:00,0.0,28.3,2.2
1981-10-20T00:00:00,0.0,29.4,1.7
1981-10-21T00:00:00,0.0,26.7,1.7
1981-10-22T00:00:00,2.5,11.7,1.7
1981-10-23T00:00:00,0.0,9.4,1.7
1981-10-24T00:00:00,0.0,21.7,-2.8
1981-10-25T00:00:00,0.0,22.2,7.2
1981-10-26T00:00:00,0.0,24.4,-1.7
1981-10-27T00:00:00,0.0,27.8,-1.7
1981-10-28T00:00:00,0.0,22.8,-1.7
1981-10-29T00:00:00,0.0,28.3,
1981-10-30T00:00:00,0.0,26.1,8.3
1981-10-31T00:00:00,0.0,20.0,2.8
1981-11-01T00:00:00,0.0,20.0,0.6
1981-11-02T00:00:00,0.0,23.3,3.3
1981-11-03T00:00:00,0.0,22.8,1.1
1981-11-04T00:00:00,0.0,26.7,1.1
1981-11-05T00:00:00,0.0,25.6,2.8
1981-11-06T00:00:00,0.0,22.2,5.6
1981-11-07T00:00:00,0.0,23.9,3.3
1981-11-08T00:00:00,0.0,23.9,3.3
1981-11-09T00:00:00,0.0,16.1,-2.8
1981-11-10T00:00:00,0.0,20.6,-1.1
1981-11-11T00:00:00,0.0,20.0,-2.2
1981-11-12T00:00:00,0.0,22.2,0.6
1981-11-13T00:00:00,0.0,21.7,5.0
1981-11-14T00:00:00,0.0,29.4,5.0
1981-11-15T00:00:00,0.0,22.2,8.9
1981-11-16T00:00:00,0.0,21.7,5.6
1981-11-17T00:00:00,0.0,28.9,5.6
1981-11-18T00:00:00,0.0,24.4,9.4
1981-11-19T00:00:00,0.0,,-5.6
1981-11-20T00:00:00,0.0,20.6,-5.6
1981-11-21T00:00:00,0.0,22.2,5.0
1981-11-22T00:00:00,0.0,26.1,5.0
1981-11-23T00:00:00,0.0,21.7,5.0
1981-11-24T00:00:00,0.0,27.8,1.7
1981-11-25T00:00:00,0.0,27.2,1.1
1981-11-26T00:00:00,0.0,21.7,-1.7
1981-11-27T00:00:00,0.0,,-1.7
1981-11-28T00:00:00,0.0,,-1.7
1981-11-29T00:00:00,3.3,,-1.7
1981-11-30T00:00:00,0.0,,-1.7
1981-12-01T00:00:00,0.0,12.8,-2.8
1981-12-02T00:00:00,0.0,17.8,-3.3
1981-12-03T00:00:00,0.0,25.6,5.0
1981-12-04T00:00:00,0.0,21.1,-3.3
1981-12-05T00:00:00,0.0,16.1,-2.2
1981-12-06T00:00:00,0.0,25.6,-2.2
1981-12-07T00:00:00,0.0,26.1,-2.2
1981-12-08T00:00:00,0.0,21.7,1.1
1981-12-09T00:00:00,0.0,22.2,0.6
1981-12-10T00:00:00,0.0,27.2,-0.6
1981-12-11T00:00:00,0.0,19.4,5.0
1981-12-12T00:00:00,0.0,18.3,6.7
1981-12-13T00:00:00,0.0,21.7,2.2
1981-12-14T00:00:00,0.0,14.4,-0.6
1981-12-15T00:00:00,0.0,20.6,0.0
1981-12-16T00:00:00,0.0,23.3,2.8
1981-12-17T00:00:00,0.0,18.9,-5.0
1981-12-18T00:00:00,0.0,10.6,-11.1
1981-12-19T00:00:00,0.0,22.2,-3.9
1981-12-20T00:00:00,0.0,25.6,-3.3
1981-12-21T00:00:00,0.0,21.1,-3.3
1981-12-22T00:00:00,0.0,18.3,4.4
1981-12-23T00:00:00,0.0,,-10.0
1981-12-24T00:00:00,0.0,13.3,-10.0
1981-12-25T00:00:00,0.0,19.4,-6.1
1981-12-26T00:00:00,0.0,18.3,-2.2
1981-12-27T00:00:00,0.0,19.4,-2.8
1981-12-28T00:00:00,0.0,17.8,-7.2
1981-12-29T00:00:00,0.0,18.9,-7.8
1981-12-30T00:00:00,0.0,18.9,-8.9
1981-12-31T00:00:00,0.0,18.3,-1.1
1982-01-01T00:00:00,0.0,17.8,-2.8
1982-01-02T00:00:00,0.0,16.1,7.2
1982-01-03T00:00:00,0.0,15.6,0.6
1982-01-04T00:00:00,0.0,12.2,-8.9
1982-01-05T00:00:00,0.0,18.9,1.7
1982-01-06T00:00:00,0.0,17.8,7.2
1982-01-07T00:00:00,0.0,,-8.3
1982-01-08T00:00:00,0.0,14.4,-9.4
1982-01-09T00:00:00,0.0,12.2,-5.6
1982-01-10T00:00:00,0.0,-5.0,-9.4
1982-01-11T00:00:00,0.0,1.7,-12.8
1982-01-12T00:00:00,0.0,13.3,-2.2
1982-01-13T00:00:00,19.1,2.2,-7.8
1982-01-14T00:00:00,0.0,5.6,-9.4
1982-01-15T00:00:00,0.0,10.0,-1.1
1982-01-16T00:00:00,0.0,-5.0,-8.3
1982-01-17T00:00:00,0.0,16.1,-10.0
1982-01-18T00:00:00,0.0,19.4,-2.8
1982-01-19T00:00:00,0.0,18.3,6.1
1982-01-20T00:00:00,0.0,17.8,8.3
1982-01-21T00:00:00,0.0,18.3,3.9
1982-01-22T00:00:00,0.0,17.8,2.8
1982-01-23T00:00:00,0.0,17.8,-2.2
1982-01-24T00:00:00,0.0,22.2,
1982-01-25T00:00:00,0.0,16.1,5.6
1982-01-26T00:00:00,0.0,23.3,-4.4
1982-01-27T00:00:00,0.0,25.6,5.6
1982-01-28T00:00:00,0.0,16.7,-3.3
1982-01-29T00:00:00,0.0,17.2,0.0
1982-01-30T00:00:00,0.0,7.2,-1.1
1982-01-31T00:00:00,,15.0,-5.6
1982-02-01T00:00:00,0.0,14.4,-1.7
1982-02-02T00:00:00,0.0,3.3,-8.3
1982-02-03T00:00:00,0.0,5.0,-10.0
1982-02-04T00:00:00,0.0,0.0,-6.7
1982-02-05T00:00:00,0.0,-7.2,-16.1
1982-02-06T00:00:00,0.0,3.9,-14.4
1982-02-07T00:00:00,0.0,16.1,-8.9
1982-02-08T00:00:00,0.0,17.2,-6.7
1982-02-09T00:00:00,0.0,11.1,-15.6
1982-02-10T00:00:00,0.0,16.1,-6.7
1982-02-11T00:00:00,0.0,15.6,-3.3
1982-02-12T00:00:00,0.0,15.6,-3.9
1982-02-13T00:00:00,0.0,14.4,10.6
1982-02-14T00:00:00,0.0,21.1,-3.3
1982-02-15T00:00:00,0.0,20.6,6.1
1982-02-16T00:00:00,0.0,25.6,2.2
1982-02-17T00:00:00,0.0,19.4,6.7
1982-02-18T00:00:00,0.0,17.2,0.6
1982-02-19T00:00:00,0.0,17.2,5.6
1982-02-20T00:00:00,0.0,23.9,3.3
1982-02-21T00:00:00,0.0,27.2,3.3
1982-02-22T00:00:00,0.0,25.6,1.7
1982-02-23T00:00:00,0.0,27.8,6.1
1982-02-24T00:00:00,0.0,,3.9
1982-02-25T00:00:00,1.0,,-1.7
1982-02-26T00:00:00,1.0,,-2.8
1982-02-27T00:00:00,0.5,,-4.4
1982-02-28T00:00:00,0.0,,0.6
1982-03-01T00:00:00,0.0,,2.2
1982-03-02T00:00:00,0.0,,1.7
1982-03-03T00:00:00,0.0,,8.9
1982-03-04T00:00:00,0.0,,6.1
1982-03-05T00:00:00,0.0,,-2.2
1982-03-06T00:00:00,0.0,,-5.0
1982-03-07T00:00:00,0.0,,-2.8
1982-03-08T00:00:00,0.0,,7.8
1982-03-09T00:00:00,0.0,,7.2
1982-03-10T00:00:00,0.0,,7.2
1982-03-11T00:00:00,0.0,,8.9
1982-03-12T00:00:00,0.0,,11.1
1982-03-13T00:00:00,0.0,,7.2
1982-03-14T00:00:00,0.0,,2.8
1982-03-15T00:00:00,0.0,,7.2
1982-03-16T00:00:00,0.0,,-1.1
1982-03-17T00:00:00,0.0,,1.1
1982-03-18T00:00:00,0.0,,6.7
1982-03-19T00:00:00,0.0,,8.3
1982-03-20T00:00:00,0.0,,3.3
1982-03-21T00:00:00,0.0,,-2.8
1982-03-22T00:00:00,0.0,,-2.2
1982-03-23T00:00:00,0.0,,-1.1
1982-03-24T00:00:00,0.0,,2.2
1982-03-25T00:00:00,0.0,,1.1
1982-03-26T00:00:00,0.0,,1.7
1982-03-27T00:00:00,0.0,,2.2
1982-03-28T00:00:00,1.3,,2.2
1982-03-29T00:00:00,0.0,,19.4
1982-03-30T00:00:00,0.0,,2.2
1982-03-31T00:00:00,0.0,,2.2
1982-04-01T00:00:00,,,6.7
1982-04-02T00:00:00,,,-2.2
1982-04-03T00:00:00,,,-1.1
1982-04-04T00:00:00,,,7.2
1982-04-05T00:00:00,,,1.7
1982-04-06T00:00:00,,,5.6
1982-04-07T00:00:00,,,4.4
1982-04-08T00:00:00,,,
1982-04-09T00:00:00,,23.3,4.4
1982-04-10T00:00:00,,22.2,5.0
1982-04-11T00:00:00,,,1.7
1982-04-12T00:00:00,,33.3,13.3
1982-04-13T00:00:00,,32.2,12.8
1982-04-14T00:00:00,,28.9,10.6
1982-04-15T00:00:00,,29.4,6.1
1982-04-16T00:00:00,,27.8,5.0
1982-04-17T00:00:00,,21.1,3.3
1982-04-18T00:00:00,,27.2,2.2
1982-04-19T00:00:00,,26.7,7.8
1982-04-20T00:00:00,,24.4,5.6
1982-04-21T00:00:00,,13.3,-2.2
1982-04-22T00:00:00,11.2,3.3,0.0
1982-04-23T00:00:00,0.5,6.1,2.2
1982-04-24T00:00:00,,25.0,1.7
1982-04-25T00:00:00,,28.3,7.8
1982-04-26T00:00:00,,28.9,6.7
1982-04-27T00:00:00,,25.6,8.3
1982-04-28T00:00:00,,26.7,10.0
1982-04-29T00:00:00,,28.9,8.9
1982-04-30T00:00:00,34.3,12.8,10.0
1982-05-01T00:00:00,3.6,14.4,9.4
1982-05-02T00:00:00,0.5,20.6,10.0
1982-05-03T00:00:00,3.0,26.1,10.0
1982-05-04T00:00:00,4.1,24.4,10.0
1982-05-05T00:00:00,0.0,21.1,7.8
1982-05-06T00:00:00,0.0,24.4,3.3
1982-05-07T00:00:00,0.0,27.8,1.1
1982-05-08T00:00:00,0.0,29.4,5.0
1982-05-09T00:00:00,0.0,,7.2
1982-05-10T00:00:00,0.0,30.0,9.4
1982-05-11T00:00:00,0.0,27.8,6.1
1982-05-12T00:00:00,0.0,26.7,8.3
1982-05-13T00:00:00,0.0,25.0,5.6
1982-05-14T00:00:00,0.0,29.4,7.2
1982-05-15T00:00:00,0.0,30.6,8.3
1982-05-16T00:00:00,0.0,29.4,16.1
1982-05-17T00:00:00,0.0,32.2,8.9
1982-05-18T00:00:00,0.0,28.9,7.2
1982-05-19T00:00:00,0.0,32.2,10.0
1982-05-20T00:00:00,0.0,32.8,12.2
1982-05-21T00:00:00,0.0,30.6,14.4
1982-05-22T00:00:00,0.0,28.9,14.4
1982-05-23T00:00:00,0.0,26.7,11.7
1982-05-24T00:00:00,0.0,28.9,10.6
1982-05-25T00:00:00,1.8,26.1,11.1
1982-05-26T00:00:00,0.0,35.6,11.7
1982-05-27T00:00:00,6.6,32.8,13.9
1982-05-28T00:00:00,0.0,31.7,12.8
1982-05-29T00:00:00,0.0,33.3,13.9
1982-05-30T00:00:00,0.0,34.4,11.7
1982-05-31T00:00:00,0.0,29.4,12.2
1982-06-01T00:00:00,0.0,34.4,11.7
1982-06-02T00:00:00,0.0,33.9,10.6
1982-06-03T00:00:00,0.0,33.3,10.0
1982-06-04T00:00:00,0.0,33.9,11.7
1982-06-05T00:00:00,0.0,36.1,12.8
1982-06-06T00:00:00,0.0,35.0,14.4
1982-06-07T00:00:00,0.0,35.6,16.7
1982-06-08T00:00:00,0.0,36.7,20.6
1982-06-09T00:00:00,0.0,35.6,15.0
1982-06-10T00:00:00,6.1,30.6,18.9
1982-06-11T00:00:00,0.0,33.9,13.9
1982-06-12T00:00:00,0.0,32.2,15.0
1982-06-13T00:00:00,20.8,28.9,13.3
1982-06-14T00:00:00,0.0,32.8,13.3
1982-06-15T00:00:00,0.0,31.7,12.8
1982-06-16T00:00:00,0.0,32.2,15.6
1982-06-17T00:00:00,0.0,32.8,12.8
1982-06-18T00:00:00,0.0,33.3,14.4
1982-06-19T00:00:00,0.0,25.6,14.4
1982-06-20T00:00:00,0.0,26.7,12.8
1982-06-21T00:00:00,0.0,34.4,10.0
1982-06-22T00:00:00,0.0,35.6,13.3
1982-06-23T00:00:00,0.0,36.1,15.6
1982-06-24T00:00:00,0.0,36.1,12.8
1982-06-25T00:00:00,0.0,35.6,13.3
1982-06-26T00:00:00,0.0,37.2,15.6
1982-06-27T00:00:00,0.0,36.1,19.4
1982-06-28T00:00:00,0.0,35.6,16.1
1982-06-29T00:00:00,0.0,37.2,15.6
1982-06-30T00:00:00,0.0,33.9,17.2
1982-07-01T00:00:00,24.1,30.0,15.6
1982-07-02T00:00:00,3.6,33.3,17.8
1982-07-03T00:00:00,0.0,36.1,18.3
1982-07-04T00:00:00,0.0,32.2,16.1
1982-07-05T00:00:00,0.0,29.4,18.3
1982-07-06T00:00:00,0.0,33.9,16.1
1982-07-07T00:00:00,0.0,35.0,18.3
1982-07-08T00:00:00,0.0,33.3,16.7
1982-07-09T00:00:00,1.5,35.6,19.4
1982-07-10T00:00:00,0.0,33.3,17.2
1982-07-11T00:00:00,0.0,35.6,15.6
1982-07-12T00:00:00,5.6,30.6,14.4
1982-07-13T00:00:00,0.0,34.4,16.7
1982-07-14T00:00:00,0.0,35.6,17.2
1982-07-15T00:00:00,0.0,37.2,15.6
1982-07-16T00:00:00,0.0,36.1,16.7
1982-07-17T00:00:00,0.0,36.7,17.2
1982-07-18T00:00:00,0.0,37.2,18.3
1982-07-19T00:00:00,0.0,36.7,16.7
1982-07-20T00:00:00,0.0,35.6,18.9
1982-07-21T00:00:00,0.0,36.1,18.9
1982-07-22T00:00:00,0.0,35.6,17.2
1982-07-23T00:00:00,0.0,33.3,16.1
1982-07-24T00:00:00,0.0,33.3,15.6
1982-07-25T00:00:00,0.0,33.9,16.7
1982-07-26T00:00:00,0.0,37.2,16.7
1982-07-27T00:00:00,0.0,36.1,17.2
1982-07-28T00:00:00,0.0,33.9,20.6
1982-07-29T00:00:00,0.0,36.1,21.1
1982-07-30T00:00:00,9.9,33.9,17.8
1982-07-31T00:00:00,0.0,30.0,17.8
1982-08-01T00:00:00,3.0,32.8,18.3
1982-08-02T00:00:00,0.0,35.6,17.2
1982-08-03T00:00:00,0.0,35.6,20.6
1982-08-04T00:00:00,0.0,35.0,17.2
1982-08-05T00:00:00,0.0,34.4,17.2
1982-08-06T00:00:00,0.0,34.4,17.2
1982-08-07T00:00:00,14.0,35.6,17.2
1982-08-08T00:00:00,0.0,35.6,16.7
1982-08-09T00:00:00,0.0,30.0,17.2
1982-08-10T00:00:00,0.0,32.2,16.1
1982-08-11T00:00:00,0.0,31.7,18.3
1982-08-12T00:00:00,0.0,33.3,16.1
1982-08-13T00:00:00,0.0,34.4,18.9
1982-08-14T00:00:00,0.0,36.1,
1982-08-15T00:00:00,0.0,37.8,19.4
1982-08-16T00:00:00,0.0,35.0,21.1
1982-08-17T00:00:00,0.0,34.4,18.3
1982-08-18T00:00:00,6.9,29.4,17.2
1982-08-19T00:00:00,0.0,32.8,17.2
1982-08-20T00:00:00,0.0,33.9,17.2
1982-08-21T00:00:00,0.0,32.8,17.2
1982-08-22T00:00:00,0.0,33.3,16.7
1982-08-23T00:00:00,0.0,36.1,16.7
1982-08-24T00:00:00,0.0,37.2,18.3
1982-08-25T00:00:00,7.4,25.6,17.2
1982-08-26T00:00:00,0.0,33.3,16.7
1982-08-27T00:00:00,0.0,35.6,16.7
1982-08-28T00:00:00,0.0,32.8,19.4
1982-08-29T00:00:00,0.0,35.6,16.7
1982-08-30T00:00:00,7.6,36.7,15.6
1982-08-31T00:00:00,2.5,35.6,16.7
1982-09-01T00:00:00,0.0,36.7,16.7
1982-09-02T00:00:00,0.0,35.6,18.3
1982-09-03T00:00:00,0.0,32.8,16.7
1982-09-04T00:00:00,0.0,33.9,14.4
1982-09-05T00:00:00,0.0,35.0,15.0
1982-09-06T00:00:00,0.0,36.7,15.6
1982-09-07T00:00:00,0.0,30.0,16.1
1982-09-08T00:00:00,0.0,36.7,12.8
1982-09-09T00:00:00,0.0,31.7,17.2
1982-09-10T00:00:00,0.0,31.1,16.7
1982-09-11T00:00:00,0.0,29.4,13.3
1982-09-12T00:00:00,0.0,26.1,18.9
1982-09-13T00:00:00,0.0,29.4,11.7
1982-09-14T00:00:00,0.0,32.8,11.1
1982-09-15T00:00:00,0.0,28.9,13.3
1982-09-16T00:00:00,0.0,25.6,14.4
1982-09-17T00:00:00,0.0,23.9,13.9
1982-09-18T00:00:00,8.4,25.0,12.8
1982-09-19T00:00:00,0.0,26.7,12.8
1982-09-20T00:00:00,1.8,23.3,15.0
1982-09-21T00:00:00,0.0,17.8,13.3
1982-09-22T00:00:00,0.0,28.9,8.3
1982-09-23T00:00:00,0.0,27.8,13.3
1982-09-24T00:00:00,0.0,27.2,12.2
1982-09-25T00:00:00,0.0,28.9,11.1
1982-09-26T00:00:00,0.0,35.6,15.0
1982-09-27T00:00:00,0.0,32.8,15.6
1982-09-28T00:00:00,0.0,28.9,12.2
1982-09-29T00:00:00,0.0,29.4,15.0
1982-09-30T00:00:00,38.4,,
1982-10-01T00:00:00,0.0,25.0,12.8
1982-10-02T00:00:00,0.0,26.1,10.6
1982-10-03T00:00:00,0.0,26.7,9.4
1982-10-04T00:00:00,0.0,30.0,9.4
1982-10-05T00:00:00,0.0,30.0,1.7
1982-10-06T00:00:00,0.0,28.3,6.1
1982-10-07T00:00:00,0.0,29.4,16.1
1982-10-08T00:00:00,0.0,24.4,10.0
1982-10-09T00:00:00,0.0,23.9,2.8
1982-10-10T00:00:00,0.0,18.9,0.6
1982-10-11T00:00:00,0.0,18.3,1.1
1982-10-12T00:00:00,10.9,18.3,7.8
1982-10-13T00:00:00,0.0,18.3,2.8
1982-10-14T00:00:00,0.0,19.4,3.3
1982-10-15T00:00:00,0.0,24.4,6.7
1982-10-16T00:00:00,3.3,23.3,8.3
1982-10-17T00:00:00,0.0,26.1,6.7
1982-10-18T00:00:00,0.0,27.8,10.0
1982-10-19T00:00:00,0.0,27.8,8.3
1982-10-20T00:00:00,0.0,23.3,0.6
1982-10-21T00:00:00,0.0,19.4,-0.6
1982-10-22T00:00:00,0.0,18.9,0.0
1982-10-23T00:00:00,0.0,22.8,2.8
1982-10-24T00:00:00,0.0,22.8,3.9
1982-10-25T00:00:00,0.0,25.0,7.2
1982-10-26T00:00:00,0.0,28.9,6.7
1982-10-27T00:00:00,0.0,26.1,10.6
1982-10-28T00:00:00,0.0,22.2,0.6
1982-10-29T00:00:00,0.0,23.3,-1.1
1982-10-30T00:00:00,0.0,27.2,5.0
1982-10-31T00:00:00,0.0,25.0,9.4
1982-11-01T00:00:00,0.0,22.8,3.9
1982-11-02T00:00:00,0.0,,3.9
1982-11-03T00:00:00,4.8,11.7,2.2
1982-11-04T00:00:00,0.0,18.3,1.1
1982-11-05T00:00:00,0.0,21.7,0.6
1982-11-06T00:00:00,0.0,25.6,4.4
1982-11-07T00:00:00,0.0,23.9,6.1
1982-11-08T00:00:00,0.0,18.3,5.6
1982-11-09T00:00:00,0.0,23.3,2.8
1982-11-10T00:00:00,0.0,18.3,3.3
1982-11-11T00:00:00,0.0,16.1,10.6
1982-11-12T00:00:00,0.0,13.9,-2.8
1982-11-13T00:00:00,0.0,18.3,-3.3
1982-11-14T00:00:00,0.0,15.6,3.3
1982-11-15T00:00:00,0.0,11.7,-5.6
1982-11-16T00:00:00,0.0,14.4,0.6
1982-11-17T00:00:00,0.0,19.4,-2.8
1982-11-18T00:00:00,0.0,20.6,8.9
1982-11-19T00:00:00,0.0,22.8,5.6
1982-11-20T00:00:00,0.0,21.1,4.4
1982-11-21T00:00:00,0.0,20.0,2.2
1982-11-22T00:00:00,0.0,23.3,5.0
1982-11-23T00:00:00,0.0,8.3,2.8
1982-11-24T00:00:00,9.4,4.4,-4.4
1982-11-25T00:00:00,0.0,1.7,-4.4
1982-11-26T00:00:00,11.2,1.7,-1.7
1982-11-27T00:00:00,7.6,3.9,-2.2
1982-11-28T00:00:00,0.0,11.1,-4.4
1982-11-29T00:00:00,0.0,,2.8
1982-11-30T00:00:00,0.0,15.6,2.2
1982-12-01T00:00:00,0.0,11.7,3.9
1982-12-02T00:00:00,0.0,,1.1
1982-12-03T00:00:00,0.0,8.9,-0.6
1982-12-04T00:00:00,0.0,15.0,-3.9
1982-12-05T00:00:00,0.0,14.4,-2.2
1982-12-06T00:00:00,0.0,18.3,-2.2
1982-12-07T00:00:00,0.0,12.8,-2.8
1982-12-08T00:00:00,,-1.7,-3.9
1982-12-09T00:00:00,,1.1,-1.7
1982-12-10T00:00:00,,-1.1,-1.7
1982-12-11T00:00:00,,0.6,-2.2
1982-12-12T00:00:00,,7.8,-6.7
1982-12-13T00:00:00,0.0,12.2,-5.6
1982-12-14T00:00:00,0.0,15.6,0.6
1982-12-15T00:00:00,0.0,13.3,-3.3
1982-12-16T00:00:00,0.0,18.3,-1.1
1982-12-17T00:00:00,0.0,20.0,5.0
1982-12-18T00:00:00,0.0,19.4,6.1
1982-12-19T00:00:00,0.0,17.2,-1.1
1982-12-20T00:00:00,0.0,21.7,1.1
1982-12-21T00:00:00,0.0,21.1,3.3
1982-12-22T00:00:00,0.0,17.8,4.4
1982-12-23T00:00:00,0.0,16.7,7.8
1982-12-24T00:00:00,0.0,12.8,1.1
1982-12-25T00:00:00,0.0,4.4,-3.9
1982-12-26T00:00:00,8.1,2.2,-1.7
1982-12-27T00:00:00,0.0,9.4,-1.7
1982-12-28T00:00:00,0.0,-1.1,-6.7
1982-12-29T00:00:00,0.0,-2.8,-13.3
1982-12-30T00:00:00,0.0,-1.1,-12.2
1982-12-31T00:00:00,24.9,-1.1,-12.2
1983-01-01T00:00:00,0.0,0.6,-11.1
1983-01-02T00:00:00,0.0,2.8,-13.9
1983-01-03T00:00:00,0.0,3.3,-15.0
1983-01-04T00:00:00,0.0,8.3,-5.0
1983-01-05T00:00:00,0.0,11.1,-4.4
1983-01-06T00:00:00,0.0,16.1,0.0
1983-01-07T00:00:00,0.0,17.8,0.0
1983-01-08T00:00:00,0.0,15.6,0.6
1983-01-09T00:00:00,0.0,18.9,10.6
1983-01-10T00:00:00,0.0,13.3,-3.3
1983-01-11T00:00:00,0.0,17.2,-2.2
1983-01-12T00:00:00,0.0,16.1,-4.4
1983-01-13T00:00:00,0.0,21.1,
1983-01-14T00:00:00,0.0,17.2,
1983-01-15T00:00:00,0.0,11.1,
1983-01-16T00:00:00,0.0,11.1,-1.1
1983-01-17T00:00:00,0.8,11.1,-1.1
1983-01-18T00:00:00,0.0,10.0,0.0
1983-01-19T00:00:00,0.0,9.4,0.6
1983-01-20T00:00:00,,7.8,-0.6
1983-01-21T00:00:00,,0.6,-3.9
1983-01-22T00:00:00,0.0,0.0,-6.7
1983-01-23T00:00:00,0.0,16.7,-2.8
1983-01-24T00:00:00,0.0,14.4,-2.2
1983-01-25T00:00:00,0.0,16.7,-1.1
1983-01-26T00:00:00,0.0,13.9,-2.8
1983-01-27T00:00:00,0.0,13.9,-5.0
1983-01-28T00:00:00,0.0,16.7,0.6
1983-01-29T00:00:00,0.0,17.8,-1.1
1983-01-30T00:00:00,0.0,16.7,1.7
1983-01-31T00:00:00,0.0,4.4,0.6
1983-02-01T00:00:00,0.0,6.7,-1.1
1983-02-02T00:00:00,0.0,10.6,-5.6
1983-02-03T00:00:00,1.5,8.3,-3.3
1983-02-04T00:00:00,3.8,5.6,-3.9
1983-02-05T00:00:00,0.0,13.9,-4.4
1983-02-06T00:00:00,0.0,11.1,-2.2
1983-02-07T00:00:00,0.0,15.0,-1.7
1983-02-08T00:00:00,0.0,18.3,1.7
1983-02-09T00:00:00,0.0,20.0,0.6
1983-02-10T00:00:00,0.0,18.3,-2.8
1983-02-11T00:00:00,0.0,17.8,-1.1
1983-02-12T00:00:00,0.0,17.2,-4.4
1983-02-13T00:00:00,0.0,21.7,0.6
1983-02-14T00:00:00,0.0,20.0,5.6
1983-02-15T00:00:00,0.0,15.0,0.0
1983-02-16T00:00:00,0.0,21.1,-1.7
1983-02-17T00:00:00,0.0,23.3,-0.6
1983-02-18T00:00:00,0.0,22.2,5.6
1983-02-19T00:00:00,0.0,14.4,4.4
1983-02-20T00:00:00,0.0,15.6,-2.8
1983-02-21T00:00:00,0.0,16.1,-2.8
1983-02-22T00:00:00,0.0,21.7,0.0
1983-02-23T00:00:00,0.0,20.0,0.6
1983-02-24T00:00:00,0.0,23.3,1.1
1983-02-25T00:00:00,0.0,18.3,2.2
1983-02-26T00:00:00,0.0,18.9,3.3
1983-02-27T00:00:00,0.0,21.1,-1.1
1983-02-28T00:00:00,0.0,22.2,2.2
1983-03-01T00:00:00,0.0,23.9,2.2
1983-03-02T00:00:00,0.0,25.6,4.4
1983-03-03T00:00:00,0.0,22.8,2.8
1983-03-04T00:00:00,0.0,16.7,6.7
1983-03-05T00:00:00,0.0,19.4,5.6
1983-03-06T00:00:00,0.0,21.7,8.9
1983-03-07T00:00:00,0.0,22.2,3.3
1983-03-08T00:00:00,0.0,21.1,7.2
1983-03-09T00:00:00,0.0,20.0,2.2
1983-03-10T00:00:00,0.0,23.3,0.0
1983-03-11T00:00:00,0.0,18.9,-2.2
1983-03-12T00:00:00,0.0,23.9,4.4
1983-03-13T00:00:00,0.0,26.1,7.2
1983-03-14T00:00:00,0.0,24.4,6.7
1983-03-15T00:00:00,0.0,20.6,7.2
1983-03-16T00:00:00,0.0,13.9,1.1
1983-03-17T00:00:00,0.0,13.9,-5.0
1983-03-18T00:00:00,0.0,20.6,-1.7
1983-03-19T00:00:00,0.0,19.4,2.8
1983-03-20T00:00:00,3.8,9.4,-1.7
1983-03-21T00:00:00,0.0,10.6,-2.2
1983-03-22T00:00:00,0.0,18.3,-1.7
1983-03-23T00:00:00,0.0,21.1,0.6
1983-03-24T00:00:00,0.0,21.1,-0.6
1983-03-25T00:00:00,0.0,,
1983-03-26T00:00:00,0.0,17.8,-0.6
1983-03-27T00:00:00,0.0,18.9,1.1
1983-03-28T00:00:00,0.0,22.8,11.7
1983-03-29T00:00:00,0.0,21.1,5.0
1983-03-30T00:00:00,0.0,25.6,7.2
1983-03-31T00:00:00,0.0,31.7,7.2
1983-04-01T00:00:00,0.0,28.9,9.4
1983-04-02T00:00:00,0.0,21.1,-1.1
1983-04-03T00:00:00,0.0,24.4,7.8
1983-04-04T00:00:00,1.5,1.7,1.1
1983-04-05T00:00:00,,0.6,-5.6
1983-04-06T00:00:00,,3.3,-3.9
1983-04-07T00:00:00,,3.9,-2.2
1983-04-08T00:00:00,0.0,7.2,-2.8
1983-04-09T00:00:00,0.0,20.0,3.3
1983-04-10T00:00:00,0.0,21.7,
1983-04-11T00:00:00,0.0,21.7,
1983-04-12T00:00:00,0.0,21.1,
1983-04-13T00:00:00,0.0,20.0,
1983-04-14T00:00:00,0.0,25.6,
1983-04-15T00:00:00,0.0,24.4,
1983-04-16T00:00:00,0.0,22.8,
1983-04-17T00:00:00,0.0,26.1,
1983-04-18T00:00:00,0.0,27.2,
1983-04-19T00:00:00,0.0,27.2,
1983-04-20T00:00:00,0.0,27.2,
1983-04-21T00:00:00,0.0,22.8,
1983-04-22T00:00:00,0.0,23.3,
1983-04-23T00:00:00,0.0,22.8,
1983-04-24T00:00:00,0.0,30.0,
1983-04-25T00:00:00,0.0,27.8,
1983-04-26T00:00:00,0.0,27.8,
1983-04-27T00:00:00,0.0,29.4,
1983-04-28T00:00:00,0.0,29.4,
1983-04-29T00:00:00,0.0,27.2,
1983-04-30T00:00:00,0.0,28.9,
1983-05-01T00:00:00,0.0,25.6,
1983-05-02T00:00:00,0.0,23.3,
1983-05-03T00:00:00,0.0,31.7,
1983-05-04T00:00:00,0.0,27.8,
1983-05-05T00:00:00,0.0,29.4,
1983-05-06T00:00:00,0.0,29.4,
1983-05-07T00:00:00,0.0,28.3,
1983-05-08T00:00:00,0.0,24.4,
1983-05-09T00:00:00,0.0,28.9,
1983-05-10T00:00:00,0.0,31.7,
1983-05-11T00:00:00,0.0,28.3,
1983-05-12T00:00:00,0.0,28.3,
1983-05-13T00:00:00,0.0,27.8,
1983-05-14T00:00:00,0.0,28.3,6.1
1983-05-15T00:00:00,0.0,27.8,6.7
1983-05-16T00:00:00,0.0,29.4,8.3
1983-05-17T00:00:00,0.0,27.2,6.1
1983-05-18T00:00:00,0.0,26.7,2.2
1983-05-19T00:00:00,0.0,28.9,8.3
1983-05-20T00:00:00,0.0,27.8,13.9
1983-05-21T00:00:00,0.0,28.9,7.2
1983-05-22T00:00:00,0.0,32.8,12.8
1983-05-23T00:00:00,0.0,30.0,9.4
1983-05-24T00:00:00,0.0,33.3,11.7
1983-05-25T00:00:00,0.0,31.7,12.8
1983-05-26T00:00:00,0.0,29.4,12.2
1983-05-27T00:00:00,0.0,31.7,11.1
1983-05-28T00:00:00,3.8,31.7,12.2
1983-05-29T00:00:00,2.8,31.7,12.8
1983-05-30T00:00:00,2.0,35.6,12.2
1983-05-31T00:00:00,6.9,17.2,8.9
1983-06-01T00:00:00,0.0,31.7,8.9
1983-06-02T00:00:00,0.0,32.2,13.9
1983-06-03T00:00:00,0.0,33.3,12.2
1983-06-04T00:00:00,0.0,32.8,11.1
1983-06-05T00:00:00,0.0,32.8,10.0
1983-06-06T00:00:00,2.5,28.9,0.0
1983-06-07T00:00:00,0.0,30.6,10.6
1983-06-08T00:00:00,12.4,30.0,15.6
1983-06-09T00:00:00,0.0,28.3,13.3
1983-06-10T00:00:00,0.0,32.8,13.9
1983-06-11T00:00:00,0.0,34.4,12.2
1983-06-12T00:00:00,0.0,32.8,12.8
1983-06-13T00:00:00,0.0,33.9,15.0
1983-06-14T00:00:00,0.0,30.6,11.1
1983-06-15T00:00:00,0.0,27.8,12.8
1983-06-16T00:00:00,0.0,32.2,11.7
1983-06-17T00:00:00,0.0,37.8,13.9
1983-06-18T00:00:00,0.0,38.3,17.2
1983-06-19T00:00:00,0.0,39.4,14.4
1983-06-20T00:00:00,0.0,40.6,12.8
1983-06-21T00:00:00,3.3,40.0,15.0
1983-06-22T00:00:00,0.0,40.6,15.6
1983-06-23T00:00:00,2.8,33.3,17.2
1983-06-24T00:00:00,9.7,28.3,15.6
1983-06-25T00:00:00,0.0,32.8,13.3
1983-06-26T00:00:00,0.0,35.6,12.2
1983-06-27T00:00:00,0.0,33.9,15.6
1983-06-28T00:00:00,0.0,37.8,16.7
1983-06-29T00:00:00,0.0,36.1,13.3
1983-06-30T00:00:00,0.0,38.3,13.9
1983-07-01T00:00:00,0.0,38.3,15.6
1983-07-02T00:00:00,0.0,38.3,16.7
1983-07-03T00:00:00,0.0,38.3,16.7
1983-07-04T00:00:00,0.0,37.8,17.2
1983-07-05T00:00:00,0.0,34.4,19.4
1983-07-06T00:00:00,0.0,32.2,15.0
1983-07-07T00:00:00,0.0,32.8,15.0
1983-07-08T00:00:00,0.0,35.0,16.1
1983-07-09T00:00:00,0.0,35.0,17.2
1983-07-10T00:00:00,0.0,35.0,16.7
1983-07-11T00:00:00,0.0,34.4,17.8
1983-07-12T00:00:00,0.0,33.3,17.8
1983-07-13T00:00:00,0.0,34.4,15.0
1983-07-14T00:00:00,5.1,33.3,17.8
1983-07-15T00:00:00,0.0,36.1,15.0
1983-07-16T00:00:00,0.0,37.8,17.2
1983-07-17T00:00:00,0.0,38.9,20.6
1983-07-18T00:00:00,0.0,33.3,18.3
1983-07-19T00:00:00,0.0,34.4,17.2
1983-07-20T00:00:00,0.0,33.9,16.1
1983-07-21T00:00:00,0.0,35.6,17.2
1983-07-22T00:00:00,0.0,35.0,17.8
1983-07-23T00:00:00,0.0,37.2,16.1
1983-07-24T00:00:00,0.0,38.9,17.8
1983-07-25T00:00:00,0.0,35.6,20.6
1983-07-26T00:00:00,0.0,37.8,18.9
1983-07-27T00:00:00,0.0,35.6,19.4
1983-07-28T00:00:00,0.0,36.7,20.6
1983-07-29T00:00:00,0.0,36.1,18.9
1983-07-30T00:00:00,0.0,35.0,18.3
1983-07-31T00:00:00,0.0,31.7,20.0
1983-08-01T00:00:00,0.0,33.3,17.8
1983-08-02T00:00:00,0.0,35.0,17.8
1983-08-03T00:00:00,0.0,37.2,21.1
1983-08-04T00:00:00,0.0,37.8,17.8
1983-08-05T00:00:00,0.0,32.8,16.7
1983-08-06T00:00:00,0.0,32.8,20.6
1983-08-07T00:00:00,0.0,36.7,15.6
1983-08-08T00:00:00,0.0,33.3,15.6
1983-08-09T00:00:00,0.0,35.0,17.2
1983-08-10T00:00:00,0.0,32.2,16.7
1983-08-11T00:00:00,8.9,35.0,18.3
1983-08-12T00:00:00,0.0,34.4,17.8
1983-08-13T00:00:00,0.0,36.1,18.9
1983-08-14T00:00:00,0.0,32.8,20.6
1983-08-15T00:00:00,0.0,34.4,16.7
1983-08-16T00:00:00,0.0,35.0,18.3
1983-08-17T00:00:00,0.0,36.7,18.3
1983-08-18T00:00:00,0.0,36.7,19.4
1983-08-19T00:00:00,0.0,35.6,17.2
1983-08-20T00:00:00,0.0,38.9,15.6
1983-08-21T00:00:00,0.0,38.3,19.4
1983-08-22T00:00:00,0.0,36.7,17.2
1983-08-23T00:00:00,6.1,35.6,18.3
1983-08-24T00:00:00,1.5,37.2,18.3
1983-08-25T00:00:00,0.0,35.0,17.2
1983-08-26T00:00:00,0.0,35.6,16.7
1983-08-27T00:00:00,0.0,36.7,18.9
1983-08-28T00:00:00,0.0,35.6,18.9
1983-08-29T00:00:00,0.0,35.6,18.3
1983-08-30T00:00:00,0.0,38.3,16.7
1983-08-31T00:00:00,0.0,39.4,18.9
1983-09-01T00:00:00,0.0,37.8,19.4
1983-09-02T00:00:00,0.0,36.1,17.2
1983-09-03T00:00:00,0.0,38.9,17.8
1983-09-04T00:00:00,0.0,40.0,17.2
1983-09-05T00:00:00,0.0,40.0,18.9
1983-09-06T00:00:00,0.0,39.4,18.9
1983-09-07T00:00:00,0.0,40.0,21.1
1983-09-08T00:00:00,6.1,32.8,17.2
1983-09-09T00:00:00,0.0,35.0,16.1
1983-09-10T00:00:00,25.9,35.6,17.8
1983-09-11T00:00:00,0.0,31.7,17.2
1983-09-12T00:00:00,0.0,34.4,17.2
1983-09-13T00:00:00,0.0,26.7,15.6
1983-09-14T00:00:00,0.0,30.0,15.6
1983-09-15T00:00:00,0.0,35.0,16.1
1983-09-16T00:00:00,0.0,34.4,17.8
1983-09-17T00:00:00,0.0,33.9,18.3
1983-09-18T00:00:00,0.0,35.6,17.8
1983-09-19T00:00:00,0.0,36.7,15.6
1983-09-20T00:00:00,0.0,35.6,7.8
1983-09-21T00:00:00,0.0,23.3,7.8
1983-09-22T00:00:00,0.0,29.4,9.4
1983-09-23T00:00:00,0.0,28.3,11.1
1983-09-24T00:00:00,0.0,32.2,14.4
1983-09-25T00:00:00,0.0,32.8,11.7
1983-09-26T00:00:00,0.0,33.9,12.8
1983-09-27T00:00:00,11.9,30.0,14.4
1983-09-28T00:00:00,0.0,29.4,15.0
1983-09-29T00:00:00,1.0,29.4,15.6
1983-09-30T00:00:00,7.6,25.6,15.6
1983-10-01T00:00:00,0.0,27.2,14.4
1983-10-02T00:00:00,9.9,29.4,11.1
1983-10-03T00:00:00,0.0,30.6,16.1
1983-10-04T00:00:00,0.0,28.3,12.8
1983-10-05T00:00:00,0.0,30.0,12.2
1983-10-06T00:00:00,0.0,34.4,15.6
1983-10-07T00:00:00,0.0,32.2,12.8
1983-10-08T00:00:00,21.1,30.0,9.4
1983-10-09T00:00:00,0.0,22.2,13.9
1983-10-10T00:00:00,0.0,27.8,10.6
1983-10-11T00:00:00,0.0,27.2,13.9
1983-10-12T00:00:00,0.0,25.6,10.0
1983-10-13T00:00:00,0.0,25.6,8.3
1983-10-14T00:00:00,0.0,26.7,10.6
1983-10-15T00:00:00,0.0,26.7,11.1
1983-10-16T00:00:00,0.0,26.7,9.4
1983-10-17T00:00:00,0.0,25.6,12.2
1983-10-18T00:00:00,6.4,24.4,15.6
1983-10-19T00:00:00,38.9,20.6,12.2
1983-10-20T00:00:00,1.5,12.2,6.7
1983-10-21T00:00:00,0.0,21.1,5.6
1983-10-22T00:00:00,0.0,23.3,7.8
1983-10-23T00:00:00,0.0,26.7,8.3
1983-10-24T00:00:00,0.0,,17.2
1983-10-25T00:00:00,0.0,26.7,6.7
1983-10-26T00:00:00,0.0,20.0,7.2
1983-10-27T00:00:00,1.0,18.3,7.2
1983-10-28T00:00:00,0.0,23.9,8.3
1983-10-29T00:00:00,0.0,21.7,4.4
1983-10-30T00:00:00,0.0,20.0,8.9
1983-10-31T00:00:00,0.0,23.9,7.8
1983-11-01T00:00:00,0.0,23.9,7.8
1983-11-02T00:00:00,31.8,21.1,10.0
1983-11-03T00:00:00,2.8,22.2,8.9
1983-11-04T00:00:00,16.3,22.2,8.9
1983-11-05T00:00:00,0.0,20.0,11.7
1983-11-06T00:00:00,0.0,21.1,9.4
1983-11-07T00:00:00,0.0,23.9,6.7
1983-11-08T00:00:00,0.0,24.4,6.7
1983-11-09T00:00:00,0.0,25.0,3.3
1983-11-10T00:00:00,0.0,22.8,1.7
1983-11-11T00:00:00,0.0,22.8,2.2
1983-11-12T00:00:00,0.0,25.6,6.1
1983-11-13T00:00:00,0.0,23.3,4.4
1983-11-14T00:00:00,0.0,24.4,6.7
1983-11-15T00:00:00,0.0,26.1,0.0
1983-11-16T00:00:00,0.0,26.1,0.0
1983-11-17T00:00:00,0.0,25.0,5.6
1983-11-18T00:00:00,0.0,25.6,6.1
1983-11-19T00:00:00,0.0,26.1,7.2
1983-11-20T00:00:00,0.0,20.6,2.2
1983-11-21T00:00:00,0.0,21.7,18.3
1983-11-22T00:00:00,0.0,18.3,4.4
1983-11-23T00:00:00,0.0,7.2,-2.2
1983-11-24T00:00:00,0.0,12.8,-4.4
1983-11-25T00:00:00,0.0,22.8,3.3
1983-11-26T00:00:00,0.0,16.7,1.7
1983-11-27T00:00:00,0.0,10.6,-12.2
1983-11-28T00:00:00,0.0,15.6,-12.2
1983-11-29T00:00:00,0.0,17.8,-3.3
1983-11-30T00:00:00,0.0,16.7,2.2
1983-12-01T00:00:00,0.0,13.9,-5.0
1983-12-02T00:00:00,0.0,20.6,0.6
1983-12-03T00:00:00,0.0,17.8,-3.9
1983-12-04T00:00:00,0.0,22.2,7.2
1983-12-05T00:00:00,0.0,18.3,2.2
1983-12-06T00:00:00,0.0,18.3,-1.7
1983-12-07T00:00:00,0.0,18.9,3.9
1983-12-08T00:00:00,0.0,21.1,-7.2
1983-12-09T00:00:00,0.0,17.2,1.7
1983-12-10T00:00:00,0.0,19.4,0.6
1983-12-11T00:00:00,0.0,21.7,-2.8
1983-12-12T00:00:00,0.0,21.1,-3.3
1983-12-13T00:00:00,0.0,13.3,7.2
1983-12-14T00:00:00,0.0,17.2,-1.7
1983-12-15T00:00:00,2.5,13.9,-3.3
1983-12-16T00:00:00,0.0,12.2,-3.3
1983-12-17T00:00:00,0.0,12.2,-6.1
1983-12-18T00:00:00,0.0,5.0,-10.0
1983-12-19T00:00:00,0.0,6.7,-10.0
1983-12-20T00:00:00,0.0,15.0,-10.0
1983-12-21T00:00:00,0.0,15.6,-10.0
1983-12-22T00:00:00,0.0,4.4,-11.7
1983-12-23T00:00:00,0.0,18.3,-11.7
1983-12-24T00:00:00,0.0,17.2,-15.0
1983-12-25T00:00:00,0.0,-8.9,-16.1
1983-12-26T00:00:00,0.0,16.1,-11.1
1983-12-27T00:00:00,0.0,17.8,-12.2
1983-12-28T00:00:00,2.8,13.9,-12.2
1983-12-29T00:00:00,0.0,-3.9,-20.0
1983-12-30T00:00:00,0.0,10.6,-17.8
1983-12-31T00:00:00,0.0,17.2,-15.0
1984-01-01T00:00:00,0.0,17.8,-6.7
1984-01-02T00:00:00,0.0,9.4,1.1
1984-01-03T00:00:00,0.0,18.3,1.1
1984-01-04T00:00:00,0.0,15.6,0.6
1984-01-05T00:00:00,0.0,17.2,-1.1
1984-01-06T00:00:00,0.0,16.1,1.1
1984-01-07T00:00:00,0.0,16.7,-1.7
1984-01-08T00:00:00,6.9,10.6,0.0
1984-01-09T00:00:00,0.0,12.8,-0.6
1984-01-10T00:00:00,0.0,10.0,-3.9
1984-01-11T00:00:00,0.0,12.8,-2.8
1984-01-12T00:00:00,0.0,12.8,-2.8
1984-01-13T00:00:00,0.0,12.8,-3.3
1984-01-14T00:00:00,0.0,2.2,-4.4
1984-01-15T00:00:00,0.0,1.1,-0.6
1984-01-16T00:00:00,0.0,7.2,-7.2
1984-01-17T00:00:00,0.0,3.9,-12.2
1984-01-18T00:00:00,0.0,-1.1,-7.2
1984-01-19T00:00:00,0.0,-2.8,-12.8
1984-01-20T00:00:00,0.0,-1.1,-12.8
1984-01-21T00:00:00,0.0,10.6,-7.2
1984-01-22T00:00:00,0.0,12.8,-9.4
1984-01-23T00:00:00,0.0,13.3,-3.9
1984-01-24T00:00:00,0.0,13.9,-4.4
1984-01-25T00:00:00,0.0,14.4,-4.4
1984-01-26T00:00:00,0.0,16.7,-5.0
1984-01-27T00:00:00,0.0,16.1,-3.3
1984-01-28T00:00:00,0.0,21.7,-3.9
1984-01-29T00:00:00,0.0,23.3,-0.6
1984-01-30T00:00:00,0.0,23.3,-2.2
1984-01-31T00:00:00,0.0,15.6,-3.3
1984-02-01T00:00:00,0.0,20.0,-2.8
1984-02-02T00:00:00,0.0,20.0,-3.3
1984-02-03T00:00:00,0.0,21.7,-2.8
1984-02-04T00:00:00,0.0,21.1,-2.8
1984-02-05T00:00:00,0.0,21.1,-3.9
1984-02-06T00:00:00,0.0,21.1,-4.4
1984-02-07T00:00:00,0.0,21.7,-4.4
1984-02-08T00:00:00,0.0,21.7,-4.4
1984-02-09T00:00:00,0.0,21.1,-1.7
1984-02-10T00:00:00,0.0,21.1,-1.7
1984-02-11T00:00:00,0.0,21.1,-1.7
1984-02-12T00:00:00,0.0,19.4,-5.0
1984-02-13T00:00:00,0.0,23.9,-5.0
1984-02-14T00:00:00,0.0,23.9,21.1
1984-02-15T00:00:00,0.0,23.9,-14.4
1984-02-16T00:00:00,0.0,23.9,-14.4
1984-02-17T00:00:00,0.0,23.3,3.3
1984-02-18T00:00:00,0.0,14.4,-3.3
1984-02-19T00:00:00,0.0,16.1,-4.4
1984-02-20T00:00:00,3.0,10.6,-4.4
1984-02-21T00:00:00,0.0,17.2,-6.1
1984-02-22T00:00:00,0.0,20.6,-6.1
1984-02-23T00:00:00,0.0,20.6,-6.1
1984-02-24T00:00:00,0.0,21.1,-6.1
1984-02-25T00:00:00,0.0,20.0,-7.2
1984-02-26T00:00:00,0.0,14.4,1.1
1984-02-27T00:00:00,0.0,14.4,-5.6
1984-02-28T00:00:00,0.0,,-8.9
1984-02-29T00:00:00,0.0,,-7.8
1984-03-01T00:00:00,0.0,,1.1
1984-03-02T00:00:00,0.0,,5.0
1984-03-03T00:00:00,0.0,,4.4
1984-03-04T00:00:00,0.0,,0.0
1984-03-05T00:00:00,8.1,,-3.3
1984-03-06T00:00:00,0.0,,-9.4
1984-03-07T00:00:00,0.0,,-10.0
1984-03-08T00:00:00,0.0,,-3.3
1984-03-09T00:00:00,0.0,,-2.8
1984-03-10T00:00:00,0.0,,-5.6
1984-03-11T00:00:00,0.0,,-1.7
1984-03-12T00:00:00,0.0,,-2.2
1984-03-13T00:00:00,0.0,,6.7
1984-03-14T00:00:00,0.0,,5.6
1984-03-15T00:00:00,0.0,,4.4
1984-03-16T00:00:00,0.0,,3.9
1984-03-17T00:00:00,0.0,,4.4
1984-03-18T00:00:00,0.0,,-2.8
1984-03-19T00:00:00,0.0,,-2.8
1984-03-20T00:00:00,0.0,,-2.8
1984-03-21T00:00:00,0.0,,-3.3
1984-03-22T00:00:00,0.0,,-4.4
1984-03-23T00:00:00,0.0,,0.6
1984-03-24T00:00:00,0.0,,-3.9
1984-03-25T00:00:00,0.0,,-3.3
1984-03-26T00:00:00,0.0,,-5.6
1984-03-27T00:00:00,0.0,,-5.0
1984-03-28T00:00:00,0.0,,-0.6
1984-03-29T00:00:00,0.0,,-2.8
1984-03-30T00:00:00,0.0,,-3.9
1984-03-31T00:00:00,0.0,,-4.4
1984-04-01T00:00:00,,,-3.3
1984-04-02T00:00:00,,,-6.7
1984-04-03T00:00:00,,,-4.4
1984-04-04T00:00:00,,,-3.3
1984-04-05T00:00:00,,,0.6
1984-04-06T00:00:00,,,0.6
1984-04-07T00:00:00,,,0.0
1984-04-08T00:00:00,,,4.4
1984-04-09T00:00:00,,,6.7
1984-04-10T00:00:00,,,7.2
1984-04-11T00:00:00,,,12.8
1984-04-12T00:00:00,,,2.2
1984-04-13T00:00:00,,,5.6
1984-04-14T00:00:00,,,3.3
1984-04-15T00:00:00,,,2.8
1984-04-16T00:00:00,,,1.1
1984-04-17T00:00:00,,,1.1
1984-04-18T00:00:00,,,18.3
1984-04-19T00:00:00,,,7.2
1984-04-20T00:00:00,,,
1984-04-21T00:00:00,,,2.8
1984-04-22T00:00:00,,31.1,-0.6
1984-04-23T00:00:00,,27.2,1.7
1984-04-24T00:00:00,,30.6,10.6
1984-04-25T00:00:00,,26.7,4.4
1984-04-26T00:00:00,,25.0,
1984-04-27T00:00:00,,23.3,-0.6
1984-04-28T00:00:00,,26.1,-1.7
1984-04-29T00:00:00,,25.0,-3.9
1984-04-30T00:00:00,,26.1,3.3
1984-05-01T00:00:00,0.0,28.3,3.3
1984-05-02T00:00:00,0.0,30.0,2.2
1984-05-03T00:00:00,0.0,32.2,2.2
1984-05-04T00:00:00,0.0,33.3,1.7
1984-05-05T00:00:00,0.0,36.1,12.2
1984-05-06T00:00:00,0.0,32.2,4.4
1984-05-07T00:00:00,0.0,30.6,11.7
1984-05-08T00:00:00,0.0,23.9,20.6
1984-05-09T00:00:00,0.0,32.2,3.9
1984-05-10T00:00:00,0.0,36.7,12.8
1984-05-11T00:00:00,0.0,42.8,15.6
1984-05-12T00:00:00,0.0,35.6,12.2
1984-05-13T00:00:00,0.0,32.8,12.2
1984-05-14T00:00:00,28.7,32.8,10.6
1984-05-15T00:00:00,7.1,26.7,11.1
1984-05-16T00:00:00,9.1,18.3,11.1
1984-05-17T00:00:00,0.0,18.9,10.6
1984-05-18T00:00:00,0.0,25.0,10.6
1984-05-19T00:00:00,0.0,27.2,10.6
1984-05-20T00:00:00,0.0,29.4,10.6
1984-05-21T00:00:00,0.0,36.1,10.0
1984-05-22T00:00:00,0.0,37.2,10.0
1984-05-23T00:00:00,0.0,35.6,10.0
1984-05-24T00:00:00,5.6,35.6,9.4
1984-05-25T00:00:00,0.0,36.7,8.3
1984-05-26T00:00:00,0.0,36.7,8.3
1984-05-27T00:00:00,0.0,36.7,7.8
1984-05-28T00:00:00,0.0,36.7,7.8
1984-05-29T00:00:00,0.0,36.7,3.9
1984-05-30T00:00:00,0.0,36.7,3.3
1984-05-31T00:00:00,0.0,35.0,11.1
1984-06-01T00:00:00,0.0,27.2,13.9
1984-06-02T00:00:00,0.0,26.1,12.2
1984-06-03T00:00:00,18.3,25.6,11.7
1984-06-04T00:00:00,0.0,29.4,11.7
1984-06-05T00:00:00,0.0,28.9,11.1
1984-06-06T00:00:00,0.0,29.4,9.4
1984-06-07T00:00:00,0.0,33.3,13.3
1984-06-08T00:00:00,0.0,32.8,20.0
1984-06-09T00:00:00,0.0,32.2,15.6
1984-06-10T00:00:00,0.0,35.6,13.9
1984-06-11T00:00:00,0.0,35.6,17.8
1984-06-12T00:00:00,0.0,33.9,16.7
1984-06-13T00:00:00,0.0,33.9,16.7
1984-06-14T00:00:00,0.0,32.2,16.1
1984-06-15T00:00:00,0.0,29.4,15.0
1984-06-16T00:00:00,0.0,33.9,15.0
1984-06-17T00:00:00,2.3,33.9,15.0
1984-06-18T00:00:00,5.3,25.6,18.3
1984-06-19T00:00:00,20.1,20.0,15.6
1984-06-20T00:00:00,0.0,27.8,15.0
1984-06-21T00:00:00,0.0,38.9,14.4
1984-06-22T00:00:00,0.0,36.7,17.2
1984-06-23T00:00:00,0.0,36.7,17.8
1984-06-24T00:00:00,11.7,35.6,17.8
1984-06-25T00:00:00,2.5,35.6,18.3
1984-06-26T00:00:00,5.1,35.6,18.3
1984-06-27T00:00:00,0.0,35.6,17.8
1984-06-28T00:00:00,2.3,31.1,16.7
1984-06-29T00:00:00,0.0,32.8,16.7
1984-06-30T00:00:00,0.0,32.8,17.8
1984-07-01T00:00:00,0.0,33.3,18.3
1984-07-02T00:00:00,2.5,33.3,18.3
1984-07-03T00:00:00,0.0,35.0,16.7
1984-07-04T00:00:00,0.0,32.8,18.9
1984-07-05T00:00:00,0.0,32.2,17.2
1984-07-06T00:00:00,0.0,32.2,17.2
1984-07-07T00:00:00,0.0,32.2,15.6
1984-07-08T00:00:00,0.0,33.9,16.1
1984-07-09T00:00:00,0.0,35.0,16.1
1984-07-10T00:00:00,8.4,34.4,16.1
1984-07-11T00:00:00,0.0,35.0,8.9
1984-07-12T00:00:00,0.0,34.4,17.2
1984-07-13T00:00:00,0.0,35.0,13.3
1984-07-14T00:00:00,0.0,35.0,13.3
1984-07-15T00:00:00,0.0,34.4,12.8
1984-07-16T00:00:00,0.0,35.0,12.8
1984-07-17T00:00:00,0.0,32.2,17.8
1984-07-18T00:00:00,0.5,28.3,18.9
1984-07-19T00:00:00,0.0,35.6,15.0
1984-07-20T00:00:00,0.0,35.6,25.6
1984-07-21T00:00:00,0.0,35.6,13.3
1984-07-22T00:00:00,0.0,35.6,11.1
1984-07-23T00:00:00,0.0,35.6,11.1
1984-07-24T00:00:00,7.4,35.0,10.6
1984-07-25T00:00:00,0.0,35.6,10.6
1984-07-26T00:00:00,0.0,35.0,10.6
1984-07-27T00:00:00,0.0,35.0,10.0
1984-07-28T00:00:00,0.0,35.0,10.0
1984-07-29T00:00:00,0.0,35.0,10.0
1984-07-30T00:00:00,0.0,35.6,10.0
1984-07-31T00:00:00,0.0,35.0,9.4
1984-08-01T00:00:00,0.0,35.6,8.9
1984-08-02T00:00:00,0.0,35.6,8.9
1984-08-03T00:00:00,0.0,35.6,8.9
1984-08-04T00:00:00,0.0,32.8,15.6
1984-08-05T00:00:00,0.0,33.3,15.6
1984-08-06T00:00:00,0.0,34.4,15.0
1984-08-07T00:00:00,6.4,34.4,21.1
1984-08-08T00:00:00,28.4,34.4,17.8
1984-08-09T00:00:00,41.1,34.4,16.1
1984-08-10T00:00:00,29.7,22.2,16.1
1984-08-11T00:00:00,13.5,22.2,16.1
1984-08-12T00:00:00,0.0,26.7,16.1
1984-08-13T00:00:00,0.0,27.8,15.6
1984-08-14T00:00:00,0.0,29.4,15.6
1984-08-15T00:00:00,0.0,30.0,14.4
1984-08-16T00:00:00,0.0,28.9,15.0
1984-08-17T00:00:00,0.0,31.1,14.4
1984-08-18T00:00:00,0.0,32.2,15.6
1984-08-19T00:00:00,0.0,32.8,17.8
1984-08-20T00:00:00,0.0,32.8,17.8
1984-08-21T00:00:00,0.0,33.9,16.7
1984-08-22T00:00:00,5.1,34.4,16.7
1984-08-23T00:00:00,0.0,33.9,15.6
1984-08-24T00:00:00,0.0,29.4,16.7
1984-08-25T00:00:00,3.8,30.0,16.1
1984-08-26T00:00:00,0.0,32.2,15.6
1984-08-27T00:00:00,0.0,33.3,15.6
1984-08-28T00:00:00,0.0,35.0,15.6
1984-08-29T00:00:00,0.0,35.0,15.6
1984-08-30T00:00:00,0.0,35.0,15.0
1984-08-31T00:00:00,0.0,35.0,13.9
1984-09-01T00:00:00,0.0,35.0,14.4
1984-09-02T00:00:00,0.0,30.6,16.1
1984-09-03T00:00:00,0.0,30.6,16.1
1984-09-04T00:00:00,0.0,26.7,8.3
1984-09-05T00:00:00,0.0,27.2,8.3
1984-09-06T00:00:00,0.0,25.0,7.8
1984-09-07T00:00:00,0.0,32.2,3.9
1984-09-08T00:00:00,0.0,32.8,2.2
1984-09-09T00:00:00,0.0,36.1,15.6
1984-09-10T00:00:00,0.0,37.2,14.4
1984-09-11T00:00:00,0.0,37.2,10.6
1984-09-12T00:00:00,0.0,37.2,16.7
1984-09-13T00:00:00,0.0,37.2,16.1
1984-09-14T00:00:00,0.0,37.2,15.0
1984-09-15T00:00:00,,,
1984-09-16T00:00:00,0.0,26.7,9.4
1984-09-17T00:00:00,0.0,29.4,11.1
1984-09-18T00:00:00,0.0,31.7,13.9
1984-09-19T00:00:00,0.0,31.7,17.2
1984-09-20T00:00:00,0.0,31.1,10.6
1984-09-21T00:00:00,0.0,32.2,12.8
1984-09-22T00:00:00,0.0,32.2,10.6
1984-09-23T00:00:00,0.0,34.4,11.7
1984-09-24T00:00:00,0.0,35.6,12.2
1984-09-25T00:00:00,2.3,35.0,11.7
1984-09-26T00:00:00,0.0,34.4,7.2
1984-09-27T00:00:00,0.0,34.4,12.8
1984-09-28T00:00:00,29.0,21.1,7.2
1984-09-29T00:00:00,2.0,9.4,6.1
1984-09-30T00:00:00,0.5,17.8,5.6
1984-10-01T00:00:00,0.0,27.2,7.8
1984-10-02T00:00:00,0.0,26.7,10.6
1984-10-03T00:00:00,8.4,23.9,10.6
1984-10-04T00:00:00,16.3,21.7,10.0
1984-10-05T00:00:00,0.0,24.4,11.1
1984-10-06T00:00:00,0.0,25.6,10.0
1984-10-07T00:00:00,0.0,25.0,8.3
1984-10-08T00:00:00,0.0,26.1,8.9
1984-10-09T00:00:00,0.0,26.1,7.8
1984-10-10T00:00:00,0.0,25.6,8.9
1984-10-11T00:00:00,0.0,25.6,8.3
1984-10-12T00:00:00,0.0,24.4,9.4
1984-10-13T00:00:00,7.1,26.7,6.1
1984-10-14T00:00:00,0.0,28.3,5.0
1984-10-15T00:00:00,0.0,24.4,6.1
1984-10-16T00:00:00,0.0,25.6,3.3
1984-10-17T00:00:00,0.0,23.9,2.8
1984-10-18T00:00:00,0.0,25.6,4.4
1984-10-19T00:00:00,0.0,23.9,0.6
1984-10-20T00:00:00,0.0,21.7,10.0
1984-10-21T00:00:00,1.3,18.3,6.1
1984-10-22T00:00:00,19.6,12.8,6.1
1984-10-23T00:00:00,40.1,7.2,3.9
1984-10-24T00:00:00,3.6,5.6,0.0
1984-10-25T00:00:00,0.0,10.0,3.9
1984-10-26T00:00:00,5.1,10.6,7.8
1984-10-27T00:00:00,0.0,20.6,7.8
1984-10-28T00:00:00,0.0,18.9,5.6
1984-10-29T00:00:00,0.0,24.4,3.9
1984-10-30T00:00:00,0.0,24.4,3.9
1984-10-31T00:00:00,0.0,25.6,13.9
1984-11-01T00:00:00,0.0,22.2,11.7
1984-11-02T00:00:00,0.0,16.1,0.0
1984-11-03T00:00:00,0.0,27.2,2.8
1984-11-04T00:00:00,0.0,24.4,3.3
1984-11-05T00:00:00,0.0,22.8,7.2
1984-11-06T00:00:00,0.0,25.0,1.1
1984-11-07T00:00:00,0.0,25.6,16.1
1984-11-08T00:00:00,0.0,25.0,10.0
1984-11-09T00:00:00,0.0,25.0,10.6
1984-11-10T00:00:00,0.0,22.2,-1.1
1984-11-11T00:00:00,0.0,24.4,-1.1
1984-11-12T00:00:00,0.0,21.7,1.7
1984-11-13T00:00:00,0.0,26.1,3.9
1984-11-14T00:00:00,0.0,26.1,7.2
1984-11-15T00:00:00,0.0,26.7,2.8
1984-11-16T00:00:00,0.0,11.1,0.0
1984-11-17T00:00:00,0.0,13.3,5.0
1984-11-18T00:00:00,0.0,15.6,1.7
1984-11-19T00:00:00,0.0,15.0,-1.1
1984-11-20T00:00:00,0.0,14.4,-1.1
1984-11-21T00:00:00,0.0,3.9,-2.2
1984-11-22T00:00:00,0.0,3.3,1.1
1984-11-23T00:00:00,31.8,5.0,1.7
1984-11-24T00:00:00,1.3,6.1,2.2
1984-11-25T00:00:00,0.0,14.4,4.4
1984-11-26T00:00:00,0.0,10.0,1.1
1984-11-27T00:00:00,0.0,9.4,-6.1
1984-11-28T00:00:00,0.0,17.2,1.1
1984-11-29T00:00:00,0.0,17.8,3.9
1984-11-30T00:00:00,0.0,16.1,-2.8
1984-12-01T00:00:00,0.0,11.1,-1.7
1984-12-02T00:00:00,0.0,9.4,-3.3
1984-12-03T00:00:00,0.0,8.9,-2.8
1984-12-04T00:00:00,3.0,5.6,-3.9
1984-12-05T00:00:00,0.0,8.3,-7.2
1984-12-06T00:00:00,0.0,9.4,-7.2
1984-12-07T00:00:00,0.0,15.0,-3.9
1984-12-08T00:00:00,0.0,22.8,2.8
1984-12-09T00:00:00,0.0,21.1,2.2
1984-12-10T00:00:00,0.0,21.7,-1.1
1984-12-11T00:00:00,0.0,19.4,5.6
1984-12-12T00:00:00,0.0,21.1,7.2
1984-12-13T00:00:00,0.0,18.3,7.2
1984-12-14T00:00:00,10.9,9.4,-5.6
1984-12-15T00:00:00,6.4,1.7,-4.4
1984-12-16T00:00:00,0.0,12.8,-1.7
1984-12-17T00:00:00,0.0,12.2,-0.6
1984-12-18T00:00:00,0.0,16.1,0.6
1984-12-19T00:00:00,0.0,19.4,1.7
1984-12-20T00:00:00,0.0,18.3,6.7
1984-12-21T00:00:00,0.0,16.7,0.0
1984-12-22T00:00:00,0.0,15.6,-2.2
1984-12-23T00:00:00,0.0,18.3,-1.1
1984-12-24T00:00:00,0.0,17.2,1.1
1984-12-25T00:00:00,0.0,12.8,-5.0
1984-12-26T00:00:00,0.0,4.4,-2.2
1984-12-27T00:00:00,0.0,7.2,0.6
1984-12-28T00:00:00,1.3,18.3,1.1
1984-12-29T00:00:00,0.0,16.7,8.3
1984-12-30T00:00:00,0.0,16.1,-1.7
1984-12-31T00:00:00,0.0,16.7,5.6
1985-01-01T00:00:00,8.4,12.2,-7.8
1985-01-02T00:00:00,0.0,1.1,-11.7
1985-01-03T00:00:00,0.0,8.3,-9.4
1985-01-04T00:00:00,0.0,13.9,-1.7
1985-01-05T00:00:00,0.0,21.1,-1.1
1985-01-06T00:00:00,0.0,17.8,-5.0
1985-01-07T00:00:00,0.0,18.3,-3.9
1985-01-08T00:00:00,0.0,17.8,1.1
1985-01-09T00:00:00,0.0,16.1,-0.6
1985-01-10T00:00:00,0.0,11.1,-6.1
1985-01-11T00:00:00,0.0,4.4,-5.0
1985-01-12T00:00:00,5.1,1.1,-9.4
1985-01-13T00:00:00,0.0,1.1,-7.2
1985-01-14T00:00:00,0.0,5.0,-6.1
1985-01-15T00:00:00,0.0,11.7,-3.9
1985-01-16T00:00:00,0.0,9.4,0.0
1985-01-17T00:00:00,0.0,18.3,-6.1
1985-01-18T00:00:00,0.0,19.4,0.6
1985-01-19T00:00:00,0.0,22.8,1.7
1985-01-20T00:00:00,0.0,18.3,-8.3
1985-01-21T00:00:00,0.0,2.8,-11.7
1985-01-22T00:00:00,0.0,2.8,-8.9
1985-01-23T00:00:00,0.0,10.0,-5.0
1985-01-24T00:00:00,0.0,18.9,0.6
1985-01-25T00:00:00,0.0,18.3,-0.6
1985-01-26T00:00:00,0.0,15.6,0.0
1985-01-27T00:00:00,8.4,13.9,1.7
1985-01-28T00:00:00,0.0,13.9,-2.8
1985-01-29T00:00:00,0.0,16.1,1.7
1985-01-30T00:00:00,0.0,15.6,3.9
1985-01-31T00:00:00,1.3,13.3,-13.9
1985-02-01T00:00:00,0.0,-6.7,-16.1
1985-02-02T00:00:00,0.0,4.4,-17.2
1985-02-03T00:00:00,0.0,8.9,-8.9
1985-02-04T00:00:00,0.0,11.1,0.0
1985-02-05T00:00:00,0.0,11.1,-5.0
1985-02-06T00:00:00,0.0,13.9,1.1
1985-02-07T00:00:00,0.0,10.0,-8.3
1985-02-08T00:00:00,0.0,18.3,-7.8
1985-02-09T00:00:00,0.0,21.1,2.8
1985-02-10T00:00:00,0.0,18.9,-3.9
1985-02-11T00:00:00,0.0,15.6,-7.8
1985-02-12T00:00:00,0.0,18.3,2.2
1985-02-13T00:00:00,0.0,16.7,-5.0
1985-02-14T00:00:00,0.0,16.1,-4.4
1985-02-15T00:00:00,0.0,22.2,-3.3
1985-02-16T00:00:00,0.0,22.8,5.6
1985-02-17T00:00:00,0.0,20.6,-3.9
1985-02-18T00:00:00,0.0,13.9,2.8
1985-02-19T00:00:00,0.0,15.6,1.1
1985-02-20T00:00:00,4.6,22.2,4.4
1985-02-21T00:00:00,0.0,22.8,2.2
1985-02-22T00:00:00,0.0,21.7,2.8
1985-02-23T00:00:00,3.3,15.6,1.1
1985-02-24T00:00:00,0.0,12.8,-2.8
1985-02-25T00:00:00,0.0,21.1,2.8
1985-02-26T00:00:00,0.0,20.0,2.2
1985-02-27T00:00:00,0.0,12.8,1.7
1985-02-28T00:00:00,0.0,21.1,-1.7
1985-03-01T00:00:00,0.0,22.8,2.8
1985-03-02T00:00:00,0.0,23.3,0.6
1985-03-03T00:00:00,0.0,21.1,
1985-03-04T00:00:00,0.0,15.6,-2.8
1985-03-05T00:00:00,0.0,20.6,-5.6
1985-03-06T00:00:00,0.0,21.7,-2.8
1985-03-07T00:00:00,0.0,26.7,1.1
1985-03-08T00:00:00,0.0,27.2,7.8
1985-03-09T00:00:00,0.0,25.0,9.4
1985-03-10T00:00:00,0.0,26.7,9.4
1985-03-11T00:00:00,0.0,27.8,10.6
1985-03-12T00:00:00,0.0,25.6,6.7
1985-03-13T00:00:00,0.0,20.0,7.2
1985-03-14T00:00:00,0.0,14.4,-1.7
1985-03-15T00:00:00,3.0,5.6,1.7
1985-03-16T00:00:00,3.6,14.4,1.7
1985-03-17T00:00:00,0.0,15.6,-1.1
1985-03-18T00:00:00,0.0,21.1,-1.1
1985-03-19T00:00:00,5.1,18.3,2.2
1985-03-20T00:00:00,1.5,11.7,2.2
1985-03-21T00:00:00,0.0,20.6,-0.6
1985-03-22T00:00:00,0.0,22.8,3.3
1985-03-23T00:00:00,0.0,22.8,-2.8
1985-03-24T00:00:00,0.0,26.1,5.6
1985-03-25T00:00:00,0.0,26.7,3.9
1985-03-26T00:00:00,0.0,26.7,10.6
1985-03-27T00:00:00,0.0,24.4,8.3
1985-03-28T00:00:00,0.0,24.4,12.8
1985-03-29T00:00:00,0.0,23.9,7.2
1985-03-30T00:00:00,0.0,21.7,0.0
1985-03-31T00:00:00,0.0,20.6,-2.8
1985-04-01T00:00:00,0.0,19.4,4.4
1985-04-02T00:00:00,0.0,28.9,3.9
1985-04-03T00:00:00,0.0,30.6,7.2
1985-04-04T00:00:00,0.0,29.4,10.6
1985-04-05T00:00:00,0.0,26.7,2.2
1985-04-06T00:00:00,0.0,28.9,8.9
1985-04-07T00:00:00,0.0,23.3,2.2
1985-04-08T00:00:00,0.0,17.2,2.2
1985-04-09T00:00:00,0.0,22.2,-0.6
1985-04-10T00:00:00,0.0,22.2,6.1
1985-04-11T00:00:00,0.0,30.6,6.1
1985-04-12T00:00:00,0.0,27.2,7.2
1985-04-13T00:00:00,8.6,27.2,7.2
1985-04-14T00:00:00,0.3,26.1,6.7
1985-04-15T00:00:00,0.0,31.7,12.8
1985-04-16T00:00:00,0.0,30.0,7.2
1985-04-17T00:00:00,0.0,29.4,12.8
1985-04-18T00:00:00,0.0,30.0,10.0
1985-04-19T00:00:00,0.0,26.1,12.2
1985-04-20T00:00:00,0.0,27.2,5.6
1985-04-21T00:00:00,0.0,23.9,9.4
1985-04-22T00:00:00,0.0,23.9,10.0
1985-04-23T00:00:00,0.0,29.4,7.2
1985-04-24T00:00:00,0.0,27.8,4.4
1985-04-25T00:00:00,0.0,29.4,4.4
1985-04-26T00:00:00,0.0,25.0,13.3
1985-04-27T00:00:00,0.0,21.1,8.3
1985-04-28T00:00:00,29.7,20.0,8.9
1985-04-29T00:00:00,0.0,25.0,3.9
1985-04-30T00:00:00,0.0,26.1,8.9
1985-05-01T00:00:00,0.0,25.6,10.0
1985-05-02T00:00:00,0.0,25.6,10.0
1985-05-03T00:00:00,0.0,28.3,8.9
1985-05-04T00:00:00,0.0,31.1,9.4
1985-05-05T00:00:00,0.0,31.7,10.6
1985-05-06T00:00:00,0.0,31.7,12.8
1985-05-07T00:00:00,0.0,32.2,12.8
1985-05-08T00:00:00,0.0,30.6,13.9
1985-05-09T00:00:00,0.0,32.2,11.1
1985-05-10T00:00:00,0.0,29.4,15.6
1985-05-11T00:00:00,0.0,28.3,13.3
1985-05-12T00:00:00,0.0,27.2,7.8
1985-05-13T00:00:00,0.0,27.8,10.0
1985-05-14T00:00:00,0.0,25.0,2.8
1985-05-15T00:00:00,0.0,31.1,6.1
1985-05-16T00:00:00,0.0,27.8,11.7
1985-05-17T00:00:00,9.7,21.1,12.8
1985-05-18T00:00:00,0.0,21.1,11.7
1985-05-19T00:00:00,0.0,28.9,11.7
1985-05-20T00:00:00,0.0,29.4,11.1
1985-05-21T00:00:00,0.0,27.8,7.8
1985-05-22T00:00:00,0.0,26.1,12.2
1985-05-23T00:00:00,0.0,30.6,9.4
1985-05-24T00:00:00,10.9,28.9,13.9
1985-05-25T00:00:00,0.0,28.9,11.1
1985-05-26T00:00:00,0.0,33.9,11.1
1985-05-27T00:00:00,0.0,36.1,16.7
1985-05-28T00:00:00,0.0,36.7,15.0
1985-05-29T00:00:00,0.0,35.0,16.1
1985-05-30T00:00:00,0.0,34.4,17.2
1985-05-31T00:00:00,0.0,32.8,16.7
1985-06-01T00:00:00,0.0,33.3,12.8
1985-06-02T00:00:00,0.0,34.4,10.6
1985-06-03T00:00:00,0.0,32.2,15.6
1985-06-04T00:00:00,1.3,32.2,15.6
1985-06-05T00:00:00,11.4,23.9,11.1
1985-06-06T00:00:00,0.0,33.3,11.7
1985-06-07T00:00:00,0.0,36.1,15.6
1985-06-08T00:00:00,0.0,37.8,15.6
1985-06-09T00:00:00,11.7,38.3,16.7
1985-06-10T00:00:00,0.0,33.3,16.7
1985-06-11T00:00:00,0.0,28.3,17.8
1985-06-12T00:00:00,1.0,25.0,14.4
1985-06-13T00:00:00,0.0,30.6,11.1
1985-06-14T00:00:00,0.0,36.7,13.9
1985-06-15T00:00:00,0.0,35.0,17.8
1985-06-16T00:00:00,6.9,38.9,15.6
1985-06-17T00:00:00,0.0,37.2,17.8
1985-06-18T00:00:00,0.0,31.1,14.4
1985-06-19T00:00:00,0.0,28.3,11.7
1985-06-20T00:00:00,0.0,34.4,13.3
1985-06-21T00:00:00,0.0,38.3,13.3
1985-06-22T00:00:00,0.0,32.2,19.4
1985-06-23T00:00:00,0.0,32.2,18.3
1985-06-24T00:00:00,12.2,30.6,15.6
1985-06-25T00:00:00,0.0,30.6,17.8
1985-06-26T00:00:00,0.0,34.4,18.3
1985-06-27T00:00:00,0.0,29.4,16.7
1985-06-28T00:00:00,0.0,27.8,12.2
1985-06-29T00:00:00,0.0,34.4,16.7
1985-06-30T00:00:00,0.0,35.6,13.9
1985-07-01T00:00:00,0.5,36.1,14.4
1985-07-02T00:00:00,0.0,32.2,21.1
1985-07-03T00:00:00,0.0,33.9,14.4
1985-07-04T00:00:00,0.0,38.9,14.4
1985-07-05T00:00:00,0.0,37.8,17.8
1985-07-06T00:00:00,0.0,39.4,18.3
1985-07-07T00:00:00,0.0,35.0,16.7
1985-07-08T00:00:00,0.0,33.9,16.7
1985-07-09T00:00:00,0.0,35.6,15.0
1985-07-10T00:00:00,0.0,34.4,18.9
1985-07-11T00:00:00,0.0,35.6,17.8
1985-07-12T00:00:00,0.0,35.6,12.8
1985-07-13T00:00:00,0.0,35.6,14.4
1985-07-14T00:00:00,0.0,36.1,17.8
1985-07-15T00:00:00,1.0,33.3,18.3
1985-07-16T00:00:00,0.0,34.4,15.6
1985-07-17T00:00:00,0.0,35.6,15.6
1985-07-18T00:00:00,0.0,37.2,15.6
1985-07-19T00:00:00,0.0,35.6,15.0
1985-07-20T00:00:00,10.2,31.1,17.2
1985-07-21T00:00:00,0.0,28.9,15.6
1985-07-22T00:00:00,0.3,31.7,16.7
1985-07-23T00:00:00,0.0,32.2,16.1
1985-07-24T00:00:00,0.0,37.2,17.8
1985-07-25T00:00:00,0.0,37.2,18.9
1985-07-26T00:00:00,52.1,29.4,16.1
1985-07-27T00:00:00,20.3,28.3,17.2
1985-07-28T00:00:00,0.0,34.4,17.2
1985-07-29T00:00:00,10.2,32.2,15.6
1985-07-30T00:00:00,7.4,35.6,18.9
1985-07-31T00:00:00,0.0,35.0,17.8
1985-08-01T00:00:00,0.0,35.6,18.3
1985-08-02T00:00:00,0.0,34.4,18.3
1985-08-03T00:00:00,0.0,35.6,18.3
1985-08-04T00:00:00,0.0,34.4,18.3
1985-08-05T00:00:00,0.0,36.1,18.3
1985-08-06T00:00:00,0.0,37.8,17.8
1985-08-07T00:00:00,0.0,37.2,22.2
1985-08-08T00:00:00,0.0,35.0,17.2
1985-08-09T00:00:00,0.0,36.1,20.6
1985-08-10T00:00:00,6.1,27.2,17.2
1985-08-11T00:00:00,0.0,32.2,18.3
1985-08-12T00:00:00,0.0,34.4,18.3
1985-08-13T00:00:00,0.0,32.2,16.1
1985-08-14T00:00:00,0.0,32.2,13.9
1985-08-15T00:00:00,0.0,31.7,16.1
1985-08-16T00:00:00,1.3,36.1,16.1
1985-08-17T00:00:00,0.0,34.4,17.8
1985-08-18T00:00:00,0.0,35.0,18.9
1985-08-19T00:00:00,0.0,34.4,18.3
1985-08-20T00:00:00,0.0,35.6,17.8
1985-08-21T00:00:00,0.0,38.9,17.8
1985-08-22T00:00:00,2.0,38.3,16.7
1985-08-23T00:00:00,0.0,37.8,17.8
1985-08-24T00:00:00,0.0,32.8,17.2
1985-08-25T00:00:00,0.0,35.0,16.7
1985-08-26T00:00:00,0.0,37.2,16.7
1985-08-27T00:00:00,0.0,37.8,17.2
1985-08-28T00:00:00,12.7,33.3,16.1
1985-08-29T00:00:00,0.0,33.3,16.1
1985-08-30T00:00:00,0.0,32.8,14.4
1985-08-31T00:00:00,0.0,33.9,15.0
1985-09-01T00:00:00,0.0,35.6,16.1
1985-09-02T00:00:00,14.7,34.4,15.0
1985-09-03T00:00:00,2.5,33.9,16.7
1985-09-04T00:00:00,0.0,31.7,16.1
1985-09-05T00:00:00,0.0,31.1,17.2
1985-09-06T00:00:00,0.0,31.7,15.6
1985-09-07T00:00:00,0.0,33.9,14.4
1985-09-08T00:00:00,0.0,33.9,12.2
1985-09-09T00:00:00,6.4,32.2,14.4
1985-09-10T00:00:00,0.0,32.2,15.6
1985-09-11T00:00:00,2.5,29.4,17.8
1985-09-12T00:00:00,0.0,28.9,15.6
1985-09-13T00:00:00,13.5,27.8,15.6
1985-09-14T00:00:00,0.0,26.1,17.2
1985-09-15T00:00:00,0.0,24.4,16.7
1985-09-16T00:00:00,0.0,31.7,16.1
1985-09-17T00:00:00,0.0,32.2,16.7
1985-09-18T00:00:00,0.0,30.0,16.1
1985-09-19T00:00:00,16.8,27.8,15.6
1985-09-20T00:00:00,7.1,24.4,14.4
1985-09-21T00:00:00,1.8,23.9,10.6
1985-09-22T00:00:00,0.0,28.9,9.4
1985-09-23T00:00:00,0.0,28.3,7.8
1985-09-24T00:00:00,0.0,29.4,8.3
1985-09-25T00:00:00,0.0,25.6,11.7
1985-09-26T00:00:00,0.0,23.3,7.2
1985-09-27T00:00:00,0.0,31.1,8.9
1985-09-28T00:00:00,0.0,27.8,13.9
1985-09-29T00:00:00,3.0,23.9,5.6
1985-09-30T00:00:00,1.3,9.4,5.0
1985-10-01T00:00:00,0.0,11.1,5.0
1985-10-02T00:00:00,0.8,22.2,4.4
1985-10-03T00:00:00,0.0,30.6,10.0
1985-10-04T00:00:00,0.0,28.3,5.6
1985-10-05T00:00:00,0.0,23.9,1.7
1985-10-06T00:00:00,0.0,31.7,10.0
1985-10-07T00:00:00,0.0,32.2,13.9
1985-10-08T00:00:00,0.8,28.9,15.6
1985-10-09T00:00:00,2.5,26.7,15.6
1985-10-10T00:00:00,0.0,20.6,9.4
1985-10-11T00:00:00,0.0,25.0,13.9
1985-10-12T00:00:00,0.0,26.1,7.2
1985-10-13T00:00:00,0.0,26.7,6.7
1985-10-14T00:00:00,0.0,26.1,10.6
1985-10-15T00:00:00,0.0,21.1,6.1
1985-10-16T00:00:00,13.5,16.1,10.6
1985-10-17T00:00:00,9.7,22.2,10.6
1985-10-18T00:00:00,0.0,23.9,7.2
1985-10-19T00:00:00,0.0,21.1,7.8
1985-10-20T00:00:00,0.8,19.4,10.6
1985-10-21T00:00:00,0.0,25.6,12.8
1985-10-22T00:00:00,0.0,25.0,10.0
1985-10-23T00:00:00,0.0,26.7,7.8
1985-10-24T00:00:00,0.0,27.8,8.3
1985-10-25T00:00:00,0.0,23.9,7.2
1985-10-26T00:00:00,0.0,25.0,7.2
1985-10-27T00:00:00,0.0,24.4,8.3
1985-10-28T00:00:00,0.0,24.4,6.7
1985-10-29T00:00:00,0.0,22.8,10.0
1985-10-30T00:00:00,1.3,20.0,4.4
1985-10-31T00:00:00,0.0,25.6,6.1
1985-11-01T00:00:00,1.3,22.8,3.3
1985-11-02T00:00:00,0.0,20.6,-1.7
1985-11-03T00:00:00,0.0,21.1,1.7
1985-11-04T00:00:00,0.0,23.9,2.8
1985-11-05T00:00:00,0.0,27.2,4.4
1985-11-06T00:00:00,0.0,22.2,7.8
1985-11-07T00:00:00,0.0,20.6,0.0
1985-11-08T00:00:00,0.0,23.9,3.3
1985-11-09T00:00:00,0.0,22.2,12.8
1985-11-10T00:00:00,0.0,22.8,12.2
1985-11-11T00:00:00,0.0,17.8,2.8
1985-11-12T00:00:00,0.0,23.9,6.1
1985-11-13T00:00:00,0.0,21.7,8.9
1985-11-14T00:00:00,0.0,19.4,5.6
1985-11-15T00:00:00,0.0,16.7,-6.7
1985-11-16T00:00:00,0.0,21.1,-0.6
1985-11-17T00:00:00,0.0,22.8,1.1
1985-11-18T00:00:00,0.0,21.7,8.9
1985-11-19T00:00:00,0.0,17.2,2.2
1985-11-20T00:00:00,0.0,9.4,-3.9
1985-11-21T00:00:00,0.0,21.7,-1.1
1985-11-22T00:00:00,0.0,21.7,1.7
1985-11-23T00:00:00,0.0,24.4,8.3
1985-11-24T00:00:00,0.0,25.0,2.8
1985-11-25T00:00:00,0.0,22.8,8.3
1985-11-26T00:00:00,0.0,20.6,11.7
1985-11-27T00:00:00,0.0,21.1,4.4
1985-11-28T00:00:00,0.0,21.7,3.9
1985-11-29T00:00:00,0.0,20.0,7.2
1985-11-30T00:00:00,0.0,16.7,3.9
1985-12-01T00:00:00,0.0,17.2,-3.3
1985-12-02T00:00:00,0.0,13.9,-8.9
1985-12-03T00:00:00,0.0,21.1,-6.1
1985-12-04T00:00:00,0.0,20.6,2.2
1985-12-05T00:00:00,0.0,16.1,-6.1
1985-12-06T00:00:00,0.0,17.8,0.0
1985-12-07T00:00:00,0.0,21.1,0.6
1985-12-08T00:00:00,0.0,20.6,1.1
1985-12-09T00:00:00,0.0,21.1,7.2
1985-12-10T00:00:00,0.0,15.6,-3.3
1985-12-11T00:00:00,0.0,-0.6,-6.7
1985-12-12T00:00:00,1.3,-2.8,-10.0
1985-12-13T00:00:00,0.0,5.0,-13.9
1985-12-14T00:00:00,0.0,12.8,-10.6
1985-12-15T00:00:00,0.0,12.8,-6.1
1985-12-16T00:00:00,0.0,10.6,-7.2
1985-12-17T00:00:00,0.0,15.0,-7.2
1985-12-18T00:00:00,0.0,11.7,-4.4
1985-12-19T00:00:00,0.0,17.8,-3.9
1985-12-20T00:00:00,0.0,17.2,-6.7
1985-12-21T00:00:00,0.0,18.3,-2.8
1985-12-22T00:00:00,0.0,21.1,2.8
1985-12-23T00:00:00,0.0,23.3,-2.2
1985-12-24T00:00:00,0.0,15.6,-5.6
1985-12-25T00:00:00,0.0,13.9,-6.1
1985-12-26T00:00:00,0.0,22.8,-5.0
1985-12-27T00:00:00,0.0,14.4,-3.9
1985-12-28T00:00:00,0.0,24.4,-5.0
1985-12-29T00:00:00,0.0,21.1,-3.3
1985-12-30T00:00:00,0.0,23.3,5.6
1985-12-31T00:00:00,0.0,20.6,1.1
1986-01-01T00:00:00,0.0,18.3,0.0
1986-01-02T00:00:00,0.0,18.9,1.7
1986-01-03T00:00:00,0.0,17.8,-4.4
1986-01-04T00:00:00,0.0,13.9,-1.7
1986-01-05T00:00:00,0.0,12.2,-8.3
1986-01-06T00:00:00,0.0,21.7,1.7
1986-01-07T00:00:00,22.9,17.8,-5.6
1986-01-08T00:00:00,0.0,4.4,-12.2
1986-01-09T00:00:00,0.0,6.1,-12.2
1986-01-10T00:00:00,0.0,13.3,-3.3
1986-01-11T00:00:00,0.0,18.3,-1.1
1986-01-12T00:00:00,0.0,14.4,1.1
1986-01-13T00:00:00,0.0,16.7,-3.3
1986-01-14T00:00:00,0.0,16.7,1.1
1986-01-15T00:00:00,0.0,18.9,1.1
1986-01-16T00:00:00,0.0,19.4,0.6
1986-01-17T00:00:00,0.0,22.2,2.2
1986-01-18T00:00:00,0.0,22.2,2.8
1986-01-19T00:00:00,0.0,23.9,0.6
1986-01-20T00:00:00,0.0,25.0,3.3
1986-01-21T00:00:00,0.0,22.8,5.0
1986-01-22T00:00:00,0.0,18.9,-2.2
1986-01-23T00:00:00,0.0,23.3,-5.0
1986-01-24T00:00:00,0.0,22.2,6.7
1986-01-25T00:00:00,0.0,21.7,-2.8
1986-01-26T00:00:00,0.0,17.8,-6.7
1986-01-27T00:00:00,0.0,26.7,3.3
1986-01-28T00:00:00,0.0,25.0,5.6
1986-01-29T00:00:00,0.0,25.0,5.6
1986-01-30T00:00:00,0.0,23.9,-2.8
1986-01-31T00:00:00,0.0,22.8,2.8
1986-02-01T00:00:00,0.0,21.7,4.4
1986-02-02T00:00:00,0.0,16.1,10.0
1986-02-03T00:00:00,0.0,22.2,3.9
1986-02-04T00:00:00,0.0,19.4,-0.6
1986-02-05T00:00:00,0.0,8.3,0.0
1986-02-06T00:00:00,0.0,14.4,-6.7
1986-02-07T00:00:00,0.0,13.3,0.0
1986-02-08T00:00:00,0.0,1.1,-6.7
1986-02-09T00:00:00,3.0,-1.1,-10.6
1986-02-10T00:00:00,12.7,-1.7,-11.1
1986-02-11T00:00:00,0.0,-1.1,-7.8
1986-02-12T00:00:00,0.0,-1.1,-5.6
1986-02-13T00:00:00,0.0,18.9,-8.3
1986-02-14T00:00:00,0.0,22.8,5.0
1986-02-15T00:00:00,0.0,23.9,9.4
1986-02-16T00:00:00,0.0,23.9,9.4
1986-02-17T00:00:00,0.0,25.6,2.8
1986-02-18T00:00:00,0.0,27.8,11.1
1986-02-19T00:00:00,0.0,30.6,11.1
1986-02-20T00:00:00,0.0,29.4,5.6
1986-02-21T00:00:00,0.0,25.0,1.1
1986-02-22T00:00:00,0.0,26.1,1.1
1986-02-23T00:00:00,0.0,26.7,1.1
1986-02-24T00:00:00,0.0,25.0,2.8
1986-02-25T00:00:00,0.0,30.0,7.8
1986-02-26T00:00:00,0.0,30.0,9.4
1986-02-27T00:00:00,0.0,22.2,3.9
1986-02-28T00:00:00,0.0,16.7,-1.1
1986-03-01T00:00:00,0.0,27.8,3.9
1986-03-02T00:00:00,0.0,26.7,10.0
1986-03-03T00:00:00,0.0,21.7,5.0
1986-03-04T00:00:00,0.0,20.6,1.1
1986-03-05T00:00:00,0.0,23.9,4.4
1986-03-06T00:00:00,0.0,26.1,0.6
1986-03-07T00:00:00,0.0,25.6,10.6
1986-03-08T00:00:00,0.0,25.6,0.6
1986-03-09T00:00:00,0.0,25.0,-7.8
1986-03-10T00:00:00,0.0,21.1,1.7
1986-03-11T00:00:00,0.0,19.4,-7.8
1986-03-12T00:00:00,0.0,18.3,6.1
1986-03-13T00:00:00,0.0,16.1,4.4
1986-03-14T00:00:00,1.3,12.2,2.2
1986-03-15T00:00:00,0.0,21.1,0.6
1986-03-16T00:00:00,0.0,23.3,2.2
1986-03-17T00:00:00,0.0,21.1,7.8
1986-03-18T00:00:00,0.0,15.0,3.3
1986-03-19T00:00:00,1.8,13.3,1.1
1986-03-20T00:00:00,0.0,15.6,-3.3
1986-03-21T00:00:00,0.0,22.2,-2.8
1986-03-22T00:00:00,0.0,26.1,1.1
1986-03-23T00:00:00,0.0,27.8,3.3
1986-03-24T00:00:00,0.0,30.6,0.6
1986-03-25T00:00:00,0.0,28.9,1.7
1986-03-26T00:00:00,0.0,26.7,6.1
1986-03-27T00:00:00,0.0,25.6,5.0
1986-03-28T00:00:00,0.0,27.2,4.4
1986-03-29T00:00:00,0.0,29.4,8.3
1986-03-30T00:00:00,0.0,28.9,8.3
1986-03-31T00:00:00,0.0,32.8,8.9
1986-04-01T00:00:00,0.0,27.8,10.0
1986-04-02T00:00:00,0.0,25.0,4.4
1986-04-03T00:00:00,0.0,24.4,2.8
1986-04-04T00:00:00,0.0,23.9,1.1
1986-04-05T00:00:00,0.0,26.7,3.3
1986-04-06T00:00:00,0.0,28.9,5.6
1986-04-07T00:00:00,0.0,32.2,11.7
1986-04-08T00:00:00,0.0,30.0,8.9
1986-04-09T00:00:00,0.0,23.3,11.1
1986-04-10T00:00:00,0.0,26.7,1.1
1986-04-11T00:00:00,0.0,29.4,8.3
1986-04-12T00:00:00,0.0,30.6,10.6
1986-04-13T00:00:00,0.0,29.4,10.0
1986-04-14T00:00:00,0.0,26.7,2.2
1986-04-15T00:00:00,0.0,26.1,6.1
1986-04-16T00:00:00,0.0,30.6,7.2
1986-04-17T00:00:00,0.0,27.8,
1986-04-18T00:00:00,0.0,23.9,2.2
1986-04-19T00:00:00,0.0,21.1,3.3
1986-04-20T00:00:00,0.0,26.7,0.6
1986-04-21T00:00:00,0.0,27.8,7.2
1986-04-22T00:00:00,0.0,32.2,5.6
1986-04-23T00:00:00,0.0,30.6,11.1
1986-04-24T00:00:00,0.0,31.1,11.1
1986-04-25T00:00:00,0.0,29.4,10.0
1986-04-26T00:00:00,0.0,27.8,7.8
1986-04-27T00:00:00,0.0,31.7,6.1
1986-04-28T00:00:00,1.5,31.7,15.6
1986-04-29T00:00:00,0.0,33.9,15.6
1986-04-30T00:00:00,0.0,29.4,10.6
1986-05-01T00:00:00,0.0,29.4,10.6
1986-05-02T00:00:00,0.0,26.7,14.4
1986-05-03T00:00:00,0.0,30.0,11.7
1986-05-04T00:00:00,0.0,32.8,12.2
1986-05-05T00:00:00,0.0,31.7,8.3
1986-05-06T00:00:00,0.0,31.1,10.0
1986-05-07T00:00:00,0.0,30.6,12.2
1986-05-08T00:00:00,0.0,27.8,11.1
1986-05-09T00:00:00,0.0,27.8,6.1
1986-05-10T00:00:00,0.0,31.1,6.7
1986-05-11T00:00:00,0.0,32.2,10.6
1986-05-12T00:00:00,0.0,34.4,13.9
1986-05-13T00:00:00,0.0,31.7,13.9
1986-05-14T00:00:00,0.0,32.8,14.4
1986-05-15T00:00:00,0.0,32.2,14.4
1986-05-16T00:00:00,0.0,32.8,10.6
1986-05-17T00:00:00,2.5,28.9,5.0
1986-05-18T00:00:00,0.0,25.0,3.3
1986-05-19T00:00:00,0.0,30.6,5.0
1986-05-20T00:00:00,0.0,34.4,7.8
1986-05-21T00:00:00,0.0,36.1,1.7
1986-05-22T00:00:00,0.0,35.0,15.6
1986-05-23T00:00:00,0.0,31.1,13.9
1986-05-24T00:00:00,0.0,32.2,16.1
1986-05-25T00:00:00,0.0,27.8,14.4
1986-05-26T00:00:00,9.9,25.6,12.8
1986-05-27T00:00:00,8.6,20.6,9.4
1986-05-28T00:00:00,0.0,26.7,9.4
1986-05-29T00:00:00,0.8,27.2,12.2
1986-05-30T00:00:00,2.8,25.0,13.3
1986-05-31T00:00:00,35.3,23.3,13.3
1986-06-01T00:00:00,0.0,23.3,11.1
1986-06-02T00:00:00,2.0,25.0,14.4
1986-06-03T00:00:00,2.3,25.6,13.9
1986-06-04T00:00:00,0.0,31.1,15.0
1986-06-05T00:00:00,0.0,30.0,15.6
1986-06-06T00:00:00,0.0,35.0,18.3
1986-06-07T00:00:00,23.6,36.7,19.4
1986-06-08T00:00:00,43.7,30.6,15.0
1986-06-09T00:00:00,0.0,28.9,11.7
1986-06-10T00:00:00,0.0,31.7,12.8
1986-06-11T00:00:00,0.0,27.8,11.7
1986-06-12T00:00:00,0.0,32.2,13.3
1986-06-13T00:00:00,0.0,31.7,13.9
1986-06-14T00:00:00,0.0,33.3,15.0
1986-06-15T00:00:00,0.0,35.0,17.8
1986-06-16T00:00:00,0.0,37.8,20.6
1986-06-17T00:00:00,0.0,31.7,15.0
1986-06-18T00:00:00,0.0,32.2,16.1
1986-06-19T00:00:00,9.9,27.8,17.8
1986-06-20T00:00:00,5.6,31.1,17.2
1986-06-21T00:00:00,29.5,30.0,14.4
1986-06-22T00:00:00,3.0,30.0,17.8
1986-06-23T00:00:00,109.7,30.0,15.6
1986-06-24T00:00:00,64.8,21.1,16.1
1986-06-25T00:00:00,33.0,22.8,15.6
1986-06-26T00:00:00,2.5,25.0,17.2
1986-06-27T00:00:00,14.0,28.3,16.7
1986-06-28T00:00:00,0.0,31.7,17.2
1986-06-29T00:00:00,0.0,32.2,18.3
1986-06-30T00:00:00,0.0,33.3,20.6
1986-07-01T00:00:00,0.0,31.1,20.0
1986-07-02T00:00:00,5.6,23.9,18.3
1986-07-03T00:00:00,0.0,27.2,18.9
1986-07-04T00:00:00,0.0,30.6,16.1
1986-07-05T00:00:00,4.6,31.7,17.8
1986-07-06T00:00:00,0.0,31.1,17.8
1986-07-07T00:00:00,0.0,28.9,18.3
1986-07-08T00:00:00,0.0,29.4,16.7
1986-07-09T00:00:00,7.4,30.0,16.1
1986-07-10T00:00:00,0.8,32.2,18.3
1986-07-11T00:00:00,0.0,33.3,20.0
1986-07-12T00:00:00,0.0,33.3,19.4
1986-07-13T00:00:00,0.0,30.0,16.1
1986-07-14T00:00:00,0.0,28.3,16.7
1986-07-15T00:00:00,0.0,30.0,15.6
1986-07-16T00:00:00,0.0,31.7,16.1
1986-07-17T00:00:00,0.0,31.7,15.0
1986-07-18T00:00:00,0.0,31.1,13.3
1986-07-19T00:00:00,0.0,31.7,15.0
1986-07-20T00:00:00,0.0,31.1,16.1
1986-07-21T00:00:00,4.3,30.6,16.1
1986-07-22T00:00:00,0.0,27.8,16.1
1986-07-23T00:00:00,9.9,31.7,16.1
1986-07-24T00:00:00,0.0,33.3,16.1
1986-07-25T00:00:00,0.0,34.4,17.2
1986-07-26T00:00:00,0.0,36.7,16.1
1986-07-27T00:00:00,0.0,35.6,17.2
1986-07-28T00:00:00,0.0,35.0,16.7
1986-07-29T00:00:00,0.0,34.4,15.6
1986-07-30T00:00:00,0.0,35.6,11.1
1986-07-31T00:00:00,0.0,35.6,14.4
1986-08-01T00:00:00,0.0,35.6,16.1
1986-08-02T00:00:00,0.0,36.1,19.4
1986-08-03T00:00:00,2.5,30.0,16.7
1986-08-04T00:00:00,6.4,31.1,15.6
1986-08-05T00:00:00,5.8,32.8,16.7
1986-08-06T00:00:00,0.0,33.9,17.2
1986-08-07T00:00:00,0.0,34.4,18.3
1986-08-08T00:00:00,0.0,31.7,18.9
1986-08-09T00:00:00,0.0,33.3,16.7
1986-08-10T00:00:00,0.0,31.7,16.7
1986-08-11T00:00:00,0.0,31.1,17.2
1986-08-12T00:00:00,0.0,33.3,16.1
1986-08-13T00:00:00,0.0,34.4,17.8
1986-08-14T00:00:00,0.0,35.0,18.9
1986-08-15T00:00:00,0.0,33.9,20.0
1986-08-16T00:00:00,0.0,34.4,17.2
1986-08-17T00:00:00,0.0,33.9,18.3
1986-08-18T00:00:00,0.0,35.0,17.8
1986-08-19T00:00:00,0.0,36.1,17.2
1986-08-20T00:00:00,0.0,40.6,18.3
1986-08-21T00:00:00,0.0,35.0,21.7
1986-08-22T00:00:00,13.2,32.2,17.2
1986-08-23T00:00:00,2.3,26.1,17.2
1986-08-24T00:00:00,0.0,27.8,16.7
1986-08-25T00:00:00,0.0,28.9,14.4
1986-08-26T00:00:00,0.0,30.0,17.2
1986-08-27T00:00:00,4.6,27.2,17.8
1986-08-28T00:00:00,14.0,23.9,15.6
1986-08-29T00:00:00,11.7,25.0,16.1
1986-08-30T00:00:00,13.7,27.2,22.2
1986-08-31T00:00:00,0.0,27.8,15.6
1986-09-01T00:00:00,14.2,28.3,15.6
1986-09-02T00:00:00,1.3,27.2,16.1
1986-09-03T00:00:00,0.0,26.7,15.0
1986-09-04T00:00:00,0.0,30.6,14.4
1986-09-05T00:00:00,25.4,28.3,12.8
1986-09-06T00:00:00,8.4,27.8,12.8
1986-09-07T00:00:00,0.0,24.4,15.0
1986-09-08T00:00:00,0.0,25.0,14.4
1986-09-09T00:00:00,0.3,31.1,12.8
1986-09-10T00:00:00,0.0,30.6,18.9
1986-09-11T00:00:00,0.0,29.4,13.3
1986-09-12T00:00:00,0.0,32.2,12.8
1986-09-13T00:00:00,5.3,26.1,16.1
1986-09-14T00:00:00,0.0,28.3,15.6
1986-09-15T00:00:00,0.0,30.6,14.4
1986-09-16T00:00:00,0.0,32.2,15.6
1986-09-17T00:00:00,0.0,33.3,16.7
1986-09-18T00:00:00,0.0,33.3,13.9
1986-09-19T00:00:00,0.0,34.4,12.8
1986-09-20T00:00:00,0.0,32.8,12.2
1986-09-21T00:00:00,0.0,31.7,13.3
1986-09-22T00:00:00,0.5,31.1,15.6
1986-09-23T00:00:00,13.2,31.1,17.8
1986-09-24T00:00:00,0.0,23.9,16.7
1986-09-25T00:00:00,0.0,26.1,8.3
1986-09-26T00:00:00,0.0,26.7,11.1
1986-09-27T00:00:00,0.0,28.9,10.0
1986-09-28T00:00:00,0.0,30.6,9.4
1986-09-29T00:00:00,0.0,30.0,12.2
1986-09-30T00:00:00,0.0,28.9,8.3
1986-10-01T00:00:00,0.0,30.6,10.0
1986-10-02T00:00:00,5.8,26.7,9.4
1986-10-03T00:00:00,0.0,26.1,14.4
1986-10-04T00:00:00,0.0,24.4,11.7
1986-10-05T00:00:00,4.1,18.9,13.3
1986-10-06T00:00:00,7.1,17.8,9.4
1986-10-07T00:00:00,0.0,23.9,12.2
1986-10-08T00:00:00,0.0,29.4,10.6
1986-10-09T00:00:00,0.0,26.7,10.6
1986-10-10T00:00:00,5.3,21.1,14.4
1986-10-11T00:00:00,0.0,21.1,7.2
1986-10-12T00:00:00,0.5,10.0,1.7
1986-10-13T00:00:00,0.0,21.1,2.8
1986-10-14T00:00:00,0.0,22.2,0.6
1986-10-15T00:00:00,0.0,21.7,2.8
1986-10-16T00:00:00,0.0,21.1,5.0
1986-10-17T00:00:00,3.8,25.0,6.1
1986-10-18T00:00:00,0.0,25.6,6.1
1986-10-19T00:00:00,0.3,15.6,8.9
1986-10-20T00:00:00,19.1,15.6,12.2
1986-10-21T00:00:00,9.1,23.9,10.0
1986-10-22T00:00:00,0.0,22.2,3.9
1986-10-23T00:00:00,0.0,21.7,7.2
1986-10-24T00:00:00,9.9,21.1,9.4
1986-10-25T00:00:00,0.0,21.1,7.8
1986-10-26T00:00:00,0.0,24.4,6.7
1986-10-27T00:00:00,0.0,26.7,6.7
1986-10-28T00:00:00,0.0,27.8,7.8
1986-10-29T00:00:00,0.0,24.4,6.1
1986-10-30T00:00:00,0.0,25.0,4.4
1986-10-31T00:00:00,0.0,27.8,7.2
1986-11-01T00:00:00,0.0,25.0,10.0
1986-11-02T00:00:00,3.6,20.6,2.2
1986-11-03T00:00:00,30.0,6.7,3.3
1986-11-04T00:00:00,15.0,11.1,2.2
1986-11-05T00:00:00,0.0,18.3,0.0
1986-11-06T00:00:00,0.0,20.0,2.2
1986-11-07T00:00:00,0.0,18.9,7.2
1986-11-08T00:00:00,0.0,20.0,3.3
1986-11-09T00:00:00,0.0,16.7,-2.2
1986-11-10T00:00:00,0.0,17.8,-1.1
1986-11-11T00:00:00,0.0,17.8,-3.3
1986-11-12T00:00:00,0.0,7.8,-1.7
1986-11-13T00:00:00,3.8,-1.1,-5.6
1986-11-14T00:00:00,0.0,17.8,-4.4
1986-11-15T00:00:00,0.0,17.2,-2.2
1986-11-16T00:00:00,0.0,22.2,8.3
1986-11-17T00:00:00,0.0,23.3,8.3
1986-11-18T00:00:00,0.0,22.2,10.6
1986-11-19T00:00:00,1.5,24.4,5.0
1986-11-20T00:00:00,0.0,21.1,3.3
1986-11-21T00:00:00,0.0,22.2,-1.1
1986-11-22T00:00:00,0.0,23.3,4.4
1986-11-23T00:00:00,0.0,15.6,0.6
1986-11-24T00:00:00,0.0,11.7,-5.0
1986-11-25T00:00:00,0.0,18.3,-5.0
1986-11-26T00:00:00,0.0,13.3,-2.8
1986-11-27T00:00:00,0.0,17.2,-5.0
1986-11-28T00:00:00,0.0,21.1,-1.7
1986-11-29T00:00:00,0.0,21.1,-0.6
1986-11-30T00:00:00,0.0,18.3,5.0
1986-12-01T00:00:00,0.0,13.9,-5.0
1986-12-02T00:00:00,0.0,20.6,-0.6
1986-12-03T00:00:00,0.0,13.9,-2.8
1986-12-04T00:00:00,0.0,12.8,-5.0
1986-12-05T00:00:00,0.0,11.7,1.1
1986-12-06T00:00:00,0.0,14.4,4.4
1986-12-07T00:00:00,0.0,18.3,8.3
1986-12-08T00:00:00,6.4,17.2,2.8
1986-12-09T00:00:00,0.0,9.4,-2.2
1986-12-10T00:00:00,6.1,2.8,-4.4
1986-12-11T00:00:00,2.3,4.4,-11.1
1986-12-12T00:00:00,0.0,11.7,-6.1
1986-12-13T00:00:00,0.0,11.7,-6.1
1986-12-14T00:00:00,0.0,15.6,-3.3
1986-12-15T00:00:00,0.0,20.6,-1.7
1986-12-16T00:00:00,4.8,15.6,1.7
1986-12-17T00:00:00,2.8,9.4,2.2
1986-12-18T00:00:00,6.6,2.8,-0.6
1986-12-19T00:00:00,0.0,13.3,-2.2
1986-12-20T00:00:00,0.0,14.4,-2.8
1986-12-21T00:00:00,4.8,10.6,0.6
1986-12-22T00:00:00,15.2,2.8,-5.6
1986-12-23T00:00:00,0.8,10.6,-1.7
1986-12-24T00:00:00,0.0,10.6,0.0
1986-12-25T00:00:00,0.0,10.0,0.6
1986-12-26T00:00:00,0.0,10.6,-3.9
1986-12-27T00:00:00,0.0,10.6,-4.4
1986-12-28T00:00:00,0.0,16.7,-2.2
1986-12-29T00:00:00,0.0,12.8,-3.3
1986-12-30T00:00:00,0.0,16.1,-3.3
1986-12-31T00:00:00,0.0,12.8,-2.8
1987-01-01T00:00:00,0.0,11.1,-5.0
1987-01-02T00:00:00,0.0,20.0,-3.9
1987-01-03T00:00:00,0.0,16.7,-3.9
1987-01-04T00:00:00,0.0,21.1,-5.0
1987-01-05T00:00:00,0.0,21.1,-1.7
1987-01-06T00:00:00,0.0,20.0,-4.4
1987-01-07T00:00:00,0.0,15.6,-2.8
1987-01-08T00:00:00,0.0,15.0,2.2
1987-01-09T00:00:00,0.0,14.4,-7.2
1987-01-10T00:00:00,0.0,12.8,-6.7
1987-01-11T00:00:00,0.0,16.7,-6.1
1987-01-12T00:00:00,0.0,19.4,-3.3
1987-01-13T00:00:00,0.0,20.6,-0.6
1987-01-14T00:00:00,0.0,21.1,1.7
1987-01-15T00:00:00,0.0,17.2,-3.9
1987-01-16T00:00:00,0.0,4.4,-3.9
1987-01-17T00:00:00,2.8,-2.2,-10.0
1987-01-18T00:00:00,0.0,4.4,-15.0
1987-01-19T00:00:00,0.0,5.0,-7.8
1987-01-20T00:00:00,3.8,5.6,-5.0
1987-01-21T00:00:00,0.0,6.1,-15.6
1987-01-22T00:00:00,0.0,9.4,-10.0
1987-01-23T00:00:00,0.0,15.0,-0.6
1987-01-24T00:00:00,0.0,15.6,-1.1
1987-01-25T00:00:00,0.0,20.6,0.0
1987-01-26T00:00:00,0.0,20.6,2.8
1987-01-27T00:00:00,0.0,23.9,0.6
1987-01-28T00:00:00,0.0,23.3,8.9
1987-01-29T00:00:00,0.0,21.1,3.3
1987-01-30T00:00:00,0.0,20.0,-1.1
1987-01-31T00:00:00,0.0,17.2,3.3
1987-02-01T00:00:00,0.0,21.1,0.0
1987-02-02T00:00:00,0.0,25.0,1.7
1987-02-03T00:00:00,0.0,24.4,-0.6
1987-02-04T00:00:00,0.0,21.7,4.4
1987-02-05T00:00:00,0.0,16.1,-6.1
1987-02-06T00:00:00,0.0,16.1,-2.2
1987-02-07T00:00:00,0.0,19.4,-4.4
1987-02-08T00:00:00,0.0,20.0,-0.6
1987-02-09T00:00:00,0.0,16.7,-3.9
1987-02-10T00:00:00,0.0,23.3,1.1
1987-02-11T00:00:00,0.0,22.8,5.6
1987-02-12T00:00:00,0.0,23.9,1.7
1987-02-13T00:00:00,0.0,22.2,6.7
1987-02-14T00:00:00,0.0,15.0,3.3
1987-02-15T00:00:00,0.0,14.4,1.1
1987-02-16T00:00:00,3.0,7.2,1.1
1987-02-17T00:00:00,0.0,7.2,0.0
1987-02-18T00:00:00,9.1,8.3,0.0
1987-02-19T00:00:00,14.7,2.8,-1.1
1987-02-20T00:00:00,7.6,1.1,-2.8
1987-02-21T00:00:00,0.0,6.7,-8.9
1987-02-22T00:00:00,0.0,8.3,-6.7
1987-02-23T00:00:00,0.0,8.3,-6.7
1987-02-24T00:00:00,0.0,13.9,-2.8
1987-02-25T00:00:00,1.3,12.8,2.8
1987-02-26T00:00:00,0.0,12.8,4.4
1987-02-27T00:00:00,0.0,13.3,-2.2
1987-02-28T00:00:00,0.0,15.6,-2.8
1987-03-01T00:00:00,0.0,15.0,-5.0
1987-03-02T00:00:00,0.0,19.4,-2.2
1987-03-03T00:00:00,0.0,20.0,0.6
1987-03-04T00:00:00,0.0,18.9,0.6
1987-03-05T00:00:00,0.0,22.8,2.2
1987-03-06T00:00:00,0.0,25.0,1.7
1987-03-07T00:00:00,0.0,24.4,-0.6
1987-03-08T00:00:00,0.0,23.3,0.0
1987-03-09T00:00:00,0.0,16.1,0.6
1987-03-10T00:00:00,0.0,12.2,0.0
1987-03-11T00:00:00,0.0,16.7,0.0
1987-03-12T00:00:00,0.0,20.6,2.8
1987-03-13T00:00:00,0.0,23.9,0.0
1987-03-14T00:00:00,0.0,24.4,3.3
1987-03-15T00:00:00,0.0,23.3,3.3
1987-03-16T00:00:00,0.0,19.4,5.6
1987-03-17T00:00:00,0.0,16.7,-2.2
1987-03-18T00:00:00,0.0,23.3,-1.1
1987-03-19T00:00:00,0.0,21.1,6.7
1987-03-20T00:00:00,0.0,22.8,7.2
1987-03-21T00:00:00,0.0,22.8,-0.6
1987-03-22T00:00:00,0.0,21.1,0.0
1987-03-23T00:00:00,0.0,21.7,0.6
1987-03-24T00:00:00,0.0,18.3,-3.9
1987-03-25T00:00:00,0.0,12.2,1.1
1987-03-26T00:00:00,2.5,11.7,1.1
1987-03-27T00:00:00,0.0,21.7,0.0
1987-03-28T00:00:00,0.0,20.0,-1.1
1987-03-29T00:00:00,4.1,6.1,-7.8
1987-03-30T00:00:00,0.0,11.7,-11.7
1987-03-31T00:00:00,0.0,20.0,0.0
1987-04-01T00:00:00,0.0,26.1,4.4
1987-04-02T00:00:00,0.0,22.8,-1.7
1987-04-03T00:00:00,0.0,18.9,-5.6
1987-04-04T00:00:00,1.8,17.2,-2.8
1987-04-05T00:00:00,5.8,10.6,3.9
1987-04-06T00:00:00,2.0,7.8,2.2
1987-04-07T00:00:00,0.0,15.0,-1.7
1987-04-08T00:00:00,0.0,18.9,-1.1
1987-04-09T00:00:00,0.0,26.1,6.1
1987-04-10T00:00:00,0.0,25.0,5.0
1987-04-11T00:00:00,0.0,28.3,7.8
1987-04-12T00:00:00,0.0,24.4,7.8
1987-04-13T00:00:00,0.0,20.0,0.6
1987-04-14T00:00:00,0.0,22.8,-1.7
1987-04-15T00:00:00,0.0,31.7,5.0
1987-04-16T00:00:00,0.0,31.7,9.4
1987-04-17T00:00:00,0.0,33.9,8.9
1987-04-18T00:00:00,0.0,33.3,11.1
1987-04-19T00:00:00,0.0,28.3,12.8
1987-04-20T00:00:00,0.0,25.0,11.7
1987-04-21T00:00:00,0.0,20.0,7.2
1987-04-22T00:00:00,0.0,21.1,2.8
1987-04-23T00:00:00,0.0,25.6,2.8
1987-04-24T00:00:00,16.5,22.8,6.1
1987-04-25T00:00:00,0.0,22.2,6.1
1987-04-26T00:00:00,0.0,23.3,6.7
1987-04-27T00:00:00,2.5,24.4,8.3
1987-04-28T00:00:00,0.0,22.2,7.8
1987-04-29T00:00:00,0.0,25.0,7.8
1987-04-30T00:00:00,0.0,26.7,7.8
1987-05-01T00:00:00,0.0,30.6,11.7
1987-05-02T00:00:00,0.0,26.7,12.2
1987-05-03T00:00:00,0.0,25.0,8.3
1987-05-04T00:00:00,0.0,23.9,5.0
1987-05-05T00:00:00,0.0,24.4,5.6
1987-05-06T00:00:00,3.3,21.1,11.1
1987-05-07T00:00:00,0.0,23.3,8.3
1987-05-08T00:00:00,0.0,25.0,7.2
1987-05-09T00:00:00,0.0,26.7,7.2
1987-05-10T00:00:00,0.0,30.0,7.2
1987-05-11T00:00:00,0.0,28.9,9.4
1987-05-12T00:00:00,0.0,28.9,11.1
1987-05-13T00:00:00,0.0,28.9,12.2
1987-05-14T00:00:00,0.0,29.4,12.2
1987-05-15T00:00:00,2.5,30.0,12.8
1987-05-16T00:00:00,17.3,28.3,11.7
1987-05-17T00:00:00,0.0,30.0,9.4
1987-05-18T00:00:00,0.0,29.4,15.6
1987-05-19T00:00:00,0.0,27.8,13.9
1987-05-20T00:00:00,0.0,27.2,12.8
1987-05-21T00:00:00,0.0,28.3,11.7
1987-05-22T00:00:00,6.9,25.6,10.6
1987-05-23T00:00:00,0.0,20.0,13.3
1987-05-24T00:00:00,0.5,26.7,10.6
1987-05-25T00:00:00,0.0,28.9,9.4
1987-05-26T00:00:00,0.0,28.9,15.0
1987-05-27T00:00:00,0.0,27.2,9.4
1987-05-28T00:00:00,0.0,27.2,10.6
1987-05-29T00:00:00,0.0,28.9,7.8
1987-05-30T00:00:00,0.0,27.8,14.4
1987-05-31T00:00:00,0.0,28.9,12.8
1987-06-01T00:00:00,0.0,32.8,11.1
1987-06-02T00:00:00,0.0,34.4,14.4
1987-06-03T00:00:00,62.2,27.2,12.8
1987-06-04T00:00:00,0.0,23.9,13.3
1987-06-05T00:00:00,0.0,23.9,10.6
1987-06-06T00:00:00,0.0,26.7,12.8
1987-06-07T00:00:00,7.9,26.7,13.3
1987-06-08T00:00:00,12.7,19.4,15.0
1987-06-09T00:00:00,0.0,26.1,13.3
1987-06-10T00:00:00,0.0,28.3,13.3
1987-06-11T00:00:00,0.0,29.4,13.9
1987-06-12T00:00:00,0.0,32.2,14.4
1987-06-13T00:00:00,0.0,28.9,15.6
1987-06-14T00:00:00,0.0,34.4,15.6
1987-06-15T00:00:00,2.8,35.0,15.6
1987-06-16T00:00:00,0.0,36.1,15.6
1987-06-17T00:00:00,0.0,35.0,15.6
1987-06-18T00:00:00,0.0,36.7,15.0
1987-06-19T00:00:00,0.0,35.0,15.0
1987-06-20T00:00:00,2.8,33.3,13.9
1987-06-21T00:00:00,0.0,33.3,12.2
1987-06-22T00:00:00,0.0,36.7,13.9
1987-06-23T00:00:00,0.8,36.7,13.9
1987-06-24T00:00:00,0.0,32.2,16.7
1987-06-25T00:00:00,7.1,29.4,17.2
1987-06-26T00:00:00,0.0,30.6,15.6
1987-06-27T00:00:00,8.1,29.4,15.6
1987-06-28T00:00:00,0.0,31.1,15.0
1987-06-29T00:00:00,0.0,34.4,14.4
1987-06-30T00:00:00,0.0,30.6,16.7
1987-07-01T00:00:00,0.0,32.2,16.1
1987-07-02T00:00:00,0.0,39.4,17.8
1987-07-03T00:00:00,0.0,39.4,18.3
1987-07-04T00:00:00,0.0,39.4,18.9
1987-07-05T00:00:00,0.0,37.8,18.9
1987-07-06T00:00:00,0.0,36.1,12.8
1987-07-07T00:00:00,0.0,38.9,12.8
1987-07-08T00:00:00,0.0,33.9,15.0
1987-07-09T00:00:00,4.3,35.0,16.1
1987-07-10T00:00:00,0.0,36.7,15.6
1987-07-11T00:00:00,0.0,36.7,17.8
1987-07-12T00:00:00,0.0,37.8,15.6
1987-07-13T00:00:00,0.0,28.3,14.4
1987-07-14T00:00:00,0.0,32.2,16.7
1987-07-15T00:00:00,0.0,32.8,15.0
1987-07-16T00:00:00,1.8,30.0,15.6
1987-07-17T00:00:00,0.0,32.8,15.0
1987-07-18T00:00:00,0.0,35.0,17.2
1987-07-19T00:00:00,0.0,35.0,15.6
1987-07-20T00:00:00,6.6,32.2,17.8
1987-07-21T00:00:00,3.8,30.6,17.8
1987-07-22T00:00:00,0.0,33.3,15.0
1987-07-23T00:00:00,0.0,34.4,17.8
1987-07-24T00:00:00,0.0,33.3,17.2
1987-07-25T00:00:00,0.0,32.2,16.1
1987-07-26T00:00:00,0.0,31.1,15.0
1987-07-27T00:00:00,2.5,30.0,20.6
1987-07-28T00:00:00,0.0,29.4,16.1
1987-07-29T00:00:00,0.0,32.2,15.0
1987-07-30T00:00:00,0.0,34.4,16.1
1987-07-31T00:00:00,,36.7,16.1
1987-08-01T00:00:00,0.0,37.8,16.7
1987-08-02T00:00:00,0.0,36.7,17.8
1987-08-03T00:00:00,0.0,37.2,17.2
1987-08-04T00:00:00,0.0,36.1,18.9
1987-08-05T00:00:00,0.0,35.0,20.0
1987-08-06T00:00:00,0.0,37.2,17.8
1987-08-07T00:00:00,0.0,36.7,21.1
1987-08-08T00:00:00,2.0,38.3,15.6
1987-08-09T00:00:00,6.4,30.6,18.9
1987-08-10T00:00:00,32.0,28.9,17.8
1987-08-11T00:00:00,0.0,31.7,18.9
1987-08-12T00:00:00,1.3,32.2,17.2
1987-08-13T00:00:00,0.0,31.1,17.2
1987-08-14T00:00:00,0.0,34.4,17.2
1987-08-15T00:00:00,0.0,35.6,17.2
1987-08-16T00:00:00,0.0,36.1,16.1
1987-08-17T00:00:00,0.0,37.8,17.2
1987-08-18T00:00:00,0.0,38.3,17.8
1987-08-19T00:00:00,0.0,35.0,16.1
1987-08-20T00:00:00,0.0,37.2,16.7
1987-08-21T00:00:00,0.0,35.0,15.6
1987-08-22T00:00:00,0.0,34.4,15.6
1987-08-23T00:00:00,0.0,28.3,16.1
1987-08-24T00:00:00,1.5,26.7,17.2
1987-08-25T00:00:00,6.1,30.6,18.3
1987-08-26T00:00:00,1.3,27.2,16.1
1987-08-27T00:00:00,0.8,26.1,13.9
1987-08-28T00:00:00,8.4,23.9,15.6
1987-08-29T00:00:00,0.0,28.3,13.3
1987-08-30T00:00:00,0.0,30.6,13.9
1987-08-31T00:00:00,0.0,28.3,12.8
1987-09-01T00:00:00,0.0,30.0,12.2
1987-09-02T00:00:00,0.0,31.1,12.2
1987-09-03T00:00:00,0.0,33.3,12.8
1987-09-04T00:00:00,2.5,28.9,11.1
1987-09-05T00:00:00,0.8,30.6,13.9
1987-09-06T00:00:00,0.0,32.2,13.3
1987-09-07T00:00:00,0.0,28.9,15.6
1987-09-08T00:00:00,0.0,30.6,13.3
1987-09-09T00:00:00,0.0,30.6,13.9
1987-09-10T00:00:00,2.5,32.2,15.0
1987-09-11T00:00:00,0.0,27.2,11.1
1987-09-12T00:00:00,0.0,31.1,13.3
1987-09-13T00:00:00,4.6,33.9,13.3
1987-09-14T00:00:00,0.0,21.1,16.1
1987-09-15T00:00:00,0.0,28.9,12.2
1987-09-16T00:00:00,0.0,32.8,13.3
1987-09-17T00:00:00,0.0,30.0,14.4
1987-09-18T00:00:00,1.5,24.4,14.4
1987-09-19T00:00:00,0.0,28.3,7.2
1987-09-20T00:00:00,0.0,30.6,9.4
1987-09-21T00:00:00,0.0,30.6,13.3
1987-09-22T00:00:00,0.0,26.1,10.6
1987-09-23T00:00:00,0.0,28.3,9.4
1987-09-24T00:00:00,0.0,31.1,10.6
1987-09-25T00:00:00,0.0,30.0,12.2
1987-09-26T00:00:00,0.0,29.4,11.7
1987-09-27T00:00:00,0.8,32.8,16.7
1987-09-28T00:00:00,0.0,28.9,16.1
1987-09-29T00:00:00,0.0,27.2,12.2
1987-09-30T00:00:00,0.0,27.8,9.4
1987-10-01T00:00:00,0.0,29.4,11.1
1987-10-02T00:00:00,0.0,30.6,9.4
1987-10-03T00:00:00,0.0,26.1,5.6
1987-10-04T00:00:00,0.0,31.7,7.2
1987-10-05T00:00:00,0.0,33.3,11.1
1987-10-06T00:00:00,0.0,27.8,5.6
1987-10-07T00:00:00,0.0,29.4,6.1
1987-10-08T00:00:00,0.0,27.8,6.1
1987-10-09T00:00:00,0.0,27.8,16.7
1987-10-10T00:00:00,0.0,26.1,12.2
1987-10-11T00:00:00,0.0,21.7,6.7
1987-10-12T00:00:00,0.0,29.4,4.4
1987-10-13T00:00:00,0.0,29.4,12.2
1987-10-14T00:00:00,0.0,28.3,10.6
1987-10-15T00:00:00,2.0,26.7,10.6
1987-10-16T00:00:00,0.0,26.7,9.4
1987-10-17T00:00:00,0.0,22.8,4.4
1987-10-18T00:00:00,0.5,27.2,8.9
1987-10-19T00:00:00,0.0,25.0,9.4
1987-10-20T00:00:00,0.0,23.9,7.2
1987-10-21T00:00:00,0.0,21.7,1.1
1987-10-22T00:00:00,1.8,26.7,7.2
1987-10-23T00:00:00,1.3,21.1,10.6
1987-10-24T00:00:00,0.0,27.2,9.4
1987-10-25T00:00:00,0.0,31.1,10.6
1987-10-26T00:00:00,0.0,26.7,9.4
1987-10-27T00:00:00,0.0,26.1,7.2
1987-10-28T00:00:00,0.0,27.8,5.0
1987-10-29T00:00:00,0.0,30.0,12.2
1987-10-30T00:00:00,0.0,28.3,11.1
1987-10-31T00:00:00,0.0,26.1,11.1
1987-11-01T00:00:00,2.3,21.1,12.8
1987-11-02T00:00:00,16.8,23.3,8.3
1987-11-03T00:00:00,0.0,25.0,7.2
1987-11-04T00:00:00,0.0,24.4,7.8
1987-11-05T00:00:00,0.0,25.6,8.3
1987-11-06T00:00:00,0.0,23.3,9.4
1987-11-07T00:00:00,0.0,22.8,2.2
1987-11-08T00:00:00,0.0,22.8,1.7
1987-11-09T00:00:00,0.0,16.1,-1.1
1987-11-10T00:00:00,0.0,15.0,-3.3
1987-11-11T00:00:00,0.0,18.9,-4.4
1987-11-12T00:00:00,0.0,20.0,-1.1
1987-11-13T00:00:00,0.0,25.6,2.8
1987-11-14T00:00:00,0.0,22.8,8.9
1987-11-15T00:00:00,0.0,21.1,6.1
1987-11-16T00:00:00,0.0,14.4,-4.4
1987-11-17T00:00:00,0.0,17.8,0.0
1987-11-18T00:00:00,0.0,16.7,2.2
1987-11-19T00:00:00,0.0,17.8,-5.0
1987-11-20T00:00:00,0.0,20.0,-3.9
1987-11-21T00:00:00,0.0,22.8,-0.6
1987-11-22T00:00:00,0.0,23.3,0.6
1987-11-23T00:00:00,0.0,22.2,-0.6
1987-11-24T00:00:00,0.0,25.0,5.6
1987-11-25T00:00:00,0.0,16.1,-5.0
1987-11-26T00:00:00,0.0,13.3,-5.6
1987-11-27T00:00:00,0.0,9.4,-7.8
1987-11-28T00:00:00,0.0,13.9,-6.7
1987-11-29T00:00:00,0.0,14.4,-3.9
1987-11-30T00:00:00,0.0,13.9,-5.6
1987-12-01T00:00:00,0.0,17.8,-4.4
1987-12-02T00:00:00,0.0,23.3,1.1
1987-12-03T00:00:00,0.0,23.9,4.4
1987-12-04T00:00:00,0.0,26.7,4.4
1987-12-05T00:00:00,0.0,22.8,10.0
1987-12-06T00:00:00,0.0,22.2,5.0
1987-12-07T00:00:00,0.0,25.0,4.4
1987-12-08T00:00:00,0.0,22.8,-0.6
1987-12-09T00:00:00,0.0,20.0,-5.0
1987-12-10T00:00:00,0.0,25.6,-1.7
1987-12-11T00:00:00,0.0,26.7,6.7
1987-12-12T00:00:00,0.0,25.0,-2.2
1987-12-13T00:00:00,21.3,7.8,-3.9
1987-12-14T00:00:00,6.4,-2.2,-10.0
1987-12-15T00:00:00,0.0,1.1,-15.6
1987-12-16T00:00:00,0.0,1.1,-12.8
1987-12-17T00:00:00,0.0,3.3,-15.6
1987-12-18T00:00:00,0.0,5.6,-8.3
1987-12-19T00:00:00,10.4,12.2,-0.6
1987-12-20T00:00:00,0.0,10.0,0.0
1987-12-21T00:00:00,0.0,13.9,-2.8
1987-12-22T00:00:00,0.0,18.3,-1.1
1987-12-23T00:00:00,0.0,20.6,5.0
1987-12-24T00:00:00,0.0,20.0,-1.7
1987-12-25T00:00:00,2.0,1.1,-6.1
1987-12-26T00:00:00,5.6,-3.3,-11.7
1987-12-27T00:00:00,0.0,3.3,-16.7
1987-12-28T00:00:00,0.0,6.7,-6.7
1987-12-29T00:00:00,0.0,7.2,-7.8
1987-12-30T00:00:00,0.0,17.8,
1987-12-31T00:00:00,0.0,15.6,-5.0
1988-01-01T00:00:00,0.0,5.0,-4.4
1988-01-02T00:00:00,0.0,5.0,-3.3
1988-01-03T00:00:00,0.0,12.2,-7.2
1988-01-04T00:00:00,0.0,9.4,-2.8
1988-01-05T00:00:00,0.0,3.3,-5.6
1988-01-06T00:00:00,0.0,3.9,-0.6
1988-01-07T00:00:00,0.0,1.1,-5.0
1988-01-08T00:00:00,1.3,2.2,-3.9
1988-01-09T00:00:00,0.0,3.3,-8.9
1988-01-10T00:00:00,0.0,11.7,-10.0
1988-01-11T00:00:00,0.0,16.1,-2.8
1988-01-12T00:00:00,0.0,16.1,0.0
1988-01-13T00:00:00,0.0,14.4,-10.0
1988-01-14T00:00:00,0.0,14.4,-5.6
1988-01-15T00:00:00,0.0,19.4,-3.3
1988-01-16T00:00:00,0.0,19.4,0.0
1988-01-17T00:00:00,0.0,18.3,0.6
1988-01-18T00:00:00,0.0,12.8,-3.3
1988-01-19T00:00:00,0.0,6.1,-1.1
1988-01-20T00:00:00,0.0,5.6,-10.0
1988-01-21T00:00:00,0.0,11.7,-7.2
1988-01-22T00:00:00,0.0,10.0,-4.4
1988-01-23T00:00:00,0.0,18.9,-6.1
1988-01-24T00:00:00,0.0,18.3,-6.7
1988-01-25T00:00:00,0.0,11.7,-8.9
1988-01-26T00:00:00,0.0,12.8,-5.6
1988-01-27T00:00:00,0.0,18.3,-6.7
1988-01-28T00:00:00,0.0,20.6,-2.8
1988-01-29T00:00:00,0.0,20.0,-0.6
1988-01-30T00:00:00,0.0,20.6,3.9
1988-01-31T00:00:00,0.0,20.0,-1.1
1988-02-01T00:00:00,0.0,20.6,2.2
1988-02-02T00:00:00,0.0,21.1,-3.3
1988-02-03T00:00:00,0.0,22.8,-2.8
1988-02-04T00:00:00,1.3,20.6,-1.1
1988-02-05T00:00:00,25.4,0.0,-2.8
1988-02-06T00:00:00,0.0,-0.6,-7.2
1988-02-07T00:00:00,0.0,7.2,-10.6
1988-02-08T00:00:00,0.0,16.7,-4.4
1988-02-09T00:00:00,0.0,14.4,-0.6
1988-02-10T00:00:00,0.0,21.1,0.0
1988-02-11T00:00:00,0.0,17.8,-11.1
1988-02-12T00:00:00,0.0,22.2,-1.1
1988-02-13T00:00:00,0.0,22.2,-1.7
1988-02-14T00:00:00,0.0,17.8,2.8
1988-02-15T00:00:00,0.0,20.0,-6.1
1988-02-16T00:00:00,0.0,25.0,3.9
1988-02-17T00:00:00,0.0,23.3,-0.6
1988-02-18T00:00:00,0.0,21.1,1.7
1988-02-19T00:00:00,0.0,11.7,0.6
1988-02-20T00:00:00,0.0,17.2,-2.8
1988-02-21T00:00:00,0.0,20.6,-0.6
1988-02-22T00:00:00,0.0,22.8,3.3
1988-02-23T00:00:00,0.0,18.3,-5.6
1988-02-24T00:00:00,0.0,15.6,-3.9
1988-02-25T00:00:00,0.0,20.6,-0.6
1988-02-26T00:00:00,0.0,21.7,4.4
1988-02-27T00:00:00,0.0,22.2,4.4
1988-02-28T00:00:00,0.0,26.7,5.0
1988-02-29T00:00:00,0.0,20.6,1.1
1988-03-01T00:00:00,0.0,25.0,2.8
1988-03-02T00:00:00,0.0,21.1,6.7
1988-03-03T00:00:00,0.0,21.1,-1.1
1988-03-04T00:00:00,0.0,21.1,-1.1
1988-03-05T00:00:00,0.0,20.6,-1.1
1988-03-06T00:00:00,0.0,23.9,1.7
1988-03-07T00:00:00,0.0,23.3,3.9
1988-03-08T00:00:00,1.3,21.1,0.6
1988-03-09T00:00:00,0.0,23.9,-2.8
1988-03-10T00:00:00,0.0,23.3,-7.8
1988-03-11T00:00:00,0.0,21.1,-2.2
1988-03-12T00:00:00,0.0,13.3,-3.3
1988-03-13T00:00:00,0.0,13.3,-3.9
1988-03-14T00:00:00,0.0,12.8,-11.7
1988-03-15T00:00:00,0.0,21.1,-6.1
1988-03-16T00:00:00,0.0,21.1,-5.6
1988-03-17T00:00:00,0.0,16.7,-2.8
1988-03-18T00:00:00,0.0,11.1,-10.0
1988-03-19T00:00:00,0.0,20.0,-5.6
1988-03-20T00:00:00,0.0,26.7,6.1
1988-03-21T00:00:00,0.0,28.9,6.1
1988-03-22T00:00:00,0.0,28.3,5.6
1988-03-23T00:00:00,0.0,26.1,8.3
1988-03-24T00:00:00,0.0,32.2,10.0
1988-03-25T00:00:00,0.0,30.0,1.7
1988-03-26T00:00:00,0.0,27.8,6.1
1988-03-27T00:00:00,0.0,27.2,4.4
1988-03-28T00:00:00,0.0,28.3,7.2
1988-03-29T00:00:00,0.0,25.0,-1.7
1988-03-30T00:00:00,0.0,25.0,-1.1
1988-03-31T00:00:00,0.0,22.2,0.6
1988-04-01T00:00:00,0.0,13.9,0.6
1988-04-02T00:00:00,0.0,25.6,1.7
1988-04-03T00:00:00,0.0,26.7,1.7
1988-04-04T00:00:00,0.0,30.0,6.1
1988-04-05T00:00:00,0.0,28.9,7.8
1988-04-06T00:00:00,0.0,23.3,1.1
1988-04-07T00:00:00,0.0,27.8,5.0
1988-04-08T00:00:00,0.0,29.4,12.2
1988-04-09T00:00:00,0.0,28.3,7.2
1988-04-10T00:00:00,0.0,15.6,-1.1
1988-04-11T00:00:00,0.0,23.3,-1.1
1988-04-12T00:00:00,0.0,27.2,-1.1
1988-04-13T00:00:00,0.0,29.4,4.4
1988-04-14T00:00:00,1.3,28.9,5.0
1988-04-15T00:00:00,0.0,26.1,6.7
1988-04-16T00:00:00,6.9,25.6,9.4
1988-04-17T00:00:00,0.0,18.9,6.1
1988-04-18T00:00:00,0.0,22.2,4.4
1988-04-19T00:00:00,0.0,27.8,4.4
1988-04-20T00:00:00,0.0,27.8,8.9
1988-04-21T00:00:00,0.0,26.7,10.0
1988-04-22T00:00:00,0.0,26.1,10.0
1988-04-23T00:00:00,0.0,25.0,1.7
1988-04-24T00:00:00,0.0,23.9,5.6
1988-04-25T00:00:00,0.0,27.8,4.4
1988-04-26T00:00:00,0.0,26.1,8.9
1988-04-27T00:00:00,0.0,22.8,3.3
1988-04-28T00:00:00,0.0,25.6,6.1
1988-04-29T00:00:00,0.8,27.2,10.0
1988-04-30T00:00:00,0.0,27.2,7.8
1988-05-01T00:00:00,0.0,28.9,8.9
1988-05-02T00:00:00,0.0,23.3,5.6
1988-05-03T00:00:00,0.0,22.8,1.7
1988-05-04T00:00:00,0.0,23.9,2.8
1988-05-05T00:00:00,0.5,29.4,8.3
1988-05-06T00:00:00,0.0,28.9,11.7
1988-05-07T00:00:00,0.0,26.1,10.6
1988-05-08T00:00:00,0.0,27.2,3.3
1988-05-09T00:00:00,0.0,29.4,6.7
1988-05-10T00:00:00,0.0,32.8,5.6
1988-05-11T00:00:00,0.0,32.2,6.1
1988-05-12T00:00:00,0.0,32.2,6.7
1988-05-13T00:00:00,0.0,32.2,8.3
1988-05-14T00:00:00,0.0,35.0,8.9
1988-05-15T00:00:00,0.0,38.3,14.4
1988-05-16T00:00:00,0.0,35.0,14.4
1988-05-17T00:00:00,0.0,32.8,15.0
1988-05-18T00:00:00,8.4,29.4,15.0
1988-05-19T00:00:00,11.4,21.1,10.6
1988-05-20T00:00:00,1.5,23.3,9.4
1988-05-21T00:00:00,0.0,22.8,11.1
1988-05-22T00:00:00,0.0,25.6,8.3
1988-05-23T00:00:00,0.0,31.1,6.1
1988-05-24T00:00:00,0.0,28.3,7.2
1988-05-25T00:00:00,0.0,26.7,8.9
1988-05-26T00:00:00,0.0,27.8,10.6
1988-05-27T00:00:00,0.0,31.7,12.2
1988-05-28T00:00:00,7.1,31.7,10.6
1988-05-29T00:00:00,0.0,33.9,12.2
1988-05-30T00:00:00,0.0,29.4,12.8
1988-05-31T00:00:00,0.0,27.2,10.0
1988-06-01T00:00:00,0.0,29.4,8.9
1988-06-02T00:00:00,0.0,33.3,12.2
1988-06-03T00:00:00,0.0,28.9,13.3
1988-06-04T00:00:00,0.0,29.4,11.1
1988-06-05T00:00:00,0.0,31.1,12.8
1988-06-06T00:00:00,1.5,33.3,13.9
1988-06-07T00:00:00,0.0,35.6,15.6
1988-06-08T00:00:00,0.0,38.3,18.3
1988-06-09T00:00:00,0.0,37.8,18.9
1988-06-10T00:00:00,45.7,37.8,17.2
1988-06-11T00:00:00,45.7,32.2,16.1
1988-06-12T00:00:00,0.0,28.9,15.0
1988-06-13T00:00:00,0.0,30.6,16.1
1988-06-14T00:00:00,0.0,28.9,15.0
1988-06-15T00:00:00,0.0,28.9,13.3
1988-06-16T00:00:00,0.0,30.0,14.4
1988-06-17T00:00:00,0.0,32.8,20.6
1988-06-18T00:00:00,0.0,33.3,20.0
1988-06-19T00:00:00,0.0,32.8,15.6
1988-06-20T00:00:00,0.0,33.3,15.0
1988-06-21T00:00:00,0.0,33.3,16.1
1988-06-22T00:00:00,0.0,35.0,17.8
1988-06-23T00:00:00,0.0,35.0,17.8
1988-06-24T00:00:00,0.0,32.8,17.2
1988-06-25T00:00:00,0.0,32.2,15.0
1988-06-26T00:00:00,4.6,29.4,17.8
1988-06-27T00:00:00,3.0,26.1,17.8
1988-06-28T00:00:00,0.0,32.2,17.8
1988-06-29T00:00:00,0.0,32.2,16.1
1988-06-30T00:00:00,35.6,35.0,16.1
1988-07-01T00:00:00,0.0,31.7,16.7
1988-07-02T00:00:00,0.0,30.0,15.6
1988-07-03T00:00:00,0.0,31.1,16.1
1988-07-04T00:00:00,0.0,31.7,17.8
1988-07-05T00:00:00,0.0,31.1,18.3
1988-07-06T00:00:00,4.1,30.0,18.9
1988-07-07T00:00:00,28.4,32.2,16.7
1988-07-08T00:00:00,0.0,28.9,16.1
1988-07-09T00:00:00,18.5,27.8,17.8
1988-07-10T00:00:00,0.8,23.9,15.6
1988-07-11T00:00:00,0.0,28.3,16.1
1988-07-12T00:00:00,0.0,33.9,17.2
1988-07-13T00:00:00,0.0,35.0,17.8
1988-07-14T00:00:00,1.3,35.0,17.8
1988-07-15T00:00:00,1.8,35.6,17.8
1988-07-16T00:00:00,7.1,34.4,18.3
1988-07-17T00:00:00,4.6,33.9,17.8
1988-07-18T00:00:00,0.0,32.8,18.3
1988-07-19T00:00:00,2.5,32.8,17.2
1988-07-20T00:00:00,34.5,21.1,16.1
1988-07-21T00:00:00,0.0,26.1,15.0
1988-07-22T00:00:00,0.0,29.4,12.2
1988-07-23T00:00:00,0.0,33.9,15.6
1988-07-24T00:00:00,0.0,34.4,15.6
1988-07-25T00:00:00,0.0,33.3,18.3
1988-07-26T00:00:00,0.0,32.8,16.7
1988-07-27T00:00:00,0.0,31.7,15.6
1988-07-28T00:00:00,0.0,32.2,17.8
1988-07-29T00:00:00,0.0,31.7,15.6
1988-07-30T00:00:00,0.0,32.2,14.4
1988-07-31T00:00:00,0.0,31.7,15.6
1988-08-01T00:00:00,0.0,31.7,16.1
1988-08-02T00:00:00,0.0,34.4,21.1
1988-08-03T00:00:00,0.0,32.2,17.8
1988-08-04T00:00:00,5.6,31.7,17.8
1988-08-05T00:00:00,3.0,30.6,18.9
1988-08-06T00:00:00,0.0,28.9,16.1
1988-08-07T00:00:00,0.0,30.6,17.2
1988-08-08T00:00:00,0.0,32.2,18.9
1988-08-09T00:00:00,8.1,29.4,17.2
1988-08-10T00:00:00,0.0,30.6,17.8
1988-08-11T00:00:00,0.0,32.2,17.8
1988-08-12T00:00:00,0.0,35.6,20.6
1988-08-13T00:00:00,0.0,36.1,18.3
1988-08-14T00:00:00,0.0,32.2,18.3
1988-08-15T00:00:00,0.0,32.2,17.2
1988-08-16T00:00:00,0.0,31.7,16.7
1988-08-17T00:00:00,0.0,31.7,16.1
1988-08-18T00:00:00,0.3,34.4,17.8
1988-08-19T00:00:00,0.0,35.0,18.9
1988-08-20T00:00:00,0.0,34.4,16.7
1988-08-21T00:00:00,0.0,35.0,18.3
1988-08-22T00:00:00,0.0,36.1,18.3
1988-08-23T00:00:00,0.0,34.4,21.1
1988-08-24T00:00:00,0.0,35.0,17.8
1988-08-25T00:00:00,1.0,35.0,20.6
1988-08-26T00:00:00,0.0,32.2,19.4
1988-08-27T00:00:00,1.8,33.9,17.8
1988-08-28T00:00:00,1.3,,13.3
1988-08-29T00:00:00,2.5,22.8,12.8
1988-08-30T00:00:00,0.0,25.0,15.6
1988-08-31T00:00:00,0.0,30.0,13.3
1988-09-01T00:00:00,4.1,28.3,15.6
1988-09-02T00:00:00,0.0,26.1,15.6
1988-09-03T00:00:00,0.0,25.6,16.1
1988-09-04T00:00:00,0.0,27.2,14.4
1988-09-05T00:00:00,0.0,27.2,10.0
1988-09-06T00:00:00,0.0,30.0,10.6
1988-09-07T00:00:00,0.0,33.9,10.6
1988-09-08T00:00:00,0.0,37.2,17.2
1988-09-09T00:00:00,0.0,33.9,14.4
1988-09-10T00:00:00,0.0,33.9,12.2
1988-09-11T00:00:00,0.0,33.9,11.7
1988-09-12T00:00:00,0.0,30.6,17.8
1988-09-13T00:00:00,0.0,28.9,15.0
1988-09-14T00:00:00,0.0,32.8,13.3
1988-09-15T00:00:00,0.0,33.3,11.7
1988-09-16T00:00:00,0.0,33.3,13.3
1988-09-17T00:00:00,0.0,29.4,10.0
1988-09-18T00:00:00,0.0,35.0,15.6
1988-09-19T00:00:00,0.0,27.8,13.3
1988-09-20T00:00:00,1.0,30.0,11.7
1988-09-21T00:00:00,30.0,28.9,15.6
1988-09-22T00:00:00,4.8,28.9,15.6
1988-09-23T00:00:00,4.8,27.8,12.8
1988-09-24T00:00:00,0.0,30.0,7.8
1988-09-25T00:00:00,0.0,32.2,10.0
1988-09-26T00:00:00,0.0,32.8,10.6
1988-09-27T00:00:00,0.0,33.9,12.8
1988-09-28T00:00:00,0.0,32.8,13.9
1988-09-29T00:00:00,0.0,25.6,10.6
1988-09-30T00:00:00,0.0,23.3,5.0
1988-10-01T00:00:00,0.0,29.4,7.2
1988-10-02T00:00:00,0.0,25.0,7.2
1988-10-03T00:00:00,0.0,24.4,6.1
1988-10-04T00:00:00,0.0,25.6,7.8
1988-10-05T00:00:00,0.0,25.6,7.2
1988-10-06T00:00:00,0.0,26.1,5.0
1988-10-07T00:00:00,0.0,23.9,8.9
1988-10-08T00:00:00,1.8,28.3,11.1
1988-10-09T00:00:00,1.5,26.1,10.0
1988-10-10T00:00:00,0.0,21.1,10.0
1988-10-11T00:00:00,0.0,22.8,10.0
1988-10-12T00:00:00,0.0,25.0,5.0
1988-10-13T00:00:00,0.0,27.2,6.7
1988-10-14T00:00:00,0.0,30.6,7.8
1988-10-15T00:00:00,0.0,29.4,12.8
1988-10-16T00:00:00,0.0,31.1,11.1
1988-10-17T00:00:00,0.0,33.3,12.8
1988-10-18T00:00:00,0.0,29.4,11.1
1988-10-19T00:00:00,0.0,29.4,8.9
1988-10-20T00:00:00,0.0,29.4,7.2
1988-10-21T00:00:00,0.0,27.2,12.2
1988-10-22T00:00:00,0.0,30.0,7.8
1988-10-23T00:00:00,0.0,26.7,6.7
1988-10-24T00:00:00,0.0,29.4,2.2
1988-10-25T00:00:00,0.0,29.4,11.1
1988-10-26T00:00:00,0.0,26.7,6.1
1988-10-27T00:00:00,0.0,31.7,8.3
1988-10-28T00:00:00,0.0,26.7,3.9
1988-10-29T00:00:00,0.0,25.6,4.4
1988-10-30T00:00:00,0.0,21.7,10.0
1988-10-31T00:00:00,0.0,24.4,3.3
1988-11-01T00:00:00,0.0,26.7,5.0
1988-11-02T00:00:00,0.0,28.3,11.7
1988-11-03T00:00:00,0.0,30.6,8.9
1988-11-04T00:00:00,0.0,31.1,8.3
1988-11-05T00:00:00,0.0,23.9,3.9
1988-11-06T00:00:00,0.0,30.6,1.7
1988-11-07T00:00:00,0.0,30.6,5.6
1988-11-08T00:00:00,0.0,29.4,10.6
1988-11-09T00:00:00,0.0,28.3,10.0
1988-11-10T00:00:00,0.0,22.2,2.2
1988-11-11T00:00:00,0.0,24.4,-1.1
1988-11-12T00:00:00,0.0,22.8,3.3
1988-11-13T00:00:00,0.0,26.7,8.3
1988-11-14T00:00:00,0.0,26.1,10.0
1988-11-15T00:00:00,0.0,18.3,9.4
1988-11-16T00:00:00,0.0,14.4,-3.9
1988-11-17T00:00:00,0.0,20.0,-3.9
1988-11-18T00:00:00,0.0,20.0,0.0
1988-11-19T00:00:00,0.0,16.7,0.6
1988-11-20T00:00:00,0.0,13.9,-6.7
1988-11-21T00:00:00,0.0,14.4,-5.0
1988-11-22T00:00:00,0.0,20.0,-2.8
1988-11-23T00:00:00,0.0,23.3,1.7
1988-11-24T00:00:00,0.0,22.8,0.0
1988-11-25T00:00:00,0.0,16.1,6.7
1988-11-26T00:00:00,0.0,13.9,5.0
1988-11-27T00:00:00,0.0,12.8,-3.9
1988-11-28T00:00:00,0.0,17.8,-7.8
1988-11-29T00:00:00,0.0,14.4,-9.4
1988-11-30T00:00:00,0.0,13.9,-6.1
1988-12-01T00:00:00,,17.8,-3.9
1988-12-02T00:00:00,,16.7,-1.7
1988-12-03T00:00:00,,21.1,-1.7
1988-12-04T00:00:00,,13.9,0.6
1988-12-05T00:00:00,,17.2,-2.2
1988-12-06T00:00:00,,20.6,0.6
1988-12-07T00:00:00,,16.1,-2.2
1988-12-08T00:00:00,16.5,0.0,-6.1
1988-12-09T00:00:00,,1.7,-5.0
1988-12-10T00:00:00,6.4,3.9,0.6
1988-12-11T00:00:00,,16.1,-1.1
1988-12-12T00:00:00,,16.1,-3.9
1988-12-13T00:00:00,,17.2,-2.2
1988-12-14T00:00:00,,17.8,5.0
1988-12-15T00:00:00,,12.8,-2.8
1988-12-16T00:00:00,,11.1,-7.8
1988-12-17T00:00:00,,10.6,-2.2
1988-12-18T00:00:00,0.0,11.7,-2.8
1988-12-19T00:00:00,0.0,14.4,4.4
1988-12-20T00:00:00,,13.3,-1.1
1988-12-21T00:00:00,,17.2,-3.9
1988-12-22T00:00:00,,16.1,2.2
1988-12-23T00:00:00,,16.7,0.0
1988-12-24T00:00:00,,13.9,-6.7
1988-12-25T00:00:00,,20.0,-3.9
1988-12-26T00:00:00,,16.7,-5.0
1988-12-27T00:00:00,,8.9,-10.6
1988-12-28T00:00:00,,7.2,-12.2
1988-12-29T00:00:00,,10.0,-10.0
1988-12-30T00:00:00,,17.2,-3.3
1988-12-31T00:00:00,,10.0,-6.7
1989-01-01T00:00:00,0.0,16.7,0.6
1989-01-02T00:00:00,0.0,16.7,4.4
1989-01-03T00:00:00,0.0,17.8,2.2
1989-01-04T00:00:00,0.0,19.4,5.6
1989-01-05T00:00:00,0.0,18.9,1.7
1989-01-06T00:00:00,0.0,17.2,0.0
1989-01-07T00:00:00,0.0,13.9,0.0
1989-01-08T00:00:00,0.0,6.7,-7.2
1989-01-09T00:00:00,0.0,13.3,-9.4
1989-01-10T00:00:00,0.0,18.9,-2.2
1989-01-11T00:00:00,0.0,20.0,-3.9
1989-01-12T00:00:00,0.0,10.0,-5.0
1989-01-13T00:00:00,0.0,4.4,-3.3
1989-01-14T00:00:00,0.0,16.7,-8.3
1989-01-15T00:00:00,0.0,15.0,-4.4
1989-01-16T00:00:00,0.0,15.0,-8.3
1989-01-17T00:00:00,0.0,21.7,-1.7
1989-01-18T00:00:00,0.0,17.2,0.6
1989-01-19T00:00:00,0.0,18.9,-2.8
1989-01-20T00:00:00,0.0,13.3,-0.6
1989-01-21T00:00:00,0.0,16.1,-6.1
1989-01-22T00:00:00,0.0,18.3,1.1
1989-01-23T00:00:00,0.0,20.6,2.8
1989-01-24T00:00:00,0.0,19.4,3.3
1989-01-25T00:00:00,0.0,18.3,-1.1
1989-01-26T00:00:00,0.8,16.7,0.6
1989-01-27T00:00:00,2.5,3.9,0.6
1989-01-28T00:00:00,0.0,10.0,-4.4
1989-01-29T00:00:00,0.0,12.8,-1.7
1989-01-30T00:00:00,0.0,20.0,-2.8
1989-01-31T00:00:00,0.0,26.1,1.7
1989-02-01T00:00:00,0.0,17.2,-4.4
1989-02-02T00:00:00,0.0,12.8,-1.7
1989-02-03T00:00:00,0.0,18.3,-11.7
1989-02-04T00:00:00,0.0,1.1,-14.4
1989-02-05T00:00:00,0.0,5.0,-13.3
1989-02-06T00:00:00,5.8,4.4,-15.6
1989-02-07T00:00:00,0.0,-1.1,-12.8
1989-02-08T00:00:00,0.0,3.3,-11.7
1989-02-09T00:00:00,0.0,8.9,-7.2
1989-02-10T00:00:00,0.0,21.1,-3.3
1989-02-11T00:00:00,0.0,22.8,0.6
1989-02-12T00:00:00,0.0,22.2,-1.7
1989-02-13T00:00:00,0.0,17.8,0.6
1989-02-14T00:00:00,0.0,17.2,2.2
1989-02-15T00:00:00,0.0,17.2,6.7
1989-02-16T00:00:00,11.2,15.6,0.0
1989-02-17T00:00:00,0.0,9.4,0.0
1989-02-18T00:00:00,0.0,13.3,3.9
1989-02-19T00:00:00,0.0,20.0,-1.1
1989-02-20T00:00:00,0.0,19.4,4.4
1989-02-21T00:00:00,0.0,14.4,-1.1
1989-02-22T00:00:00,0.0,17.8,-2.8
1989-02-23T00:00:00,0.0,20.6,-3.3
1989-02-24T00:00:00,0.0,25.6,5.0
1989-02-25T00:00:00,0.0,28.9,7.2
1989-02-26T00:00:00,0.0,30.0,9.4
1989-02-27T00:00:00,0.0,26.1,8.9
1989-02-28T00:00:00,0.0,22.8,0.6
1989-03-01T00:00:00,0.0,14.4,2.8
1989-03-02T00:00:00,0.0,22.8,-2.2
1989-03-03T00:00:00,0.0,20.0,4.4
1989-03-04T00:00:00,2.8,17.8,-10.0
1989-03-05T00:00:00,0.0,6.7,-10.0
1989-03-06T00:00:00,0.0,13.9,-7.2
1989-03-07T00:00:00,0.0,20.0,-3.9
1989-03-08T00:00:00,0.0,25.6,-1.1
1989-03-09T00:00:00,0.0,27.2,2.8
1989-03-10T00:00:00,0.0,29.4,5.0
1989-03-11T00:00:00,0.0,32.8,8.9
1989-03-12T00:00:00,0.0,33.3,8.9
1989-03-13T00:00:00,0.0,31.1,8.3
1989-03-14T00:00:00,0.0,31.1,11.1
1989-03-15T00:00:00,0.0,21.1,2.8
1989-03-16T00:00:00,0.0,26.7,-1.7
1989-03-17T00:00:00,0.0,31.7,7.8
1989-03-18T00:00:00,0.0,24.4,8.9
1989-03-19T00:00:00,0.0,27.8,-0.6
1989-03-20T00:00:00,0.0,23.9,7.8
1989-03-21T00:00:00,2.5,10.6,-4.4
1989-03-22T00:00:00,0.0,23.9,0.0
1989-03-23T00:00:00,0.0,25.6,6.7
1989-03-24T00:00:00,0.0,26.7,6.7
1989-03-25T00:00:00,0.0,25.6,7.2
1989-03-26T00:00:00,0.0,23.9,6.1
1989-03-27T00:00:00,0.0,21.1,5.6
1989-03-28T00:00:00,0.0,23.9,2.8
1989-03-29T00:00:00,0.0,30.6,7.8
1989-03-30T00:00:00,0.0,26.7,6.7
1989-03-31T00:00:00,0.0,20.6,1.1
1989-04-01T00:00:00,0.0,29.4,3.3
1989-04-02T00:00:00,0.0,30.0,6.7
1989-04-03T00:00:00,0.0,30.6,13.9
1989-04-04T00:00:00,0.0,21.7,6.7
1989-04-05T00:00:00,0.0,22.2,2.8
1989-04-06T00:00:00,0.0,29.4,5.6
1989-04-07T00:00:00,0.0,33.9,10.6
1989-04-08T00:00:00,0.0,25.6,8.3
1989-04-09T00:00:00,0.0,22.8,4.4
1989-04-10T00:00:00,0.0,17.8,-1.7
1989-04-11T00:00:00,0.0,26.1,-4.4
1989-04-12T00:00:00,2.5,24.4,1.1
1989-04-13T00:00:00,0.0,17.2,5.6
1989-04-14T00:00:00,0.0,26.1,2.2
1989-04-15T00:00:00,0.0,29.4,8.3
1989-04-16T00:00:00,0.0,32.8,13.3
1989-04-17T00:00:00,0.0,34.4,14.4
1989-04-18T00:00:00,0.0,32.2,10.6
1989-04-19T00:00:00,0.0,28.3,12.2
1989-04-20T00:00:00,0.0,32.8,10.0
1989-04-21T00:00:00,0.0,37.8,15.0
1989-04-22T00:00:00,0.0,34.4,13.9
1989-04-23T00:00:00,0.0,33.3,12.8
1989-04-24T00:00:00,0.0,31.7,11.1
1989-04-25T00:00:00,0.0,27.8,13.3
1989-04-26T00:00:00,0.0,29.4,6.1
1989-04-27T00:00:00,0.0,27.2,9.4
1989-04-28T00:00:00,0.0,27.8,7.2
1989-04-29T00:00:00,0.0,25.6,1.7
1989-04-30T00:00:00,0.0,25.6,6.1
1989-05-01T00:00:00,0.0,22.8,6.7
1989-05-02T00:00:00,0.0,34.4,5.6
1989-05-03T00:00:00,0.0,34.4,11.7
1989-05-04T00:00:00,0.0,36.1,14.4
1989-05-05T00:00:00,0.0,30.6,7.2
1989-05-06T00:00:00,0.0,31.1,11.1
1989-05-07T00:00:00,0.0,36.7,12.2
1989-05-08T00:00:00,0.0,39.4,18.9
1989-05-09T00:00:00,0.0,30.6,15.0
1989-05-10T00:00:00,8.4,27.8,12.8
1989-05-11T00:00:00,0.5,27.8,12.8
1989-05-12T00:00:00,0.0,26.7,11.7
1989-05-13T00:00:00,0.0,28.9,6.7
1989-05-14T00:00:00,0.0,28.3,8.3
1989-05-15T00:00:00,0.0,29.4,6.1
1989-05-16T00:00:00,0.0,29.4,9.4
1989-05-17T00:00:00,0.0,23.9,8.9
1989-05-18T00:00:00,2.8,21.1,6.1
1989-05-19T00:00:00,0.0,31.1,10.0
1989-05-20T00:00:00,0.0,36.1,10.0
1989-05-21T00:00:00,0.0,36.7,8.9
1989-05-22T00:00:00,0.0,37.2,9.4
1989-05-23T00:00:00,0.0,35.6,17.8
1989-05-24T00:00:00,0.0,38.9,16.7
1989-05-25T00:00:00,0.0,36.1,16.1
1989-05-26T00:00:00,0.0,31.7,13.3
1989-05-27T00:00:00,0.0,30.6,12.2
1989-05-28T00:00:00,0.0,33.3,16.1
1989-05-29T00:00:00,0.0,34.4,19.4
1989-05-30T00:00:00,0.0,33.9,12.8
1989-05-31T00:00:00,0.0,34.4,16.1
1989-06-01T00:00:00,0.0,32.2,12.8
1989-06-02T00:00:00,0.0,34.4,14.4
1989-06-03T00:00:00,0.0,31.7,11.7
1989-06-04T00:00:00,0.0,28.9,13.3
1989-06-05T00:00:00,0.0,28.3,12.8
1989-06-06T00:00:00,0.0,32.2,13.3
1989-06-07T00:00:00,0.0,32.8,15.6
1989-06-08T00:00:00,0.0,32.2,13.9
1989-06-09T00:00:00,0.0,30.6,16.1
1989-06-10T00:00:00,14.0,28.3,12.8
1989-06-11T00:00:00,0.0,34.4,12.2
1989-06-12T00:00:00,0.0,35.6,15.6
1989-06-13T00:00:00,0.0,33.3,15.0
1989-06-14T00:00:00,0.0,27.8,11.7
1989-06-15T00:00:00,4.3,28.9,13.9
1989-06-16T00:00:00,0.0,37.8,13.3
1989-06-17T00:00:00,0.0,40.0,20.0
1989-06-18T00:00:00,0.0,37.2,19.4
1989-06-19T00:00:00,0.0,37.2,15.0
1989-06-20T00:00:00,7.4,38.3,15.6
1989-06-21T00:00:00,0.0,36.1,21.7
1989-06-22T00:00:00,0.0,26.7,13.9
1989-06-23T00:00:00,0.0,28.9,12.2
1989-06-24T00:00:00,0.0,33.3,16.7
1989-06-25T00:00:00,0.0,33.3,17.2
1989-06-26T00:00:00,0.0,34.4,15.6
1989-06-27T00:00:00,0.0,36.1,15.6
1989-06-28T00:00:00,0.0,,
1989-06-29T00:00:00,0.0,36.1,16.7
1989-06-30T00:00:00,0.0,33.3,17.8
1989-07-01T00:00:00,0.0,41.7,19.4
1989-07-02T00:00:00,0.0,43.9,19.4
1989-07-03T00:00:00,0.0,36.1,20.6
1989-07-04T00:00:00,0.0,34.4,17.8
1989-07-05T00:00:00,0.0,33.3,17.2
1989-07-06T00:00:00,0.0,34.4,16.1
1989-07-07T00:00:00,0.0,35.6,16.1
1989-07-08T00:00:00,0.0,34.4,15.0
1989-07-09T00:00:00,2.8,32.8,18.9
1989-07-10T00:00:00,0.0,34.4,18.9
1989-07-11T00:00:00,0.0,32.2,17.2
1989-07-12T00:00:00,0.0,36.1,18.9
1989-07-13T00:00:00,0.0,32.8,19.4
1989-07-14T00:00:00,0.0,36.1,18.9
1989-07-15T00:00:00,9.7,33.9,17.8
1989-07-16T00:00:00,0.0,36.1,21.7
1989-07-17T00:00:00,0.0,39.4,21.1
1989-07-18T00:00:00,0.0,38.3,21.1
1989-07-19T00:00:00,0.0,33.9,20.6
1989-07-20T00:00:00,0.0,33.9,20.0
1989-07-21T00:00:00,7.4,33.3,17.2
1989-07-22T00:00:00,0.0,33.9,16.1
1989-07-23T00:00:00,1.0,31.1,18.3
1989-07-24T00:00:00,0.0,28.3,18.3
1989-07-25T00:00:00,0.0,27.8,17.8
1989-07-26T00:00:00,0.0,30.0,16.7
1989-07-27T00:00:00,0.0,30.6,15.0
1989-07-28T00:00:00,8.9,31.7,15.0
1989-07-29T00:00:00,0.8,31.1,15.6
1989-07-30T00:00:00,0.0,31.7,16.1
1989-07-31T00:00:00,0.0,30.6,15.6
1989-08-01T00:00:00,0.0,33.9,19.4
1989-08-02T00:00:00,0.0,36.1,19.4
1989-08-03T00:00:00,0.5,37.8,18.3
1989-08-04T00:00:00,0.0,37.8,20.0
1989-08-05T00:00:00,0.0,37.2,21.1
1989-08-06T00:00:00,0.0,32.8,20.0
1989-08-07T00:00:00,83.8,27.8,15.6
1989-08-08T00:00:00,0.0,25.6,13.3
1989-08-09T00:00:00,0.0,30.0,13.9
1989-08-10T00:00:00,0.0,34.4,14.4
1989-08-11T00:00:00,0.0,34.4,16.1
1989-08-12T00:00:00,0.0,32.2,14.4
1989-08-13T00:00:00,0.0,32.8,19.4
1989-08-14T00:00:00,4.6,32.2,16.7
1989-08-15T00:00:00,0.0,32.8,16.1
1989-08-16T00:00:00,0.0,34.4,18.3
1989-08-17T00:00:00,4.1,32.8,17.2
1989-08-18T00:00:00,0.0,30.6,16.1
1989-08-19T00:00:00,0.0,32.8,17.8
1989-08-20T00:00:00,0.0,30.0,17.2
1989-08-21T00:00:00,0.0,33.3,17.2
1989-08-22T00:00:00,0.0,32.2,18.3
1989-08-23T00:00:00,0.0,32.8,20.0
1989-08-24T00:00:00,0.0,32.2,16.1
1989-08-25T00:00:00,0.0,34.4,18.3
1989-08-26T00:00:00,0.5,33.3,17.2
1989-08-27T00:00:00,4.1,28.9,17.8
1989-08-28T00:00:00,25.4,26.7,17.2
1989-08-29T00:00:00,0.0,28.9,17.8
1989-08-30T00:00:00,0.0,30.0,17.8
1989-08-31T00:00:00,15.7,30.6,17.2
1989-09-01T00:00:00,0.0,31.7,16.7
1989-09-02T00:00:00,0.0,32.2,18.3
1989-09-03T00:00:00,0.0,33.3,18.3
1989-09-04T00:00:00,0.0,,
1989-09-05T00:00:00,0.0,,
1989-09-06T00:00:00,0.0,34.4,16.1
1989-09-07T00:00:00,0.0,,
1989-09-08T00:00:00,0.0,34.4,17.2
1989-09-09T00:00:00,0.0,28.9,15.6
1989-09-10T00:00:00,0.0,23.3,16.1
1989-09-11T00:00:00,0.0,27.2,13.3
1989-09-12T00:00:00,0.0,28.9,15.6
1989-09-13T00:00:00,0.0,26.1,6.7
1989-09-14T00:00:00,4.3,20.6,9.4
1989-09-15T00:00:00,0.0,28.9,7.8
1989-09-16T00:00:00,0.0,30.0,9.4
1989-09-17T00:00:00,0.0,30.6,10.0
1989-09-18T00:00:00,0.0,33.3,11.1
1989-09-19T00:00:00,0.0,32.2,11.1
1989-09-20T00:00:00,0.0,30.6,13.3
1989-09-21T00:00:00,0.0,32.2,12.8
1989-09-22T00:00:00,3.0,,
1989-09-23T00:00:00,0.0,22.8,3.3
1989-09-24T00:00:00,0.0,27.2,6.7
1989-09-25T00:00:00,0.0,30.0,7.2
1989-09-26T00:00:00,0.0,30.0,7.2
1989-09-27T00:00:00,0.0,25.6,5.0
1989-09-28T00:00:00,0.0,28.3,5.6
1989-09-29T00:00:00,0.0,31.7,8.9
1989-09-30T00:00:00,0.0,33.3,13.9
1989-10-01T00:00:00,0.0,34.4,10.6
1989-10-02T00:00:00,0.0,27.8,13.3
1989-10-03T00:00:00,0.0,30.6,8.9
1989-10-04T00:00:00,0.0,28.3,8.9
1989-10-05T00:00:00,0.0,,
1989-10-06T00:00:00,0.0,28.9,11.1
1989-10-07T00:00:00,0.0,25.0,6.7
1989-10-08T00:00:00,0.0,23.9,7.8
1989-10-09T00:00:00,0.0,28.3,9.4
1989-10-10T00:00:00,0.0,29.4,10.6
1989-10-11T00:00:00,0.0,33.3,11.1
1989-10-12T00:00:00,0.0,33.9,12.8
1989-10-13T00:00:00,0.0,32.8,10.6
1989-10-14T00:00:00,0.0,33.9,10.0
1989-10-15T00:00:00,0.0,29.4,12.2
1989-10-16T00:00:00,0.0,26.7,7.2
1989-10-17T00:00:00,0.0,19.4,3.3
1989-10-18T00:00:00,0.0,12.2,3.9
1989-10-19T00:00:00,0.0,19.4,-3.9
1989-10-20T00:00:00,0.0,,-1.7
1989-10-21T00:00:00,0.0,27.8,
1989-10-22T00:00:00,0.0,28.9,12.2
1989-10-23T00:00:00,0.0,28.9,10.6
1989-10-24T00:00:00,0.0,28.9,7.2
1989-10-25T00:00:00,6.6,27.2,5.6
1989-10-26T00:00:00,0.0,26.7,9.4
1989-10-27T00:00:00,0.0,26.1,6.1
1989-10-28T00:00:00,0.0,25.6,5.6
1989-10-29T00:00:00,0.0,22.8,3.3
1989-10-30T00:00:00,0.0,15.0,-1.7
1989-10-31T00:00:00,0.0,20.0,-2.2
1989-11-01T00:00:00,0.0,17.8,5.6
1989-11-02T00:00:00,0.0,12.8,-7.2
1989-11-03T00:00:00,0.0,21.1,-4.4
1989-11-04T00:00:00,0.0,28.3,5.0
1989-11-05T00:00:00,0.0,25.6,6.7
1989-11-06T00:00:00,0.0,25.0,9.4
1989-11-07T00:00:00,0.0,26.7,5.0
1989-11-08T00:00:00,0.0,19.4,6.1
1989-11-09T00:00:00,0.0,24.4,2.8
1989-11-10T00:00:00,0.0,23.9,3.3
1989-11-11T00:00:00,0.0,27.2,3.3
1989-11-12T00:00:00,0.0,26.7,2.8
1989-11-13T00:00:00,0.0,26.7,8.9
1989-11-14T00:00:00,0.0,26.7,7.2
1989-11-15T00:00:00,0.0,18.3,1.1
1989-11-16T00:00:00,0.0,13.9,-5.0
1989-11-17T00:00:00,0.0,19.4,0.0
1989-11-18T00:00:00,0.0,18.9,-2.2
1989-11-19T00:00:00,0.0,21.1,0.0
1989-11-20T00:00:00,0.0,24.4,3.9
1989-11-21T00:00:00,0.0,23.3,8.3
1989-11-22T00:00:00,0.0,18.3,8.3
1989-11-23T00:00:00,0.0,21.1,-2.2
1989-11-24T00:00:00,0.0,22.2,4.4
1989-11-25T00:00:00,0.0,25.6,10.0
1989-11-26T00:00:00,0.0,23.9,6.1
1989-11-27T00:00:00,0.0,21.1,6.7
1989-11-28T00:00:00,0.0,12.2,-4.4
1989-11-29T00:00:00,0.0,4.4,-3.9
1989-11-30T00:00:00,0.0,7.8,-0.6
1989-12-01T00:00:00,0.0,10.6,-3.9
1989-12-02T00:00:00,0.0,7.8,-2.8
1989-12-03T00:00:00,0.0,13.3,-3.9
1989-12-04T00:00:00,0.0,20.0,3.3
1989-12-05T00:00:00,0.0,24.4,2.8
1989-12-06T00:00:00,0.0,17.2,5.6
1989-12-07T00:00:00,0.0,15.0,-3.3
1989-12-08T00:00:00,0.0,13.3,-7.8
1989-12-09T00:00:00,0.0,21.1,2.2
1989-12-10T00:00:00,0.0,,
1989-12-11T00:00:00,0.0,,
1989-12-12T00:00:00,0.0,,
1989-12-13T00:00:00,0.0,,
1989-12-14T00:00:00,0.0,,
1989-12-15T00:00:00,0.0,,
1989-12-16T00:00:00,0.0,,
1989-12-17T00:00:00,0.0,21.1,-12.8
1989-12-18T00:00:00,0.0,16.7,-9.4
1989-12-19T00:00:00,0.0,15.6,-12.8
1989-12-20T00:00:00,0.0,20.0,-5.6
1989-12-21T00:00:00,0.0,16.7,-8.9
1989-12-22T00:00:00,0.0,-7.2,-15.6
1989-12-23T00:00:00,0.0,5.6,-16.7
1989-12-24T00:00:00,0.0,14.4,-3.9
1989-12-25T00:00:00,0.0,16.1,-3.3
1989-12-26T00:00:00,0.0,18.9,-2.2
1989-12-27T00:00:00,0.0,16.7,-2.8
1989-12-28T00:00:00,0.0,19.4,5.6
1989-12-29T00:00:00,1.0,12.2,1.1
1989-12-30T00:00:00,0.3,10.0,-3.9
1989-12-31T00:00:00,0.5,11.7,-2.8
1990-01-01T00:00:00,0.0,13.3,-5.0
1990-01-02T00:00:00,0.0,15.0,-2.8
1990-01-03T00:00:00,0.0,13.9,-1.7
1990-01-04T00:00:00,0.0,8.9,-7.2
1990-01-05T00:00:00,0.0,11.7,-8.9
1990-01-06T00:00:00,0.0,10.0,-6.7
1990-01-07T00:00:00,0.0,20.0,-3.9
1990-01-08T00:00:00,0.0,21.7,1.7
1990-01-09T00:00:00,0.0,22.2,2.8
1990-01-10T00:00:00,0.0,23.3,2.8
1990-01-11T00:00:00,0.0,21.7,4.4
1990-01-12T00:00:00,0.0,20.6,-6.1
1990-01-13T00:00:00,0.0,19.4,-3.3
1990-01-14T00:00:00,0.0,20.6,4.4
1990-01-15T00:00:00,0.0,20.6,0.6
1990-01-16T00:00:00,0.0,20.6,0.0
1990-01-17T00:00:00,0.0,17.8,-4.4
1990-01-18T00:00:00,2.8,15.6,0.6
1990-01-19T00:00:00,4.1,6.7,-3.3
1990-01-20T00:00:00,0.0,10.0,-5.0
1990-01-21T00:00:00,0.0,13.3,-6.1
1990-01-22T00:00:00,0.0,18.3,-2.8
1990-01-23T00:00:00,0.0,18.3,6.1
1990-01-24T00:00:00,0.0,18.3,3.9
1990-01-25T00:00:00,0.0,14.4,-8.3
1990-01-26T00:00:00,0.0,20.6,1.1
1990-01-27T00:00:00,0.0,18.3,3.3
1990-01-28T00:00:00,0.0,12.8,-9.4
1990-01-29T00:00:00,0.0,17.2,-6.7
1990-01-30T00:00:00,0.0,20.0,-1.1
1990-01-31T00:00:00,0.0,20.6,-0.6
1990-02-01T00:00:00,0.0,15.6,0.0
1990-02-02T00:00:00,0.0,13.3,2.2
1990-02-03T00:00:00,0.0,11.7,-1.7
1990-02-04T00:00:00,0.0,16.1,-6.7
1990-02-05T00:00:00,0.0,15.6,-7.8
1990-02-06T00:00:00,0.0,18.9,-5.0
1990-02-07T00:00:00,0.0,20.6,-1.7
1990-02-08T00:00:00,0.0,20.0,4.4
1990-02-09T00:00:00,0.0,16.7,3.3
1990-02-10T00:00:00,0.0,18.3,-1.7
1990-02-11T00:00:00,0.0,22.2,3.9
1990-02-12T00:00:00,0.0,23.9,1.1
1990-02-13T00:00:00,0.0,23.3,8.9
1990-02-14T00:00:00,0.0,19.4,7.8
1990-02-15T00:00:00,0.0,10.6,1.1
1990-02-16T00:00:00,0.0,10.0,-10.6
1990-02-17T00:00:00,0.0,17.2,-7.8
1990-02-18T00:00:00,0.0,18.3,-5.0
1990-02-19T00:00:00,0.0,15.6,-1.7
1990-02-20T00:00:00,0.0,14.4,-4.4
1990-02-21T00:00:00,0.0,17.2,-8.3
1990-02-22T00:00:00,0.0,17.2,-1.1
1990-02-23T00:00:00,0.0,20.0,-4.4
1990-02-24T00:00:00,0.0,21.1,0.6
1990-02-25T00:00:00,0.0,25.6,0.0
1990-02-26T00:00:00,0.0,22.8,3.9
1990-02-27T00:00:00,1.5,22.8,4.4
1990-02-28T00:00:00,10.2,5.6,-0.6
1990-03-01T00:00:00,0.0,10.0,0.0
1990-03-02T00:00:00,0.0,21.1,1.1
1990-03-03T00:00:00,0.0,16.7,0.6
1990-03-04T00:00:00,0.0,25.0,4.4
1990-03-05T00:00:00,0.0,23.3,10.0
1990-03-06T00:00:00,0.0,22.8,6.7
1990-03-07T00:00:00,0.0,21.1,-3.3
1990-03-08T00:00:00,0.0,25.6,-0.6
1990-03-09T00:00:00,0.0,26.7,7.2
1990-03-10T00:00:00,1.3,21.1,8.3
1990-03-11T00:00:00,4.3,16.7,4.4
1990-03-12T00:00:00,0.0,23.3,7.2
1990-03-13T00:00:00,0.0,22.2,8.9
1990-03-14T00:00:00,0.0,18.9,-2.8
1990-03-15T00:00:00,0.0,14.4,-2.2
1990-03-16T00:00:00,0.0,21.1,-2.8
1990-03-17T00:00:00,0.0,22.2,-1.1
1990-03-18T00:00:00,0.0,22.2,2.8
1990-03-19T00:00:00,0.0,18.9,-0.6
1990-03-20T00:00:00,0.0,24.4,-2.2
1990-03-21T00:00:00,0.0,30.0,9.4
1990-03-22T00:00:00,0.0,27.8,7.8
1990-03-23T00:00:00,0.0,26.1,6.1
1990-03-24T00:00:00,0.8,13.9,-1.1
1990-03-25T00:00:00,0.0,11.1,-1.1
1990-03-26T00:00:00,0.0,11.1,1.1
1990-03-27T00:00:00,0.0,22.2,-0.6
1990-03-28T00:00:00,0.0,23.9,3.9
1990-03-29T00:00:00,9.7,19.4,5.6
1990-03-30T00:00:00,5.3,13.3,3.9
1990-03-31T00:00:00,0.0,19.4,1.1
1990-04-01T00:00:00,1.3,20.0,6.7
1990-04-02T00:00:00,3.3,13.3,5.0
1990-04-03T00:00:00,0.0,20.0,6.1
1990-04-04T00:00:00,0.0,26.1,6.7
1990-04-05T00:00:00,0.0,26.1,7.8
1990-04-06T00:00:00,0.0,21.1,2.2
1990-04-07T00:00:00,0.0,23.3,-1.7
1990-04-08T00:00:00,0.0,25.6,1.1
1990-04-09T00:00:00,0.0,27.8,7.2
1990-04-10T00:00:00,0.0,25.6,6.1
1990-04-11T00:00:00,0.0,22.2,2.8
1990-04-12T00:00:00,1.8,26.1,5.6
1990-04-13T00:00:00,0.0,31.7,5.6
1990-04-14T00:00:00,0.0,26.7,7.2
1990-04-15T00:00:00,0.0,27.8,11.7
1990-04-16T00:00:00,0.0,31.1,7.2
1990-04-17T00:00:00,0.0,28.9,6.1
1990-04-18T00:00:00,9.4,10.0,5.0
1990-04-19T00:00:00,0.0,24.4,6.7
1990-04-20T00:00:00,0.0,27.8,7.2
1990-04-21T00:00:00,,,
1990-04-22T00:00:00,,26.7,9.4
1990-04-23T00:00:00,0.0,25.0,7.8
1990-04-24T00:00:00,0.0,25.6,7.8
1990-04-25T00:00:00,0.0,22.8,6.1
1990-04-26T00:00:00,0.0,26.1,6.1
1990-04-27T00:00:00,0.0,28.3,11.7
1990-04-28T00:00:00,0.0,30.6,11.1
1990-04-29T00:00:00,0.0,,6.7
1990-04-30T00:00:00,0.0,29.4,
1990-05-01T00:00:00,0.0,,
1990-05-02T00:00:00,12.7,,
1990-05-03T00:00:00,0.0,18.9,2.2
1990-05-04T00:00:00,0.0,21.1,3.3
1990-05-05T00:00:00,0.0,22.8,5.0
1990-05-06T00:00:00,0.0,23.9,5.0
1990-05-07T00:00:00,0.0,29.4,5.6
1990-05-08T00:00:00,0.0,29.4,15.0
1990-05-09T00:00:00,0.0,28.3,9.4
1990-05-10T00:00:00,0.0,26.7,6.7
1990-05-11T00:00:00,0.0,27.8,5.6
1990-05-12T00:00:00,0.0,31.1,6.7
1990-05-13T00:00:00,0.0,31.1,10.0
1990-05-14T00:00:00,0.0,,
1990-05-15T00:00:00,0.0,31.1,
1990-05-16T00:00:00,0.0,,11.7
1990-05-17T00:00:00,0.0,,
1990-05-18T00:00:00,0.0,,
1990-05-19T00:00:00,0.0,31.1,10.0
1990-05-20T00:00:00,0.0,32.2,10.0
1990-05-21T00:00:00,0.0,32.2,9.4
1990-05-22T00:00:00,0.0,,
1990-05-23T00:00:00,0.0,35.0,20.6
1990-05-24T00:00:00,0.0,36.1,14.4
1990-05-25T00:00:00,0.0,33.9,16.7
1990-05-26T00:00:00,0.0,36.1,10.6
1990-05-27T00:00:00,0.0,33.3,16.7
1990-05-28T00:00:00,0.0,28.9,17.8
1990-05-29T00:00:00,0.0,,
1990-05-30T00:00:00,0.0,31.1,12.2
1990-05-31T00:00:00,0.0,33.3,13.9
1990-06-01T00:00:00,0.0,32.8,10.6
1990-06-02T00:00:00,0.0,32.2,11.7
1990-06-03T00:00:00,0.0,38.9,12.2
1990-06-04T00:00:00,0.0,35.0,20.0
1990-06-05T00:00:00,0.0,42.2,19.4
1990-06-06T00:00:00,0.0,40.6,18.3
1990-06-07T00:00:00,0.0,38.3,20.0
1990-06-08T00:00:00,0.0,39.4,19.4
1990-06-09T00:00:00,0.0,35.0,16.7
1990-06-10T00:00:00,0.0,33.3,15.0
1990-06-11T00:00:00,10.4,34.4,17.2
1990-06-12T00:00:00,0.0,35.0,17.2
1990-06-13T00:00:00,0.0,,
1990-06-14T00:00:00,0.0,36.1,20.0
1990-06-15T00:00:00,0.0,36.1,19.4
1990-06-16T00:00:00,0.0,35.0,17.2
1990-06-17T00:00:00,0.0,38.9,16.7
1990-06-18T00:00:00,0.0,37.2,18.3
1990-06-19T00:00:00,0.0,40.0,16.1
1990-06-20T00:00:00,0.0,,
1990-06-21T00:00:00,0.0,37.8,17.8
1990-06-22T00:00:00,0.0,37.8,18.3
1990-06-23T00:00:00,0.0,38.3,20.0
1990-06-24T00:00:00,0.0,42.2,16.7
1990-06-25T00:00:00,0.0,43.3,20.6
1990-06-26T00:00:00,0.0,40.0,20.6
1990-06-27T00:00:00,0.0,38.9,20.0
1990-06-28T00:00:00,0.0,40.6,19.4
1990-06-29T00:00:00,0.0,35.6,16.7
1990-06-30T00:00:00,0.0,36.1,17.2
1990-07-01T00:00:00,0.0,35.6,16.7
1990-07-02T00:00:00,0.0,35.0,17.2
1990-07-03T00:00:00,0.0,34.4,20.6
1990-07-04T00:00:00,0.0,36.7,21.1
1990-07-05T00:00:00,0.0,33.9,16.7
1990-07-06T00:00:00,0.0,35.0,18.9
1990-07-07T00:00:00,0.0,35.0,20.6
1990-07-08T00:00:00,0.0,33.3,18.3
1990-07-09T00:00:00,0.0,35.0,20.6
1990-07-10T00:00:00,0.0,35.6,17.8
1990-07-11T00:00:00,0.0,35.6,18.3
1990-07-12T00:00:00,4.1,27.8,18.3
1990-07-13T00:00:00,0.0,28.3,17.8
1990-07-14T00:00:00,0.0,27.8,
1990-07-15T00:00:00,2.8,33.3,16.7
1990-07-16T00:00:00,0.0,32.2,17.8
1990-07-17T00:00:00,0.0,30.0,16.1
1990-07-18T00:00:00,0.0,31.7,19.4
1990-07-19T00:00:00,0.0,29.4,17.8
1990-07-20T00:00:00,0.0,31.1,17.8
1990-07-21T00:00:00,4.3,31.1,17.8
1990-07-22T00:00:00,0.5,28.9,17.2
1990-07-23T00:00:00,0.0,28.3,13.9
1990-07-24T00:00:00,0.0,33.3,13.9
1990-07-25T00:00:00,0.0,34.4,17.2
1990-07-26T00:00:00,2.5,35.0,18.3
1990-07-27T00:00:00,6.1,33.3,16.7
1990-07-28T00:00:00,2.3,31.1,16.7
1990-07-29T00:00:00,4.3,28.3,16.7
1990-07-30T00:00:00,1.0,26.7,16.7
1990-07-31T00:00:00,0.0,28.9,17.8
1990-08-01T00:00:00,0.0,28.9,13.9
1990-08-02T00:00:00,15.5,31.7,17.2
1990-08-03T00:00:00,0.0,31.7,17.2
1990-08-04T00:00:00,4.3,30.0,16.1
1990-08-05T00:00:00,0.0,29.4,15.6
1990-08-06T00:00:00,17.5,23.9,15.6
1990-08-07T00:00:00,3.8,18.9,12.2
1990-08-08T00:00:00,0.0,29.4,12.2
1990-08-09T00:00:00,0.0,35.0,15.6
1990-08-10T00:00:00,0.0,35.0,16.7
1990-08-11T00:00:00,0.0,32.8,16.7
1990-08-12T00:00:00,0.0,30.6,15.6
1990-08-13T00:00:00,9.4,26.7,14.4
1990-08-14T00:00:00,0.0,27.8,16.1
1990-08-15T00:00:00,4.1,28.9,16.7
1990-08-16T00:00:00,0.0,28.9,18.3
1990-08-17T00:00:00,0.0,31.1,15.6
1990-08-18T00:00:00,0.0,33.3,11.1
1990-08-19T00:00:00,0.0,34.4,16.7
1990-08-20T00:00:00,0.0,30.6,17.8
1990-08-21T00:00:00,4.1,28.9,16.7
1990-08-22T00:00:00,0.0,30.0,17.2
1990-08-23T00:00:00,5.6,31.1,14.4
1990-08-24T00:00:00,0.0,33.9,15.6
1990-08-25T00:00:00,0.0,35.6,17.2
1990-08-26T00:00:00,0.0,35.0,16.7
1990-08-27T00:00:00,0.0,35.0,17.2
1990-08-28T00:00:00,0.0,34.4,16.1
1990-08-29T00:00:00,0.0,36.1,18.9
1990-08-30T00:00:00,0.0,35.0,20.0
1990-08-31T00:00:00,0.0,33.3,16.7
1990-09-01T00:00:00,0.0,33.9,16.7
1990-09-02T00:00:00,0.0,33.9,15.0
1990-09-03T00:00:00,0.0,28.9,13.9
1990-09-04T00:00:00,0.0,27.2,16.7
1990-09-05T00:00:00,0.0,28.3,18.3
1990-09-06T00:00:00,0.0,31.7,17.2
1990-09-07T00:00:00,1.0,33.3,18.9
1990-09-08T00:00:00,0.0,31.7,16.1
1990-09-09T00:00:00,0.0,33.3,15.6
1990-09-10T00:00:00,0.0,32.8,16.1
1990-09-11T00:00:00,0.0,30.0,13.3
1990-09-12T00:00:00,0.0,32.2,13.9
1990-09-13T00:00:00,0.0,31.7,13.9
1990-09-14T00:00:00,3.6,29.4,15.0
1990-09-15T00:00:00,0.0,26.7,15.0
1990-09-16T00:00:00,0.0,27.2,15.0
1990-09-17T00:00:00,1.0,30.0,14.4
1990-09-18T00:00:00,0.0,30.6,13.9
1990-09-19T00:00:00,0.0,30.0,14.4
1990-09-20T00:00:00,0.0,29.4,13.9
1990-09-21T00:00:00,7.4,24.4,13.9
1990-09-22T00:00:00,0.8,25.0,17.8
1990-09-23T00:00:00,0.0,20.6,14.4
1990-09-24T00:00:00,0.0,26.1,10.6
1990-09-25T00:00:00,0.0,32.2,12.2
1990-09-26T00:00:00,0.0,31.1,14.4
1990-09-27T00:00:00,0.0,31.7,13.9
1990-09-28T00:00:00,0.0,27.8,12.8
1990-09-29T00:00:00,1.0,25.6,16.7
1990-09-30T00:00:00,37.6,24.4,14.4
1990-10-01T00:00:00,0.5,21.7,15.6
1990-10-02T00:00:00,8.1,19.4,15.0
1990-10-03T00:00:00,0.0,28.9,12.2
1990-10-04T00:00:00,0.0,26.7,11.7
1990-10-05T00:00:00,0.0,27.2,11.7
1990-10-06T00:00:00,0.0,31.7,14.4
1990-10-07T00:00:00,0.0,26.1,16.7
1990-10-08T00:00:00,0.0,28.9,12.8
1990-10-09T00:00:00,0.0,26.7,4.4
1990-10-10T00:00:00,0.0,26.7,2.8
1990-10-11T00:00:00,0.0,28.3,6.7
1990-10-12T00:00:00,0.0,20.6,7.8
1990-10-13T00:00:00,0.0,27.8,5.0
1990-10-14T00:00:00,0.0,28.3,11.7
1990-10-15T00:00:00,0.0,28.3,4.4
1990-10-16T00:00:00,0.0,29.4,10.0
1990-10-17T00:00:00,0.0,29.4,12.8
1990-10-18T00:00:00,0.0,26.1,3.9
1990-10-19T00:00:00,0.0,27.2,4.4
1990-10-20T00:00:00,0.0,26.1,11.1
1990-10-21T00:00:00,0.0,25.6,1.1
1990-10-22T00:00:00,0.0,23.9,1.1
1990-10-23T00:00:00,0.0,25.6,7.2
1990-10-24T00:00:00,0.0,24.4,5.0
1990-10-25T00:00:00,0.0,26.1,3.9
1990-10-26T00:00:00,0.0,28.9,8.3
1990-10-27T00:00:00,0.0,28.3,7.8
1990-10-28T00:00:00,0.0,27.8,5.6
1990-10-29T00:00:00,0.0,25.6,5.0
1990-10-30T00:00:00,0.0,27.8,7.8
1990-10-31T00:00:00,0.0,28.3,6.1
1990-11-01T00:00:00,0.0,24.4,11.1
1990-11-02T00:00:00,0.0,23.3,12.2
1990-11-03T00:00:00,8.1,21.7,2.2
1990-11-04T00:00:00,0.0,17.2,-1.7
1990-11-05T00:00:00,0.0,20.0,1.7
1990-11-06T00:00:00,0.0,22.8,1.7
1990-11-07T00:00:00,1.5,17.8,-1.1
1990-11-08T00:00:00,5.6,12.2,-2.2
1990-11-09T00:00:00,0.0,15.6,-0.6
1990-11-10T00:00:00,0.0,22.8,3.9
1990-11-11T00:00:00,0.0,21.1,3.9
1990-11-12T00:00:00,0.0,21.7,2.8
1990-11-13T00:00:00,0.0,20.6,1.1
1990-11-14T00:00:00,0.0,22.8,1.1
1990-11-15T00:00:00,0.0,24.4,2.8
1990-11-16T00:00:00,0.0,24.4,6.1
1990-11-17T00:00:00,0.0,21.1,-0.6
1990-11-18T00:00:00,0.0,26.7,5.6
1990-11-19T00:00:00,0.0,25.0,7.8
1990-11-20T00:00:00,0.0,22.2,7.8
1990-11-21T00:00:00,0.0,20.6,5.6
1990-11-22T00:00:00,0.0,19.4,3.9
1990-11-23T00:00:00,0.0,21.7,1.7
1990-11-24T00:00:00,0.0,27.8,4.4
1990-11-25T00:00:00,0.0,27.2,5.6
1990-11-26T00:00:00,0.0,22.8,11.1
1990-11-27T00:00:00,0.0,19.4,-0.6
1990-11-28T00:00:00,0.0,14.4,-5.0
1990-11-29T00:00:00,0.0,11.1,-6.7
1990-11-30T00:00:00,0.0,20.0,-3.9
1990-12-01T00:00:00,0.0,17.2,4.4
1990-12-02T00:00:00,0.0,22.8,-2.2
1990-12-03T00:00:00,0.0,18.9,-6.1
1990-12-04T00:00:00,0.0,15.0,-8.3
1990-12-05T00:00:00,0.0,19.4,-5.0
1990-12-06T00:00:00,0.0,14.4,-1.1
1990-12-07T00:00:00,0.0,16.1,-7.2
1990-12-08T00:00:00,0.0,20.0,-1.1
1990-12-09T00:00:00,0.0,20.6,0.0
1990-12-10T00:00:00,0.0,19.4,0.0
1990-12-11T00:00:00,0.0,21.7,5.0
1990-12-12T00:00:00,0.0,23.9,
1990-12-13T00:00:00,1.3,,3.9
1990-12-14T00:00:00,0.0,20.0,3.9
1990-12-15T00:00:00,0.0,18.9,13.9
1990-12-16T00:00:00,0.3,7.2,3.9
1990-12-17T00:00:00,0.0,12.8,3.3
1990-12-18T00:00:00,0.0,14.4,-2.2
1990-12-19T00:00:00,0.0,17.2,3.3
1990-12-20T00:00:00,0.0,17.8,3.3
1990-12-21T00:00:00,0.0,15.6,-9.4
1990-12-22T00:00:00,2.0,-2.8,-10.6
1990-12-23T00:00:00,0.0,1.1,-12.8
1990-12-24T00:00:00,0.0,5.6,-13.9
1990-12-25T00:00:00,0.0,7.8,-8.9
1990-12-26T00:00:00,0.0,,-8.3
1990-12-27T00:00:00,0.0,13.3,
1990-12-28T00:00:00,0.0,18.3,4.4
1990-12-29T00:00:00,0.0,17.8,5.6
1990-12-30T00:00:00,0.0,16.1,-2.8
1990-12-31T00:00:00,0.0,14.4,-5.6
1991-01-01T00:00:00,0.0,18.3,-2.2
1991-01-02T00:00:00,0.0,20.6,-1.1
1991-01-03T00:00:00,0.0,18.3,-3.9
1991-01-04T00:00:00,0.0,0.0,
1991-01-05T00:00:00,0.0,,-3.3
1991-01-06T00:00:00,0.0,7.8,
1991-01-07T00:00:00,0.0,7.2,0.6
1991-01-08T00:00:00,0.0,10.0,-2.2
1991-01-09T00:00:00,2.8,6.1,0.0
1991-01-10T00:00:00,0.0,13.9,-1.1
1991-01-11T00:00:00,0.0,12.2,0.6
1991-01-12T00:00:00,0.0,13.9,-3.9
1991-01-13T00:00:00,0.0,20.6,1.7
1991-01-14T00:00:00,0.0,10.6,3.3
1991-01-15T00:00:00,2.8,14.4,-2.2
1991-01-16T00:00:00,0.0,13.3,0.6
1991-01-17T00:00:00,1.8,5.0,0.0
1991-01-18T00:00:00,7.9,8.9,0.0
1991-01-19T00:00:00,0.0,17.2,0.0
1991-01-20T00:00:00,0.0,10.0,-0.6
1991-01-21T00:00:00,5.8,0.6,-5.0
1991-01-22T00:00:00,0.0,11.7,-10.6
1991-01-23T00:00:00,0.0,10.6,-3.9
1991-01-24T00:00:00,0.0,11.7,-5.0
1991-01-25T00:00:00,0.0,15.6,-0.6
1991-01-26T00:00:00,0.0,13.9,-5.0
1991-01-27T00:00:00,0.0,18.3,-1.1
1991-01-28T00:00:00,0.0,17.2,-2.8
1991-01-29T00:00:00,0.0,15.6,0.6
1991-01-30T00:00:00,0.0,14.4,-2.2
1991-01-31T00:00:00,0.0,18.9,-3.3
1991-02-01T00:00:00,0.0,17.2,-4.4
1991-02-02T00:00:00,0.0,18.3,-0.6
1991-02-03T00:00:00,0.0,22.8,3.3
1991-02-04T00:00:00,0.0,16.7,2.2
1991-02-05T00:00:00,0.0,16.7,0.0
1991-02-06T00:00:00,0.0,,-1.7
1991-02-07T00:00:00,0.0,17.8,-3.3
1991-02-08T00:00:00,0.0,17.2,6.7
1991-02-09T00:00:00,0.0,19.4,0.0
1991-02-10T00:00:00,0.0,14.4,1.7
1991-02-11T00:00:00,0.0,13.3,1.7
1991-02-12T00:00:00,1.3,22.8,7.2
1991-02-13T00:00:00,0.0,24.4,6.1
1991-02-14T00:00:00,0.0,21.7,0.0
1991-02-15T00:00:00,0.0,20.0,-2.2
1991-02-16T00:00:00,0.0,22.8,1.7
1991-02-17T00:00:00,0.0,21.1,1.7
1991-02-18T00:00:00,4.1,14.4,1.7
1991-02-19T00:00:00,5.3,8.9,0.0
1991-02-20T00:00:00,0.0,15.6,-2.2
1991-02-21T00:00:00,0.0,20.6,0.0
1991-02-22T00:00:00,0.0,20.0,1.7
1991-02-23T00:00:00,0.0,21.1,3.3
1991-02-24T00:00:00,0.0,16.7,1.7
1991-02-25T00:00:00,0.0,13.3,-2.8
1991-02-26T00:00:00,0.0,11.7,-4.4
1991-02-27T00:00:00,0.0,20.6,-1.7
1991-02-28T00:00:00,0.0,17.2,5.0
1991-03-01T00:00:00,0.0,18.3,-6.1
1991-03-02T00:00:00,0.0,19.4,-2.8
1991-03-03T00:00:00,0.0,23.3,7.8
1991-03-04T00:00:00,0.0,28.3,6.7
1991-03-05T00:00:00,0.0,30.6,3.9
1991-03-06T00:00:00,0.0,24.4,-2.2
1991-03-07T00:00:00,0.0,20.6,1.1
1991-03-08T00:00:00,0.0,18.9,-5.0
1991-03-09T00:00:00,0.0,16.1,0.6
1991-03-10T00:00:00,0.0,23.3,1.1
1991-03-11T00:00:00,0.0,22.8,1.1
1991-03-12T00:00:00,0.0,20.0,1.1
1991-03-13T00:00:00,0.0,17.8,0.6
1991-03-14T00:00:00,0.0,20.0,1.1
1991-03-15T00:00:00,0.0,15.6,-6.1
1991-03-16T00:00:00,0.0,17.2,1.1
1991-03-17T00:00:00,0.0,20.6,-1.1
1991-03-18T00:00:00,0.0,23.9,0.6
1991-03-19T00:00:00,0.0,20.0,-5.0
1991-03-20T00:00:00,0.0,18.3,1.1
1991-03-21T00:00:00,0.0,16.7,-3.9
1991-03-22T00:00:00,0.0,17.8,-1.1
1991-03-23T00:00:00,0.0,20.6,-1.7
1991-03-24T00:00:00,0.0,25.6,3.3
1991-03-25T00:00:00,0.0,28.9,-1.1
1991-03-26T00:00:00,0.0,26.7,11.7
1991-03-27T00:00:00,0.0,25.0,3.9
1991-03-28T00:00:00,,,
1991-03-29T00:00:00,0.0,18.3,-0.6
1991-03-30T00:00:00,0.0,15.6,0.6
1991-03-31T00:00:00,0.0,17.8,-7.2
1991-04-01T00:00:00,0.0,25.0,-1.1
1991-04-02T00:00:00,0.0,,0.6
1991-04-03T00:00:00,0.0,26.1,
1991-04-04T00:00:00,0.0,24.4,5.6
1991-04-05T00:00:00,0.0,24.4,5.6
1991-04-06T00:00:00,0.0,26.7,6.1
1991-04-07T00:00:00,0.0,32.8,5.6
1991-04-08T00:00:00,0.0,28.9,4.4
1991-04-09T00:00:00,0.0,27.2,3.9
1991-04-10T00:00:00,0.0,27.8,2.2
1991-04-11T00:00:00,0.0,26.7,-3.3
1991-04-12T00:00:00,0.0,26.1,1.7
1991-04-13T00:00:00,0.0,21.1,-3.3
1991-04-14T00:00:00,0.0,25.6,1.1
1991-04-15T00:00:00,0.0,,3.9
1991-04-16T00:00:00,0.0,27.8,
1991-04-17T00:00:00,0.0,28.9,12.8
1991-04-18T00:00:00,0.0,27.2,10.6
1991-04-19T00:00:00,0.0,26.1,8.9
1991-04-20T00:00:00,0.0,21.7,10.0
1991-04-21T00:00:00,0.0,30.0,8.3
1991-04-22T00:00:00,0.0,23.9,8.3
1991-04-23T00:00:00,0.0,26.7,7.8
1991-04-24T00:00:00,0.0,28.3,6.7
1991-04-25T00:00:00,0.0,27.8,6.7
1991-04-26T00:00:00,0.0,27.2,
1991-04-27T00:00:00,0.0,25.6,3.3
1991-04-28T00:00:00,0.0,21.1,5.6
1991-04-29T00:00:00,0.0,25.0,2.2
1991-04-30T00:00:00,0.0,27.8,6.7
1991-05-01T00:00:00,0.0,25.6,3.3
1991-05-02T00:00:00,0.0,,
1991-05-03T00:00:00,0.0,,
1991-05-04T00:00:00,0.0,28.9,3.3
1991-05-05T00:00:00,0.0,22.8,3.3
1991-05-06T00:00:00,0.0,26.7,3.3
1991-05-07T00:00:00,0.0,32.8,7.8
1991-05-08T00:00:00,0.0,28.9,11.1
1991-05-09T00:00:00,0.0,33.9,10.0
1991-05-10T00:00:00,0.0,31.7,10.6
1991-05-11T00:00:00,0.0,32.2,8.3
1991-05-12T00:00:00,0.0,32.2,10.0
1991-05-13T00:00:00,0.0,31.7,10.0
1991-05-14T00:00:00,0.0,31.7,8.9
1991-05-15T00:00:00,0.0,31.1,11.1
1991-05-16T00:00:00,0.0,32.2,9.4
1991-05-17T00:00:00,0.0,32.2,10.6
1991-05-18T00:00:00,0.0,36.1,10.0
1991-05-19T00:00:00,0.0,32.8,13.9
1991-05-20T00:00:00,0.0,27.2,15.6
1991-05-21T00:00:00,0.0,26.7,15.6
1991-05-22T00:00:00,5.8,31.7,14.4
1991-05-23T00:00:00,0.0,28.3,14.4
1991-05-24T00:00:00,0.0,29.4,7.2
1991-05-25T00:00:00,0.0,30.6,9.4
1991-05-26T00:00:00,0.0,33.9,13.3
1991-05-27T00:00:00,0.0,35.6,13.9
1991-05-28T00:00:00,0.0,36.1,13.3
1991-05-29T00:00:00,0.8,35.6,15.6
1991-05-30T00:00:00,0.0,35.0,13.3
1991-05-31T00:00:00,0.0,32.2,15.6
1991-06-01T00:00:00,0.0,30.6,13.3
1991-06-02T00:00:00,0.0,28.3,10.6
1991-06-03T00:00:00,0.0,33.3,12.2
1991-06-04T00:00:00,0.0,32.2,15.6
1991-06-05T00:00:00,1.5,35.0,15.0
1991-06-06T00:00:00,5.6,32.2,12.8
1991-06-07T00:00:00,0.0,31.1,12.2
1991-06-08T00:00:00,4.1,30.0,13.9
1991-06-09T00:00:00,0.0,28.3,13.9
1991-06-10T00:00:00,2.3,32.8,10.6
1991-06-11T00:00:00,0.0,32.8,10.6
1991-06-12T00:00:00,0.0,29.4,13.9
1991-06-13T00:00:00,0.0,32.8,15.0
1991-06-14T00:00:00,0.0,31.7,13.9
1991-06-15T00:00:00,0.0,35.6,12.8
1991-06-16T00:00:00,0.0,35.0,14.4
1991-06-17T00:00:00,0.0,36.1,15.0
1991-06-18T00:00:00,0.0,40.6,15.6
1991-06-19T00:00:00,0.0,36.1,16.1
1991-06-20T00:00:00,0.0,,
1991-06-21T00:00:00,0.0,37.2,12.8
1991-06-22T00:00:00,0.0,37.8,
1991-06-23T00:00:00,0.0,38.9,14.4
1991-06-24T00:00:00,0.0,40.0,15.0
1991-06-25T00:00:00,0.0,39.4,14.4
1991-06-26T00:00:00,0.0,36.7,16.1
1991-06-27T00:00:00,0.0,37.2,17.2
1991-06-28T00:00:00,0.0,33.9,18.9
1991-06-29T00:00:00,0.0,,
1991-06-30T00:00:00,0.0,31.7,16.7
1991-07-01T00:00:00,0.0,,
1991-07-02T00:00:00,0.0,,
1991-07-03T00:00:00,0.0,,
1991-07-04T00:00:00,0.0,,
1991-07-05T00:00:00,,32.8,16.1
1991-07-06T00:00:00,,36.1,16.7
1991-07-07T00:00:00,,36.1,16.7
1991-07-08T00:00:00,,33.3,16.7
1991-07-09T00:00:00,,33.9,17.8
1991-07-10T00:00:00,,36.1,19.4
1991-07-11T00:00:00,0.8,31.7,18.9
1991-07-12T00:00:00,,26.7,18.3
1991-07-13T00:00:00,2.0,26.7,16.7
1991-07-14T00:00:00,7.6,27.2,17.2
1991-07-15T00:00:00,11.9,27.2,17.2
1991-07-16T00:00:00,2.5,29.4,17.8
1991-07-17T00:00:00,,32.8,16.7
1991-07-18T00:00:00,,35.0,18.3
1991-07-19T00:00:00,1.5,33.9,
1991-07-20T00:00:00,1.3,33.9,17.8
1991-07-21T00:00:00,,29.4,17.8
1991-07-22T00:00:00,,29.4,17.8
1991-07-23T00:00:00,,30.0,17.2
1991-07-24T00:00:00,,28.3,18.3
1991-07-25T00:00:00,,23.9,16.1
1991-07-26T00:00:00,,28.9,17.2
1991-07-27T00:00:00,,31.7,15.6
1991-07-28T00:00:00,,33.9,17.8
1991-07-29T00:00:00,,32.2,17.2
1991-07-30T00:00:00,,32.8,17.2
1991-07-31T00:00:00,,33.3,17.2
1991-08-01T00:00:00,0.0,34.4,
1991-08-02T00:00:00,1.0,,17.8
1991-08-03T00:00:00,21.8,32.2,17.8
1991-08-04T00:00:00,0.0,30.0,17.2
1991-08-05T00:00:00,0.5,32.2,15.6
1991-08-06T00:00:00,0.0,32.8,16.1
1991-08-07T00:00:00,0.0,32.2,16.7
1991-08-08T00:00:00,0.0,33.9,17.2
1991-08-09T00:00:00,9.1,29.4,16.7
1991-08-10T00:00:00,1.5,25.6,15.6
1991-08-11T00:00:00,3.0,28.3,17.2
1991-08-12T00:00:00,1.3,29.4,17.2
1991-08-13T00:00:00,26.7,28.3,16.7
1991-08-14T00:00:00,0.0,25.0,18.3
1991-08-15T00:00:00,0.0,30.6,15.6
1991-08-16T00:00:00,0.0,28.3,18.3
1991-08-17T00:00:00,0.0,,
1991-08-18T00:00:00,0.0,30.6,17.2
1991-08-19T00:00:00,0.5,,
1991-08-20T00:00:00,0.0,34.4,16.7
1991-08-21T00:00:00,0.0,35.6,17.2
1991-08-22T00:00:00,0.0,35.0,17.8
1991-08-23T00:00:00,0.0,32.8,17.2
1991-08-24T00:00:00,0.0,32.2,16.1
1991-08-25T00:00:00,0.0,32.2,15.6
1991-08-26T00:00:00,0.0,31.7,15.6
1991-08-27T00:00:00,0.0,33.3,15.0
1991-08-28T00:00:00,0.0,33.9,16.7
1991-08-29T00:00:00,0.0,36.1,16.7
1991-08-30T00:00:00,0.0,,
1991-08-31T00:00:00,0.0,34.4,16.7
1991-09-01T00:00:00,0.0,30.0,16.1
1991-09-02T00:00:00,0.0,35.6,15.6
1991-09-03T00:00:00,0.0,,
1991-09-04T00:00:00,0.0,34.4,17.2
1991-09-05T00:00:00,2.5,26.7,17.2
1991-09-06T00:00:00,2.0,27.2,18.3
1991-09-07T00:00:00,7.1,30.6,15.0
1991-09-08T00:00:00,8.6,30.6,11.7
1991-09-09T00:00:00,0.0,27.8,16.7
1991-09-10T00:00:00,50.8,26.1,15.0
1991-09-11T00:00:00,42.7,,
1991-09-12T00:00:00,5.8,27.2,15.0
1991-09-13T00:00:00,0.0,22.8,17.2
1991-09-14T00:00:00,0.0,,
1991-09-15T00:00:00,0.0,28.9,12.8
1991-09-16T00:00:00,3.8,25.0,12.8
1991-09-17T00:00:00,0.0,24.4,16.1
1991-09-18T00:00:00,32.5,23.3,9.4
1991-09-19T00:00:00,10.2,10.0,5.0
1991-09-20T00:00:00,1.3,10.0,5.0
1991-09-21T00:00:00,0.8,17.2,7.2
1991-09-22T00:00:00,0.0,22.2,11.1
1991-09-23T00:00:00,0.0,,
1991-09-24T00:00:00,0.0,23.9,7.8
1991-09-25T00:00:00,0.0,26.7,7.2
1991-09-26T00:00:00,0.0,26.7,11.1
1991-09-27T00:00:00,0.0,28.3,8.9
1991-09-28T00:00:00,0.0,,
1991-09-29T00:00:00,0.0,25.6,5.0
1991-09-30T00:00:00,0.0,,
1991-10-01T00:00:00,0.0,,
1991-10-02T00:00:00,0.0,31.7,8.3
1991-10-03T00:00:00,0.0,32.2,14.4
1991-10-04T00:00:00,0.0,27.8,11.1
1991-10-05T00:00:00,0.0,20.6,8.9
1991-10-06T00:00:00,0.0,21.7,3.9
1991-10-07T00:00:00,0.0,26.1,5.0
1991-10-08T00:00:00,0.0,31.7,10.6
1991-10-09T00:00:00,0.0,30.6,13.3
1991-10-10T00:00:00,0.0,29.4,10.0
1991-10-11T00:00:00,0.0,30.6,11.7
1991-10-12T00:00:00,0.0,30.0,9.4
1991-10-13T00:00:00,0.0,32.2,11.1
1991-10-14T00:00:00,0.0,23.9,10.6
1991-10-15T00:00:00,0.0,26.1,7.2
1991-10-16T00:00:00,0.0,30.6,9.4
1991-10-17T00:00:00,0.0,34.4,13.9
1991-10-18T00:00:00,0.0,32.2,12.8
1991-10-19T00:00:00,0.0,24.4,3.3
1991-10-20T00:00:00,0.0,20.0,4.4
1991-10-21T00:00:00,0.0,26.7,5.6
1991-10-22T00:00:00,0.0,27.2,8.9
1991-10-23T00:00:00,0.0,23.9,7.2
1991-10-24T00:00:00,0.0,24.4,11.1
1991-10-25T00:00:00,0.0,23.9,5.6
1991-10-26T00:00:00,0.0,25.6,6.7
1991-10-27T00:00:00,0.0,23.9,5.6
1991-10-28T00:00:00,0.0,21.1,3.9
1991-10-29T00:00:00,0.0,15.0,-2.2
1991-10-30T00:00:00,0.0,11.7,-1.1
1991-10-31T00:00:00,4.3,4.4,-8.9
1991-11-01T00:00:00,0.0,8.9,-5.6
1991-11-02T00:00:00,0.0,7.8,-5.6
1991-11-03T00:00:00,6.4,0.6,-7.2
1991-11-04T00:00:00,0.0,15.0,-8.9
1991-11-05T00:00:00,0.0,17.2,0.0
1991-11-06T00:00:00,0.0,25.0,0.0
1991-11-07T00:00:00,0.0,21.1,4.4
1991-11-08T00:00:00,0.0,3.3,2.2
1991-11-09T00:00:00,0.0,25.6,0.0
1991-11-10T00:00:00,0.0,,1.7
1991-11-11T00:00:00,1.3,,
1991-11-12T00:00:00,1.0,11.7,5.6
1991-11-13T00:00:00,0.0,16.1,6.7
1991-11-14T00:00:00,0.0,20.6,6.1
1991-11-15T00:00:00,0.0,21.1,5.6
1991-11-16T00:00:00,22.9,17.8,3.9
1991-11-17T00:00:00,0.0,17.8,2.8
1991-11-18T00:00:00,0.0,19.4,5.0
1991-11-19T00:00:00,0.0,17.8,4.4
1991-11-20T00:00:00,0.0,15.6,-3.9
1991-11-21T00:00:00,0.0,21.7,2.8
1991-11-22T00:00:00,0.0,20.0,6.1
1991-11-23T00:00:00,0.0,9.4,-6.1
1991-11-24T00:00:00,0.0,,-5.0
1991-11-25T00:00:00,0.0,25.6,
1991-11-26T00:00:00,,,
1991-11-27T00:00:00,0.0,23.3,1.7
1991-11-28T00:00:00,0.0,22.8,2.2
1991-11-29T00:00:00,0.0,17.2,3.3
1991-11-30T00:00:00,0.0,11.1,-3.3
1991-12-01T00:00:00,0.0,1.1,-3.3
1991-12-02T00:00:00,0.0,10.0,-3.9
1991-12-03T00:00:00,0.0,12.2,-6.7
1991-12-04T00:00:00,0.0,14.4,-1.7
1991-12-05T00:00:00,0.0,16.7,-2.8
1991-12-06T00:00:00,0.0,21.7,-1.7
1991-12-07T00:00:00,0.0,20.0,4.4
1991-12-08T00:00:00,0.0,18.3,3.3
1991-12-09T00:00:00,0.0,19.4,2.8
1991-12-10T00:00:00,0.0,21.1,3.3
1991-12-11T00:00:00,14.7,16.7,3.9
1991-12-12T00:00:00,0.0,18.3,2.8
1991-12-13T00:00:00,0.0,19.4,1.7
1991-12-14T00:00:00,0.0,,
1991-12-15T00:00:00,0.0,15.6,-3.3
1991-12-16T00:00:00,0.0,13.9,
1991-12-17T00:00:00,0.0,10.6,0.6
1991-12-18T00:00:00,11.4,9.4,2.2
1991-12-19T00:00:00,4.6,4.4,2.2
1991-12-20T00:00:00,20.3,6.1,0.0
1991-12-21T00:00:00,10.4,3.9,0.0
1991-12-22T00:00:00,0.0,3.3,-2.2
1991-12-23T00:00:00,0.0,11.7,-4.4
1991-12-24T00:00:00,0.0,7.8,-3.3
1991-12-25T00:00:00,11.4,3.3,-2.2
1991-12-26T00:00:00,0.0,4.4,-0.6
1991-12-27T00:00:00,0.0,8.9,0.0
1991-12-28T00:00:00,0.0,12.8,-4.4
1991-12-29T00:00:00,0.0,16.7,0.0
1991-12-30T00:00:00,0.0,13.9,-0.6
1991-12-31T00:00:00,0.0,14.4,-0.6
1992-01-01T00:00:00,0.0,14.4,-3.9
1992-01-02T00:00:00,0.0,15.6,-3.9
1992-01-03T00:00:00,0.0,,-4.4
1992-01-04T00:00:00,0.0,13.3,2.2
1992-01-05T00:00:00,0.0,15.0,0.6
1992-01-06T00:00:00,0.0,14.4,1.1
1992-01-07T00:00:00,0.0,14.4,1.1
1992-01-08T00:00:00,0.0,11.7,-3.9
1992-01-09T00:00:00,0.0,12.8,-3.9
1992-01-10T00:00:00,0.0,11.1,-5.0
1992-01-11T00:00:00,,6.1,-0.6
1992-01-12T00:00:00,,10.6,0.0
1992-01-13T00:00:00,6.4,5.6,-7.8
1992-01-14T00:00:00,0.0,10.6,-5.6
1992-01-15T00:00:00,3.8,6.1,-6.7
1992-01-16T00:00:00,0.0,7.8,-11.7
1992-01-17T00:00:00,0.0,6.7,-2.2
1992-01-18T00:00:00,0.0,1.1,-2.2
1992-01-19T00:00:00,0.0,6.7,-7.2
1992-01-20T00:00:00,0.0,8.9,-3.3
1992-01-21T00:00:00,0.0,13.9,-1.7
1992-01-22T00:00:00,0.0,13.3,1.1
1992-01-23T00:00:00,0.0,12.8,-6.1
1992-01-24T00:00:00,0.0,16.1,-2.8
1992-01-25T00:00:00,0.0,15.0,0.6
1992-01-26T00:00:00,5.8,11.7,3.3
1992-01-27T00:00:00,0.0,13.3,0.0
1992-01-28T00:00:00,0.0,11.1,0.6
1992-01-29T00:00:00,0.0,11.7,-2.8
1992-01-30T00:00:00,0.0,17.2,-2.2
1992-01-31T00:00:00,0.0,17.2,0.0
1992-02-01T00:00:00,0.0,13.3,1.1
1992-02-02T00:00:00,0.0,11.1,-0.6
1992-02-03T00:00:00,0.0,9.4,4.4
1992-02-04T00:00:00,8.1,7.2,0.6
1992-02-05T00:00:00,0.0,15.6,-3.9
1992-02-06T00:00:00,0.0,13.9,-1.1
1992-02-07T00:00:00,0.0,,-4.4
1992-02-08T00:00:00,0.0,11.7,1.7
1992-02-09T00:00:00,0.0,14.4,-0.6
1992-02-10T00:00:00,0.0,17.8,1.7
1992-02-11T00:00:00,0.0,17.8,3.9
1992-02-12T00:00:00,0.0,19.4,1.7
1992-02-13T00:00:00,0.0,18.9,3.3
1992-02-14T00:00:00,0.0,20.6,2.8
1992-02-15T00:00:00,0.0,18.3,1.7
1992-02-16T00:00:00,0.0,15.6,-3.9
1992-02-17T00:00:00,0.0,14.4,-1.7
1992-02-18T00:00:00,0.0,16.1,-2.2
1992-02-19T00:00:00,0.0,18.3,-3.3
1992-02-20T00:00:00,0.0,22.2,0.0
1992-02-21T00:00:00,0.0,21.7,3.9
1992-02-22T00:00:00,0.0,21.1,3.3
1992-02-23T00:00:00,0.0,21.1,2.2
1992-02-24T00:00:00,14.0,11.1,-1.1
1992-02-25T00:00:00,0.0,12.2,-3.3
1992-02-26T00:00:00,0.0,13.9,-1.7
1992-02-27T00:00:00,0.0,18.3,-0.6
1992-02-28T00:00:00,0.0,23.3,3.3
1992-02-29T00:00:00,0.0,21.7,3.3
1992-03-01T00:00:00,0.0,22.8,4.4
1992-03-02T00:00:00,0.0,23.9,5.6
1992-03-03T00:00:00,0.5,18.9,7.2
1992-03-04T00:00:00,0.0,18.9,-3.9
1992-03-05T00:00:00,0.0,22.2,5.6
1992-03-06T00:00:00,0.0,23.9,2.8
1992-03-07T00:00:00,0.0,23.9,2.2
1992-03-08T00:00:00,0.0,17.8,2.2
1992-03-09T00:00:00,0.0,15.6,
1992-03-10T00:00:00,0.0,,-6.1
1992-03-11T00:00:00,0.0,14.4,-4.4
1992-03-12T00:00:00,0.0,20.0,-1.1
1992-03-13T00:00:00,0.0,22.2,3.3
1992-03-14T00:00:00,0.0,24.4,3.9
1992-03-15T00:00:00,0.0,26.7,7.2
1992-03-16T00:00:00,0.0,25.0,5.6
1992-03-17T00:00:00,0.0,22.8,4.4
1992-03-18T00:00:00,0.0,19.4,5.6
1992-03-19T00:00:00,0.0,20.6,2.2
1992-03-20T00:00:00,0.0,20.6,2.2
1992-03-21T00:00:00,0.0,22.8,2.2
1992-03-22T00:00:00,0.0,18.3,1.1
1992-03-23T00:00:00,0.0,22.2,-0.6
1992-03-24T00:00:00,0.0,23.3,1.1
1992-03-25T00:00:00,0.0,21.7,1.7
1992-03-26T00:00:00,0.0,25.6,3.3
1992-03-27T00:00:00,0.0,25.6,-3.3
1992-03-28T00:00:00,0.0,20.6,4.4
1992-03-29T00:00:00,0.0,18.9,1.1
1992-03-30T00:00:00,0.0,17.8,1.7
1992-03-31T00:00:00,1.0,18.9,7.8
1992-04-01T00:00:00,0.0,13.9,1.7
1992-04-02T00:00:00,2.0,13.9,3.3
1992-04-03T00:00:00,0.0,21.1,-0.6
1992-04-04T00:00:00,0.0,23.9,4.4
1992-04-05T00:00:00,0.0,22.8,3.3
1992-04-06T00:00:00,0.0,26.7,3.9
1992-04-07T00:00:00,0.0,27.8,8.9
1992-04-08T00:00:00,0.0,28.3,5.6
1992-04-09T00:00:00,0.0,30.6,7.2
1992-04-10T00:00:00,0.0,31.1,10.0
1992-04-11T00:00:00,0.0,32.2,11.1
1992-04-12T00:00:00,0.0,30.6,9.4
1992-04-13T00:00:00,0.0,25.0,10.0
1992-04-14T00:00:00,7.1,26.7,13.3
1992-04-15T00:00:00,0.0,27.8,7.8
1992-04-16T00:00:00,0.0,26.1,6.7
1992-04-17T00:00:00,0.0,27.2,13.3
1992-04-18T00:00:00,0.0,29.4,14.4
1992-04-19T00:00:00,7.4,23.9,4.4
1992-04-20T00:00:00,0.0,23.9,1.7
1992-04-21T00:00:00,0.0,22.8,3.3
1992-04-22T00:00:00,0.0,28.3,4.4
1992-04-23T00:00:00,0.0,32.2,7.2
1992-04-24T00:00:00,0.0,30.6,7.8
1992-04-25T00:00:00,0.0,22.8,6.1
1992-04-26T00:00:00,0.0,24.4,5.0
1992-04-27T00:00:00,0.3,30.6,7.2
1992-04-28T00:00:00,0.0,36.1,15.0
1992-04-29T00:00:00,0.0,35.0,12.8
1992-04-30T00:00:00,0.0,34.4,10.0
1992-05-01T00:00:00,0.0,34.4,10.0
1992-05-02T00:00:00,0.0,,11.7
1992-05-03T00:00:00,0.0,23.9,13.9
1992-05-04T00:00:00,0.0,,
1992-05-05T00:00:00,0.0,26.7,9.4
1992-05-06T00:00:00,8.9,25.0,11.1
1992-05-07T00:00:00,1.5,26.1,11.1
1992-05-08T00:00:00,0.0,28.9,10.0
1992-05-09T00:00:00,0.8,25.0,11.1
1992-05-10T00:00:00,0.0,,
1992-05-11T00:00:00,0.0,,11.7
1992-05-12T00:00:00,0.0,33.9,
1992-05-13T00:00:00,0.0,26.7,15.6
1992-05-14T00:00:00,0.0,31.7,16.7
1992-05-15T00:00:00,0.0,30.6,13.3
1992-05-16T00:00:00,0.0,32.2,12.2
1992-05-17T00:00:00,1.0,29.4,11.1
1992-05-18T00:00:00,13.5,25.6,12.2
1992-05-19T00:00:00,0.0,26.1,12.8
1992-05-20T00:00:00,0.0,24.4,12.8
1992-05-21T00:00:00,12.7,,
1992-05-22T00:00:00,16.0,25.6,10.0
1992-05-23T00:00:00,21.1,18.3,11.1
1992-05-24T00:00:00,16.0,18.3,11.1
1992-05-25T00:00:00,0.0,20.0,10.6
1992-05-26T00:00:00,4.3,22.2,10.0
1992-05-27T00:00:00,0.0,26.7,9.4
1992-05-28T00:00:00,0.8,19.4,8.3
1992-05-29T00:00:00,0.0,17.2,8.9
1992-05-30T00:00:00,13.7,22.2,8.3
1992-05-31T00:00:00,0.0,23.9,7.8
1992-06-01T00:00:00,11.2,25.0,8.3
1992-06-02T00:00:00,,26.7,7.8
1992-06-03T00:00:00,,28.3,10.6
1992-06-04T00:00:00,,31.7,13.3
1992-06-05T00:00:00,,32.2,13.3
1992-06-06T00:00:00,,27.8,14.4
1992-06-07T00:00:00,1.0,27.2,13.9
1992-06-08T00:00:00,115.1,,7.2
1992-06-09T00:00:00,,28.3,11.7
1992-06-10T00:00:00,,30.6,12.8
1992-06-11T00:00:00,,33.9,12.8
1992-06-12T00:00:00,,28.3,16.1
1992-06-13T00:00:00,,,11.1
1992-06-14T00:00:00,,33.3,
1992-06-15T00:00:00,,32.8,15.0
1992-06-16T00:00:00,,33.9,9.4
1992-06-17T00:00:00,,33.9,11.7
1992-06-18T00:00:00,,35.6,13.9
1992-06-19T00:00:00,,33.3,15.6
1992-06-20T00:00:00,,31.1,19.4
1992-06-21T00:00:00,,25.6,17.2
1992-06-22T00:00:00,,30.6,15.0
1992-06-23T00:00:00,,31.7,13.9
1992-06-24T00:00:00,0.0,,
1992-06-25T00:00:00,,34.4,
1992-06-26T00:00:00,0.8,,16.1
1992-06-27T00:00:00,0.0,30.0,13.9
1992-06-28T00:00:00,,32.2,15.6
1992-06-29T00:00:00,,,13.3
1992-06-30T00:00:00,,36.7,
1992-07-01T00:00:00,0.0,35.6,16.7
1992-07-02T00:00:00,0.0,35.0,13.9
1992-07-03T00:00:00,0.0,31.1,13.9
1992-07-04T00:00:00,0.0,,
1992-07-05T00:00:00,0.0,37.2,16.7
1992-07-06T00:00:00,0.0,40.0,16.7
1992-07-07T00:00:00,0.0,37.2,17.2
1992-07-08T00:00:00,0.0,34.4,13.3
1992-07-09T00:00:00,16.3,36.7,
1992-07-10T00:00:00,0.0,,14.4
1992-07-11T00:00:00,0.0,33.3,18.3
1992-07-12T00:00:00,5.1,33.3,17.8
1992-07-13T00:00:00,0.0,,
1992-07-14T00:00:00,0.0,35.0,15.0
1992-07-15T00:00:00,0.0,35.0,17.2
1992-07-16T00:00:00,35.1,32.8,20.0
1992-07-17T00:00:00,0.0,30.6,
1992-07-18T00:00:00,0.0,,13.9
1992-07-19T00:00:00,0.0,30.0,16.7
1992-07-20T00:00:00,0.0,29.4,14.4
1992-07-21T00:00:00,0.0,29.4,15.6
1992-07-22T00:00:00,0.0,32.2,16.1
1992-07-23T00:00:00,0.0,30.6,17.2
1992-07-24T00:00:00,32.3,31.7,17.8
1992-07-25T00:00:00,0.0,32.2,17.8
1992-07-26T00:00:00,1.5,33.9,18.3
1992-07-27T00:00:00,0.0,,
1992-07-28T00:00:00,0.0,29.4,17.2
1992-07-29T00:00:00,0.0,33.9,17.8
1992-07-30T00:00:00,0.0,34.4,16.1
1992-07-31T00:00:00,14.0,32.8,15.6
1992-08-01T00:00:00,,,
1992-08-02T00:00:00,,,
1992-08-03T00:00:00,,,
1992-08-04T00:00:00,,,
1992-08-05T00:00:00,0.0,35.0,17.8
1992-08-06T00:00:00,1.3,33.9,17.2
1992-08-07T00:00:00,0.0,35.6,26.1
1992-08-08T00:00:00,0.0,34.4,26.7
1992-08-09T00:00:00,0.0,36.1,21.7
1992-08-10T00:00:00,0.0,37.2,16.7
1992-08-11T00:00:00,0.0,33.9,18.3
1992-08-12T00:00:00,0.0,30.6,19.4
1992-08-13T00:00:00,0.0,31.1,15.0
1992-08-14T00:00:00,0.0,36.7,16.7
1992-08-15T00:00:00,13.0,31.1,15.0
1992-08-16T00:00:00,0.0,33.3,15.6
1992-08-17T00:00:00,0.0,34.4,16.7
1992-08-18T00:00:00,3.3,35.0,16.1
1992-08-19T00:00:00,0.0,31.1,15.0
1992-08-20T00:00:00,11.9,32.8,14.4
1992-08-21T00:00:00,0.0,32.2,17.8
1992-08-22T00:00:00,0.0,32.2,17.8
1992-08-23T00:00:00,0.0,31.1,15.6
1992-08-24T00:00:00,0.0,31.7,17.8
1992-08-25T00:00:00,0.0,30.6,16.1
1992-08-26T00:00:00,0.0,32.2,16.7
1992-08-27T00:00:00,21.1,29.4,13.9
1992-08-28T00:00:00,0.0,32.2,15.6
1992-08-29T00:00:00,0.0,31.7,16.1
1992-08-30T00:00:00,0.0,33.3,15.0
1992-08-31T00:00:00,0.0,33.3,13.9
1992-10-01T00:00:00,0.0,30.6,9.4
1992-10-02T00:00:00,0.0,29.4,7.2
1992-10-03T00:00:00,0.0,,7.2
1992-10-04T00:00:00,0.0,32.2,7.2
1992-10-05T00:00:00,0.0,,
1992-10-06T00:00:00,0.0,,
1992-10-07T00:00:00,0.0,30.6,6.1
1992-10-08T00:00:00,0.0,24.4,-1.1
1992-10-09T00:00:00,0.0,32.8,16.1
1992-10-10T00:00:00,0.0,26.1,8.3
1992-10-11T00:00:00,0.0,30.0,3.3
1992-10-12T00:00:00,0.0,,
1992-10-13T00:00:00,0.0,32.2,7.2
1992-10-14T00:00:00,0.0,32.2,16.7
1992-10-15T00:00:00,0.0,31.1,
1992-10-16T00:00:00,0.0,,7.8
1992-10-17T00:00:00,0.0,25.6,1.1
1992-10-18T00:00:00,0.0,25.6,3.9
1992-10-19T00:00:00,0.0,,7.2
1992-10-20T00:00:00,0.0,29.4,
1992-10-21T00:00:00,0.0,26.1,11.1
1992-10-22T00:00:00,0.0,24.4,11.7
1992-10-23T00:00:00,0.0,24.4,11.1
1992-10-24T00:00:00,15.7,23.9,13.9
1992-10-25T00:00:00,0.0,27.2,8.9
1992-10-26T00:00:00,0.0,24.4,11.1
1992-10-27T00:00:00,0.0,26.7,10.0
1992-10-28T00:00:00,1.0,18.3,7.2
1992-10-29T00:00:00,0.0,22.2,11.7
1992-10-30T00:00:00,0.0,21.1,10.0
1992-10-31T00:00:00,0.0,23.9,8.9
1992-11-01T00:00:00,0.0,10.6,-1.1
1992-11-02T00:00:00,0.0,11.1,0.0
1992-11-03T00:00:00,0.0,13.9,-2.2
1992-11-04T00:00:00,0.0,12.2,-2.8
1992-11-05T00:00:00,0.0,12.8,-1.7
1992-11-06T00:00:00,0.0,13.9,-2.2
1992-11-07T00:00:00,0.0,20.0,-2.8
1992-11-08T00:00:00,0.0,23.9,3.9
1992-11-09T00:00:00,0.0,23.3,3.3
1992-11-10T00:00:00,0.0,23.9,3.9
1992-11-11T00:00:00,0.0,18.9,5.0
1992-11-12T00:00:00,0.0,15.6,4.4
1992-11-13T00:00:00,0.0,19.4,-2.2
1992-11-14T00:00:00,0.0,20.0,1.1
1992-11-15T00:00:00,0.0,22.2,-1.1
1992-11-16T00:00:00,0.0,23.3,1.7
1992-11-17T00:00:00,0.0,21.7,1.1
1992-11-18T00:00:00,0.0,21.1,2.2
1992-11-19T00:00:00,0.0,15.0,0.6
1992-11-20T00:00:00,0.0,17.2,-0.6
1992-11-21T00:00:00,2.8,12.8,-2.2
1992-11-22T00:00:00,0.0,16.1,-3.9
1992-11-23T00:00:00,0.0,20.0,-3.9
1992-11-24T00:00:00,0.0,9.4,-3.3
1992-11-25T00:00:00,0.0,5.0,-8.3
1992-11-26T00:00:00,0.0,10.6,-8.3
1992-11-27T00:00:00,0.0,14.4,-6.7
1992-11-28T00:00:00,0.0,17.2,-6.1
1992-11-29T00:00:00,0.0,10.6,-5.6
1992-11-30T00:00:00,0.0,11.7,-7.2
1992-12-01T00:00:00,0.0,15.6,2.2
1992-12-02T00:00:00,0.0,18.9,-7.2
1992-12-03T00:00:00,0.0,17.2,1.7
1992-12-04T00:00:00,0.0,16.1,-3.9
1992-12-05T00:00:00,31.0,-1.7,-7.2
1992-12-06T00:00:00,0.0,9.4,-7.8
1992-12-07T00:00:00,0.5,6.1,-8.9
1992-12-08T00:00:00,0.0,11.1,-5.0
1992-12-09T00:00:00,0.0,10.0,-3.3
1992-12-10T00:00:00,0.0,15.6,1.7
1992-12-11T00:00:00,0.0,18.3,-1.1
1992-12-12T00:00:00,0.0,19.4,0.0
1992-12-13T00:00:00,0.0,16.7,-1.1
1992-12-14T00:00:00,0.0,10.0,-7.8
1992-12-15T00:00:00,0.0,8.9,-4.4
1992-12-16T00:00:00,0.0,12.2,-3.3
1992-12-17T00:00:00,0.0,3.9,-8.9
1992-12-18T00:00:00,0.0,17.8,-1.7
1992-12-19T00:00:00,0.0,13.9,1.1
1992-12-20T00:00:00,0.0,10.0,-4.4
1992-12-21T00:00:00,0.0,15.6,-3.9
1992-12-22T00:00:00,0.0,17.8,-2.2
1992-12-23T00:00:00,0.0,10.0,-6.1
1992-12-24T00:00:00,0.0,6.1,-1.7
1992-12-25T00:00:00,0.0,13.3,-1.1
1992-12-26T00:00:00,0.0,11.1,-1.1
1992-12-27T00:00:00,0.0,22.8,1.1
1992-12-28T00:00:00,0.0,22.2,2.2
1992-12-29T00:00:00,0.0,21.1,1.7
1992-12-30T00:00:00,0.0,16.1,1.1
1992-12-31T00:00:00,0.0,17.8,1.7
1993-01-01T00:00:00,3.6,2.8,-2.2
1993-01-02T00:00:00,0.0,15.6,0.6
1993-01-03T00:00:00,0.0,16.7,5.6
1993-01-04T00:00:00,0.0,12.8,-5.6
1993-01-05T00:00:00,0.0,,
1993-01-06T00:00:00,0.0,,
1993-01-07T00:00:00,0.0,21.1,7.2
1993-01-08T00:00:00,0.0,,
1993-01-09T00:00:00,0.0,15.6,
1993-01-10T00:00:00,0.0,-1.1,-6.1
1993-01-11T00:00:00,0.0,15.0,-6.7
1993-01-12T00:00:00,0.0,14.4,-4.4
1993-01-13T00:00:00,1.5,6.1,
1993-01-14T00:00:00,0.0,17.2,0.6
1993-01-15T00:00:00,0.0,17.2,-0.6
1993-01-16T00:00:00,0.0,17.2,-0.6
1993-01-17T00:00:00,0.0,18.3,2.8
1993-01-18T00:00:00,0.0,14.4,3.9
1993-01-19T00:00:00,10.4,13.9,3.3
1993-01-20T00:00:00,0.0,17.8,-0.6
1993-01-21T00:00:00,1.5,22.2,2.8
1993-01-22T00:00:00,0.0,20.6,-1.1
1993-01-23T00:00:00,0.0,23.3,5.6
1993-01-24T00:00:00,0.0,11.1,-7.8
1993-01-25T00:00:00,0.0,12.2,
1993-01-26T00:00:00,0.0,16.7,-4.4
1993-01-27T00:00:00,0.0,,
1993-01-28T00:00:00,0.0,15.0,2.2
1993-01-29T00:00:00,0.0,12.8,
1993-01-30T00:00:00,2.0,2.8,-1.1
1993-01-31T00:00:00,0.0,2.2,-1.1
1993-02-01T00:00:00,0.0,15.6,-2.8
1993-02-02T00:00:00,0.0,18.9,-2.8
1993-02-03T00:00:00,0.0,12.8,-2.8
1993-02-04T00:00:00,0.0,5.6,0.0
1993-02-05T00:00:00,0.0,12.8,-3.3
1993-02-06T00:00:00,0.0,,
1993-02-07T00:00:00,0.0,,
1993-02-08T00:00:00,0.0,20.0,-3.9
1993-02-09T00:00:00,0.0,17.2,6.1
1993-02-10T00:00:00,0.0,17.8,2.8
1993-02-11T00:00:00,0.0,15.6,-5.6
1993-02-12T00:00:00,0.0,18.9,-0.6
1993-02-13T00:00:00,0.0,17.8,-1.1
1993-02-14T00:00:00,0.0,10.0,0.0
1993-02-15T00:00:00,0.0,16.1,3.3
1993-02-16T00:00:00,0.0,12.8,-1.7
1993-02-17T00:00:00,0.0,7.2,-3.3
1993-02-18T00:00:00,0.0,5.0,-3.9
1993-02-19T00:00:00,0.0,24.4,-7.8
1993-02-20T00:00:00,0.0,19.4,0.0
1993-02-21T00:00:00,0.0,18.9,0.6
1993-02-22T00:00:00,0.0,18.3,-3.9
1993-02-23T00:00:00,0.0,18.3,-1.1
1993-02-24T00:00:00,0.0,18.3,-0.6
1993-02-25T00:00:00,0.0,18.9,-1.1
1993-02-26T00:00:00,0.0,,
1993-02-27T00:00:00,0.0,18.3,-5.0
1993-02-28T00:00:00,0.0,16.7,-6.7
1993-03-01T00:00:00,11.4,13.3,-1.1
1993-03-02T00:00:00,0.0,17.8,1.7
1993-03-03T00:00:00,0.0,16.7,-0.6
1993-03-04T00:00:00,0.0,15.6,-2.8
1993-03-05T00:00:00,0.0,17.8,-2.2
1993-03-06T00:00:00,0.0,20.6,2.2
1993-03-07T00:00:00,0.0,16.1,-1.7
1993-03-08T00:00:00,0.0,26.7,-1.1
1993-03-09T00:00:00,0.0,29.4,8.9
1993-03-10T00:00:00,0.0,28.9,5.6
1993-03-11T00:00:00,0.0,16.7,1.7
1993-03-12T00:00:00,0.0,10.0,-0.6
1993-03-13T00:00:00,0.0,12.8,2.2
1993-03-14T00:00:00,0.0,16.7,4.4
1993-03-15T00:00:00,0.0,,
1993-03-16T00:00:00,0.0,26.7,1.7
1993-03-17T00:00:00,0.0,14.4,3.3
1993-03-18T00:00:00,0.0,26.7,0.6
1993-03-19T00:00:00,0.0,21.7,2.2
1993-03-20T00:00:00,0.0,23.3,2.2
1993-03-21T00:00:00,0.0,21.1,6.1
1993-03-22T00:00:00,0.0,18.3,7.2
1993-03-23T00:00:00,0.0,25.6,1.1
1993-03-24T00:00:00,0.0,26.7,1.7
1993-03-25T00:00:00,0.0,28.9,7.2
1993-03-26T00:00:00,0.0,27.8,4.4
1993-03-27T00:00:00,0.0,22.8,5.6
1993-03-28T00:00:00,0.0,23.9,-0.6
1993-03-29T00:00:00,0.0,22.2,0.6
1993-03-30T00:00:00,0.0,20.0,1.7
1993-03-31T00:00:00,0.0,22.8,1.1
1993-04-01T00:00:00,0.0,19.4,1.7
1993-04-02T00:00:00,0.0,23.9,2.2
1993-04-03T00:00:00,0.0,22.2,0.6
1993-04-04T00:00:00,0.0,23.3,-0.6
1993-04-05T00:00:00,0.0,26.7,0.6
1993-04-06T00:00:00,0.0,24.4,0.6
1993-04-07T00:00:00,0.0,21.7,1.7
1993-04-08T00:00:00,4.8,21.1,2.2
1993-04-09T00:00:00,0.0,26.7,3.3
1993-04-10T00:00:00,0.0,31.1,2.8
1993-04-11T00:00:00,0.0,31.1,8.9
1993-04-12T00:00:00,0.0,28.3,5.6
1993-04-13T00:00:00,0.0,26.7,5.0
1993-04-14T00:00:00,19.1,22.8,4.4
1993-04-15T00:00:00,0.0,19.4,0.6
1993-04-16T00:00:00,0.0,,
1993-04-17T00:00:00,0.0,,
1993-04-18T00:00:00,0.0,30.6,1.1
1993-04-19T00:00:00,0.0,28.3,2.2
1993-04-20T00:00:00,0.0,28.9,2.8
1993-04-21T00:00:00,0.0,32.2,0.0
1993-04-22T00:00:00,0.0,31.7,0.0
1993-04-23T00:00:00,0.0,31.1,10.0
1993-04-24T00:00:00,0.0,28.3,7.8
1993-04-25T00:00:00,0.0,25.0,0.0
1993-04-26T00:00:00,0.0,21.1,1.1
1993-04-27T00:00:00,0.0,29.4,4.4
1993-04-28T00:00:00,0.0,31.7,7.2
1993-04-29T00:00:00,0.0,23.3,12.8
1993-04-30T00:00:00,3.3,28.3,10.0
1993-08-01T00:00:00,0.0,36.7,19.4
1993-08-02T00:00:00,0.0,35.6,17.2
1993-08-03T00:00:00,0.0,35.0,18.3
1993-08-04T00:00:00,0.0,35.0,17.8
1993-08-05T00:00:00,0.0,36.1,16.7
1993-08-06T00:00:00,0.0,33.3,17.2
1993-08-07T00:00:00,2.5,31.7,15.6
1993-08-08T00:00:00,0.0,35.0,17.8
1993-08-09T00:00:00,0.0,37.2,17.8
1993-08-10T00:00:00,3.6,39.4,18.3
1993-08-11T00:00:00,0.0,37.2,17.2
1993-08-12T00:00:00,0.0,33.3,16.1
1993-08-13T00:00:00,0.0,32.2,17.8
1993-08-14T00:00:00,5.1,33.3,15.6
1993-08-15T00:00:00,0.0,29.4,16.7
1993-08-16T00:00:00,0.0,31.7,17.8
1993-08-17T00:00:00,2.5,31.7,15.6
1993-08-18T00:00:00,0.0,35.0,17.8
1993-08-19T00:00:00,2.5,36.1,19.4
1993-08-20T00:00:00,9.7,33.9,15.6
1993-08-21T00:00:00,5.6,35.0,17.8
1993-08-22T00:00:00,0.0,36.1,16.7
1993-08-23T00:00:00,0.0,37.2,17.2
1993-08-24T00:00:00,0.0,38.9,19.4
1993-08-25T00:00:00,0.0,37.8,20.0
1993-08-26T00:00:00,0.0,35.0,16.7
1993-08-27T00:00:00,0.0,36.1,15.6
1993-08-28T00:00:00,0.0,35.6,17.8
1993-08-29T00:00:00,6.1,35.0,15.6
1993-08-30T00:00:00,0.0,35.6,16.7
1993-08-31T00:00:00,0.8,33.3,16.7
1993-10-01T00:00:00,0.0,31.1,17.2
1993-10-02T00:00:00,0.0,30.6,20.0
1993-10-03T00:00:00,0.0,31.1,17.2
1993-10-04T00:00:00,0.0,35.6,15.6
1993-10-05T00:00:00,0.0,32.2,12.8
1993-10-06T00:00:00,0.0,29.4,10.6
1993-10-07T00:00:00,2.0,28.9,16.1
1993-10-08T00:00:00,0.0,29.4,14.4
1993-10-09T00:00:00,0.0,20.0,2.8
1993-10-10T00:00:00,0.0,27.2,1.7
1993-10-11T00:00:00,0.0,27.8,10.0
1993-10-12T00:00:00,0.0,32.2,9.4
1993-10-13T00:00:00,0.0,30.6,10.0
1993-10-14T00:00:00,0.0,29.4,6.1
1993-10-15T00:00:00,0.0,28.3,7.8
1993-10-16T00:00:00,0.0,28.9,8.3
1993-10-17T00:00:00,0.0,27.2,10.0
1993-10-18T00:00:00,0.0,28.3,16.1
1993-10-19T00:00:00,0.0,27.2,13.9
1993-10-20T00:00:00,0.0,18.3,10.6
1993-10-21T00:00:00,4.1,16.7,3.3
1993-10-22T00:00:00,0.0,18.3,-0.6
1993-10-23T00:00:00,0.0,18.3,0.0
1993-10-24T00:00:00,0.0,22.2,1.1
1993-10-25T00:00:00,0.0,26.1,1.7
1993-10-26T00:00:00,0.0,25.0,0.6
1993-10-27T00:00:00,14.5,23.3,0.6
1993-10-28T00:00:00,0.0,25.6,4.4
1993-10-29T00:00:00,0.0,,-0.6
1993-10-30T00:00:00,1.0,10.6,-7.8
1993-10-31T00:00:00,0.0,19.4,0.0
1993-12-01T00:00:00,0.0,16.1,-1.1
1993-12-02T00:00:00,0.0,17.8,-0.6
1993-12-03T00:00:00,0.0,12.8,0.0
1993-12-04T00:00:00,0.0,18.9,-2.8
1993-12-05T00:00:00,0.0,21.1,-3.9
1993-12-06T00:00:00,0.0,21.7,-5.6
1993-12-07T00:00:00,0.0,22.8,-2.2
1993-12-08T00:00:00,0.0,21.1,-1.1
1993-12-09T00:00:00,0.0,23.9,8.3
1993-12-10T00:00:00,0.0,21.1,5.0
1993-12-11T00:00:00,0.0,16.7,0.0
1993-12-12T00:00:00,0.0,20.0,0.6
1993-12-13T00:00:00,0.0,16.7,1.7
1993-12-14T00:00:00,0.0,15.6,-5.0
1993-12-15T00:00:00,0.0,19.4,-5.0
1993-12-16T00:00:00,0.0,16.7,-2.2
1993-12-17T00:00:00,0.0,13.3,-5.0
1993-12-18T00:00:00,0.0,13.9,-6.7
1993-12-19T00:00:00,0.0,14.4,-4.4
1993-12-20T00:00:00,0.0,16.1,-5.0
1993-12-21T00:00:00,0.0,11.1,-2.2
1993-12-22T00:00:00,0.0,8.9,-5.0
1993-12-23T00:00:00,0.0,8.3,-6.7
1993-12-24T00:00:00,0.0,10.0,-10.6
1993-12-25T00:00:00,0.0,16.7,-5.0
1993-12-26T00:00:00,0.0,20.6,2.2
1993-12-27T00:00:00,0.0,18.9,0.0
1993-12-28T00:00:00,0.0,10.6,3.3
1993-12-29T00:00:00,0.8,5.0,0.0
1993-12-30T00:00:00,0.0,8.3,2.2
1993-12-31T00:00:00,0.0,7.2,0.0
1994-01-01T00:00:00,0.0,17.2,-4.4
1994-01-02T00:00:00,0.0,17.8,4.4
1994-01-03T00:00:00,0.0,22.8,-5.0
1994-01-04T00:00:00,0.0,17.2,-0.6
1994-01-05T00:00:00,0.0,23.3,-3.9
1994-01-06T00:00:00,0.0,13.9,-4.4
1994-01-07T00:00:00,0.0,13.9,-4.4
1994-01-08T00:00:00,0.0,12.2,-2.2
1994-01-09T00:00:00,0.0,18.3,-2.2
1994-01-10T00:00:00,0.0,15.0,-3.3
1994-01-11T00:00:00,0.0,13.9,-4.4
1994-01-12T00:00:00,0.0,12.8,-5.0
1994-01-13T00:00:00,0.0,16.7,-3.9
1994-01-14T00:00:00,0.0,20.6,-3.3
1994-01-15T00:00:00,0.0,17.2,-2.8
1994-01-16T00:00:00,0.0,16.1,-1.7
1994-01-17T00:00:00,0.0,22.2,-6.1
1994-01-18T00:00:00,0.0,12.2,-2.2
1994-01-19T00:00:00,0.0,16.7,-9.4
1994-01-20T00:00:00,0.0,10.0,-1.1
1994-01-21T00:00:00,0.0,8.9,-3.9
1994-01-22T00:00:00,0.0,10.0,-3.3
1994-01-23T00:00:00,0.0,13.9,-5.6
1994-01-24T00:00:00,0.0,17.2,-1.7
1994-01-25T00:00:00,0.0,21.7,1.7
1994-01-26T00:00:00,0.0,20.6,-2.2
1994-01-27T00:00:00,0.0,17.2,-1.7
1994-01-28T00:00:00,0.0,16.1,-3.9
1994-01-29T00:00:00,0.0,15.6,-5.6
1994-01-30T00:00:00,2.5,6.1,-3.3
1994-01-31T00:00:00,0.0,-1.1,-3.9
1994-02-01T00:00:00,0.0,5.6,-6.7
1994-02-02T00:00:00,2.5,5.6,-12.2
1994-02-03T00:00:00,0.0,13.3,-10.6
1994-02-04T00:00:00,0.0,19.4,-2.8
1994-02-05T00:00:00,0.0,19.4,0.6
1994-02-06T00:00:00,0.0,21.1,-2.2
1994-02-07T00:00:00,0.0,22.2,-2.8
1994-02-08T00:00:00,0.0,16.7,-7.8
1994-02-09T00:00:00,0.0,20.0,-6.1
1994-02-10T00:00:00,0.0,19.4,-2.2
1994-02-11T00:00:00,0.0,20.6,-1.1
1994-02-12T00:00:00,0.0,18.3,-6.1
1994-02-13T00:00:00,0.0,17.2,-7.8
1994-02-14T00:00:00,0.0,18.9,-8.9
1994-02-15T00:00:00,0.0,18.3,0.0
1994-02-16T00:00:00,0.0,16.1,-0.6
1994-02-17T00:00:00,0.0,22.2,-3.9
1994-02-18T00:00:00,0.0,23.3,1.7
1994-02-19T00:00:00,0.0,21.1,6.1
1994-02-20T00:00:00,0.0,23.9,-8.3
1994-02-21T00:00:00,0.0,21.1,-5.0
1994-02-22T00:00:00,0.0,22.2,-2.2
1994-02-23T00:00:00,0.0,18.9,-1.1
1994-02-24T00:00:00,0.0,20.6,-2.2
1994-02-25T00:00:00,0.0,22.8,-3.3
1994-02-26T00:00:00,0.0,22.8,-3.3
1994-02-27T00:00:00,0.0,23.3,-3.3
1994-02-28T00:00:00,0.0,23.3,-3.3
1994-05-01T00:00:00,0.0,26.7,9.4
1994-05-02T00:00:00,0.0,27.2,7.2
1994-05-03T00:00:00,16.5,30.0,8.9
1994-05-04T00:00:00,0.0,29.4,7.2
1994-05-05T00:00:00,0.0,30.0,8.3
1994-05-06T00:00:00,0.0,32.2,12.2
1994-05-07T00:00:00,0.0,37.8,16.7
1994-05-08T00:00:00,0.0,29.4,17.2
1994-05-09T00:00:00,0.0,30.6,17.8
1994-05-10T00:00:00,11.9,28.3,11.1
1994-05-11T00:00:00,0.0,38.9,15.6
1994-05-12T00:00:00,4.3,30.6,11.7
1994-05-13T00:00:00,0.0,27.8,7.8
1994-05-14T00:00:00,0.0,30.6,10.6
1994-05-15T00:00:00,0.0,27.8,11.7
1994-05-16T00:00:00,0.0,28.3,12.8
1994-05-17T00:00:00,0.0,32.2,12.2
1994-05-18T00:00:00,0.0,30.6,12.8
1994-05-19T00:00:00,0.0,29.4,14.4
1994-05-20T00:00:00,0.0,28.3,12.2
1994-05-21T00:00:00,16.3,27.8,11.7
1994-05-22T00:00:00,0.5,22.2,11.1
1994-05-23T00:00:00,0.0,29.4,10.6
1994-05-24T00:00:00,5.1,31.1,13.9
1994-05-25T00:00:00,0.0,27.8,13.3
1994-05-26T00:00:00,10.7,25.6,13.3
1994-05-27T00:00:00,0.0,24.4,9.4
1994-05-28T00:00:00,0.0,33.9,12.8
1994-05-29T00:00:00,0.0,34.4,15.0
1994-05-30T00:00:00,0.0,34.4,15.0
1994-05-31T00:00:00,0.0,33.9,15.6
1994-06-01T00:00:00,0.0,30.0,15.6
1994-06-02T00:00:00,0.0,31.1,18.3
1994-06-03T00:00:00,0.0,32.8,15.6
1994-06-04T00:00:00,0.0,37.8,16.7
1994-06-05T00:00:00,0.0,37.2,16.1
1994-06-06T00:00:00,0.0,38.3,18.3
1994-06-07T00:00:00,0.0,37.8,16.7
1994-06-08T00:00:00,0.0,37.8,16.1
1994-06-09T00:00:00,0.0,41.7,18.3
1994-06-10T00:00:00,0.0,42.2,17.8
1994-06-11T00:00:00,0.0,38.9,15.6
1994-06-12T00:00:00,5.1,37.2,18.3
1994-06-13T00:00:00,0.0,35.6,16.1
1994-06-14T00:00:00,0.0,37.8,16.1
1994-06-15T00:00:00,0.0,37.8,19.4
1994-06-16T00:00:00,0.0,41.7,16.1
1994-06-17T00:00:00,0.0,39.4,20.6
1994-06-18T00:00:00,0.0,34.4,20.0
1994-06-19T00:00:00,0.0,33.3,16.1
1994-06-20T00:00:00,0.0,33.3,16.1
1994-06-21T00:00:00,0.0,40.0,16.7
1994-06-22T00:00:00,0.0,37.8,17.2
1994-06-23T00:00:00,0.0,43.3,21.1
1994-06-24T00:00:00,0.0,41.1,16.1
1994-06-25T00:00:00,0.0,43.9,20.0
1994-06-26T00:00:00,0.0,46.1,22.8
1994-06-27T00:00:00,0.0,46.1,25.0
1994-06-28T00:00:00,0.0,43.3,24.4
1994-06-29T00:00:00,0.0,36.7,21.7
1994-06-30T00:00:00,0.0,42.8,21.1
1994-07-01T00:00:00,0.0,39.4,20.0
1994-07-02T00:00:00,0.0,42.8,20.0
1994-07-03T00:00:00,0.0,41.7,21.1
1994-07-04T00:00:00,0.0,42.2,18.3
1994-07-05T00:00:00,0.0,42.8,21.1
1994-07-06T00:00:00,0.0,43.3,22.8
1994-07-07T00:00:00,0.0,43.3,20.6
1994-07-08T00:00:00,0.0,35.0,20.0
1994-07-09T00:00:00,11.7,33.3,16.7
1994-07-10T00:00:00,0.0,33.9,16.1
1994-07-11T00:00:00,0.0,38.3,21.1
1994-07-12T00:00:00,0.0,38.9,16.1
1994-07-13T00:00:00,0.0,42.8,16.1
1994-07-14T00:00:00,0.0,37.8,17.8
1994-07-15T00:00:00,0.0,37.2,18.3
1994-07-16T00:00:00,0.0,38.3,20.0
1994-07-17T00:00:00,0.0,38.9,15.6
1994-07-18T00:00:00,0.0,36.7,20.0
1994-07-19T00:00:00,0.0,37.2,21.1
1994-07-20T00:00:00,0.0,38.3,31.7
1994-07-21T00:00:00,0.0,39.4,20.6
1994-07-22T00:00:00,0.0,40.0,20.0
1994-07-23T00:00:00,0.0,39.4,18.3
1994-07-24T00:00:00,0.0,38.3,24.4
1994-07-25T00:00:00,0.0,37.8,23.9
1994-07-26T00:00:00,0.0,32.2,22.2
1994-07-27T00:00:00,0.0,32.2,19.4
1994-07-28T00:00:00,0.0,37.8,20.0
1994-07-29T00:00:00,0.0,31.1,21.7
1994-07-30T00:00:00,0.0,38.9,22.8
1994-07-31T00:00:00,0.0,37.2,23.3
1994-08-01T00:00:00,0.0,35.6,15.6
1994-08-02T00:00:00,0.0,35.6,16.1
1994-08-03T00:00:00,0.0,35.6,16.7
1994-08-04T00:00:00,1.5,35.6,18.3
1994-08-05T00:00:00,0.0,34.4,18.3
1994-08-06T00:00:00,0.0,40.6,20.6
1994-08-07T00:00:00,0.0,40.6,18.3
1994-08-08T00:00:00,0.0,36.1,19.4
1994-08-09T00:00:00,0.0,36.1,18.9
1994-08-10T00:00:00,0.0,32.8,16.7
1994-08-11T00:00:00,0.0,32.2,17.2
1994-08-12T00:00:00,0.0,35.6,19.4
1994-08-13T00:00:00,0.0,36.1,17.8
1994-08-14T00:00:00,0.0,36.7,15.6
1994-08-15T00:00:00,0.0,40.6,20.6
1994-08-16T00:00:00,8.1,40.0,22.2
1994-08-17T00:00:00,2.8,39.4,22.8
1994-08-18T00:00:00,0.0,38.3,25.6
1994-08-19T00:00:00,0.0,39.4,17.8
1994-08-20T00:00:00,0.0,39.4,19.4
1994-08-21T00:00:00,0.0,34.4,20.6
1994-08-22T00:00:00,17.8,29.4,16.1
1994-08-23T00:00:00,0.0,37.2,18.3
1994-08-24T00:00:00,0.0,35.6,21.1
1994-08-25T00:00:00,0.0,36.7,20.6
1994-08-26T00:00:00,0.0,36.7,16.1
1994-08-27T00:00:00,0.0,33.9,17.2
1994-08-28T00:00:00,0.0,35.0,16.7
1994-08-29T00:00:00,0.0,34.4,30.6
1994-08-30T00:00:00,0.0,33.9,17.2
1994-08-31T00:00:00,10.4,35.6,17.2
1994-11-01T00:00:00,0.0,26.7,3.9
1994-11-02T00:00:00,0.0,28.3,3.3
1994-11-03T00:00:00,0.0,23.3,10.6
1994-11-04T00:00:00,5.1,22.8,11.1
1994-11-05T00:00:00,0.0,24.4,10.0
1994-11-06T00:00:00,0.0,23.3,2.8
1994-11-07T00:00:00,0.0,26.7,3.3
1994-11-08T00:00:00,0.0,27.2,-1.1
1994-11-09T00:00:00,0.0,26.1,2.8
1994-11-10T00:00:00,0.0,22.8,-0.6
1994-11-11T00:00:00,0.0,16.7,6.1
1994-11-12T00:00:00,6.4,15.6,7.2
1994-11-13T00:00:00,4.1,17.2,8.3
1994-11-14T00:00:00,0.0,18.3,6.1
1994-11-15T00:00:00,0.0,17.2,4.4
1994-11-16T00:00:00,0.0,16.7,-1.7
1994-11-17T00:00:00,0.0,19.4,-1.1
1994-11-18T00:00:00,0.0,21.7,1.7
1994-11-19T00:00:00,0.0,22.2,-0.6
1994-11-20T00:00:00,0.0,23.9,3.3
1994-11-21T00:00:00,0.0,21.1,0.0
1994-11-22T00:00:00,0.0,20.6,-2.2
1994-11-23T00:00:00,0.0,19.4,-1.7
1994-11-24T00:00:00,0.0,21.7,-1.1
1994-11-25T00:00:00,0.0,20.6,0.0
1994-11-26T00:00:00,0.0,22.2,-2.8
1994-11-27T00:00:00,0.0,21.7,-0.6
1994-11-28T00:00:00,0.0,20.0,-2.8
1994-11-29T00:00:00,0.0,17.2,-1.7
1994-11-30T00:00:00,0.0,21.7,-3.9
1994-12-01T00:00:00,0.0,21.1,-4.4
1994-12-02T00:00:00,0.0,19.4,-4.4
1994-12-03T00:00:00,0.0,15.6,-5.0
1994-12-04T00:00:00,0.0,16.7,-4.4
1994-12-05T00:00:00,0.0,18.3,-2.8
1994-12-06T00:00:00,0.0,21.1,-2.2
1994-12-07T00:00:00,0.0,23.9,1.7
1994-12-08T00:00:00,0.0,21.7,1.1
1994-12-09T00:00:00,0.0,18.3,-2.8
1994-12-10T00:00:00,0.0,7.2,-6.7
1994-12-11T00:00:00,0.0,8.9,-4.4
1994-12-12T00:00:00,0.0,13.3,-3.3
1994-12-13T00:00:00,0.0,15.0,-3.9
1994-12-14T00:00:00,0.0,17.2,2.8
1994-12-15T00:00:00,0.0,19.4,-0.6
1994-12-16T00:00:00,0.0,18.3,-3.3
1994-12-17T00:00:00,0.0,17.8,-2.2
1994-12-18T00:00:00,0.0,19.4,1.7
1994-12-19T00:00:00,0.0,21.1,1.1
1994-12-20T00:00:00,0.0,21.7,3.9
1994-12-21T00:00:00,0.0,22.8,-3.3
1994-12-22T00:00:00,0.0,22.8,-3.3
1994-12-23T00:00:00,0.0,11.1,-3.3
1994-12-24T00:00:00,1.3,13.3,3.3
1994-12-25T00:00:00,0.0,13.9,-2.2
1994-12-26T00:00:00,0.0,13.3,-1.7
1994-12-27T00:00:00,1.3,8.3,-3.3
1994-12-28T00:00:00,0.0,11.1,-3.3
1994-12-29T00:00:00,0.0,13.9,0.0
1994-12-30T00:00:00,0.0,13.3,-3.3
1994-12-31T00:00:00,0.0,14.4,-2.8
1995-01-01T00:00:00,0.0,13.3,-4.4
1995-01-02T00:00:00,0.0,2.8,-6.7
1995-01-03T00:00:00,0.0,3.3,-5.6
1995-01-04T00:00:00,3.3,2.2,-7.2
1995-01-05T00:00:00,2.3,5.6,-2.8
1995-01-06T00:00:00,0.0,7.8,2.2
1995-01-07T00:00:00,0.0,18.9,0.0
1995-01-08T00:00:00,0.0,20.0,-1.1
1995-01-09T00:00:00,0.0,22.8,1.7
1995-01-10T00:00:00,0.0,21.1,4.4
1995-01-11T00:00:00,0.0,21.1,6.1
1995-01-12T00:00:00,0.0,20.0,6.1
1995-01-13T00:00:00,0.0,21.1,5.0
1995-01-14T00:00:00,0.0,25.6,1.7
1995-01-15T00:00:00,0.0,23.9,0.0
1995-01-16T00:00:00,0.0,24.4,-2.8
1995-01-17T00:00:00,0.0,21.1,-2.2
1995-01-18T00:00:00,0.0,20.0,-5.6
1995-01-19T00:00:00,0.0,18.9,1.1
1995-01-20T00:00:00,0.0,16.7,-2.8
1995-01-21T00:00:00,0.0,15.6,-1.7
1995-01-22T00:00:00,0.0,14.4,-1.1
1995-01-23T00:00:00,0.0,12.8,-7.8
1995-01-24T00:00:00,0.0,11.7,-3.9
1995-01-25T00:00:00,0.0,16.1,-2.8
1995-01-26T00:00:00,2.0,14.4,2.2
1995-01-27T00:00:00,0.0,17.2,-6.7
1995-01-28T00:00:00,0.0,14.4,-3.3
1995-01-29T00:00:00,4.3,13.9,0.6
1995-01-30T00:00:00,0.0,15.0,-1.1
1995-01-31T00:00:00,0.0,13.3,-2.2
2000-12-01T00:00:00,0.0,18.9,2.8
2000-12-02T00:00:00,0.0,11.1,-1.1
2000-12-03T00:00:00,0.0,,
2000-12-04T00:00:00,1.5,6.1,-3.3
2000-12-05T00:00:00,0.0,9.4,-2.8
2000-12-06T00:00:00,0.0,17.2,-1.7
2000-12-07T00:00:00,0.0,10.6,-2.8
2000-12-08T00:00:00,0.0,20.0,1.7
2000-12-09T00:00:00,0.8,11.7,-1.7
2000-12-10T00:00:00,0.0,,
2000-12-11T00:00:00,0.0,19.4,1.7
2000-12-12T00:00:00,0.0,16.7,-6.1
2000-12-13T00:00:00,0.0,0.0,-7.2
2000-12-14T00:00:00,0.0,15.6,-2.8
2000-12-15T00:00:00,0.0,11.7,-2.8
2000-12-16T00:00:00,0.0,19.4,2.8
2000-12-17T00:00:00,0.0,,
2000-12-18T00:00:00,0.0,19.4,-1.1
2000-12-19T00:00:00,0.0,11.1,-7.8
2000-12-20T00:00:00,0.0,16.7,-4.4
2000-12-21T00:00:00,0.0,19.4,-7.2
2000-12-22T00:00:00,0.0,6.7,-7.8
2000-12-23T00:00:00,0.0,15.6,-3.3
2000-12-24T00:00:00,0.0,,
2000-12-25T00:00:00,0.0,,
2000-12-26T00:00:00,2.0,14.4,-7.2
2000-12-27T00:00:00,0.0,-1.7,-6.1
2000-12-28T00:00:00,1.5,7.2,-1.7
2000-12-29T00:00:00,0.0,11.1,-4.4
2000-12-30T00:00:00,0.0,7.2,-6.1
2000-12-31T00:00:00,0.0,,
2001-01-01T00:00:00,0.0,,
2001-01-02T00:00:00,0.0,9.4,-7.2
2001-01-03T00:00:00,0.0,-0.6,-5.0
2001-01-04T00:00:00,0.0,15.0,-1.1
2001-01-05T00:00:00,0.0,19.4,0.6
2001-01-06T00:00:00,0.0,17.2,2.8
2001-01-07T00:00:00,0.0,,
2001-01-08T00:00:00,0.0,21.1,-5.0
2001-01-09T00:00:00,0.0,11.1,-3.9
2001-01-10T00:00:00,0.3,8.3,-3.3
2001-01-11T00:00:00,0.0,12.2,-0.6
2001-01-12T00:00:00,0.0,17.2,-2.2
2001-01-13T00:00:00,0.0,13.3,0.0
2001-01-14T00:00:00,0.0,,
2001-01-15T00:00:00,0.0,,
2001-01-16T00:00:00,0.0,12.8,-5.6
2001-01-17T00:00:00,0.0,7.8,-5.6
2001-01-18T00:00:00,0.0,-3.9,-5.6
2001-01-19T00:00:00,0.0,1.7,-7.2
2001-01-20T00:00:00,0.0,7.8,-5.6
2001-01-21T00:00:00,0.0,,
2001-01-22T00:00:00,0.0,14.4,-5.0
2001-01-23T00:00:00,0.0,12.8,1.1
2001-01-24T00:00:00,0.0,9.4,-5.0
2001-01-25T00:00:00,1.0,2.2,-2.2
2001-01-26T00:00:00,0.0,17.8,-3.9
2001-01-27T00:00:00,3.3,13.3,-0.6
2001-01-28T00:00:00,,,
2001-01-29T00:00:00,5.3,1.7,-6.7
2001-01-30T00:00:00,0.0,11.7,0.0
2001-01-31T00:00:00,0.0,11.7,-2.8
2001-02-01T00:00:00,1.3,0.6,-3.3
2001-02-02T00:00:00,5.1,11.7,-1.1
2001-02-03T00:00:00,3.8,8.3,0.6
2001-02-04T00:00:00,,,
2001-02-05T00:00:00,0.3,15.6,0.6
2001-02-06T00:00:00,0.0,17.2,3.9
2001-02-07T00:00:00,0.0,20.6,4.4
2001-02-08T00:00:00,5.3,17.8,5.0
2001-02-09T00:00:00,0.5,7.8,1.7
2001-02-10T00:00:00,0.0,16.1,0.0
2001-02-11T00:00:00,0.0,,
2001-02-12T00:00:00,0.0,21.1,-0.6
2001-02-13T00:00:00,0.0,18.9,1.7
2001-02-14T00:00:00,0.0,21.7,6.1
2001-02-15T00:00:00,0.0,22.8,13.3
2001-02-16T00:00:00,0.0,15.0,-2.2
2001-02-17T00:00:00,0.0,11.7,1.1
2001-02-18T00:00:00,0.0,,
2001-02-19T00:00:00,0.0,15.6,2.8
2001-02-20T00:00:00,0.0,16.1,3.9
2001-02-21T00:00:00,0.0,25.0,4.4
2001-02-22T00:00:00,0.0,28.9,13.3
2001-02-23T00:00:00,0.0,26.7,5.0
2001-02-24T00:00:00,0.0,23.3,6.1
2001-02-25T00:00:00,,,
2001-02-26T00:00:00,1.5,13.9,1.7
2001-02-27T00:00:00,1.3,3.3,1.1
2001-02-28T00:00:00,1.5,6.7,1.7
2001-04-01T00:00:00,0.0,,
2001-04-02T00:00:00,0.0,27.8,12.8
2001-04-03T00:00:00,0.0,29.4,3.3
2001-04-04T00:00:00,0.0,28.3,8.9
2001-04-05T00:00:00,0.0,29.4,8.9
2001-04-06T00:00:00,0.0,30.0,11.7
2001-04-07T00:00:00,0.0,26.7,3.3
2001-04-08T00:00:00,0.0,,
2001-04-09T00:00:00,0.0,27.2,5.6
2001-04-10T00:00:00,0.0,27.8,5.6
2001-04-11T00:00:00,0.0,24.4,1.1
2001-04-12T00:00:00,0.0,25.6,4.4
2001-04-13T00:00:00,0.0,22.2,2.2
2001-04-14T00:00:00,0.0,26.7,7.2
2001-04-15T00:00:00,0.0,,
2001-04-16T00:00:00,0.0,30.0,5.6
2001-04-17T00:00:00,0.5,29.4,3.9
2001-04-18T00:00:00,0.3,6.1,3.9
2001-04-19T00:00:00,0.0,26.7,6.1
2001-04-20T00:00:00,0.0,32.2,6.1
2001-04-21T00:00:00,0.0,30.0,16.1
2001-04-22T00:00:00,0.0,,
2001-04-23T00:00:00,0.0,31.7,5.0
2001-04-24T00:00:00,0.0,21.1,1.7
2001-04-25T00:00:00,0.0,22.8,3.3
2001-04-26T00:00:00,0.0,24.4,3.3
2001-04-27T00:00:00,0.0,26.7,5.0
2001-04-28T00:00:00,0.0,26.7,6.1
2001-04-29T00:00:00,,,
2001-04-30T00:00:00,12.7,27.2,7.8
2001-05-01T00:00:00,0.0,30.6,10.0
2001-05-02T00:00:00,0.0,33.3,13.3
2001-05-03T00:00:00,0.0,31.1,11.1
2001-05-04T00:00:00,2.5,28.9,10.0
2001-05-05T00:00:00,0.0,20.6,4.4
2001-05-06T00:00:00,0.0,,
2001-05-07T00:00:00,0.0,26.7,10.0
2001-05-08T00:00:00,0.0,28.9,10.0
2001-05-09T00:00:00,0.0,27.8,12.8
2001-05-10T00:00:00,0.0,31.1,12.2
2001-05-11T00:00:00,0.0,32.2,15.6
2001-05-12T00:00:00,10.2,31.7,12.2
2001-05-13T00:00:00,,,
2001-05-14T00:00:00,5.1,26.7,18.3
2001-05-15T00:00:00,0.0,28.3,12.8
2001-05-16T00:00:00,2.5,31.1,18.3
2001-05-17T00:00:00,0.0,34.4,17.8
2001-05-18T00:00:00,0.0,32.8,14.4
2001-05-19T00:00:00,0.0,33.3,18.3
2001-05-20T00:00:00,0.0,,
2001-05-21T00:00:00,0.0,30.6,7.8
2001-05-22T00:00:00,0.0,19.4,6.1
2001-05-23T00:00:00,0.0,26.7,9.4
2001-05-24T00:00:00,0.0,31.7,15.6
2001-05-25T00:00:00,0.0,31.7,15.0
2001-05-26T00:00:00,0.0,36.1,17.8
2001-05-27T00:00:00,0.0,,
2001-05-28T00:00:00,0.0,,
2001-05-29T00:00:00,0.0,36.1,17.8
2001-05-30T00:00:00,0.0,35.0,15.6
2001-05-31T00:00:00,0.0,35.0,16.7
2001-06-01T00:00:00,0.0,31.7,15.6
2001-06-02T00:00:00,0.0,35.0,16.7
2001-06-03T00:00:00,0.0,,
2001-06-04T00:00:00,0.0,37.8,16.7
2001-06-05T00:00:00,0.0,35.0,16.7
2001-06-06T00:00:00,0.0,36.1,17.2
2001-06-07T00:00:00,0.0,36.7,17.2
2001-06-08T00:00:00,6.4,33.3,15.6
2001-06-09T00:00:00,0.0,30.6,16.7
2001-06-10T00:00:00,0.0,,
2001-06-11T00:00:00,0.0,37.8,16.7
2001-06-12T00:00:00,0.0,39.4,21.7
2001-06-13T00:00:00,0.0,36.1,22.2
2001-06-14T00:00:00,0.0,34.4,17.8
2001-06-15T00:00:00,0.0,31.7,12.8
2001-06-16T00:00:00,0.0,33.3,15.6
2001-06-17T00:00:00,0.0,,
2001-06-18T00:00:00,0.0,34.4,13.9
2001-06-19T00:00:00,0.0,36.7,16.7
2001-06-20T00:00:00,0.0,35.6,17.8
2001-06-21T00:00:00,0.0,33.9,16.1
2001-06-22T00:00:00,0.0,32.8,19.4
2001-06-23T00:00:00,0.0,35.0,20.6
2001-06-24T00:00:00,,,
2001-06-25T00:00:00,1.8,36.7,17.2
2001-06-26T00:00:00,0.0,34.4,20.0
2001-06-27T00:00:00,1.5,32.8,18.9
2001-06-28T00:00:00,0.0,32.2,17.8
2001-06-29T00:00:00,0.0,35.6,18.3
2001-06-30T00:00:00,0.0,36.1,19.4
2001-07-01T00:00:00,,,
2001-07-02T00:00:00,6.6,36.7,17.2
2001-07-03T00:00:00,0.0,32.2,16.7
2001-07-04T00:00:00,0.0,,
2001-07-05T00:00:00,0.0,32.8,16.7
2001-07-06T00:00:00,0.0,34.4,19.4
2001-07-07T00:00:00,0.0,36.1,20.6
2001-07-08T00:00:00,0.0,,
2001-07-09T00:00:00,0.0,36.7,17.8
2001-07-10T00:00:00,0.0,36.1,18.9
2001-07-11T00:00:00,0.0,36.7,20.0
2001-07-12T00:00:00,0.0,37.2,20.6
2001-07-13T00:00:00,0.0,37.8,20.6
2001-07-14T00:00:00,0.0,38.3,20.0
2001-07-15T00:00:00,0.0,,
2001-07-16T00:00:00,0.8,37.8,20.0
2001-07-17T00:00:00,0.0,36.7,21.1
2001-07-18T00:00:00,0.3,36.7,20.6
2001-07-19T00:00:00,1.8,37.8,21.1
2001-07-20T00:00:00,0.0,35.6,20.6
2001-07-21T00:00:00,0.0,35.6,21.1
2001-07-22T00:00:00,0.0,,
2001-07-23T00:00:00,0.8,38.9,20.0
2001-07-24T00:00:00,0.0,38.3,20.0
2001-07-25T00:00:00,0.0,37.2,21.1
2001-07-26T00:00:00,0.0,37.2,20.0
2001-07-27T00:00:00,0.0,36.1,21.1
2001-07-28T00:00:00,2.8,36.7,20.0
2001-07-29T00:00:00,0.0,,
2001-07-30T00:00:00,2.5,,
2001-07-31T00:00:00,0.0,,
2001-08-01T00:00:00,,,
2001-08-02T00:00:00,,,
2001-08-03T00:00:00,,,
2001-08-04T00:00:00,,,
2001-08-05T00:00:00,,,
2001-08-06T00:00:00,,,
2001-08-07T00:00:00,1.8,,
2001-08-08T00:00:00,,,
2001-08-09T00:00:00,,,
2001-08-10T00:00:00,3.8,,
2001-08-11T00:00:00,0.0,29.4,18.3
2001-08-12T00:00:00,,,
2001-08-13T00:00:00,1.3,35.0,17.8
2001-08-14T00:00:00,0.0,34.4,18.3
2001-08-15T00:00:00,0.0,33.9,20.0
2001-08-16T00:00:00,2.8,31.1,17.8
2001-08-17T00:00:00,1.3,30.6,15.6
2001-08-18T00:00:00,0.0,31.7,18.9
2001-08-19T00:00:00,0.0,,
2001-08-20T00:00:00,0.0,36.1,16.7
2001-08-21T00:00:00,0.0,35.6,19.4
2001-08-22T00:00:00,1.8,35.6,16.7
2001-08-23T00:00:00,0.0,35.6,17.8
2001-08-24T00:00:00,0.0,36.1,20.0
2001-08-25T00:00:00,0.0,38.3,18.9
2001-08-26T00:00:00,,,
2001-08-27T00:00:00,3.3,36.7,15.6
2001-08-28T00:00:00,0.0,31.1,16.7
2001-08-29T00:00:00,0.0,31.7,17.2
2001-08-30T00:00:00,0.8,29.4,15.6
2001-08-31T00:00:00,0.0,31.7,15.0
2001-09-01T00:00:00,0.0,30.6,16.1
2001-09-02T00:00:00,0.0,,
2001-09-03T00:00:00,0.0,,
2001-09-04T00:00:00,0.0,35.0,15.6
2001-09-05T00:00:00,0.0,31.1,13.3
2001-09-06T00:00:00,0.0,30.6,15.6
2001-09-07T00:00:00,0.0,37.2,21.7
2001-09-08T00:00:00,0.0,35.0,13.3
2001-09-09T00:00:00,0.0,,
2001-09-10T00:00:00,0.0,35.0,12.8
2001-09-11T00:00:00,0.0,28.3,14.4
2001-09-12T00:00:00,0.0,30.0,15.6
2001-09-13T00:00:00,0.0,30.0,19.4
2001-09-14T00:00:00,0.0,28.9,18.9
2001-09-15T00:00:00,0.3,29.4,17.8
2001-09-16T00:00:00,,,
2001-09-17T00:00:00,1.8,32.2,15.0
2001-09-18T00:00:00,0.0,34.4,16.7
2001-09-19T00:00:00,0.0,32.2,14.4
2001-09-20T00:00:00,0.0,34.4,15.6
2001-09-21T00:00:00,0.0,37.2,16.7
2001-09-22T00:00:00,0.0,31.1,12.8
2001-09-23T00:00:00,,,
2001-09-24T00:00:00,10.4,31.1,12.2
2001-09-25T00:00:00,0.0,26.1,9.4
2001-09-26T00:00:00,0.0,26.7,8.3
2001-09-27T00:00:00,0.0,29.4,10.6
2001-09-28T00:00:00,0.0,32.8,13.9
2001-09-29T00:00:00,0.0,33.9,12.2
2001-09-30T00:00:00,0.0,,
2001-10-01T00:00:00,0.0,33.9,10.0
2001-10-02T00:00:00,0.0,23.9,12.8
2001-10-03T00:00:00,0.0,28.3,13.3
2001-10-04T00:00:00,0.0,31.1,15.0
2001-10-05T00:00:00,0.0,31.1,10.0
2001-10-06T00:00:00,0.0,15.6,7.8
2001-10-07T00:00:00,0.0,,
2001-10-08T00:00:00,0.0,,
2001-10-09T00:00:00,0.0,29.4,7.2
2001-10-10T00:00:00,0.0,27.8,10.6
2001-10-11T00:00:00,0.3,24.4,6.1
2001-10-12T00:00:00,0.0,26.7,9.4
2001-10-13T00:00:00,1.5,23.9,14.4
2001-10-14T00:00:00,0.0,,
2001-10-15T00:00:00,0.0,26.7,7.8
2001-10-16T00:00:00,0.0,21.7,1.7
2001-10-17T00:00:00,0.0,20.6,3.9
2001-10-18T00:00:00,0.0,30.6,4.4
2001-10-19T00:00:00,0.0,31.7,7.2
2001-10-20T00:00:00,0.0,31.7,7.2
2001-10-21T00:00:00,0.0,,
2001-10-22T00:00:00,0.0,32.2,6.7
2001-10-23T00:00:00,0.0,30.0,12.2
2001-10-24T00:00:00,0.0,30.6,12.2
2001-10-25T00:00:00,0.0,27.8,6.7
2001-10-26T00:00:00,0.0,21.7,6.1
2001-10-27T00:00:00,0.0,21.7,6.1
2001-10-28T00:00:00,0.0,,
2001-10-29T00:00:00,2.5,27.2,7.2
2001-10-30T00:00:00,0.0,27.8,7.2
2001-10-31T00:00:00,0.0,27.8,7.2
2001-11-01T00:00:00,0.0,28.3,11.1
2001-11-02T00:00:00,0.0,28.3,10.6
2001-11-03T00:00:00,0.0,25.6,9.4
2001-11-04T00:00:00,0.0,,
2001-11-05T00:00:00,2.5,25.6,8.3
2001-11-06T00:00:00,0.0,22.8,7.8
2001-11-07T00:00:00,0.0,23.3,10.6
2001-11-08T00:00:00,0.0,26.7,7.8
2001-11-09T00:00:00,0.0,14.4,2.2
2001-11-10T00:00:00,1.3,8.3,2.2
2001-11-11T00:00:00,0.0,,
2001-11-12T00:00:00,0.0,,
2001-11-13T00:00:00,0.0,22.8,4.4
2001-11-14T00:00:00,0.0,25.0,11.1
2001-11-15T00:00:00,16.5,20.6,7.8
2001-11-16T00:00:00,24.9,20.6,7.8
2001-11-17T00:00:00,0.0,12.8,5.6
2001-11-18T00:00:00,0.0,,
2001-11-19T00:00:00,0.0,22.2,4.4
2001-11-20T00:00:00,0.0,4.4,-1.7
2001-11-21T00:00:00,0.0,14.4,1.1
2001-11-22T00:00:00,0.0,,
2001-11-23T00:00:00,0.0,21.7,6.7
2001-11-24T00:00:00,0.0,16.1,0.6
2001-11-25T00:00:00,0.0,,
2001-11-26T00:00:00,0.0,20.6,1.7
2001-11-27T00:00:00,0.0,11.7,-1.1
2001-11-28T00:00:00,0.3,1.7,-7.2
2001-11-29T00:00:00,0.0,-1.1,-8.3
2001-11-30T00:00:00,0.0,7.8,-2.2
2001-12-01T00:00:00,0.0,15.0,5.0
2001-12-03T00:00:00,0.0,21.7,-0.6
2001-12-04T00:00:00,0.5,22.2,2.8
2001-12-05T00:00:00,0.0,22.2,4.4
2001-12-06T00:00:00,0.0,16.1,0.0
2001-12-07T00:00:00,0.0,17.8,2.8
2001-12-08T00:00:00,0.0,17.8,1.7
2001-12-10T00:00:00,0.0,13.3,-3.9
2001-12-11T00:00:00,0.0,11.7,-3.9
2001-12-12T00:00:00,0.3,13.3,0.6
2001-12-13T00:00:00,0.8,10.6,-2.8
2001-12-14T00:00:00,0.0,10.6,-1.7
2001-12-15T00:00:00,0.0,13.9,-4.4
2001-12-16T00:00:00,,,
2001-12-17T00:00:00,3.3,16.7,-0.6
2001-12-18T00:00:00,0.0,20.0,-5.0
2001-12-19T00:00:00,0.0,19.4,-3.9
2001-12-20T00:00:00,0.0,13.9,-3.9
2001-12-21T00:00:00,0.0,16.7,-0.6
2001-12-22T00:00:00,0.0,20.6,-3.9
2001-12-24T00:00:00,0.0,13.9,-5.0
2001-12-25T00:00:00,,,
2001-12-26T00:00:00,2.0,12.2,-6.7
2001-12-27T00:00:00,0.0,10.0,-3.3
2001-12-28T00:00:00,0.0,12.8,-3.3
2001-12-29T00:00:00,0.0,20.0,-3.9
2001-12-31T00:00:00,0.0,7.8,-8.3
2002-01-01T00:00:00,,,
2002-01-02T00:00:00,5.1,0.0,-7.2
2002-01-03T00:00:00,0.5,0.0,-6.1
2002-01-04T00:00:00,0.0,9.4,-2.2
2002-01-05T00:00:00,0.0,13.9,1.7
2002-01-06T00:00:00,0.0,,
2002-01-07T00:00:00,0.0,13.3,-1.7
2002-01-08T00:00:00,0.0,18.3,3.9
2002-01-09T00:00:00,0.0,21.7,8.3
2002-01-10T00:00:00,0.0,23.3,5.6
2002-01-11T00:00:00,0.0,11.7,2.8
2002-01-12T00:00:00,0.0,12.8,-3.3
2002-01-13T00:00:00,0.0,,
2002-01-14T00:00:00,0.0,20.6,-3.9
2002-01-15T00:00:00,0.0,15.6,-0.6
2002-01-16T00:00:00,0.0,21.1,2.2
2002-01-17T00:00:00,0.0,21.7,-2.2
2002-01-18T00:00:00,0.0,13.3,0.0
2002-01-19T00:00:00,0.0,18.9,-5.0
2002-01-20T00:00:00,0.0,,
2002-01-21T00:00:00,0.0,,
2002-01-22T00:00:00,0.0,17.8,-4.4
2002-01-23T00:00:00,0.0,20.0,8.3
2002-01-24T00:00:00,0.0,18.3,-1.7
2002-01-25T00:00:00,0.0,6.7,-5.0
2002-01-26T00:00:00,0.0,15.6,-5.0
2002-01-27T00:00:00,0.0,,
2002-01-28T00:00:00,0.0,24.4,0.0
2002-01-29T00:00:00,0.0,20.0,5.6
2002-01-30T00:00:00,0.0,13.9,6.1
2002-01-31T00:00:00,0.3,13.3,-6.1
2002-02-01T00:00:00,0.0,7.8,-10.6
2002-02-02T00:00:00,0.0,7.8,-5.6
2002-02-03T00:00:00,,,
2002-02-04T00:00:00,2.8,11.7,-1.7
2002-02-05T00:00:00,14.5,1.7,-0.6
2002-02-06T00:00:00,0.0,3.3,-3.9
2002-02-07T00:00:00,0.0,12.8,0.0
2002-02-08T00:00:00,0.0,16.7,1.7
2002-02-09T00:00:00,0.0,18.3,2.8
2002-02-10T00:00:00,0.0,,
2002-02-11T00:00:00,0.0,11.7,-5.6
2002-02-12T00:00:00,0.0,16.7,1.1
2002-02-13T00:00:00,0.0,9.4,-5.6
2002-02-14T00:00:00,0.0,7.8,-2.8
2002-02-15T00:00:00,0.0,20.0,0.0
2002-02-16T00:00:00,0.0,9.4,0.0
2002-02-17T00:00:00,0.0,,
2002-02-18T00:00:00,0.0,,
2002-02-19T00:00:00,0.0,20.0,0.6
2002-02-20T00:00:00,0.0,15.6,-0.6
2002-02-21T00:00:00,0.0,22.2,5.6
2002-02-22T00:00:00,0.0,11.7,-2.8
2002-02-23T00:00:00,0.0,19.4,5.6
2002-02-24T00:00:00,0.0,,
2002-02-25T00:00:00,0.0,26.7,-2.8
2002-02-26T00:00:00,0.0,24.4,-11.1
2002-02-27T00:00:00,0.0,0.6,-9.4
2002-02-28T00:00:00,0.0,14.4,-5.6
2002-03-01T00:00:00,0.0,18.3,0.6
2002-03-02T00:00:00,0.0,20.6,-8.3
2002-03-03T00:00:00,0.0,,
2002-03-04T00:00:00,0.0,5.6,-14.4
2002-03-05T00:00:00,0.0,17.2,-2.8
2002-03-06T00:00:00,0.0,21.7,3.9
2002-03-07T00:00:00,0.0,23.9,10.0
2002-03-08T00:00:00,0.0,25.0,1.7
2002-03-09T00:00:00,0.0,21.7,-1.7
2002-03-10T00:00:00,0.0,,
2002-03-11T00:00:00,0.0,21.7,-4.4
2002-03-12T00:00:00,0.0,21.1,1.7
2002-03-13T00:00:00,0.0,27.2,9.4
2002-03-14T00:00:00,0.0,29.4,13.9
2002-03-15T00:00:00,0.0,23.9,-0.6
2002-03-16T00:00:00,0.0,12.2,0.6
2002-03-17T00:00:00,0.0,20.0,1.7
2002-03-18T00:00:00,0.0,,
2002-03-19T00:00:00,0.0,21.1,3.9
2002-03-20T00:00:00,8.6,7.2,1.7
2002-03-21T00:00:00,0.0,17.8,2.2
2002-03-22T00:00:00,0.0,14.4,-4.4
2002-03-23T00:00:00,0.0,11.7,-1.1
2002-03-24T00:00:00,0.0,,
2002-03-25T00:00:00,0.0,27.8,0.0
2002-03-26T00:00:00,0.0,10.6,-3.9
2002-03-27T00:00:00,0.0,16.7,0.0
2002-03-28T00:00:00,0.0,27.8,8.3
2002-03-29T00:00:00,0.0,30.6,12.2
2002-03-30T00:00:00,32.5,28.3,6.7
2002-03-31T00:00:00,0.0,,
2002-04-01T00:00:00,0.3,19.4,5.0
2002-04-02T00:00:00,0.0,28.9,13.9
2002-04-03T00:00:00,0.0,17.8,2.2
2002-04-04T00:00:00,0.0,14.4,3.3
2002-04-05T00:00:00,0.0,20.0,5.6
2002-04-06T00:00:00,0.0,20.6,7.2
2002-04-07T00:00:00,0.0,,
2002-04-08T00:00:00,0.0,20.6,9.4
2002-04-09T00:00:00,0.0,25.6,7.8
2002-04-10T00:00:00,0.0,24.4,7.2
2002-04-11T00:00:00,0.0,30.0,11.7
2002-04-12T00:00:00,0.0,31.1,11.7
2002-04-13T00:00:00,0.0,29.4,12.8
2002-04-14T00:00:00,0.0,,
2002-04-15T00:00:00,0.0,31.7,10.6
2002-04-16T00:00:00,0.0,31.1,14.4
2002-04-17T00:00:00,0.0,27.2,12.8
2002-04-18T00:00:00,0.0,28.3,15.0
2002-04-19T00:00:00,0.0,28.3,17.2
2002-04-20T00:00:00,0.0,29.4,11.7
2002-04-21T00:00:00,0.0,,
2002-04-22T00:00:00,0.0,27.8,6.7
2002-04-23T00:00:00,0.0,31.7,12.2
2002-04-24T00:00:00,0.0,33.3,15.0
2002-04-25T00:00:00,0.0,31.1,11.1
2002-04-26T00:00:00,0.5,12.8,7.2
2002-04-27T00:00:00,0.0,28.3,8.3
2002-04-28T00:00:00,0.0,,
2002-04-29T00:00:00,0.0,31.7,8.3
2002-04-30T00:00:00,0.0,33.9,17.2
2002-05-01T00:00:00,0.0,33.3,15.6
2002-05-02T00:00:00,0.0,29.4,8.9
2002-05-03T00:00:00,0.0,29.4,6.7
2002-05-04T00:00:00,0.0,27.8,8.9
2002-05-05T00:00:00,0.0,,
2002-05-06T00:00:00,0.0,33.9,11.7
2002-05-07T00:00:00,0.0,32.8,13.3
2002-05-08T00:00:00,0.0,32.2,10.0
2002-05-09T00:00:00,0.0,31.1,11.1
2002-05-10T00:00:00,0.0,24.4,8.9
2002-05-11T00:00:00,0.0,33.9,13.3
2002-05-12T00:00:00,0.0,,
2002-05-13T00:00:00,0.0,33.3,7.8
2002-05-14T00:00:00,0.0,23.3,10.6
2002-05-15T00:00:00,0.0,28.9,10.0
2002-05-16T00:00:00,0.0,33.9,14.4
2002-05-17T00:00:00,0.0,33.3,16.7
2002-05-18T00:00:00,0.0,26.1,10.0
2002-05-19T00:00:00,0.0,,
2002-05-20T00:00:00,0.0,28.3,10.0
2002-05-21T00:00:00,0.0,30.0,10.0
2002-05-22T00:00:00,0.0,33.3,14.4
2002-05-23T00:00:00,0.0,32.2,12.8
2002-05-24T00:00:00,0.0,32.2,10.6
2002-05-25T00:00:00,0.0,32.2,9.4
2002-05-26T00:00:00,0.0,,
2002-05-27T00:00:00,0.0,,
2002-05-28T00:00:00,0.0,32.8,12.8
2002-05-29T00:00:00,0.0,31.7,13.9
2002-05-30T00:00:00,0.0,36.1,15.6
2002-05-31T00:00:00,0.0,36.1,15.6
2002-06-01T00:00:00,0.0,35.6,15.0
2002-06-02T00:00:00,,,
2002-06-03T00:00:00,0.0,37.8,14.4
2002-06-04T00:00:00,0.0,36.1,21.1
2002-06-05T00:00:00,0.0,32.8,13.3
2002-06-06T00:00:00,0.0,27.8,14.4
2002-06-07T00:00:00,0.0,30.6,16.1
2002-06-08T00:00:00,0.0,33.9,17.8
2002-06-09T00:00:00,,,
2002-06-10T00:00:00,0.0,38.9,17.2
2002-06-11T00:00:00,0.0,39.4,20.6
2002-06-12T00:00:00,0.0,38.3,19.4
2002-06-13T00:00:00,0.0,39.4,20.0
2002-06-14T00:00:00,7.1,37.8,17.2
2002-06-15T00:00:00,0.0,30.0,18.9
2002-06-16T00:00:00,,,
2002-06-17T00:00:00,0.0,38.3,17.2
2002-06-18T00:00:00,0.0,35.6,18.9
2002-06-19T00:00:00,0.0,40.6,15.6
2002-06-20T00:00:00,0.0,40.6,20.0
2002-06-21T00:00:00,35.6,35.6,16.7
2002-06-22T00:00:00,0.0,32.2,17.8
2002-06-23T00:00:00,,,
2002-06-24T00:00:00,0.0,34.4,17.8
2002-06-25T00:00:00,0.0,37.8,18.3
2002-06-26T00:00:00,0.0,37.2,17.8
2002-06-27T00:00:00,0.0,35.6,18.3
2002-06-28T00:00:00,0.0,34.4,18.9
2002-06-29T00:00:00,0.0,32.8,18.3
2002-06-30T00:00:00,,,
2002-07-01T00:00:00,0.0,36.1,18.3
2002-07-02T00:00:00,0.0,35.6,19.4
2002-07-03T00:00:00,0.0,36.1,18.9
2002-07-05T00:00:00,61.0,,
2002-07-06T00:00:00,6.9,31.7,18.9
2002-07-07T00:00:00,,,
2002-07-08T00:00:00,12.7,30.6,17.8
2002-07-09T00:00:00,0.0,30.6,17.8
2002-07-10T00:00:00,0.0,33.3,18.3
2002-07-11T00:00:00,0.3,32.8,18.9
2002-07-12T00:00:00,2.0,32.2,17.8
2002-07-13T00:00:00,0.0,33.3,20.0
2002-07-14T00:00:00,0.0,,
2002-07-15T00:00:00,0.0,34.4,18.3
2002-07-16T00:00:00,0.0,32.8,17.2
2002-07-17T00:00:00,0.0,31.7,18.9
2002-07-18T00:00:00,0.0,32.8,20.6
2002-07-19T00:00:00,0.0,32.2,18.3
2002-07-20T00:00:00,0.0,32.8,18.3
2002-07-21T00:00:00,,,
2002-07-22T00:00:00,5.1,33.9,17.8
2002-07-23T00:00:00,0.0,33.3,17.2
2002-07-24T00:00:00,0.0,32.8,18.3
2002-07-25T00:00:00,0.0,35.0,19.4
2002-07-26T00:00:00,0.0,37.8,21.1
2002-07-27T00:00:00,0.0,37.8,21.1
2002-07-28T00:00:00,,,
2002-07-29T00:00:00,0.8,36.7,20.0
2002-07-30T00:00:00,0.0,35.6,18.3
2002-07-31T00:00:00,0.0,33.9,18.3
2002-08-01T00:00:00,0.0,36.7,19.4
2002-08-02T00:00:00,8.9,37.8,18.9
2002-08-03T00:00:00,0.3,28.3,17.8
2002-08-04T00:00:00,0.0,,
2002-08-05T00:00:00,0.0,33.9,17.8
2002-08-06T00:00:00,0.0,33.3,16.7
2002-08-07T00:00:00,0.0,32.2,17.8
2002-08-08T00:00:00,6.4,33.3,19.4
2002-08-09T00:00:00,1.8,34.4,19.4
2002-08-10T00:00:00,0.0,35.6,20.0
2002-08-11T00:00:00,,,
2002-08-12T00:00:00,16.0,32.2,17.2
2002-08-13T00:00:00,0.0,35.6,17.2
2002-08-14T00:00:00,0.0,30.0,16.7
2002-08-15T00:00:00,0.0,28.9,18.3
2002-08-16T00:00:00,0.0,40.0,20.0
2002-08-17T00:00:00,0.0,37.2,21.7
2002-08-18T00:00:00,0.0,,
2002-08-19T00:00:00,0.0,37.2,18.3
2002-08-20T00:00:00,0.0,31.7,18.9
2002-08-21T00:00:00,0.0,35.6,20.6
2002-08-22T00:00:00,0.0,36.7,17.2
2002-08-23T00:00:00,0.8,37.2,18.9
2002-08-24T00:00:00,2.0,36.7,18.3
2002-08-25T00:00:00,,,
2002-08-26T00:00:00,1.3,37.8,16.7
2002-08-27T00:00:00,0.0,39.4,19.4
2002-08-28T00:00:00,0.0,39.4,20.0
2002-08-29T00:00:00,0.5,34.4,16.7
2002-08-30T00:00:00,0.0,32.8,17.2
2002-08-31T00:00:00,17.3,36.1,18.3
2002-09-01T00:00:00,,,
2002-09-02T00:00:00,,,
2002-09-03T00:00:00,16.8,35.6,16.1
2002-09-04T00:00:00,0.0,33.3,16.7
2002-09-05T00:00:00,0.0,33.3,16.7
2002-09-06T00:00:00,0.0,34.4,15.6
2002-09-07T00:00:00,0.0,35.6,16.1
2002-09-08T00:00:00,0.0,,
2002-09-09T00:00:00,0.0,32.2,15.6
2002-09-10T00:00:00,0.0,30.6,17.8
2002-09-11T00:00:00,17.5,30.0,16.7
2002-09-12T00:00:00,13.5,26.7,15.0
2002-09-13T00:00:00,13.2,30.6,13.9
2002-09-14T00:00:00,1.0,30.0,16.1
2002-09-15T00:00:00,,,
2002-09-16T00:00:00,49.5,26.1,12.8
2002-09-17T00:00:00,0.0,25.6,13.9
2002-09-18T00:00:00,0.0,31.1,17.2
2002-09-19T00:00:00,6.4,30.6,11.7
2002-09-20T00:00:00,0.0,21.1,10.0
2002-09-21T00:00:00,0.0,30.6,14.4
2002-09-22T00:00:00,0.0,,
2002-09-23T00:00:00,0.0,30.6,10.0
2002-09-24T00:00:00,0.0,28.9,10.0
2002-09-25T00:00:00,0.0,29.4,10.0
2002-09-26T00:00:00,0.0,28.9,10.0
2002-09-27T00:00:00,0.0,32.2,13.9
2002-09-28T00:00:00,0.0,31.7,9.4
2002-09-29T00:00:00,0.0,,
2002-09-30T00:00:00,0.0,31.1,8.9
2002-10-01T00:00:00,10.4,30.0,14.4
2002-10-02T00:00:00,0.0,30.0,12.8
2002-10-03T00:00:00,0.0,29.4,13.3
2002-10-04T00:00:00,0.0,26.7,5.0
2002-10-05T00:00:00,0.0,25.0,6.7
2002-10-06T00:00:00,,,
2002-10-07T00:00:00,0.5,29.4,11.1
2002-10-08T00:00:00,0.3,18.9,12.8
2002-10-09T00:00:00,1.0,22.2,7.8
2002-10-10T00:00:00,0.3,24.4,7.8
2002-10-11T00:00:00,0.0,26.1,10.0
2002-10-12T00:00:00,0.0,30.6,14.4
2002-10-13T00:00:00,,,
2002-10-14T00:00:00,,,
2002-10-15T00:00:00,5.1,25.0,3.3
2002-10-16T00:00:00,0.0,21.7,8.9
2002-10-17T00:00:00,0.3,26.7,8.3
2002-10-18T00:00:00,0.8,14.4,8.3
2002-10-19T00:00:00,1.0,20.0,7.8
2002-10-20T00:00:00,0.0,,
2002-10-21T00:00:00,0.0,20.6,3.9
2002-10-22T00:00:00,1.0,24.4,7.2
2002-10-23T00:00:00,0.0,21.1,6.1
2002-10-24T00:00:00,6.6,16.1,6.7
2002-10-25T00:00:00,0.3,10.0,5.0
2002-10-26T00:00:00,3.3,16.7,8.3
2002-10-27T00:00:00,,,
2002-10-28T00:00:00,27.9,16.7,8.3
2002-10-29T00:00:00,0.3,18.3,5.0
2002-10-30T00:00:00,0.0,20.6,2.8
2002-10-31T00:00:00,0.5,6.7,2.8
2002-11-01T00:00:00,2.8,6.1,3.3
2002-11-02T00:00:00,2.0,5.6,3.3
2002-11-03T00:00:00,,,
2002-11-04T00:00:00,0.5,8.3,3.3
2002-11-05T00:00:00,0.3,10.6,2.8
2002-11-06T00:00:00,0.0,17.8,0.0
2002-11-07T00:00:00,0.0,23.3,1.1
2002-11-08T00:00:00,0.0,23.3,7.2
2002-11-09T00:00:00,0.0,23.9,13.3
2002-11-10T00:00:00,0.0,,
2002-11-11T00:00:00,0.0,,
2002-11-12T00:00:00,0.0,25.6,0.6
2002-11-13T00:00:00,0.0,14.4,-2.2
2002-11-14T00:00:00,0.0,21.1,3.9
2002-11-15T00:00:00,0.0,21.1,-0.6
2002-11-16T00:00:00,0.0,12.2,-1.1
2002-11-17T00:00:00,0.0,,
2002-11-18T00:00:00,0.0,21.7,2.2
2002-11-19T00:00:00,0.0,17.2,0.6
2002-11-20T00:00:00,0.0,21.1,0.6
2002-11-21T00:00:00,0.0,18.3,4.4
2002-11-22T00:00:00,0.0,22.8,3.3
2002-11-23T00:00:00,0.0,22.8,2.8
2002-11-24T00:00:00,0.0,,
2002-11-25T00:00:00,0.0,21.7,1.1
2002-11-26T00:00:00,0.0,5.6,-1.1
2002-11-27T00:00:00,0.0,5.0,-6.7
2002-11-28T00:00:00,0.0,,
2002-11-29T00:00:00,0.0,12.8,-3.9
2002-11-30T00:00:00,0.0,17.2,2.2
2002-12-01T00:00:00,0.0,,
2002-12-02T00:00:00,0.0,17.2,0.0
2002-12-03T00:00:00,15.2,16.1,5.0
2002-12-04T00:00:00,5.8,6.1,-1.1
2002-12-05T00:00:00,0.0,5.6,0.0
2002-12-06T00:00:00,0.0,8.9,-1.1
2002-12-07T00:00:00,0.8,8.3,-0.6
2002-12-08T00:00:00,,,
2002-12-09T00:00:00,8.9,10.6,-1.7
2002-12-10T00:00:00,0.8,10.6,0.0
2002-12-11T00:00:00,0.0,15.0,-1.1
2002-12-12T00:00:00,0.0,14.4,-1.1
2002-12-13T00:00:00,0.0,15.6,-2.8
2002-12-14T00:00:00,0.0,15.0,2.2
2002-12-15T00:00:00,0.0,,
2002-12-16T00:00:00,0.0,21.1,3.3
2002-12-17T00:00:00,0.0,20.0,6.1
2002-12-18T00:00:00,0.0,19.4,2.8
2002-12-19T00:00:00,0.0,11.1,-0.6
2002-12-20T00:00:00,0.0,13.3,0.0
2002-12-21T00:00:00,0.0,15.6,-2.8
2002-12-22T00:00:00,,,
2002-12-23T00:00:00,0.5,16.1,-2.8
2002-12-24T00:00:00,1.3,-0.6,-7.8
2002-12-25T00:00:00,0.0,,
2002-12-26T00:00:00,0.0,7.2,-6.7
2002-12-27T00:00:00,0.0,10.6,-3.9
2002-12-28T00:00:00,0.0,16.1,-0.6
2002-12-29T00:00:00,0.0,,
2002-12-30T00:00:00,0.0,20.6,-1.1
2002-12-31T00:00:00,0.0,13.3,-2.2
2003-01-01T00:00:00,0.0,,
2003-01-02T00:00:00,0.0,16.7,-3.9
2003-01-03T00:00:00,0.0,14.4,-2.2
2003-01-04T00:00:00,0.0,16.7,2.2
2003-01-05T00:00:00,0.0,,
2003-01-06T00:00:00,0.0,21.1,0.0
2003-01-07T00:00:00,0.0,8.3,-2.2
2003-01-08T00:00:00,0.0,13.9,-1.1
2003-01-09T00:00:00,0.0,20.6,3.3
2003-01-10T00:00:00,0.0,18.9,-5.6
2003-01-11T00:00:00,0.0,12.2,-4.4
2003-01-12T00:00:00,,,
2003-01-13T00:00:00,1.3,13.3,-2.2
2003-01-14T00:00:00,0.0,17.8,0.6
2003-01-15T00:00:00,0.0,16.1,-2.2
2003-01-16T00:00:00,0.0,24.4,-5.6
2003-01-17T00:00:00,0.0,8.3,-8.3
2003-01-18T00:00:00,0.0,8.9,-7.2
2003-01-19T00:00:00,0.0,,
2003-01-20T00:00:00,0.0,,
2003-01-21T00:00:00,0.0,23.9,-2.2
2003-01-22T00:00:00,0.0,21.1,0.0
2003-01-23T00:00:00,0.0,16.7,-8.9
2003-01-24T00:00:00,0.0,5.0,-6.1
2003-01-25T00:00:00,0.0,9.4,-3.9
2003-01-26T00:00:00,0.0,,
2003-01-27T00:00:00,0.0,16.7,-0.6
2003-01-28T00:00:00,0.0,23.3,7.8
2003-01-29T00:00:00,0.0,23.9,-2.2
2003-01-30T00:00:00,0.0,14.4,-1.7
2003-01-31T00:00:00,0.0,23.9,2.8
2003-02-01T00:00:00,0.0,16.7,0.6
2003-02-02T00:00:00,0.0,,
2003-02-03T00:00:00,0.0,25.0,-1.7
2003-02-04T00:00:00,0.0,13.3,-5.0
2003-02-05T00:00:00,0.0,18.3,0.0
2003-02-06T00:00:00,0.0,15.6,-4.4
2003-02-07T00:00:00,0.0,6.1,-3.3
2003-02-08T00:00:00,0.3,-1.7,-6.1
2003-02-09T00:00:00,,,
2003-02-10T00:00:00,1.3,14.4,-3.9
2003-02-11T00:00:00,0.0,17.8,-0.6
2003-02-12T00:00:00,0.0,18.9,2.8
2003-02-13T00:00:00,0.0,18.3,5.0
2003-02-14T00:00:00,0.0,21.7,8.3
2003-02-15T00:00:00,0.0,20.0,6.1
2003-02-16T00:00:00,0.0,,
2003-02-17T00:00:00,0.0,,
2003-02-18T00:00:00,0.0,23.3,-2.2
2003-02-19T00:00:00,0.0,22.8,1.7
2003-02-20T00:00:00,7.6,13.3,-0.6
2003-02-21T00:00:00,15.2,2.8,0.0
2003-02-22T00:00:00,0.0,15.6,0.6
2003-02-23T00:00:00,0.0,,
2003-02-24T00:00:00,0.0,18.9,-2.8
2003-02-25T00:00:00,0.0,-1.7,-8.3
2003-02-26T00:00:00,0.0,7.2,-6.1
2003-02-27T00:00:00,0.0,15.0,-3.9
2003-02-28T00:00:00,0.0,16.1,-3.9
2003-03-01T00:00:00,0.0,16.7,-2.8
2003-03-02T00:00:00,0.0,,
2003-03-03T00:00:00,0.0,16.7,-2.8
2003-03-04T00:00:00,0.0,17.8,6.7
2003-03-05T00:00:00,0.0,18.3,5.0
2003-03-06T00:00:00,0.0,17.8,-1.1
2003-03-07T00:00:00,0.0,20.0,4.4
2003-03-08T00:00:00,0.0,22.8,5.6
2003-03-09T00:00:00,0.0,,
2003-03-10T00:00:00,0.0,22.8,3.9
2003-03-11T00:00:00,0.0,25.0,3.9
2003-03-12T00:00:00,0.0,26.1,7.8
2003-03-13T00:00:00,0.0,26.7,4.4
2003-03-14T00:00:00,0.0,26.1,5.0
2003-03-15T00:00:00,0.0,25.6,7.2
2003-03-16T00:00:00,0.0,,
2003-03-17T00:00:00,0.0,26.7,6.7
2003-03-18T00:00:00,0.0,18.3,3.9
2003-03-19T00:00:00,0.0,15.0,5.6
2003-03-20T00:00:00,16.5,15.6,5.0
2003-03-21T00:00:00,0.0,18.9,7.2
2003-03-22T00:00:00,0.0,15.6,1.7
2003-03-23T00:00:00,0.0,,
2003-03-24T00:00:00,0.0,26.1,5.6
2003-03-25T00:00:00,0.0,26.7,8.9
2003-03-26T00:00:00,0.0,16.1,2.8
2003-03-27T00:00:00,0.0,26.1,11.7
2003-03-28T00:00:00,1.8,26.7,-1.1
2003-03-29T00:00:00,2.3,7.2,-6.1
2003-03-30T00:00:00,0.0,,
2003-03-31T00:00:00,0.0,19.4,0.6
2003-04-01T00:00:00,0.0,25.6,9.4
2003-04-02T00:00:00,0.0,29.4,12.2
2003-04-03T00:00:00,0.0,28.3,11.1
2003-04-04T00:00:00,0.0,24.4,2.8
2003-04-05T00:00:00,0.0,23.9,5.0
2003-04-06T00:00:00,0.0,,
2003-04-07T00:00:00,0.0,23.9,1.7
2003-04-08T00:00:00,0.0,20.0,1.7
2003-04-09T00:00:00,0.0,15.6,0.0
2003-04-10T00:00:00,0.0,23.3,1.7
2003-04-11T00:00:00,0.0,23.3,10.0
2003-04-12T00:00:00,0.0,28.9,6.1
2003-04-13T00:00:00,0.0,,
2003-04-14T00:00:00,0.0,30.6,8.9
2003-04-15T00:00:00,1.0,31.1,12.8
2003-04-16T00:00:00,0.8,26.1,1.1
2003-04-17T00:00:00,0.0,27.8,11.7
2003-04-18T00:00:00,0.0,28.3,10.0
2003-04-19T00:00:00,0.0,25.6,6.7
2003-04-20T00:00:00,0.0,,
2003-04-21T00:00:00,0.0,21.7,2.2
2003-04-22T00:00:00,0.0,22.2,12.2
2003-04-23T00:00:00,0.0,28.9,11.1
2003-04-24T00:00:00,0.0,23.3,6.7
2003-04-25T00:00:00,0.0,28.3,6.1
2003-04-26T00:00:00,0.0,28.9,12.8
2003-04-27T00:00:00,0.0,,
2003-04-28T00:00:00,0.0,31.7,9.4
2003-04-29T00:00:00,0.0,31.1,7.8
2003-04-30T00:00:00,0.0,30.6,12.2
2003-05-01T00:00:00,0.0,28.3,6.7
2003-05-02T00:00:00,0.0,31.1,10.0
2003-05-03T00:00:00,0.0,31.1,8.9
2003-05-04T00:00:00,0.0,,
2003-05-05T00:00:00,0.0,31.7,11.7
2003-05-06T00:00:00,0.0,28.3,9.4
2003-05-07T00:00:00,0.0,29.4,11.7
2003-05-08T00:00:00,0.0,30.6,17.8
2003-05-09T00:00:00,0.0,27.8,10.6
2003-05-10T00:00:00,0.0,31.1,13.9
2003-05-11T00:00:00,0.0,,
2003-05-12T00:00:00,0.0,29.4,6.7
2003-05-13T00:00:00,0.0,31.7,11.1
2003-05-14T00:00:00,0.0,37.8,18.9
2003-05-15T00:00:00,0.0,35.0,15.0
2003-05-16T00:00:00,0.0,35.6,14.4
2003-05-17T00:00:00,0.0,33.3,11.1
2003-05-18T00:00:00,0.0,,
2003-05-19T00:00:00,0.0,38.3,14.4
2003-05-20T00:00:00,0.0,35.6,8.3
2003-05-21T00:00:00,0.0,12.2,8.9
2003-05-22T00:00:00,0.0,25.6,7.2
2003-05-23T00:00:00,0.0,30.0,11.7
2003-05-24T00:00:00,0.0,32.8,18.3
2003-05-25T00:00:00,,,
2003-05-26T00:00:00,,,
2003-05-27T00:00:00,,33.9,13.3
2003-05-28T00:00:00,0.0,26.7,11.7
2003-05-29T00:00:00,0.0,30.0,15.0
2003-05-30T00:00:00,0.0,32.8,16.7
2003-05-31T00:00:00,0.0,36.1,20.6
2003-06-01T00:00:00,0.0,,
2003-06-02T00:00:00,0.0,37.2,14.4
2003-06-03T00:00:00,0.0,35.6,18.3
2003-06-04T00:00:00,0.0,36.7,16.7
2003-06-05T00:00:00,0.0,34.4,16.1
2003-06-06T00:00:00,17.3,26.7,11.1
2003-06-07T00:00:00,0.0,27.2,12.8
2003-06-08T00:00:00,0.0,,
2003-06-09T00:00:00,0.0,32.8,15.6
2003-06-10T00:00:00,5.6,36.1,14.4
2003-06-11T00:00:00,0.0,34.4,17.8
2003-06-12T00:00:00,0.0,33.9,17.2
2003-06-13T00:00:00,0.0,35.0,16.1
2003-06-14T00:00:00,0.0,31.1,12.8
2003-06-15T00:00:00,0.0,,
2003-06-16T00:00:00,0.0,32.2,15.6
2003-06-17T00:00:00,0.3,29.4,15.6
2003-06-18T00:00:00,0.0,28.3,13.9
2003-06-19T00:00:00,7.9,29.4,15.6
2003-06-20T00:00:00,0.0,30.6,16.7
2003-06-21T00:00:00,0.0,35.0,16.1
2003-06-22T00:00:00,0.0,,
2003-06-23T00:00:00,0.0,37.2,14.4
2003-06-24T00:00:00,0.0,38.3,18.9
2003-06-25T00:00:00,0.0,37.2,17.8
2003-06-26T00:00:00,0.0,37.8,19.4
2003-06-27T00:00:00,0.0,25.0,17.8
2003-06-28T00:00:00,0.0,28.3,16.1
2003-06-29T00:00:00,0.0,,
2003-06-30T00:00:00,0.0,36.1,16.7
2003-07-01T00:00:00,0.0,32.2,17.2
2003-07-02T00:00:00,0.0,35.6,18.9
2003-07-03T00:00:00,0.0,36.7,18.9
2003-07-04T00:00:00,0.0,,
2003-07-05T00:00:00,0.0,36.7,17.8
2003-07-06T00:00:00,0.0,,
2003-07-07T00:00:00,0.0,35.6,18.3
2003-07-08T00:00:00,0.0,30.6,17.8
2003-07-09T00:00:00,0.0,34.4,17.2
2003-07-10T00:00:00,0.0,37.8,19.4
2003-07-11T00:00:00,0.0,37.8,19.4
2003-07-12T00:00:00,0.0,38.3,21.7
2003-07-13T00:00:00,0.0,,
2003-07-14T00:00:00,0.0,40.6,17.8
2003-07-15T00:00:00,0.0,41.1,17.2
2003-07-16T00:00:00,0.0,38.3,17.8
2003-07-17T00:00:00,0.0,33.3,20.0
2003-07-18T00:00:00,0.8,30.6,17.8
2003-07-19T00:00:00,0.0,35.6,19.4
2003-07-20T00:00:00,0.0,,
2003-07-21T00:00:00,0.0,37.8,17.2
2003-07-22T00:00:00,0.0,38.3,18.9
2003-07-23T00:00:00,0.0,38.3,21.1
2003-07-24T00:00:00,23.1,38.3,17.2
2003-07-25T00:00:00,0.0,35.0,18.3
2003-07-26T00:00:00,0.3,37.2,20.6
2003-07-27T00:00:00,0.0,,
2003-07-28T00:00:00,0.0,33.9,15.6
2003-07-29T00:00:00,0.0,32.2,17.2
2003-07-30T00:00:00,0.0,32.8,19.4
2003-07-31T00:00:00,5.1,33.9,20.0
2003-08-01T00:00:00,0.0,34.4,18.9
2003-08-02T00:00:00,0.0,37.2,20.0
2003-08-03T00:00:00,,,
2003-08-04T00:00:00,,38.9,21.7
2003-08-05T00:00:00,0.0,39.4,20.6
2003-08-06T00:00:00,0.0,37.8,20.6
2003-08-07T00:00:00,0.0,33.3,20.0
2003-08-08T00:00:00,0.0,40.0,19.4
2003-08-09T00:00:00,0.0,38.9,20.6
2003-08-10T00:00:00,,,
2003-08-11T00:00:00,,38.3,19.4
2003-08-12T00:00:00,0.0,35.6,19.4
2003-08-13T00:00:00,0.0,34.4,18.3
2003-08-14T00:00:00,0.0,29.4,14.4
2003-08-15T00:00:00,0.5,27.8,13.9
2003-08-16T00:00:00,0.0,28.9,15.6
2003-08-17T00:00:00,,,
2003-08-18T00:00:00,,33.3,16.7
2003-08-19T00:00:00,1.0,36.1,16.7
2003-08-20T00:00:00,0.0,36.7,17.8
2003-08-21T00:00:00,0.0,37.2,17.8
2003-08-22T00:00:00,0.0,35.6,18.3
2003-08-23T00:00:00,0.0,35.0,14.4
2003-08-24T00:00:00,,,
2003-08-25T00:00:00,,33.3,16.7
2003-08-26T00:00:00,0.0,33.3,16.1
2003-08-27T00:00:00,0.0,33.3,17.2
2003-08-28T00:00:00,0.0,35.0,19.4
2003-08-29T00:00:00,0.0,36.1,20.0
2003-08-30T00:00:00,2.3,32.2,18.9
2003-08-31T00:00:00,0.0,,
2003-09-01T00:00:00,0.0,,
2003-09-02T00:00:00,0.0,28.9,12.8
2003-09-03T00:00:00,0.0,31.1,15.6
2003-09-04T00:00:00,0.0,30.6,14.4
2003-09-05T00:00:00,0.0,30.0,14.4
2003-09-06T00:00:00,0.0,31.7,16.1
2003-09-07T00:00:00,,,
2003-09-08T00:00:00,10.4,32.8,13.9
2003-09-09T00:00:00,0.0,33.9,15.6
2003-09-10T00:00:00,0.0,34.4,19.4
2003-09-11T00:00:00,0.0,32.8,17.2
2003-09-12T00:00:00,0.0,32.8,11.1
2003-09-13T00:00:00,0.0,30.0,15.6
2003-09-14T00:00:00,0.0,,
2003-09-15T00:00:00,0.0,25.0,10.0
2003-09-16T00:00:00,0.0,34.4,12.8
2003-09-17T00:00:00,0.0,35.6,11.7
2003-09-18T00:00:00,0.0,35.6,13.3
2003-09-19T00:00:00,0.0,23.9,7.8
2003-09-20T00:00:00,0.0,26.1,10.0
2003-09-21T00:00:00,0.0,,
2003-09-22T00:00:00,0.0,32.2,10.6
2003-09-23T00:00:00,0.0,30.6,11.1
2003-09-24T00:00:00,0.0,31.7,17.2
2003-09-25T00:00:00,3.0,32.8,15.0
2003-09-26T00:00:00,0.0,22.2,12.2
2003-09-27T00:00:00,0.0,33.3,13.9
2003-09-28T00:00:00,0.0,,
2003-09-29T00:00:00,0.0,28.9,13.9
2003-09-30T00:00:00,0.0,33.9,14.4
2003-10-01T00:00:00,0.0,33.3,11.7
2003-10-02T00:00:00,0.0,23.3,8.3
2003-10-03T00:00:00,0.0,28.9,12.2
2003-10-04T00:00:00,0.3,26.1,12.8
2003-10-05T00:00:00,,,
2003-10-06T00:00:00,17.0,27.8,11.7
2003-10-07T00:00:00,0.5,26.7,15.0
2003-10-08T00:00:00,0.3,21.7,15.0
2003-10-09T00:00:00,9.4,24.4,14.4
2003-10-10T00:00:00,0.0,23.9,14.4
2003-10-11T00:00:00,1.5,22.2,12.8
2003-10-12T00:00:00,0.0,,
2003-10-13T00:00:00,0.0,,
2003-10-14T00:00:00,0.0,30.0,7.8
2003-10-15T00:00:00,0.0,21.1,8.3
2003-10-16T00:00:00,0.0,30.0,13.9
2003-10-17T00:00:00,0.0,31.7,9.4
2003-10-18T00:00:00,0.0,25.6,10.0
2003-10-19T00:00:00,0.0,,
2003-10-20T00:00:00,0.0,30.6,10.6
2003-10-21T00:00:00,0.0,31.1,10.6
2003-10-22T00:00:00,0.0,30.0,10.6
2003-10-23T00:00:00,0.0,29.4,14.4
2003-10-24T00:00:00,0.0,32.2,15.0
2003-10-25T00:00:00,0.0,29.4,7.8
2003-10-26T00:00:00,0.0,,
2003-10-27T00:00:00,0.0,13.9,2.2
2003-10-28T00:00:00,0.0,24.4,10.0
2003-10-29T00:00:00,0.0,22.2,7.2
2003-10-30T00:00:00,0.0,30.0,15.0
2003-10-31T00:00:00,0.0,,
2003-11-01T00:00:00,0.0,27.8,10.6
2003-11-02T00:00:00,0.0,,
2003-11-03T00:00:00,0.0,28.3,10.6
2003-11-04T00:00:00,0.0,26.7,10.0
2003-11-05T00:00:00,0.0,22.8,3.3
2003-11-06T00:00:00,0.0,23.9,2.2
2003-11-07T00:00:00,1.5,12.8,4.4
2003-11-08T00:00:00,0.0,7.8,5.0
2003-11-09T00:00:00,,,
2003-11-10T00:00:00,,9.4,5.6
2003-11-11T00:00:00,0.0,,
2003-11-12T00:00:00,0.0,27.8,6.7
2003-11-13T00:00:00,0.0,18.3,5.6
2003-11-14T00:00:00,5.1,5.6,3.3
2003-11-15T00:00:00,0.3,16.7,5.6
2003-11-16T00:00:00,0.0,,
2003-11-17T00:00:00,0.0,22.2,2.2
2003-11-18T00:00:00,0.0,19.4,5.6
2003-11-19T00:00:00,0.0,16.7,1.7
2003-11-20T00:00:00,0.0,21.7,6.7
2003-11-21T00:00:00,0.0,25.0,10.0
2003-11-22T00:00:00,0.0,22.2,11.1
2003-11-23T00:00:00,0.0,,
2003-11-24T00:00:00,0.0,22.2,-8.3
2003-11-25T00:00:00,0.0,15.6,-2.2
2003-11-26T00:00:00,0.0,20.6,-2.2
2003-11-27T00:00:00,0.0,,
2003-11-28T00:00:00,0.0,19.4,-5.0
2003-11-29T00:00:00,0.0,13.3,-2.8
2003-11-30T00:00:00,0.0,,
2003-12-01T00:00:00,0.0,26.1,3.9
2003-12-02T00:00:00,0.0,14.4,1.7
2003-12-03T00:00:00,0.0,17.8,0.6
2003-12-04T00:00:00,0.0,21.1,-0.6
2003-12-05T00:00:00,0.0,20.0,-1.7
2003-12-06T00:00:00,0.0,5.6,-6.1
2003-12-07T00:00:00,0.0,,
2003-12-08T00:00:00,0.0,22.8,-0.6
2003-12-09T00:00:00,0.0,19.4,1.7
2003-12-10T00:00:00,0.0,9.4,-7.2
2003-12-11T00:00:00,0.0,16.1,-3.9
2003-12-12T00:00:00,0.0,17.2,-1.1
2003-12-13T00:00:00,0.0,7.2,-3.3
2003-12-14T00:00:00,0.0,,
2003-12-15T00:00:00,0.0,19.4,1.7
2003-12-16T00:00:00,0.0,12.8,-5.0
2003-12-17T00:00:00,0.0,10.6,-1.7
2003-12-18T00:00:00,0.0,19.4,0.0
2003-12-19T00:00:00,0.0,12.2,-2.8
2003-12-20T00:00:00,0.0,13.3,-2.8
2003-12-21T00:00:00,0.0,,
2003-12-22T00:00:00,0.0,23.9,2.8
2003-12-23T00:00:00,0.0,15.6,-3.3
2003-12-24T00:00:00,0.0,15.6,-3.3
2003-12-25T00:00:00,0.0,,
2003-12-26T00:00:00,0.0,19.4,-0.6
2003-12-27T00:00:00,0.0,21.1,-0.6
2003-12-28T00:00:00,0.0,,
2003-12-29T00:00:00,0.0,12.2,-7.2
2003-12-30T00:00:00,0.0,11.7,-2.2
2003-12-31T00:00:00,0.0,16.7,-4.4
2004-01-01T00:00:00,0.0,,
2004-01-02T00:00:00,0.0,18.3,-0.6
2004-01-03T00:00:00,0.0,21.1,7.2
2004-01-04T00:00:00,0.0,,
2004-01-05T00:00:00,0.0,21.1,-8.9
2004-01-06T00:00:00,0.0,8.3,-8.3
2004-01-07T00:00:00,0.0,2.8,-10.0
2004-01-08T00:00:00,0.0,10.6,-7.2
2004-01-09T00:00:00,0.0,20.0,-1.7
2004-01-10T00:00:00,0.0,18.3,-3.3
2004-01-11T00:00:00,0.0,,
2004-01-12T00:00:00,0.0,15.0,-1.1
2004-01-13T00:00:00,0.0,18.3,2.2
2004-01-14T00:00:00,0.0,15.0,0.0
2004-01-15T00:00:00,0.5,11.7,3.3
2004-01-16T00:00:00,1.5,8.9,6.1
2004-01-17T00:00:00,0.3,13.3,5.6
2004-01-18T00:00:00,,,
2004-01-19T00:00:00,,,
2004-01-20T00:00:00,,16.1,-2.8
2004-01-21T00:00:00,0.0,12.2,1.7
2004-01-22T00:00:00,0.0,8.9,-2.2
2004-01-23T00:00:00,0.0,11.7,-2.8
2004-01-24T00:00:00,0.0,14.4,0.6
2004-01-25T00:00:00,0.0,,
2004-01-26T00:00:00,0.0,16.1,-3.3
2004-01-27T00:00:00,0.0,6.7,-6.1
2004-01-28T00:00:00,0.0,13.3,-4.4
2004-01-29T00:00:00,0.0,17.2,-0.6
2004-01-30T00:00:00,0.0,17.2,-1.7
2004-01-31T00:00:00,0.0,18.9,2.8
2004-02-01T00:00:00,0.0,,
2004-02-02T00:00:00,0.0,18.3,-8.3
2004-02-03T00:00:00,0.0,13.9,-5.0
2004-02-04T00:00:00,0.0,11.1,-3.3
2004-02-05T00:00:00,0.0,12.2,-2.8
2004-02-06T00:00:00,0.0,11.7,-3.3
2004-02-07T00:00:00,0.0,9.4,-4.4
2004-02-08T00:00:00,0.0,,
2004-02-09T00:00:00,0.0,14.4,-5.6
2004-02-10T00:00:00,0.0,8.9,-5.0
2004-02-11T00:00:00,0.0,5.6,-3.9
2004-02-12T00:00:00,0.0,12.2,-6.7
2004-02-13T00:00:00,1.3,-5.6,-7.8
2004-02-14T00:00:00,0.8,-1.1,-11.7
2004-02-15T00:00:00,0.0,,
2004-02-16T00:00:00,0.0,,
2004-02-17T00:00:00,0.0,18.3,-3.3
2004-02-18T00:00:00,0.0,19.4,2.2
2004-02-19T00:00:00,0.0,26.1,3.9
2004-02-20T00:00:00,0.0,20.6,2.8
2004-02-21T00:00:00,0.0,14.4,-0.6
2004-02-22T00:00:00,0.0,,
2004-02-23T00:00:00,0.0,18.9,3.9
2004-02-24T00:00:00,2.3,17.8,3.9
2004-02-25T00:00:00,0.0,6.1,-1.7
2004-02-26T00:00:00,0.0,15.0,-1.1
2004-02-27T00:00:00,0.0,19.4,0.6
2004-02-28T00:00:00,0.0,22.8,4.4
2004-02-29T00:00:00,0.0,,
2004-03-01T00:00:00,0.0,20.0,0.6
2004-03-02T00:00:00,0.0,16.7,1.1
2004-03-03T00:00:00,1.3,15.6,3.3
2004-03-04T00:00:00,3.8,8.9,3.9
2004-03-05T00:00:00,0.3,11.1,4.4
2004-03-06T00:00:00,0.0,14.4,1.1
2004-03-07T00:00:00,0.0,,
2004-03-08T00:00:00,0.0,23.9,-1.1
2004-03-09T00:00:00,0.0,21.7,4.4
2004-03-10T00:00:00,0.0,21.7,2.8
2004-03-11T00:00:00,0.0,23.9,5.6
2004-03-12T00:00:00,10.2,6.1,3.9
2004-03-13T00:00:00,4.6,8.9,2.2
2004-03-14T00:00:00,,,
2004-03-15T00:00:00,,20.6,4.4
2004-03-16T00:00:00,0.0,23.9,4.4
2004-03-17T00:00:00,0.0,25.0,7.8
2004-03-18T00:00:00,0.0,28.3,10.6
2004-03-19T00:00:00,0.0,28.9,10.0
2004-03-20T00:00:00,0.0,31.1,10.0
2004-03-21T00:00:00,0.0,,
2004-03-22T00:00:00,0.0,28.9,6.7
2004-03-23T00:00:00,0.0,20.0,8.3
2004-03-24T00:00:00,0.0,26.7,10.6
2004-03-25T00:00:00,0.0,29.4,13.9
2004-03-26T00:00:00,0.0,28.9,8.3
2004-03-27T00:00:00,0.0,29.4,11.7
2004-03-28T00:00:00,0.0,,
2004-03-29T00:00:00,0.0,27.8,5.0
2004-03-30T00:00:00,0.0,21.7,2.2
2004-03-31T00:00:00,0.0,26.1,6.1
2004-04-01T00:00:00,0.0,27.8,10.6
2004-04-02T00:00:00,1.0,27.2,11.1
2004-04-03T00:00:00,7.9,23.9,11.1
2004-04-04T00:00:00,,,
2004-04-05T00:00:00,,13.9,5.6
2004-04-06T00:00:00,1.3,11.1,5.6
2004-04-07T00:00:00,8.9,18.9,5.0
2004-04-08T00:00:00,0.3,21.7,7.2
2004-04-09T00:00:00,0.8,21.7,7.8
2004-04-10T00:00:00,0.3,25.0,5.6
2004-04-11T00:00:00,,,
2004-04-12T00:00:00,,6.7,0.0
2004-04-13T00:00:00,0.0,12.2,2.2
2004-04-14T00:00:00,0.0,18.3,4.4
2004-04-15T00:00:00,0.0,25.6,9.4
2004-04-16T00:00:00,0.0,28.3,10.0
2004-04-17T00:00:00,0.0,29.4,8.9
2004-04-18T00:00:00,0.0,,
2004-04-19T00:00:00,0.0,28.9,10.0
2004-04-20T00:00:00,0.0,29.4,10.0
2004-04-21T00:00:00,0.0,24.4,10.0
2004-04-22T00:00:00,0.0,27.2,8.3
2004-04-23T00:00:00,0.0,28.3,8.9
2004-04-24T00:00:00,0.0,19.4,3.9
2004-04-25T00:00:00,0.0,,
2004-04-26T00:00:00,0.0,25.6,6.7
2004-04-27T00:00:00,0.0,23.3,8.9
2004-04-28T00:00:00,0.0,25.0,10.0
2004-04-29T00:00:00,0.0,27.8,15.0
2004-04-30T00:00:00,0.0,27.2,10.0
2004-05-01T00:00:00,0.0,19.4,5.6
2004-05-02T00:00:00,0.0,,
2004-05-03T00:00:00,0.0,24.4,3.9
2004-05-04T00:00:00,0.0,28.9,8.3
2004-05-05T00:00:00,0.0,32.2,10.6
2004-05-06T00:00:00,0.0,32.8,10.0
2004-05-07T00:00:00,0.0,32.8,10.6
2004-05-08T00:00:00,0.0,31.7,11.1
2004-05-09T00:00:00,0.0,,
2004-05-10T00:00:00,0.0,32.2,13.9
2004-05-11T00:00:00,7.9,31.7,11.7
2004-05-12T00:00:00,0.0,30.6,14.4
2004-05-13T00:00:00,0.0,31.1,12.8
2004-05-14T00:00:00,0.0,30.0,7.2
2004-05-15T00:00:00,0.0,22.8,8.9
2004-05-16T00:00:00,0.0,,
2004-05-17T00:00:00,0.0,31.1,11.7
2004-05-18T00:00:00,0.0,35.6,12.2
2004-05-19T00:00:00,0.0,36.1,14.4
2004-05-20T00:00:00,1.0,37.2,15.6
2004-05-21T00:00:00,0.0,35.0,14.4
2004-05-22T00:00:00,0.0,34.4,13.9
2004-05-23T00:00:00,0.0,,
2004-05-24T00:00:00,0.0,33.3,9.4
2004-05-25T00:00:00,0.0,35.0,17.8
2004-05-26T00:00:00,0.0,32.2,18.3
2004-05-27T00:00:00,0.0,33.3,16.7
2004-05-28T00:00:00,11.4,26.7,12.2
2004-05-29T00:00:00,0.0,33.9,16.7
2004-05-30T00:00:00,0.0,,
2004-05-31T00:00:00,0.0,,
2004-06-01T00:00:00,0.0,32.8,12.2
2004-06-02T00:00:00,0.0,35.0,15.6
2004-06-03T00:00:00,0.0,38.3,17.2
2004-06-04T00:00:00,1.3,26.7,15.0
2004-06-05T00:00:00,0.0,35.0,18.9
2004-06-06T00:00:00,0.0,,
2004-06-07T00:00:00,0.0,36.1,15.6
2004-06-08T00:00:00,0.0,37.2,17.2
2004-06-09T00:00:00,0.0,36.7,18.9
2004-06-10T00:00:00,0.0,36.1,17.8
2004-06-11T00:00:00,0.0,,
2004-06-12T00:00:00,0.0,34.4,13.9
2004-06-13T00:00:00,0.0,,
2004-06-14T00:00:00,0.0,37.2,14.4
2004-06-15T00:00:00,0.0,39.4,15.0
2004-06-16T00:00:00,0.0,39.4,16.1
2004-06-17T00:00:00,0.0,39.4,20.0
2004-06-18T00:00:00,0.0,37.2,16.7
2004-06-19T00:00:00,0.0,37.8,18.3
2004-06-20T00:00:00,,,
2004-06-21T00:00:00,,34.4,16.7
2004-06-22T00:00:00,0.3,37.8,15.0
2004-06-23T00:00:00,0.3,22.8,13.9
2004-06-24T00:00:00,0.0,28.3,15.0
2004-06-25T00:00:00,0.0,33.3,15.0
2004-06-26T00:00:00,1.8,31.7,16.1
2004-06-27T00:00:00,,,
2004-06-28T00:00:00,,30.6,15.0
2004-06-29T00:00:00,0.0,26.7,15.6
2004-06-30T00:00:00,18.8,27.2,13.9
2004-07-01T00:00:00,0.0,32.8,15.0
2004-07-02T00:00:00,0.0,36.1,16.7
2004-07-03T00:00:00,0.0,38.3,20.0
2004-07-04T00:00:00,0.0,,
2004-07-05T00:00:00,0.0,,
2004-07-06T00:00:00,0.0,37.8,14.4
2004-07-07T00:00:00,0.0,36.1,20.0
2004-07-08T00:00:00,7.6,35.6,16.1
2004-07-09T00:00:00,0.0,37.2,18.3
2004-07-10T00:00:00,0.8,36.7,18.9
2004-07-11T00:00:00,0.0,,
2004-07-12T00:00:00,0.0,33.3,17.2
2004-07-13T00:00:00,0.0,32.2,15.6
2004-07-14T00:00:00,0.0,31.1,17.8
2004-07-15T00:00:00,0.0,36.7,18.9
2004-07-16T00:00:00,0.0,36.7,18.3
2004-07-17T00:00:00,0.0,36.1,19.4
2004-07-18T00:00:00,0.0,,
2004-07-19T00:00:00,0.0,37.2,20.0
2004-07-20T00:00:00,0.0,33.9,21.7
2004-07-21T00:00:00,2.3,36.7,20.0
2004-07-22T00:00:00,0.0,32.2,18.3
2004-07-23T00:00:00,0.0,33.9,19.4
2004-07-24T00:00:00,0.0,27.8,17.8
2004-07-25T00:00:00,,,
2004-07-26T00:00:00,,26.1,14.4
2004-07-27T00:00:00,0.5,22.2,14.4
2004-07-28T00:00:00,2.8,24.4,15.6
2004-07-29T00:00:00,0.0,31.1,15.6
2004-07-30T00:00:00,0.0,29.4,15.6
2004-07-31T00:00:00,0.0,33.9,17.2
2004-08-01T00:00:00,0.0,,
2004-08-02T00:00:00,0.0,32.8,17.2
2004-08-03T00:00:00,5.6,33.9,20.0
2004-08-04T00:00:00,0.8,33.9,18.9
2004-08-05T00:00:00,1.3,36.1,18.3
2004-08-06T00:00:00,0.0,32.2,16.7
2004-08-07T00:00:00,3.3,37.8,19.4
2004-08-08T00:00:00,,,
2004-08-09T00:00:00,,32.8,16.7
2004-08-10T00:00:00,0.0,33.3,17.2
2004-08-11T00:00:00,0.0,33.9,17.2
2004-08-12T00:00:00,7.6,30.0,16.7
2004-08-13T00:00:00,0.8,32.8,16.7
2004-08-14T00:00:00,4.1,28.9,16.7
2004-08-15T00:00:00,,,
2004-08-16T00:00:00,,26.1,16.1
2004-08-17T00:00:00,13.7,25.6,15.6
2004-08-18T00:00:00,18.0,28.3,16.7
2004-08-19T00:00:00,0.0,27.8,15.6
2004-08-20T00:00:00,0.0,31.7,14.4
2004-08-21T00:00:00,0.0,30.6,15.6
2004-08-22T00:00:00,,,
2004-08-23T00:00:00,,32.2,15.0
2004-08-24T00:00:00,0.0,33.9,18.3
2004-08-25T00:00:00,0.0,31.1,13.9
2004-08-26T00:00:00,0.0,33.3,16.7
2004-08-27T00:00:00,0.0,35.0,15.6
2004-08-28T00:00:00,0.0,33.3,16.1
2004-08-29T00:00:00,,,
2004-08-30T00:00:00,,29.4,13.3
2004-08-31T00:00:00,0.0,28.3,13.9
2004-09-01T00:00:00,0.0,27.2,15.0
2004-09-02T00:00:00,0.0,26.1,12.2
2004-09-03T00:00:00,0.0,28.3,13.9
2004-09-04T00:00:00,0.0,32.8,13.3
2004-09-05T00:00:00,,,
2004-09-06T00:00:00,,,
2004-09-07T00:00:00,0.0,32.2,9.4
2004-09-08T00:00:00,0.0,26.7,8.3
2004-09-09T00:00:00,0.0,27.8,9.4
2004-09-10T00:00:00,0.0,29.4,10.0
2004-09-11T00:00:00,0.0,31.1,11.1
2004-09-12T00:00:00,0.0,33.3,13.9
2004-09-13T00:00:00,0.0,33.3,12.8
2004-09-14T00:00:00,0.0,36.1,14.4
2004-09-15T00:00:00,0.0,36.1,18.9
2004-09-16T00:00:00,0.0,32.2,13.9
2004-09-17T00:00:00,0.0,33.9,14.4
2004-09-18T00:00:00,0.0,35.0,15.6
2004-09-19T00:00:00,,,
2004-09-20T00:00:00,,31.1,17.8
2004-09-21T00:00:00,0.0,30.0,12.8
2004-09-22T00:00:00,0.5,31.7,15.6
2004-09-23T00:00:00,0.0,30.0,9.4
2004-09-24T00:00:00,0.0,27.2,12.2
2004-09-25T00:00:00,2.3,29.4,13.3
2004-09-26T00:00:00,,,
2004-09-27T00:00:00,,19.4,13.3
2004-09-28T00:00:00,14.2,17.2,12.8
2004-09-29T00:00:00,0.8,18.9,11.7
2004-09-30T00:00:00,13.7,22.8,12.2
2004-10-01T00:00:00,0.0,23.3,12.8
2004-10-02T00:00:00,0.0,25.0,11.7
2004-10-03T00:00:00,,,
2004-10-04T00:00:00,,16.1,11.7
2004-10-05T00:00:00,0.0,19.4,15.0
2004-10-06T00:00:00,10.4,21.7,11.7
2004-10-07T00:00:00,0.0,19.4,12.2
2004-10-08T00:00:00,2.0,25.0,10.0
2004-10-09T00:00:00,0.0,25.0,8.3
2004-10-10T00:00:00,,,
2004-10-11T00:00:00,,,
2004-10-12T00:00:00,,22.2,8.3
2004-10-13T00:00:00,0.0,21.7,10.6
2004-10-14T00:00:00,3.6,13.3,4.4
2004-10-15T00:00:00,0.0,21.7,4.4
2004-10-16T00:00:00,0.0,26.7,7.8
2004-10-17T00:00:00,0.0,27.2,8.3
2004-10-18T00:00:00,0.0,25.0,7.2
2004-10-19T00:00:00,0.0,26.7,7.8
2004-10-20T00:00:00,0.0,27.2,12.8
2004-10-21T00:00:00,0.0,23.3,12.8
2004-10-22T00:00:00,0.0,21.7,3.9
2004-10-23T00:00:00,0.0,,
2004-10-24T00:00:00,0.0,,
2004-10-25T00:00:00,0.0,25.6,7.2
2004-10-26T00:00:00,7.4,25.6,7.2
2004-10-27T00:00:00,0.0,25.0,11.1
2004-10-28T00:00:00,0.0,26.7,8.3
2004-10-29T00:00:00,0.0,25.6,11.1
2004-10-30T00:00:00,0.0,22.2,2.8
2004-10-31T00:00:00,0.0,,
2004-11-01T00:00:00,0.0,21.1,4.4
2004-11-02T00:00:00,4.1,9.4,-1.1
2004-11-03T00:00:00,1.3,3.3,-2.8
2004-11-04T00:00:00,0.0,17.8,0.0
2004-11-05T00:00:00,0.0,17.2,0.6
2004-11-06T00:00:00,0.0,20.0,4.4
2004-11-07T00:00:00,0.0,,
2004-11-08T00:00:00,0.0,22.8,2.2
2004-11-09T00:00:00,0.0,19.4,2.8
2004-11-10T00:00:00,0.0,23.9,2.2
2004-11-12T00:00:00,,10.0,
2004-11-13T00:00:00,0.0,8.9,0.0
2004-11-14T00:00:00,,,
2004-11-15T00:00:00,,8.9,0.0
2004-11-16T00:00:00,23.9,5.6,2.8
2004-11-17T00:00:00,0.8,10.0,3.9
2004-11-18T00:00:00,0.0,18.3,5.0
2004-11-19T00:00:00,0.0,16.1,2.2
2004-11-20T00:00:00,0.0,18.3,3.9
2004-11-21T00:00:00,,,
2004-11-22T00:00:00,,12.8,5.0
2004-11-23T00:00:00,17.5,12.2,2.8
2004-11-24T00:00:00,0.0,11.7,-0.6
2004-11-25T00:00:00,0.0,,
2004-11-26T00:00:00,0.0,19.4,2.8
2004-11-27T00:00:00,0.0,18.3,-2.8
2004-11-28T00:00:00,0.0,,
2004-11-29T00:00:00,0.0,18.3,-1.1
2004-11-30T00:00:00,0.8,-1.1,-7.8
2004-12-01T00:00:00,0.0,9.4,-5.6
2004-12-02T00:00:00,0.0,12.8,-5.0
2004-12-03T00:00:00,0.0,7.2,-4.4
2004-12-04T00:00:00,0.0,15.6,-0.6
2004-12-05T00:00:00,0.0,14.4,2.2
2004-12-06T00:00:00,4.3,18.9,-0.6
2004-12-07T00:00:00,0.0,11.1,-1.1
2004-12-08T00:00:00,0.0,13.9,0.6
2004-12-09T00:00:00,0.0,16.7,6.1
2004-12-10T00:00:00,0.0,21.1,-0.6
2004-12-11T00:00:00,0.0,16.7,4.4
2004-12-12T00:00:00,0.0,,
2004-12-13T00:00:00,0.0,22.2,-2.8
2004-12-14T00:00:00,0.0,6.1,-5.6
2004-12-15T00:00:00,0.0,8.9,-6.1
2004-12-16T00:00:00,0.0,13.9,-0.6
2004-12-17T00:00:00,0.0,8.9,-2.8
2004-12-18T00:00:00,0.0,12.2,-3.9
2004-12-19T00:00:00,0.0,18.3,-3.3
2004-12-20T00:00:00,0.0,11.7,-3.3
2004-12-21T00:00:00,0.0,18.3,-1.7
2004-12-22T00:00:00,8.9,9.4,-3.9
2004-12-23T00:00:00,0.0,-2.2,-4.4
2004-12-24T00:00:00,0.0,-3.9,-12.2
2004-12-25T00:00:00,0.0,,
2004-12-26T00:00:00,0.0,,
2004-12-27T00:00:00,0.0,12.8,-11.7
2004-12-28T00:00:00,0.0,10.0,-1.7
2004-12-29T00:00:00,0.0,17.2,0.6
2004-12-30T00:00:00,4.8,16.1,6.1
2004-12-31T00:00:00,0.0,20.6,0.0
2005-01-01T00:00:00,0.0,20.0,2.8
2005-01-02T00:00:00,0.0,12.2,3.9
2005-01-03T00:00:00,0.8,20.0,0.6
2005-01-04T00:00:00,7.1,13.3,3.9
2005-01-05T00:00:00,0.8,17.8,4.4
2005-01-06T00:00:00,0.0,12.2,-3.9
2005-01-07T00:00:00,0.0,12.2,-2.2
2005-01-08T00:00:00,0.0,13.3,-1.7
2005-01-09T00:00:00,0.0,24.4,2.2
2005-01-10T00:00:00,0.0,24.4,2.2
2005-01-11T00:00:00,0.0,24.4,8.3
2005-01-12T00:00:00,0.0,22.2,6.7
2005-01-13T00:00:00,0.0,11.1,-6.7
2005-01-14T00:00:00,0.0,12.2,-3.9
2005-01-15T00:00:00,0.0,13.3,-5.0
2005-01-16T00:00:00,0.0,9.4,-6.1
2005-01-17T00:00:00,0.0,7.2,-7.8
2005-01-18T00:00:00,0.0,8.9,-6.7
2005-01-19T00:00:00,0.0,15.0,-1.7
2005-01-20T00:00:00,0.0,17.8,3.3
2005-01-21T00:00:00,0.0,20.0,4.4
2005-01-22T00:00:00,0.0,20.6,7.2
2005-01-23T00:00:00,0.0,11.7,-5.0
2005-01-24T00:00:00,0.0,13.9,-0.6
2005-01-25T00:00:00,0.0,20.0,2.8
2005-01-26T00:00:00,0.0,21.7,2.2
2005-01-27T00:00:00,12.2,13.3,5.6
2005-01-28T00:00:00,0.0,7.2,0.6
2005-01-29T00:00:00,0.0,16.1,-1.7
2005-01-30T00:00:00,0.0,13.9,-2.2
2005-01-31T00:00:00,0.0,14.4,-1.7
2005-02-01T00:00:00,0.0,4.4,-0.6
2005-02-02T00:00:00,0.0,4.4,-1.1
2005-02-03T00:00:00,0.0,6.1,-3.9
2005-02-04T00:00:00,0.0,10.0,-2.8
2005-02-05T00:00:00,0.0,13.9,-1.1
2005-02-06T00:00:00,0.0,6.7,0.0
2005-02-07T00:00:00,20.6,11.7,1.1
2005-02-08T00:00:00,0.0,15.0,0.6
2005-02-09T00:00:00,0.0,17.2,-1.1
2005-02-10T00:00:00,0.0,9.4,-0.6
2005-02-11T00:00:00,4.1,7.2,2.2
2005-02-12T00:00:00,3.0,6.7,2.8
2005-02-13T00:00:00,0.0,16.1,5.0
2005-02-14T00:00:00,0.0,20.0,5.0
2005-02-15T00:00:00,0.0,20.6,8.3
2005-02-16T00:00:00,0.0,22.8,5.0
2005-02-17T00:00:00,0.5,10.6,3.3
2005-02-18T00:00:00,0.0,10.6,2.8
2005-02-19T00:00:00,0.0,8.3,3.3
2005-02-20T00:00:00,0.0,21.1,1.7
2005-02-21T00:00:00,0.0,20.0,0.6
2005-02-22T00:00:00,0.0,23.3,1.1
2005-02-23T00:00:00,1.3,21.1,3.9
2005-02-24T00:00:00,8.4,15.0,0.6
2005-02-25T00:00:00,0.0,1.7,0.0
2005-02-26T00:00:00,0.0,5.0,1.7
2005-02-27T00:00:00,0.0,15.0,1.7
2005-02-28T00:00:00,0.0,15.0,-0.6
2005-03-01T00:00:00,0.0,18.9,0.6
2005-03-02T00:00:00,0.0,15.6,3.3
2005-03-03T00:00:00,0.0,20.0,0.6
2005-03-04T00:00:00,0.0,19.4,3.9
2005-03-05T00:00:00,0.0,17.2,5.0
2005-03-06T00:00:00,0.0,15.0,7.8
2005-03-07T00:00:00,9.7,15.0,2.8
2005-03-08T00:00:00,0.0,16.7,5.0
2005-03-09T00:00:00,0.0,22.2,1.1
2005-03-10T00:00:00,0.0,20.0,8.3
2005-03-11T00:00:00,0.0,22.8,-0.6
2005-03-12T00:00:00,0.0,19.4,8.9
2005-03-13T00:00:00,0.0,26.7,6.1
2005-03-14T00:00:00,0.0,15.6,-1.7
2005-03-15T00:00:00,0.0,12.8,0.0
2005-03-16T00:00:00,0.0,2.8,-4.4
2005-03-17T00:00:00,0.0,11.1,0.0
2005-03-18T00:00:00,0.0,17.8,2.2
2005-03-19T00:00:00,0.0,20.0,8.3
2005-03-20T00:00:00,0.0,17.2,3.3
2005-03-21T00:00:00,0.0,20.0,3.3
2005-03-22T00:00:00,0.0,17.8,3.3
2005-03-23T00:00:00,0.0,20.0,1.7
2005-03-24T00:00:00,0.0,23.3,7.2
2005-03-25T00:00:00,0.0,19.4,4.4
2005-03-26T00:00:00,0.0,18.9,4.4
2005-03-27T00:00:00,0.0,12.2,-4.4
2005-03-28T00:00:00,6.4,19.4,6.1
2005-03-29T00:00:00,0.0,23.9,10.6
2005-03-30T00:00:00,0.0,18.9,1.7
2005-03-31T00:00:00,0.0,20.0,0.0
2005-04-01T00:00:00,0.0,15.6,-2.2
2005-04-02T00:00:00,0.0,16.1,0.6
2005-04-03T00:00:00,0.0,24.4,0.6
2005-04-04T00:00:00,0.0,27.2,10.6
2005-04-05T00:00:00,0.0,26.7,8.3
2005-04-06T00:00:00,0.0,21.1,2.8
2005-04-07T00:00:00,0.0,21.1,3.3
2005-04-08T00:00:00,0.0,22.8,4.4
2005-04-09T00:00:00,0.0,29.4,7.2
2005-04-10T00:00:00,0.0,19.4,0.6
2005-04-11T00:00:00,0.0,25.6,0.6
2005-04-12T00:00:00,0.0,20.6,2.2
2005-04-13T00:00:00,0.0,23.3,4.4
2005-04-14T00:00:00,0.0,26.1,4.4
2005-04-15T00:00:00,0.0,26.7,6.7
2005-04-16T00:00:00,0.0,23.9,7.8
2005-04-17T00:00:00,0.0,18.9,6.7
2005-04-18T00:00:00,0.3,28.3,6.7
2005-04-19T00:00:00,0.0,28.9,7.8
2005-04-20T00:00:00,0.0,28.3,8.9
2005-04-21T00:00:00,0.0,29.4,7.8
2005-04-22T00:00:00,0.0,27.2,5.6
2005-04-23T00:00:00,0.0,22.8,8.3
2005-04-24T00:00:00,0.0,20.6,6.7
2005-04-25T00:00:00,2.3,23.3,3.3
2005-04-26T00:00:00,0.3,23.3,3.9
2005-04-27T00:00:00,0.3,23.9,8.9
2005-04-28T00:00:00,0.0,27.8,8.3
2005-04-29T00:00:00,0.0,29.4,10.0
2005-04-30T00:00:00,0.0,25.6,3.9
2005-05-01T00:00:00,0.0,18.9,2.2
2005-05-02T00:00:00,0.0,21.1,4.4
2005-05-03T00:00:00,1.5,6.1,3.9
2005-05-04T00:00:00,0.5,9.4,5.0
2005-05-05T00:00:00,0.3,20.6,5.0
2005-05-06T00:00:00,0.5,26.1,10.6
2005-05-07T00:00:00,0.0,30.0,8.9
2005-05-08T00:00:00,0.0,25.6,8.9
2005-05-09T00:00:00,0.0,28.3,11.1
2005-05-10T00:00:00,0.0,31.1,7.8
2005-05-11T00:00:00,0.0,32.8,11.1
2005-05-12T00:00:00,0.0,29.4,10.6
2005-05-13T00:00:00,0.0,31.1,11.1
2005-05-14T00:00:00,0.0,31.7,13.3
2005-05-15T00:00:00,0.0,26.1,10.0
2005-05-16T00:00:00,15.2,22.2,10.6
2005-05-17T00:00:00,0.0,27.8,11.7
2005-05-18T00:00:00,0.0,30.6,15.0
2005-05-19T00:00:00,0.0,31.1,16.1
2005-05-20T00:00:00,0.0,35.6,13.9
2005-05-21T00:00:00,0.0,35.6,16.7
2005-05-22T00:00:00,0.0,37.2,15.6
2005-05-23T00:00:00,0.0,37.2,15.6
2005-05-24T00:00:00,0.0,38.3,21.7
2005-05-25T00:00:00,2.0,35.6,19.4
2005-05-26T00:00:00,0.5,31.1,14.4
2005-05-27T00:00:00,0.0,19.4,14.4
2005-05-28T00:00:00,3.6,25.0,13.9
2005-05-29T00:00:00,0.0,23.9,12.8
2005-05-30T00:00:00,0.0,29.4,11.7
2005-05-31T00:00:00,0.0,30.6,12.2
2005-06-01T00:00:00,0.0,33.9,13.3
2005-06-02T00:00:00,0.0,31.1,15.0
2005-06-03T00:00:00,0.0,35.6,14.4
2005-06-04T00:00:00,0.0,32.8,12.2
2005-06-05T00:00:00,0.0,32.8,13.9
2005-06-06T00:00:00,0.0,33.9,18.3
2005-06-07T00:00:00,0.0,36.1,14.4
2005-06-08T00:00:00,0.0,35.6,11.7
2005-06-09T00:00:00,0.0,35.6,14.4
2005-06-10T00:00:00,0.0,35.6,13.3
2005-06-11T00:00:00,0.0,33.9,12.8
2005-06-12T00:00:00,0.0,34.4,14.4
2005-06-13T00:00:00,0.0,33.9,17.8
2005-06-14T00:00:00,0.0,36.1,15.6
2005-06-15T00:00:00,0.0,33.9,13.3
2005-06-16T00:00:00,0.0,36.1,17.2
2005-06-17T00:00:00,0.0,37.2,17.8
2005-06-18T00:00:00,0.0,39.4,19.4
2005-06-19T00:00:00,0.0,39.4,16.7
2005-06-20T00:00:00,0.0,40.6,16.1
2005-06-21T00:00:00,0.0,36.7,16.7
2005-06-22T00:00:00,0.0,34.4,15.0
2005-06-23T00:00:00,0.0,33.9,13.3
2005-06-24T00:00:00,0.0,35.6,14.4
2005-06-25T00:00:00,0.0,36.7,18.3
2005-06-26T00:00:00,3.8,34.4,18.9
2005-06-27T00:00:00,0.0,34.4,15.6
2005-06-28T00:00:00,1.5,35.0,15.0
2005-06-29T00:00:00,0.0,38.3,17.2
2005-06-30T00:00:00,0.0,37.2,16.7
2005-07-01T00:00:00,2.3,39.4,15.6
2005-07-02T00:00:00,0.0,38.9,15.6
2005-07-03T00:00:00,0.0,36.7,19.4
2005-07-04T00:00:00,0.0,41.1,22.2
2005-07-05T00:00:00,0.0,38.3,17.8
2005-07-06T00:00:00,0.0,36.1,19.4
2005-07-07T00:00:00,1.5,37.2,18.3
2005-07-08T00:00:00,0.0,37.8,16.1
2005-07-09T00:00:00,0.8,37.8,17.8
2005-07-10T00:00:00,0.0,34.4,16.1
2005-07-11T00:00:00,4.1,35.0,15.6
2005-07-12T00:00:00,0.0,35.6,18.9
2005-07-13T00:00:00,0.0,35.6,17.2
2005-07-14T00:00:00,0.0,35.6,18.3
2005-07-15T00:00:00,0.0,37.8,18.3
2005-07-16T00:00:00,0.0,35.6,17.8
2005-07-17T00:00:00,0.0,35.0,18.9
2005-07-18T00:00:00,0.0,37.8,18.3
2005-07-19T00:00:00,0.0,36.7,19.4
2005-07-20T00:00:00,0.0,37.2,18.3
2005-07-21T00:00:00,0.0,36.7,18.9
2005-07-22T00:00:00,0.0,35.0,18.9
2005-07-23T00:00:00,0.0,32.8,17.2
2005-07-24T00:00:00,0.0,,
2005-07-25T00:00:00,0.0,38.9,17.2
2005-07-26T00:00:00,2.5,38.3,21.7
2005-07-27T00:00:00,4.6,35.0,16.1
2005-07-28T00:00:00,0.3,22.2,11.7
2005-07-29T00:00:00,0.0,28.9,13.3
2005-07-30T00:00:00,0.0,30.6,13.3
2005-07-31T00:00:00,0.0,,
2005-08-01T00:00:00,0.0,34.4,16.7
2005-08-02T00:00:00,0.0,34.4,23.9
2005-08-03T00:00:00,0.0,33.9,16.7
2005-08-04T00:00:00,0.0,35.0,18.3
2005-08-05T00:00:00,0.0,34.4,17.8
2005-08-06T00:00:00,1.0,27.2,16.7
2005-08-07T00:00:00,,31.7,17.2
2005-08-08T00:00:00,0.0,34.4,17.2
2005-08-09T00:00:00,0.0,36.1,17.2
2005-08-10T00:00:00,0.0,36.7,17.8
2005-08-11T00:00:00,0.0,36.1,18.9
2005-08-12T00:00:00,0.0,36.1,20.0
2005-08-13T00:00:00,7.6,36.1,18.3
2005-08-14T00:00:00,,31.1,16.7
2005-08-15T00:00:00,,18.9,16.1
2005-08-16T00:00:00,0.5,25.6,16.7
2005-08-17T00:00:00,0.0,31.7,17.8
2005-08-18T00:00:00,6.4,35.6,19.4
2005-08-19T00:00:00,4.6,35.0,17.8
2005-08-20T00:00:00,4.3,33.9,18.3
2005-08-21T00:00:00,,,
2005-08-22T00:00:00,,33.9,16.7
2005-08-23T00:00:00,8.4,31.7,17.8
2005-08-24T00:00:00,0.8,34.4,19.4
2005-08-25T00:00:00,0.0,32.2,18.3
2005-08-26T00:00:00,0.0,33.9,18.3
2005-08-27T00:00:00,0.0,34.4,18.9
2005-08-28T00:00:00,,32.2,16.1
2005-08-29T00:00:00,,27.2,14.4
2005-08-30T00:00:00,0.0,32.2,14.4
2005-08-31T00:00:00,0.0,34.4,16.7
2005-09-01T00:00:00,0.0,31.7,16.1
2005-09-02T00:00:00,0.0,32.8,16.1
2005-09-03T00:00:00,0.0,30.6,15.0
2005-09-04T00:00:00,0.0,30.6,16.1
2005-09-05T00:00:00,0.0,31.1,18.3
2005-09-06T00:00:00,9.1,28.9,17.8
2005-09-07T00:00:00,0.0,30.0,15.0
2005-09-08T00:00:00,0.0,30.0,13.9
2005-09-09T00:00:00,0.0,30.0,12.8
2005-09-10T00:00:00,0.0,32.2,14.4
2005-09-11T00:00:00,0.0,33.9,17.8
2005-09-12T00:00:00,5.1,32.2,16.1
2005-09-13T00:00:00,0.0,33.9,16.7
2005-09-14T00:00:00,0.0,33.9,11.7
2005-09-15T00:00:00,0.0,33.3,11.7
2005-09-16T00:00:00,0.0,28.3,12.8
2005-09-17T00:00:00,0.0,31.1,17.2
2005-09-18T00:00:00,0.0,36.7,16.7
2005-09-19T00:00:00,0.0,37.2,17.8
2005-09-20T00:00:00,0.0,34.4,15.6
2005-09-21T00:00:00,0.0,33.9,13.3
2005-09-22T00:00:00,0.0,33.3,14.4
2005-09-23T00:00:00,0.0,36.1,17.2
2005-09-24T00:00:00,0.0,33.3,14.4
2005-09-25T00:00:00,0.0,36.7,18.9
2005-09-26T00:00:00,0.0,37.2,17.2
2005-09-27T00:00:00,0.0,31.1,13.3
2005-09-28T00:00:00,0.0,36.1,15.6
2005-09-29T00:00:00,0.0,33.3,13.3
2005-09-30T00:00:00,0.8,22.8,10.0
2005-10-01T00:00:00,0.0,32.8,12.2
2005-10-02T00:00:00,0.0,30.0,15.0
2005-10-03T00:00:00,0.0,34.4,17.2
2005-10-04T00:00:00,0.0,33.9,16.7
2005-10-05T00:00:00,7.6,32.8,15.0
2005-10-06T00:00:00,0.0,30.0,8.9
2005-10-07T00:00:00,3.6,8.9,6.7
2005-10-08T00:00:00,0.0,18.9,6.1
2005-10-09T00:00:00,0.0,26.7,6.7
2005-10-10T00:00:00,0.0,22.8,6.7
2005-10-11T00:00:00,6.6,18.3,3.3
2005-10-12T00:00:00,0.0,23.9,5.6
2005-10-13T00:00:00,0.0,24.4,10.0
2005-10-14T00:00:00,0.0,24.4,7.8
2005-10-15T00:00:00,0.0,24.4,7.8
2005-10-16T00:00:00,0.0,18.3,8.9
2005-10-17T00:00:00,14.5,25.6,11.1
2005-10-18T00:00:00,0.0,28.9,11.1
2005-10-19T00:00:00,0.0,31.7,13.3
2005-10-20T00:00:00,0.0,26.1,7.2
2005-10-21T00:00:00,0.0,25.0,8.9
2005-10-22T00:00:00,0.0,25.0,7.8
2005-10-23T00:00:00,0.0,25.6,8.9
2005-10-24T00:00:00,0.0,10.0,5.6
2005-10-25T00:00:00,0.0,17.8,3.9
2005-10-26T00:00:00,0.0,24.4,6.1
2005-10-27T00:00:00,0.0,26.1,8.3
2005-10-28T00:00:00,0.0,20.0,10.6
2005-10-29T00:00:00,0.0,20.6,10.0
2005-10-30T00:00:00,0.0,25.0,4.4
2005-10-31T00:00:00,0.0,25.6,6.7
2005-11-01T00:00:00,0.0,16.7,3.3
2005-11-02T00:00:00,0.0,26.1,3.9
2005-11-03T00:00:00,0.0,28.3,9.4
2005-11-04T00:00:00,0.0,26.7,9.4
2005-11-05T00:00:00,0.0,27.2,8.3
2005-11-06T00:00:00,0.0,27.8,3.3
2005-11-07T00:00:00,0.0,28.9,3.3
2005-11-08T00:00:00,0.0,29.4,10.0
2005-11-09T00:00:00,0.0,31.1,11.1
2005-11-10T00:00:00,0.0,22.2,0.6
2005-11-11T00:00:00,0.0,21.7,4.4
2005-11-12T00:00:00,0.0,28.3,2.2
2005-11-13T00:00:00,0.0,15.0,1.7
2005-11-14T00:00:00,0.0,14.4,8.3
2005-11-15T00:00:00,0.0,25.6,5.0
2005-11-16T00:00:00,0.0,25.6,-7.2
2005-11-17T00:00:00,0.0,13.9,-6.1
2005-11-18T00:00:00,0.0,17.2,0.6
2005-11-19T00:00:00,0.0,12.8,0.0
2005-11-20T00:00:00,0.0,13.3,0.0
2005-11-21T00:00:00,0.0,18.3,-0.6
2005-11-22T00:00:00,0.0,23.9,3.3
2005-11-23T00:00:00,0.0,23.9,6.7
2005-11-24T00:00:00,0.0,23.3,1.1
2005-11-25T00:00:00,0.0,22.8,2.2
2005-11-26T00:00:00,0.0,22.2,6.1
2005-11-27T00:00:00,0.0,22.8,5.0
2005-11-28T00:00:00,0.0,11.1,-5.0
2005-11-29T00:00:00,0.0,10.0,-8.3
2005-11-30T00:00:00,0.0,20.0,-6.1
2005-12-01T00:00:00,0.0,22.8,-5.0
2005-12-02T00:00:00,0.0,15.6,1.1
2005-12-03T00:00:00,0.0,23.9,12.2
2005-12-04T00:00:00,0.0,,
2005-12-05T00:00:00,0.0,,
2005-12-06T00:00:00,0.0,,
2005-12-07T00:00:00,0.0,15.0,-12.2
2005-12-08T00:00:00,0.0,-4.4,-17.2
2005-12-09T00:00:00,0.0,2.2,-11.7
2005-12-10T00:00:00,0.0,14.4,-7.2
2005-12-11T00:00:00,0.0,,
2005-12-12T00:00:00,0.0,10.0,2.2
2005-12-13T00:00:00,0.0,13.3,3.3
2005-12-14T00:00:00,0.0,18.9,1.1
2005-12-15T00:00:00,0.0,13.3,-7.8
2005-12-16T00:00:00,0.0,7.8,-6.1
2005-12-17T00:00:00,0.0,8.9,-6.7
2005-12-18T00:00:00,0.0,,
2005-12-19T00:00:00,0.0,,
2005-12-20T00:00:00,0.0,10.0,-4.4
2005-12-21T00:00:00,0.0,10.6,-2.8
2005-12-22T00:00:00,0.0,,
2005-12-23T00:00:00,0.0,23.9,9.4
2005-12-24T00:00:00,0.0,24.4,0.0
2005-12-25T00:00:00,0.0,,
2005-12-26T00:00:00,0.0,,
2005-12-27T00:00:00,0.0,25.0,5.0
2005-12-28T00:00:00,0.0,21.1,1.7
2005-12-29T00:00:00,0.0,21.7,1.7
2005-12-30T00:00:00,0.0,23.9,-1.1
2005-12-31T00:00:00,0.0,16.1,5.0
2006-01-01T00:00:00,0.0,,
2006-01-02T00:00:00,0.0,,
2006-01-03T00:00:00,0.0,23.9,1.1
2006-01-04T00:00:00,0.0,24.4,1.7
2006-01-05T00:00:00,0.0,19.4,1.7
2006-01-06T00:00:00,0.0,11.7,3.9
2006-01-07T00:00:00,0.0,22.2,-1.1
2006-01-08T00:00:00,0.0,,
2006-01-09T00:00:00,0.0,,
2006-01-10T00:00:00,0.0,12.2,-5.6
2006-01-11T00:00:00,0.0,17.2,1.1
2006-01-12T00:00:00,0.0,22.2,2.8
2006-01-13T00:00:00,0.0,21.7,-3.3
2006-01-14T00:00:00,0.0,13.9,-4.4
2006-01-15T00:00:00,0.0,,
2006-01-16T00:00:00,0.0,,
2006-01-17T00:00:00,0.0,20.0,-6.7
2006-01-18T00:00:00,0.0,15.6,-2.8
2006-01-19T00:00:00,0.0,19.4,5.6
2006-01-20T00:00:00,0.0,19.4,-0.6
2006-01-21T00:00:00,0.0,11.7,-7.8
2006-01-22T00:00:00,0.0,,
2006-01-23T00:00:00,0.0,11.1,-6.1
2006-01-24T00:00:00,0.0,12.8,-2.2
2006-01-25T00:00:00,0.0,15.0,2.2
2006-01-26T00:00:00,0.0,15.0,0.6
2006-01-27T00:00:00,0.0,17.2,1.1
2006-01-28T00:00:00,0.0,20.6,-2.2
2006-01-29T00:00:00,0.0,,
2006-01-30T00:00:00,0.0,19.4,-1.1
2006-01-31T00:00:00,0.0,17.2,0.0
2006-02-01T00:00:00,0.0,,
2006-02-02T00:00:00,0.0,21.7,5.0
2006-02-03T00:00:00,0.0,22.2,3.9
2006-02-04T00:00:00,0.0,16.7,-1.1
2006-02-05T00:00:00,0.0,,
2006-02-06T00:00:00,0.0,24.4,-3.9
2006-02-07T00:00:00,0.0,12.2,-3.9
2006-02-08T00:00:00,0.0,21.7,-0.6
2006-02-09T00:00:00,0.0,22.8,0.6
2006-02-10T00:00:00,0.0,14.4,0.0
2006-02-11T00:00:00,0.0,7.8,-3.9
2006-02-12T00:00:00,0.0,,
2006-02-13T00:00:00,0.0,16.7,-7.2
2006-02-14T00:00:00,0.0,20.0,-1.1
2006-02-15T00:00:00,0.0,22.8,3.3
2006-02-16T00:00:00,0.0,22.8,11.1
2006-02-17T00:00:00,0.0,22.2,-6.1
2006-02-18T00:00:00,0.0,3.3,-4.4
2006-02-19T00:00:00,0.0,,
2006-02-20T00:00:00,0.0,,
2006-02-21T00:00:00,0.0,21.1,-6.1
2006-02-22T00:00:00,0.0,22.2,0.6
2006-02-23T00:00:00,0.0,21.7,3.3
2006-02-24T00:00:00,4.1,15.6,0.6
2006-02-25T00:00:00,1.8,18.9,1.7
2006-02-26T00:00:00,0.0,,
2006-02-27T00:00:00,0.0,20.0,0.6
2006-02-28T00:00:00,0.0,26.1,6.7
2006-03-01T00:00:00,0.0,30.6,14.4
2006-03-02T00:00:00,0.0,28.9,6.7
2006-03-03T00:00:00,0.0,21.7,1.7
2006-03-04T00:00:00,0.0,17.8,6.1
2006-03-05T00:00:00,0.0,,
2006-03-06T00:00:00,0.0,27.2,3.9
2006-03-07T00:00:00,0.0,29.4,10.6
2006-03-08T00:00:00,0.0,28.9,11.7
2006-03-09T00:00:00,0.0,21.1,3.9
2006-03-10T00:00:00,0.0,19.4,5.6
2006-03-11T00:00:00,0.0,19.4,4.4
2006-03-12T00:00:00,0.0,,
2006-03-13T00:00:00,0.0,21.1,-4.4
2006-03-14T00:00:00,0.0,15.0,-4.4
2006-03-15T00:00:00,0.0,17.2,6.1
2006-03-16T00:00:00,0.0,25.0,6.1
2006-03-17T00:00:00,0.0,23.3,3.3
2006-03-18T00:00:00,0.0,21.1,5.0
2006-03-19T00:00:00,,,
2006-03-20T00:00:00,,19.4,2.8
2006-03-21T00:00:00,0.0,16.1,-6.7
2006-03-22T00:00:00,0.0,16.1,-6.7
2006-03-23T00:00:00,2.5,1.1,-6.1
2006-03-24T00:00:00,0.0,10.0,-5.6
2006-03-25T00:00:00,0.0,18.9,-0.6
2006-03-26T00:00:00,0.0,,
2006-03-27T00:00:00,0.0,27.2,-0.6
2006-03-28T00:00:00,0.0,20.6,10.0
2006-03-29T00:00:00,0.0,24.4,4.4
2006-03-30T00:00:00,0.0,26.7,13.9
2006-03-31T00:00:00,0.0,23.9,6.7
2006-04-01T00:00:00,0.0,26.7,7.8
2006-04-02T00:00:00,0.0,,
2006-04-03T00:00:00,0.0,28.3,4.4
2006-04-04T00:00:00,0.0,21.7,6.1
2006-04-05T00:00:00,0.0,,
2006-04-06T00:00:00,0.0,30.6,12.2
2006-04-07T00:00:00,0.0,22.2,3.3
2006-04-08T00:00:00,0.0,,
2006-04-09T00:00:00,0.0,,
2006-04-10T00:00:00,0.0,30.6,4.4
2006-04-11T00:00:00,0.0,,
2006-04-12T00:00:00,0.0,,
2006-04-13T00:00:00,0.0,,
2006-04-14T00:00:00,0.0,30.6,12.8
2006-04-15T00:00:00,0.0,34.4,19.4
2006-04-16T00:00:00,0.0,,
2006-04-17T00:00:00,0.0,,
2006-04-18T00:00:00,0.0,31.7,12.2
2006-04-19T00:00:00,0.0,32.8,7.2
2006-04-20T00:00:00,0.0,25.0,6.7
2006-04-21T00:00:00,0.0,28.9,6.7
2006-04-22T00:00:00,0.0,30.0,
2006-04-23T00:00:00,,,
2006-04-24T00:00:00,,34.4,13.9
2006-04-25T00:00:00,0.0,34.4,6.1
2006-04-26T00:00:00,0.0,21.1,6.1
2006-04-27T00:00:00,0.0,25.6,7.8
2006-04-28T00:00:00,0.0,30.0,9.4
2006-04-29T00:00:00,0.0,30.0,6.7
2006-04-30T00:00:00,0.0,,
2006-05-01T00:00:00,0.0,31.1,7.2
2006-05-02T00:00:00,0.0,33.3,10.0
2006-05-03T00:00:00,0.0,34.4,15.0
2006-05-04T00:00:00,0.0,35.6,14.4
2006-05-05T00:00:00,0.0,35.6,8.3
2006-05-06T00:00:00,0.0,31.1,11.1
2006-05-07T00:00:00,0.0,,
2006-05-08T00:00:00,0.0,31.7,9.4
2006-05-09T00:00:00,0.0,33.9,17.8
2006-05-10T00:00:00,0.0,34.4,11.7
2006-05-11T00:00:00,0.0,26.1,10.6
2006-05-12T00:00:00,0.0,25.0,11.7
2006-05-13T00:00:00,0.0,33.9,13.3
2006-05-14T00:00:00,,,
2006-05-15T00:00:00,6.4,36.1,13.9
2006-05-16T00:00:00,1.3,21.1,13.9
2006-05-17T00:00:00,0.0,28.3,10.0
2006-05-18T00:00:00,0.0,33.3,16.1
2006-05-19T00:00:00,0.0,37.2,19.4
2006-05-20T00:00:00,0.0,,
2006-05-21T00:00:00,0.0,,
2006-05-22T00:00:00,0.0,38.9,16.1
2006-05-23T00:00:00,0.0,37.2,16.7
2006-05-24T00:00:00,0.0,,
2006-05-25T00:00:00,0.0,37.2,26.7
2006-05-26T00:00:00,0.0,,
2006-05-27T00:00:00,0.0,39.4,14.4
2006-05-28T00:00:00,0.0,,
2006-05-29T00:00:00,0.0,,
2006-05-30T00:00:00,0.0,35.6,21.7
2006-05-31T00:00:00,0.0,36.7,16.7
2006-06-01T00:00:00,0.0,30.0,16.1
2006-06-02T00:00:00,0.0,28.9,14.4
2006-06-03T00:00:00,0.0,32.8,14.4
2006-06-04T00:00:00,0.0,,
2006-06-05T00:00:00,0.0,38.9,14.4
2006-06-06T00:00:00,0.0,40.6,15.6
2006-06-07T00:00:00,0.0,39.4,18.9
2006-06-08T00:00:00,0.0,38.3,17.8
2006-06-09T00:00:00,0.0,36.1,17.2
2006-06-10T00:00:00,1.3,35.0,20.6
2006-06-11T00:00:00,0.0,,
2006-06-12T00:00:00,0.0,40.0,16.7
2006-06-13T00:00:00,0.0,40.0,16.7
2006-06-14T00:00:00,0.0,39.4,18.9
2006-06-15T00:00:00,0.0,41.1,22.2
2006-06-16T00:00:00,0.0,41.1,20.0
2006-06-17T00:00:00,0.0,41.1,16.1
2006-06-18T00:00:00,0.0,,
2006-06-19T00:00:00,0.0,,
2006-06-20T00:00:00,0.0,41.1,16.1
2006-06-21T00:00:00,0.0,40.0,20.0
2006-06-22T00:00:00,3.3,39.4,20.0
2006-06-23T00:00:00,0.0,40.6,17.8
2006-06-24T00:00:00,0.0,30.6,17.2
2006-06-25T00:00:00,2.5,34.4,20.6
2006-06-26T00:00:00,1.8,34.4,15.0
2006-06-27T00:00:00,0.0,,
2006-06-28T00:00:00,0.0,25.6,15.6
2006-06-29T00:00:00,0.0,30.0,15.0
2006-06-30T00:00:00,0.0,30.0,16.7
2006-07-01T00:00:00,0.0,32.8,16.7
2006-07-02T00:00:00,0.0,32.2,16.7
2006-07-03T00:00:00,0.0,33.9,17.2
2006-07-04T00:00:00,0.0,,
2006-07-05T00:00:00,0.0,33.9,20.6
2006-07-06T00:00:00,7.9,31.1,18.3
2006-07-07T00:00:00,12.2,31.1,18.3
2006-07-08T00:00:00,0.0,31.7,18.3
2006-07-09T00:00:00,0.0,,
2006-07-10T00:00:00,0.0,35.6,19.4
2006-07-11T00:00:00,0.0,36.1,20.6
2006-07-12T00:00:00,0.0,38.9,20.0
2006-07-13T00:00:00,0.0,37.8,21.1
2006-07-14T00:00:00,0.0,38.3,18.9
2006-07-15T00:00:00,0.0,37.8,20.6
2006-07-16T00:00:00,0.0,,
2006-07-17T00:00:00,0.0,35.6,18.9
2006-07-18T00:00:00,0.0,38.9,22.2
2006-07-19T00:00:00,0.0,38.9,21.1
2006-07-20T00:00:00,0.0,38.9,19.4
2006-07-21T00:00:00,0.0,37.2,20.6
2006-07-22T00:00:00,0.0,37.2,21.7
2006-07-23T00:00:00,0.0,,
2006-07-24T00:00:00,0.0,35.6,17.8
2006-07-25T00:00:00,0.0,38.9,23.9
2006-07-26T00:00:00,0.0,37.8,19.4
2006-07-27T00:00:00,0.0,37.2,23.3
2006-07-28T00:00:00,33.3,36.7,18.3
2006-07-29T00:00:00,11.9,29.4,17.8
2006-07-30T00:00:00,,,
2006-07-31T00:00:00,,31.1,18.9
2006-08-01T00:00:00,2.3,25.6,20.0
2006-08-02T00:00:00,1.3,23.9,18.9
2006-08-03T00:00:00,9.9,30.6,18.3
2006-08-04T00:00:00,1.5,28.3,18.3
2006-08-05T00:00:00,1.5,28.9,18.9
2006-08-06T00:00:00,0.0,32.8,17.8
2006-08-07T00:00:00,0.0,33.9,18.9
2006-08-08T00:00:00,0.0,33.9,17.8
2006-08-09T00:00:00,0.0,34.4,18.9
2006-08-10T00:00:00,0.0,37.2,23.3
2006-08-11T00:00:00,2.5,35.6,18.3
2006-08-12T00:00:00,10.2,35.0,18.3
2006-08-13T00:00:00,38.1,35.0,17.2
2006-08-14T00:00:00,10.2,27.2,17.2
2006-08-15T00:00:00,,,
2006-08-16T00:00:00,,,
2006-08-17T00:00:00,1.5,28.3,18.9
2006-08-18T00:00:00,2.8,30.6,18.3
2006-08-19T00:00:00,0.8,31.7,18.9
2006-08-20T00:00:00,,,
2006-08-21T00:00:00,3.8,29.4,17.8
2006-08-22T00:00:00,10.7,28.9,17.8
2006-08-23T00:00:00,0.0,28.3,17.2
2006-08-24T00:00:00,0.0,32.8,18.3
2006-08-25T00:00:00,0.0,34.4,17.8
2006-08-26T00:00:00,7.1,34.4,17.8
2006-08-27T00:00:00,0.0,,
2006-08-28T00:00:00,0.0,31.1,16.7
2006-08-29T00:00:00,0.0,31.1,16.7
2006-08-30T00:00:00,0.0,29.4,13.3
2006-08-31T00:00:00,0.0,31.1,17.2
2006-09-01T00:00:00,0.0,30.0,15.6
2006-09-02T00:00:00,2.8,30.6,16.7
2006-09-03T00:00:00,,,
2006-09-04T00:00:00,,,
2006-09-05T00:00:00,,18.9,13.3
2006-09-06T00:00:00,0.0,25.6,12.2
2006-09-07T00:00:00,0.0,27.8,12.2
2006-09-08T00:00:00,13.7,26.1,12.8
2006-09-09T00:00:00,22.9,26.1,14.4
2006-09-10T00:00:00,,,
2006-09-11T00:00:00,,29.4,13.9
2006-09-12T00:00:00,25.4,26.1,13.3
2006-09-13T00:00:00,0.0,25.6,12.2
2006-09-14T00:00:00,5.1,27.2,13.9
2006-09-15T00:00:00,0.0,28.3,13.3
2006-09-16T00:00:00,0.0,29.4,13.3
2006-09-17T00:00:00,0.0,,
2006-09-18T00:00:00,0.0,30.0,5.6
2006-09-19T00:00:00,0.0,24.4,6.1
2006-09-20T00:00:00,0.0,27.2,9.4
2006-09-21T00:00:00,0.0,30.0,10.6
2006-09-22T00:00:00,0.0,27.8,12.8
2006-09-23T00:00:00,0.0,27.8,8.9
2006-09-24T00:00:00,0.0,,
2006-09-25T00:00:00,0.0,24.4,6.1
2006-09-26T00:00:00,0.0,24.4,9.4
2006-09-27T00:00:00,0.0,31.1,12.8
2006-09-28T00:00:00,0.0,31.1,12.2
2006-09-29T00:00:00,0.0,21.7,7.8
2006-09-30T00:00:00,0.0,31.7,13.3
2006-10-01T00:00:00,0.0,,
2006-10-02T00:00:00,0.0,32.8,9.4
2006-10-03T00:00:00,0.0,32.8,11.7
2006-10-04T00:00:00,0.0,32.8,12.2
2006-10-05T00:00:00,5.1,28.3,11.7
2006-10-06T00:00:00,0.0,26.7,10.6
2006-10-07T00:00:00,0.0,28.3,9.4
2006-10-08T00:00:00,,,
2006-10-09T00:00:00,,,
2006-10-10T00:00:00,20.3,28.3,10.0
2006-10-11T00:00:00,0.0,21.7,7.8
2006-10-12T00:00:00,0.0,25.6,8.3
2006-10-13T00:00:00,0.0,25.0,3.9
2006-10-14T00:00:00,0.0,23.3,5.6
2006-10-15T00:00:00,,,
2006-10-16T00:00:00,22.4,17.8,7.2
2006-10-17T00:00:00,0.0,23.9,8.9
2006-10-18T00:00:00,0.0,23.9,7.2
2006-10-19T00:00:00,17.8,21.1,5.0
2006-10-20T00:00:00,0.0,21.1,5.6
2006-10-21T00:00:00,0.0,23.3,5.6
2006-10-22T00:00:00,0.0,,
2006-10-23T00:00:00,0.0,19.4,1.1
2006-10-24T00:00:00,0.0,21.1,2.8
2006-10-25T00:00:00,1.3,20.6,2.8
2006-10-26T00:00:00,0.0,24.4,5.6
2006-10-27T00:00:00,0.0,19.4,0.6
2006-10-28T00:00:00,0.0,18.3,1.7
2006-10-29T00:00:00,0.0,,
2006-10-30T00:00:00,0.0,25.0,1.7
2006-10-31T00:00:00,0.0,23.9,3.9
2006-11-01T00:00:00,0.0,13.9,2.8
2006-11-02T00:00:00,0.0,21.7,-1.7
2006-11-03T00:00:00,0.0,12.8,-1.7
2006-11-04T00:00:00,0.0,18.9,3.3
2006-11-05T00:00:00,0.0,,
2006-11-06T00:00:00,0.0,24.4,5.6
2006-11-07T00:00:00,0.0,20.6,3.9
2006-11-08T00:00:00,0.0,26.7,11.1
2006-11-09T00:00:00,0.0,30.6,15.6
2006-11-10T00:00:00,0.0,27.8,7.8
2006-11-11T00:00:00,0.0,,
2006-11-12T00:00:00,0.0,,
2006-11-13T00:00:00,0.0,23.3,-1.1
2006-11-14T00:00:00,0.0,17.8,3.9
2006-11-15T00:00:00,0.0,25.0,-0.6
2006-11-16T00:00:00,0.0,16.7,-2.8
2006-11-17T00:00:00,0.0,22.2,-2.8
2006-11-18T00:00:00,0.0,18.9,-1.1
2006-11-19T00:00:00,0.0,,
2006-11-20T00:00:00,0.0,20.6,-0.6
2006-11-21T00:00:00,0.0,18.3,1.7
2006-11-22T00:00:00,0.0,23.3,5.6
2006-11-23T00:00:00,0.0,,
2006-11-24T00:00:00,0.0,25.6,6.1
2006-11-25T00:00:00,0.0,19.4,1.1
2006-11-26T00:00:00,0.0,,
2006-11-27T00:00:00,0.0,22.2,5.0
2006-11-28T00:00:00,0.0,20.0,5.0
2006-11-29T00:00:00,0.0,18.3,9.4
2006-11-30T00:00:00,2.5,16.7,-11.7
2007-01-01T00:00:00,0.0,,
2007-01-02T00:00:00,0.0,,
2007-01-03T00:00:00,0.0,8.3,-7.2
2007-01-04T00:00:00,0.0,11.7,-3.9
2007-01-05T00:00:00,0.0,18.3,5.0
2007-01-06T00:00:00,0.0,18.3,-1.1
2007-01-07T00:00:00,0.0,,
2007-01-08T00:00:00,0.0,8.9,-5.0
2007-01-09T00:00:00,0.0,18.3,-5.0
2007-01-10T00:00:00,0.0,12.2,-3.9
2007-01-11T00:00:00,0.0,18.3,-1.1
2007-01-12T00:00:00,0.0,19.4,6.7
2007-01-13T00:00:00,0.0,20.6,-3.9
2007-01-14T00:00:00,0.0,,
2007-01-15T00:00:00,0.0,,
2007-01-16T00:00:00,0.0,0.0,-8.3
2007-01-17T00:00:00,0.0,-1.1,-7.8
2007-01-18T00:00:00,0.0,2.2,-5.6
2007-01-19T00:00:00,2.5,8.3,-3.3
2007-01-20T00:00:00,,-1.1,-3.3
2007-01-21T00:00:00,0.0,,
2007-01-22T00:00:00,0.0,6.1,-5.6
2007-01-23T00:00:00,0.0,-2.2,-6.7
2007-01-24T00:00:00,0.0,2.8,-6.1
2007-01-25T00:00:00,0.0,6.7,-5.0
2007-01-26T00:00:00,0.0,9.4,-2.8
2007-01-27T00:00:00,0.0,,
2007-01-28T00:00:00,0.0,,
2007-01-29T00:00:00,0.0,8.9,-3.9
2007-01-30T00:00:00,0.0,18.9,-2.8
2007-01-31T00:00:00,0.0,0.6,-2.8
2007-02-01T00:00:00,0.0,13.3,-4.4
2007-02-02T00:00:00,0.0,11.1,-5.6
2007-02-03T00:00:00,0.0,6.7,-5.0
2007-02-04T00:00:00,0.0,,
2007-02-05T00:00:00,0.0,17.2,-2.8
2007-02-06T00:00:00,0.0,17.8,-0.6
2007-02-07T00:00:00,0.0,23.9,3.9
2007-02-08T00:00:00,0.0,24.4,-0.6
2007-02-09T00:00:00,0.0,12.8,0.6
2007-02-10T00:00:00,0.0,21.1,-2.8
2007-02-11T00:00:00,0.0,,
2007-02-12T00:00:00,0.0,11.7,-2.8
2007-02-13T00:00:00,0.0,17.8,0.0
2007-02-14T00:00:00,5.1,1.7,-4.4
2007-02-15T00:00:00,0.0,-2.2,-6.1
2007-02-16T00:00:00,0.0,1.7,-5.0
2007-02-17T00:00:00,0.0,20.0,-3.3
2007-02-18T00:00:00,0.0,,
2007-02-19T00:00:00,0.0,,
2007-02-20T00:00:00,0.0,20.0,-4.4
2007-02-21T00:00:00,0.0,17.2,0.0
2007-02-22T00:00:00,0.0,23.3,1.1
2007-02-23T00:00:00,0.0,21.7,2.8
2007-02-24T00:00:00,0.0,22.2,2.8
2007-02-25T00:00:00,0.0,,
2007-02-26T00:00:00,0.0,18.9,-5.6
2007-02-27T00:00:00,0.0,25.0,2.2
2007-02-28T00:00:00,0.0,22.2,2.2
2007-03-01T00:00:00,0.0,20.6,-1.7
2007-03-02T00:00:00,0.0,13.9,-6.1
2007-03-03T00:00:00,0.0,14.4,-6.1
2007-03-04T00:00:00,0.0,,
2007-03-05T00:00:00,0.0,13.3,-5.6
2007-03-06T00:00:00,0.0,18.9,-0.6
2007-03-07T00:00:00,0.0,24.4,2.8
2007-03-08T00:00:00,0.0,20.6,4.4
2007-03-09T00:00:00,0.0,20.6,5.0
2007-03-10T00:00:00,0.0,22.8,3.9
2007-03-11T00:00:00,,,
2007-03-12T00:00:00,,27.2,3.3
2007-03-13T00:00:00,10.2,9.4,3.9
2007-03-14T00:00:00,0.0,21.1,5.6
2007-03-15T00:00:00,0.0,28.3,8.3
2007-03-16T00:00:00,0.0,28.3,5.0
2007-03-17T00:00:00,0.0,17.2,2.8
2007-03-18T00:00:00,0.0,,
2007-03-19T00:00:00,0.0,28.9,8.3
2007-03-20T00:00:00,0.0,28.9,3.9
2007-03-21T00:00:00,0.0,27.8,6.1
2007-03-22T00:00:00,4.6,27.8,11.1
2007-03-23T00:00:00,0.0,19.4,10.6
2007-03-24T00:00:00,38.1,21.1,4.4
2007-03-25T00:00:00,0.0,,
2007-03-26T00:00:00,0.0,19.4,5.0
2007-03-27T00:00:00,0.0,22.8,6.1
2007-03-28T00:00:00,0.0,26.1,9.4
2007-03-29T00:00:00,0.0,26.1,-1.1
2007-03-30T00:00:00,0.0,26.1,-1.1
2007-03-31T00:00:00,1.0,8.3,-0.6
2007-04-01T00:00:00,0.0,,
2007-04-02T00:00:00,0.0,25.6,3.3
2007-04-03T00:00:00,0.0,28.9,3.3
2007-04-04T00:00:00,0.0,25.6,7.8
2007-04-05T00:00:00,0.0,18.9,2.2
2007-04-06T00:00:00,0.0,21.7,6.1
2007-04-07T00:00:00,2.5,7.8,-2.2
2007-04-08T00:00:00,,,
2007-04-09T00:00:00,,8.3,-3.3
2007-04-10T00:00:00,2.3,22.8,2.8
2007-04-11T00:00:00,0.0,25.6,1.1
2007-04-12T00:00:00,0.0,23.3,3.3
2007-04-13T00:00:00,0.0,26.1,6.1
2007-04-14T00:00:00,0.0,15.6,-1.7
2007-04-15T00:00:00,0.0,,
2007-04-16T00:00:00,0.0,24.4,0.0
2007-04-17T00:00:00,0.0,25.6,5.6
2007-04-18T00:00:00,0.0,22.2,2.8
2007-04-19T00:00:00,0.0,27.8,6.7
2007-04-20T00:00:00,0.0,27.8,8.3
2007-04-21T00:00:00,0.0,29.4,6.1
2007-04-22T00:00:00,0.0,,
2007-04-23T00:00:00,0.0,29.4,5.0
2007-04-24T00:00:00,0.0,28.9,10.6
2007-04-25T00:00:00,0.0,22.2,5.0
2007-04-26T00:00:00,0.0,23.3,4.4
2007-04-27T00:00:00,0.0,25.6,6.7
2007-04-28T00:00:00,2.5,28.9,12.2
2007-04-29T00:00:00,,,
2007-04-30T00:00:00,,26.1,11.7
2007-05-01T00:00:00,0.0,28.9,12.2
2007-05-02T00:00:00,22.9,27.8,10.0
2007-05-03T00:00:00,2.5,20.0,8.9
2007-05-04T00:00:00,0.0,27.2,10.0
2007-05-05T00:00:00,0.0,29.4,17.8
2007-05-06T00:00:00,0.0,,
2007-05-07T00:00:00,0.0,27.8,5.0
2007-05-08T00:00:00,32.5,23.3,11.1
2007-05-09T00:00:00,2.0,15.6,8.9
2007-05-10T00:00:00,0.0,18.3,8.9
2007-05-11T00:00:00,0.0,25.6,10.6
2007-05-12T00:00:00,0.0,26.7,11.1
2007-05-13T00:00:00,0.0,,
2007-05-14T00:00:00,0.0,27.2,10.0
2007-05-15T00:00:00,0.0,27.8,13.9
2007-05-16T00:00:00,10.2,21.7,10.6
2007-05-17T00:00:00,5.8,21.7,10.6
2007-05-18T00:00:00,1.5,13.3,10.6
2007-05-19T00:00:00,0.0,18.9,11.1
2007-05-20T00:00:00,,,
2007-05-21T00:00:00,,22.8,10.6
2007-05-22T00:00:00,0.0,28.3,10.6
2007-05-23T00:00:00,0.0,28.3,10.6
2007-05-24T00:00:00,0.0,29.4,10.6
2007-05-25T00:00:00,0.0,23.9,12.8
2007-05-26T00:00:00,2.5,26.7,12.2
2007-05-27T00:00:00,0.0,,
2007-05-28T00:00:00,0.0,,
2007-05-29T00:00:00,0.0,27.2,10.6
2007-05-30T00:00:00,0.0,32.8,12.8
2007-05-31T00:00:00,0.0,28.3,10.6
2007-06-01T00:00:00,0.0,33.3,11.1
2007-06-02T00:00:00,0.0,34.4,16.7
2007-06-03T00:00:00,,,
2007-06-04T00:00:00,,30.0,12.2
2007-06-05T00:00:00,4.1,29.4,11.1
2007-06-06T00:00:00,0.0,33.9,14.4
2007-06-07T00:00:00,0.0,33.3,18.3
2007-06-08T00:00:00,0.0,30.6,11.7
2007-06-09T00:00:00,0.0,25.0,12.8
2007-06-10T00:00:00,0.0,,
2007-06-11T00:00:00,0.0,31.1,14.4
2007-06-12T00:00:00,1.8,33.9,13.9
2007-06-13T00:00:00,0.0,30.6,15.6
2007-06-14T00:00:00,0.0,30.0,11.7
2007-06-15T00:00:00,0.0,31.1,16.1
2007-06-16T00:00:00,0.0,31.7,16.1
2007-06-17T00:00:00,0.0,,
2007-06-18T00:00:00,0.0,35.0,15.6
2007-06-19T00:00:00,0.0,38.3,18.9
2007-06-20T00:00:00,0.0,39.4,18.3
2007-06-21T00:00:00,0.0,28.9,15.0
2007-06-22T00:00:00,0.0,35.0,13.9
2007-06-23T00:00:00,0.0,35.6,16.1
2007-06-24T00:00:00,0.0,,
2007-06-25T00:00:00,0.0,33.9,16.1
2007-06-26T00:00:00,0.0,36.7,17.2
2007-06-27T00:00:00,0.0,36.7,17.2
2007-06-28T00:00:00,4.3,31.7,15.0
2007-06-29T00:00:00,0.0,29.4,16.7
2007-06-30T00:00:00,2.0,31.7,15.6
2007-07-01T00:00:00,0.0,35.6,17.8
2007-07-02T00:00:00,0.0,35.6,16.1
2007-07-03T00:00:00,0.0,37.2,18.3
2007-07-04T00:00:00,0.0,33.9,17.8
2007-07-05T00:00:00,14.0,31.7,16.1
2007-07-06T00:00:00,2.8,30.6,16.7
2007-07-07T00:00:00,0.0,27.2,16.7
2007-07-08T00:00:00,0.0,31.7,17.2
2007-07-09T00:00:00,0.0,34.4,17.8
2007-07-10T00:00:00,0.0,37.2,23.9
2007-07-11T00:00:00,0.0,35.0,20.0
2007-07-12T00:00:00,28.7,30.0,17.8
2007-07-13T00:00:00,4.6,28.3,18.3
2007-07-14T00:00:00,4.6,30.6,19.4
2007-07-15T00:00:00,0.0,31.1,18.3
2007-07-16T00:00:00,0.0,33.9,16.7
2007-07-17T00:00:00,0.0,35.0,17.8
2007-07-18T00:00:00,0.0,33.9,16.7
2007-07-19T00:00:00,0.0,32.2,15.0
2007-07-20T00:00:00,0.0,30.0,18.3
2007-07-21T00:00:00,0.0,30.6,18.9
2007-07-22T00:00:00,20.6,25.6,17.8
2007-07-23T00:00:00,0.0,26.1,15.6
2007-07-24T00:00:00,0.0,30.6,16.7
2007-07-25T00:00:00,0.0,31.1,16.1
2007-07-26T00:00:00,0.0,31.7,16.7
2007-07-27T00:00:00,0.0,33.3,17.8
2007-07-28T00:00:00,27.9,32.8,12.2
2007-07-29T00:00:00,0.0,32.2,17.2
2007-07-30T00:00:00,12.7,30.6,17.8
2007-07-31T00:00:00,2.3,23.9,18.9
2007-08-01T00:00:00,0.0,29.4,17.2
2007-08-02T00:00:00,0.5,30.6,17.2
2007-08-03T00:00:00,13.5,25.6,16.7
2007-08-04T00:00:00,5.1,23.3,18.9
2007-08-05T00:00:00,0.0,29.4,17.8
2007-08-06T00:00:00,0.0,32.2,17.2
2007-08-07T00:00:00,3.6,32.8,17.8
2007-08-08T00:00:00,0.0,32.2,17.2
2007-08-09T00:00:00,0.0,35.6,17.8
2007-08-10T00:00:00,0.0,34.4,16.1
2007-08-11T00:00:00,0.0,34.4,16.7
2007-08-12T00:00:00,0.0,35.6,15.6
2007-08-13T00:00:00,0.0,33.3,16.7
2007-08-14T00:00:00,0.0,33.3,15.6
2007-08-15T00:00:00,0.0,33.3,15.0
2007-08-16T00:00:00,0.0,33.3,16.1
2007-08-17T00:00:00,0.0,33.3,17.2
2007-08-18T00:00:00,0.0,30.6,17.8
2007-08-19T00:00:00,0.0,34.4,19.4
2007-08-20T00:00:00,0.0,37.8,21.1
2007-08-21T00:00:00,0.0,38.9,18.3
2007-08-22T00:00:00,0.0,36.1,17.8
2007-08-23T00:00:00,5.8,34.4,16.7
2007-08-24T00:00:00,0.0,35.6,19.4
2007-08-25T00:00:00,0.0,33.3,16.7
2007-08-26T00:00:00,0.0,34.4,15.0
2007-08-27T00:00:00,0.0,32.8,14.4
2007-08-28T00:00:00,0.0,32.8,16.1
2007-08-29T00:00:00,0.0,34.4,19.4
2007-08-30T00:00:00,0.0,32.2,18.3
2007-08-31T00:00:00,0.0,30.6,16.1
2007-09-01T00:00:00,0.0,31.1,16.1
2007-09-02T00:00:00,0.0,31.1,13.9
2007-09-03T00:00:00,0.0,30.6,13.3
2007-09-04T00:00:00,0.0,30.0,12.8
2007-09-05T00:00:00,0.0,32.8,13.3
2007-09-06T00:00:00,0.0,35.0,18.3
2007-09-07T00:00:00,0.0,32.2,19.4
2007-09-08T00:00:00,0.0,33.3,20.0
2007-09-09T00:00:00,0.0,27.2,17.2
2007-09-10T00:00:00,2.5,31.7,17.2
2007-09-11T00:00:00,10.4,28.3,13.3
2007-09-12T00:00:00,0.0,21.7,13.3
2007-09-13T00:00:00,0.0,28.3,14.4
2007-09-14T00:00:00,0.0,33.3,13.9
2007-09-15T00:00:00,0.0,33.3,13.9
2007-09-16T00:00:00,0.0,30.6,13.9
2007-09-17T00:00:00,0.0,31.7,16.1
2007-09-18T00:00:00,0.0,29.4,14.4
2007-09-19T00:00:00,0.0,32.2,14.4
2007-09-20T00:00:00,0.0,32.8,14.4
2007-09-21T00:00:00,10.2,27.8,15.0
2007-09-22T00:00:00,0.0,30.6,15.0
2007-09-23T00:00:00,0.0,31.1,15.6
2007-09-24T00:00:00,2.8,29.4,16.7
2007-09-25T00:00:00,0.0,30.6,13.9
2007-09-26T00:00:00,0.0,26.7,12.2
2007-09-27T00:00:00,16.5,28.3,12.8
2007-09-28T00:00:00,0.0,30.6,13.3
2007-09-29T00:00:00,2.5,30.0,14.4
2007-09-30T00:00:00,0.0,30.0,15.0
2007-10-01T00:00:00,0.0,29.4,15.0
2007-10-02T00:00:00,3.3,26.7,16.7
2007-10-03T00:00:00,0.0,29.4,13.9
2007-10-04T00:00:00,0.0,32.2,15.0
2007-10-05T00:00:00,0.0,32.8,16.1
2007-10-06T00:00:00,0.0,32.2,15.0
2007-10-07T00:00:00,0.0,31.1,11.1
2007-10-08T00:00:00,0.0,30.0,5.6
2007-10-09T00:00:00,0.0,23.9,8.9
2007-10-10T00:00:00,0.0,25.6,11.1
2007-10-11T00:00:00,0.0,30.6,13.9
2007-10-12T00:00:00,0.0,32.2,11.7
2007-10-13T00:00:00,0.0,32.8,13.9
2007-10-14T00:00:00,0.0,30.0,8.3
2007-10-15T00:00:00,0.0,25.0,4.4
2007-10-16T00:00:00,0.0,21.1,4.4
2007-10-17T00:00:00,0.0,26.7,8.3
2007-10-18T00:00:00,0.0,23.9,5.6
2007-10-19T00:00:00,0.0,24.4,5.0
2007-10-20T00:00:00,0.0,28.3,8.9
2007-10-21T00:00:00,0.0,30.6,14.4
2007-10-22T00:00:00,0.0,27.2,3.3
2007-10-23T00:00:00,0.0,13.9,2.2
2007-10-24T00:00:00,0.0,21.7,5.6
2007-10-25T00:00:00,0.0,23.3,6.1
2007-10-26T00:00:00,0.0,28.3,6.1
2007-10-27T00:00:00,0.0,29.4,6.1
2007-10-28T00:00:00,0.0,20.0,2.2
2007-10-29T00:00:00,0.0,22.8,2.8
2007-10-30T00:00:00,0.0,25.6,3.3
2007-10-31T00:00:00,0.0,25.6,6.7
2007-11-01T00:00:00,0.0,21.1,-0.6
2007-11-02T00:00:00,0.0,17.2,1.7
2007-11-03T00:00:00,0.0,22.2,3.3
2007-11-04T00:00:00,0.0,20.6,4.4
2007-11-05T00:00:00,0.0,27.8,8.9
2007-11-06T00:00:00,0.0,27.2,0.6
2007-11-07T00:00:00,0.0,12.8,-0.6
2007-11-08T00:00:00,0.0,23.9,6.1
2007-11-09T00:00:00,0.0,28.3,7.2
2007-11-10T00:00:00,0.0,25.0,7.2
2007-11-11T00:00:00,0.0,26.7,7.2
2007-11-12T00:00:00,0.0,26.1,7.2
2007-11-13T00:00:00,0.0,23.9,6.7
2007-11-14T00:00:00,0.0,25.6,6.1
2007-11-15T00:00:00,0.0,16.1,-3.9
2007-11-16T00:00:00,0.0,13.3,1.1
2007-11-17T00:00:00,0.0,22.8,7.2
2007-11-18T00:00:00,0.0,24.4,6.7
2007-11-19T00:00:00,0.0,25.0,7.8
2007-11-20T00:00:00,0.0,27.8,6.1
2007-11-21T00:00:00,0.0,26.7,11.7
2007-11-22T00:00:00,0.5,8.9,-2.2
2007-11-23T00:00:00,2.5,9.4,-2.8
2007-11-24T00:00:00,3.8,-1.1,-3.9
2007-11-25T00:00:00,8.9,1.1,-2.8
2007-11-26T00:00:00,0.0,6.1,-2.8
2007-11-27T00:00:00,0.0,8.9,-2.2
2007-11-28T00:00:00,0.0,14.4,-0.6
2007-11-29T00:00:00,0.0,22.2,-3.3
2007-11-30T00:00:00,0.0,17.2,0.6
2007-12-01T00:00:00,0.5,16.7,7.8
2007-12-02T00:00:00,0.0,18.9,8.9
2007-12-03T00:00:00,0.0,16.1,0.0
2007-12-04T00:00:00,0.0,18.3,-3.9
2007-12-05T00:00:00,0.0,23.9,5.0
2007-12-06T00:00:00,0.0,18.3,1.1
2007-12-07T00:00:00,0.0,21.7,8.3
2007-12-08T00:00:00,0.0,21.1,8.3
2007-12-09T00:00:00,0.0,20.6,7.8
2007-12-10T00:00:00,0.0,10.0,1.7
2007-12-11T00:00:00,24.1,2.8,-1.1
2007-12-12T00:00:00,0.0,11.7,-1.1
2007-12-13T00:00:00,0.0,6.7,-3.9
2007-12-14T00:00:00,0.0,9.4,-1.7
2007-12-15T00:00:00,0.0,13.3,-6.7
2007-12-16T00:00:00,0.0,5.0,-6.7
2007-12-17T00:00:00,0.0,11.1,-7.2
2007-12-18T00:00:00,0.0,15.0,-2.2
2007-12-19T00:00:00,0.0,18.3,1.1
2007-12-20T00:00:00,0.0,17.8,-2.2
2007-12-21T00:00:00,0.0,17.8,3.3
2007-12-22T00:00:00,0.0,19.4,-3.3
2007-12-23T00:00:00,0.0,5.6,-5.0
2007-12-24T00:00:00,0.0,16.1,-4.4
2007-12-25T00:00:00,0.0,11.1,-6.7
2007-12-26T00:00:00,0.0,16.1,-5.0
2007-12-27T00:00:00,0.0,8.3,-9.4
2007-12-28T00:00:00,0.0,8.9,-8.3
2007-12-29T00:00:00,0.0,6.1,-6.7
2007-12-30T00:00:00,0.0,6.7,-7.2
2007-12-31T00:00:00,0.0,15.6,-2.2
2008-01-01T00:00:00,0.0,7.8,-5.6
2008-01-02T00:00:00,0.0,5.6,-10.6
2008-01-03T00:00:00,0.0,3.9,-8.9
2008-01-04T00:00:00,0.0,9.4,-7.8
2008-01-05T00:00:00,0.0,17.8,6.7
2008-01-06T00:00:00,0.0,18.9,6.1
2008-01-07T00:00:00,0.0,18.9,5.6
2008-01-08T00:00:00,0.0,17.2,-1.7
2008-01-09T00:00:00,0.0,12.2,-3.3
2008-01-10T00:00:00,0.0,17.8,-1.1
2008-01-11T00:00:00,0.0,13.9,-2.2
2008-01-12T00:00:00,0.0,20.0,-1.1
2008-01-13T00:00:00,0.0,11.1,-3.3
2008-01-14T00:00:00,0.0,7.8,-5.0
2008-01-15T00:00:00,0.0,8.9,-3.9
2008-01-16T00:00:00,0.0,13.9,-2.2
2008-01-17T00:00:00,0.0,5.0,-10.6
2008-01-18T00:00:00,0.0,3.3,-10.0
2008-01-19T00:00:00,0.0,5.6,-11.7
2008-01-20T00:00:00,0.0,6.7,-11.7
2008-01-21T00:00:00,0.0,15.0,-10.0
2008-01-22T00:00:00,0.0,15.6,-5.0
2008-01-23T00:00:00,0.0,1.1,-7.8
2008-01-24T00:00:00,0.0,10.0,-6.1
2008-01-25T00:00:00,0.0,0.6,-3.9
2008-01-26T00:00:00,0.0,8.9,-2.8
2008-01-27T00:00:00,0.0,13.3,-2.2
2008-01-28T00:00:00,0.0,21.7,1.1
2008-01-29T00:00:00,0.0,18.3,0.6
2008-01-30T00:00:00,0.0,12.8,2.8
2008-01-31T00:00:00,0.0,15.0,-5.0
2008-02-01T00:00:00,0.0,7.8,-3.9
2008-02-02T00:00:00,0.0,16.1,-3.3
2008-02-03T00:00:00,0.0,18.9,-3.3
2008-02-04T00:00:00,0.0,19.4,6.1
2008-02-05T00:00:00,0.0,19.4,2.2
2008-02-06T00:00:00,0.0,10.6,-6.7
2008-02-07T00:00:00,0.0,15.6,-6.7
2008-02-08T00:00:00,0.0,17.2,1.7
2008-02-09T00:00:00,0.0,20.0,2.2
2008-02-10T00:00:00,0.0,20.0,2.2
2008-02-11T00:00:00,0.0,22.2,-0.6
2008-02-12T00:00:00,0.0,22.8,-2.8
2008-02-13T00:00:00,0.0,13.9,-2.8
2008-02-14T00:00:00,0.0,21.7,2.8
2008-02-15T00:00:00,0.0,22.2,-2.2
2008-02-16T00:00:00,0.3,6.7,-2.2
2008-02-17T00:00:00,0.0,12.8,0.0
2008-02-18T00:00:00,0.0,15.6,-0.6
2008-02-19T00:00:00,0.0,15.6,-1.7
2008-02-20T00:00:00,0.0,21.7,3.3
2008-02-21T00:00:00,0.0,22.2,2.8
2008-02-22T00:00:00,0.0,16.7,-2.2
2008-02-23T00:00:00,0.0,20.0,3.9
2008-02-24T00:00:00,0.0,21.1,3.9
2008-02-25T00:00:00,0.0,23.9,-0.6
2008-02-26T00:00:00,0.0,22.2,-2.8
2008-02-27T00:00:00,0.0,12.2,-1.7
2008-02-28T00:00:00,0.0,21.7,5.6
2008-02-29T00:00:00,0.0,26.7,1.1
2008-03-01T00:00:00,0.0,19.4,-0.6
2008-03-02T00:00:00,0.0,25.6,-0.6
2008-03-03T00:00:00,4.6,22.2,-2.2
2008-03-04T00:00:00,0.0,3.9,-3.3
2008-03-05T00:00:00,0.0,18.3,2.8
2008-03-06T00:00:00,0.0,12.8,-2.2
2008-03-07T00:00:00,1.8,2.8,-5.6
2008-03-08T00:00:00,0.0,11.7,0.0
2008-03-09T00:00:00,0.0,15.0,2.2
2008-03-10T00:00:00,0.0,13.3,-2.8
2008-03-11T00:00:00,0.0,16.7,0.0
2008-03-12T00:00:00,0.0,20.0,1.7
2008-03-13T00:00:00,0.0,25.6,5.6
2008-03-14T00:00:00,0.0,23.3,9.4
2008-03-15T00:00:00,0.0,25.6,0.0
2008-03-16T00:00:00,0.0,25.0,0.0
2008-03-17T00:00:00,0.0,25.6,8.3
2008-03-18T00:00:00,0.0,16.1,3.3
2008-03-19T00:00:00,0.0,14.4,-1.1
2008-03-20T00:00:00,0.0,21.7,0.0
2008-03-21T00:00:00,0.0,26.1,3.3
2008-03-22T00:00:00,0.0,22.8,3.3
2008-03-23T00:00:00,0.0,21.7,2.2
2008-03-24T00:00:00,0.0,10.6,2.8
2008-03-25T00:00:00,0.0,22.2,1.7
2008-03-26T00:00:00,0.0,27.8,6.7
2008-03-27T00:00:00,0.0,28.9,5.0
2008-03-28T00:00:00,0.0,28.3,4.4
2008-03-29T00:00:00,0.0,11.7,-2.8
2008-03-30T00:00:00,0.0,26.1,-2.8
2008-03-31T00:00:00,0.0,27.8,6.1
2008-04-01T00:00:00,0.0,25.6,4.4
2008-04-02T00:00:00,0.0,16.7,1.1
2008-04-03T00:00:00,0.0,26.7,6.1
2008-04-04T00:00:00,0.0,25.0,3.3
2008-04-05T00:00:00,0.0,20.0,5.0
2008-04-06T00:00:00,0.0,25.6,5.0
2008-04-07T00:00:00,0.0,27.2,6.1
2008-04-08T00:00:00,0.0,27.8,5.0
2008-04-09T00:00:00,0.0,23.9,6.1
2008-04-10T00:00:00,0.0,25.6,7.2
2008-04-11T00:00:00,0.0,18.9,1.1
2008-04-12T00:00:00,0.0,21.1,-1.1
2008-04-13T00:00:00,0.0,16.7,-1.1
2008-04-14T00:00:00,0.0,18.3,2.2
2008-04-15T00:00:00,0.0,26.7,4.4
2008-04-16T00:00:00,0.0,30.6,11.1
2008-04-17T00:00:00,0.0,28.9,6.1
2008-04-18T00:00:00,0.0,16.1,-2.2
2008-04-19T00:00:00,0.0,25.0,6.1
2008-04-20T00:00:00,0.0,29.4,6.1
2008-04-21T00:00:00,0.0,28.3,11.7
2008-04-22T00:00:00,0.0,30.6,9.4
2008-04-23T00:00:00,0.0,30.0,13.3
2008-04-24T00:00:00,0.0,31.1,13.3
2008-04-25T00:00:00,0.0,30.6,8.3
2008-04-26T00:00:00,0.0,26.1,5.0
2008-04-27T00:00:00,0.0,27.2,5.0
2008-04-28T00:00:00,0.0,17.2,5.6
2008-04-29T00:00:00,0.0,25.6,6.7
2008-04-30T00:00:00,0.0,31.1,10.6
2008-05-01T00:00:00,0.0,31.1,17.2
2008-05-02T00:00:00,0.0,27.2,2.2
2008-05-03T00:00:00,0.0,25.0,1.7
2008-05-04T00:00:00,0.0,19.4,1.7
2008-05-05T00:00:00,0.0,26.7,4.4
2008-05-06T00:00:00,11.7,27.2,12.8
2008-05-07T00:00:00,0.0,30.0,12.2
2008-05-08T00:00:00,0.0,28.3,7.8
2008-05-09T00:00:00,0.0,30.0,13.3
2008-05-10T00:00:00,0.0,31.1,13.3
2008-05-11T00:00:00,0.0,31.7,13.3
2008-05-12T00:00:00,0.0,23.9,7.2
2008-05-13T00:00:00,0.0,31.7,15.6
2008-05-14T00:00:00,0.0,30.6,13.3
2008-05-15T00:00:00,3.3,19.4,5.6
2008-05-16T00:00:00,5.3,17.8,9.4
2008-05-17T00:00:00,0.0,19.4,9.4
2008-05-18T00:00:00,0.0,21.7,9.4
2008-05-19T00:00:00,0.0,30.6,10.6
2008-05-20T00:00:00,0.0,35.6,18.3
2008-05-21T00:00:00,0.0,36.7,14.4
2008-05-22T00:00:00,0.0,35.6,18.9
2008-05-23T00:00:00,0.0,30.0,15.0
2008-05-24T00:00:00,0.0,28.9,8.9
2008-05-25T00:00:00,0.0,30.6,12.8
2008-05-26T00:00:00,0.0,34.4,12.8
2008-05-27T00:00:00,0.0,32.8,11.7
2008-05-28T00:00:00,0.0,35.0,17.2
2008-05-29T00:00:00,2.3,30.6,15.6
2008-05-30T00:00:00,0.0,34.4,13.3
2008-05-31T00:00:00,0.0,37.2,15.0
2008-06-01T00:00:00,0.0,38.3,18.3
2008-06-02T00:00:00,0.0,39.4,15.6
2008-06-03T00:00:00,0.0,40.0,17.8
2008-06-04T00:00:00,0.0,37.2,16.7
2008-06-05T00:00:00,0.0,36.1,21.1
2008-06-06T00:00:00,0.0,31.1,11.7
2008-06-07T00:00:00,0.0,34.4,13.9
2008-06-08T00:00:00,0.0,38.9,20.0
2008-06-09T00:00:00,0.0,37.8,15.6
2008-06-10T00:00:00,0.0,32.2,15.0
2008-06-11T00:00:00,0.0,37.8,22.8
2008-06-12T00:00:00,0.0,37.8,15.0
2008-06-13T00:00:00,0.0,38.3,15.6
2008-06-14T00:00:00,0.0,34.4,17.2
2008-06-15T00:00:00,0.0,39.4,15.0
2008-06-16T00:00:00,0.0,39.4,21.1
2008-06-17T00:00:00,0.0,39.4,20.0
2008-06-18T00:00:00,0.8,35.6,18.9
2008-06-19T00:00:00,0.0,36.7,20.0
2008-06-20T00:00:00,0.0,38.9,17.2
2008-06-21T00:00:00,2.5,32.8,15.0
2008-06-22T00:00:00,0.0,30.0,15.6
2008-06-23T00:00:00,0.0,35.6,16.7
2008-06-24T00:00:00,1.8,35.6,17.2
2008-06-25T00:00:00,0.0,33.9,17.8
2008-06-26T00:00:00,0.0,37.2,20.6
2008-06-27T00:00:00,0.0,36.7,21.7
2008-06-28T00:00:00,0.0,35.0,17.8
2008-06-29T00:00:00,0.0,35.0,15.6
2008-06-30T00:00:00,47.2,22.2,16.1
2008-07-01T00:00:00,0.0,26.1,15.6
2008-07-02T00:00:00,0.0,31.1,17.2
2008-07-03T00:00:00,0.0,31.7,17.2
2008-07-04T00:00:00,1.8,30.6,17.2
2008-07-05T00:00:00,0.0,30.6,16.7
2008-07-06T00:00:00,0.0,33.3,17.2
2008-07-07T00:00:00,0.0,32.2,17.8
2008-07-08T00:00:00,0.0,30.6,18.3
2008-07-09T00:00:00,14.0,25.0,17.8
2008-07-10T00:00:00,26.4,23.3,16.7
2008-07-11T00:00:00,0.0,26.7,17.2
2008-07-12T00:00:00,0.0,31.7,18.9
2008-07-13T00:00:00,0.0,32.8,16.7
2008-07-14T00:00:00,0.0,25.0,17.8
2008-07-15T00:00:00,0.0,32.8,19.4
2008-07-16T00:00:00,6.4,32.2,18.9
2008-07-17T00:00:00,0.0,29.4,17.2
2008-07-18T00:00:00,0.0,32.2,17.2
2008-07-19T00:00:00,0.0,32.2,17.2
2008-07-20T00:00:00,0.0,31.7,15.6
2008-07-21T00:00:00,0.0,31.1,16.1
2008-07-22T00:00:00,0.0,33.3,18.3
2008-07-23T00:00:00,0.0,33.9,17.2
2008-07-24T00:00:00,0.0,33.9,17.2
2008-07-25T00:00:00,0.0,33.9,17.8
2008-07-26T00:00:00,2.0,29.4,19.4
2008-07-27T00:00:00,4.3,27.8,18.9
2008-07-28T00:00:00,0.0,26.1,19.4
2008-07-29T00:00:00,0.0,35.0,21.1
2008-07-30T00:00:00,0.0,34.4,19.4
2008-07-31T00:00:00,21.6,36.1,18.3
2008-08-01T00:00:00,0.0,33.9,17.8
2008-08-02T00:00:00,0.0,33.9,16.7
2008-08-03T00:00:00,0.0,31.7,17.8
2008-08-04T00:00:00,0.0,35.0,18.9
2008-08-05T00:00:00,0.0,35.6,16.7
2008-08-06T00:00:00,0.0,35.0,17.2
2008-08-07T00:00:00,0.0,35.0,17.8
2008-08-08T00:00:00,21.6,33.3,17.8
2008-08-09T00:00:00,0.0,30.6,18.9
2008-08-10T00:00:00,0.0,32.8,19.4
2008-08-11T00:00:00,4.8,32.2,17.8
2008-08-12T00:00:00,0.0,30.0,17.8
2008-08-13T00:00:00,0.0,32.2,17.8
2008-08-14T00:00:00,0.0,36.1,17.2
2008-08-15T00:00:00,9.1,32.2,16.1
2008-08-16T00:00:00,0.0,26.1,16.1
2008-08-17T00:00:00,0.0,25.0,15.6
2008-08-18T00:00:00,2.5,27.2,15.6
2008-08-19T00:00:00,0.0,26.7,15.6
2008-08-20T00:00:00,0.0,25.6,13.9
2008-08-21T00:00:00,0.0,29.4,15.6
2008-08-22T00:00:00,0.0,34.4,20.6
2008-08-23T00:00:00,0.0,35.6,15.0
2008-08-24T00:00:00,0.0,30.0,15.6
2008-08-25T00:00:00,0.0,31.1,15.6
2008-08-26T00:00:00,0.0,32.2,15.6
2008-08-27T00:00:00,0.0,33.3,19.4
2008-08-28T00:00:00,1.5,30.6,17.2
2008-08-29T00:00:00,0.0,31.1,17.2
2008-08-30T00:00:00,1.3,28.9,16.1
2008-08-31T00:00:00,0.0,,
2008-09-01T00:00:00,0.0,24.4,16.1
2008-09-02T00:00:00,57.2,28.3,15.6
2008-09-03T00:00:00,0.0,26.7,16.1
2008-09-04T00:00:00,0.0,23.9,13.3
2008-09-05T00:00:00,0.0,30.0,15.0
2008-09-06T00:00:00,0.0,32.2,13.3
2008-09-07T00:00:00,0.0,32.2,13.3
2008-09-08T00:00:00,15.5,26.7,15.0
2008-09-09T00:00:00,0.0,26.7,13.9
2008-09-10T00:00:00,0.0,22.2,13.9
2008-09-11T00:00:00,0.0,25.6,15.6
2008-09-12T00:00:00,10.9,20.6,14.4
2008-09-13T00:00:00,0.0,26.1,14.4
2008-09-14T00:00:00,0.0,28.3,13.9
2008-09-15T00:00:00,5.1,22.2,10.6
2008-09-16T00:00:00,1.3,23.3,8.9
2008-09-17T00:00:00,0.0,25.6,10.0
2008-09-18T00:00:00,0.0,26.1,10.0
2008-09-19T00:00:00,0.0,25.6,8.9
2008-09-20T00:00:00,0.0,27.8,11.1
2008-09-21T00:00:00,0.0,28.9,11.1
2008-09-22T00:00:00,0.0,28.9,11.1
2008-09-23T00:00:00,0.0,29.4,10.6
2008-09-24T00:00:00,0.0,30.0,11.1
2008-09-25T00:00:00,0.0,28.3,11.7
2008-09-26T00:00:00,0.0,27.2,10.6
2008-09-27T00:00:00,0.0,27.8,10.6
2008-09-28T00:00:00,0.0,26.7,11.1
2008-09-29T00:00:00,0.0,27.2,10.6
2008-09-30T00:00:00,0.0,26.1,8.9
2008-10-01T00:00:00,0.0,28.9,11.7
2008-10-02T00:00:00,0.0,29.4,10.6
2008-10-03T00:00:00,0.0,30.0,8.3
2008-10-04T00:00:00,0.0,30.6,12.8
2008-10-05T00:00:00,0.0,28.9,15.6
2008-10-06T00:00:00,1.3,20.6,8.9
2008-10-07T00:00:00,0.0,23.9,8.3
2008-10-08T00:00:00,0.0,24.4,7.8
2008-10-09T00:00:00,0.0,29.4,8.9
2008-10-10T00:00:00,0.0,30.6,11.1
2008-10-11T00:00:00,0.0,30.0,16.1
2008-10-12T00:00:00,0.0,30.0,16.1
2008-10-13T00:00:00,0.0,27.2,15.6
2008-10-14T00:00:00,22.9,27.8,6.1
2008-10-15T00:00:00,0.0,22.2,4.4
2008-10-16T00:00:00,0.0,17.2,4.4
2008-10-17T00:00:00,0.0,17.2,4.4
2008-10-18T00:00:00,0.0,17.2,5.6
2008-10-19T00:00:00,0.0,23.3,7.2
2008-10-20T00:00:00,0.0,25.0,5.6
2008-10-21T00:00:00,1.8,28.3,10.6
2008-10-22T00:00:00,0.0,26.7,7.2
2008-10-23T00:00:00,0.0,13.9,-2.2
2008-10-24T00:00:00,0.0,19.4,1.7
2008-10-25T00:00:00,0.0,25.0,1.7
2008-10-26T00:00:00,0.0,25.0,1.7
2008-10-27T00:00:00,0.0,25.0,2.8
2008-10-28T00:00:00,0.0,16.7,2.8
2008-10-29T00:00:00,0.0,24.4,5.0
2008-10-30T00:00:00,0.0,25.0,5.6
2008-10-31T00:00:00,0.0,28.3,7.2
2008-11-01T00:00:00,0.0,26.1,7.2
2008-11-02T00:00:00,0.0,27.2,6.1
2008-11-03T00:00:00,0.0,26.1,6.7
2008-11-04T00:00:00,0.0,27.8,9.4
2008-11-05T00:00:00,0.0,25.6,15.6
2008-11-06T00:00:00,0.0,25.6,-1.7
2008-11-07T00:00:00,0.0,16.7,-2.8
2008-11-08T00:00:00,0.0,16.1,0.0
2008-11-09T00:00:00,0.0,18.9,-0.6
2008-11-10T00:00:00,0.0,22.8,2.8
2008-11-11T00:00:00,0.0,18.3,-1.7
2008-11-12T00:00:00,0.0,18.9,2.8
2008-11-13T00:00:00,0.0,19.4,3.9
2008-11-14T00:00:00,0.0,24.4,8.3
2008-11-15T00:00:00,0.0,15.6,-7.2
2008-11-16T00:00:00,0.0,11.1,-3.3
2008-11-17T00:00:00,0.0,18.3,0.6
2008-11-18T00:00:00,0.0,21.1,-1.1
2008-11-19T00:00:00,0.0,19.4,0.0
2008-11-20T00:00:00,0.0,24.4,2.8
2008-11-21T00:00:00,0.0,7.2,-7.8
2008-11-22T00:00:00,0.0,9.4,-3.9
2008-11-23T00:00:00,0.0,17.2,1.1
2008-11-24T00:00:00,0.0,22.2,-1.1
2008-11-25T00:00:00,0.0,14.4,-2.2
2008-11-26T00:00:00,0.0,22.2,5.6
2008-11-27T00:00:00,0.0,20.0,9.4
2008-11-28T00:00:00,0.0,20.6,-4.4
2008-11-29T00:00:00,0.0,20.6,-4.4
2008-11-30T00:00:00,0.0,12.2,-3.3
2008-12-01T00:00:00,0.0,15.6,-6.7
2008-12-02T00:00:00,0.0,16.1,-1.1
2008-12-03T00:00:00,0.0,24.4,6.7
2008-12-04T00:00:00,0.0,16.7,-8.3
2008-12-05T00:00:00,0.0,5.6,-8.3
2008-12-06T00:00:00,0.0,8.9,-5.0
2008-12-07T00:00:00,0.0,17.2,-1.1
2008-12-08T00:00:00,0.0,21.1,5.6
2008-12-09T00:00:00,0.0,18.3,-0.6
2008-12-10T00:00:00,1.3,0.6,-8.3
2008-12-11T00:00:00,0.0,11.7,-3.9
2008-12-12T00:00:00,0.0,17.2,-3.3
2008-12-13T00:00:00,0.0,17.2,-3.3
2008-12-14T00:00:00,0.0,17.8,8.3
2008-12-15T00:00:00,0.0,18.3,-5.6
2008-12-16T00:00:00,0.0,2.8,-10.0
2008-12-17T00:00:00,0.0,17.8,-7.8
2008-12-18T00:00:00,0.0,18.9,3.3
2008-12-19T00:00:00,0.0,20.0,-3.3
2008-12-20T00:00:00,0.0,15.6,-1.7
2008-12-21T00:00:00,0.0,20.0,-12.2
2008-12-22T00:00:00,0.0,20.0,-12.2
2008-12-23T00:00:00,0.0,19.4,-12.8
2008-12-24T00:00:00,0.0,17.2,-2.2
2008-12-25T00:00:00,0.0,16.1,0.0
2008-12-26T00:00:00,0.0,19.4,0.6
2008-12-27T00:00:00,0.0,19.4,-2.2
2008-12-28T00:00:00,0.0,6.7,-5.0
2008-12-29T00:00:00,0.0,13.9,-2.2
2008-12-30T00:00:00,0.0,18.3,0.0
2008-12-31T00:00:00,0.0,23.9,-2.8
2009-01-01T00:00:00,0.0,10.0,-5.6
2009-01-02T00:00:00,0.0,21.7,-5.6
2009-01-03T00:00:00,0.0,22.2,-5.6
2009-01-04T00:00:00,0.0,19.4,-4.4
2009-01-05T00:00:00,0.0,2.2,-10.0
2009-01-06T00:00:00,0.0,12.8,-7.2
2009-01-07T00:00:00,0.0,11.1,-1.7
2009-01-08T00:00:00,0.0,19.4,1.7
2009-01-09T00:00:00,0.0,21.1,6.1
2009-01-10T00:00:00,0.0,22.8,0.6
2009-01-11T00:00:00,0.0,8.3,-5.0
2009-01-12T00:00:00,0.0,13.9,-2.2
2009-01-13T00:00:00,0.0,17.8,-8.3
2009-01-14T00:00:00,0.0,17.8,-8.9
2009-01-15T00:00:00,0.0,15.0,-5.0
2009-01-16T00:00:00,0.0,8.3,-10.6
2009-01-17T00:00:00,0.0,12.2,-6.7
2009-01-18T00:00:00,0.0,15.6,-0.6
2009-01-19T00:00:00,0.0,17.8,0.6
2009-01-20T00:00:00,0.0,21.7,0.6
2009-01-21T00:00:00,0.0,16.1,2.2
2009-01-22T00:00:00,0.0,21.1,6.1
2009-01-23T00:00:00,0.0,23.9,9.4
2009-01-24T00:00:00,0.0,23.3,-5.0
2009-01-25T00:00:00,0.0,10.0,-2.2
2009-01-26T00:00:00,0.0,22.2,0.0
2009-01-27T00:00:00,0.0,22.8,-7.2
2009-01-28T00:00:00,0.0,5.0,-6.7
2009-01-29T00:00:00,0.0,16.7,-5.0
2009-01-30T00:00:00,0.0,9.4,-5.0
2009-01-31T00:00:00,0.0,13.3,-5.6
2009-03-01T00:00:00,0.0,10.6,-6.1
2009-03-02T00:00:00,0.0,16.1,0.0
2009-03-03T00:00:00,0.0,28.9,8.3
2009-03-04T00:00:00,0.0,30.6,7.2
2009-03-05T00:00:00,0.0,28.9,12.2
2009-03-06T00:00:00,0.0,27.8,6.7
2009-03-07T00:00:00,0.0,27.2,13.3
2009-03-08T00:00:00,0.0,27.2,13.3
2009-03-09T00:00:00,0.0,22.8,0.0
2009-03-10T00:00:00,0.0,18.9,8.9
2009-03-11T00:00:00,0.0,21.7,-1.7
2009-03-12T00:00:00,0.0,4.4,-1.7
2009-03-13T00:00:00,0.5,13.3,1.1
2009-03-14T00:00:00,1.5,2.8,0.6
2009-03-15T00:00:00,0.0,13.3,-1.7
2009-03-16T00:00:00,0.0,20.0,4.4
2009-03-17T00:00:00,0.0,25.6,7.8
2009-03-18T00:00:00,0.0,28.3,7.8
2009-03-19T00:00:00,0.0,28.3,5.6
2009-03-20T00:00:00,0.0,20.0,5.0
2009-03-21T00:00:00,15.7,25.0,8.3
2009-03-22T00:00:00,0.0,26.7,7.2
2009-03-23T00:00:00,0.0,26.7,13.3
2009-03-24T00:00:00,0.0,23.9,1.7
2009-03-25T00:00:00,0.0,21.7,6.7
2009-03-26T00:00:00,0.0,22.8,5.6
2009-03-27T00:00:00,0.5,22.8,-4.4
2009-03-28T00:00:00,0.0,3.9,-4.4
2009-03-29T00:00:00,0.0,17.2,1.1
2009-03-30T00:00:00,0.0,23.9,12.8
2009-03-31T00:00:00,0.0,21.7,-1.7
2009-04-01T00:00:00,0.0,21.1,3.9
2009-04-02T00:00:00,0.0,22.2,0.0
2009-04-03T00:00:00,0.0,17.2,6.7
2009-04-04T00:00:00,0.0,25.0,6.7
2009-04-05T00:00:00,0.0,21.7,-1.1
2009-04-06T00:00:00,0.0,12.2,-2.2
2009-04-07T00:00:00,0.0,14.4,-1.1
2009-04-08T00:00:00,0.0,26.1,6.1
2009-04-09T00:00:00,0.0,27.8,12.2
2009-04-10T00:00:00,0.0,22.8,5.0
2009-04-11T00:00:00,0.0,20.0,5.6
2009-04-12T00:00:00,0.0,20.0,2.8
2009-04-13T00:00:00,0.0,19.4,2.8
2009-04-14T00:00:00,0.0,22.2,5.6
2009-04-15T00:00:00,0.0,27.8,10.0
2009-04-16T00:00:00,0.0,25.6,12.8
2009-04-17T00:00:00,0.0,21.7,1.7
2009-04-18T00:00:00,0.0,17.8,3.9
2009-04-19T00:00:00,0.0,23.3,4.4
2009-04-20T00:00:00,0.0,20.6,3.9
2009-04-21T00:00:00,0.0,27.8,11.1
2009-04-22T00:00:00,0.0,30.6,12.8
2009-04-23T00:00:00,0.0,32.8,18.3
2009-04-24T00:00:00,0.0,27.2,11.7
2009-04-25T00:00:00,0.0,30.6,13.3
2009-04-26T00:00:00,0.0,28.9,16.7
2009-04-27T00:00:00,0.0,26.1,7.8
2009-04-28T00:00:00,0.0,28.3,12.8
2009-04-29T00:00:00,0.0,25.6,11.1
2009-04-30T00:00:00,0.0,31.7,12.8
2009-05-01T00:00:00,0.0,33.3,13.3
2009-05-02T00:00:00,0.0,34.4,10.6
2009-05-03T00:00:00,0.0,25.6,11.7
2009-05-04T00:00:00,0.0,28.3,8.9
2009-05-05T00:00:00,0.0,31.7,11.1
2009-05-06T00:00:00,0.0,34.4,16.7
2009-05-07T00:00:00,0.0,34.4,11.7
2009-05-08T00:00:00,0.0,37.8,19.4
2009-05-09T00:00:00,0.0,37.8,14.4
2009-05-10T00:00:00,0.0,27.2,11.1
2009-05-11T00:00:00,0.0,31.7,11.1
2009-05-12T00:00:00,0.0,22.8,10.6
2009-05-13T00:00:00,0.0,35.0,13.9
2009-05-14T00:00:00,0.0,35.6,12.8
2009-05-15T00:00:00,0.0,29.4,12.8
2009-05-16T00:00:00,3.3,32.8,12.2
2009-05-17T00:00:00,2.8,15.6,10.0
2009-05-18T00:00:00,0.0,25.6,8.9
2009-05-19T00:00:00,0.0,31.1,9.4
2009-05-20T00:00:00,0.0,29.4,7.8
2009-05-21T00:00:00,0.0,31.1,13.9
2009-05-22T00:00:00,3.6,28.3,14.4
2009-05-23T00:00:00,6.4,28.3,12.2
2009-05-24T00:00:00,0.0,22.2,11.1
2009-05-25T00:00:00,0.0,22.2,11.1
2009-05-26T00:00:00,5.1,29.4,12.8
2009-05-27T00:00:00,0.0,28.9,10.6
2009-05-28T00:00:00,1.3,26.7,10.6
2009-05-29T00:00:00,0.0,27.2,11.7
2009-05-30T00:00:00,0.0,30.6,15.0
2009-05-31T00:00:00,0.0,30.6,16.7
2009-06-01T00:00:00,0.0,32.8,14.4
2009-06-02T00:00:00,0.0,33.3,12.8
2009-06-03T00:00:00,0.0,32.2,12.8
2009-06-04T00:00:00,0.0,28.9,14.4
2009-06-05T00:00:00,0.0,31.1,15.6
2009-06-06T00:00:00,0.0,35.0,15.0
2009-06-07T00:00:00,0.0,35.0,17.2
2009-06-08T00:00:00,0.0,33.3,15.0
2009-06-09T00:00:00,0.0,33.9,18.9
2009-06-10T00:00:00,0.0,30.0,15.0
2009-06-11T00:00:00,0.0,32.2,14.4
2009-06-12T00:00:00,0.0,33.3,13.9
2009-06-13T00:00:00,0.0,35.0,20.6
2009-06-14T00:00:00,0.0,37.2,20.0
2009-06-15T00:00:00,0.0,36.7,16.1
2009-06-16T00:00:00,0.0,35.6,17.2
2009-06-17T00:00:00,0.0,36.1,18.3
2009-06-18T00:00:00,0.5,38.9,19.4
2009-06-19T00:00:00,0.5,33.9,17.8
2009-06-20T00:00:00,0.5,33.9,17.2
2009-06-21T00:00:00,0.0,33.3,15.0
2009-06-22T00:00:00,0.0,35.6,16.1
2009-06-23T00:00:00,0.0,36.1,17.8
2009-06-24T00:00:00,2.8,33.3,19.4
2009-06-25T00:00:00,0.0,35.0,18.9
2009-06-26T00:00:00,0.0,36.7,19.4
2009-06-27T00:00:00,0.0,37.8,21.7
2009-06-28T00:00:00,0.0,36.7,21.1
2009-06-29T00:00:00,0.0,27.8,19.4
2009-06-30T00:00:00,0.0,31.1,17.2
2009-07-01T00:00:00,0.0,31.7,18.3
2009-07-02T00:00:00,0.0,31.7,18.3
2009-07-03T00:00:00,0.0,33.3,20.6
2009-07-04T00:00:00,16.8,32.2,16.1
2009-07-05T00:00:00,0.0,33.3,18.9
2009-07-06T00:00:00,0.0,29.4,16.7
2009-07-07T00:00:00,1.3,30.6,17.2
2009-07-08T00:00:00,0.0,36.7,21.1
2009-07-09T00:00:00,0.0,38.9,22.8
2009-07-10T00:00:00,0.0,40.0,20.0
2009-07-11T00:00:00,0.0,40.0,17.8
2009-07-12T00:00:00,0.0,36.1,17.2
2009-07-13T00:00:00,0.0,36.1,17.2
2009-07-14T00:00:00,0.0,38.3,17.8
2009-07-15T00:00:00,4.1,39.4,18.3
2009-07-16T00:00:00,0.8,38.3,18.3
2009-07-17T00:00:00,0.0,35.0,19.4
2009-07-18T00:00:00,0.0,36.7,17.8
2009-07-19T00:00:00,0.0,37.2,18.9
2009-07-20T00:00:00,1.5,37.2,20.0
2009-07-21T00:00:00,0.0,39.4,22.2
2009-07-22T00:00:00,17.8,32.8,16.7
2009-07-23T00:00:00,0.5,23.9,17.2
2009-07-24T00:00:00,0.0,27.2,15.6
2009-07-25T00:00:00,0.0,32.8,18.9
2009-07-26T00:00:00,0.0,36.7,21.1
2009-07-27T00:00:00,0.0,35.6,20.0
2009-07-28T00:00:00,0.0,32.2,18.9
2009-07-29T00:00:00,16.8,34.4,15.6
2009-07-30T00:00:00,0.0,33.3,18.3
2009-07-31T00:00:00,19.8,28.9,16.1
2009-08-01T00:00:00,0.0,28.9,18.3
2009-08-02T00:00:00,0.0,28.9,18.3
2009-08-03T00:00:00,0.0,32.8,17.8
2009-08-04T00:00:00,0.0,34.4,18.9
2009-08-05T00:00:00,0.0,35.6,18.3
2009-08-06T00:00:00,0.0,35.6,17.2
2009-08-07T00:00:00,0.0,34.4,18.9
2009-08-08T00:00:00,0.0,36.1,18.3
2009-08-09T00:00:00,0.0,36.7,18.9
2009-08-10T00:00:00,0.0,33.9,18.3
2009-08-11T00:00:00,0.0,35.0,17.8
2009-08-12T00:00:00,0.0,35.0,16.1
2009-08-13T00:00:00,0.0,33.3,16.7
2009-08-14T00:00:00,0.5,35.0,19.4
2009-08-15T00:00:00,0.0,33.3,20.0
2009-08-16T00:00:00,0.0,36.7,20.0
2009-08-17T00:00:00,0.0,37.8,17.8
2009-08-18T00:00:00,0.0,38.9,17.2
2009-08-19T00:00:00,1.0,34.4,17.2
2009-08-20T00:00:00,0.0,38.3,18.3
2009-08-21T00:00:00,0.0,38.3,16.7
2009-08-22T00:00:00,0.0,33.3,17.2
2009-08-23T00:00:00,0.0,35.6,18.9
2009-08-24T00:00:00,0.0,36.7,17.8
2009-08-25T00:00:00,0.0,35.6,20.0
2009-08-26T00:00:00,1.8,31.7,18.9
2009-08-27T00:00:00,0.0,30.0,16.7
2009-08-28T00:00:00,0.0,31.1,16.1
2009-08-29T00:00:00,0.0,32.2,16.1
2009-08-30T00:00:00,0.0,32.2,17.2
2009-08-31T00:00:00,0.0,32.2,16.1
2009-09-01T00:00:00,0.0,32.8,16.1
2009-09-02T00:00:00,0.0,33.9,14.4
2009-09-03T00:00:00,0.0,34.4,16.1
2009-09-04T00:00:00,0.0,30.6,17.2
2009-09-05T00:00:00,0.0,29.4,15.0
2009-09-06T00:00:00,0.0,29.4,13.9
2009-09-07T00:00:00,0.0,30.6,15.0
2009-09-08T00:00:00,1.8,30.6,15.0
2009-09-09T00:00:00,0.0,33.3,13.3
2009-09-10T00:00:00,0.0,31.1,17.2
2009-09-11T00:00:00,5.1,28.9,15.6
2009-09-12T00:00:00,0.0,27.8,12.8
2009-09-13T00:00:00,0.0,26.7,13.3
2009-09-14T00:00:00,0.0,25.0,11.1
2009-09-15T00:00:00,0.0,29.4,12.8
2009-09-16T00:00:00,0.0,31.7,17.2
2009-09-17T00:00:00,1.5,20.0,14.4
2009-09-18T00:00:00,1.3,22.2,13.9
2009-09-19T00:00:00,0.0,22.2,11.7
2009-09-20T00:00:00,0.0,25.6,12.2
2009-09-21T00:00:00,0.0,30.6,15.6
2009-09-22T00:00:00,0.0,32.2,7.8
2009-09-23T00:00:00,0.0,18.3,5.0
2009-09-24T00:00:00,0.0,22.2,7.2
2009-09-25T00:00:00,0.0,21.7,6.7
2009-09-26T00:00:00,0.0,29.4,9.4
2009-09-27T00:00:00,0.0,31.7,16.1
2009-09-28T00:00:00,0.0,33.9,15.0
2009-09-29T00:00:00,0.0,24.4,7.2
2009-09-30T00:00:00,0.0,31.1,11.7
2009-10-01T00:00:00,0.0,33.9,18.3
2009-10-02T00:00:00,0.0,30.0,4.4
2009-10-03T00:00:00,0.0,27.2,10.0
2009-10-04T00:00:00,4.8,17.8,10.0
2009-10-05T00:00:00,0.0,27.2,15.0
2009-10-06T00:00:00,0.0,28.9,15.6
2009-10-07T00:00:00,0.0,22.8,8.9
2009-10-08T00:00:00,0.0,22.2,9.4
2009-10-09T00:00:00,0.0,26.7,2.2
2009-10-10T00:00:00,0.0,22.2,2.8
2009-10-11T00:00:00,1.8,24.4,6.1
2009-10-12T00:00:00,0.0,10.6,4.4
2009-10-13T00:00:00,0.0,24.4,7.2
2009-10-14T00:00:00,0.0,28.3,12.8
2009-10-15T00:00:00,0.0,31.1,13.3
2009-10-16T00:00:00,0.0,29.4,6.1
2009-10-17T00:00:00,0.0,24.4,5.0
2009-10-18T00:00:00,0.0,21.7,6.7
2009-10-19T00:00:00,0.0,28.9,12.8
2009-10-20T00:00:00,0.0,31.1,15.6
2009-10-21T00:00:00,10.2,28.9,8.9
2009-10-22T00:00:00,0.0,18.9,1.7
2009-10-23T00:00:00,0.0,15.6,2.2
2009-10-24T00:00:00,0.0,,
2009-10-25T00:00:00,0.0,25.0,10.0
2009-10-26T00:00:00,9.1,22.8,4.4
2009-10-27T00:00:00,0.0,9.4,1.7
2009-10-28T00:00:00,0.0,21.1,7.8
2009-10-29T00:00:00,0.0,20.0,1.7
2009-10-30T00:00:00,0.0,10.6,-3.9
2009-10-31T00:00:00,0.0,14.4,-3.9
2009-11-01T00:00:00,0.0,23.3,5.6
2009-11-02T00:00:00,0.0,12.8,11.7
2009-11-03T00:00:00,0.0,23.3,2.8
2009-11-04T00:00:00,0.0,23.3,6.7
2009-11-05T00:00:00,0.0,21.7,5.0
2009-11-06T00:00:00,0.0,23.3,5.0
2009-11-07T00:00:00,0.0,28.9,3.3
2009-11-08T00:00:00,0.0,24.4,6.7
2009-11-09T00:00:00,0.0,23.3,4.4
2009-11-10T00:00:00,0.0,20.0,3.3
2009-11-11T00:00:00,0.0,18.9,4.4
2009-11-12T00:00:00,0.0,22.2,5.6
2009-11-13T00:00:00,0.0,22.8,11.7
2009-11-14T00:00:00,0.0,22.2,11.1
2009-11-15T00:00:00,0.0,18.9,5.0
2009-11-16T00:00:00,0.0,17.8,-4.4
2009-11-17T00:00:00,0.0,11.1,-3.9
2009-11-18T00:00:00,0.0,15.6,-0.6
2009-11-19T00:00:00,0.0,22.2,6.7
2009-11-20T00:00:00,0.0,21.1,0.0
2009-11-21T00:00:00,0.0,16.1,0.0
2009-11-22T00:00:00,0.0,20.0,2.8
2009-11-23T00:00:00,0.0,20.6,2.2
2009-11-24T00:00:00,0.0,23.3,-4.4
2009-11-25T00:00:00,0.0,11.7,-5.0
2009-11-26T00:00:00,0.0,13.9,-3.9
2009-11-27T00:00:00,0.0,15.6,-0.6
2009-11-28T00:00:00,0.0,20.6,7.2
2009-11-29T00:00:00,0.0,19.4,2.2
2009-11-30T00:00:00,5.1,2.8,1.1
2009-12-01T00:00:00,12.7,2.8,-1.1
2009-12-02T00:00:00,0.0,2.8,-6.1
2009-12-03T00:00:00,0.0,-1.1,-6.7
2009-12-04T00:00:00,7.6,-1.1,-6.7
2009-12-05T00:00:00,0.0,-2.2,-5.6
2009-12-06T00:00:00,0.0,5.6,-4.4
2009-12-07T00:00:00,0.0,10.6,-4.4
2009-12-08T00:00:00,0.0,6.1,-4.4
2009-12-09T00:00:00,0.0,13.3,-2.2
2009-12-10T00:00:00,0.0,3.9,-6.7
2009-12-11T00:00:00,0.0,8.9,-5.6
2009-12-12T00:00:00,0.0,10.6,-2.8
2009-12-13T00:00:00,0.0,17.8,0.0
2009-12-14T00:00:00,0.0,17.2,-0.6
2009-12-15T00:00:00,0.0,13.3,-1.7
2009-12-16T00:00:00,0.0,11.1,-1.7
2009-12-17T00:00:00,0.0,16.7,0.6
2009-12-18T00:00:00,0.0,19.4,-1.1
2009-12-19T00:00:00,0.0,11.1,0.0
2009-12-20T00:00:00,0.0,11.7,-0.6
2009-12-21T00:00:00,0.0,17.2,0.0
2009-12-22T00:00:00,0.0,16.1,2.2
2009-12-23T00:00:00,0.0,15.0,2.2
2009-12-24T00:00:00,8.4,5.0,-1.7
2009-12-25T00:00:00,0.0,-0.6,-8.3
2009-12-26T00:00:00,0.0,10.0,-8.3
2009-12-27T00:00:00,0.0,5.6,-7.2
2009-12-28T00:00:00,0.0,5.0,-6.7
2009-12-29T00:00:00,1.8,2.8,-4.4
2009-12-30T00:00:00,5.1,2.8,-4.4
2009-12-31T00:00:00,0.0,10.0,-1.1
2010-01-01T00:00:00,0.0,6.1,-4.4
2010-01-02T00:00:00,0.0,14.4,-4.4
2010-01-03T00:00:00,0.0,12.2,-2.8
2010-01-04T00:00:00,0.0,10.0,-6.1
2010-01-05T00:00:00,0.0,8.3,-6.7
2010-01-06T00:00:00,0.0,13.9,-4.4
2010-01-07T00:00:00,0.0,20.6,-7.2
2010-01-08T00:00:00,5.1,-2.8,-9.4
2010-01-09T00:00:00,0.0,-1.7,-11.7
2010-01-10T00:00:00,0.0,8.9,-8.9
2010-01-11T00:00:00,0.0,6.7,-7.2
2010-01-12T00:00:00,0.0,9.4,-3.3
2010-01-13T00:00:00,0.0,13.9,-3.9
2010-01-14T00:00:00,0.0,17.8,1.7
2010-01-15T00:00:00,0.0,13.9,-2.8
2010-01-16T00:00:00,0.0,11.7,-5.0
2010-01-17T00:00:00,0.0,14.4,0.0
2010-01-18T00:00:00,0.0,18.3,2.2
2010-01-19T00:00:00,0.0,17.8,3.3
2010-01-20T00:00:00,0.0,17.2,1.1
2010-01-21T00:00:00,0.0,13.3,-0.6
2010-01-22T00:00:00,0.0,17.2,7.8
2010-01-23T00:00:00,1.5,16.7,3.3
2010-01-24T00:00:00,0.0,11.7,1.1
2010-01-25T00:00:00,0.0,10.6,-3.3
2010-01-26T00:00:00,0.0,11.7,-3.9
2010-01-27T00:00:00,0.0,12.2,-2.8
2010-01-28T00:00:00,15.7,16.1,-1.1
2010-01-29T00:00:00,7.6,-1.1,-8.3
2010-01-30T00:00:00,0.0,2.8,-7.2
2010-01-31T00:00:00,0.0,8.9,-2.8
2010-02-01T00:00:00,0.0,8.9,-1.7
2010-02-02T00:00:00,0.0,16.1,-1.1
2010-02-03T00:00:00,9.1,12.2,1.7
2010-02-04T00:00:00,17.8,2.2,-0.6
2010-02-05T00:00:00,0.0,10.6,-0.6
2010-02-06T00:00:00,0.0,16.7,2.2
2010-02-07T00:00:00,0.0,16.7,-1.1
2010-02-08T00:00:00,0.0,16.7,-0.6
2010-02-09T00:00:00,0.0,6.1,-1.7
2010-02-10T00:00:00,0.0,2.2,-2.8
2010-02-11T00:00:00,1.5,3.3,-1.7
2010-02-12T00:00:00,0.0,13.9,-3.9
2010-02-13T00:00:00,0.0,12.8,-1.7
2010-02-14T00:00:00,0.0,18.3,0.6
2010-02-15T00:00:00,0.0,8.3,-5.6
2010-02-16T00:00:00,0.0,7.8,-5.0
2010-02-17T00:00:00,0.0,10.0,-3.9
2010-02-18T00:00:00,0.0,16.7,-2.8
2010-02-19T00:00:00,0.0,20.6,1.1
2010-02-20T00:00:00,0.0,20.0,2.2
2010-02-21T00:00:00,0.0,18.9,0.6
2010-02-22T00:00:00,0.0,16.7,-2.8
2010-02-23T00:00:00,7.6,12.8,-8.3
2010-02-24T00:00:00,0.0,3.3,-6.7
2010-02-25T00:00:00,0.0,13.9,1.1
2010-02-26T00:00:00,0.0,15.6,-1.1
2010-02-27T00:00:00,0.0,11.7,-0.6
2010-02-28T00:00:00,0.0,16.7,-1.1
2010-03-01T00:00:00,2.0,12.2,2.8
2010-03-02T00:00:00,0.0,6.1,-2.8
2010-03-03T00:00:00,0.0,16.1,-1.1
2010-03-04T00:00:00,0.0,20.6,1.1
2010-03-05T00:00:00,0.0,22.2,2.8
2010-03-06T00:00:00,0.0,21.7,0.6
2010-03-07T00:00:00,0.0,17.8,6.7
2010-03-08T00:00:00,5.3,21.1,6.7
2010-03-09T00:00:00,0.0,13.3,3.3
2010-03-10T00:00:00,0.0,18.3,0.0
2010-03-11T00:00:00,0.0,15.0,0.0
2010-03-12T00:00:00,0.0,10.6,-1.7
2010-03-13T00:00:00,0.0,17.8,1.7
2010-03-14T00:00:00,0.0,23.3,3.9
2010-03-15T00:00:00,0.8,21.1,1.7
2010-03-16T00:00:00,4.6,5.6,1.1
2010-03-17T00:00:00,0.0,15.0,3.3
2010-03-18T00:00:00,0.0,22.2,1.7
2010-03-19T00:00:00,0.0,22.8,3.9
2010-03-20T00:00:00,2.3,20.6,-2.8
2010-03-21T00:00:00,0.0,4.4,-3.3
2010-03-22T00:00:00,0.0,16.7,1.7
2010-03-23T00:00:00,0.0,25.0,8.3
2010-03-24T00:00:00,0.0,24.4,5.6
2010-03-25T00:00:00,0.0,12.2,-1.7
2010-03-26T00:00:00,0.0,19.4,2.2
2010-03-27T00:00:00,0.0,25.6,4.4
2010-03-28T00:00:00,0.0,15.6,0.6
2010-03-29T00:00:00,0.0,18.3,5.0
2010-03-30T00:00:00,0.0,26.1,10.6
2010-03-31T00:00:00,0.0,29.4,11.1
2010-04-01T00:00:00,0.0,28.3,13.9
2010-04-02T00:00:00,0.0,27.2,3.9
2010-04-03T00:00:00,0.0,17.2,1.1
2010-04-04T00:00:00,0.0,25.6,8.3
2010-04-05T00:00:00,0.0,28.9,8.3
2010-04-06T00:00:00,0.0,28.9,13.9
2010-04-07T00:00:00,0.0,25.0,0.6
2010-04-08T00:00:00,0.0,16.1,0.0
2010-04-09T00:00:00,0.0,22.2,2.2
2010-04-10T00:00:00,0.0,27.8,5.0
2010-04-11T00:00:00,0.0,27.8,10.6
2010-04-12T00:00:00,0.0,27.8,11.1
2010-04-13T00:00:00,4.1,25.6,10.6
2010-04-14T00:00:00,7.4,26.7,12.2
2010-04-15T00:00:00,0.0,25.0,11.1
2010-04-16T00:00:00,0.0,21.7,11.1
2010-04-17T00:00:00,1.0,21.7,7.2
2010-04-18T00:00:00,0.8,11.7,5.0
2010-04-19T00:00:00,0.0,22.2,7.2
2010-04-20T00:00:00,0.0,17.2,9.4
2010-04-21T00:00:00,0.0,26.1,11.7
2010-04-22T00:00:00,0.0,27.8,12.8
2010-04-23T00:00:00,0.0,22.8,7.8
2010-04-24T00:00:00,0.0,16.7,7.8
2010-04-25T00:00:00,0.0,23.3,5.6
2010-04-26T00:00:00,0.0,26.7,11.1
2010-04-27T00:00:00,0.0,18.9,6.7
2010-04-28T00:00:00,0.0,22.2,7.8
2010-04-29T00:00:00,0.0,28.3,17.2
2010-04-30T00:00:00,0.0,28.3,5.6
2010-05-01T00:00:00,0.0,28.3,5.6
2010-05-02T00:00:00,0.0,18.3,6.1
2010-05-03T00:00:00,0.0,20.0,3.3
2010-05-04T00:00:00,0.0,24.4,7.8
2010-05-05T00:00:00,0.0,32.2,11.1
2010-05-06T00:00:00,0.0,31.7,12.2
2010-05-07T00:00:00,0.0,32.8,10.0
2010-05-08T00:00:00,0.0,25.0,10.0
2010-05-09T00:00:00,0.0,18.3,3.3
2010-05-10T00:00:00,0.0,31.7,13.9
2010-05-11T00:00:00,0.0,30.0,14.4
2010-05-12T00:00:00,0.0,31.1,12.8
2010-05-13T00:00:00,0.0,27.2,5.6
2010-05-14T00:00:00,0.0,26.7,10.0
2010-05-15T00:00:00,0.0,26.7,10.0
2010-05-16T00:00:00,0.0,22.2,10.0
2010-05-17T00:00:00,0.0,29.4,11.1
2010-05-18T00:00:00,43.2,30.6,10.0
2010-05-19T00:00:00,0.0,30.0,10.6
2010-05-20T00:00:00,0.0,29.4,10.6
2010-05-21T00:00:00,0.0,32.8,10.6
2010-05-22T00:00:00,0.0,35.0,15.6
2010-05-23T00:00:00,0.0,33.3,11.7
2010-05-24T00:00:00,0.0,33.3,15.6
2010-05-25T00:00:00,0.0,30.0,11.1
2010-05-26T00:00:00,0.0,32.2,11.1
2010-05-27T00:00:00,0.0,29.4,14.4
2010-05-28T00:00:00,0.0,32.8,14.4
2010-05-29T00:00:00,0.0,33.3,14.4
2010-05-30T00:00:00,0.0,33.3,13.3
2010-05-31T00:00:00,0.0,31.7,13.9
2010-06-01T00:00:00,6.6,33.3,13.9
2010-06-02T00:00:00,1.0,30.0,14.4
2010-06-03T00:00:00,0.0,34.4,12.8
2010-06-04T00:00:00,0.0,36.1,16.1
2010-06-05T00:00:00,0.0,39.4,16.1
2010-06-06T00:00:00,0.0,42.2,22.2
2010-06-07T00:00:00,17.3,37.8,15.6
2010-06-08T00:00:00,0.0,33.3,19.4
2010-06-09T00:00:00,0.0,36.1,18.3
2010-06-10T00:00:00,0.0,36.7,17.8
2010-06-11T00:00:00,0.0,37.8,15.6
2010-06-12T00:00:00,0.0,35.0,15.6
2010-06-13T00:00:00,0.0,35.6,16.1
2010-06-14T00:00:00,0.0,32.8,15.0
2010-06-15T00:00:00,0.0,34.4,14.4
2010-06-16T00:00:00,0.0,35.0,15.0
2010-06-17T00:00:00,3.8,36.7,16.1
2010-06-18T00:00:00,0.0,38.3,13.3
2010-06-19T00:00:00,0.0,38.3,12.2
2010-06-20T00:00:00,0.0,38.3,18.3
2010-06-21T00:00:00,0.0,36.1,17.8
2010-06-22T00:00:00,0.0,38.9,20.0
2010-06-23T00:00:00,1.0,39.4,19.4
2010-06-24T00:00:00,2.0,36.7,17.8
2010-06-25T00:00:00,0.0,33.3,18.3
2010-06-26T00:00:00,0.0,36.1,17.8
2010-06-27T00:00:00,2.3,35.6,16.1
2010-06-28T00:00:00,0.0,33.9,14.4
2010-06-29T00:00:00,0.0,30.6,16.1
2010-06-30T00:00:00,31.0,27.2,15.6
2010-07-01T00:00:00,48.3,20.6,15.0
2010-07-02T00:00:00,38.1,26.7,18.3
2010-07-03T00:00:00,0.0,26.7,18.3
2010-07-04T00:00:00,0.0,27.2,18.9
2010-07-05T00:00:00,0.0,31.7,15.0
2010-07-06T00:00:00,0.0,33.3,17.8
2010-07-07T00:00:00,0.0,30.6,16.1
2010-07-08T00:00:00,10.9,30.6,16.7
2010-07-09T00:00:00,35.1,26.1,17.8
2010-07-10T00:00:00,0.5,36.1,18.9
2010-07-11T00:00:00,0.0,26.7,19.4
2010-07-12T00:00:00,18.5,30.6,18.3
2010-07-13T00:00:00,0.0,32.2,18.9
2010-07-14T00:00:00,0.0,33.9,20.0
2010-07-15T00:00:00,0.0,35.0,20.0
2010-07-16T00:00:00,0.8,33.3,20.0
2010-07-17T00:00:00,0.0,32.2,16.7
2010-07-18T00:00:00,0.0,33.3,16.1
2010-07-19T00:00:00,0.0,34.4,16.1
2010-07-20T00:00:00,0.0,34.4,15.6
2010-07-21T00:00:00,0.0,33.9,18.3
2010-07-22T00:00:00,0.0,33.3,17.2
2010-07-23T00:00:00,0.0,33.3,16.7
2010-07-24T00:00:00,0.0,34.4,19.4
2010-07-25T00:00:00,9.1,30.0,17.2
2010-07-26T00:00:00,0.0,25.6,17.8
2010-07-27T00:00:00,0.0,29.4,14.4
2010-07-28T00:00:00,0.0,32.2,17.2
2010-07-29T00:00:00,0.0,30.0,16.1
2010-07-30T00:00:00,1.3,28.9,17.2
2010-07-31T00:00:00,0.0,33.3,16.7
2010-08-01T00:00:00,0.0,32.8,18.9
2010-08-02T00:00:00,0.0,33.3,17.8
2010-08-03T00:00:00,0.0,35.6,16.7
2010-08-04T00:00:00,0.0,36.1,17.8
2010-08-05T00:00:00,0.0,36.1,18.3
2010-08-06T00:00:00,0.0,33.9,17.8
2010-08-07T00:00:00,0.0,35.0,17.2
2010-08-08T00:00:00,0.0,35.6,18.9
2010-08-09T00:00:00,0.0,36.1,18.9
2010-08-10T00:00:00,0.8,32.8,16.1
2010-08-11T00:00:00,0.0,35.6,17.8
2010-08-12T00:00:00,0.0,36.7,18.9
2010-08-13T00:00:00,0.0,36.1,20.6
2010-08-14T00:00:00,0.0,37.2,18.3
2010-08-15T00:00:00,0.0,36.7,17.8
2010-08-16T00:00:00,0.0,35.0,18.3
2010-08-17T00:00:00,0.0,32.8,18.3
2010-08-18T00:00:00,0.0,35.0,20.0
2010-08-19T00:00:00,0.0,33.9,18.9
2010-08-20T00:00:00,0.0,34.4,18.9
2010-08-21T00:00:00,0.0,35.6,18.9
2010-08-22T00:00:00,0.0,35.6,17.8
2010-08-23T00:00:00,0.0,35.6,20.0
2010-08-24T00:00:00,0.0,36.7,20.6
2010-08-25T00:00:00,3.6,22.2,11.7
2010-08-26T00:00:00,0.0,26.1,10.6
2010-08-27T00:00:00,0.0,30.0,11.1
2010-08-28T00:00:00,0.0,32.2,16.7
2010-08-29T00:00:00,0.0,31.7,16.7
2010-08-30T00:00:00,21.8,34.4,16.7
2010-08-31T00:00:00,0.0,31.1,17.8
2010-09-01T00:00:00,5.1,32.8,18.3
2010-09-02T00:00:00,0.0,34.4,16.1
2010-09-03T00:00:00,3.8,35.6,14.4
2010-09-04T00:00:00,0.3,24.4,11.1
2010-09-05T00:00:00,0.0,31.7,15.0
2010-09-06T00:00:00,0.0,35.0,14.4
2010-09-07T00:00:00,0.0,36.1,14.4
2010-09-08T00:00:00,0.0,30.0,14.4
2010-09-09T00:00:00,0.0,30.0,16.7
2010-09-10T00:00:00,0.0,33.3,15.0
2010-09-11T00:00:00,0.0,33.3,12.2
2010-09-12T00:00:00,0.0,30.0,13.3
2010-09-13T00:00:00,0.0,32.2,16.1
2010-09-14T00:00:00,7.6,31.7,17.2
2010-09-15T00:00:00,0.0,33.3,16.1
2010-09-16T00:00:00,0.0,34.4,15.6
2010-09-17T00:00:00,14.2,33.3,16.7
2010-09-18T00:00:00,0.5,26.7,14.4
2010-09-19T00:00:00,0.0,30.0,13.9
2010-09-20T00:00:00,0.0,28.3,13.3
2010-09-21T00:00:00,0.0,27.2,16.1
2010-09-22T00:00:00,0.0,32.2,17.2
2010-09-23T00:00:00,56.4,27.2,18.3
2010-09-24T00:00:00,1.0,27.2,16.1
2010-09-25T00:00:00,0.0,27.8,17.8
2010-09-26T00:00:00,0.0,27.2,14.4
2010-09-27T00:00:00,0.0,27.2,12.2
2010-09-28T00:00:00,0.0,28.9,12.2
2010-09-29T00:00:00,0.0,31.1,12.8
2010-09-30T00:00:00,0.0,32.8,13.9
2010-10-01T00:00:00,0.0,27.2,11.1
2010-10-02T00:00:00,0.0,30.0,10.6
2010-10-03T00:00:00,0.0,27.8,12.8
2010-10-04T00:00:00,0.0,22.8,9.4
2010-10-05T00:00:00,0.0,25.0,10.6
2010-10-06T00:00:00,0.0,26.1,8.3
2010-10-07T00:00:00,0.0,27.2,9.4
2010-10-08T00:00:00,0.0,27.8,7.8
2010-10-09T00:00:00,0.0,28.9,7.8
2010-10-10T00:00:00,0.0,28.3,9.4
2010-10-11T00:00:00,0.0,25.0,6.1
2010-10-12T00:00:00,0.0,25.6,6.7
2010-10-13T00:00:00,0.0,25.6,7.8
2010-10-14T00:00:00,0.0,23.3,6.1
2010-10-15T00:00:00,0.0,27.2,10.0
2010-10-16T00:00:00,0.0,28.3,7.2
2010-10-17T00:00:00,0.0,27.8,10.0
2010-10-18T00:00:00,0.0,28.9,9.4
2010-10-19T00:00:00,0.0,29.4,8.9
2010-10-20T00:00:00,0.0,22.8,8.9
2010-10-21T00:00:00,3.3,23.9,11.1
2010-10-22T00:00:00,0.0,23.3,5.0
2010-10-23T00:00:00,0.0,21.1,8.3
2010-10-24T00:00:00,0.0,23.3,6.7
2010-10-25T00:00:00,0.0,25.6,12.8
2010-10-26T00:00:00,0.0,23.3,3.9
2010-10-27T00:00:00,0.0,24.4,5.0
2010-10-28T00:00:00,0.0,22.2,0.6
2010-10-29T00:00:00,0.0,18.9,0.6
2010-10-30T00:00:00,0.0,27.2,2.8
2010-10-31T00:00:00,0.0,29.4,8.9
2010-11-01T00:00:00,0.0,25.0,5.6
2010-11-02T00:00:00,0.0,19.4,3.3
2010-11-03T00:00:00,0.0,20.0,4.4
2010-11-04T00:00:00,0.0,21.7,2.8
2010-11-05T00:00:00,0.0,18.3,1.1
2010-11-06T00:00:00,0.0,23.3,2.8
2010-11-07T00:00:00,0.0,25.6,0.6
2010-11-08T00:00:00,0.0,26.1,3.9
2010-11-09T00:00:00,0.0,25.6,10.6
2010-11-10T00:00:00,0.0,20.6,-2.2
2010-11-11T00:00:00,0.0,19.4,3.3
2010-11-12T00:00:00,0.0,21.7,3.3
2010-11-13T00:00:00,0.0,21.7,-3.3
2010-11-14T00:00:00,0.0,14.4,-2.8
2010-11-15T00:00:00,0.0,16.7,2.2
2010-11-16T00:00:00,0.0,17.2,0.0
2010-11-17T00:00:00,0.0,20.0,4.4
2010-11-18T00:00:00,0.0,15.0,-5.0
2010-11-19T00:00:00,0.0,18.9,-2.8
2010-11-20T00:00:00,0.0,23.3,-2.8
2010-11-21T00:00:00,0.0,21.7,10.0
2010-11-22T00:00:00,0.0,20.6,8.9
2010-11-23T00:00:00,0.0,18.3,-5.0
2010-11-24T00:00:00,0.0,18.9,3.3
2010-11-25T00:00:00,0.0,19.4,-11.7
2010-11-26T00:00:00,0.0,19.4,-11.7
2010-11-27T00:00:00,0.0,14.4,-5.0
2010-11-28T00:00:00,0.0,17.2,1.7
2010-11-29T00:00:00,0.0,17.8,-2.2
2010-11-30T00:00:00,0.0,9.4,-7.2
2010-12-01T00:00:00,0.0,11.1,-2.2
2010-12-02T00:00:00,0.0,19.4,2.8
2010-12-03T00:00:00,0.0,21.1,2.8
2010-12-04T00:00:00,0.0,25.0,4.4
2010-12-05T00:00:00,0.0,12.2,-2.2
2010-12-06T00:00:00,0.0,10.0,-7.8
2010-12-07T00:00:00,0.0,10.6,-2.8
2010-12-08T00:00:00,0.0,18.3,-2.8
2010-12-09T00:00:00,0.0,17.2,2.8
2010-12-10T00:00:00,0.0,18.9,1.1
2010-12-11T00:00:00,0.0,22.2,2.2
2010-12-12T00:00:00,0.0,15.0,-6.1
2010-12-13T00:00:00,0.0,10.6,-2.8
2010-12-14T00:00:00,0.0,23.9,7.8
2010-12-15T00:00:00,0.0,24.4,10.6
2010-12-16T00:00:00,0.0,22.2,0.6
2010-12-17T00:00:00,0.0,11.1,-3.9
2010-12-18T00:00:00,0.0,6.7,-7.2
2010-12-19T00:00:00,0.0,17.2,-2.8
2010-12-20T00:00:00,0.0,20.6,9.4
2010-12-21T00:00:00,0.0,20.0,10.0
2010-12-22T00:00:00,0.0,22.8,1.1
2010-12-23T00:00:00,0.0,10.6,-1.7
2010-12-24T00:00:00,0.0,11.7,-0.6
2010-12-25T00:00:00,0.0,,
2010-12-26T00:00:00,0.0,,
2010-12-27T00:00:00,0.0,15.6,-6.7
2010-12-28T00:00:00,0.0,15.6,-6.7
2010-12-29T00:00:00,0.0,13.9,1.7
2010-12-30T00:00:00,0.0,15.6,1.7
2010-12-31T00:00:00,0.0,15.6,-5.6
2011-01-01T00:00:00,0.0,5.6,-13.3
2011-01-02T00:00:00,0.0,5.6,-10.0
2011-01-03T00:00:00,0.0,11.1,-6.1
2011-01-04T00:00:00,0.0,16.7,-6.7
2011-01-05T00:00:00,0.0,15.6,-3.9
2011-01-06T00:00:00,0.0,17.8,-2.8
2011-01-07T00:00:00,0.0,14.4,-0.6
2011-01-08T00:00:00,0.0,18.3,-5.6
2011-01-09T00:00:00,0.0,15.6,-2.8
2011-01-10T00:00:00,0.0,17.2,-2.8
2011-01-11T00:00:00,0.0,8.9,-8.9
2011-01-12T00:00:00,0.0,3.9,-10.0
2011-01-13T00:00:00,0.0,0.6,-12.8
2011-01-14T00:00:00,0.0,12.2,-6.1
2011-01-15T00:00:00,0.0,15.6,-3.3
2011-01-16T00:00:00,0.0,15.6,-3.3
2011-01-17T00:00:00,0.0,16.7,0.0
2011-01-18T00:00:00,0.0,26.1,2.8
2011-01-19T00:00:00,0.0,18.9,1.1
2011-01-20T00:00:00,0.0,23.3,-1.7
2011-01-21T00:00:00,0.0,5.0,-5.6
2011-01-22T00:00:00,0.0,17.8,-4.4
2011-01-23T00:00:00,0.0,18.9,2.8
2011-01-24T00:00:00,0.0,10.6,-0.6
2011-01-25T00:00:00,0.0,14.4,-8.3
2011-01-26T00:00:00,0.0,12.2,-5.6
2011-01-27T00:00:00,0.0,10.0,-3.3
2011-01-28T00:00:00,0.0,16.7,-2.2
2011-01-29T00:00:00,0.0,19.4,2.2
2011-01-30T00:00:00,0.0,18.9,-1.1
2011-01-31T00:00:00,0.0,18.9,1.7
2011-02-01T00:00:00,0.5,16.7,-12.2
2011-02-02T00:00:00,0.5,-10.0,-20.0
2011-02-03T00:00:00,0.0,-14.4,-20.6
2011-02-04T00:00:00,0.0,-11.7,-18.9
2011-02-05T00:00:00,0.0,5.6,-18.9
2011-02-06T00:00:00,0.0,10.6,-3.3
2011-02-07T00:00:00,0.0,10.6,-7.8
2011-02-08T00:00:00,0.0,12.2,-3.9
2011-02-09T00:00:00,1.3,17.8,-13.3
2011-02-10T00:00:00,0.0,-3.9,-12.8
2011-02-11T00:00:00,0.0,8.9,-8.9
2011-02-12T00:00:00,0.0,14.4,-5.0
2011-02-13T00:00:00,0.0,19.4,1.1
2011-02-14T00:00:00,0.0,24.4,5.6
2011-02-15T00:00:00,0.0,17.2,-0.6
2011-02-16T00:00:00,0.0,25.0,5.0
2011-02-17T00:00:00,0.0,26.7,8.9
2011-02-18T00:00:00,0.0,23.3,3.3
2011-02-19T00:00:00,0.0,25.0,6.1
2011-02-20T00:00:00,0.0,23.3,9.4
2011-02-21T00:00:00,0.0,20.0,-1.1
2011-02-22T00:00:00,0.0,18.3,-3.3
2011-02-23T00:00:00,0.0,22.2,-2.2
2011-02-24T00:00:00,0.0,21.1,5.0
2011-02-25T00:00:00,0.0,17.2,-1.1
2011-02-26T00:00:00,0.0,20.6,5.6
2011-02-27T00:00:00,0.0,22.2,5.6
2011-02-28T00:00:00,0.0,17.2,-2.2
2011-03-01T00:00:00,0.0,17.2,-3.3
2011-03-02T00:00:00,0.0,23.3,3.9
2011-03-03T00:00:00,0.0,27.2,7.2
2011-03-04T00:00:00,0.0,26.1,3.9
2011-03-05T00:00:00,0.0,21.7,-1.1
2011-03-06T00:00:00,0.0,14.4,-3.9
2011-03-07T00:00:00,0.0,20.6,6.7
2011-03-08T00:00:00,0.0,24.4,3.3
2011-03-09T00:00:00,0.0,18.9,-2.8
2011-03-10T00:00:00,0.0,19.4,-0.6
2011-03-11T00:00:00,0.0,23.9,2.2
2011-03-12T00:00:00,0.0,28.3,8.9
2011-03-13T00:00:00,0.0,26.7,6.7
2011-03-14T00:00:00,0.0,26.7,-0.6
2011-03-15T00:00:00,0.0,19.4,2.2
2011-03-16T00:00:00,0.0,26.1,6.1
2011-03-17T00:00:00,0.0,28.9,8.3
2011-03-18T00:00:00,0.0,30.6,10.6
2011-03-19T00:00:00,0.0,26.1,7.8
2011-03-20T00:00:00,0.0,27.8,6.7
2011-03-21T00:00:00,0.0,27.2,5.0
2011-03-22T00:00:00,0.0,28.9,12.8
2011-03-23T00:00:00,0.0,22.2,-1.7
2011-03-24T00:00:00,0.0,23.9,0.6
2011-03-25T00:00:00,0.0,26.1,1.1
2011-03-26T00:00:00,0.0,25.6,7.2
2011-03-27T00:00:00,0.0,26.1,5.0
2011-03-28T00:00:00,0.0,25.0,8.3
2011-03-29T00:00:00,0.0,29.4,5.0
2011-03-30T00:00:00,0.0,20.6,1.7
2011-03-31T00:00:00,0.0,23.3,4.4
2011-04-01T00:00:00,0.0,28.3,11.7
2011-04-02T00:00:00,0.0,29.4,6.7
2011-04-03T00:00:00,0.0,32.8,16.1
2011-04-04T00:00:00,0.0,30.0,2.8
2011-04-05T00:00:00,0.0,15.6,3.3
2011-04-06T00:00:00,0.0,30.0,12.8
2011-04-07T00:00:00,0.0,31.1,13.9
2011-04-08T00:00:00,0.0,25.6,8.9
2011-04-09T00:00:00,0.0,27.2,11.1
2011-04-10T00:00:00,0.0,29.4,7.2
2011-04-11T00:00:00,0.0,20.6,5.0
2011-04-12T00:00:00,0.0,21.7,2.2
2011-04-13T00:00:00,0.0,27.8,7.2
2011-04-14T00:00:00,0.0,28.3,10.6
2011-04-15T00:00:00,0.0,26.1,5.0
2011-04-16T00:00:00,0.0,24.4,3.3
2011-04-17T00:00:00,0.0,28.9,7.2
2011-04-18T00:00:00,0.0,32.8,12.8
2011-04-19T00:00:00,0.0,30.6,16.1
2011-04-20T00:00:00,0.0,31.1,16.1
2011-04-21T00:00:00,0.0,31.1,8.9
2011-04-22T00:00:00,0.0,31.7,10.6
2011-04-23T00:00:00,0.0,31.7,10.6
2011-04-24T00:00:00,0.0,29.4,9.4
2011-04-25T00:00:00,0.0,27.2,10.0
2011-04-26T00:00:00,0.0,27.8,8.9
2011-04-27T00:00:00,0.0,28.3,8.3
2011-04-28T00:00:00,0.0,28.3,1.7
2011-04-29T00:00:00,0.0,27.8,10.0
2011-04-30T00:00:00,0.0,32.2,10.0
2011-05-01T00:00:00,0.0,28.3,8.9
2011-05-02T00:00:00,0.0,16.1,0.0
2011-05-03T00:00:00,0.0,16.1,1.1
2011-05-04T00:00:00,0.0,22.8,2.2
2011-05-05T00:00:00,0.0,30.0,9.4
2011-05-06T00:00:00,0.0,25.6,8.3
2011-05-07T00:00:00,0.0,32.2,15.6
2011-05-08T00:00:00,0.0,34.4,14.4
2011-05-09T00:00:00,0.0,32.8,14.4
2011-05-10T00:00:00,0.0,31.7,15.6
2011-05-11T00:00:00,0.0,31.1,11.1
2011-05-12T00:00:00,0.0,25.6,8.9
2011-05-13T00:00:00,0.0,29.4,7.8
2011-05-14T00:00:00,0.0,26.1,8.3
2011-05-15T00:00:00,0.0,26.1,7.8
2011-05-16T00:00:00,0.0,26.1,8.9
2011-05-17T00:00:00,0.0,31.1,8.9
2011-05-18T00:00:00,0.0,28.9,10.6
2011-05-19T00:00:00,0.0,28.3,16.7
2011-05-20T00:00:00,0.0,26.7,8.3
2011-05-21T00:00:00,0.0,26.1,9.4
2011-05-22T00:00:00,0.0,30.0,11.1
2011-05-23T00:00:00,0.0,32.8,15.6
2011-05-24T00:00:00,0.0,32.8,13.9
2011-05-25T00:00:00,0.0,28.9,9.4
2011-05-26T00:00:00,0.0,31.1,10.6
2011-05-27T00:00:00,0.0,35.0,17.2
2011-05-28T00:00:00,0.0,38.9,17.8
2011-05-29T00:00:00,0.0,37.8,18.9
2011-05-30T00:00:00,0.0,36.7,21.1
2011-05-31T00:00:00,0.0,32.8,9.4
2011-06-01T00:00:00,0.0,33.3,17.2
2011-06-02T00:00:00,0.0,36.1,19.4
2011-06-03T00:00:00,0.0,37.2,16.7
2011-06-04T00:00:00,0.0,36.7,15.0
2011-06-05T00:00:00,0.0,34.4,15.0
2011-06-06T00:00:00,0.0,33.9,18.3
2011-06-07T00:00:00,0.0,35.0,17.8
2011-06-08T00:00:00,0.0,36.7,16.7
2011-06-09T00:00:00,0.0,37.2,16.7
2011-06-10T00:00:00,0.0,37.2,15.6
2011-06-11T00:00:00,0.0,36.7,15.0
2011-06-12T00:00:00,0.0,36.7,16.1
2011-06-13T00:00:00,0.0,39.4,17.8
2011-06-14T00:00:00,0.0,38.3,18.9
2011-06-15T00:00:00,0.0,38.9,15.6
2011-06-16T00:00:00,0.0,38.3,20.6
2011-06-17T00:00:00,0.0,38.9,20.6
2011-06-18T00:00:00,0.0,39.4,19.4
2011-06-19T00:00:00,0.0,38.3,20.0
2011-06-20T00:00:00,0.0,38.3,15.6
2011-06-21T00:00:00,0.0,35.0,13.9
2011-06-22T00:00:00,0.0,33.9,17.2
2011-06-23T00:00:00,0.0,36.7,16.7
2011-06-24T00:00:00,0.0,39.4,18.9
2011-06-25T00:00:00,0.0,41.7,18.3
2011-06-26T00:00:00,0.0,41.7,20.6
2011-06-27T00:00:00,0.0,42.2,19.4
2011-06-28T00:00:00,0.0,39.4,20.0
2011-06-29T00:00:00,0.0,38.3,18.3
2011-06-30T00:00:00,0.0,39.4,16.7
2011-07-01T00:00:00,0.0,37.8,17.8
2011-07-02T00:00:00,0.0,37.8,17.8
2011-07-03T00:00:00,0.0,35.0,18.3
2011-07-04T00:00:00,0.0,36.1,21.7
2011-07-05T00:00:00,0.0,33.3,18.9
2011-07-06T00:00:00,0.0,36.1,18.9
2011-07-07T00:00:00,0.0,36.7,18.9
2011-07-08T00:00:00,0.0,37.8,21.1
2011-07-09T00:00:00,0.0,38.9,20.0
2011-07-10T00:00:00,0.0,38.3,17.2
2011-07-11T00:00:00,0.0,36.1,17.2
2011-07-12T00:00:00,0.0,37.2,20.6
2011-07-13T00:00:00,4.6,36.1,18.9
2011-07-14T00:00:00,4.1,36.7,19.4
2011-07-15T00:00:00,0.0,36.1,20.0
2011-07-16T00:00:00,0.0,38.3,18.3
2011-07-17T00:00:00,0.0,37.2,18.3
2011-07-18T00:00:00,0.0,35.6,17.8
2011-07-19T00:00:00,0.0,36.1,20.6
2011-07-20T00:00:00,0.0,37.8,22.2
2011-07-21T00:00:00,0.0,39.4,20.0
2011-07-22T00:00:00,0.0,38.3,20.0
2011-07-23T00:00:00,0.0,37.2,20.6
2011-07-24T00:00:00,0.0,36.7,19.4
2011-07-25T00:00:00,0.0,36.7,20.6
2011-07-26T00:00:00,0.0,37.8,23.3
2011-07-27T00:00:00,0.0,38.9,20.6
2011-07-28T00:00:00,0.0,37.8,20.6
2011-07-29T00:00:00,0.0,38.3,20.0
2011-07-30T00:00:00,7.6,34.4,17.2
2011-07-31T00:00:00,0.0,35.6,20.0
2011-08-01T00:00:00,0.0,34.4,17.2
2011-08-02T00:00:00,0.0,37.8,20.6
2011-08-03T00:00:00,0.0,38.9,21.7
2011-08-04T00:00:00,0.0,37.8,21.1
2011-08-05T00:00:00,0.0,37.8,21.1
2011-08-06T00:00:00,0.0,38.3,22.2
2011-08-07T00:00:00,0.0,37.2,21.1
2011-08-08T00:00:00,0.0,37.2,19.4
2011-08-09T00:00:00,0.0,39.4,20.6
2011-08-10T00:00:00,0.0,40.6,21.1
2011-08-11T00:00:00,0.0,38.9,23.3
2011-08-12T00:00:00,0.0,33.9,19.4
2011-08-13T00:00:00,0.0,35.6,19.4
2011-08-14T00:00:00,0.0,33.9,17.2
2011-08-15T00:00:00,0.0,33.3,18.3
2011-08-16T00:00:00,0.3,34.4,21.7
2011-08-17T00:00:00,3.3,38.9,20.0
2011-08-18T00:00:00,0.0,32.8,19.4
2011-08-19T00:00:00,0.0,37.2,20.0
2011-08-20T00:00:00,12.7,37.8,20.0
2011-08-21T00:00:00,1.3,35.6,20.0
2011-08-22T00:00:00,0.0,35.0,18.9
2011-08-23T00:00:00,0.0,36.1,18.9
2011-08-24T00:00:00,0.0,36.7,19.4
2011-08-25T00:00:00,0.0,37.2,21.1
2011-08-26T00:00:00,0.0,37.2,20.6
2011-08-27T00:00:00,0.0,36.7,22.2
2011-08-28T00:00:00,0.0,37.2,21.7
2011-08-29T00:00:00,0.0,38.3,23.3
2011-08-30T00:00:00,0.0,38.3,22.8
2011-08-31T00:00:00,1.0,39.4,20.0
2011-09-01T00:00:00,0.0,39.4,17.8
2011-09-02T00:00:00,0.0,35.0,16.1
2011-09-03T00:00:00,0.0,35.0,16.1
2011-09-04T00:00:00,0.8,36.7,16.7
2011-09-05T00:00:00,0.0,22.2,16.1
2011-09-06T00:00:00,0.0,27.2,10.0
2011-09-07T00:00:00,0.0,32.8,12.8
2011-09-08T00:00:00,0.0,32.8,15.6
2011-09-09T00:00:00,0.0,28.3,15.0
2011-09-10T00:00:00,0.0,28.9,13.3
2011-09-11T00:00:00,0.0,27.2,13.3
2011-09-12T00:00:00,0.0,31.1,17.8
2011-09-13T00:00:00,0.0,34.4,16.7
2011-09-14T00:00:00,0.0,35.0,17.2
2011-09-15T00:00:00,23.1,24.4,13.9
2011-09-16T00:00:00,36.3,21.7,12.2
2011-09-17T00:00:00,0.0,27.8,13.9
2011-09-18T00:00:00,0.0,30.0,13.9
2011-09-19T00:00:00,0.0,27.8,12.2
2011-09-20T00:00:00,0.0,30.6,13.9
2011-09-21T00:00:00,0.0,31.7,15.0
2011-09-22T00:00:00,0.0,26.7,12.2
2011-09-23T00:00:00,0.0,21.7,10.0
2011-09-24T00:00:00,0.0,30.6,13.3
2011-09-25T00:00:00,0.0,34.4,17.2
2011-09-26T00:00:00,0.0,32.8,16.1
2011-09-27T00:00:00,0.0,33.3,15.0
2011-09-28T00:00:00,0.0,31.7,15.6
2011-09-29T00:00:00,0.0,32.8,13.3
2011-09-30T00:00:00,0.0,33.3,15.6
2011-10-01T00:00:00,0.0,24.4,11.1
2011-10-02T00:00:00,0.0,28.9,12.2
2011-10-03T00:00:00,0.0,30.6,12.2
2011-10-04T00:00:00,0.0,28.9,10.0
2011-10-05T00:00:00,0.0,25.6,11.7
2011-10-06T00:00:00,0.0,27.8,12.8
2011-10-07T00:00:00,0.0,30.0,12.8
2011-10-08T00:00:00,0.0,30.0,7.8
2011-10-09T00:00:00,0.0,22.8,5.6
2011-10-10T00:00:00,0.0,20.0,7.2
2011-10-11T00:00:00,0.0,24.4,7.2
2011-10-12T00:00:00,0.0,28.9,10.6
2011-10-13T00:00:00,0.0,26.1,7.2
2011-10-14T00:00:00,0.0,30.0,10.6
2011-10-15T00:00:00,0.0,32.2,8.3
2011-10-16T00:00:00,0.0,28.9,10.0
2011-10-17T00:00:00,0.0,32.8,15.6
2011-10-18T00:00:00,0.0,31.7,3.3
2011-10-19T00:00:00,0.0,16.1,1.1
2011-10-20T00:00:00,0.0,23.3,5.0
2011-10-21T00:00:00,0.0,30.0,8.9
2011-10-22T00:00:00,0.0,30.0,12.2
2011-10-23T00:00:00,0.0,29.4,7.8
2011-10-24T00:00:00,0.0,26.1,8.9
2011-10-25T00:00:00,0.0,30.6,10.0
2011-10-26T00:00:00,0.0,29.4,11.7
2011-10-27T00:00:00,14.7,23.9,1.1
2011-10-28T00:00:00,0.0,4.4,1.1
2011-10-29T00:00:00,0.3,8.9,0.0
2011-10-30T00:00:00,0.0,20.6,1.7
2011-10-31T00:00:00,0.0,18.3,2.2
2011-11-01T00:00:00,0.0,25.0,3.9
2011-11-02T00:00:00,0.0,27.2,11.7
2011-11-03T00:00:00,0.0,17.8,-4.4
2011-11-04T00:00:00,0.0,13.3,-3.3
2011-11-05T00:00:00,0.0,20.0,1.1
2011-11-06T00:00:00,0.0,18.9,2.8
2011-11-07T00:00:00,0.0,10.0,8.9
2011-11-08T00:00:00,0.0,21.1,0.0
2011-11-09T00:00:00,0.0,14.4,-0.6
2011-11-10T00:00:00,0.0,10.6,-1.7
2011-11-11T00:00:00,0.0,20.0,4.4
2011-11-12T00:00:00,0.0,20.0,1.1
2011-11-13T00:00:00,0.0,22.2,12.2
2011-11-14T00:00:00,0.0,21.7,12.8
2011-11-15T00:00:00,0.0,20.0,3.9
2011-11-16T00:00:00,0.0,20.6,4.4
2011-11-17T00:00:00,0.0,19.4,-3.3
2011-11-18T00:00:00,0.0,12.2,-0.6
2011-11-19T00:00:00,0.0,21.1,9.4
2011-11-20T00:00:00,0.0,,
2011-11-21T00:00:00,0.0,20.6,4.4
2011-11-22T00:00:00,0.0,22.2,3.3
2011-11-23T00:00:00,0.0,22.2,2.8
2011-11-24T00:00:00,0.0,,
2011-11-25T00:00:00,0.0,22.2,0.6
2011-11-26T00:00:00,0.0,17.8,5.0
2011-11-27T00:00:00,0.0,8.3,-6.1
2011-11-28T00:00:00,0.0,16.1,-1.7
2011-11-29T00:00:00,0.0,23.3,2.2
2011-11-30T00:00:00,0.0,11.1,-3.9
2011-12-01T00:00:00,0.0,20.0,1.1
2011-12-02T00:00:00,0.0,10.6,-2.8
2011-12-03T00:00:00,0.0,1.7,-2.8
2011-12-04T00:00:00,0.0,10.6,-2.8
2011-12-05T00:00:00,0.8,5.6,-3.3
2011-12-06T00:00:00,2.5,-3.3,-18.3
2011-12-07T00:00:00,0.0,-4.4,-13.3
2011-12-08T00:00:00,0.0,5.0,-8.3
2011-12-09T00:00:00,0.0,10.6,-6.1
2011-12-10T00:00:00,0.0,5.6,-3.9
2011-12-11T00:00:00,0.0,2.8,-2.2
2011-12-12T00:00:00,1.3,7.2,-1.7
2011-12-13T00:00:00,0.5,3.9,1.7
2011-12-14T00:00:00,0.5,7.2,1.7
2011-12-15T00:00:00,0.0,13.9,-2.2
2011-12-16T00:00:00,0.0,7.2,-3.9
2011-12-17T00:00:00,0.0,5.0,-2.8
2011-12-18T00:00:00,0.0,7.8,-1.1
2011-12-19T00:00:00,5.6,12.2,3.3
2011-12-20T00:00:00,0.8,8.3,-3.9
2011-12-21T00:00:00,0.0,6.7,-3.3
2011-12-22T00:00:00,0.0,12.2,-0.6
2011-12-23T00:00:00,5.1,4.4,-6.7
2011-12-24T00:00:00,7.6,-3.9,-6.7
2011-12-25T00:00:00,0.0,-1.7,-10.6
2011-12-26T00:00:00,0.0,0.0,-8.9
2011-12-27T00:00:00,0.0,6.1,-5.0
2011-12-28T00:00:00,0.0,7.8,-3.9
2011-12-29T00:00:00,0.0,13.9,-0.6
2011-12-30T00:00:00,0.0,20.0,1.1
2011-12-31T00:00:00,0.0,20.0,3.3
2012-01-01T00:00:00,0.0,21.1,-4.4
2012-01-02T00:00:00,0.0,9.4,-6.7
2012-01-03T00:00:00,0.0,9.4,-5.0
2012-01-04T00:00:00,0.0,18.9,1.7
2012-01-05T00:00:00,0.0,13.9,-1.7
2012-01-06T00:00:00,0.0,17.8,2.2
2012-01-07T00:00:00,0.0,20.6,-3.9
2012-01-08T00:00:00,0.0,15.6,-2.8
2012-01-09T00:00:00,2.5,8.3,-2.2
2012-01-10T00:00:00,3.0,3.3,-2.2
2012-01-11T00:00:00,0.0,14.4,0.6
2012-01-12T00:00:00,0.0,16.1,-3.3
2012-01-13T00:00:00,0.0,5.0,-6.1
2012-01-14T00:00:00,0.0,12.8,-2.8
2012-01-15T00:00:00,0.0,17.2,2.2
2012-01-16T00:00:00,0.0,18.3,6.1
2012-01-17T00:00:00,0.0,17.8,0.6
2012-01-18T00:00:00,0.0,12.2,-5.6
2012-01-19T00:00:00,0.0,20.0,-0.6
2012-01-20T00:00:00,0.0,23.9,7.8
2012-01-21T00:00:00,0.0,23.9,-0.6
2012-01-22T00:00:00,0.0,20.6,2.2
2012-01-23T00:00:00,0.0,18.3,-2.2
2012-01-24T00:00:00,0.0,18.3,1.7
2012-01-25T00:00:00,0.5,13.3,2.2
2012-01-26T00:00:00,0.0,13.9,-1.7
2012-01-27T00:00:00,0.0,16.7,2.2
2012-01-28T00:00:00,0.0,21.1,-1.1
2012-01-29T00:00:00,0.0,8.9,-4.4
2012-01-30T00:00:00,0.0,17.8,-2.8
2012-01-31T00:00:00,0.0,20.6,3.9
2012-02-01T00:00:00,0.0,20.0,1.1
2012-02-02T00:00:00,0.0,18.3,-1.7
2012-02-03T00:00:00,0.0,18.9,-3.9
2012-02-04T00:00:00,0.0,12.2,-3.3
2012-02-05T00:00:00,0.0,7.8,-3.3
2012-02-06T00:00:00,0.0,6.1,-7.2
2012-02-07T00:00:00,0.0,12.8,-3.3
2012-02-08T00:00:00,0.0,7.2,-7.8
2012-02-09T00:00:00,0.0,9.4,-5.0
2012-02-10T00:00:00,0.0,16.1,-2.2
2012-02-11T00:00:00,0.0,15.0,-4.4
2012-02-12T00:00:00,0.0,1.7,-5.0
2012-02-13T00:00:00,0.0,3.3,-6.7
2012-02-14T00:00:00,0.0,17.8,0.0
2012-02-15T00:00:00,0.0,17.2,-1.1
2012-02-16T00:00:00,0.0,16.1,-5.0
2012-02-17T00:00:00,3.8,9.4,0.0
2012-02-18T00:00:00,1.3,7.8,-0.6
2012-02-19T00:00:00,0.0,9.4,-5.6
2012-02-20T00:00:00,0.0,17.8,0.0
2012-02-21T00:00:00,0.0,16.7,-3.3
2012-02-22T00:00:00,0.0,21.7,1.1
2012-02-23T00:00:00,0.0,25.0,10.6
2012-02-24T00:00:00,0.0,26.1,-4.4
2012-02-25T00:00:00,0.0,12.2,-6.1
2012-02-26T00:00:00,0.0,18.9,0.6
2012-02-27T00:00:00,0.0,23.3,2.8
2012-02-28T00:00:00,0.0,13.9,2.8
2012-02-29T00:00:00,0.0,20.6,-3.9
2012-03-01T00:00:00,0.0,22.2,4.4
2012-03-02T00:00:00,0.0,21.7,-3.3
2012-03-03T00:00:00,0.0,19.4,-3.9
2012-03-04T00:00:00,0.0,15.6,1.1
2012-03-05T00:00:00,0.0,21.1,2.2
2012-03-06T00:00:00,0.0,24.4,3.9
2012-03-07T00:00:00,0.0,26.1,9.4
2012-03-08T00:00:00,0.0,25.0,2.2
2012-03-09T00:00:00,0.0,7.2,-1.1
2012-03-10T00:00:00,0.0,3.3,-1.1
2012-03-11T00:00:00,0.0,6.7,-4.4
2012-03-12T00:00:00,0.0,20.6,0.6
2012-03-13T00:00:00,0.0,24.4,2.8
2012-03-14T00:00:00,0.0,27.8,6.1
2012-03-15T00:00:00,0.0,27.8,5.6
2012-03-16T00:00:00,0.0,27.2,6.7
2012-03-17T00:00:00,0.0,28.3,7.2
2012-03-18T00:00:00,0.0,27.2,7.2
2012-03-19T00:00:00,0.0,24.4,6.1
2012-03-20T00:00:00,0.0,12.2,-0.6
2012-03-21T00:00:00,0.8,10.0,0.6
2012-03-22T00:00:00,0.0,18.9,2.8
2012-03-23T00:00:00,0.0,25.6,1.1
2012-03-24T00:00:00,0.0,28.9,6.7
2012-03-25T00:00:00,0.0,30.6,8.9
2012-03-26T00:00:00,0.0,32.2,11.7
2012-03-27T00:00:00,0.0,28.9,8.3
2012-03-28T00:00:00,0.0,30.6,5.0
2012-03-29T00:00:00,0.0,30.0,8.9
2012-03-30T00:00:00,0.0,30.6,9.4
2012-03-31T00:00:00,0.0,30.0,11.7
2012-04-01T00:00:00,0.0,31.7,15.0
2012-04-02T00:00:00,0.0,30.0,10.6
2012-04-03T00:00:00,0.0,17.8,2.8
2012-04-04T00:00:00,0.0,16.7,2.8
2012-04-05T00:00:00,0.0,25.6,8.9
2012-04-06T00:00:00,0.0,30.6,7.2
2012-04-07T00:00:00,0.0,30.6,7.2
2012-04-08T00:00:00,0.0,25.0,4.4
2012-04-09T00:00:00,0.0,24.4,8.3
2012-04-10T00:00:00,19.8,28.3,9.4
2012-04-11T00:00:00,0.0,27.8,12.8
2012-04-12T00:00:00,3.0,26.7,11.7
2012-04-13T00:00:00,0.0,24.4,5.0
2012-04-14T00:00:00,0.0,26.1,5.0
2012-04-15T00:00:00,0.0,26.1,2.2
2012-04-16T00:00:00,0.0,20.6,5.0
2012-04-17T00:00:00,0.0,23.9,4.4
2012-04-18T00:00:00,0.0,26.7,6.7
2012-04-19T00:00:00,0.0,31.1,13.9
2012-04-20T00:00:00,0.0,30.6,8.9
2012-04-21T00:00:00,0.0,23.3,7.2
2012-04-22T00:00:00,0.0,30.6,10.6
2012-04-23T00:00:00,0.0,30.6,12.2
2012-04-24T00:00:00,0.0,27.2,10.6
2012-04-25T00:00:00,0.0,32.2,17.2
2012-04-26T00:00:00,0.0,36.7,18.9
2012-04-27T00:00:00,0.0,35.0,10.6
2012-04-28T00:00:00,0.0,35.0,10.6
2012-04-29T00:00:00,0.0,31.7,13.3
2012-04-30T00:00:00,0.0,31.7,11.7
2012-05-01T00:00:00,0.0,33.3,16.7
2012-05-02T00:00:00,0.0,32.8,10.0
2012-05-03T00:00:00,0.0,31.7,13.3
2012-05-04T00:00:00,0.0,32.8,11.7
2012-05-05T00:00:00,0.0,33.3,13.3
2012-05-06T00:00:00,0.0,32.2,16.7
2012-05-07T00:00:00,0.0,32.2,12.2
2012-05-08T00:00:00,5.6,24.4,9.4
2012-05-09T00:00:00,0.0,16.7,9.4
2012-05-10T00:00:00,11.4,21.1,11.1
2012-05-11T00:00:00,13.0,13.3,9.4
2012-05-12T00:00:00,7.6,21.1,10.0
2012-05-13T00:00:00,0.0,22.2,11.7
2012-05-14T00:00:00,19.3,22.8,10.6
2012-05-15T00:00:00,4.3,17.8,7.8
2012-05-16T00:00:00,0.0,23.9,10.6
2012-05-17T00:00:00,0.0,27.8,10.0
2012-05-18T00:00:00,0.0,30.0,12.2
2012-05-19T00:00:00,0.0,32.8,13.9
2012-05-20T00:00:00,0.0,32.2,13.9
2012-05-21T00:00:00,0.0,27.8,13.3
2012-05-22T00:00:00,0.0,28.9,14.4
2012-05-23T00:00:00,0.0,34.4,18.3
2012-05-24T00:00:00,0.0,35.6,20.6
2012-05-25T00:00:00,0.0,35.6,19.4
2012-05-26T00:00:00,0.0,35.6,19.4
2012-05-27T00:00:00,,,
2012-05-28T00:00:00,0.0,,
2012-05-29T00:00:00,0.0,35.6,10.0
2012-05-30T00:00:00,0.0,36.1,15.0
2012-05-31T00:00:00,0.0,36.7,14.4
2012-06-01T00:00:00,0.0,30.6,16.7
2012-06-02T00:00:00,0.0,33.9,15.0
2012-06-03T00:00:00,0.0,36.7,15.0
2012-06-04T00:00:00,0.0,37.2,15.6
2012-06-05T00:00:00,0.0,37.2,14.4
2012-06-06T00:00:00,0.0,31.7,15.0
2012-06-07T00:00:00,0.0,36.1,12.8
2012-06-08T00:00:00,0.0,33.3,16.7
2012-06-09T00:00:00,0.0,33.3,17.2
2012-06-10T00:00:00,0.0,37.8,18.3
2012-06-11T00:00:00,0.0,36.7,20.6
2012-06-12T00:00:00,0.0,35.6,15.0
2012-06-13T00:00:00,0.0,34.4,18.3
2012-06-14T00:00:00,0.0,35.0,17.8
2012-06-15T00:00:00,0.0,38.9,17.2
2012-06-16T00:00:00,0.0,38.9,16.7
2012-06-17T00:00:00,0.0,33.3,17.2
2012-06-18T00:00:00,0.0,35.6,17.8
2012-06-19T00:00:00,0.0,40.6,18.3
2012-06-20T00:00:00,0.0,40.0,15.6
2012-06-21T00:00:00,0.0,40.0,17.2
2012-06-22T00:00:00,0.0,35.0,17.8
2012-06-23T00:00:00,0.0,36.1,17.8
2012-06-24T00:00:00,0.0,36.1,16.1
2012-06-25T00:00:00,0.0,36.1,17.8
2012-06-26T00:00:00,0.0,37.8,20.6
2012-06-27T00:00:00,0.0,40.0,20.6
2012-06-28T00:00:00,0.0,40.0,22.2
2012-06-29T00:00:00,0.0,40.0,22.2
2012-06-30T00:00:00,0.0,40.0,21.7
2012-07-01T00:00:00,0.0,38.3,20.6
2012-07-02T00:00:00,0.0,35.0,18.3
2012-07-03T00:00:00,0.0,33.9,20.0
2012-07-04T00:00:00,0.0,34.4,21.1
2012-07-05T00:00:00,22.1,34.4,18.3
2012-07-06T00:00:00,0.0,33.3,18.3
2012-07-07T00:00:00,1.8,29.4,16.7
2012-07-08T00:00:00,0.0,33.3,18.3
2012-07-09T00:00:00,0.0,36.1,20.6
2012-07-10T00:00:00,10.2,31.7,17.8
2012-07-11T00:00:00,23.4,23.9,18.3
2012-07-12T00:00:00,0.0,28.9,18.3
2012-07-13T00:00:00,0.0,32.2,18.3
2012-07-14T00:00:00,0.0,33.3,18.9
2012-07-15T00:00:00,0.0,34.4,17.8
2012-07-16T00:00:00,0.0,33.9,17.8
2012-07-17T00:00:00,0.0,35.6,18.3
2012-07-18T00:00:00,0.0,33.3,16.7
2012-07-19T00:00:00,0.0,33.9,18.3
2012-07-20T00:00:00,0.0,32.2,17.2
2012-07-21T00:00:00,0.0,33.9,19.4
2012-07-22T00:00:00,0.0,35.6,20.6
2012-07-23T00:00:00,0.0,36.7,19.4
2012-07-24T00:00:00,0.0,34.4,20.6
2012-07-25T00:00:00,0.0,35.0,22.2
2012-07-26T00:00:00,0.0,36.1,21.1
2012-07-27T00:00:00,0.0,34.4,18.9
2012-07-28T00:00:00,0.0,30.0,17.2
2012-07-29T00:00:00,0.0,32.2,17.2
2012-07-30T00:00:00,0.0,35.6,18.3
2012-07-31T00:00:00,0.0,36.1,18.3
2012-08-01T00:00:00,0.0,37.2,20.6
2012-08-02T00:00:00,0.0,40.0,22.2
2012-08-03T00:00:00,0.0,40.6,21.1
2012-08-04T00:00:00,0.0,40.0,20.0
2012-08-05T00:00:00,0.0,38.3,20.0
2012-08-06T00:00:00,0.0,34.4,20.6
2012-08-07T00:00:00,0.0,36.7,22.2
2012-08-08T00:00:00,0.0,38.3,20.6
2012-08-09T00:00:00,0.0,33.3,18.3
2012-08-10T00:00:00,0.0,36.7,18.9
2012-08-11T00:00:00,0.0,37.2,18.3
2012-08-12T00:00:00,0.0,38.3,22.2
2012-08-13T00:00:00,0.0,38.3,18.3
2012-08-14T00:00:00,0.0,33.9,20.0
2012-08-15T00:00:00,3.0,36.7,19.4
2012-08-16T00:00:00,0.0,36.7,22.8
2012-08-17T00:00:00,0.0,34.4,21.7
2012-08-18T00:00:00,0.0,27.2,17.8
2012-08-19T00:00:00,0.0,32.8,17.8
2012-08-20T00:00:00,0.0,31.1,17.2
2012-08-21T00:00:00,0.0,35.6,20.0
2012-08-22T00:00:00,31.5,31.7,15.6
2012-08-23T00:00:00,2.5,27.2,18.3
2012-08-24T00:00:00,1.5,34.4,16.1
2012-08-25T00:00:00,0.0,33.3,20.0
2012-08-26T00:00:00,0.0,35.0,17.8
2012-08-27T00:00:00,0.0,32.8,16.7
2012-08-28T00:00:00,0.0,31.7,16.7
2012-08-29T00:00:00,0.0,32.2,15.0
2012-08-30T00:00:00,0.0,31.1,13.9
2012-08-31T00:00:00,0.0,31.1,13.9
2012-09-01T00:00:00,0.0,32.8,17.2
2012-09-02T00:00:00,0.0,34.4,16.7
2012-09-03T00:00:00,0.0,36.1,17.8
2012-09-04T00:00:00,0.0,37.8,22.2
2012-09-05T00:00:00,0.0,37.2,20.6
2012-09-06T00:00:00,0.0,37.2,19.4
2012-09-07T00:00:00,0.0,35.6,18.9
2012-09-08T00:00:00,17.8,35.6,13.3
2012-09-09T00:00:00,1.0,18.9,12.8
2012-09-10T00:00:00,0.0,22.8,14.4
2012-09-11T00:00:00,0.0,32.8,15.0
2012-09-12T00:00:00,0.0,32.2,18.9
2012-09-13T00:00:00,3.0,32.8,12.2
2012-09-14T00:00:00,3.8,12.8,10.0
2012-09-15T00:00:00,0.0,20.6,7.8
2012-09-16T00:00:00,0.0,23.3,10.0
2012-09-17T00:00:00,0.0,29.4,12.8
2012-09-18T00:00:00,0.0,32.2,11.7
2012-09-19T00:00:00,0.0,26.1,11.1
2012-09-20T00:00:00,0.0,32.8,17.2
2012-09-21T00:00:00,0.0,34.4,15.6
2012-09-22T00:00:00,0.0,32.8,15.6
2012-09-23T00:00:00,0.0,33.9,13.3
2012-09-24T00:00:00,0.0,32.8,11.7
2012-09-25T00:00:00,0.0,32.8,15.0
2012-09-26T00:00:00,0.0,32.8,15.0
2012-09-27T00:00:00,2.0,30.0,16.1
2012-09-28T00:00:00,0.0,26.1,14.4
2012-09-29T00:00:00,28.4,20.0,13.9
2012-09-30T00:00:00,0.0,22.8,12.2
2012-10-01T00:00:00,0.8,25.6,11.7
2012-10-02T00:00:00,0.0,25.6,10.6
2012-10-03T00:00:00,0.0,29.4,11.7
2012-10-04T00:00:00,0.0,32.8,12.8
2012-10-05T00:00:00,0.0,21.7,8.3
2012-10-06T00:00:00,0.5,31.7,7.8
2012-10-07T00:00:00,0.0,12.2,5.0
2012-10-08T00:00:00,0.0,12.8,1.1
2012-10-09T00:00:00,0.0,28.3,6.7
2012-10-10T00:00:00,0.0,30.6,7.8
2012-10-11T00:00:00,0.0,20.0,8.3
2012-10-12T00:00:00,10.9,25.6,11.1
2012-10-13T00:00:00,0.0,25.6,10.6
2012-10-14T00:00:00,0.0,22.2,7.2
2012-10-15T00:00:00,0.0,23.9,8.9
2012-10-16T00:00:00,0.0,27.2,13.9
2012-10-17T00:00:00,0.0,30.0,14.4
2012-10-18T00:00:00,0.0,30.0,7.8
2012-10-19T00:00:00,0.0,24.4,5.6
2012-10-20T00:00:00,0.0,25.0,10.6
2012-10-21T00:00:00,0.0,30.6,12.2
2012-10-22T00:00:00,0.0,30.0,13.3
2012-10-23T00:00:00,0.0,27.8,11.7
2012-10-24T00:00:00,0.0,31.1,12.2
2012-10-25T00:00:00,0.0,29.4,10.0
2012-10-26T00:00:00,0.0,18.9,2.2
2012-10-27T00:00:00,0.0,9.4,-3.9
2012-10-28T00:00:00,0.0,15.6,-2.8
2012-10-29T00:00:00,0.0,17.8,2.2
2012-10-30T00:00:00,0.0,25.6,5.6
2012-10-31T00:00:00,0.0,25.0,6.7
2012-11-01T00:00:00,0.0,25.6,7.8
2012-11-02T00:00:00,0.0,26.1,8.3
2012-11-03T00:00:00,0.0,17.2,4.4
2012-11-04T00:00:00,0.0,23.9,8.9
2012-11-05T00:00:00,0.0,19.4,12.8
2012-11-06T00:00:00,0.0,20.0,5.6
2012-11-07T00:00:00,0.0,24.4,6.1
2012-11-08T00:00:00,0.0,27.8,11.1
2012-11-09T00:00:00,0.0,27.8,10.6
2012-11-10T00:00:00,0.0,25.0,12.8
2012-11-11T00:00:00,0.0,17.8,-6.1
2012-11-12T00:00:00,0.0,11.7,-4.4
2012-11-13T00:00:00,0.0,1.7,0.0
2012-11-14T00:00:00,0.0,13.9,-3.9
2012-11-15T00:00:00,0.0,16.7,-1.1
2012-11-16T00:00:00,0.0,17.8,4.4
2012-11-17T00:00:00,0.0,16.1,0.6
2012-11-18T00:00:00,0.0,15.0,5.0
2012-11-19T00:00:00,0.0,10.6,8.3
2012-11-20T00:00:00,0.0,21.7,2.8
2012-11-21T00:00:00,0.0,21.1,6.7
2012-11-22T00:00:00,0.0,22.8,9.4
2012-11-23T00:00:00,0.0,25.6,2.8
2012-11-24T00:00:00,0.0,11.1,-3.3
2012-11-25T00:00:00,0.0,21.7,1.7
2012-11-26T00:00:00,0.0,23.9,6.7
2012-11-27T00:00:00,0.0,22.2,-5.0
2012-11-28T00:00:00,0.0,14.4,-0.6
2012-11-29T00:00:00,0.0,21.7,5.6
2012-11-30T00:00:00,0.0,23.9,7.8
2012-12-01T00:00:00,0.0,25.0,6.7
2012-12-02T00:00:00,0.0,23.9,5.6
2012-12-03T00:00:00,0.0,24.4,7.8
2012-12-04T00:00:00,0.0,24.4,3.3
2012-12-05T00:00:00,0.0,13.9,1.1
2012-12-06T00:00:00,0.0,21.1,6.1
2012-12-07T00:00:00,0.0,22.2,1.1
2012-12-08T00:00:00,0.0,18.3,3.3
2012-12-09T00:00:00,0.0,20.6,4.4
2012-12-10T00:00:00,0.0,9.4,-7.8
2012-12-11T00:00:00,0.0,5.6,-6.1
2012-12-12T00:00:00,0.0,10.0,-5.0
2012-12-13T00:00:00,0.0,17.8,-2.2
2012-12-14T00:00:00,0.0,16.7,1.7
2012-12-15T00:00:00,1.3,18.3,2.8
2012-12-16T00:00:00,0.0,13.3,1.7
2012-12-17T00:00:00,0.0,13.3,1.7
2012-12-18T00:00:00,0.0,17.2,5.6
2012-12-19T00:00:00,0.0,20.6,6.7
2012-12-20T00:00:00,0.0,15.0,-9.4
2012-12-21T00:00:00,0.0,10.0,-7.8
2012-12-22T00:00:00,0.0,11.7,-5.0
2012-12-23T00:00:00,0.0,12.2,2.2
2012-12-24T00:00:00,0.0,19.4,0.6
2012-12-25T00:00:00,0.0,,
2012-12-26T00:00:00,0.0,15.0,-7.8
2012-12-27T00:00:00,0.0,15.0,-8.3
2012-12-28T00:00:00,0.0,15.0,-8.3
2012-12-29T00:00:00,0.0,6.1,-9.4
2012-12-30T00:00:00,0.0,7.2,-7.8
2012-12-31T00:00:00,2.3,3.9,-5.0
2013-01-01T00:00:00,0.0,9.4,-6.1
2013-01-02T00:00:00,0.0,7.2,-8.9
2013-01-03T00:00:00,0.0,5.6,-6.1
2013-01-04T00:00:00,2.5,-2.2,-5.0
2013-01-05T00:00:00,0.0,-0.6,-6.1
2013-01-06T00:00:00,0.0,9.4,-7.2
2013-01-07T00:00:00,0.0,7.2,-6.1
2013-01-08T00:00:00,0.0,6.7,-3.9
2013-01-09T00:00:00,0.0,10.6,-2.2
2013-01-10T00:00:00,11.2,10.6,-0.6
2013-01-11T00:00:00,0.0,15.6,0.6
2013-01-12T00:00:00,0.0,13.9,-6.1
2013-01-13T00:00:00,0.0,7.2,-10.0
2013-01-14T00:00:00,0.0,2.8,-8.9
2013-01-15T00:00:00,0.0,-3.3,-11.1
2013-01-16T00:00:00,0.0,1.7,-8.9
2013-01-17T00:00:00,0.0,10.0,-6.1
2013-01-18T00:00:00,0.0,12.8,-3.3
2013-01-19T00:00:00,0.0,16.1,-3.3
2013-01-20T00:00:00,0.0,17.2,-1.1
2013-01-21T00:00:00,0.0,18.9,-4.4
2013-01-22T00:00:00,0.0,9.4,-4.4
2013-01-23T00:00:00,0.0,20.6,1.1
2013-01-24T00:00:00,0.0,23.3,2.8
2013-01-25T00:00:00,0.0,23.3,7.8
2013-01-26T00:00:00,0.0,21.7,7.2
2013-01-27T00:00:00,0.0,19.4,7.2
2013-01-28T00:00:00,0.0,20.0,7.2
2013-01-29T00:00:00,0.0,18.3,3.9
2013-01-30T00:00:00,0.0,7.8,-7.8
2013-01-31T00:00:00,0.0,10.6,-2.8
2013-02-01T00:00:00,0.0,16.1,-4.4
2013-02-02T00:00:00,0.0,17.8,-2.8
2013-02-03T00:00:00,0.0,15.0,-1.7
2013-02-04T00:00:00,0.0,15.6,0.0
2013-02-05T00:00:00,0.0,16.7,2.8
2013-02-06T00:00:00,0.0,18.9,0.6
2013-02-07T00:00:00,0.0,20.6,5.0
2013-02-08T00:00:00,0.0,14.4,-3.3
2013-02-09T00:00:00,0.0,13.9,-2.8
2013-02-10T00:00:00,0.0,18.9,-2.2
2013-02-11T00:00:00,0.0,13.3,-3.3
2013-02-12T00:00:00,0.0,15.6,0.0
2013-02-13T00:00:00,0.0,10.6,-4.4
2013-02-14T00:00:00,0.0,15.0,-2.2
2013-02-15T00:00:00,0.0,15.0,0.0
2013-02-16T00:00:00,0.0,8.9,-3.9
2013-02-17T00:00:00,0.0,18.9,-1.1
2013-02-18T00:00:00,0.0,20.0,0.6
2013-02-19T00:00:00,0.0,19.4,-5.0
2013-02-20T00:00:00,0.0,11.7,0.6
2013-02-21T00:00:00,0.0,17.8,-0.6
2013-02-22T00:00:00,0.0,12.8,-3.3
2013-02-23T00:00:00,0.0,13.3,-3.9
2013-02-24T00:00:00,0.0,18.3,0.6
2013-02-25T00:00:00,1.3,16.1,-2.2
2013-02-26T00:00:00,0.0,10.0,-3.3
2013-02-27T00:00:00,0.0,18.9,-3.9
2013-02-28T00:00:00,0.0,8.9,-5.6
2013-03-01T00:00:00,0.0,12.8,-1.7
2013-03-02T00:00:00,0.0,15.6,-2.8
2013-03-03T00:00:00,0.0,18.3,1.7
2013-03-04T00:00:00,0.0,25.6,12.2
2013-03-05T00:00:00,0.0,24.4,-3.3
2013-03-06T00:00:00,0.0,12.8,0.6
2013-03-07T00:00:00,0.0,18.9,2.2
2013-03-08T00:00:00,0.0,25.0,8.9
2013-03-09T00:00:00,0.0,23.3,7.2
2013-03-10T00:00:00,0.0,14.4,0.6
2013-03-11T00:00:00,0.0,10.0,0.0
2013-03-12T00:00:00,0.0,22.2,4.4
2013-03-13T00:00:00,0.0,15.0,-3.3
2013-03-14T00:00:00,0.0,23.9,0.6
2013-03-15T00:00:00,0.0,27.8,7.8
2013-03-16T00:00:00,0.0,30.0,11.1
2013-03-17T00:00:00,0.0,30.0,2.8
2013-03-18T00:00:00,0.0,26.1,6.1
2013-03-19T00:00:00,0.0,24.4,7.2
2013-03-20T00:00:00,0.0,22.8,1.1
2013-03-21T00:00:00,0.0,17.8,5.6
2013-03-22T00:00:00,0.0,26.1,8.3
2013-03-23T00:00:00,0.0,20.6,4.4
2013-03-24T00:00:00,0.0,22.8,-8.3
2013-03-25T00:00:00,0.0,10.6,-6.7
2013-03-26T00:00:00,0.0,11.1,-6.7
2013-03-27T00:00:00,0.0,20.0,-1.1
2013-03-28T00:00:00,0.0,25.0,7.2
2013-03-29T00:00:00,0.0,26.7,7.2
2013-03-30T00:00:00,0.0,26.7,7.2
2013-03-31T00:00:00,0.0,27.2,10.6
2013-04-01T00:00:00,0.0,22.2,5.0
2013-04-02T00:00:00,0.0,28.9,2.8
2013-04-03T00:00:00,0.0,13.3,2.8
2013-04-04T00:00:00,0.0,15.0,0.0
2013-04-05T00:00:00,0.0,24.4,6.7
2013-04-06T00:00:00,0.0,27.2,7.2
2013-04-07T00:00:00,0.0,27.8,11.7
2013-04-08T00:00:00,0.0,28.9,12.2
2013-04-09T00:00:00,0.0,27.8,15.0
2013-04-10T00:00:00,0.0,16.7,-2.2
2013-04-11T00:00:00,0.0,11.1,-1.7
2013-04-12T00:00:00,0.0,22.8,5.6
2013-04-13T00:00:00,0.0,21.7,7.8
2013-04-14T00:00:00,0.0,26.7,7.8
2013-04-15T00:00:00,0.0,27.8,13.3
2013-04-16T00:00:00,0.0,28.3,13.9
2013-04-17T00:00:00,0.0,29.4,13.9
2013-04-18T00:00:00,0.0,28.3,1.7
2013-04-19T00:00:00,0.0,13.9,-1.7
2013-04-20T00:00:00,0.0,20.0,2.8
2013-04-21T00:00:00,0.0,26.7,7.8
2013-04-22T00:00:00,0.0,27.8,11.1
2013-04-23T00:00:00,0.0,32.8,2.2
2013-04-24T00:00:00,0.0,32.8,-3.3
2013-04-25T00:00:00,0.0,16.7,1.1
2013-04-26T00:00:00,0.0,24.4,5.6
2013-04-27T00:00:00,0.0,28.9,6.1
2013-04-28T00:00:00,0.0,26.7,9.4
2013-04-29T00:00:00,0.0,31.1,10.0
2013-04-30T00:00:00,0.0,32.2,13.9
2013-05-01T00:00:00,0.0,33.9,11.7
2013-05-02T00:00:00,0.0,33.3,2.8
2013-05-03T00:00:00,0.0,12.2,-1.7
2013-05-04T00:00:00,0.0,20.6,1.7
2013-05-05T00:00:00,0.0,22.8,6.7
2013-05-06T00:00:00,0.0,23.9,11.7
2013-05-07T00:00:00,0.0,27.2,6.1
2013-05-08T00:00:00,0.0,28.3,11.1
2013-05-09T00:00:00,0.0,28.3,11.1
2013-05-10T00:00:00,0.0,28.3,11.1
2013-05-11T00:00:00,6.6,16.7,6.1
2013-05-12T00:00:00,0.0,21.7,8.3
2013-05-13T00:00:00,0.0,25.6,9.4
2013-05-14T00:00:00,0.0,28.3,10.6
2013-05-15T00:00:00,0.0,30.6,17.2
2013-05-16T00:00:00,0.0,32.2,17.2
2013-05-17T00:00:00,0.0,35.6,18.3
2013-05-18T00:00:00,0.0,37.2,16.7
2013-05-19T00:00:00,0.0,32.8,14.4
2013-05-20T00:00:00,0.0,31.7,11.1
2013-05-21T00:00:00,0.0,32.2,13.3
2013-05-22T00:00:00,0.0,28.9,9.4
2013-05-23T00:00:00,0.0,35.0,13.9
2013-05-24T00:00:00,8.9,37.2,14.4
2013-05-25T00:00:00,0.0,31.7,14.4
2013-05-26T00:00:00,0.0,31.1,12.8
2013-05-27T00:00:00,0.0,35.0,12.8
2013-05-28T00:00:00,0.0,35.0,16.1
2013-05-29T00:00:00,0.0,35.0,17.8
2013-05-30T00:00:00,0.0,31.1,18.3
2013-05-31T00:00:00,0.0,34.4,20.0
2013-06-01T00:00:00,0.0,36.7,17.8
2013-06-02T00:00:00,0.0,31.1,13.9
2013-06-03T00:00:00,0.0,32.2,15.6
2013-06-04T00:00:00,0.0,36.1,19.4
2013-06-05T00:00:00,0.0,38.3,21.7
2013-06-06T00:00:00,0.0,33.3,15.0
2013-06-07T00:00:00,0.0,27.2,16.1
2013-06-08T00:00:00,0.0,32.2,13.9
2013-06-09T00:00:00,0.0,37.2,19.4
2013-06-10T00:00:00,0.0,35.0,16.7
2013-06-11T00:00:00,0.0,38.9,16.7
2013-06-12T00:00:00,0.0,37.8,17.2
2013-06-13T00:00:00,0.0,37.8,17.2
2013-06-14T00:00:00,0.0,33.9,18.3
2013-06-15T00:00:00,0.0,31.1,17.8
2013-06-16T00:00:00,0.0,33.9,20.0
2013-06-17T00:00:00,1.3,35.0,17.8
2013-06-18T00:00:00,0.0,32.8,15.6
2013-06-19T00:00:00,0.0,33.3,18.3
2013-06-20T00:00:00,1.3,38.9,18.9
2013-06-21T00:00:00,0.0,38.3,18.9
2013-06-22T00:00:00,0.0,38.3,17.2
2013-06-23T00:00:00,0.0,37.8,22.2
2013-06-24T00:00:00,0.0,38.3,19.4
2013-06-25T00:00:00,0.0,38.3,20.0
2013-06-26T00:00:00,0.0,39.4,18.3
2013-06-27T00:00:00,0.0,40.6,21.1
2013-06-28T00:00:00,0.0,41.1,22.8
2013-06-29T00:00:00,0.0,37.8,21.7
2013-06-30T00:00:00,0.0,37.8,21.7
2013-07-01T00:00:00,66.0,34.4,15.0
2013-07-02T00:00:00,2.8,25.6,16.1
2013-07-03T00:00:00,7.6,28.9,16.1
2013-07-04T00:00:00,0.0,31.7,15.6
2013-07-05T00:00:00,0.0,33.3,16.1
2013-07-06T00:00:00,0.0,36.1,18.3
2013-07-07T00:00:00,0.0,36.1,20.0
2013-07-08T00:00:00,0.0,33.3,18.9
2013-07-09T00:00:00,0.0,33.9,18.9
2013-07-10T00:00:00,0.0,33.3,20.0
2013-07-11T00:00:00,1.3,35.0,21.1
2013-07-12T00:00:00,0.0,32.8,19.4
2013-07-13T00:00:00,0.0,35.6,17.8
2013-07-14T00:00:00,0.0,35.0,19.4
2013-07-15T00:00:00,1.0,36.1,15.6
2013-07-16T00:00:00,7.6,21.1,13.3
2013-07-17T00:00:00,0.0,26.7,16.1
2013-07-18T00:00:00,13.5,20.6,16.7
2013-07-19T00:00:00,24.1,22.8,17.2
2013-07-20T00:00:00,0.0,27.8,16.7
2013-07-21T00:00:00,0.0,30.0,17.8
2013-07-22T00:00:00,0.0,31.1,17.8
2013-07-23T00:00:00,0.0,33.3,19.4
2013-07-24T00:00:00,0.0,33.9,20.6
2013-07-25T00:00:00,36.8,35.0,17.2
2013-07-26T00:00:00,5.1,28.9,16.7
2013-07-27T00:00:00,0.0,28.9,18.9
2013-07-28T00:00:00,0.0,30.0,19.4
2013-07-29T00:00:00,0.0,29.4,19.4
2013-07-30T00:00:00,0.0,33.9,21.1
2013-07-31T00:00:00,0.0,33.3,18.9
2013-08-01T00:00:00,0.0,35.6,21.1
2013-08-02T00:00:00,0.0,33.9,16.7
2013-08-03T00:00:00,7.1,35.6,18.9
2013-08-04T00:00:00,0.0,36.7,17.8
2013-08-05T00:00:00,0.0,35.0,16.7
2013-08-06T00:00:00,0.0,36.1,19.4
2013-08-07T00:00:00,0.0,35.6,18.9
2013-08-08T00:00:00,0.0,33.9,17.2
2013-08-09T00:00:00,0.0,34.4,17.2
2013-08-10T00:00:00,0.0,33.3,17.2
2013-08-11T00:00:00,0.0,32.2,17.2
2013-08-12T00:00:00,0.0,31.7,17.2
2013-08-13T00:00:00,1.5,32.8,17.2
2013-08-14T00:00:00,0.0,33.9,17.2
2013-08-15T00:00:00,2.0,32.8,16.7
2013-08-16T00:00:00,0.0,34.4,18.9
2013-08-17T00:00:00,0.0,36.7,16.1
2013-08-18T00:00:00,0.0,35.0,16.1
2013-08-19T00:00:00,0.0,36.1,21.1
2013-08-20T00:00:00,0.0,36.1,17.2
2013-08-21T00:00:00,0.0,35.6,16.1
2013-08-22T00:00:00,0.0,33.9,16.1
2013-08-23T00:00:00,0.0,33.3,16.7
2013-08-24T00:00:00,0.0,33.3,15.6
2013-08-25T00:00:00,0.0,33.9,16.1
2013-08-26T00:00:00,0.0,33.3,16.7
2013-08-27T00:00:00,0.0,32.8,15.6
2013-08-28T00:00:00,0.0,31.1,17.2
2013-08-29T00:00:00,0.0,30.6,20.0
2013-08-30T00:00:00,0.0,33.3,18.9
2013-08-31T00:00:00,0.0,35.6,18.9
2013-09-01T00:00:00,0.0,36.1,17.2
2013-09-02T00:00:00,0.0,35.6,19.4
2013-09-03T00:00:00,0.0,31.1,16.1
2013-09-04T00:00:00,0.0,33.3,16.1
2013-09-05T00:00:00,0.0,34.4,17.2
2013-09-06T00:00:00,0.0,33.3,16.7
2013-09-07T00:00:00,0.0,33.3,16.7
2013-09-08T00:00:00,0.0,33.3,16.7
2013-09-09T00:00:00,0.0,32.8,15.6
2013-09-10T00:00:00,0.0,30.6,16.1
2013-09-11T00:00:00,7.9,26.1,18.3
2013-09-12T00:00:00,100.6,21.7,16.7
2013-09-13T00:00:00,33.3,18.9,16.1
2013-09-14T00:00:00,0.0,27.8,15.0
2013-09-15T00:00:00,0.0,27.2,13.9
2013-09-16T00:00:00,0.0,25.6,16.1
2013-09-17T00:00:00,1.0,28.3,17.2
2013-09-18T00:00:00,0.0,26.7,15.0
2013-09-19T00:00:00,0.0,29.4,16.7
2013-09-20T00:00:00,2.3,27.2,15.0
2013-09-21T00:00:00,0.0,25.0,15.0
2013-09-22T00:00:00,0.0,25.6,11.7
2013-09-23T00:00:00,0.0,27.8,13.3
2013-09-24T00:00:00,0.0,27.2,10.0
2013-09-25T00:00:00,0.0,27.2,10.6
2013-09-26T00:00:00,0.0,31.1,15.6
2013-09-27T00:00:00,0.8,31.1,17.8
2013-09-28T00:00:00,0.0,29.4,8.9
2013-09-29T00:00:00,0.0,21.7,6.7
2013-09-30T00:00:00,0.0,27.2,12.2
2013-10-01T00:00:00,0.0,31.7,13.3
2013-10-02T00:00:00,0.0,32.2,12.8
2013-10-03T00:00:00,0.0,31.7,11.7
2013-10-04T00:00:00,0.0,28.9,11.1
2013-10-05T00:00:00,0.0,28.9,5.0
2013-10-06T00:00:00,0.0,17.8,4.4
2013-10-07T00:00:00,0.0,23.9,6.7
2013-10-08T00:00:00,0.0,26.1,6.7
2013-10-09T00:00:00,0.0,29.4,8.9
2013-10-10T00:00:00,0.0,28.3,7.2
2013-10-11T00:00:00,0.0,28.9,5.6
2013-10-12T00:00:00,0.0,23.9,5.0
2013-10-13T00:00:00,0.0,22.2,8.3
2013-10-14T00:00:00,0.0,20.0,12.8
2013-10-15T00:00:00,0.0,24.4,8.9
2013-10-16T00:00:00,0.0,13.3,7.8
2013-10-17T00:00:00,0.0,14.4,1.7
2013-10-18T00:00:00,0.0,20.6,2.2
2013-10-19T00:00:00,0.0,21.7,-2.2
2013-10-20T00:00:00,0.0,22.2,0.6
2013-10-21T00:00:00,0.0,26.7,5.6
2013-10-22T00:00:00,0.0,15.6,2.2
2013-10-23T00:00:00,0.0,22.2,3.3
2013-10-24T00:00:00,0.0,25.6,3.9
2013-10-25T00:00:00,1.3,23.9,6.1
2013-10-26T00:00:00,0.5,16.7,6.7
2013-10-27T00:00:00,0.0,20.6,3.3
2013-10-28T00:00:00,0.0,22.2,6.1
2013-10-29T00:00:00,0.0,25.6,9.4
2013-10-30T00:00:00,0.0,26.1,10.0
2013-10-31T00:00:00,0.0,23.9,1.7
2013-11-01T00:00:00,0.0,20.6,3.9
2013-11-02T00:00:00,0.0,19.4,0.0
2013-11-03T00:00:00,0.0,19.4,1.1
2013-11-04T00:00:00,0.0,22.2,6.7
2013-11-05T00:00:00,0.0,22.8,6.1
2013-11-06T00:00:00,0.0,22.2,-2.2
2013-11-07T00:00:00,0.0,16.1,-0.6
2013-11-08T00:00:00,0.0,17.2,1.7
2013-11-09T00:00:00,0.0,22.2,5.0
2013-11-10T00:00:00,0.0,23.9,2.2
2013-11-11T00:00:00,0.0,20.6,4.4
2013-11-12T00:00:00,0.8,21.7,0.0
2013-11-13T00:00:00,0.8,3.3,-0.6
2013-11-14T00:00:00,0.0,13.3,2.2
2013-11-15T00:00:00,0.0,21.7,3.9
2013-11-16T00:00:00,0.0,20.6,11.7
2013-11-17T00:00:00,0.0,21.7,11.1
2013-11-18T00:00:00,0.0,22.8,6.1
2013-11-19T00:00:00,0.0,15.6,1.7
2013-11-20T00:00:00,0.0,22.2,8.9
2013-11-21T00:00:00,0.0,22.2,3.3
2013-11-22T00:00:00,0.0,20.0,-5.0
2013-11-23T00:00:00,0.0,-2.2,-5.0
2013-11-24T00:00:00,7.6,-1.7,-6.1
2013-11-25T00:00:00,0.0,-0.6,-6.1
2013-11-26T00:00:00,0.0,7.2,-2.8
2013-11-27T00:00:00,0.0,10.0,-2.2
2013-11-28T00:00:00,0.0,11.1,-3.3
2013-11-29T00:00:00,0.0,13.3,-3.3
2013-11-30T00:00:00,0.0,14.4,1.1
2013-12-01T00:00:00,0.0,15.0,3.9
2013-12-02T00:00:00,0.0,18.3,2.8
2013-12-03T00:00:00,0.0,24.4,9.4
2013-12-04T00:00:00,0.0,22.8,10.6
2013-12-05T00:00:00,0.0,20.6,-6.1
2013-12-06T00:00:00,7.6,-6.1,-7.2
2013-12-07T00:00:00,0.0,-3.9,-8.3
2013-12-08T00:00:00,0.0,-6.7,-8.3
2013-12-09T00:00:00,0.0,11.1,-7.8
2013-12-10T00:00:00,0.0,2.2,-8.9
2013-12-11T00:00:00,0.0,8.3,-5.6
2013-12-12T00:00:00,0.0,5.6,-3.3
2013-12-13T00:00:00,2.5,6.7,-2.2
2013-12-14T00:00:00,0.0,15.6,-2.2
2013-12-15T00:00:00,0.0,8.9,-2.2
2013-12-16T00:00:00,0.0,15.0,0.6
2013-12-17T00:00:00,0.0,21.1,0.0
2013-12-18T00:00:00,0.0,17.2,-1.1
2013-12-19T00:00:00,0.0,20.0,2.8
2013-12-20T00:00:00,0.0,20.6,2.2
2013-12-21T00:00:00,3.8,11.7,1.7
2013-12-22T00:00:00,0.0,12.2,-1.7
2013-12-23T00:00:00,0.0,5.6,-5.0
2013-12-24T00:00:00,0.0,11.1,-3.3
2013-12-25T00:00:00,0.0,17.2,-3.3
2013-12-26T00:00:00,0.0,7.2,-5.6
2013-12-27T00:00:00,0.0,11.7,-7.2
2013-12-28T00:00:00,0.0,10.6,-6.7
2013-12-29T00:00:00,0.0,14.4,-4.4
2013-12-30T00:00:00,0.0,3.9,-6.7
2013-12-31T00:00:00,0.0,12.2,-5.0
2014-01-01T00:00:00,0.0,16.1,-3.9
2014-01-02T00:00:00,0.0,19.4,-6.7
2014-01-03T00:00:00,0.0,10.6,-6.7
2014-01-04T00:00:00,0.0,16.1,-2.2
2014-01-05T00:00:00,0.0,18.9,-6.7
2014-01-06T00:00:00,0.0,4.4,-13.3
2014-01-07T00:00:00,0.0,-0.6,-12.2
2014-01-08T00:00:00,0.0,8.9,-7.8
2014-01-09T00:00:00,0.0,17.8,-8.3
2014-01-10T00:00:00,0.0,17.2,-7.2
2014-01-11T00:00:00,0.0,18.9,-1.1
2014-01-12T00:00:00,0.0,21.7,1.1
2014-01-13T00:00:00,0.0,21.1,-2.2
2014-01-14T00:00:00,0.0,17.2,-2.8
2014-01-15T00:00:00,0.0,13.9,-13.9
2014-01-16T00:00:00,0.0,16.7,-4.4
2014-01-17T00:00:00,0.0,13.9,-6.1
2014-01-18T00:00:00,0.0,13.9,-2.2
2014-01-19T00:00:00,0.0,16.1,-0.6
2014-01-20T00:00:00,0.0,19.4,1.1
2014-01-21T00:00:00,0.0,20.0,-2.8
2014-01-22T00:00:00,0.0,17.8,1.1
2014-01-23T00:00:00,0.0,13.9,-6.1
2014-01-24T00:00:00,0.0,-0.6,-13.3
2014-01-25T00:00:00,0.0,12.2,-8.9
2014-01-26T00:00:00,0.0,15.0,1.7
2014-01-27T00:00:00,0.0,19.4,-3.9
2014-01-28T00:00:00,0.0,2.8,-13.9
2014-01-29T00:00:00,0.0,-1.1,-12.8
2014-01-30T00:00:00,0.0,12.8,-7.8
2014-01-31T00:00:00,0.0,21.1,10.6
2014-04-01T00:00:00,0.0,25.0,
2014-04-02T00:00:00,0.0,18.3,
2014-04-03T00:00:00,0.0,16.1,8.3
2014-04-04T00:00:00,0.0,18.9,-1.1
2014-04-05T00:00:00,0.0,21.1,1.1
2014-04-06T00:00:00,0.0,19.4,6.1
2014-04-07T00:00:00,0.0,14.4,3.9
2014-04-08T00:00:00,0.0,18.3,1.7
2014-04-09T00:00:00,0.0,23.9,5.6
2014-04-10T00:00:00,0.0,29.4,5.6
2014-04-11T00:00:00,0.0,30.6,12.8
2014-04-12T00:00:00,0.0,26.7,11.1
2014-04-13T00:00:00,0.0,27.2,14.4
2014-04-14T00:00:00,0.0,29.4,12.8
2014-04-15T00:00:00,0.0,12.8,-5.0
2014-04-16T00:00:00,0.0,20.6,-5.0
2014-04-17T00:00:00,0.0,28.3,-5.0
2014-04-18T00:00:00,0.0,22.8,7.8
2014-04-19T00:00:00,6.4,19.4,11.1
2014-04-20T00:00:00,0.0,24.4,7.2
2014-04-21T00:00:00,0.0,27.2,10.0
2014-04-22T00:00:00,0.0,27.2,10.0
2014-04-23T00:00:00,0.0,28.9,9.4
2014-04-24T00:00:00,0.0,28.9,13.9
2014-04-25T00:00:00,0.0,25.0,6.1
2014-04-26T00:00:00,0.0,30.6,8.3
2014-04-27T00:00:00,0.0,28.3,14.4
2014-04-28T00:00:00,0.0,23.9,8.3
2014-04-29T00:00:00,0.0,25.6,5.6
2014-04-30T00:00:00,0.0,20.0,6.7
2014-05-01T00:00:00,0.0,16.7,3.3
2014-05-02T00:00:00,0.0,17.2,7.2
2014-05-03T00:00:00,0.0,25.0,5.6
2014-05-04T00:00:00,0.0,30.0,12.8
2014-05-05T00:00:00,0.0,32.8,14.4
2014-05-06T00:00:00,0.0,32.8,16.1
2014-05-07T00:00:00,0.0,29.4,12.2
2014-05-08T00:00:00,0.0,28.3,15.0
2014-05-09T00:00:00,0.0,23.9,5.6
2014-05-10T00:00:00,0.0,27.8,9.4
2014-05-11T00:00:00,0.0,31.1,11.7
2014-05-12T00:00:00,0.0,31.1,15.6
2014-05-13T00:00:00,0.0,22.2,6.7
2014-05-14T00:00:00,0.0,15.6,5.0
2014-05-15T00:00:00,0.0,19.4,2.2
2014-05-16T00:00:00,0.0,26.1,6.1
2014-05-17T00:00:00,0.0,31.7,13.3
2014-05-18T00:00:00,0.0,29.4,13.9
2014-05-19T00:00:00,0.0,34.4,8.3
2014-05-20T00:00:00,0.0,32.2,13.3
2014-05-21T00:00:00,0.0,33.3,13.9
2014-05-22T00:00:00,0.0,32.8,13.3
2014-05-23T00:00:00,3.8,27.8,13.3
2014-05-24T00:00:00,3.3,25.0,13.9
2014-05-25T00:00:00,1.3,23.9,12.2
2014-05-26T00:00:00,0.0,27.8,10.0
2014-05-27T00:00:00,0.0,26.1,13.3
2014-05-28T00:00:00,0.0,32.2,11.1
2014-05-29T00:00:00,0.0,31.1,11.1
2014-05-30T00:00:00,10.9,31.1,13.9
2014-05-31T00:00:00,0.0,32.2,14.4
2014-06-01T00:00:00,0.0,36.1,15.6
2014-06-02T00:00:00,0.0,38.3,15.6
2014-06-03T00:00:00,0.0,36.7,20.0
2014-06-04T00:00:00,0.0,38.3,16.7
2014-06-05T00:00:00,0.0,41.1,15.6
2014-06-06T00:00:00,0.0,39.4,17.8
2014-06-07T00:00:00,0.0,37.8,18.3
2014-06-08T00:00:00,0.0,33.3,15.0
2014-06-09T00:00:00,0.0,27.8,17.8
2014-06-10T00:00:00,0.0,26.7,15.0
2014-06-11T00:00:00,0.0,32.2,10.6
2014-06-12T00:00:00,0.0,38.9,16.7
2014-06-13T00:00:00,0.0,30.6,20.6
2014-06-14T00:00:00,3.8,27.2,17.2
2014-06-15T00:00:00,0.0,36.1,14.4
2014-06-16T00:00:00,0.0,36.7,17.2
2014-06-17T00:00:00,0.0,36.7,21.7
2014-06-18T00:00:00,0.0,36.7,22.2
2014-06-19T00:00:00,0.0,36.1,20.6
2014-06-20T00:00:00,0.0,35.0,16.1
2014-06-21T00:00:00,0.0,30.0,17.2
2014-06-22T00:00:00,0.0,31.1,15.0
2014-06-23T00:00:00,0.0,36.7,16.1
2014-06-24T00:00:00,0.0,31.7,18.3
2014-06-25T00:00:00,0.0,32.8,19.4
2014-06-26T00:00:00,0.0,30.6,17.2
2014-06-27T00:00:00,0.0,38.3,16.1
2014-06-28T00:00:00,0.0,37.2,18.9
2014-06-29T00:00:00,0.0,38.3,21.7
2014-06-30T00:00:00,0.0,40.6,17.8
2014-07-01T00:00:00,0.0,40.0,16.7
2014-07-02T00:00:00,14.0,31.7,19.4
2014-07-03T00:00:00,0.0,27.8,16.7
2014-07-04T00:00:00,0.0,31.1,16.1
2014-07-05T00:00:00,0.0,32.8,16.7
2014-07-06T00:00:00,0.0,34.4,17.2
2014-07-07T00:00:00,0.8,28.9,19.4
2014-07-08T00:00:00,0.0,33.3,17.2
2014-07-09T00:00:00,0.0,34.4,18.3
2014-07-10T00:00:00,0.0,34.4,17.8
2014-07-11T00:00:00,0.0,33.9,17.8
2014-07-12T00:00:00,0.0,32.2,17.2
2014-07-13T00:00:00,0.0,31.7,17.8
2014-07-14T00:00:00,0.0,33.3,17.8
2014-07-15T00:00:00,1.8,34.4,17.8
2014-07-16T00:00:00,1.3,30.0,17.8
2014-07-17T00:00:00,0.5,32.2,17.8
2014-07-18T00:00:00,0.3,31.1,18.9
2014-07-19T00:00:00,0.0,32.2,18.3
2014-07-20T00:00:00,2.3,36.7,20.0
2014-07-21T00:00:00,0.0,36.7,19.4
2014-07-22T00:00:00,2.0,37.8,21.7
2014-07-23T00:00:00,0.0,35.6,21.7
2014-07-24T00:00:00,0.0,34.4,19.4
2014-07-25T00:00:00,0.0,35.6,19.4
2014-07-26T00:00:00,0.0,37.2,20.0
2014-07-27T00:00:00,0.0,37.8,18.9
2014-07-28T00:00:00,0.0,36.1,18.3
2014-07-29T00:00:00,0.0,32.2,20.6
2014-07-30T00:00:00,0.5,31.7,19.4
2014-07-31T00:00:00,10.4,35.6,19.4
2014-08-01T00:00:00,0.0,23.9,16.1
2014-08-02T00:00:00,0.3,23.9,17.8
2014-08-03T00:00:00,0.0,23.9,18.3
2014-08-04T00:00:00,0.0,28.9,18.9
2014-08-05T00:00:00,0.0,31.7,16.7
2014-08-06T00:00:00,0.0,33.3,17.8
2014-08-07T00:00:00,2.8,35.0,18.3
2014-08-08T00:00:00,2.8,33.9,18.9
2014-08-09T00:00:00,0.0,28.9,19.4
2014-08-10T00:00:00,,31.1,20.6
2014-08-11T00:00:00,,28.9,19.4
2014-08-12T00:00:00,2.0,28.3,17.2
2014-08-13T00:00:00,0.5,28.3,18.3
2014-08-14T00:00:00,0.0,31.7,17.8
2014-08-15T00:00:00,2.5,31.7,20.6
2014-08-16T00:00:00,5.6,32.8,17.8
2014-08-17T00:00:00,0.0,32.2,18.3
2014-08-18T00:00:00,0.0,32.2,17.8
2014-08-19T00:00:00,0.0,32.8,18.9
2014-08-20T00:00:00,0.0,34.4,18.9
2014-08-21T00:00:00,0.0,33.3,21.1
2014-08-22T00:00:00,0.0,35.0,18.9
2014-08-23T00:00:00,0.0,32.2,21.7
2014-08-24T00:00:00,0.0,33.3,17.2
2014-08-25T00:00:00,0.0,35.0,18.3
2014-08-26T00:00:00,3.6,33.3,20.6
2014-08-27T00:00:00,4.1,31.1,17.8
2014-08-28T00:00:00,0.0,28.9,17.8
2014-08-29T00:00:00,0.0,32.8,17.2
2014-08-30T00:00:00,0.0,32.2,18.3
2014-08-31T00:00:00,0.0,33.9,17.8
2014-09-01T00:00:00,0.0,36.7,17.2
2014-09-02T00:00:00,0.0,36.7,18.9
2014-09-03T00:00:00,0.0,36.7,18.9
2014-09-04T00:00:00,8.1,35.6,
2014-09-05T00:00:00,5.6,31.1,
2014-09-06T00:00:00,0.0,25.6,16.7
2014-09-07T00:00:00,0.0,23.3,13.3
2014-09-08T00:00:00,0.0,21.7,15.0
2014-09-09T00:00:00,0.0,29.4,16.1
2014-09-10T00:00:00,0.0,32.2,18.3
2014-09-11T00:00:00,0.0,31.7,17.8
2014-09-12T00:00:00,1.5,24.4,18.9
2014-09-13T00:00:00,0.0,18.9,8.3
2014-09-14T00:00:00,0.0,16.7,7.8
2014-09-15T00:00:00,26.9,16.7,11.1
2014-09-16T00:00:00,0.0,23.3,14.4
2014-09-17T00:00:00,3.3,21.1,17.2
2014-09-18T00:00:00,13.2,22.2,17.8
2014-09-19T00:00:00,28.7,22.8,16.7
2014-09-20T00:00:00,13.2,21.7,17.2
2014-09-21T00:00:00,0.0,26.7,18.3
2014-09-22T00:00:00,0.0,22.2,17.8
2014-09-23T00:00:00,41.4,22.2,17.2
2014-09-24T00:00:00,5.6,24.4,16.1
2014-09-25T00:00:00,0.0,26.7,15.0
2014-09-26T00:00:00,0.0,22.8,12.2
2014-09-27T00:00:00,0.0,23.9,12.2
2014-09-28T00:00:00,0.0,21.7,10.6
2014-09-29T00:00:00,0.0,22.8,13.3
2014-09-30T00:00:00,0.0,25.6,12.2
2014-10-01T00:00:00,0.0,27.8,13.3
2014-10-02T00:00:00,0.0,27.8,10.0
2014-10-03T00:00:00,0.0,25.0,11.1
2014-10-04T00:00:00,0.0,22.8,7.8
2014-10-05T00:00:00,0.0,26.1,6.1
2014-10-06T00:00:00,0.0,28.3,11.1
2014-10-07T00:00:00,0.0,28.9,11.7
2014-10-08T00:00:00,0.0,30.0,14.4
2014-10-09T00:00:00,0.0,28.9,12.2
2014-10-10T00:00:00,0.0,27.8,12.8
2014-10-11T00:00:00,0.5,21.7,11.1
2014-10-12T00:00:00,0.0,18.9,5.6
2014-10-13T00:00:00,0.0,26.7,8.3
2014-10-14T00:00:00,0.0,19.4,6.1
2014-10-15T00:00:00,0.0,22.8,3.9
2014-10-16T00:00:00,0.0,27.2,6.7
2014-10-17T00:00:00,0.0,29.4,9.4
2014-10-18T00:00:00,6.1,26.1,11.7
2014-10-19T00:00:00,0.0,16.7,11.1
2014-10-20T00:00:00,0.0,20.6,10.6
2014-10-21T00:00:00,32.0,18.9,11.7
2014-10-22T00:00:00,1.0,18.9,12.8
2014-10-23T00:00:00,0.0,21.7,10.6
2014-10-24T00:00:00,0.0,26.7,11.7
2014-10-25T00:00:00,0.0,24.4,11.1
2014-10-26T00:00:00,0.0,28.9,12.2
2014-10-27T00:00:00,0.0,28.3,11.7
2014-10-28T00:00:00,0.0,27.8,12.8
2014-10-29T00:00:00,0.0,17.8,4.4
2014-10-30T00:00:00,0.0,21.1,5.0
2014-10-31T00:00:00,0.0,23.3,7.2
2014-11-01T00:00:00,0.0,18.3,4.4
2014-11-02T00:00:00,0.0,17.2,5.0
2014-11-03T00:00:00,0.0,23.3,8.3
2014-11-04T00:00:00,24.1,20.0,11.1
2014-11-05T00:00:00,1.5,12.2,4.4
2014-11-06T00:00:00,0.0,14.4,5.0
2014-11-07T00:00:00,0.0,16.1,4.4
2014-11-08T00:00:00,0.0,21.1,3.3
2014-11-09T00:00:00,0.0,16.7,5.6
2014-11-10T00:00:00,0.0,22.8,5.6
2014-11-11T00:00:00,0.0,24.4,11.1
2014-11-12T00:00:00,0.0,15.6,-2.2
2014-11-13T00:00:00,0.0,-0.6,-4.4
2014-11-14T00:00:00,0.0,-1.7,-7.8
2014-11-15T00:00:00,0.0,7.2,-6.7
2014-11-16T00:00:00,0.0,21.1,0.6
2014-11-17T00:00:00,1.3,10.6,-8.3
2014-11-18T00:00:00,0.0,6.7,-10.0
2014-11-19T00:00:00,0.0,11.7,-7.2
2014-11-20T00:00:00,0.0,16.1,2.2
2014-11-21T00:00:00,0.0,21.1,5.0
2014-11-22T00:00:00,0.0,18.3,2.2
2014-11-23T00:00:00,0.0,20.6,6.7
2014-11-24T00:00:00,0.0,17.2,0.0
2014-11-25T00:00:00,0.0,14.4,-2.2
2014-11-26T00:00:00,0.0,15.6,-3.3
2014-11-27T00:00:00,0.0,18.3,1.7
2014-11-28T00:00:00,0.0,16.1,-2.2
2014-11-29T00:00:00,0.0,23.9,2.2
2014-11-30T00:00:00,0.0,25.0,8.9
2014-12-01T00:00:00,0.0,23.9,6.7
2014-12-02T00:00:00,0.0,12.2,-6.1
2014-12-03T00:00:00,0.0,11.7,-5.6
2014-12-04T00:00:00,0.0,22.2,5.6
2014-12-05T00:00:00,0.0,13.3,4.4
2014-12-06T00:00:00,0.0,20.0,6.1
2014-12-07T00:00:00,0.0,14.4,2.2
2014-12-08T00:00:00,0.3,15.6,3.9
2014-12-09T00:00:00,0.0,16.7,2.2
2014-12-10T00:00:00,0.0,11.7,2.2
2014-12-11T00:00:00,0.0,14.4,2.2
2014-12-12T00:00:00,0.0,14.4,1.7
2014-12-13T00:00:00,0.0,19.4,3.3
2014-12-14T00:00:00,0.0,20.0,5.0
2014-12-15T00:00:00,0.0,16.1,1.1
2014-12-16T00:00:00,0.0,13.9,-2.2
2014-12-17T00:00:00,0.0,8.3,-3.9
2014-12-18T00:00:00,0.0,15.0,-2.8
2014-12-19T00:00:00,0.0,12.8,0.0
2014-12-20T00:00:00,0.0,13.9,-0.6
2014-12-21T00:00:00,0.0,13.3,-3.3
2014-12-22T00:00:00,0.0,18.3,1.1
2014-12-23T00:00:00,1.5,19.4,3.9
2014-12-24T00:00:00,0.5,7.8,-5.0
2014-12-25T00:00:00,0.0,10.6,-6.7
2014-12-26T00:00:00,0.0,16.1,5.0
2014-12-27T00:00:00,0.0,11.1,2.8
2014-12-28T00:00:00,0.0,2.8,-5.0
2014-12-29T00:00:00,0.0,12.8,-5.0
2014-12-30T00:00:00,0.0,15.6,-2.8
2014-12-31T00:00:00,0.0,0.6,-10.6
2018-01-01T00:00:00,0.0,-1.1,-10.6
2018-01-02T00:00:00,0.0,,
2018-01-03T00:00:00,0.0,0.6,-12.8
2018-01-04T00:00:00,0.0,10.6,-3.9
2018-01-05T00:00:00,0.0,8.9,-2.8
2018-01-06T00:00:00,0.0,16.7,1.7
2018-01-07T00:00:00,0.0,20.0,7.2
2018-01-08T00:00:00,0.0,18.9,-1.7
2018-01-09T00:00:00,0.0,18.3,3.3
2018-01-10T00:00:00,0.0,23.3,7.2
2018-01-11T00:00:00,0.0,17.8,4.4
2018-01-12T00:00:00,0.0,9.4,-3.9
2018-01-13T00:00:00,0.0,16.7,-6.7
2018-01-14T00:00:00,0.0,10.6,-3.3
2018-01-15T00:00:00,0.0,15.6,-1.1
2018-01-16T00:00:00,0.0,15.0,-8.3
2018-01-17T00:00:00,0.0,1.1,
2018-01-18T00:00:00,0.0,5.0,-11.7
2018-01-19T00:00:00,0.0,12.2,-1.7
2018-01-20T00:00:00,0.0,20.0,8.3
2018-01-21T00:00:00,0.0,21.7,6.1
2018-01-22T00:00:00,0.0,10.6,-6.1
2018-01-23T00:00:00,0.0,8.9,-9.4
2018-01-24T00:00:00,0.0,9.4,-11.7
2018-01-25T00:00:00,0.0,10.6,-11.7
2018-01-26T00:00:00,0.0,14.4,-2.8
2018-01-27T00:00:00,0.0,18.9,-8.9
2018-01-28T00:00:00,0.0,8.3,-8.3
2018-01-29T00:00:00,0.0,15.6,-7.2
2018-01-30T00:00:00,0.0,11.7,-5.0
2018-01-31T00:00:00,0.0,20.0,
2018-02-01T00:00:00,0.0,23.9,-1.1
2018-02-02T00:00:00,0.0,10.0,-10.0
2018-02-03T00:00:00,0.0,10.6,-5.0
2018-02-04T00:00:00,0.0,23.3,-1.7
2018-02-05T00:00:00,0.0,22.8,-10.0
2018-02-06T00:00:00,0.0,25.0,
2018-02-07T00:00:00,0.0,12.8,-2.2
2018-02-08T00:00:00,0.0,10.0,-6.7
2018-02-09T00:00:00,0.0,19.4,
2018-02-10T00:00:00,0.0,23.3,-6.7
2018-02-11T00:00:00,0.0,7.8,-11.7
2018-02-12T00:00:00,0.0,3.9,-13.3
2018-02-13T00:00:00,0.0,6.7,-10.6
2018-02-14T00:00:00,0.0,16.7,
2018-02-15T00:00:00,0.0,23.9,
2018-02-16T00:00:00,0.0,20.0,2.8
2018-02-17T00:00:00,9.7,6.1,1.1
2018-02-18T00:00:00,0.0,13.9,1.7
2018-02-19T00:00:00,0.0,20.6,7.8
2018-02-20T00:00:00,0.0,18.3,6.7
2018-02-21T00:00:00,0.0,15.6,-8.9
2018-02-22T00:00:00,0.0,2.8,-12.2
2018-02-23T00:00:00,0.0,13.3,-10.6
2018-02-24T00:00:00,0.0,17.8,-1.7
2018-02-25T00:00:00,0.0,11.1,-3.3
2018-02-26T00:00:00,0.0,13.3,-11.1
2018-02-27T00:00:00,0.0,16.1,
2018-02-28T00:00:00,0.0,18.3,3.3
2018-03-01T00:00:00,0.0,14.4,-2.8
2018-03-02T00:00:00,0.0,12.2,-6.1
2018-03-03T00:00:00,0.0,21.7,-0.6
2018-03-04T00:00:00,0.0,24.4,-0.6
2018-03-05T00:00:00,0.0,22.2,-4.4
2018-03-06T00:00:00,0.0,12.2,-4.4
2018-03-07T00:00:00,0.0,11.1,-10.0
2018-03-08T00:00:00,0.0,13.3,0.0
2018-03-09T00:00:00,0.0,20.6,
2018-03-10T00:00:00,0.0,22.8,4.4
2018-03-11T00:00:00,0.0,25.6,4.4
2018-03-12T00:00:00,0.0,10.0,1.7
2018-03-13T00:00:00,0.0,13.3,-4.4
2018-03-14T00:00:00,0.0,14.4,
2018-03-15T00:00:00,0.0,19.4,
2018-03-16T00:00:00,0.0,23.3,0.0
2018-03-17T00:00:00,0.0,21.7,
2018-03-18T00:00:00,0.0,21.7,7.8
2018-03-19T00:00:00,0.0,18.9,-2.8
2018-03-20T00:00:00,0.0,16.7,-6.1
2018-03-21T00:00:00,0.0,18.3,0.6
2018-03-22T00:00:00,0.0,23.9,6.1
2018-03-23T00:00:00,0.0,31.7,11.1
2018-03-24T00:00:00,0.0,30.0,6.1
2018-03-25T00:00:00,0.0,27.8,7.2
2018-03-26T00:00:00,0.0,25.6,13.3
2018-03-27T00:00:00,0.0,17.8,5.0
2018-03-28T00:00:00,0.0,15.0,-6.1
2018-03-29T00:00:00,0.0,17.2,1.7
2018-03-30T00:00:00,0.0,17.8,0.0
2018-03-31T00:00:00,0.0,23.3,3.3
2018-04-01T00:00:00,0.0,27.8,7.8
2018-04-02T00:00:00,0.0,30.6,3.3
2018-04-03T00:00:00,0.0,28.3,
2018-04-04T00:00:00,0.0,26.7,-0.6
2018-04-05T00:00:00,0.0,19.4,
2018-04-06T00:00:00,0.0,28.9,9.4
2018-04-07T00:00:00,0.0,30.6,-5.0
2018-04-08T00:00:00,0.0,11.7,-0.6
2018-04-09T00:00:00,0.0,34.4,5.0
2018-04-10T00:00:00,0.0,25.6,2.2
2018-04-11T00:00:00,0.0,23.3,5.0
2018-04-12T00:00:00,0.0,34.4,12.2
2018-04-13T00:00:00,0.0,32.2,11.1
2018-04-14T00:00:00,0.0,15.0,-2.8
2018-04-15T00:00:00,0.0,16.1,-1.1
2018-04-16T00:00:00,0.0,21.1,1.1
2018-04-17T00:00:00,0.0,31.1,11.1
2018-04-18T00:00:00,0.0,30.6,3.3
2018-04-19T00:00:00,0.0,19.4,
2018-04-20T00:00:00,0.0,21.1,7.8
2018-04-21T00:00:00,0.0,27.8,2.2
2018-04-22T00:00:00,0.0,22.2,1.1
2018-04-23T00:00:00,0.0,19.4,2.2
2018-04-24T00:00:00,0.0,28.3,8.3
2018-04-25T00:00:00,0.3,33.3,1.7
2018-04-26T00:00:00,0.0,15.0,2.2
2018-04-27T00:00:00,0.0,30.6,3.3
2018-04-28T00:00:00,0.0,21.7,5.0
2018-04-29T00:00:00,0.0,28.9,8.9
2018-04-30T00:00:00,0.0,32.2,7.2
2018-05-01T00:00:00,0.0,30.0,10.6
2018-05-02T00:00:00,0.0,26.7,11.7
2018-05-03T00:00:00,0.0,27.8,6.7
2018-05-04T00:00:00,0.0,25.6,7.2
2018-05-05T00:00:00,0.0,23.9,7.2
2018-05-06T00:00:00,0.0,27.8,8.3
2018-05-07T00:00:00,0.0,31.7,9.4
2018-05-08T00:00:00,0.0,35.0,13.9
2018-05-09T00:00:00,0.0,35.0,13.3
2018-05-10T00:00:00,0.0,35.6,12.2
2018-05-11T00:00:00,0.0,37.8,14.4
2018-05-12T00:00:00,0.0,35.0,15.6
2018-05-13T00:00:00,0.0,35.0,15.6
2018-05-14T00:00:00,0.0,33.3,12.8
2018-05-15T00:00:00,0.0,34.4,13.3
2018-05-16T00:00:00,0.0,35.0,11.1
2018-05-17T00:00:00,0.0,34.4,11.7
2018-05-18T00:00:00,0.0,36.1,10.6
2018-05-19T00:00:00,0.0,35.0,12.2
2018-05-20T00:00:00,0.0,32.8,13.9
2018-05-21T00:00:00,0.0,26.1,13.3
2018-05-22T00:00:00,7.6,27.8,11.7
2018-05-23T00:00:00,0.0,28.3,
2018-05-24T00:00:00,0.3,30.0,8.9
2018-05-25T00:00:00,0.0,33.3,12.8
2018-05-26T00:00:00,0.0,36.7,12.8
2018-05-27T00:00:00,0.0,36.7,18.3
2018-05-28T00:00:00,0.0,36.1,16.7
2018-05-29T00:00:00,0.0,35.6,
2018-05-30T00:00:00,0.0,36.7,18.3
2018-05-31T00:00:00,0.0,36.7,17.2
2018-06-01T00:00:00,0.0,38.3,16.7
2018-06-02T00:00:00,0.0,38.9,18.3
2018-06-03T00:00:00,2.0,35.0,18.3
2018-06-04T00:00:00,0.0,31.7,11.1
2018-06-05T00:00:00,0.0,32.8,16.1
2018-06-06T00:00:00,0.0,38.9,23.3
2018-06-07T00:00:00,0.0,37.8,21.7
2018-06-08T00:00:00,0.0,37.8,16.7
2018-06-09T00:00:00,0.0,35.0,17.2
2018-06-10T00:00:00,0.0,35.0,17.2
2018-06-11T00:00:00,0.0,37.2,18.3
2018-06-12T00:00:00,0.0,38.9,17.2
2018-06-13T00:00:00,0.0,38.9,18.9
2018-06-14T00:00:00,0.0,34.4,15.6
2018-06-15T00:00:00,0.0,35.0,15.6
2018-06-16T00:00:00,0.0,35.0,21.1
2018-06-17T00:00:00,0.0,31.1,16.7
2018-06-18T00:00:00,0.0,33.9,13.3
2018-06-19T00:00:00,0.0,35.0,15.6
2018-06-20T00:00:00,0.0,36.1,15.6
2018-06-21T00:00:00,0.0,32.8,16.7
2018-06-22T00:00:00,0.0,35.0,18.9
2018-06-23T00:00:00,0.0,40.0,20.6
2018-06-24T00:00:00,0.0,37.8,17.8
2018-06-25T00:00:00,0.0,38.3,16.7
2018-06-26T00:00:00,0.0,32.2,17.8
2018-06-27T00:00:00,0.0,37.8,15.6
2018-06-28T00:00:00,0.0,38.3,17.2
2018-06-29T00:00:00,0.0,37.8,17.8
2018-06-30T00:00:00,1.0,34.4,18.3
2018-07-01T00:00:00,0.0,35.0,20.0
2018-07-02T00:00:00,0.0,35.0,17.2
2018-07-03T00:00:00,0.0,35.0,17.8
2018-07-04T00:00:00,0.0,36.7,21.7
2018-07-05T00:00:00,0.0,37.2,18.9
2018-07-06T00:00:00,0.0,33.9,15.6
2018-07-07T00:00:00,0.0,31.7,17.2
2018-07-08T00:00:00,0.0,30.6,16.7
2018-07-09T00:00:00,2.8,30.6,16.1
2018-07-10T00:00:00,0.0,30.0,16.1
2018-07-11T00:00:00,0.0,31.1,17.2
2018-07-12T00:00:00,0.0,31.1,21.1
2018-07-13T00:00:00,0.0,34.4,17.8
2018-07-14T00:00:00,0.0,35.0,18.3
2018-07-15T00:00:00,0.0,34.4,18.9
2018-07-16T00:00:00,0.0,34.4,16.1
2018-07-17T00:00:00,0.0,34.4,17.2
2018-07-18T00:00:00,0.0,35.0,19.4
2018-07-19T00:00:00,0.0,37.8,22.8
2018-07-20T00:00:00,0.0,39.4,21.1
2018-07-21T00:00:00,0.0,38.3,17.2
2018-07-22T00:00:00,0.0,37.8,17.8
2018-07-23T00:00:00,0.0,38.9,17.8
2018-07-24T00:00:00,0.0,37.2,18.9
2018-07-25T00:00:00,0.0,35.0,20.6
2018-07-26T00:00:00,0.0,36.1,23.3
2018-07-27T00:00:00,0.0,30.0,19.4
2018-07-28T00:00:00,9.1,31.1,16.1
2018-07-29T00:00:00,0.0,34.4,18.3
2018-07-30T00:00:00,0.0,36.7,19.4
2018-07-31T00:00:00,2.8,34.4,15.0
2018-08-01T00:00:00,0.0,28.3,
2018-08-02T00:00:00,0.0,35.0,19.4
2018-08-03T00:00:00,0.0,35.6,22.2
2018-08-04T00:00:00,11.4,36.7,17.2
2018-08-05T00:00:00,0.0,35.0,16.1
2018-08-06T00:00:00,0.0,34.4,14.4
2018-08-07T00:00:00,0.0,33.3,16.1
2018-08-08T00:00:00,0.0,35.0,17.8
2018-08-09T00:00:00,0.0,34.4,17.2
2018-08-10T00:00:00,0.0,30.6,13.9
2018-08-11T00:00:00,12.2,25.6,14.4
2018-08-12T00:00:00,6.4,28.9,13.9
2018-08-13T00:00:00,0.0,28.9,13.3
2018-08-14T00:00:00,0.0,33.9,15.0
2018-08-15T00:00:00,0.0,35.0,18.3
2018-08-16T00:00:00,0.0,35.0,17.2
2018-08-17T00:00:00,0.0,35.0,18.3
2018-08-18T00:00:00,0.0,35.0,18.3
2018-08-19T00:00:00,0.5,32.2,17.2
2018-08-20T00:00:00,0.0,34.4,15.0
2018-08-21T00:00:00,0.0,29.4,16.1
2018-08-22T00:00:00,0.0,35.0,18.3
2018-08-23T00:00:00,0.0,34.4,17.2
2018-08-24T00:00:00,0.0,35.0,17.8
2018-08-25T00:00:00,0.0,35.0,19.4
2018-08-26T00:00:00,0.0,34.4,16.1
2018-08-27T00:00:00,0.0,36.1,16.7
2018-08-28T00:00:00,0.0,36.7,20.0
2018-08-29T00:00:00,0.0,,
2018-08-30T00:00:00,0.0,35.6,19.4
2018-08-31T00:00:00,0.0,36.1,18.9
2018-09-01T00:00:00,4.3,35.6,20.0
2018-09-02T00:00:00,5.3,35.6,18.9
2018-09-03T00:00:00,13.2,,
2018-09-04T00:00:00,31.2,,
2018-09-05T00:00:00,5.3,,
2018-09-06T00:00:00,2.8,,
2018-09-07T00:00:00,6.4,,
2018-09-08T00:00:00,0.0,,
2018-09-09T00:00:00,0.0,,
2018-09-10T00:00:00,0.0,,
2018-09-11T00:00:00,0.0,,
2018-09-12T00:00:00,0.0,31.1,15.6
2018-09-13T00:00:00,0.0,30.0,15.0
2018-09-14T00:00:00,0.0,28.9,15.0
2018-09-15T00:00:00,0.0,27.2,15.6
2018-09-16T00:00:00,0.0,26.7,15.6
2018-09-17T00:00:00,0.0,31.1,17.8
2018-09-18T00:00:00,0.0,30.6,16.7
2018-09-19T00:00:00,0.0,30.6,15.0
2018-09-20T00:00:00,29.0,24.4,13.3
2018-09-21T00:00:00,8.1,24.4,11.1
2018-09-22T00:00:00,0.0,24.4,11.7
2018-09-23T00:00:00,0.0,27.8,16.1
2018-09-24T00:00:00,0.0,30.0,12.2
2018-09-25T00:00:00,0.0,31.7,10.6
2018-09-26T00:00:00,1.0,28.3,15.0
2018-09-27T00:00:00,4.3,21.1,13.3
2018-09-28T00:00:00,0.0,26.1,12.8
2018-09-29T00:00:00,0.0,31.7,13.3
2018-09-30T00:00:00,0.0,27.2,12.8
2018-10-01T00:00:00,1.0,30.0,15.0
2018-10-02T00:00:00,4.3,28.9,17.8
2018-10-03T00:00:00,0.0,28.9,16.7
2018-10-04T00:00:00,0.0,31.7,17.2
2018-10-05T00:00:00,0.0,31.7,14.4
2018-10-06T00:00:00,0.0,31.7,13.9
2018-10-07T00:00:00,0.0,26.1,14.4
2018-10-08T00:00:00,1.0,28.9,11.1
2018-10-09T00:00:00,0.0,21.7,9.4
2018-10-10T00:00:00,0.0,21.7,5.6
2018-10-11T00:00:00,0.0,22.8,7.8
2018-10-12T00:00:00,1.0,18.3,15.0
2018-10-13T00:00:00,6.6,19.4,13.3
2018-10-14T00:00:00,0.0,25.0,12.2
2018-10-15T00:00:00,0.3,23.3,1.1
2018-10-16T00:00:00,1.0,5.6,2.8
2018-10-17T00:00:00,5.8,6.1,5.0
2018-10-18T00:00:00,3.8,9.4,3.9
2018-10-19T00:00:00,0.0,13.9,5.0
2018-10-20T00:00:00,0.0,30.0,12.2
2018-10-21T00:00:00,0.0,19.4,13.9
2018-10-22T00:00:00,0.0,17.8,7.2
2018-10-23T00:00:00,33.3,21.1,10.6
2018-10-24T00:00:00,0.5,17.2,7.8
2018-10-25T00:00:00,0.0,18.9,7.2
2018-10-26T00:00:00,0.0,22.2,8.3
2018-10-27T00:00:00,0.0,22.2,8.3
2018-10-28T00:00:00,0.0,23.9,10.6
2018-10-29T00:00:00,0.0,24.4,8.3
2018-10-30T00:00:00,0.0,27.8,13.9
2018-10-31T00:00:00,0.0,20.0,6.7
2018-11-01T00:00:00,6.6,16.7,3.9
2018-11-02T00:00:00,0.0,21.1,10.6
2018-11-03T00:00:00,0.0,22.2,3.3
2018-11-04T00:00:00,0.0,20.6,12.2
2018-11-05T00:00:00,0.0,25.0,8.9
2018-11-06T00:00:00,0.0,24.4,6.1
2018-11-07T00:00:00,0.0,13.3,6.1
2018-11-08T00:00:00,1.5,11.1,3.3
2018-11-09T00:00:00,0.0,6.1,-2.8
2018-11-10T00:00:00,0.0,16.7,5.6
2018-11-11T00:00:00,0.0,16.1,-1.7
2018-11-12T00:00:00,0.3,4.4,-7.8
2018-11-13T00:00:00,0.0,9.4,-2.2
2018-11-14T00:00:00,0.0,15.6,2.2
2018-11-15T00:00:00,0.0,18.9,2.8
2018-11-16T00:00:00,0.0,18.9,5.0
2018-11-17T00:00:00,0.0,13.3,-1.1
2018-11-18T00:00:00,0.0,12.8,-3.9
2018-11-19T00:00:00,0.0,15.6,-2.2
2018-11-20T00:00:00,0.0,12.2,-1.7
2018-11-21T00:00:00,0.0,12.8,2.2
2018-11-22T00:00:00,0.0,17.8,3.9
2018-11-23T00:00:00,0.0,19.4,5.6
2018-11-24T00:00:00,0.0,20.0,5.6
2018-11-25T00:00:00,0.0,13.9,-5.0
2018-11-26T00:00:00,0.0,15.0,-1.7
2018-11-27T00:00:00,0.0,19.4,5.6
2018-11-28T00:00:00,0.0,22.8,8.9
2018-11-29T00:00:00,0.0,23.9,7.2
2018-11-30T00:00:00,0.0,16.7,4.4
2018-12-01T00:00:00,0.0,16.7,4.4
2018-12-02T00:00:00,0.0,16.7,3.9
2018-12-03T00:00:00,0.0,11.7,-5.0
2018-12-04T00:00:00,0.0,9.4,-5.0
2018-12-05T00:00:00,0.0,10.6,2.8
2018-12-06T00:00:00,1.8,6.7,0.6
2018-12-07T00:00:00,6.6,3.9,0.0
2018-12-08T00:00:00,5.1,6.7,-3.3
2018-12-09T00:00:00,0.8,6.1,-5.0
2018-12-10T00:00:00,4.1,10.0,0.6
2018-12-11T00:00:00,0.0,15.0,3.3
2018-12-12T00:00:00,0.0,18.3,0.6
2018-12-13T00:00:00,0.0,8.9,-5.0
2018-12-14T00:00:00,0.0,13.3,-2.2
2018-12-15T00:00:00,0.0,18.3,3.3
2018-12-16T00:00:00,0.0,15.6,3.9
2018-12-17T00:00:00,0.0,13.3,4.4
2018-12-18T00:00:00,0.0,16.1,2.2
2018-12-19T00:00:00,0.0,18.9,-0.6
2018-12-20T00:00:00,0.0,12.8,-0.6
2018-12-21T00:00:00,0.0,20.6,7.8
2018-12-22T00:00:00,0.0,21.7,-3.3
2018-12-23T00:00:00,0.0,13.9,-2.2
2018-12-24T00:00:00,0.0,16.7,1.1
2018-12-25T00:00:00,0.0,12.8,5.6
2018-12-26T00:00:00,0.3,11.7,2.8
2018-12-27T00:00:00,0.0,11.7,-4.4
2018-12-28T00:00:00,0.5,-2.8,-8.3
2018-12-29T00:00:00,3.8,-0.6,-9.4
2018-12-30T00:00:00,0.0,6.7,-1.7
2018-12-31T00:00:00,0.0,11.7,-6.7
2021-01-01T00:00:00,0.0,9.4,-4.4
2021-01-02T00:00:00,0.0,13.3,1.7
2021-01-03T00:00:00,0.0,16.7,1.1
2021-01-04T00:00:00,0.0,15.0,-1.7
2021-01-05T00:00:00,0.0,18.9,-1.1
2021-01-06T00:00:00,0.0,11.1,-4.4
2021-01-07T00:00:00,0.0,12.2,-5.0
2021-01-08T00:00:00,0.0,7.8,-7.2
2021-01-09T00:00:00,0.0,-0.6,-2.2
2021-01-10T00:00:00,2.0,0.0,-9.4
2021-01-11T00:00:00,0.0,6.1,-6.7
2021-01-12T00:00:00,0.0,11.7,0.6
2021-01-13T00:00:00,0.0,17.8,7.2
2021-01-14T00:00:00,0.0,11.1,-6.7
2021-01-15T00:00:00,0.0,8.9,-7.2
2021-01-16T00:00:00,0.0,17.8,-2.8
2021-01-17T00:00:00,0.0,16.7,0.6
2021-01-18T00:00:00,0.0,18.9,-0.6
2021-01-19T00:00:00,0.0,5.6,0.0
2021-01-20T00:00:00,0.0,16.7,4.4
2021-01-21T00:00:00,0.0,18.3,3.3
2021-01-22T00:00:00,0.0,17.8,-0.6
2021-01-23T00:00:00,0.0,18.3,-0.6
2021-01-24T00:00:00,0.0,19.4,1.7
2021-01-25T00:00:00,0.0,11.1,-1.7
2021-01-26T00:00:00,0.0,8.9,-5.0
2021-01-27T00:00:00,0.0,11.7,-3.9
2021-01-28T00:00:00,0.0,10.6,-1.1
2021-01-29T00:00:00,1.0,18.9,4.4
2021-01-30T00:00:00,0.0,17.8,-1.7
2021-01-31T00:00:00,0.0,12.8,-1.7
2021-02-01T00:00:00,0.0,17.8,5.6
2021-02-02T00:00:00,0.0,24.4,8.9
2021-02-03T00:00:00,0.0,25.0,8.9
2021-02-04T00:00:00,0.0,17.8,-1.1
2021-02-05T00:00:00,0.0,16.1,1.7
2021-02-06T00:00:00,0.0,17.8,5.0
2021-02-07T00:00:00,0.0,22.2,5.0
2021-02-08T00:00:00,0.0,24.4,6.7
2021-02-09T00:00:00,0.0,22.8,5.0
2021-02-10T00:00:00,0.0,21.1,-1.1
2021-02-11T00:00:00,0.0,11.7,-4.4
2021-02-12T00:00:00,0.0,-3.9,-7.2
2021-02-13T00:00:00,0.0,-6.1,-15.0
2021-02-14T00:00:00,0.0,-13.9,-13.9
2021-02-15T00:00:00,0.3,-8.9,-16.1
2021-02-16T00:00:00,2.0,9.4,-10.0
2021-02-17T00:00:00,0.0,6.7,-8.9
2021-02-18T00:00:00,3.6,4.4,-8.3
2021-02-19T00:00:00,0.0,13.9,2.2
2021-02-20T00:00:00,0.0,21.1,3.3
2021-02-21T00:00:00,0.0,15.0,-1.1
2021-02-22T00:00:00,0.0,21.7,3.9
2021-02-23T00:00:00,0.0,23.3,2.8
2021-02-24T00:00:00,0.0,15.0,-1.7
2021-02-25T00:00:00,0.0,10.6,-4.4
2021-02-26T00:00:00,0.0,18.3,1.7
2021-02-27T00:00:00,0.0,21.7,1.7
2021-02-28T00:00:00,0.0,13.3,0.0
2021-03-01T00:00:00,0.0,10.6,-3.3
2021-03-02T00:00:00,0.0,16.1,-2.2
2021-03-03T00:00:00,0.0,24.4,6.7
2021-03-04T00:00:00,0.0,21.1,5.6
2021-03-05T00:00:00,0.0,16.7,0.6
2021-03-06T00:00:00,0.0,15.0,0.0
2021-03-07T00:00:00,0.0,20.6,2.2
2021-03-08T00:00:00,0.0,24.4,10.6
2021-03-09T00:00:00,0.0,26.7,11.1
2021-03-10T00:00:00,0.0,23.3,3.3
2021-03-11T00:00:00,0.0,24.4,10.6
2021-03-12T00:00:00,0.0,26.7,13.9
2021-03-13T00:00:00,0.0,17.8,3.3
2021-03-14T00:00:00,0.0,16.1,3.9
2021-03-15T00:00:00,0.0,21.7,6.7
2021-03-16T00:00:00,0.0,23.9,4.4
2021-03-17T00:00:00,0.0,16.7,-1.1
2021-03-18T00:00:00,0.0,16.1,-2.2
2021-03-19T00:00:00,0.0,17.8,0.6
2021-03-20T00:00:00,0.0,26.1,5.6
2021-03-21T00:00:00,0.0,25.0,11.7
2021-03-22T00:00:00,5.8,17.8,0.6
2021-03-23T00:00:00,0.0,20.0,2.8
2021-03-24T00:00:00,0.0,11.1,-1.1
2021-03-25T00:00:00,0.0,17.2,3.3
2021-03-26T00:00:00,0.0,20.6,4.4
2021-03-27T00:00:00,0.0,18.3,3.3
2021-03-28T00:00:00,0.0,21.1,5.6
2021-03-29T00:00:00,0.0,26.7,13.3
2021-03-30T00:00:00,0.0,26.1,2.8
2021-03-31T00:00:00,0.0,15.6,1.7
2021-04-01T00:00:00,0.0,17.8,3.9
2021-04-02T00:00:00,0.0,23.9,8.3
2021-04-03T00:00:00,0.0,23.9,6.1
2021-04-04T00:00:00,0.0,23.9,8.3
2021-04-05T00:00:00,0.0,31.1,13.9
2021-04-06T00:00:00,0.0,29.4,5.6
2021-04-07T00:00:00,0.0,26.7,7.8
2021-04-08T00:00:00,0.0,30.0,14.4
2021-04-09T00:00:00,0.0,27.8,3.3
2021-04-10T00:00:00,0.0,26.1,9.4
2021-04-11T00:00:00,0.0,30.0,8.9
2021-04-12T00:00:00,0.0,20.0,4.4
2021-04-13T00:00:00,0.0,18.3,6.7
2021-04-14T00:00:00,0.0,21.1,8.3
2021-04-15T00:00:00,0.5,15.6,5.0
2021-04-16T00:00:00,3.0,19.4,3.9
2021-04-17T00:00:00,0.0,11.1,4.4
2021-04-18T00:00:00,0.0,13.9,3.3
2021-04-19T00:00:00,0.0,21.1,1.1
2021-04-20T00:00:00,0.0,12.8,0.6
2021-04-21T00:00:00,0.0,14.4,0.6
2021-04-22T00:00:00,0.0,24.4,10.0
2021-04-23T00:00:00,0.0,23.9,5.6
2021-04-24T00:00:00,0.0,27.2,9.4
2021-04-25T00:00:00,0.0,31.1,11.7
2021-04-26T00:00:00,0.0,28.3,17.2
2021-04-27T00:00:00,0.0,25.6,12.8
2021-04-28T00:00:00,0.0,16.1,8.9
2021-04-29T00:00:00,0.0,16.7,9.4
2021-04-30T00:00:00,0.0,19.4,8.9
2021-05-01T00:00:00,0.0,26.7,16.1
2021-05-02T00:00:00,0.0,31.1,13.9
2021-05-03T00:00:00,0.0,26.7,8.9
2021-05-04T00:00:00,0.0,22.8,10.0
2021-05-05T00:00:00,0.0,30.0,13.3
2021-05-06T00:00:00,0.0,27.8,13.9
2021-05-07T00:00:00,0.0,33.3,18.3
2021-05-08T00:00:00,0.0,31.1,15.6
2021-05-09T00:00:00,0.0,30.0,11.1
2021-05-10T00:00:00,0.0,28.3,12.2
2021-05-11T00:00:00,0.5,23.3,7.8
2021-05-12T00:00:00,0.0,17.8,8.9
2021-05-13T00:00:00,41.9,23.9,11.7
2021-05-14T00:00:00,0.0,27.8,13.3
2021-05-15T00:00:00,0.0,30.0,12.2
2021-05-16T00:00:00,0.0,26.7,12.8
2021-05-17T00:00:00,0.0,28.3,11.7
2021-05-18T00:00:00,0.0,26.1,14.4
2021-05-19T00:00:00,0.0,26.7,13.3
2021-05-20T00:00:00,0.0,33.3,15.0
2021-05-21T00:00:00,0.0,32.8,20.6
2021-05-22T00:00:00,4.6,27.8,16.1
2021-05-23T00:00:00,0.0,31.7,15.0
2021-05-24T00:00:00,0.0,32.2,13.3
2021-05-25T00:00:00,0.0,33.9,15.6
2021-05-26T00:00:00,0.0,33.3,16.7
2021-05-27T00:00:00,0.0,33.3,15.6
2021-05-28T00:00:00,0.0,31.7,13.9
2021-05-29T00:00:00,0.0,29.4,18.3
2021-05-30T00:00:00,5.8,27.8,15.6
2021-05-31T00:00:00,0.0,21.1,12.2
2021-06-01T00:00:00,0.0,24.4,12.8
2021-06-02T00:00:00,1.3,28.9,12.8
2021-06-03T00:00:00,0.0,27.8,15.0
2021-06-04T00:00:00,0.0,29.4,14.4
2021-06-05T00:00:00,0.0,34.4,18.3
2021-06-06T00:00:00,0.0,36.7,19.4
2021-06-07T00:00:00,0.0,36.7,18.9
2021-06-08T00:00:00,0.0,36.1,18.9
2021-06-09T00:00:00,0.0,39.4,20.0
2021-06-10T00:00:00,0.0,40.6,22.2
2021-06-11T00:00:00,0.0,41.1,22.2
2021-06-12T00:00:00,0.0,36.7,20.6
2021-06-13T00:00:00,0.0,36.7,18.9
2021-06-14T00:00:00,0.0,36.7,16.1
2021-06-15T00:00:00,0.0,33.9,18.3
2021-06-16T00:00:00,0.0,35.0,18.3
2021-06-17T00:00:00,0.0,35.0,17.2
2021-06-18T00:00:00,0.0,35.6,17.8
2021-06-19T00:00:00,0.0,36.1,18.3
2021-06-20T00:00:00,0.0,38.9,22.8
2021-06-21T00:00:00,0.0,28.3,17.8
2021-06-22T00:00:00,0.0,34.4,20.0
2021-06-23T00:00:00,0.0,40.0,20.6
2021-06-24T00:00:00,0.0,36.1,19.4
2021-06-25T00:00:00,0.0,38.9,22.8
2021-06-26T00:00:00,0.0,34.4,17.8
2021-06-27T00:00:00,23.4,25.6,15.6
2021-06-28T00:00:00,41.9,18.3,15.0
2021-06-29T00:00:00,51.1,22.8,17.2
2021-06-30T00:00:00,0.5,25.6,17.8
2021-07-01T00:00:00,0.0,27.2,20.0
2021-07-02T00:00:00,0.0,26.1,19.4
2021-07-03T00:00:00,0.0,27.8,18.3
2021-07-04T00:00:00,0.0,32.2,16.7
2021-07-05T00:00:00,8.6,30.0,20.0
2021-07-06T00:00:00,0.0,28.3,20.0
2021-07-07T00:00:00,3.0,28.3,17.8
2021-07-08T00:00:00,0.0,30.6,17.2
2021-07-09T00:00:00,0.0,31.7,17.2
2021-07-10T00:00:00,0.0,32.2,20.6
2021-07-11T00:00:00,5.8,28.9,18.9
2021-07-12T00:00:00,0.0,29.4,17.2
2021-07-13T00:00:00,0.0,30.0,16.7
2021-07-14T00:00:00,0.0,32.2,17.2
2021-07-15T00:00:00,0.0,31.7,20.0
2021-07-16T00:00:00,0.0,32.2,20.0
2021-07-17T00:00:00,0.0,33.3,18.9
2021-07-18T00:00:00,0.0,27.2,17.8
2021-07-19T00:00:00,0.0,30.0,19.4
2021-07-20T00:00:00,0.0,28.9,16.1
2021-07-21T00:00:00,0.0,28.9,15.6
2021-07-22T00:00:00,16.5,31.1,17.8
2021-07-23T00:00:00,0.0,27.8,17.8
2021-07-24T00:00:00,0.0,31.7,19.4
2021-07-25T00:00:00,0.0,30.0,17.8
2021-07-26T00:00:00,0.0,32.8,19.4
2021-07-27T00:00:00,0.0,32.8,18.3
2021-07-28T00:00:00,0.0,30.6,16.1
2021-07-29T00:00:00,0.0,30.0,17.2
2021-07-30T00:00:00,0.0,31.7,17.8
2021-07-31T00:00:00,0.0,31.7,20.6
2021-08-01T00:00:00,41.9,29.4,18.3
2021-08-02T00:00:00,0.0,25.0,16.7
2021-08-03T00:00:00,0.0,26.7,17.2
2021-08-04T00:00:00,0.0,27.8,16.1
2021-08-05T00:00:00,0.0,30.0,16.7
2021-08-06T00:00:00,0.0,32.8,16.7
2021-08-07T00:00:00,0.0,34.4,17.2
2021-08-08T00:00:00,0.0,34.4,17.2
2021-08-09T00:00:00,6.9,36.1,18.3
2021-08-10T00:00:00,2.8,33.3,21.1
2021-08-11T00:00:00,0.0,31.7,20.6
2021-08-12T00:00:00,43.7,29.4,17.8
2021-08-13T00:00:00,0.0,24.4,17.2
2021-08-14T00:00:00,0.0,22.8,18.3
2021-08-15T00:00:00,0.0,26.1,16.1
2021-08-16T00:00:00,0.5,27.2,16.7
2021-08-17T00:00:00,0.0,27.2,17.2
2021-08-18T00:00:00,0.0,30.6,18.3
2021-08-19T00:00:00,0.0,31.7,18.3
2021-08-20T00:00:00,0.0,32.2,17.2
2021-08-21T00:00:00,0.0,31.7,17.2
2021-08-22T00:00:00,0.8,29.4,17.8
2021-08-23T00:00:00,0.0,32.8,16.7
2021-08-24T00:00:00,0.0,33.3,16.7
2021-08-25T00:00:00,0.0,32.8,15.6
2021-08-26T00:00:00,0.0,30.0,15.6
2021-08-27T00:00:00,0.0,31.1,16.1
2021-08-28T00:00:00,0.0,31.7,15.6
2021-08-29T00:00:00,0.0,30.6,17.2
2021-08-30T00:00:00,0.0,29.4,16.7
2021-08-31T00:00:00,0.0,32.2,17.8
2021-09-01T00:00:00,0.0,32.2,19.4
2021-09-02T00:00:00,5.6,30.0,18.3
2021-09-03T00:00:00,0.0,31.7,18.9
2021-09-04T00:00:00,0.0,30.6,18.9
2021-09-05T00:00:00,0.0,26.7,15.6
2021-09-06T00:00:00,0.0,31.1,17.2
2021-09-07T00:00:00,0.0,33.3,16.1
2021-09-08T00:00:00,0.0,31.7,16.1
2021-09-09T00:00:00,0.0,33.3,15.0
2021-09-10T00:00:00,0.0,34.4,15.6
2021-09-11T00:00:00,0.0,33.3,12.2
2021-09-12T00:00:00,0.0,30.0,11.1
2021-09-13T00:00:00,0.0,31.1,12.8
2021-09-14T00:00:00,0.0,33.3,14.4
2021-09-15T00:00:00,0.0,28.9,12.8
2021-09-16T00:00:00,0.0,32.8,15.6
2021-09-17T00:00:00,3.3,35.6,13.3
2021-09-18T00:00:00,0.0,31.1,13.9
2021-09-19T00:00:00,0.0,35.0,17.8
2021-09-20T00:00:00,0.0,33.3,15.0
2021-09-21T00:00:00,0.0,24.4,7.8
2021-09-22T00:00:00,0.0,26.1,10.0
2021-09-23T00:00:00,0.0,30.0,15.0
2021-09-24T00:00:00,0.0,30.0,13.9
2021-09-25T00:00:00,0.0,27.2,14.4
2021-09-26T00:00:00,0.0,30.6,15.6
2021-09-27T00:00:00,0.0,27.8,13.3
2021-09-28T00:00:00,0.0,26.1,14.4
2021-09-29T00:00:00,0.0,28.9,12.2
2021-09-30T00:00:00,13.0,18.3,10.0
2021-10-01T00:00:00,0.0,22.8,8.9
2021-10-02T00:00:00,0.0,23.9,10.0
2021-10-03T00:00:00,0.0,24.4,10.6
2021-10-04T00:00:00,0.0,27.8,12.8
2021-10-05T00:00:00,0.0,28.3,10.6
2021-10-06T00:00:00,0.0,28.3,13.3
2021-10-07T00:00:00,0.0,30.6,11.1
2021-10-08T00:00:00,0.0,31.7,13.9
2021-10-09T00:00:00,0.0,32.2,16.1
2021-10-10T00:00:00,0.0,23.9,3.3
2021-10-11T00:00:00,0.0,26.7,12.8
2021-10-12T00:00:00,0.0,29.4,5.0
2021-10-13T00:00:00,0.0,23.3,6.7
2021-10-14T00:00:00,0.0,25.6,3.3
2021-10-15T00:00:00,0.0,18.3,0.6
2021-10-16T00:00:00,0.0,19.4,3.9
2021-10-17T00:00:00,0.0,21.7,7.8
2021-10-18T00:00:00,0.0,27.8,11.1
2021-10-19T00:00:00,0.0,26.7,7.2
2021-10-20T00:00:00,0.0,25.6,7.8
2021-10-21T00:00:00,0.0,27.8,8.3
2021-10-22T00:00:00,0.0,27.8,14.4
2021-10-23T00:00:00,0.0,28.3,16.1
2021-10-24T00:00:00,0.0,28.3,10.0
2021-10-25T00:00:00,0.0,31.1,13.3
2021-10-26T00:00:00,0.0,26.1,7.2
2021-10-27T00:00:00,0.0,20.6,3.9
2021-10-28T00:00:00,0.0,21.7,2.2
2021-10-29T00:00:00,0.0,25.0,5.0
2021-10-30T00:00:00,0.0,28.3,9.4
2021-10-31T00:00:00,0.0,18.9,2.8
2021-11-01T00:00:00,0.0,20.6,3.9
2021-11-02T00:00:00,0.0,11.7,8.3
2021-11-03T00:00:00,0.0,12.2,0.0
2021-11-04T00:00:00,0.0,17.8,0.6
2021-11-05T00:00:00,0.0,24.4,5.6
2021-11-06T00:00:00,0.0,25.0,5.6
2021-11-07T00:00:00,0.0,27.2,8.3
2021-11-08T00:00:00,0.0,26.7,7.8
2021-11-09T00:00:00,0.0,25.0,10.0
2021-11-10T00:00:00,0.0,23.9,3.9
2021-11-11T00:00:00,0.0,20.0,3.3
2021-11-12T00:00:00,0.0,17.8,-1.7
2021-11-13T00:00:00,0.0,25.0,5.6
2021-11-14T00:00:00,0.0,25.0,7.8
2021-11-15T00:00:00,0.0,28.9,11.7
2021-11-16T00:00:00,0.0,27.2,5.6
2021-11-17T00:00:00,0.0,22.2,-5.0
2021-11-18T00:00:00,0.0,13.3,-2.8
2021-11-19T00:00:00,0.0,22.2,6.7
2021-11-20T00:00:00,0.0,25.0,8.9
2021-11-21T00:00:00,0.0,12.8,1.1
2021-11-22T00:00:00,0.0,19.4,2.2
2021-11-23T00:00:00,0.0,21.7,11.7
2021-11-24T00:00:00,0.0,20.6,5.0
2021-11-25T00:00:00,0.0,10.6,-1.1
2021-11-26T00:00:00,0.0,16.1,6.7
2021-11-27T00:00:00,0.0,16.7,1.1
2021-11-28T00:00:00,0.0,19.4,5.0
2021-11-29T00:00:00,0.0,23.3,6.7
2021-11-30T00:00:00,0.0,23.3,6.1
2021-12-01T00:00:00,0.0,23.9,3.3
2021-12-02T00:00:00,0.0,25.6,5.6
2021-12-03T00:00:00,0.0,25.0,3.3
2021-12-04T00:00:00,0.0,20.0,5.6
2021-12-05T00:00:00,0.0,25.0,-3.9
2021-12-06T00:00:00,0.0,17.2,-4.4
2021-12-07T00:00:00,0.0,19.4,3.3
2021-12-08T00:00:00,0.0,21.1,10.6
2021-12-09T00:00:00,0.0,21.1,8.9
2021-12-10T00:00:00,0.0,17.2,-2.8
2021-12-11T00:00:00,0.0,11.7,-4.4
2021-12-12T00:00:00,0.0,20.0,0.0
2021-12-13T00:00:00,0.0,20.0,6.7
2021-12-14T00:00:00,0.0,23.3,10.0
2021-12-15T00:00:00,0.0,22.2,-2.8
2021-12-16T00:00:00,0.0,15.6,5.6
2021-12-17T00:00:00,0.0,18.3,0.6
2021-12-18T00:00:00,0.0,7.8,-7.2
2021-12-19T00:00:00,0.0,15.6,0.0
2021-12-20T00:00:00,0.0,19.4,3.3
2021-12-21T00:00:00,0.0,21.1,6.7
2021-12-22T00:00:00,0.0,22.8,7.8
2021-12-23T00:00:00,0.0,23.9,12.2
2021-12-24T00:00:00,0.0,23.3,8.9
2021-12-25T00:00:00,0.0,21.7,10.0
2021-12-26T00:00:00,0.0,22.8,10.0
2021-12-27T00:00:00,0.0,21.1,6.7
2021-12-28T00:00:00,0.0,15.6,4.4
2021-12-29T00:00:00,0.0,15.0,1.1
2021-12-30T00:00:00,0.0,17.2,7.8
2021-12-31T00:00:00,2.8,13.3,6.1
2022-01-01T00:00:00,0.0,12.2,-15.0
2022-01-02T00:00:00,0.0,8.9,-9.4
2022-01-03T00:00:00,0.0,13.9,-3.3
2022-01-04T00:00:00,0.0,18.3,1.7
2022-01-05T00:00:00,0.0,16.7,-0.6
2022-01-06T00:00:00,0.0,6.1,-10.0
2022-01-07T00:00:00,0.0,21.7,5.0
2022-01-08T00:00:00,0.0,21.1,2.8
2022-01-09T00:00:00,0.0,6.7,-6.1
2022-01-10T00:00:00,0.0,8.3,-2.8
2022-01-11T00:00:00,0.0,13.9,-0.6
2022-01-12T00:00:00,0.0,19.4,0.0
2022-01-13T00:00:00,0.0,18.3,5.0
2022-01-14T00:00:00,0.0,22.8,-3.9
2022-01-15T00:00:00,0.0,12.8,-5.0
2022-01-16T00:00:00,0.0,19.4,-0.6
2022-01-17T00:00:00,0.0,18.9,2.8
2022-01-18T00:00:00,0.0,20.0,3.3
2022-01-19T00:00:00,0.0,10.0,-7.2
2022-01-20T00:00:00,0.0,2.2,-11.1
2022-01-21T00:00:00,0.0,12.8,-8.9
2022-01-22T00:00:00,0.0,5.6,-5.6
2022-01-23T00:00:00,0.0,11.7,-0.6
2022-01-24T00:00:00,0.0,16.1,-3.3
2022-01-25T00:00:00,0.0,16.1,-3.3
2022-01-26T00:00:00,0.3,5.0,-8.3
2022-01-27T00:00:00,0.0,9.4,-8.9
2022-01-28T00:00:00,0.0,8.9,-5.6
2022-01-29T00:00:00,0.0,15.6,-2.8
2022-01-30T00:00:00,0.0,12.8,1.1
2022-01-31T00:00:00,0.0,20.0,6.7
2022-02-01T00:00:00,0.0,13.9,-0.6
2022-02-02T00:00:00,0.0,3.9,-17.2
2022-02-03T00:00:00,0.3,-4.4,-15.0
2022-02-04T00:00:00,0.0,4.4,-10.6
2022-02-05T00:00:00,0.0,12.2,-5.0
2022-02-06T00:00:00,0.0,12.2,-7.2
2022-02-07T00:00:00,0.0,11.7,-2.8
2022-02-08T00:00:00,0.0,17.8,-1.7
2022-02-09T00:00:00,0.0,19.4,-1.1
2022-02-10T00:00:00,0.0,16.7,2.8
2022-02-11T00:00:00,0.0,20.0,-1.1
2022-02-12T00:00:00,0.0,8.3,-5.6
2022-02-13T00:00:00,0.0,17.2,3.9
2022-02-14T00:00:00,0.0,21.7,2.2
2022-02-15T00:00:00,0.0,22.8,9.4
2022-02-16T00:00:00,0.0,21.1,-0.6
2022-02-17T00:00:00,0.0,8.3,-6.7
2022-02-18T00:00:00,0.0,15.0,-2.8
2022-02-19T00:00:00,0.0,17.8,0.0
2022-02-20T00:00:00,0.0,22.8,4.4
2022-02-21T00:00:00,0.0,20.0,7.2
2022-02-22T00:00:00,0.0,20.0,-11.1
2022-02-23T00:00:00,0.0,1.1,-15.0
2022-02-24T00:00:00,0.0,8.3,-7.2
2022-02-25T00:00:00,0.0,7.2,-12.2
2022-02-26T00:00:00,0.0,8.9,-7.2
2022-02-27T00:00:00,0.0,13.9,-2.2
2022-02-28T00:00:00,0.0,15.6,3.3
2022-03-01T00:00:00,0.0,17.2,2.2
2022-03-02T00:00:00,0.0,21.1,5.0
2022-03-03T00:00:00,0.0,22.2,7.2
2022-03-04T00:00:00,0.0,25.6,7.2
2022-03-05T00:00:00,0.0,20.6,1.7
2022-03-06T00:00:00,0.0,16.7,-7.2
2022-03-07T00:00:00,0.0,7.2,-11.1
2022-03-08T00:00:00,0.0,11.1,-6.1
2022-03-09T00:00:00,0.0,18.3,-2.8
2022-03-10T00:00:00,0.0,13.3,-7.2
2022-03-11T00:00:00,0.5,8.3,-8.9
2022-03-12T00:00:00,0.0,17.2,0.6
2022-03-13T00:00:00,0.0,21.7,3.3
2022-03-14T00:00:00,0.0,17.2,-0.6
2022-03-15T00:00:00,0.0,22.2,2.8
2022-03-16T00:00:00,0.0,26.1,10.0
2022-03-17T00:00:00,0.0,18.3,-3.3
2022-03-18T00:00:00,0.0,16.7,-0.6
2022-03-19T00:00:00,0.0,21.7,2.2
2022-03-20T00:00:00,0.0,27.2,8.9
2022-03-21T00:00:00,3.6,16.7,0.6
2022-03-22T00:00:00,0.0,9.4,-1.7
2022-03-23T00:00:00,0.0,17.2,0.6
2022-03-24T00:00:00,0.0,23.9,7.8
2022-03-25T00:00:00,0.0,26.7,6.1
2022-03-26T00:00:00,0.0,28.9,7.2
2022-03-27T00:00:00,0.0,31.7,9.4
2022-03-28T00:00:00,0.0,28.9,14.4
2022-03-29T00:00:00,0.0,23.3,6.7
2022-03-30T00:00:00,0.0,18.9,-0.6
2022-03-31T00:00:00,0.0,21.1,3.9
2022-04-01T00:00:00,0.0,25.6,3.3
2022-04-02T00:00:00,0.0,26.7,8.3
2022-04-03T00:00:00,0.0,29.4,8.3
2022-04-04T00:00:00,0.0,23.9,9.4
2022-04-05T00:00:00,0.0,31.7,3.9
2022-04-06T00:00:00,0.0,20.0,-0.6
2022-04-07T00:00:00,0.0,18.9,1.1
2022-04-08T00:00:00,0.0,24.4,4.4
2022-05-01T00:00:00,0.0,33.3,14.4
2022-05-02T00:00:00,0.0,33.3,14.4
2022-05-03T00:00:00,0.0,31.1,7.8
2022-05-04T00:00:00,0.0,28.9,13.3
2022-05-05T00:00:00,0.0,29.4,7.2
2022-05-06T00:00:00,0.0,30.6,13.9
2022-05-07T00:00:00,0.0,34.4,17.2
2022-05-08T00:00:00,0.0,35.0,19.4
2022-05-09T00:00:00,0.0,33.3,20.0
2022-05-10T00:00:00,0.0,32.8,15.0
2022-05-11T00:00:00,0.0,34.4,13.9
2022-05-12T00:00:00,0.0,35.0,17.8
2022-05-13T00:00:00,0.0,33.9,12.2
2022-05-14T00:00:00,0.0,31.7,10.0
2022-05-15T00:00:00,0.0,36.1,16.7
2022-05-16T00:00:00,0.0,33.3,15.0
2022-05-17T00:00:00,0.0,35.6,17.8
2022-05-18T00:00:00,0.0,35.0,18.9
2022-05-19T00:00:00,0.0,36.1,16.7
2022-05-20T00:00:00,0.0,32.8,9.4
2022-05-21T00:00:00,0.0,23.9,7.2
2022-05-22T00:00:00,0.0,23.3,10.6
2022-05-23T00:00:00,0.0,31.1,15.6
2022-05-24T00:00:00,0.0,25.0,5.0
2022-05-25T00:00:00,0.0,24.4,8.9
2022-05-26T00:00:00,0.0,32.2,13.3
2022-05-27T00:00:00,0.0,37.8,21.7
2022-05-28T00:00:00,0.0,37.8,18.3
2022-05-29T00:00:00,0.0,33.3,20.0
2022-05-30T00:00:00,0.0,32.8,13.9
2022-05-31T00:00:00,0.0,35.6,15.6
2022-06-01T00:00:00,0.0,29.4,13.9
2022-06-02T00:00:00,2.3,25.6,13.3
2022-06-03T00:00:00,0.0,27.8,12.8
2022-06-04T00:00:00,0.0,36.1,17.8
2022-06-05T00:00:00,0.0,36.7,21.7
2022-06-06T00:00:00,0.0,38.3,20.6
2022-06-07T00:00:00,0.0,36.1,18.9
2022-06-08T00:00:00,0.0,33.3,18.3
2022-06-09T00:00:00,0.0,35.0,18.3
2022-06-10T00:00:00,0.0,39.4,19.4
2022-06-11T00:00:00,0.0,41.7,23.3
2022-06-12T00:00:00,0.0,41.1,18.9
2022-06-13T00:00:00,0.0,38.9,23.9
2022-06-14T00:00:00,0.0,38.3,23.9
2022-06-15T00:00:00,0.0,37.2,20.6
2022-06-16T00:00:00,0.0,35.6,17.2
2022-06-17T00:00:00,6.4,34.4,16.7
2022-06-18T00:00:00,0.0,34.4,16.7
2022-06-19T00:00:00,0.0,35.0,18.9
2022-06-20T00:00:00,0.0,34.4,16.7
2022-06-21T00:00:00,24.9,30.0,17.2
2022-06-22T00:00:00,1.8,23.3,17.8
2022-06-23T00:00:00,7.6,30.6,17.2
2022-06-24T00:00:00,0.0,33.3,18.3
2022-06-25T00:00:00,0.0,33.9,19.4
2022-06-26T00:00:00,0.0,35.6,18.3
2022-06-27T00:00:00,25.9,29.4,15.6
2022-06-28T00:00:00,0.0,26.1,16.7
2022-06-29T00:00:00,0.0,27.2,17.2
2022-06-30T00:00:00,0.0,30.6,17.8
2022-07-01T00:00:00,0.0,34.4,17.8
2022-07-02T00:00:00,0.0,34.4,19.4
2022-07-03T00:00:00,0.0,34.4,17.2
2022-07-04T00:00:00,1.0,33.9,18.9
2022-07-05T00:00:00,0.0,32.8,20.0
2022-07-06T00:00:00,0.0,33.9,21.1
2022-07-07T00:00:00,0.0,35.0,20.0
2022-07-08T00:00:00,0.0,34.4,20.6
2022-07-09T00:00:00,0.0,34.4,20.6
2022-07-10T00:00:00,0.0,34.4,20.6
2022-07-11T00:00:00,0.0,35.6,20.0
2022-07-12T00:00:00,0.0,35.6,22.2
2022-07-13T00:00:00,0.0,37.2,20.6
2022-07-14T00:00:00,0.0,35.0,20.0
2022-07-15T00:00:00,0.0,35.0,19.4
2022-07-16T00:00:00,0.0,36.1,18.9
2022-07-17T00:00:00,0.0,36.7,18.9
2022-07-18T00:00:00,0.0,35.6,18.9
2022-07-19T00:00:00,0.0,35.6,21.1
2022-07-20T00:00:00,0.0,37.2,21.1
2022-07-21T00:00:00,0.0,40.6,23.9
2022-07-22T00:00:00,0.0,38.9,23.3
2022-07-23T00:00:00,0.0,37.2,20.6
2022-07-24T00:00:00,0.0,38.3,20.6
2022-07-25T00:00:00,18.8,36.1,21.1
2022-07-26T00:00:00,1.0,35.0,21.1
2022-07-27T00:00:00,0.0,35.6,19.4
2022-07-28T00:00:00,0.0,33.9,20.0
2022-07-29T00:00:00,0.0,34.4,20.6
2022-07-30T00:00:00,0.0,34.4,19.4
2022-07-31T00:00:00,14.5,34.4,18.3
2022-08-01T00:00:00,0.0,36.7,18.9
2022-08-02T00:00:00,0.0,36.7,23.3
2022-08-03T00:00:00,15.2,38.3,21.1
2022-08-04T00:00:00,0.5,35.6,21.1
2022-08-05T00:00:00,0.0,36.7,20.0
2022-08-06T00:00:00,0.0,35.0,18.3
2022-08-07T00:00:00,0.0,33.3,18.9
2022-08-08T00:00:00,0.0,33.3,20.0
2022-08-09T00:00:00,0.0,33.9,21.1
2022-08-10T00:00:00,0.0,31.1,19.4
2022-08-11T00:00:00,0.0,27.8,18.3
2022-08-12T00:00:00,0.0,33.3,17.8
2022-08-13T00:00:00,0.0,33.9,20.0
2022-08-14T00:00:00,0.0,34.4,18.3
2022-08-15T00:00:00,0.0,33.9,16.1
2022-08-16T00:00:00,0.0,28.3,20.0
2022-08-17T00:00:00,0.5,29.4,18.3
2022-08-18T00:00:00,0.0,28.9,17.8
2022-08-19T00:00:00,0.0,27.8,17.8
2022-08-20T00:00:00,30.2,23.3,17.8
2022-08-21T00:00:00,0.0,24.4,17.2
2022-08-22T00:00:00,0.0,26.7,18.3
2022-08-23T00:00:00,1.0,27.8,17.8
2022-08-24T00:00:00,0.0,27.8,15.6
2022-08-25T00:00:00,0.0,28.9,17.2
2022-08-26T00:00:00,18.8,30.6,18.3
2022-08-27T00:00:00,4.6,31.1,18.3
2022-08-28T00:00:00,0.0,33.3,17.8
2022-08-29T00:00:00,0.0,33.9,16.1
2022-08-30T00:00:00,0.0,22.8,17.2
2022-08-31T00:00:00,,,
2022-09-01T00:00:00,1.5,24.4,17.2
2022-09-02T00:00:00,0.0,24.4,16.1
2022-09-03T00:00:00,0.0,28.9,16.7
2022-09-04T00:00:00,0.0,30.0,15.0
2022-09-05T00:00:00,0.0,30.0,16.7
2022-09-06T00:00:00,0.0,32.2,15.6
2022-09-07T00:00:00,0.0,32.2,15.0
2022-09-08T00:00:00,0.0,32.2,15.6
2022-09-09T00:00:00,0.0,31.1,15.6
2022-09-10T00:00:00,2.8,33.3,17.8
2022-09-11T00:00:00,0.0,31.1,14.4
2022-09-12T00:00:00,0.5,25.0,12.8
2022-09-13T00:00:00,0.0,30.0,14.4
2022-09-14T00:00:00,0.0,29.4,15.6
2022-09-15T00:00:00,0.0,31.1,15.6
2022-09-16T00:00:00,0.0,31.7,15.6
2022-09-17T00:00:00,0.0,33.3,16.7
2022-09-18T00:00:00,2.8,33.9,14.4
2022-09-19T00:00:00,0.0,32.2,16.7
2022-09-20T00:00:00,0.0,28.9,17.2
2022-09-21T00:00:00,0.0,31.7,16.7
2022-09-22T00:00:00,0.0,33.3,15.6
2022-09-23T00:00:00,0.0,30.0,13.9
2022-09-24T00:00:00,0.0,32.8,16.1
2022-09-25T00:00:00,0.0,33.9,19.4
2022-09-26T00:00:00,0.0,30.6,16.1
2022-09-27T00:00:00,0.0,26.7,13.3
2022-09-28T00:00:00,0.0,28.9,12.8
2022-09-29T00:00:00,0.0,27.8,11.1
2022-09-30T00:00:00,0.0,27.8,12.2
2022-10-01T00:00:00,0.0,28.3,11.1
2022-10-02T00:00:00,0.0,26.7,10.0
2022-10-03T00:00:00,0.0,26.1,12.2
2022-10-04T00:00:00,0.0,26.7,13.3
2022-10-05T00:00:00,7.6,21.1,12.8
2022-10-06T00:00:00,29.2,21.1,12.8
2022-10-07T00:00:00,4.8,20.6,12.2
2022-10-08T00:00:00,0.5,17.8,12.2
2022-10-09T00:00:00,7.6,17.8,11.1
2022-10-10T00:00:00,0.0,22.2,9.4
2022-10-11T00:00:00,0.0,26.1,12.8
2022-10-12T00:00:00,0.0,25.6,10.6
2022-10-13T00:00:00,0.0,22.2,7.8
2022-10-14T00:00:00,0.0,23.3,13.9
2022-10-15T00:00:00,0.5,28.3,9.4
2022-10-16T00:00:00,14.5,10.6,8.9
2022-10-17T00:00:00,0.5,11.7,8.9
2022-10-18T00:00:00,0.0,16.7,5.0
2022-10-19T00:00:00,0.0,21.7,9.4
2022-10-20T00:00:00,1.3,25.0,6.7
2022-10-21T00:00:00,0.5,27.8,12.8
2022-10-22T00:00:00,0.0,27.8,14.4
2022-10-23T00:00:00,0.0,25.6,6.7
2022-10-24T00:00:00,0.0,15.6,1.7
2022-10-25T00:00:00,0.0,18.9,5.0
2022-10-26T00:00:00,0.0,23.3,8.3
2022-10-27T00:00:00,0.0,22.2,2.8
2022-10-28T00:00:00,0.0,17.2,3.3
2022-10-29T00:00:00,0.0,18.9,5.0
2022-10-30T00:00:00,0.0,19.4,6.1
2022-10-31T00:00:00,0.0,19.4,4.4
2022-11-01T00:00:00,0.0,23.3,5.0
2022-11-02T00:00:00,0.0,23.9,5.6
2022-11-03T00:00:00,0.0,24.4,7.8
2022-11-04T00:00:00,0.0,15.0,1.1
2022-11-05T00:00:00,0.0,22.8,9.4
2022-11-06T00:00:00,0.0,26.7,5.0
2022-11-07T00:00:00,0.0,16.7,7.8
2022-11-08T00:00:00,0.0,23.9,11.1
2022-11-09T00:00:00,0.0,26.7,6.7
2022-11-10T00:00:00,0.0,21.1,3.3
2022-11-11T00:00:00,0.0,8.9,-6.7
2022-11-12T00:00:00,0.0,12.2,-5.6
2022-11-13T00:00:00,0.0,14.4,-1.1
2022-11-14T00:00:00,0.0,7.8,-8.3
2022-11-15T00:00:00,0.0,6.7,-3.3
2022-11-16T00:00:00,0.0,7.2,-6.7
2022-11-17T00:00:00,0.0,13.9,-2.8
2022-11-18T00:00:00,0.0,2.2,-2.2
2022-11-19T00:00:00,0.0,5.0,-7.2
2022-11-20T00:00:00,0.0,10.0,-6.7
2022-11-21T00:00:00,0.0,12.8,-3.9
2022-11-22T00:00:00,0.0,14.4,0.0
2022-11-23T00:00:00,0.0,20.0,2.2
2022-11-24T00:00:00,0.0,7.2,0.0
2022-11-25T00:00:00,9.7,3.9,-2.8
2022-11-26T00:00:00,11.9,12.8,1.7
2022-11-27T00:00:00,0.0,14.4,3.3
2022-11-28T00:00:00,0.0,17.2,8.9
2022-11-29T00:00:00,0.0,18.3,-6.1
2022-11-30T00:00:00,0.0,5.0,-5.6
2022-12-01T00:00:00,0.0,17.2,3.9
2022-12-02T00:00:00,0.0,22.8,1.1
2022-12-03T00:00:00,2.5,9.4,3.9
2022-12-04T00:00:00,0.0,20.0,9.4
2022-12-05T00:00:00,0.0,23.3,10.6
2022-12-06T00:00:00,0.0,21.1,9.4
2022-12-07T00:00:00,0.0,16.7,6.7
2022-12-08T00:00:00,0.0,18.9,5.0
2022-12-09T00:00:00,0.0,13.9,1.7
2022-12-10T00:00:00,0.0,16.1,-1.1
2022-12-11T00:00:00,0.0,19.4,1.7
2022-12-12T00:00:00,0.0,19.4,3.3
2022-12-13T00:00:00,0.0,11.1,-3.9
2022-12-14T00:00:00,0.0,11.7,-7.2
2022-12-15T00:00:00,0.0,11.7,-5.0
2022-12-16T00:00:00,0.0,8.3,-8.9
2022-12-17T00:00:00,0.0,9.4,-5.0
2022-12-18T00:00:00,0.0,11.1,-2.2
2022-12-19T00:00:00,0.0,15.6,-6.1
2022-12-20T00:00:00,0.0,10.6,-6.1
2022-12-21T00:00:00,0.0,12.2,-6.7
2022-12-22T00:00:00,0.0,-3.3,-16.1
2022-12-23T00:00:00,0.0,-2.8,-13.3
2022-12-24T00:00:00,0.0,8.9,-7.2
2022-12-25T00:00:00,0.0,10.6,0.6
2022-12-26T00:00:00,0.0,15.0,-2.2
2022-12-27T00:00:00,0.0,18.3,11.7
2022-12-28T00:00:00,0.0,18.9,2.8
2022-12-29T00:00:00,0.0,15.6,3.3
2022-12-30T00:00:00,2.5,15.6,5.6
2022-12-31T00:00:00,0.0,17.8,10.6
2023-01-01T00:00:00,0.0,19.4,7.8
2023-01-02T00:00:00,0.5,12.8,0.0
2023-01-03T00:00:00,0.0,14.4,-3.9
2023-01-04T00:00:00,0.0,17.2,0.0
2023-01-05T00:00:00,0.0,18.9,4.4
2023-01-06T00:00:00,0.0,21.7,-0.6
2023-01-07T00:00:00,0.0,12.8,-1.1
2023-01-08T00:00:00,0.0,18.9,1.1
2023-01-09T00:00:00,0.0,21.7,7.8
2023-01-10T00:00:00,0.0,21.7,5.6
2023-01-11T00:00:00,0.0,19.4,-3.3
2023-01-12T00:00:00,0.0,12.2,-2.2
2023-01-13T00:00:00,0.0,17.2,2.8
2023-01-14T00:00:00,0.0,22.2,8.9
2023-01-15T00:00:00,0.0,18.9,6.1
2023-01-16T00:00:00,0.0,15.6,6.1
2023-01-17T00:00:00,0.5,15.6,-0.6
2023-01-18T00:00:00,0.0,10.6,-2.8
2023-01-19T00:00:00,0.0,11.7,-6.7
2023-01-20T00:00:00,0.0,16.1,-5.0
2023-01-21T00:00:00,0.0,10.6,-8.3
2023-01-22T00:00:00,0.0,11.7,-2.2
2023-01-23T00:00:00,0.0,6.1,-2.2
2023-01-24T00:00:00,0.0,3.9,-7.2
2023-01-25T00:00:00,16.5,5.6,-8.9
2023-01-26T00:00:00,0.0,3.9,-4.4
2023-01-27T00:00:00,0.0,11.7,0.6
2023-01-28T00:00:00,0.0,16.7,-2.8
2023-01-29T00:00:00,0.0,17.8,-3.3
2023-01-30T00:00:00,0.0,-1.7,-5.6
2023-01-31T00:00:00,0.0,-3.9,-6.1
2023-02-01T00:00:00,0.0,3.9,-7.8
2023-02-02T00:00:00,0.0,11.1,-3.3
2023-02-03T00:00:00,0.0,15.6,-0.6
2023-02-04T00:00:00,0.0,19.4,2.8
2023-02-05T00:00:00,0.0,23.3,4.4
2023-02-06T00:00:00,0.0,22.2,0.6
2023-02-07T00:00:00,0.0,7.2,-2.8
2023-02-08T00:00:00,0.0,15.6,-2.2
2023-02-09T00:00:00,0.0,9.4,-9.4
2023-02-10T00:00:00,0.0,7.8,-7.8
2023-02-11T00:00:00,0.0,13.3,0.6
2023-02-12T00:00:00,0.0,16.7,0.0
2023-02-13T00:00:00,0.5,14.4,2.8
2023-02-14T00:00:00,0.0,12.2,0.6
2023-02-15T00:00:00,0.0,12.2,-10.0
2023-02-16T00:00:00,0.0,4.4,-11.1
2023-02-17T00:00:00,0.0,8.9,-2.2
2023-02-18T00:00:00,0.0,17.2,3.3
2023-02-19T00:00:00,0.0,18.3,11.1
2023-02-20T00:00:00,0.0,22.2,9.4
2023-02-21T00:00:00,0.0,18.9,6.7
2023-02-22T00:00:00,0.0,17.8,2.8
2023-02-23T00:00:00,0.0,17.8,-3.3
2023-02-24T00:00:00,0.0,12.8,-2.2
2023-02-25T00:00:00,0.0,16.7,3.3
2023-02-26T00:00:00,0.0,25.0,-4.4
2023-02-27T00:00:00,0.0,21.1,4.4
2023-02-28T00:00:00,0.0,20.6,4.4
2023-03-01T00:00:00,0.0,21.1,0.0
2023-03-02T00:00:00,0.0,13.3,1.1
2023-03-03T00:00:00,0.0,18.3,3.3
2023-03-04T00:00:00,0.0,21.1,3.3
2023-03-05T00:00:00,0.0,23.9,8.3
2023-03-06T00:00:00,0.0,25.6,8.3
2023-03-07T00:00:00,0.0,22.8,6.7
2023-03-08T00:00:00,0.0,21.7,3.3
2023-03-09T00:00:00,0.0,20.0,3.9
2023-03-10T00:00:00,0.0,26.1,10.0
2023-03-11T00:00:00,0.0,27.2,5.0
2023-03-12T00:00:00,0.0,22.2,0.0
2023-03-13T00:00:00,0.0,17.2,-2.8
2023-03-14T00:00:00,0.0,21.7,4.4
2023-03-15T00:00:00,0.0,25.0,11.7
2023-03-16T00:00:00,0.0,20.0,1.7
2023-03-17T00:00:00,0.0,8.9,2.2
2023-03-18T00:00:00,0.0,8.9,-5.6
2023-03-19T00:00:00,0.0,13.9,2.2
2023-03-20T00:00:00,0.0,20.6,5.0
2023-03-21T00:00:00,0.0,23.3,15.6
2023-03-22T00:00:00,0.0,24.4,8.9
2023-03-23T00:00:00,0.0,22.8,0.6
2023-03-24T00:00:00,0.0,20.0,0.0
2023-03-25T00:00:00,0.0,18.9,-1.1
2023-03-26T00:00:00,0.0,20.6,0.0
2023-03-27T00:00:00,0.0,18.9,-3.9
2023-03-28T00:00:00,0.0,15.0,-1.7
2023-03-29T00:00:00,0.0,25.0,3.3
2023-03-30T00:00:00,0.0,25.0,8.9
2023-03-31T00:00:00,0.0,20.0,0.6
2023-04-01T00:00:00,0.0,24.4,6.7
2023-04-02T00:00:00,0.0,27.8,7.8
2023-04-03T00:00:00,0.0,26.7,15.0
2023-04-04T00:00:00,0.0,22.2,-6.1
2023-04-05T00:00:00,0.0,16.1,-2.8
2023-04-06T00:00:00,0.0,17.8,-1.1
2023-04-07T00:00:00,0.0,17.2,3.3
2023-04-08T00:00:00,0.0,23.9,5.6
2023-04-09T00:00:00,0.5,25.6,9.4
2023-04-10T00:00:00,0.0,26.1,7.8
2023-04-11T00:00:00,0.0,28.9,8.3
2023-04-12T00:00:00,0.0,30.0,8.3
2023-04-13T00:00:00,0.0,28.3,10.6
2023-04-14T00:00:00,0.0,24.4,7.8
2023-04-15T00:00:00,0.0,25.0,1.1
2023-04-16T00:00:00,0.0,20.6,5.0
2023-04-17T00:00:00,0.0,29.4,7.8
2023-04-18T00:00:00,0.0,29.4,10.6
2023-04-19T00:00:00,0.0,28.3,8.9
2023-04-20T00:00:00,0.0,22.2,5.0
2023-04-21T00:00:00,0.0,25.0,8.9
2023-04-22T00:00:00,0.0,21.1,0.0
2023-04-23T00:00:00,0.0,14.4,6.1
2023-04-24T00:00:00,0.0,22.2,4.4
2023-04-25T00:00:00,0.0,27.8,7.2
2023-04-26T00:00:00,0.0,22.8,2.8
2023-04-27T00:00:00,0.0,28.3,10.6
2023-04-28T00:00:00,0.0,18.3,3.3
2023-04-29T00:00:00,0.0,29.4,11.7
2023-04-30T00:00:00,0.0,33.3,7.2
2023-05-01T00:00:00,0.0,26.7,15.6
2023-05-02T00:00:00,0.0,30.0,8.9
2023-05-03T00:00:00,3.6,27.8,13.9
2023-05-04T00:00:00,0.0,27.8,8.3
2023-05-05T00:00:00,0.0,28.9,7.8
2023-05-06T00:00:00,0.0,28.9,9.4
2023-05-07T00:00:00,0.0,31.1,11.7
2023-05-08T00:00:00,0.0,32.8,10.0
2023-05-09T00:00:00,0.0,33.3,11.1
2023-05-10T00:00:00,0.0,31.7,8.9
2023-05-11T00:00:00,0.0,28.9,13.3
2023-05-12T00:00:00,0.0,31.7,13.9
2023-05-13T00:00:00,0.0,21.1,8.9
2023-05-14T00:00:00,0.0,24.4,15.0
2023-05-15T00:00:00,0.0,25.0,11.1
2023-05-16T00:00:00,0.0,28.9,13.9
2023-05-17T00:00:00,0.0,29.4,13.3
2023-05-18T00:00:00,0.8,28.3,12.8
2023-05-19T00:00:00,1.5,28.9,12.8
2023-05-20T00:00:00,0.3,22.8,12.8
2023-05-21T00:00:00,0.0,27.8,11.1
2023-05-22T00:00:00,0.0,30.6,15.0
2023-05-23T00:00:00,0.0,32.2,11.7
2023-05-24T00:00:00,0.0,31.7,16.1
2023-05-25T00:00:00,0.0,28.9,15.0
2023-05-26T00:00:00,0.0,27.8,15.6
2023-05-27T00:00:00,0.0,25.0,11.7
2023-05-28T00:00:00,0.0,30.0,10.0
2023-05-29T00:00:00,0.0,32.2,15.0
2023-05-30T00:00:00,0.0,33.9,13.9
2023-05-31T00:00:00,0.0,34.4,17.2
2023-06-01T00:00:00,0.0,31.1,15.0
2023-06-02T00:00:00,0.0,31.1,12.2
2023-06-03T00:00:00,0.0,29.4,11.7
2023-06-04T00:00:00,0.0,29.4,14.4
2023-06-05T00:00:00,0.0,26.1,14.4
2023-06-06T00:00:00,0.0,28.9,12.8
2023-06-07T00:00:00,0.0,32.2,11.1
2023-06-08T00:00:00,0.0,33.9,15.0
2023-06-09T00:00:00,0.0,32.8,15.0
2023-06-10T00:00:00,0.0,34.4,17.8
2023-06-11T00:00:00,0.0,35.0,17.2
2023-06-12T00:00:00,0.0,32.8,12.8
2023-06-13T00:00:00,0.0,33.9,14.4
2023-06-14T00:00:00,0.0,36.1,15.6
2023-06-15T00:00:00,0.0,36.1,17.2
2023-06-16T00:00:00,0.0,37.2,18.3
2023-06-17T00:00:00,0.0,36.7,18.9
2023-06-18T00:00:00,0.0,37.2,20.6
2023-06-19T00:00:00,0.0,38.3,23.9
2023-06-20T00:00:00,0.0,38.3,23.9
2023-06-21T00:00:00,0.0,40.0,21.7
2023-06-22T00:00:00,0.0,40.0,19.4
2023-06-23T00:00:00,0.0,38.9,18.3
2023-06-24T00:00:00,0.0,40.0,23.3
2023-06-25T00:00:00,0.0,39.4,20.6
2023-06-26T00:00:00,0.0,41.1,25.6
2023-06-27T00:00:00,0.0,41.7,18.9
2023-06-28T00:00:00,0.0,40.0,20.0
2023-06-29T00:00:00,0.0,37.2,20.0
2023-06-30T00:00:00,0.0,33.9,16.7
2023-07-01T00:00:00,0.0,33.9,20.0
2023-07-02T00:00:00,0.0,33.9,16.7
2023-07-03T00:00:00,0.0,33.9,17.8
2023-07-04T00:00:00,0.0,36.1,18.3
2023-07-05T00:00:00,7.9,38.3,20.6
2023-07-06T00:00:00,0.0,35.0,20.0
2023-07-07T00:00:00,0.0,40.0,20.6
2023-07-08T00:00:00,0.0,35.6,24.4
2023-07-09T00:00:00,0.0,36.1,22.8
2023-07-10T00:00:00,0.0,36.7,22.2
2023-07-11T00:00:00,0.0,40.0,25.6
2023-07-12T00:00:00,0.0,40.6,23.9
2023-07-13T00:00:00,0.0,40.6,25.0
2023-07-14T00:00:00,0.0,37.8,23.9
2023-07-15T00:00:00,0.0,35.6,20.6
2023-07-16T00:00:00,0.0,37.8,20.6
2023-07-17T00:00:00,0.0,40.0,18.9
2023-07-18T00:00:00,0.0,41.7,21.1
2023-07-19T00:00:00,0.0,41.7,19.4
2023-07-20T00:00:00,0.0,38.3,20.6
2023-07-21T00:00:00,0.0,37.2,21.7
2023-07-22T00:00:00,0.0,33.9,21.7
2023-07-23T00:00:00,0.0,37.2,21.1
2023-07-24T00:00:00,0.0,38.9,22.2
2023-07-25T00:00:00,0.0,38.3,20.0
2023-07-26T00:00:00,0.0,38.3,18.9
2023-07-27T00:00:00,0.0,36.7,18.9
2023-07-28T00:00:00,0.0,36.7,21.7
2023-07-29T00:00:00,0.0,36.1,15.6
2023-07-30T00:00:00,0.0,33.9,19.4
2023-07-31T00:00:00,0.0,36.7,21.7
2023-08-01T00:00:00,0.5,36.1,19.4
2023-08-02T00:00:00,0.0,33.9,19.4
2023-08-03T00:00:00,0.0,36.7,21.7
2023-08-04T00:00:00,0.0,37.2,20.0
2023-08-05T00:00:00,0.3,35.6,20.6
2023-08-06T00:00:00,0.0,37.8,20.6
2023-08-07T00:00:00,0.0,38.3,21.1
2023-08-08T00:00:00,0.0,40.0,22.2
2023-08-09T00:00:00,0.0,38.3,22.2
2023-08-10T00:00:00,0.0,38.3,23.9
2023-08-11T00:00:00,0.0,38.9,25.0
2023-08-12T00:00:00,0.0,36.7,21.7
2023-08-13T00:00:00,0.0,36.7,19.4
2023-08-14T00:00:00,1.0,28.9,18.9
2023-08-15T00:00:00,0.0,32.8,19.4
2023-08-16T00:00:00,0.0,37.2,21.7
2023-08-17T00:00:00,0.0,38.9,21.1
2023-08-18T00:00:00,0.0,37.8,17.2
2023-08-19T00:00:00,0.0,35.6,16.7
2023-08-20T00:00:00,0.8,34.4,19.4
2023-08-21T00:00:00,0.0,35.0,18.3
2023-08-22T00:00:00,0.0,32.8,19.4
2023-08-23T00:00:00,8.1,25.0,17.8
2023-08-24T00:00:00,0.0,32.2,19.4
2023-08-25T00:00:00,0.0,33.3,17.8
2023-08-26T00:00:00,0.0,33.9,20.0
2023-08-27T00:00:00,0.0,33.9,20.0
2023-08-28T00:00:00,42.4,30.6,16.7
2023-08-29T00:00:00,0.0,29.4,17.2
2023-08-30T00:00:00,0.0,30.6,16.7
2023-08-31T00:00:00,0.0,33.9,17.8
2023-09-01T00:00:00,0.0,34.4,17.8
2023-09-02T00:00:00,0.0,34.4,19.4
2023-09-03T00:00:00,0.0,35.6,18.9
2023-09-04T00:00:00,0.0,36.7,19.4
2023-09-05T00:00:00,0.0,36.1,17.2
2023-09-06T00:00:00,0.0,36.1,19.4
2023-09-07T00:00:00,0.5,37.8,21.7
2023-09-08T00:00:00,0.0,37.8,20.6
2023-09-09T00:00:00,0.0,35.6,18.9
2023-09-10T00:00:00,3.8,33.9,19.4
2023-09-11T00:00:00,27.4,32.8,14.4
2023-09-12T00:00:00,0.0,18.3,15.0
2023-09-13T00:00:00,10.9,26.1,14.4
2023-09-14T00:00:00,0.0,28.9,14.4
2023-09-15T00:00:00,0.0,27.8,15.0
2023-09-16T00:00:00,0.0,24.4,15.0
2023-09-17T00:00:00,0.0,26.1,15.6
2023-09-18T00:00:00,0.0,30.0,16.7
2023-09-19T00:00:00,0.0,33.3,14.4
2023-09-20T00:00:00,0.0,32.2,17.2
2023-09-21T00:00:00,0.0,31.1,19.4
2023-09-22T00:00:00,0.0,34.4,18.3
2023-09-23T00:00:00,0.5,34.4,13.9
2023-09-24T00:00:00,0.0,32.2,15.6
2023-09-25T00:00:00,0.0,27.2,15.0
2023-09-26T00:00:00,0.0,28.3,16.7
2023-09-27T00:00:00,2.0,32.2,15.6
2023-09-28T00:00:00,0.0,33.9,16.1
2023-09-29T00:00:00,0.0,32.8,16.7
2023-09-30T00:00:00,9.7,30.0,15.0
2023-10-01T00:00:00,0.0,26.7,15.6
2023-10-02T00:00:00,0.0,26.1,15.0
2023-10-03T00:00:00,0.3,29.4,13.9
2023-10-04T00:00:00,0.0,30.6,11.7
2023-10-05T00:00:00,0.0,25.0,10.6
2023-10-06T00:00:00,0.0,24.4,8.9
2023-10-07T00:00:00,0.0,23.3,8.9
2023-10-08T00:00:00,0.0,26.1,10.6
2023-10-09T00:00:00,0.0,28.3,12.8
2023-10-10T00:00:00,0.3,29.4,11.7
2023-10-11T00:00:00,27.4,30.0,18.9
2023-10-12T00:00:00,0.0,28.3,8.9
2023-10-13T00:00:00,0.0,21.1,5.6
2023-10-14T00:00:00,0.0,18.9,5.0
2023-10-15T00:00:00,0.0,18.9,6.1
2023-10-16T00:00:00,0.0,23.9,6.7
2023-10-17T00:00:00,0.0,30.0,16.1
2023-10-18T00:00:00,0.0,30.0,9.4
2023-10-19T00:00:00,0.0,26.7,10.6
2023-10-20T00:00:00,0.0,30.0,13.9
2023-10-21T00:00:00,0.0,30.6,16.7
2023-10-22T00:00:00,4.3,30.6,11.7
2023-10-23T00:00:00,0.0,26.7,11.7
2023-10-24T00:00:00,0.0,24.4,11.7
2023-10-25T00:00:00,0.0,22.2,12.8
2023-10-26T00:00:00,0.0,26.7,8.9
2023-10-27T00:00:00,0.0,17.8,8.3
2023-10-28T00:00:00,0.0,22.8,1.7
2023-10-29T00:00:00,0.8,3.3,-2.2
2023-10-30T00:00:00,0.0,7.2,-4.4
2023-10-31T00:00:00,0.0,11.7,-3.3
2023-11-01T00:00:00,0.0,7.2,-4.4
2023-11-02T00:00:00,0.0,11.7,-3.3
2023-11-03T00:00:00,0.0,18.3,1.7
2023-11-04T00:00:00,0.0,23.9,10.0
2023-11-05T00:00:00,0.0,27.8,10.0
2023-11-06T00:00:00,0.0,27.2,6.7
2023-11-07T00:00:00,0.0,30.0,10.0
2023-11-08T00:00:00,0.0,29.4,11.7
2023-11-09T00:00:00,0.0,27.8,9.4
2023-11-10T00:00:00,0.0,11.7,3.3
2023-11-11T00:00:00,8.6,8.3,2.8
2023-11-12T00:00:00,0.0,14.4,3.3
2023-11-13T00:00:00,3.0,12.2,6.1
2023-11-14T00:00:00,0.0,17.2,2.2
2023-11-15T00:00:00,0.0,18.9,5.6
2023-11-16T00:00:00,0.0,20.6,13.3
2023-11-17T00:00:00,0.0,20.6,10.0
2023-11-18T00:00:00,0.0,19.4,6.1
2023-11-19T00:00:00,0.0,22.8,7.8
2023-11-20T00:00:00,0.0,16.7,2.8
2023-11-21T00:00:00,0.0,13.9,2.2
2023-11-22T00:00:00,0.0,18.9,6.1
2023-11-23T00:00:00,0.0,20.6,0.0
2023-11-24T00:00:00,0.0,6.7,1.1
2023-11-25T00:00:00,0.0,16.7,-2.2
2023-11-26T00:00:00,0.0,7.2,-2.2
2023-11-27T00:00:00,0.0,9.4,-2.8
2023-11-28T00:00:00,0.0,13.3,0.0
2023-11-29T00:00:00,0.0,16.7,3.3
2023-11-30T00:00:00,0.0,15.0,0.0
2023-12-01T00:00:00,0.0,15.0,1.7
2023-12-02T00:00:00,0.0,15.6,1.7
2023-12-03T00:00:00,0.0,18.9,1.1
2023-12-04T00:00:00,0.0,17.8,3.3
2023-12-05T00:00:00,0.0,16.1,2.2
2023-12-06T00:00:00,0.0,18.9,5.0
2023-12-07T00:00:00,0.0,23.3,8.9
2023-12-08T00:00:00,0.0,23.3,-1.1
2023-12-09T00:00:00,0.0,8.3,-6.7
2023-12-10T00:00:00,0.0,13.9,1.1
2023-12-11T00:00:00,0.0,15.0,0.0
2023-12-12T00:00:00,0.0,10.6,5.0
2023-12-13T00:00:00,5.1,10.6,6.7
2023-12-14T00:00:00,2.3,10.6,1.7
2023-12-15T00:00:00,0.0,13.9,-0.6
2023-12-16T00:00:00,0.0,16.1,3.3
2023-12-17T00:00:00,0.0,22.8,0.0
2023-12-18T00:00:00,0.0,13.3,2.8
2023-12-19T00:00:00,0.0,16.7,6.1
2023-12-20T00:00:00,0.0,16.1,5.0
2023-12-21T00:00:00,0.0,18.3,3.9
2023-12-22T00:00:00,0.0,16.7,7.2
2023-12-23T00:00:00,1.5,15.6,1.7
2023-12-24T00:00:00,0.0,14.4,0.0
2023-12-25T00:00:00,0.0,8.3,-6.1
2023-12-26T00:00:00,0.0,12.2,-1.7
2023-12-27T00:00:00,0.0,13.3,-3.9
2023-12-28T00:00:00,0.0,11.1,-4.4
2023-12-29T00:00:00,0.0,15.6,0.6
2023-12-30T00:00:00,0.0,17.8,-0.6
2023-12-31T00:00:00,0.0,15.0,-6.1
2025-01-01T00:00:00,0.0,,
2025-01-02T00:00:00,0.0,,
2025-01-03T00:00:00,0.0,,
2025-01-04T00:00:00,0.0,,
2025-01-05T00:00:00,0.0,4.4,-7.2
2025-01-06T00:00:00,0.0,2.8,-6.7
2025-01-07T00:00:00,0.0,-1.1,-5.6
2025-01-08T00:00:00,0.0,-0.6,-8.9
2025-01-09T00:00:00,0.0,4.4,-3.3
2025-01-10T00:00:00,0.0,11.7,1.1
2025-01-11T00:00:00,0.0,5.0,-3.9
2025-01-12T00:00:00,0.0,6.7,-4.4
2025-01-13T00:00:00,0.0,8.9,-3.9
2025-01-14T00:00:00,5.1,10.0,-3.9
2025-01-15T00:00:00,15.2,12.8,1.1
2025-01-16T00:00:00,0.0,16.1,-1.1
2025-01-17T00:00:00,0.0,11.7,-12.2
2025-01-18T00:00:00,0.0,-0.6,-12.8
2025-01-19T00:00:00,0.0,-1.7,-18.3
2025-01-20T00:00:00,0.0,4.4,-11.1
2025-01-21T00:00:00,0.0,10.6,-10.6
2025-01-22T00:00:00,0.0,4.4,-8.3
2025-01-23T00:00:00,0.0,14.4,1.1
2025-01-24T00:00:00,0.0,10.6,-7.2
2025-01-25T00:00:00,0.0,8.3,-7.8
2025-01-26T00:00:00,0.0,6.1,-4.4
2025-01-27T00:00:00,0.0,12.8,-1.7
2025-01-28T00:00:00,0.0,13.3,-1.7
2025-01-29T00:00:00,0.0,17.2,0.0
2025-01-30T00:00:00,0.0,13.3,-1.7
2025-01-31T00:00:00,0.0,17.2,0.0
2025-02-01T00:00:00,0.0,20.0,9.4
2025-02-02T00:00:00,0.0,25.6,9.4
2025-02-03T00:00:00,0.0,27.2,6.1
2025-02-04T00:00:00,0.0,26.7,5.0
2025-02-05T00:00:00,0.0,26.7,6.7
2025-02-06T00:00:00,0.0,27.2,7.8
2025-02-07T00:00:00,0.0,28.3,9.4
2025-02-08T00:00:00,0.0,27.2,-1.1
2025-02-09T00:00:00,0.0,12.2,0.6
2025-02-10T00:00:00,0.0,15.0,1.1
2025-02-11T00:00:00,0.0,13.9,3.9
2025-02-12T00:00:00,0.0,13.3,-3.9
2025-02-13T00:00:00,0.0,6.1,-3.3
2025-02-14T00:00:00,0.0,20.6,5.0
2025-02-15T00:00:00,0.0,17.2,-1.7
2025-02-16T00:00:00,0.0,10.0,-3.9
2025-02-17T00:00:00,0.0,23.3,-3.3
2025-02-18T00:00:00,0.0,5.6,-12.8
2025-02-19T00:00:00,0.0,-2.8,-11.1
2025-02-20T00:00:00,0.0,0.0,-12.2
2025-02-21T00:00:00,0.0,3.9,-8.9
2025-02-22T00:00:00,0.0,15.6,0.6
2025-02-23T00:00:00,0.0,22.2,5.6
2025-02-24T00:00:00,0.0,28.3,7.2
2025-02-25T00:00:00,0.0,26.7,7.8
2025-02-26T00:00:00,0.0,19.4,3.9
2025-02-27T00:00:00,0.0,15.0,3.3
2025-02-28T00:00:00,0.0,20.6,5.0
2025-03-01T00:00:00,0.0,22.2,6.7
2025-03-02T00:00:00,0.0,21.7,7.8
2025-03-03T00:00:00,0.0,22.8,4.4
2025-03-04T00:00:00,0.0,19.4,-0.6
2025-03-05T00:00:00,0.0,20.0,3.3
2025-03-06T00:00:00,0.0,23.3,8.9
2025-03-07T00:00:00,0.0,20.0,1.1
2025-03-08T00:00:00,0.8,10.6,-1.7
2025-03-09T00:00:00,0.0,17.8,5.0
2025-03-10T00:00:00,0.0,22.2,5.6
2025-03-11T00:00:00,0.0,24.4,6.7
2025-03-12T00:00:00,0.0,22.2,6.1
2025-03-13T00:00:00,0.0,21.7,6.7
2025-03-14T00:00:00,0.0,15.6,-0.6
2025-03-15T00:00:00,0.0,13.3,1.7
2025-03-16T00:00:00,0.0,12.8,12.2
2025-03-17T00:00:00,,,
2025-03-18T00:00:00,,,
2025-03-19T00:00:00,,,
2025-03-20T00:00:00,,,
2025-03-21T00:00:00,,,
2025-03-22T00:00:00,,,
2025-03-23T00:00:00,,,
2025-03-24T00:00:00,,,
2025-03-25T00:00:00,,,
2025-03-26T00:00:00,,,
2025-03-27T00:00:00,,,
2025-03-28T00:00:00,,,
2025-03-29T00:00:00,,,
2025-03-30T00:00:00,,,
2025-03-31T00:00:00,,,
2025-04-01T00:00:00,0.0,,
2025-04-02T00:00:00,0.0,,
2025-04-03T00:00:00,0.0,15.0,5.6
2025-04-04T00:00:00,0.0,8.3,0.6
2025-04-05T00:00:00,0.0,6.1,-1.7
2025-04-06T00:00:00,0.0,15.0,5.0
2025-04-07T00:00:00,0.0,20.0,7.8
2025-04-08T00:00:00,0.0,26.1,12.8
2025-04-09T00:00:00,0.0,28.3,11.1
2025-04-10T00:00:00,0.0,27.8,10.0
2025-04-11T00:00:00,0.0,28.9,12.2
2025-04-12T00:00:00,6.4,33.9,13.9
2025-04-13T00:00:00,0.0,32.2,14.4
2025-04-14T00:00:00,0.0,22.2,10.6
2025-04-15T00:00:00,0.0,23.3,10.0
2025-04-16T00:00:00,0.0,31.7,15.0
2025-04-17T00:00:00,0.0,31.1,17.2
2025-04-18T00:00:00,0.0,26.1,6.1
2025-04-19T00:00:00,7.6,17.8,3.9
2025-04-20T00:00:00,0.0,23.3,6.7
2025-04-21T00:00:00,0.0,27.8,8.9
2025-04-22T00:00:00,0.0,28.9,9.4
2025-04-23T00:00:00,0.0,30.0,10.6
2025-04-24T00:00:00,0.0,30.6,8.3
2025-04-25T00:00:00,0.0,30.0,14.4
2025-04-26T00:00:00,0.0,30.0,11.7
2025-04-27T00:00:00,0.0,32.8,12.2
2025-04-28T00:00:00,0.0,28.9,11.1
2025-04-29T00:00:00,0.0,26.7,6.7
2025-04-30T00:00:00,0.0,26.1,13.3
2025-05-01T00:00:00,0.0,28.9,12.8
2025-05-02T00:00:00,0.0,20.6,8.3
2025-05-03T00:00:00,0.3,23.3,12.2
2025-05-04T00:00:00,15.2,21.7,10.0
2025-05-05T00:00:00,11.4,23.9,7.2
2025-05-06T00:00:00,0.0,21.1,6.7
2025-05-07T00:00:00,0.0,20.6,10.6
2025-05-08T00:00:00,6.4,21.7,8.9
2025-05-09T00:00:00,0.0,21.7,10.0
2025-05-10T00:00:00,0.0,23.9,11.1
2025-05-11T00:00:00,0.0,27.8,12.8
2025-05-12T00:00:00,0.0,32.2,20.0
2025-05-13T00:00:00,0.0,33.3,18.9
2025-05-14T00:00:00,0.0,29.4,15.6
2025-05-15T00:00:00,0.0,28.9,11.7
2025-05-16T00:00:00,0.0,31.1,17.2
2025-05-17T00:00:00,0.0,30.6,12.8
2025-05-18T00:00:00,0.0,30.0,12.2
2025-05-19T00:00:00,0.0,27.2,12.2
2025-05-20T00:00:00,0.0,28.3,11.1
2025-05-21T00:00:00,0.0,31.7,12.8
2025-05-22T00:00:00,0.0,36.1,13.3
2025-05-23T00:00:00,0.0,37.2,20.6
2025-05-24T00:00:00,0.0,36.7,17.8
2025-05-25T00:00:00,0.0,33.9,13.3
2025-05-26T00:00:00,0.0,29.4,15.0
2025-05-27T00:00:00,0.0,28.9,16.7
2025-05-28T00:00:00,0.0,30.0,15.0
2025-05-29T00:00:00,3.0,29.4,14.4
2025-05-30T00:00:00,0.0,27.8,16.1
2025-05-31T00:00:00,0.0,31.7,17.8
2025-06-01T00:00:00,0.0,35.0,18.9
2025-06-02T00:00:00,0.8,31.1,16.1
2025-06-03T00:00:00,0.0,27.2,15.6
2025-06-04T00:00:00,0.0,25.6,16.7
2025-06-05T00:00:00,0.0,28.3,17.2
2025-06-06T00:00:00,0.0,29.4,18.9
2025-06-07T00:00:00,0.0,35.6,17.8
2025-06-08T00:00:00,0.0,39.4,18.9
2025-06-09T00:00:00,0.0,30.0,16.1
2025-06-10T00:00:00,0.0,27.8,13.3
2025-06-11T00:00:00,0.0,29.4,16.1
2025-06-12T00:00:00,0.0,34.4,18.3
2025-06-13T00:00:00,0.0,35.6,19.4
2025-06-14T00:00:00,0.0,36.1,17.8
2025-06-15T00:00:00,5.8,38.3,16.1
2025-06-16T00:00:00,0.0,36.7,18.9
2025-06-17T00:00:00,0.0,40.6,20.6
2025-06-18T00:00:00,0.0,33.9,18.9
2025-06-19T00:00:00,0.0,33.9,20.0
2025-06-20T00:00:00,0.0,37.8,21.1
2025-06-21T00:00:00,0.0,37.8,20.6
2025-06-22T00:00:00,0.0,36.1,18.9
2025-06-23T00:00:00,0.0,32.8,17.8
2025-06-24T00:00:00,70.6,23.3,16.7
2025-06-25T00:00:00,0.0,24.4,18.3
2025-06-26T00:00:00,5.3,26.1,19.4
2025-06-27T00:00:00,0.0,27.2,18.9
2025-06-28T00:00:00,0.0,32.8,18.3
2025-06-29T00:00:00,0.0,32.8,18.3
2025-06-30T00:00:00,0.0,29.4,17.8
2025-07-01T00:00:00,0.0,22.8,17.2
2025-07-02T00:00:00,22.4,23.3,18.3
2025-07-03T00:00:00,8.4,28.3,18.3
2025-07-04T00:00:00,0.0,34.4,20.6
2025-07-05T00:00:00,0.3,35.6,20.6
2025-07-06T00:00:00,0.0,30.0,19.4
2025-07-07T00:00:00,0.0,31.7,17.8
2025-07-08T00:00:00,0.0,32.8,18.3
2025-07-09T00:00:00,0.0,32.8,18.9
2025-07-10T00:00:00,0.0,34.4,16.1
2025-07-11T00:00:00,0.3,27.2,17.2
2025-07-12T00:00:00,0.0,31.7,18.9
2025-07-13T00:00:00,0.0,30.6,16.7
2025-07-14T00:00:00,0.0,33.3,17.8
2025-07-15T00:00:00,0.0,35.6,18.3
2025-07-16T00:00:00,0.0,30.0,19.4
2025-07-17T00:00:00,0.0,33.9,18.3
2025-07-18T00:00:00,0.0,35.6,20.0
2025-07-19T00:00:00,0.0,36.1,23.3
2025-07-20T00:00:00,0.0,34.4,21.1
2025-07-21T00:00:00,0.0,32.8,20.0
2025-07-22T00:00:00,0.0,32.2,20.6
2025-07-23T00:00:00,0.0,31.7,18.3
2025-07-24T00:00:00,0.0,33.3,20.6
2025-07-25T00:00:00,0.0,35.6,18.3
2025-07-26T00:00:00,0.0,33.3,18.3
2025-07-27T00:00:00,0.0,32.8,20.6
2025-07-28T00:00:00,1.5,33.3,18.9
2025-07-29T00:00:00,3.3,33.9,18.3
2025-07-30T00:00:00,0.5,27.8,18.3
2025-07-31T00:00:00,0.0,33.3,18.9
2025-08-01T00:00:00,0.0,33.3,17.2
2025-08-02T00:00:00,0.0,33.9,19.4
2025-08-03T00:00:00,0.0,37.8,19.4
2025-08-04T00:00:00,0.0,35.6,18.3
2025-08-05T00:00:00,0.0,39.4,20.0
2025-08-06T00:00:00,0.0,39.4,18.3
2025-08-07T00:00:00,0.0,37.8,17.8
2025-08-08T00:00:00,0.0,39.4,21.1
2025-08-09T00:00:00,0.0,37.2,20.0
2025-08-10T00:00:00,0.0,36.1,20.0
2025-08-11T00:00:00,9.4,35.6,18.9
2025-08-12T00:00:00,0.0,31.1,17.8
2025-08-13T00:00:00,0.0,35.0,18.3
2025-08-14T00:00:00,0.0,36.7,19.4
2025-08-15T00:00:00,14.7,33.9,18.3
2025-08-16T00:00:00,0.0,32.8,18.9
2025-08-17T00:00:00,0.0,34.4,20.0
2025-08-18T00:00:00,0.0,33.3,18.9
2025-08-19T00:00:00,0.0,30.6,18.9
2025-08-20T00:00:00,0.0,32.8,18.3
2025-08-21T00:00:00,0.0,32.2,16.7
2025-08-22T00:00:00,0.0,32.2,16.7
2025-08-23T00:00:00,0.0,32.2,16.7
2025-08-24T00:00:00,0.0,32.8,18.3
2025-08-25T00:00:00,0.0,35.0,18.9
2025-08-26T00:00:00,0.0,32.2,18.3
2025-08-27T00:00:00,0.0,32.2,20.0
2025-08-28T00:00:00,0.0,35.6,20.6
2025-08-29T00:00:00,8.1,32.2,18.3
2025-08-30T00:00:00,0.0,30.0,16.7
2025-08-31T00:00:00,3.6,27.2,17.2
2025-09-01T00:00:00,0.0,31.1,16.1
2025-09-02T00:00:00,0.0,31.1,15.6
2025-09-03T00:00:00,0.0,32.2,17.2
2025-09-04T00:00:00,2.8,33.9,17.2
2025-09-05T00:00:00,0.0,22.8,15.6
2025-09-06T00:00:00,0.0,25.0,16.1
2025-09-07T00:00:00,0.0,30.0,14.4
2025-09-08T00:00:00,0.0,33.3,14.4
2025-09-09T00:00:00,0.0,34.4,15.0
2025-09-10T00:00:00,0.0,33.9,14.4
2025-09-11T00:00:00,0.0,33.3,14.4
2025-09-12T00:00:00,0.0,32.2,17.8
2025-09-13T00:00:00,0.0,25.0,15.6
2025-09-14T00:00:00,0.0,28.9,14.4
2025-09-15T00:00:00,0.0,29.4,15.6
2025-09-16T00:00:00,0.0,31.7,16.1
2025-09-17T00:00:00,0.0,28.3,13.9
2025-09-18T00:00:00,0.0,27.8,15.6
2025-09-19T00:00:00,0.0,27.8,15.6
2025-09-20T00:00:00,2.0,31.1,17.8
2025-09-21T00:00:00,0.0,33.3,18.3
2025-09-22T00:00:00,0.0,33.9,15.6
2025-09-23T00:00:00,0.0,29.4,15.0
2025-09-24T00:00:00,0.0,23.9,11.1
2025-09-25T00:00:00,0.0,27.2,12.8
2025-09-26T00:00:00,0.0,30.6,17.8
2025-09-27T00:00:00,0.0,27.2,14.4
2025-09-28T00:00:00,0.0,20.6,12.8
2025-09-29T00:00:00,9.7,25.0,12.2
2025-09-30T00:00:00,0.0,27.2,13.9
2025-10-01T00:00:00,0.0,30.0,15.0
2025-10-02T00:00:00,0.0,31.1,14.4
2025-10-03T00:00:00,0.0,30.6,12.2
2025-10-04T00:00:00,0.0,30.6,15.0
2025-10-05T00:00:00,0.0,31.7,14.4
2025-10-06T00:00:00,2.5,29.4,16.1
2025-10-07T00:00:00,0.0,23.3,14.4
2025-10-08T00:00:00,0.0,22.8,14.4
2025-10-09T00:00:00,0.0,26.7,12.2
2025-10-10T00:00:00,0.0,27.2,13.9
2025-10-11T00:00:00,0.0,30.6,17.8
2025-10-12T00:00:00,4.6,25.6,13.9
2025-10-13T00:00:00,15.7,23.3,16.1
2025-10-14T00:00:00,1.5,24.4,14.4
2025-10-15T00:00:00,0.0,28.9,11.1
2025-10-16T00:00:00,0.0,27.2,10.0
2025-10-17T00:00:00,0.0,27.8,7.8
2025-10-18T00:00:00,0.0,26.7,11.1
2025-10-19T00:00:00,0.0,31.7,6.1
2025-10-20T00:00:00,0.0,21.1,5.6
2025-10-21T00:00:00,0.0,27.2,12.8
2025-10-22T00:00:00,0.0,23.9,10.6
2025-10-23T00:00:00,1.0,26.1,9.4
2025-10-24T00:00:00,0.0,22.8,10.0
2025-10-25T00:00:00,0.0,27.8,11.1
2025-10-26T00:00:00,0.0,28.3,10.0
2025-10-27T00:00:00,0.0,17.2,-1.7
2025-10-28T00:00:00,0.0,17.8,1.1
2025-10-29T00:00:00,0.0,24.4,3.3
2025-10-30T00:00:00,0.0,26.1,7.2
2025-10-31T00:00:00,0.0,18.3,3.9
2025-11-01T00:00:00,0.0,18.3,3.9
2025-11-02T00:00:00,0.0,26.7,9.4
2025-11-03T00:00:00,0.0,26.7,7.2
2025-11-04T00:00:00,0.0,30.6,9.4
2025-11-05T00:00:00,0.0,27.2,4.4
2025-11-06T00:00:00,0.0,28.3,10.6
2025-11-07T00:00:00,0.0,23.3,7.8
2025-11-08T00:00:00,0.0,25.6,3.3
2025-11-09T00:00:00,0.0,13.3,-1.1
2025-11-10T00:00:00,0.0,21.7,5.6
2025-11-11T00:00:00,0.0,27.2,8.9
2025-11-12T00:00:00,0.0,25.0,9.4
2025-11-13T00:00:00,0.0,26.7,11.7
2025-11-14T00:00:00,0.0,28.9,12.2
2025-11-15T00:00:00,0.0,28.9,10.0
2025-11-16T00:00:00,0.0,26.1,11.7
2025-11-17T00:00:00,0.0,22.8,7.2
2025-11-18T00:00:00,0.0,22.8,9.4
2025-11-19T00:00:00,0.0,19.4,8.9
2025-11-20T00:00:00,6.4,16.7,5.0
2025-11-21T00:00:00,0.0,18.3,2.8
2025-11-22T00:00:00,0.0,15.6,5.0
2025-11-23T00:00:00,0.0,20.6,5.0
2025-11-24T00:00:00,0.0,18.9,5.0
2025-11-25T00:00:00,0.0,19.4,5.0
2025-11-26T00:00:00,0.0,13.9,-0.6
2025-11-27T00:00:00,0.0,15.0,3.3
2025-11-28T00:00:00,0.0,21.7,8.3
2025-11-29T00:00:00,0.0,21.1,-1.7
2025-11-30T00:00:00,0.0,4.4,-7.8
2025-12-01T00:00:00,0.0,13.3,-5.0
2025-12-02T00:00:00,0.0,18.9,1.7
2025-12-03T00:00:00,0.0,12.8,-3.9
2025-12-04T00:00:00,0.0,12.8,-2.8
2025-12-05T00:00:00,0.0,15.0,-0.6
2025-12-06T00:00:00,0.0,21.7,2.2
2025-12-07T00:00:00,0.0,15.6,-1.1
2025-12-08T00:00:00,0.0,20.0,3.3
2025-12-09T00:00:00,0.0,22.8,4.4
2025-12-10T00:00:00,0.0,17.8,4.4
2025-12-11T00:00:00,0.0,25.6,8.3
2025-12-12T00:00:00,0.0,21.7,3.3
2025-12-13T00:00:00,0.0,26.7,-4.4
2025-12-14T00:00:00,0.0,7.8,-6.1
2025-12-15T00:00:00,0.0,18.9,0.6
2025-12-16T00:00:00,0.0,24.4,3.9
2025-12-17T00:00:00,0.0,22.8,7.8
2025-12-18T00:00:00,0.0,21.1,1.1
2025-12-19T00:00:00,0.0,26.1,11.7
2025-12-20T00:00:00,0.0,27.2,1.1
2025-12-21T00:00:00,0.0,21.1,3.3
2025-12-22T00:00:00,0.0,27.2,5.0
2025-12-23T00:00:00,0.0,23.9,6.1
2025-12-24T00:00:00,0.0,26.7,10.0
2025-12-25T00:00:00,0.0,25.0,6.1
2025-12-26T00:00:00,0.0,25.6,11.7
2025-12-27T00:00:00,0.0,23.9,5.6
2025-12-28T00:00:00,0.0,18.9,-2.8
2025-12-29T00:00:00,2.5,2.2,-7.8
2025-12-30T00:00:00,0.0,9.4,-3.3
2025-12-31T00:00:00,0.0,15.0,6.1
2026-01-01T00:00:00,0.0,21.1,8.9
2026-01-02T00:00:00,0.0,21.1,4.4
2026-01-03T00:00:00,0.0,18.3,6.1
2026-01-04T00:00:00,0.0,22.2,6.7
2026-01-05T00:00:00,0.0,22.8,1.1
2026-01-06T00:00:00,0.0,18.9,8.3
2026-01-07T00:00:00,0.0,20.6,5.6
2026-01-08T00:00:00,0.0,15.0,4.4
2026-01-09T00:00:00,0.0,13.9,-6.7
2026-01-10T00:00:00,0.0,8.3,-6.1
2026-01-11T00:00:00,0.0,10.6,-3.9
2026-01-12T00:00:00,0.0,11.7,-3.3
2026-01-13T00:00:00,0.0,18.3,1.7
2026-01-14T00:00:00,0.0,14.4,2.8
2026-01-15T00:00:00,0.0,20.6,1.7
2026-01-16T00:00:00,0.0,8.9,-7.2
2026-01-17T00:00:00,0.0,9.4,-9.4
2026-01-18T00:00:00,0.0,16.7,2.2
2026-01-19T00:00:00,0.0,6.7,-8.3
2026-01-20T00:00:00,0.0,11.1,-1.7
2026-01-21T00:00:00,0.0,11.7,-2.8
2026-01-22T00:00:00,0.0,14.4,1.7
2026-01-23T00:00:00,0.5,2.8,-7.8
2026-01-24T00:00:00,2.8,-7.2,-12.8
2026-01-25T00:00:00,21.1,-4.4,-16.7
2026-01-26T00:00:00,0.0,1.7,-12.8
2026-01-27T00:00:00,0.0,9.4,-6.1
2026-01-28T00:00:00,0.0,11.1,1.1
2026-01-29T00:00:00,0.0,10.6,-2.8
2026-01-30T00:00:00,0.0,9.4,-2.8
2026-01-31T00:00:00,0.0,0.0,-2.8
2026-02-01T00:00:00,0.0,11.1,-1.7
2026-02-02T00:00:00,0.0,21.1,2.2
2026-02-03T00:00:00,0.0,14.4,1.1
2026-02-04T00:00:00,0.0,12.8,0.0
2026-02-05T00:00:00,0.0,18.9,0.0
2026-02-06T00:00:00,0.0,20.0,5.0
2026-02-07T00:00:00,0.0,22.8,7.8
2026-02-08T00:00:00,0.0,22.2,5.6
2026-02-09T00:00:00,0.0,22.2,9.4
2026-02-10T00:00:00,0.0,17.8,0.0
2026-02-11T00:00:00,0.0,17.8,4.4
2026-02-12T00:00:00,0.0,21.1,8.3
2026-02-13T00:00:00,25.7,17.8,5.6
2026-02-14T00:00:00,0.0,18.9,3.3
2026-02-15T00:00:00,0.0,21.7,5.0
2026-02-16T00:00:00,0.0,25.6,11.1
2026-02-17T00:00:00,0.0,21.7,-0.6
2026-02-18T00:00:00,0.0,20.0,6.7
2026-02-19T00:00:00,0.0,18.9,-0.6
2026-02-20T00:00:00,0.0,18.9,-4.4
2026-02-21T00:00:00,0.0,13.9,-5.6
2026-02-22T00:00:00,0.0,11.7,-4.4
2026-02-23T00:00:00,0.0,20.6,2.8
2026-02-24T00:00:00,0.0,25.6,13.3
2026-02-25T00:00:00,0.0,28.9,11.1
2026-02-26T00:00:00,0.0,25.6,7.8
2026-02-27T00:00:00,0.0,27.8,10.0
2026-02-28T00:00:00,0.0,28.3,8.9
2026-03-05T00:00:00,0.0,25.6,12.2
2026-03-06T00:00:00,0.0,21.1,3.9
2026-03-07T00:00:00,0.0,8.3,5.0
