DATE,PRCP,TMAX,TMIN
2008-12-18T00:00:00,0.0,,
2008-12-19T00:00:00,0.0,,
2008-12-22T00:00:00,0.0,,
2008-12-23T00:00:00,0.0,,
2008-12-24T00:00:00,0.0,,
2008-12-26T00:00:00,0.0,,
2008-12-29T00:00:00,0.0,,
2008-12-30T00:00:00,0.0,,
2008-12-31T00:00:00,0.0,,
2009-01-01T00:00:00,0.0,,
2009-01-02T00:00:00,0.0,,
2009-01-03T00:00:00,0.0,,
2009-01-04T00:00:00,0.0,,
2009-01-05T00:00:00,0.0,,
2009-01-06T00:00:00,0.0,,
2009-01-07T00:00:00,0.0,,
2009-01-09T00:00:00,0.0,,
2009-01-10T00:00:00,0.0,,
2009-01-11T00:00:00,0.0,,
2009-01-12T00:00:00,0.0,,
2009-01-14T00:00:00,0.0,,
2009-01-16T00:00:00,0.0,,
2009-01-17T00:00:00,0.0,,
2009-01-18T00:00:00,0.0,,
2009-01-19T00:00:00,0.0,,
2009-01-20T00:00:00,0.0,,
2009-01-21T00:00:00,0.0,,
2009-01-22T00:00:00,0.0,,
2009-01-23T00:00:00,0.0,,
2009-01-25T00:00:00,0.0,,
2009-01-26T00:00:00,0.0,,
2009-01-27T00:00:00,0.0,,
2009-01-28T00:00:00,0.0,,
2009-01-30T00:00:00,0.0,,
2009-01-31T00:00:00,0.0,,
2009-02-01T00:00:00,0.0,,
2009-02-02T00:00:00,0.0,,
2009-02-03T00:00:00,0.0,,
2009-02-04T00:00:00,0.0,,
2009-02-06T00:00:00,0.0,,
2009-02-07T00:00:00,0.0,,
2009-02-10T00:00:00,0.0,,
2009-02-11T00:00:00,0.0,,
2009-02-13T00:00:00,0.0,,
2009-02-14T00:00:00,0.0,,
2009-02-15T00:00:00,0.0,,
2009-02-16T00:00:00,0.0,,
2009-02-17T00:00:00,0.0,,
2009-02-18T00:00:00,0.0,,
2009-02-19T00:00:00,0.0,,
2009-02-20T00:00:00,0.0,,
2009-02-21T00:00:00,0.0,,
2009-02-22T00:00:00,0.0,,
2009-02-23T00:00:00,0.0,,
2009-02-24T00:00:00,0.0,,
2009-02-25T00:00:00,0.0,,
2009-02-26T00:00:00,0.0,,
2009-02-27T00:00:00,0.0,,
2009-02-28T00:00:00,0.0,,
2009-03-01T00:00:00,0.0,,
2009-03-03T00:00:00,0.0,,
2009-03-04T00:00:00,0.0,,
2009-03-05T00:00:00,0.0,,
2009-03-07T00:00:00,0.0,,
2009-03-08T00:00:00,0.0,,
2009-03-09T00:00:00,0.0,,
2009-03-10T00:00:00,0.0,,
2009-03-11T00:00:00,17.5,,
2009-03-12T00:00:00,31.8,,
2009-03-13T00:00:00,0.3,,
2009-03-14T00:00:00,0.5,,
2009-03-15T00:00:00,0.0,,
2009-03-16T00:00:00,0.0,,
2009-03-17T00:00:00,0.0,,
2009-03-18T00:00:00,0.0,,
2009-03-19T00:00:00,0.0,,
2009-03-20T00:00:00,0.0,,
2009-03-21T00:00:00,0.0,,
2009-03-22T00:00:00,0.0,,
2009-03-23T00:00:00,0.0,,
2009-03-25T00:00:00,0.0,,
2009-03-26T00:00:00,0.0,,
2009-03-27T00:00:00,0.0,,
2009-03-28T00:00:00,0.0,,
2009-03-29T00:00:00,0.0,,
2009-03-30T00:00:00,0.0,,
2009-04-01T00:00:00,0.0,,
2009-04-02T00:00:00,0.0,,
2009-04-03T00:00:00,0.0,,
2009-04-04T00:00:00,0.0,,
2009-04-05T00:00:00,0.0,,
2009-04-06T00:00:00,0.0,,
2009-04-07T00:00:00,0.0,,
2009-04-08T00:00:00,0.0,,
2009-04-09T00:00:00,0.0,,
2009-04-10T00:00:00,0.0,,
2009-04-11T00:00:00,0.0,,
2009-04-13T00:00:00,0.0,,
2009-04-14T00:00:00,0.0,,
2009-04-15T00:00:00,0.0,,
2009-04-16T00:00:00,0.0,,
2009-04-17T00:00:00,0.5,,
2009-04-18T00:00:00,0.0,,
2009-04-19T00:00:00,0.0,,
2009-04-20T00:00:00,0.0,,
2009-04-21T00:00:00,,,
2009-04-22T00:00:00,0.0,,
2009-04-23T00:00:00,0.0,,
2009-04-24T00:00:00,0.5,,
2009-04-25T00:00:00,0.0,,
2009-04-26T00:00:00,0.0,,
2009-04-27T00:00:00,0.0,,
2009-04-28T00:00:00,0.0,,
2009-04-29T00:00:00,0.0,,
2009-04-30T00:00:00,8.9,,
2009-05-01T00:00:00,0.0,,
2009-05-02T00:00:00,0.0,,
2009-05-03T00:00:00,0.0,,
2009-05-04T00:00:00,0.0,,
2009-05-05T00:00:00,0.0,,
2009-05-06T00:00:00,0.0,,
2009-05-07T00:00:00,0.0,,
2009-05-08T00:00:00,0.0,,
2009-05-09T00:00:00,0.0,,
2009-05-10T00:00:00,0.0,,
2009-05-11T00:00:00,0.0,,
2009-05-13T00:00:00,0.0,,
2009-05-14T00:00:00,0.0,,
2009-05-15T00:00:00,0.0,,
2009-05-16T00:00:00,5.8,,
2009-05-17T00:00:00,0.0,,
2009-05-18T00:00:00,0.0,,
2009-05-21T00:00:00,0.0,,
2009-05-22T00:00:00,0.0,,
2009-05-23T00:00:00,4.8,,
2009-05-24T00:00:00,0.0,,
2009-05-25T00:00:00,0.0,,
2009-05-26T00:00:00,0.8,,
2009-05-29T00:00:00,19.6,,
2009-05-30T00:00:00,0.0,,
2009-06-01T00:00:00,0.0,,
2009-06-03T00:00:00,13.7,,
2009-06-04T00:00:00,0.0,,
2009-06-05T00:00:00,0.0,,
2009-06-06T00:00:00,0.0,,
2009-06-08T00:00:00,0.0,,
2009-06-09T00:00:00,0.0,,
2009-06-13T00:00:00,,,
2009-06-14T00:00:00,0.0,,
2009-06-16T00:00:00,0.0,,
2009-06-19T00:00:00,25.4,,
2009-06-21T00:00:00,,,
2009-06-24T00:00:00,0.0,,
2009-06-25T00:00:00,0.0,,
2009-06-26T00:00:00,0.0,,
2009-06-27T00:00:00,0.0,,
2009-06-28T00:00:00,0.0,,
2009-06-29T00:00:00,0.0,,
2009-07-01T00:00:00,14.5,,
2009-07-02T00:00:00,0.0,,
2009-07-03T00:00:00,0.0,,
2009-07-04T00:00:00,0.0,,
2009-07-05T00:00:00,0.0,,
2009-07-06T00:00:00,0.0,,
2009-07-07T00:00:00,0.0,,
2009-07-08T00:00:00,0.0,,
2009-07-09T00:00:00,0.0,,
2009-07-10T00:00:00,0.0,,
2009-07-12T00:00:00,0.0,,
2009-07-13T00:00:00,0.0,,
2009-07-15T00:00:00,0.0,,
2009-07-16T00:00:00,0.0,,
2009-07-18T00:00:00,,,
2009-07-20T00:00:00,0.0,,
2009-07-21T00:00:00,0.0,,
2009-07-22T00:00:00,0.0,,
2009-07-23T00:00:00,0.0,,
2009-07-24T00:00:00,0.0,,
2009-07-25T00:00:00,0.0,,
2009-07-26T00:00:00,0.0,,
2009-07-27T00:00:00,0.0,,
2009-07-28T00:00:00,0.0,,
2009-07-30T00:00:00,0.0,,
2009-07-31T00:00:00,1.8,,
2009-08-01T00:00:00,0.0,,
2009-08-02T00:00:00,0.8,,
2009-08-04T00:00:00,,,
2009-08-05T00:00:00,0.0,,
2009-08-06T00:00:00,0.0,,
2009-08-07T00:00:00,0.0,,
2009-08-08T00:00:00,0.0,,
2009-08-09T00:00:00,0.0,,
2009-08-10T00:00:00,0.0,,
2009-08-11T00:00:00,0.0,,
2009-08-12T00:00:00,0.3,,
2009-08-14T00:00:00,,,
2009-08-15T00:00:00,0.0,,
2009-08-16T00:00:00,0.0,,
2009-08-17T00:00:00,0.0,,
2009-08-18T00:00:00,0.0,,
2009-08-20T00:00:00,0.0,,
2009-08-21T00:00:00,0.0,,
2009-08-23T00:00:00,,,
2009-08-26T00:00:00,,,
2009-08-28T00:00:00,5.1,,
2009-08-29T00:00:00,0.0,,
2009-08-30T00:00:00,0.0,,
2009-08-31T00:00:00,0.0,,
2009-09-01T00:00:00,0.0,,
2009-09-02T00:00:00,0.0,,
2009-09-03T00:00:00,0.0,,
2009-09-04T00:00:00,0.0,,
2009-09-05T00:00:00,0.0,,
2009-09-06T00:00:00,0.0,,
2009-09-07T00:00:00,0.0,,
2009-09-08T00:00:00,0.0,,
2009-09-09T00:00:00,10.7,,
2009-09-10T00:00:00,0.3,,
2009-09-12T00:00:00,1.0,,
2009-09-13T00:00:00,0.8,,
2009-09-14T00:00:00,0.0,,
2009-09-15T00:00:00,0.0,,
2009-09-16T00:00:00,0.0,,
2009-09-17T00:00:00,0.0,,
2009-09-18T00:00:00,0.0,,
2009-09-19T00:00:00,0.0,,
2009-09-20T00:00:00,0.0,,
2009-09-21T00:00:00,1.5,,
2009-09-22T00:00:00,0.0,,
2009-09-24T00:00:00,,,
2009-09-25T00:00:00,0.0,,
2009-09-26T00:00:00,0.0,,
2009-09-27T00:00:00,0.0,,
2009-09-29T00:00:00,,,
2009-09-30T00:00:00,0.0,,
2009-10-01T00:00:00,0.0,,
2009-10-02T00:00:00,0.0,,
2009-10-03T00:00:00,0.0,,
2009-10-04T00:00:00,5.1,,
2009-10-05T00:00:00,8.6,,
2009-10-06T00:00:00,0.0,,
2009-10-07T00:00:00,6.1,,
2009-10-08T00:00:00,0.3,,
2009-10-10T00:00:00,,,
2009-10-11T00:00:00,0.0,,
2009-10-12T00:00:00,1.5,,
2009-10-13T00:00:00,7.6,,
2009-10-14T00:00:00,0.3,,
2009-10-15T00:00:00,0.3,,
2009-10-16T00:00:00,0.0,,
2009-10-17T00:00:00,0.0,,
2009-10-18T00:00:00,0.0,,
2009-10-21T00:00:00,,,
2009-10-22T00:00:00,17.5,,
2009-10-24T00:00:00,,,
2009-10-25T00:00:00,0.0,,
2009-10-26T00:00:00,17.0,,
2009-10-28T00:00:00,0.0,,
2009-10-29T00:00:00,0.0,,
2009-10-30T00:00:00,0.0,,
2009-10-31T00:00:00,0.0,,
2009-11-01T00:00:00,0.0,,
2009-11-02T00:00:00,0.0,,
2009-11-03T00:00:00,0.0,,
2009-11-04T00:00:00,0.0,,
2009-11-05T00:00:00,0.0,,
2009-11-07T00:00:00,0.0,,
2009-11-08T00:00:00,0.0,,
2009-11-09T00:00:00,0.0,,
2009-11-10T00:00:00,0.0,,
2009-11-11T00:00:00,0.0,,
2009-11-12T00:00:00,0.0,,
2009-11-13T00:00:00,0.0,,
2009-11-14T00:00:00,0.0,,
2009-11-15T00:00:00,0.0,,
2009-11-16T00:00:00,0.0,,
2009-11-17T00:00:00,0.0,,
2009-11-18T00:00:00,0.0,,
2009-11-19T00:00:00,0.0,,
2009-11-20T00:00:00,0.0,,
2009-11-21T00:00:00,0.0,,
2009-11-22T00:00:00,0.0,,
2009-11-23T00:00:00,0.0,,
2009-11-24T00:00:00,0.0,,
2009-11-25T00:00:00,0.0,,
2009-11-26T00:00:00,0.0,,
2009-11-27T00:00:00,0.0,,
2009-11-28T00:00:00,0.0,,
2009-11-29T00:00:00,0.0,,
2009-11-30T00:00:00,6.4,,
2009-12-01T00:00:00,13.0,,
2009-12-02T00:00:00,1.0,,
2009-12-03T00:00:00,0.0,,
2009-12-04T00:00:00,0.0,,
2009-12-05T00:00:00,0.0,,
2009-12-06T00:00:00,0.0,,
2009-12-07T00:00:00,0.0,,
2009-12-08T00:00:00,1.3,,
2009-12-09T00:00:00,0.0,,
2009-12-10T00:00:00,0.0,,
2009-12-11T00:00:00,0.0,,
2009-12-12T00:00:00,0.8,,
2009-12-13T00:00:00,0.5,,
2009-12-14T00:00:00,0.5,,
2009-12-15T00:00:00,0.0,,
2009-12-16T00:00:00,0.0,,
2009-12-17T00:00:00,0.0,,
2009-12-18T00:00:00,0.0,,
2009-12-19T00:00:00,0.0,,
2009-12-20T00:00:00,0.0,,
2009-12-22T00:00:00,0.0,,
2009-12-23T00:00:00,0.0,,
2009-12-24T00:00:00,4.6,,
2009-12-25T00:00:00,0.0,,
2009-12-26T00:00:00,0.0,,
2009-12-27T00:00:00,0.0,,
2009-12-28T00:00:00,0.0,,
2009-12-29T00:00:00,0.5,,
2009-12-31T00:00:00,0.0,,
2010-01-01T00:00:00,0.0,,
2010-01-02T00:00:00,0.0,,
2010-01-03T00:00:00,0.0,,
2010-01-04T00:00:00,0.0,,
2010-01-05T00:00:00,0.0,,
2010-01-06T00:00:00,0.0,,
2010-01-07T00:00:00,0.0,,
2010-01-08T00:00:00,0.0,,
2010-01-09T00:00:00,0.0,,
2010-01-10T00:00:00,0.0,,
2010-01-11T00:00:00,0.0,,
2010-01-12T00:00:00,0.0,,
2010-01-13T00:00:00,0.3,,
2010-01-15T00:00:00,6.9,,
2010-01-16T00:00:00,16.0,,
2010-01-17T00:00:00,0.0,,
2010-01-18T00:00:00,0.0,,
2010-01-19T00:00:00,0.5,,
2010-01-20T00:00:00,0.5,,
2010-01-21T00:00:00,0.0,,
2010-01-22T00:00:00,0.0,,
2010-01-23T00:00:00,0.0,,
2010-01-25T00:00:00,,,
2010-01-26T00:00:00,0.0,,
2010-01-28T00:00:00,,,
2010-01-29T00:00:00,13.2,,
2010-01-30T00:00:00,0.0,,
2010-01-31T00:00:00,0.0,,
2010-02-01T00:00:00,0.0,,
2010-02-02T00:00:00,0.0,,
2010-02-04T00:00:00,,,
2010-02-05T00:00:00,4.8,,
2010-02-07T00:00:00,0.0,,
2010-02-08T00:00:00,1.3,,
2010-02-09T00:00:00,0.0,,
2010-02-11T00:00:00,,,
2010-02-12T00:00:00,0.0,,
2010-02-13T00:00:00,0.0,,
2010-02-14T00:00:00,0.0,,
2010-02-15T00:00:00,0.3,,
2010-02-16T00:00:00,0.0,,
2010-02-19T00:00:00,0.0,,
2010-02-20T00:00:00,0.0,,
2010-02-21T00:00:00,0.0,,
2010-02-22T00:00:00,0.0,,
2010-02-23T00:00:00,0.0,,
2010-02-24T00:00:00,1.0,,
2010-02-26T00:00:00,,,
2010-02-27T00:00:00,0.0,,
2010-02-28T00:00:00,0.0,,
2010-03-01T00:00:00,4.3,,
2010-03-02T00:00:00,0.3,,
2010-03-04T00:00:00,,,
2010-03-05T00:00:00,0.0,,
2010-03-06T00:00:00,0.5,,
2010-03-09T00:00:00,,,
2010-03-10T00:00:00,0.0,,
2010-03-12T00:00:00,,,
2010-03-13T00:00:00,0.0,,
2010-03-15T00:00:00,0.0,,
2010-03-16T00:00:00,1.5,,
2010-03-19T00:00:00,,,
2010-03-20T00:00:00,0.0,,
2010-03-21T00:00:00,0.3,,
2010-03-22T00:00:00,0.0,,
2010-03-23T00:00:00,0.0,,
2010-03-25T00:00:00,,,
2010-03-26T00:00:00,0.0,,
2010-03-28T00:00:00,0.0,,
2010-03-29T00:00:00,0.0,,
2010-03-30T00:00:00,0.0,,
2010-04-01T00:00:00,0.0,,
2010-04-02T00:00:00,0.0,,
2010-04-03T00:00:00,0.0,,
2010-04-05T00:00:00,0.0,,
2010-04-06T00:00:00,0.0,,
2010-04-07T00:00:00,0.0,,
2010-04-08T00:00:00,0.0,,
2010-04-09T00:00:00,0.0,,
2010-04-10T00:00:00,,,
2010-04-11T00:00:00,0.0,,
2010-04-12T00:00:00,2.5,,
2010-04-13T00:00:00,2.0,,
2010-04-14T00:00:00,3.0,,
2010-04-15T00:00:00,39.4,,
2010-04-16T00:00:00,2.0,,
2010-04-17T00:00:00,0.0,,
2010-04-18T00:00:00,0.0,,
2010-04-19T00:00:00,0.0,,
2010-04-20T00:00:00,0.0,,
2010-04-21T00:00:00,0.0,,
2010-04-22T00:00:00,0.0,,
2010-04-23T00:00:00,0.0,,
2010-04-24T00:00:00,0.0,,
2010-04-25T00:00:00,0.0,,
2010-04-26T00:00:00,0.0,,
2010-04-27T00:00:00,0.0,,
2010-04-28T00:00:00,0.0,,
2010-04-29T00:00:00,0.0,,
2010-04-30T00:00:00,0.0,,
2010-05-01T00:00:00,0.8,,
2010-05-02T00:00:00,0.0,,
2010-05-03T00:00:00,0.0,,
2010-05-04T00:00:00,0.0,,
2010-05-06T00:00:00,0.0,,
2010-05-07T00:00:00,0.0,,
2010-05-08T00:00:00,0.0,,
2010-05-09T00:00:00,0.0,,
2010-05-10T00:00:00,0.0,,
2010-05-11T00:00:00,0.0,,
2010-05-12T00:00:00,0.0,,
2010-05-13T00:00:00,0.0,,
2010-05-14T00:00:00,0.0,,
2010-05-15T00:00:00,0.0,,
2010-05-17T00:00:00,0.0,,
2010-05-18T00:00:00,8.9,,
2010-05-19T00:00:00,0.0,,
2010-05-20T00:00:00,0.0,,
2010-05-21T00:00:00,0.0,,
2010-05-22T00:00:00,0.0,,
2010-05-23T00:00:00,0.0,,
2010-05-24T00:00:00,0.0,,
2010-05-25T00:00:00,0.0,,
2010-05-26T00:00:00,0.0,,
2010-05-27T00:00:00,0.0,,
2010-05-28T00:00:00,0.0,,
2010-05-29T00:00:00,0.0,,
2010-05-30T00:00:00,0.0,,
2010-05-31T00:00:00,0.0,,
2010-06-01T00:00:00,0.0,,
2010-06-02T00:00:00,0.0,,
2010-06-03T00:00:00,0.0,,
2010-06-04T00:00:00,0.0,,
2010-06-05T00:00:00,0.0,,
2010-06-06T00:00:00,0.0,,
2010-06-07T00:00:00,0.0,,
2010-06-08T00:00:00,0.0,,
2010-06-11T00:00:00,0.0,,
2010-06-12T00:00:00,0.0,,
2010-06-13T00:00:00,0.0,,
2010-06-14T00:00:00,0.0,,
2010-06-15T00:00:00,0.0,,
2010-06-16T00:00:00,0.0,,
2010-06-17T00:00:00,0.0,,
2010-06-19T00:00:00,0.0,,
2010-06-20T00:00:00,0.0,,
2010-06-21T00:00:00,0.0,,
2010-06-22T00:00:00,0.0,,
2010-06-23T00:00:00,0.0,,
2010-06-24T00:00:00,0.0,,
2010-06-25T00:00:00,0.0,,
2010-06-26T00:00:00,,,
2010-06-27T00:00:00,0.0,,
2010-06-28T00:00:00,0.0,,
2010-06-29T00:00:00,0.0,,
2010-06-30T00:00:00,0.0,,
2010-07-01T00:00:00,3.3,,
2010-07-02T00:00:00,13.0,,
2010-07-03T00:00:00,140.7,,
2010-07-04T00:00:00,35.1,,
2010-07-05T00:00:00,28.7,,
2010-07-06T00:00:00,5.1,,
2010-07-07T00:00:00,0.0,,
2010-07-08T00:00:00,1.3,,
2010-07-09T00:00:00,6.9,,
2010-07-10T00:00:00,22.9,,
2010-07-11T00:00:00,0.0,,
2010-07-12T00:00:00,0.0,,
2010-07-13T00:00:00,0.0,,
2010-07-15T00:00:00,,,
2010-07-16T00:00:00,0.0,,
2010-07-17T00:00:00,0.0,,
2010-07-19T00:00:00,0.0,,
2010-07-20T00:00:00,0.0,,
2010-07-21T00:00:00,0.0,,
2010-07-22T00:00:00,0.0,,
2010-07-23T00:00:00,0.0,,
2010-07-24T00:00:00,0.0,,
2010-07-25T00:00:00,0.0,,
2010-07-26T00:00:00,0.0,,
2010-07-28T00:00:00,0.0,,
2010-07-29T00:00:00,0.0,,
2010-07-30T00:00:00,0.0,,
2010-07-31T00:00:00,0.0,,
2010-08-01T00:00:00,0.0,,
2010-08-02T00:00:00,0.0,,
2010-08-04T00:00:00,0.0,,
2010-08-05T00:00:00,0.0,,
2010-08-06T00:00:00,0.0,,
2010-08-07T00:00:00,0.0,,
2010-08-08T00:00:00,0.0,,
2010-08-10T00:00:00,0.0,,
2010-08-11T00:00:00,0.0,,
2010-08-12T00:00:00,0.0,,
2010-08-14T00:00:00,0.0,,
2010-08-15T00:00:00,0.0,,
2010-08-16T00:00:00,0.0,,
2010-08-17T00:00:00,0.0,,
2010-08-18T00:00:00,0.0,,
2010-08-19T00:00:00,0.0,,
2010-08-21T00:00:00,0.0,,
2010-08-22T00:00:00,0.0,,
2010-08-23T00:00:00,0.0,,
2010-08-24T00:00:00,0.0,,
2010-08-25T00:00:00,0.5,,
2010-08-26T00:00:00,0.0,,
2010-08-27T00:00:00,0.0,,
2010-08-28T00:00:00,0.0,,
2010-08-29T00:00:00,0.0,,
2010-08-30T00:00:00,0.0,,
2010-08-31T00:00:00,0.0,,
2010-09-01T00:00:00,0.0,,
2010-09-02T00:00:00,0.0,,
2010-09-03T00:00:00,9.4,,
2010-09-04T00:00:00,0.0,,
2010-09-05T00:00:00,0.0,,
2010-09-06T00:00:00,0.0,,
2010-09-07T00:00:00,0.0,,
2010-09-08T00:00:00,9.4,,
2010-09-09T00:00:00,0.0,,
2010-09-10T00:00:00,0.0,,
2010-09-13T00:00:00,0.0,,
2010-09-14T00:00:00,0.0,,
2010-09-15T00:00:00,0.0,,
2010-09-16T00:00:00,0.0,,
2010-09-17T00:00:00,0.0,,
2010-09-18T00:00:00,0.0,,
2010-09-19T00:00:00,0.5,,
2010-09-20T00:00:00,0.5,,
2010-09-22T00:00:00,0.0,,
2010-09-23T00:00:00,0.0,,
2010-09-24T00:00:00,0.0,,
2010-09-25T00:00:00,0.0,,
2010-09-27T00:00:00,0.0,,
2010-09-28T00:00:00,0.0,,
2010-09-29T00:00:00,0.0,,
2010-09-30T00:00:00,0.0,,
2010-10-01T00:00:00,0.0,,
2010-10-02T00:00:00,0.0,,
2010-10-03T00:00:00,0.0,,
2010-10-04T00:00:00,0.0,,
2010-10-05T00:00:00,0.0,,
2010-10-06T00:00:00,0.0,,
2010-10-07T00:00:00,0.0,,
2010-10-08T00:00:00,0.0,,
2010-10-09T00:00:00,0.0,,
2010-10-10T00:00:00,0.0,,
2010-10-11T00:00:00,0.0,,
2010-10-12T00:00:00,0.0,,
2010-10-14T00:00:00,0.0,,
2010-10-15T00:00:00,0.0,,
2010-10-16T00:00:00,0.0,,
2010-10-17T00:00:00,0.0,,
2010-10-18T00:00:00,0.0,,
2010-10-19T00:00:00,0.0,,
2010-10-20T00:00:00,0.0,,
2010-10-21T00:00:00,,,
2010-10-22T00:00:00,0.0,,
2010-10-23T00:00:00,0.0,,
2010-10-24T00:00:00,0.0,,
2010-10-26T00:00:00,0.0,,
2010-10-27T00:00:00,0.0,,
2010-10-28T00:00:00,0.0,,
2010-10-31T00:00:00,0.0,,
2010-11-01T00:00:00,0.0,,
2010-11-02T00:00:00,0.0,,
2010-11-03T00:00:00,0.0,,
2010-11-04T00:00:00,0.0,,
2010-11-06T00:00:00,0.0,,
2010-11-07T00:00:00,0.0,,
2010-11-08T00:00:00,0.0,,
2010-11-09T00:00:00,0.0,,
2010-11-10T00:00:00,0.0,,
2010-11-11T00:00:00,0.0,,
2010-11-12T00:00:00,0.0,,
2010-11-14T00:00:00,0.0,,
2010-11-15T00:00:00,0.0,,
2010-11-16T00:00:00,0.0,,
2010-11-17T00:00:00,0.0,,
2010-11-19T00:00:00,0.0,,
2010-11-20T00:00:00,0.0,,
2010-11-21T00:00:00,0.0,,
2010-11-22T00:00:00,0.0,,
2010-11-24T00:00:00,0.0,,
2010-11-25T00:00:00,0.0,,
2010-11-27T00:00:00,0.0,,
2010-11-28T00:00:00,0.0,,
2010-11-30T00:00:00,,,
2010-12-01T00:00:00,0.0,,
2010-12-02T00:00:00,0.0,,
2010-12-03T00:00:00,0.0,,
2010-12-04T00:00:00,0.0,,
2010-12-05T00:00:00,0.0,,
2010-12-06T00:00:00,0.0,,
2010-12-07T00:00:00,0.0,,
2010-12-08T00:00:00,0.0,,
2010-12-09T00:00:00,0.0,,
2010-12-10T00:00:00,0.0,,
2010-12-11T00:00:00,0.0,,
2010-12-12T00:00:00,0.0,,
2010-12-13T00:00:00,0.0,,
2010-12-14T00:00:00,0.0,,
2010-12-16T00:00:00,0.0,,
2010-12-17T00:00:00,0.0,,
2010-12-18T00:00:00,0.0,,
2010-12-19T00:00:00,0.0,,
2010-12-20T00:00:00,0.0,,
2010-12-21T00:00:00,0.0,,
2010-12-22T00:00:00,0.0,,
2010-12-23T00:00:00,0.0,,
2010-12-24T00:00:00,0.0,,
2010-12-25T00:00:00,0.0,,
2010-12-26T00:00:00,0.0,,
2010-12-27T00:00:00,0.0,,
2010-12-28T00:00:00,0.0,,
2010-12-29T00:00:00,0.0,,
2010-12-30T00:00:00,0.0,,
2010-12-31T00:00:00,0.0,,
2011-01-01T00:00:00,0.0,,
2011-01-03T00:00:00,0.0,,
2011-01-04T00:00:00,0.0,,
2011-01-05T00:00:00,0.0,,
2011-01-06T00:00:00,0.0,,
2011-01-07T00:00:00,0.0,,
2011-01-08T00:00:00,0.0,,
2011-01-09T00:00:00,8.1,,
2011-01-10T00:00:00,0.0,,
2011-01-11T00:00:00,0.0,,
2011-01-13T00:00:00,,,
2011-01-14T00:00:00,0.0,,
2011-01-15T00:00:00,0.0,,
2011-01-16T00:00:00,0.0,,
2011-01-17T00:00:00,0.0,,
2011-01-18T00:00:00,0.0,,
2011-01-19T00:00:00,0.0,,
2011-01-20T00:00:00,0.0,,
2011-01-21T00:00:00,0.0,,
2011-01-22T00:00:00,0.0,,
2011-01-23T00:00:00,0.0,,
2011-01-24T00:00:00,0.0,,
2011-01-25T00:00:00,0.0,,
2011-01-26T00:00:00,0.0,,
2011-01-27T00:00:00,0.0,,
2011-01-28T00:00:00,0.0,,
2011-01-29T00:00:00,0.0,,
2011-01-30T00:00:00,0.0,,
2011-01-31T00:00:00,0.0,,
2011-02-01T00:00:00,0.0,,
2011-02-02T00:00:00,0.0,,
2011-02-03T00:00:00,0.0,,
2011-02-04T00:00:00,0.0,,
2011-02-05T00:00:00,0.0,,
2011-02-06T00:00:00,0.0,,
2011-02-07T00:00:00,0.0,,
2011-02-08T00:00:00,0.0,,
2011-02-09T00:00:00,0.0,,
2011-02-10T00:00:00,0.0,,
2011-02-11T00:00:00,0.0,,
2011-02-12T00:00:00,0.0,,
2011-02-13T00:00:00,0.0,,
2011-02-14T00:00:00,0.0,,
2011-02-15T00:00:00,0.0,,
2011-02-16T00:00:00,0.0,,
2011-02-17T00:00:00,0.0,,
2011-02-18T00:00:00,0.0,,
2011-02-19T00:00:00,0.3,,
2011-02-20T00:00:00,0.5,,
2011-02-21T00:00:00,0.0,,
2011-02-22T00:00:00,0.0,,
2011-02-24T00:00:00,,,
2011-02-25T00:00:00,0.0,,
2011-02-26T00:00:00,0.0,,
2011-02-27T00:00:00,0.0,,
2011-02-28T00:00:00,0.0,,
2011-03-01T00:00:00,0.0,,
2011-03-03T00:00:00,,,
2011-03-04T00:00:00,0.0,,
2011-03-05T00:00:00,0.0,,
2011-03-06T00:00:00,0.0,,
2011-03-07T00:00:00,0.0,,
2011-03-08T00:00:00,0.0,,
2011-03-09T00:00:00,0.0,,
2011-03-11T00:00:00,0.0,,
2011-03-12T00:00:00,0.0,,
2011-03-13T00:00:00,0.0,,
2011-03-14T00:00:00,0.0,,
2011-03-15T00:00:00,0.0,,
2011-03-16T00:00:00,0.0,,
2011-03-17T00:00:00,0.0,,
2011-03-18T00:00:00,0.0,,
2011-03-19T00:00:00,0.0,,
2011-03-20T00:00:00,0.0,,
2011-03-21T00:00:00,0.0,,
2011-03-22T00:00:00,0.0,,
2011-03-23T00:00:00,0.0,,
2011-03-24T00:00:00,0.0,,
2011-03-25T00:00:00,0.0,,
2011-03-26T00:00:00,0.0,,
2011-03-27T00:00:00,0.0,,
2011-03-28T00:00:00,0.0,,
2011-03-29T00:00:00,0.0,,
2011-03-30T00:00:00,0.0,,
2011-03-31T00:00:00,0.0,,
2011-04-01T00:00:00,0.0,,
2011-04-02T00:00:00,0.0,,
2011-04-03T00:00:00,0.0,,
2011-04-04T00:00:00,0.0,,
2011-04-05T00:00:00,0.0,,
2011-04-06T00:00:00,0.0,,
2011-04-09T00:00:00,0.0,,
2011-04-10T00:00:00,0.0,,
2011-04-11T00:00:00,0.3,,
2011-04-12T00:00:00,0.0,,
2011-04-13T00:00:00,0.0,,
2011-04-16T00:00:00,,,
2011-04-18T00:00:00,,,
2011-04-19T00:00:00,0.0,,
2011-04-22T00:00:00,6.4,,
2011-04-23T00:00:00,0.0,,
2011-04-24T00:00:00,0.0,,
2011-04-25T00:00:00,0.0,,
2011-04-27T00:00:00,0.0,,
2011-04-28T00:00:00,0.0,,
2011-04-29T00:00:00,0.0,,
2011-04-30T00:00:00,0.0,,
2011-05-06T00:00:00,,,
2011-05-07T00:00:00,7.1,,
2011-05-08T00:00:00,0.0,,
2011-05-10T00:00:00,0.0,,
2011-05-11T00:00:00,0.0,,
2011-05-12T00:00:00,0.0,,
2011-05-13T00:00:00,0.0,,
2011-05-14T00:00:00,0.0,,
2011-05-16T00:00:00,0.0,,
2011-05-17T00:00:00,0.0,,
2011-05-18T00:00:00,0.0,,
2011-05-19T00:00:00,0.0,,
2011-05-20T00:00:00,0.0,,
2011-05-21T00:00:00,0.0,,
2011-05-22T00:00:00,0.0,,
2011-05-23T00:00:00,0.0,,
2011-05-24T00:00:00,0.0,,
2011-05-25T00:00:00,0.0,,
2011-05-26T00:00:00,0.0,,
2011-05-27T00:00:00,0.0,,
2011-05-30T00:00:00,0.0,,
2011-05-31T00:00:00,0.0,,
2011-06-02T00:00:00,0.0,,
2011-06-03T00:00:00,0.0,,
2011-06-04T00:00:00,0.0,,
2011-06-05T00:00:00,0.0,,
2011-06-08T00:00:00,0.0,,
2011-06-09T00:00:00,0.0,,
2011-06-10T00:00:00,0.0,,
2011-06-13T00:00:00,0.0,,
2011-06-17T00:00:00,0.0,,
2011-06-19T00:00:00,0.0,,
2011-06-20T00:00:00,2.5,,
2011-06-21T00:00:00,0.0,,
2011-06-22T00:00:00,0.0,,
2011-06-23T00:00:00,0.0,,
2011-06-25T00:00:00,0.0,,
2011-06-26T00:00:00,0.0,,
2011-06-28T00:00:00,0.0,,
2011-06-29T00:00:00,0.0,,
2011-06-30T00:00:00,0.0,,
2011-07-01T00:00:00,0.0,,
2011-07-03T00:00:00,0.0,,
2011-07-06T00:00:00,,,
2011-07-07T00:00:00,0.0,,
2011-07-08T00:00:00,0.0,,
2011-07-09T00:00:00,0.0,,
2011-07-10T00:00:00,0.0,,
2011-07-11T00:00:00,0.0,,
2011-07-12T00:00:00,0.5,,
2011-07-17T00:00:00,0.0,,
2011-07-18T00:00:00,0.0,,
2011-07-21T00:00:00,0.0,,
2011-07-22T00:00:00,0.0,,
2011-07-23T00:00:00,0.0,,
2011-07-24T00:00:00,0.0,,
2011-07-26T00:00:00,0.0,,
2011-07-27T00:00:00,0.0,,
2011-07-29T00:00:00,0.0,,
2011-08-01T00:00:00,0.0,,
2011-08-02T00:00:00,0.0,,
2011-08-03T00:00:00,0.0,,
2011-08-06T00:00:00,0.0,,
2011-08-07T00:00:00,0.0,,
2011-08-08T00:00:00,0.0,,
2011-08-10T00:00:00,0.0,,
2011-08-11T00:00:00,0.0,,
2011-08-12T00:00:00,0.3,,
2011-08-13T00:00:00,0.0,,
2011-08-14T00:00:00,0.0,,
2011-08-15T00:00:00,0.0,,
2011-08-16T00:00:00,0.0,,
2011-08-17T00:00:00,0.0,,
2011-08-19T00:00:00,0.0,,
2011-08-20T00:00:00,0.0,,
2011-08-21T00:00:00,0.0,,
2011-08-22T00:00:00,0.0,,
2011-08-23T00:00:00,0.0,,
2011-08-24T00:00:00,0.0,,
2011-08-25T00:00:00,0.0,,
2011-08-26T00:00:00,10.9,,
2011-08-27T00:00:00,0.0,,
2011-08-28T00:00:00,0.0,,
2011-08-29T00:00:00,0.0,,
2011-08-31T00:00:00,0.0,,
2011-09-01T00:00:00,0.0,,
2011-09-02T00:00:00,0.0,,
2011-09-03T00:00:00,0.0,,
2011-09-04T00:00:00,0.0,,
2011-09-05T00:00:00,0.0,,
2011-09-06T00:00:00,0.0,,
2011-09-07T00:00:00,0.0,,
2011-09-08T00:00:00,0.0,,
2011-09-09T00:00:00,0.0,,
2011-09-10T00:00:00,0.0,,
2011-09-11T00:00:00,0.0,,
2011-09-12T00:00:00,0.0,,
2011-09-14T00:00:00,0.0,,
2011-09-16T00:00:00,0.3,,
2011-09-17T00:00:00,0.8,,
2011-09-18T00:00:00,0.0,,
2011-09-19T00:00:00,0.0,,
2011-09-20T00:00:00,0.0,,
2011-09-21T00:00:00,0.0,,
2011-09-22T00:00:00,0.0,,
2011-09-23T00:00:00,0.0,,
2011-09-24T00:00:00,0.0,,
2011-09-25T00:00:00,0.0,,
2011-09-26T00:00:00,0.0,,
2011-09-27T00:00:00,0.0,,
2011-09-28T00:00:00,0.0,,
2011-09-29T00:00:00,0.0,,
2011-09-30T00:00:00,3.8,,
2011-10-01T00:00:00,0.0,,
2011-10-02T00:00:00,0.0,,
2011-10-03T00:00:00,0.0,,
2011-10-04T00:00:00,0.0,,
2011-10-05T00:00:00,0.0,,
2011-10-06T00:00:00,0.5,,
2011-10-07T00:00:00,0.0,,
2011-10-08T00:00:00,0.0,,
2011-10-09T00:00:00,22.6,,
2011-10-10T00:00:00,0.0,,
2011-10-11T00:00:00,0.0,,
2011-10-12T00:00:00,0.3,,
2011-10-13T00:00:00,0.0,,
2011-10-14T00:00:00,0.0,,
2011-10-15T00:00:00,0.0,,
2011-10-16T00:00:00,0.0,,
2011-10-17T00:00:00,0.0,,
2011-10-18T00:00:00,0.0,,
2011-10-19T00:00:00,0.0,,
2011-10-20T00:00:00,0.0,,
2011-10-21T00:00:00,0.0,,
2011-10-22T00:00:00,0.0,,
2011-10-23T00:00:00,0.0,,
2011-10-24T00:00:00,0.0,,
2011-10-25T00:00:00,0.0,,
2011-10-26T00:00:00,0.0,,
2011-10-27T00:00:00,,,
2011-10-29T00:00:00,0.0,,
2011-10-30T00:00:00,0.0,,
2011-10-31T00:00:00,0.0,,
2011-11-01T00:00:00,0.0,,
2011-11-02T00:00:00,0.0,,
2011-11-03T00:00:00,0.0,,
2011-11-04T00:00:00,0.0,,
2011-11-05T00:00:00,0.0,,
2011-11-06T00:00:00,0.0,,
2011-11-07T00:00:00,0.0,,
2011-11-08T00:00:00,0.0,,
2011-11-09T00:00:00,0.0,,
2011-11-10T00:00:00,0.0,,
2011-11-11T00:00:00,0.0,,
2011-11-12T00:00:00,0.0,,
2011-11-13T00:00:00,0.0,,
2011-11-14T00:00:00,0.0,,
2011-11-15T00:00:00,0.5,,
2011-11-17T00:00:00,0.0,,
2011-11-18T00:00:00,0.0,,
2011-11-19T00:00:00,0.0,,
2011-11-20T00:00:00,0.0,,
2011-11-21T00:00:00,0.0,,
2011-11-22T00:00:00,0.0,,
2011-11-23T00:00:00,0.0,,
2011-11-24T00:00:00,0.0,,
2011-11-25T00:00:00,0.0,,
2011-11-26T00:00:00,0.5,,
2011-11-28T00:00:00,0.0,,
2011-11-30T00:00:00,0.0,,
2011-12-01T00:00:00,0.0,,
2011-12-02T00:00:00,0.0,,
2011-12-03T00:00:00,0.0,,
2011-12-04T00:00:00,0.0,,
2011-12-05T00:00:00,3.0,,
2011-12-06T00:00:00,0.0,,
2011-12-07T00:00:00,0.0,,
2011-12-08T00:00:00,0.0,,
2011-12-09T00:00:00,0.0,,
2011-12-10T00:00:00,0.0,,
2011-12-11T00:00:00,1.8,,
2011-12-12T00:00:00,0.0,,
2011-12-13T00:00:00,1.0,,
2011-12-14T00:00:00,0.0,,
2011-12-15T00:00:00,0.0,,
2011-12-16T00:00:00,0.0,,
2011-12-17T00:00:00,0.0,,
2011-12-18T00:00:00,0.0,,
2011-12-19T00:00:00,0.0,,
2011-12-20T00:00:00,0.0,,
2011-12-22T00:00:00,0.0,,
2011-12-23T00:00:00,0.0,,
2011-12-24T00:00:00,3.3,,
2011-12-26T00:00:00,0.0,,
2011-12-27T00:00:00,0.0,,
2011-12-29T00:00:00,0.0,,
2011-12-30T00:00:00,0.0,,
2011-12-31T00:00:00,0.0,,
2012-01-02T00:00:00,0.0,,
2012-01-03T00:00:00,0.0,,
2012-01-05T00:00:00,,,
2012-01-07T00:00:00,0.0,,
2012-01-08T00:00:00,0.0,,
2012-01-09T00:00:00,0.5,,
2012-01-10T00:00:00,0.0,,
2012-01-11T00:00:00,0.0,,
2012-01-13T00:00:00,0.0,,
2012-01-14T00:00:00,0.0,,
2012-01-16T00:00:00,0.0,,
2012-01-17T00:00:00,0.0,,
2012-01-18T00:00:00,0.0,,
2012-01-19T00:00:00,0.0,,
2012-01-20T00:00:00,0.0,,
2012-01-21T00:00:00,0.0,,
2012-01-22T00:00:00,0.0,,
2012-01-23T00:00:00,0.0,,
2012-01-24T00:00:00,0.0,,
2012-01-26T00:00:00,,,
2012-01-28T00:00:00,0.0,,
2012-01-29T00:00:00,0.0,,
2012-01-30T00:00:00,0.0,,
2012-01-31T00:00:00,0.0,,
2012-02-01T00:00:00,0.0,,
2012-02-02T00:00:00,0.0,,
2012-02-03T00:00:00,0.0,,
2012-02-04T00:00:00,0.0,,
2012-02-05T00:00:00,0.0,,
2012-02-07T00:00:00,0.0,,
2012-02-08T00:00:00,0.0,,
2012-02-10T00:00:00,0.0,,
2012-02-11T00:00:00,0.0,,
2012-02-12T00:00:00,0.0,,
2012-02-13T00:00:00,5.3,,
2012-02-14T00:00:00,0.0,,
2012-02-15T00:00:00,0.0,,
2012-02-17T00:00:00,,,
2012-02-18T00:00:00,6.9,,
2012-02-19T00:00:00,0.8,,
2012-02-20T00:00:00,0.0,,
2012-02-21T00:00:00,0.0,,
2012-02-23T00:00:00,0.0,,
2012-02-24T00:00:00,0.0,,
2012-02-25T00:00:00,0.0,,
2012-02-26T00:00:00,0.0,,
2012-02-27T00:00:00,0.0,,
2012-02-28T00:00:00,0.0,,
2012-02-29T00:00:00,0.0,,
2012-03-01T00:00:00,0.0,,
2012-03-02T00:00:00,0.0,,
2012-03-03T00:00:00,0.0,,
2012-03-04T00:00:00,0.0,,
2012-03-05T00:00:00,0.0,,
2012-03-06T00:00:00,0.0,,
2012-03-07T00:00:00,0.0,,
2012-03-08T00:00:00,0.0,,
2012-03-09T00:00:00,0.0,,
2012-03-10T00:00:00,0.0,,
2012-03-11T00:00:00,0.0,,
2012-03-12T00:00:00,0.0,,
2012-03-13T00:00:00,0.0,,
2012-03-14T00:00:00,0.0,,
2012-03-16T00:00:00,4.6,,
2012-03-17T00:00:00,0.0,,
2012-03-18T00:00:00,0.0,,
2012-03-19T00:00:00,0.0,,
2012-03-20T00:00:00,0.0,,
2012-03-21T00:00:00,0.0,,
2012-03-22T00:00:00,0.0,,
2012-03-24T00:00:00,0.0,,
2012-03-25T00:00:00,0.0,,
2012-03-26T00:00:00,0.0,,
2012-03-28T00:00:00,8.6,,
2012-03-29T00:00:00,0.0,,
2012-03-30T00:00:00,0.0,,
2012-03-31T00:00:00,0.0,,
2012-04-01T00:00:00,0.0,,
2012-04-02T00:00:00,0.0,,
2012-04-03T00:00:00,0.0,,
2012-04-05T00:00:00,0.0,,
2012-04-06T00:00:00,0.0,,
2012-04-07T00:00:00,0.0,,
2012-04-08T00:00:00,4.6,,
2012-04-09T00:00:00,0.0,,
2012-04-10T00:00:00,8.6,,
2012-04-11T00:00:00,0.0,,
2012-04-12T00:00:00,0.0,,
2012-04-13T00:00:00,0.0,,
2012-04-14T00:00:00,0.0,,
2012-04-15T00:00:00,0.0,,
2012-04-16T00:00:00,0.0,,
2012-04-17T00:00:00,0.0,,
2012-04-18T00:00:00,0.0,,
2012-04-19T00:00:00,0.0,,
2012-04-20T00:00:00,0.0,,
2012-04-21T00:00:00,0.0,,
2012-04-22T00:00:00,0.0,,
2012-04-23T00:00:00,0.0,,
2012-04-24T00:00:00,0.0,,
2012-04-25T00:00:00,0.0,,
2012-04-27T00:00:00,0.0,,
2012-04-28T00:00:00,0.0,,
2012-04-30T00:00:00,0.0,,
2012-05-01T00:00:00,11.4,,
2012-05-02T00:00:00,0.0,,
2012-05-03T00:00:00,0.0,,
2012-05-04T00:00:00,2.5,,
2012-05-05T00:00:00,0.0,,
2012-05-06T00:00:00,0.0,,
2012-05-07T00:00:00,0.0,,
2012-05-08T00:00:00,16.5,,
2012-05-09T00:00:00,33.5,,
2012-05-10T00:00:00,17.8,,
2012-05-12T00:00:00,0.0,,
2012-05-13T00:00:00,0.0,,
2012-05-14T00:00:00,12.7,,
2012-05-15T00:00:00,0.0,,
2012-05-16T00:00:00,0.0,,
2012-05-17T00:00:00,0.0,,
2012-05-18T00:00:00,0.0,,
2012-05-19T00:00:00,0.0,,
2012-05-20T00:00:00,0.0,,
2012-05-21T00:00:00,0.0,,
2012-05-22T00:00:00,0.0,,
2012-05-23T00:00:00,0.0,,
2012-05-24T00:00:00,0.0,,
2012-05-25T00:00:00,0.0,,
2012-05-26T00:00:00,6.6,,
2012-05-27T00:00:00,0.0,,
2012-05-28T00:00:00,0.0,,
2012-05-29T00:00:00,0.0,,
2012-05-31T00:00:00,0.0,,
2012-06-01T00:00:00,0.0,,
2012-06-02T00:00:00,0.0,,
2012-06-03T00:00:00,0.0,,
2012-06-04T00:00:00,0.0,,
2012-06-05T00:00:00,0.0,,
2012-06-07T00:00:00,0.0,,
2012-06-09T00:00:00,0.0,,
2012-06-10T00:00:00,0.0,,
2012-06-11T00:00:00,0.0,,
2012-06-12T00:00:00,0.0,,
2012-06-13T00:00:00,0.0,,
2012-06-14T00:00:00,0.0,,
2012-06-15T00:00:00,0.0,,
2012-06-16T00:00:00,0.0,,
2012-06-17T00:00:00,0.0,,
2012-06-18T00:00:00,0.0,,
2012-06-19T00:00:00,0.0,,
2012-06-21T00:00:00,,,
2012-06-22T00:00:00,0.0,,
2012-06-23T00:00:00,0.0,,
2012-06-25T00:00:00,0.0,,
2012-06-26T00:00:00,0.0,,
2012-06-27T00:00:00,0.0,,
2012-06-28T00:00:00,0.0,,
2012-06-29T00:00:00,0.0,,
2012-06-30T00:00:00,0.0,,
2012-07-01T00:00:00,0.0,,
2012-07-02T00:00:00,0.0,,
2012-07-03T00:00:00,0.0,,
2012-07-04T00:00:00,0.0,,
2012-07-05T00:00:00,0.0,,
2012-07-06T00:00:00,9.4,,
2012-07-07T00:00:00,0.0,,
2012-07-08T00:00:00,0.0,,
2012-07-09T00:00:00,0.0,,
2012-07-10T00:00:00,0.0,,
2012-07-11T00:00:00,0.0,,
2012-07-12T00:00:00,,,
2012-07-13T00:00:00,0.0,,
2012-07-14T00:00:00,0.0,,
2012-07-15T00:00:00,5.8,,
2012-07-16T00:00:00,0.0,,
2012-07-17T00:00:00,0.0,,
2012-07-19T00:00:00,0.0,,
2012-07-20T00:00:00,0.0,,
2012-07-21T00:00:00,,,
2012-07-22T00:00:00,0.0,,
2012-07-25T00:00:00,0.0,,
2012-07-26T00:00:00,0.0,,
2012-07-27T00:00:00,38.1,,
2012-07-29T00:00:00,0.0,,
2012-07-30T00:00:00,0.0,,
2012-07-31T00:00:00,0.0,,
2012-08-01T00:00:00,0.0,,
2012-08-02T00:00:00,0.0,,
2012-08-04T00:00:00,0.0,,
2012-08-06T00:00:00,0.0,,
2012-08-07T00:00:00,0.0,,
2012-08-08T00:00:00,0.0,,
2012-08-09T00:00:00,0.0,,
2012-08-10T00:00:00,0.0,,
2012-08-11T00:00:00,5.6,,
2012-08-12T00:00:00,0.0,,
2012-08-14T00:00:00,0.0,,
2012-08-15T00:00:00,0.0,,
2012-08-16T00:00:00,0.0,,
2012-08-18T00:00:00,0.0,,
2012-08-19T00:00:00,3.0,,
2012-08-21T00:00:00,6.4,,
2012-08-22T00:00:00,0.0,,
2012-08-23T00:00:00,0.0,,
2012-08-25T00:00:00,0.8,,
2012-08-26T00:00:00,0.0,,
2012-08-27T00:00:00,0.0,,
2012-08-28T00:00:00,15.2,,
2012-08-29T00:00:00,0.0,,
2012-08-30T00:00:00,7.6,,
2012-09-02T00:00:00,0.0,,
2012-09-03T00:00:00,0.0,,
2012-09-05T00:00:00,0.0,,
2012-09-06T00:00:00,0.0,,
2012-09-08T00:00:00,0.0,,
2012-09-09T00:00:00,0.0,,
2012-09-10T00:00:00,0.0,,
2012-09-12T00:00:00,0.0,,
2012-09-13T00:00:00,0.0,,
2012-09-14T00:00:00,27.2,,
2012-09-15T00:00:00,0.0,,
2012-09-16T00:00:00,3.3,,
2012-09-17T00:00:00,0.0,,
2012-09-18T00:00:00,0.0,,
2012-09-19T00:00:00,0.0,,
2012-09-20T00:00:00,0.0,,
2012-09-21T00:00:00,0.0,,
2012-09-22T00:00:00,0.0,,
2012-09-23T00:00:00,0.0,,
2012-09-24T00:00:00,0.0,,
2012-09-25T00:00:00,0.0,,
2012-09-26T00:00:00,0.0,,
2012-09-27T00:00:00,0.0,,
2012-09-28T00:00:00,0.0,,
2012-10-01T00:00:00,,,
2012-10-02T00:00:00,0.0,,
2012-10-03T00:00:00,0.0,,
2012-10-04T00:00:00,0.0,,
2012-10-05T00:00:00,0.0,,
2012-10-06T00:00:00,0.0,,
2012-10-07T00:00:00,0.0,,
2012-10-08T00:00:00,0.0,,
2012-10-09T00:00:00,0.0,,
2012-10-10T00:00:00,0.0,,
2012-10-11T00:00:00,0.0,,
2012-10-12T00:00:00,0.0,,
2012-10-13T00:00:00,1.5,,
2012-10-14T00:00:00,0.0,,
2012-10-15T00:00:00,0.0,,
2012-10-16T00:00:00,0.0,,
2012-10-17T00:00:00,0.0,,
2012-10-18T00:00:00,0.0,,
2012-10-19T00:00:00,0.0,,
2012-10-20T00:00:00,0.0,,
2012-10-21T00:00:00,0.0,,
2012-10-22T00:00:00,0.0,,
2012-10-23T00:00:00,0.0,,
2012-10-24T00:00:00,0.0,,
2012-10-25T00:00:00,0.0,,
2012-10-26T00:00:00,0.0,,
2012-10-27T00:00:00,0.0,,
2012-10-29T00:00:00,0.0,,
2012-10-30T00:00:00,0.0,,
2012-11-01T00:00:00,0.0,,
2012-11-03T00:00:00,,,
2012-11-04T00:00:00,0.5,,
2012-11-05T00:00:00,0.0,,
2012-11-06T00:00:00,0.0,,
2012-11-07T00:00:00,0.0,,
2012-11-08T00:00:00,0.0,,
2012-11-09T00:00:00,0.0,,
2012-11-10T00:00:00,0.0,,
2012-11-11T00:00:00,0.0,,
2012-11-12T00:00:00,0.0,,
2012-11-13T00:00:00,0.0,,
2012-11-15T00:00:00,0.0,,
2012-11-16T00:00:00,0.0,,
2012-11-17T00:00:00,0.0,,
2012-11-18T00:00:00,0.0,,
2012-11-19T00:00:00,0.0,,
2012-11-21T00:00:00,0.0,,
2012-11-22T00:00:00,0.0,,
2012-11-26T00:00:00,0.0,,
2012-11-27T00:00:00,0.0,,
2012-11-28T00:00:00,0.0,,
2012-11-29T00:00:00,0.0,,
2012-11-30T00:00:00,0.0,,
2012-12-01T00:00:00,0.0,,
2012-12-02T00:00:00,0.0,,
2012-12-03T00:00:00,0.0,,
2012-12-04T00:00:00,0.0,,
2012-12-05T00:00:00,0.0,,
2012-12-06T00:00:00,0.0,,
2012-12-07T00:00:00,0.0,,
2012-12-08T00:00:00,0.0,,
2012-12-09T00:00:00,0.0,,
2012-12-10T00:00:00,0.0,,
2012-12-11T00:00:00,0.0,,
2012-12-12T00:00:00,0.0,,
2012-12-13T00:00:00,0.0,,
2012-12-14T00:00:00,0.0,,
2012-12-15T00:00:00,0.0,,
2012-12-16T00:00:00,0.0,,
2012-12-17T00:00:00,0.0,,
2012-12-18T00:00:00,0.0,,
2012-12-19T00:00:00,0.0,,
2012-12-20T00:00:00,0.0,,
2012-12-21T00:00:00,0.0,,
2012-12-22T00:00:00,0.0,,
2012-12-24T00:00:00,0.0,,
2012-12-26T00:00:00,0.0,,
2012-12-27T00:00:00,0.0,,
2012-12-28T00:00:00,0.0,,
2012-12-29T00:00:00,0.0,,
2012-12-30T00:00:00,0.0,,
2012-12-31T00:00:00,2.5,,
2013-01-01T00:00:00,0.0,,
2013-01-02T00:00:00,0.0,,
2013-01-03T00:00:00,0.0,,
2013-01-04T00:00:00,2.5,,
2013-01-05T00:00:00,0.5,,
2013-01-06T00:00:00,0.0,,
2013-01-07T00:00:00,0.0,,
2013-01-08T00:00:00,0.0,,
2013-01-09T00:00:00,23.9,,
2013-01-10T00:00:00,36.1,,
2013-01-12T00:00:00,0.0,,
2013-01-13T00:00:00,0.0,,
2013-01-14T00:00:00,0.0,,
2013-01-15T00:00:00,0.0,,
2013-01-16T00:00:00,0.0,,
2013-01-17T00:00:00,0.0,,
2013-01-18T00:00:00,0.0,,
2013-01-19T00:00:00,0.0,,
2013-01-21T00:00:00,0.0,,
2013-01-22T00:00:00,0.0,,
2013-01-24T00:00:00,,,
2013-01-25T00:00:00,0.0,,
2013-01-26T00:00:00,0.0,,
2013-01-27T00:00:00,0.0,,
2013-01-29T00:00:00,0.0,,
2013-01-30T00:00:00,0.0,,
2013-01-31T00:00:00,0.0,,
2013-02-01T00:00:00,0.0,,
2013-02-02T00:00:00,0.0,,
2013-02-03T00:00:00,,,
2013-02-04T00:00:00,0.0,,
2013-02-06T00:00:00,,,
2013-02-07T00:00:00,0.0,,
2013-02-09T00:00:00,0.0,,
2013-02-10T00:00:00,0.0,,
2013-02-11T00:00:00,0.0,,
2013-02-12T00:00:00,0.0,,
2013-02-13T00:00:00,0.0,,
2013-02-14T00:00:00,0.0,,
2013-02-15T00:00:00,0.0,,
2013-02-16T00:00:00,0.0,,
2013-02-17T00:00:00,0.0,,
2013-02-19T00:00:00,0.0,,
2013-02-20T00:00:00,0.0,,
2013-02-21T00:00:00,0.0,,
2013-02-22T00:00:00,0.0,,
2013-02-23T00:00:00,0.0,,
2013-02-24T00:00:00,0.0,,
2013-02-25T00:00:00,,,
2013-02-26T00:00:00,0.0,,
2013-02-27T00:00:00,0.0,,
2013-03-01T00:00:00,0.0,,
2013-03-03T00:00:00,0.0,,
2013-03-04T00:00:00,0.0,,
2013-03-05T00:00:00,0.0,,
2013-03-07T00:00:00,,,
2013-03-08T00:00:00,0.0,,
2013-03-10T00:00:00,,,
2013-03-11T00:00:00,0.0,,
2013-03-13T00:00:00,0.0,,
2013-03-14T00:00:00,0.0,,
2013-03-16T00:00:00,0.0,,
2013-03-19T00:00:00,,,
2013-03-20T00:00:00,0.0,,
2013-03-21T00:00:00,0.0,,
2013-03-23T00:00:00,0.0,,
2013-03-25T00:00:00,0.0,,
2013-03-26T00:00:00,0.0,,
2013-03-27T00:00:00,0.0,,
2013-03-29T00:00:00,0.0,,
2013-03-30T00:00:00,0.0,,
2013-03-31T00:00:00,0.0,,
2013-04-01T00:00:00,0.0,,
2013-04-02T00:00:00,0.0,,
2013-04-03T00:00:00,19.8,,
2013-04-05T00:00:00,0.0,,
2013-04-06T00:00:00,0.0,,
2013-04-08T00:00:00,,,
2013-04-09T00:00:00,0.0,,
2013-04-10T00:00:00,0.0,,
2013-04-11T00:00:00,0.0,,
2013-04-13T00:00:00,0.0,,
2013-04-14T00:00:00,0.0,,
2013-04-15T00:00:00,0.0,,
2013-04-16T00:00:00,0.0,,
2013-04-17T00:00:00,0.0,,
2013-04-20T00:00:00,,,
2013-04-21T00:00:00,0.0,,
2013-04-22T00:00:00,0.0,,
2013-04-23T00:00:00,0.0,,
2013-04-24T00:00:00,0.0,,
2013-04-26T00:00:00,,,
2013-04-27T00:00:00,0.0,,
2013-04-28T00:00:00,0.0,,
2013-04-29T00:00:00,0.0,,
2013-05-01T00:00:00,,,
2013-05-02T00:00:00,0.0,,
2013-05-03T00:00:00,0.0,,
2013-05-04T00:00:00,0.0,,
2013-05-05T00:00:00,0.0,,
2013-05-06T00:00:00,0.0,,
2013-05-07T00:00:00,0.0,,
2013-05-08T00:00:00,0.0,,
2013-05-09T00:00:00,0.0,,
2013-05-10T00:00:00,0.0,,
2013-05-11T00:00:00,0.0,,
2013-05-12T00:00:00,0.0,,
2013-05-13T00:00:00,0.0,,
2013-05-14T00:00:00,0.0,,
2013-05-15T00:00:00,14.0,,
2013-05-19T00:00:00,0.0,,
2013-05-20T00:00:00,0.0,,
2013-05-21T00:00:00,0.0,,
2013-05-22T00:00:00,0.0,,
2013-05-23T00:00:00,0.0,,
2013-05-24T00:00:00,20.3,,
2013-05-26T00:00:00,0.0,,
2013-05-27T00:00:00,0.0,,
2013-05-28T00:00:00,0.0,,
2013-05-29T00:00:00,3.3,,
2013-05-30T00:00:00,0.0,,
2013-05-31T00:00:00,0.0,,
2013-06-01T00:00:00,0.0,,
2013-06-02T00:00:00,0.0,,
2013-06-03T00:00:00,0.0,,
2013-06-04T00:00:00,0.0,,
2013-06-05T00:00:00,0.0,,
2013-06-06T00:00:00,0.0,,
2013-06-07T00:00:00,0.0,,
2013-06-08T00:00:00,0.0,,
2013-06-09T00:00:00,0.0,,
2013-06-10T00:00:00,0.0,,
2013-06-11T00:00:00,0.0,,
2013-06-12T00:00:00,0.0,,
2013-06-13T00:00:00,0.0,,
2013-06-14T00:00:00,7.6,,
2013-06-15T00:00:00,3.8,,
2013-06-16T00:00:00,0.0,,
2013-06-17T00:00:00,0.0,,
2013-06-18T00:00:00,0.0,,
2013-06-19T00:00:00,0.0,,
2013-06-21T00:00:00,0.0,,
2013-06-23T00:00:00,0.0,,
2013-06-24T00:00:00,0.0,,
2013-06-25T00:00:00,0.0,,
2013-06-27T00:00:00,,,
2013-06-28T00:00:00,0.0,,
2013-06-29T00:00:00,0.0,,
2013-07-01T00:00:00,0.0,,
2013-07-02T00:00:00,1.0,,
2013-07-04T00:00:00,0.0,,
2013-07-05T00:00:00,0.0,,
2013-07-06T00:00:00,0.0,,
2013-07-07T00:00:00,0.0,,
2013-07-08T00:00:00,0.0,,
2013-07-09T00:00:00,0.0,,
2013-07-10T00:00:00,0.0,,
2013-07-11T00:00:00,,,
2013-07-12T00:00:00,0.0,,
2013-07-13T00:00:00,0.0,,
2013-07-14T00:00:00,0.0,,
2013-07-15T00:00:00,0.0,,
2013-07-17T00:00:00,,,
2013-07-20T00:00:00,,,
2013-07-21T00:00:00,0.0,,
2013-07-24T00:00:00,0.0,,
2013-07-25T00:00:00,0.0,,
2013-07-26T00:00:00,0.0,,
2013-07-28T00:00:00,0.0,,
2013-07-29T00:00:00,,,
2013-07-30T00:00:00,0.0,,
2013-07-31T00:00:00,0.0,,
2013-08-01T00:00:00,0.0,,
2013-08-02T00:00:00,0.0,,
2013-08-03T00:00:00,0.0,,
2013-08-04T00:00:00,0.0,,
2013-08-05T00:00:00,0.0,,
2013-08-06T00:00:00,0.0,,
2013-08-07T00:00:00,0.0,,
2013-08-08T00:00:00,0.0,,
2013-08-09T00:00:00,0.0,,
2013-08-10T00:00:00,0.0,,
2013-08-17T00:00:00,,,
2013-08-18T00:00:00,0.0,,
2013-08-19T00:00:00,0.0,,
2013-08-20T00:00:00,0.0,,
2013-08-21T00:00:00,0.0,,
2013-08-22T00:00:00,0.0,,
2013-08-23T00:00:00,0.0,,
2013-08-24T00:00:00,0.0,,
2013-08-26T00:00:00,0.0,,
2013-08-27T00:00:00,0.0,,
2013-08-28T00:00:00,0.0,,
2013-08-29T00:00:00,0.0,,
2013-08-30T00:00:00,0.0,,
2013-08-31T00:00:00,0.0,,
2013-09-01T00:00:00,0.0,,
2013-09-02T00:00:00,0.0,,
2013-09-04T00:00:00,,,
2013-09-05T00:00:00,0.8,,
2013-09-06T00:00:00,0.0,,
2013-09-07T00:00:00,0.0,,
2013-09-08T00:00:00,0.0,,
2013-09-09T00:00:00,0.0,,
2013-09-10T00:00:00,0.0,,
2013-09-11T00:00:00,0.0,,
2013-09-12T00:00:00,0.0,,
2013-09-13T00:00:00,0.0,,
2013-09-15T00:00:00,0.0,,
2013-09-16T00:00:00,0.0,,
2013-09-17T00:00:00,0.0,,
2013-09-18T00:00:00,3.8,,
2013-09-19T00:00:00,5.8,,
2013-09-20T00:00:00,132.1,,
2013-09-21T00:00:00,17.8,,
2013-09-22T00:00:00,0.0,,
2013-09-23T00:00:00,0.0,,
2013-09-24T00:00:00,0.0,,
2013-09-25T00:00:00,0.0,,
2013-09-26T00:00:00,0.0,,
2013-09-27T00:00:00,0.0,,
2013-09-28T00:00:00,0.0,,
2013-09-30T00:00:00,0.0,,
2013-10-01T00:00:00,0.0,,
2013-10-03T00:00:00,0.0,,
2013-10-04T00:00:00,0.0,,
2013-10-06T00:00:00,0.0,,
2013-10-07T00:00:00,0.0,,
2013-10-08T00:00:00,0.0,,
2013-10-10T00:00:00,0.0,,
2013-10-11T00:00:00,0.0,,
2013-10-12T00:00:00,0.0,,
2013-10-13T00:00:00,0.0,,
2013-10-14T00:00:00,5.1,,
2013-10-15T00:00:00,5.1,,
2013-10-16T00:00:00,5.1,,
2013-10-17T00:00:00,0.8,,
2013-10-18T00:00:00,0.0,,
2013-10-20T00:00:00,0.0,,
2013-10-21T00:00:00,0.0,,
2013-10-22T00:00:00,0.0,,
2013-10-23T00:00:00,0.0,,
2013-10-24T00:00:00,0.0,,
2013-10-25T00:00:00,0.0,,
2013-10-26T00:00:00,0.0,,
2013-10-27T00:00:00,0.0,,
2013-10-28T00:00:00,0.0,,
2013-10-29T00:00:00,0.0,,
2013-10-30T00:00:00,0.0,,
2013-11-01T00:00:00,0.0,,
2013-11-02T00:00:00,0.0,,
2013-11-03T00:00:00,0.0,,
2013-11-04T00:00:00,5.1,,
2013-11-07T00:00:00,0.0,,
2013-11-08T00:00:00,0.0,,
2013-11-09T00:00:00,5.1,,
2013-11-10T00:00:00,0.0,,
2013-11-11T00:00:00,0.0,,
2013-11-13T00:00:00,,,
2013-11-15T00:00:00,0.0,,
2013-11-16T00:00:00,0.0,,
2013-11-17T00:00:00,0.0,,
2013-11-18T00:00:00,0.0,,
2013-11-19T00:00:00,0.0,,
2013-11-20T00:00:00,0.0,,
2013-11-22T00:00:00,0.0,,
2013-11-23T00:00:00,0.0,,
2013-11-25T00:00:00,,,
2013-11-26T00:00:00,0.0,,
2013-11-29T00:00:00,,,
2013-11-30T00:00:00,0.0,,
2013-12-01T00:00:00,0.0,,
2013-12-02T00:00:00,0.0,,
2013-12-03T00:00:00,0.0,,
2013-12-04T00:00:00,0.0,,
2013-12-05T00:00:00,0.0,,
2013-12-06T00:00:00,,,
2013-12-08T00:00:00,0.0,,
2013-12-10T00:00:00,0.0,,
2013-12-11T00:00:00,0.0,,
2013-12-12T00:00:00,0.0,,
2013-12-13T00:00:00,0.0,,
2013-12-14T00:00:00,0.0,,
2013-12-15T00:00:00,0.0,,
2013-12-16T00:00:00,0.0,,
2013-12-17T00:00:00,0.0,,
2013-12-18T00:00:00,0.0,,
2013-12-20T00:00:00,0.0,,
2013-12-21T00:00:00,3.8,,
2013-12-22T00:00:00,0.0,,
2013-12-23T00:00:00,0.0,,
2013-12-24T00:00:00,0.0,,
2013-12-25T00:00:00,0.0,,
2013-12-26T00:00:00,0.0,,
2013-12-27T00:00:00,0.0,,
2013-12-29T00:00:00,,,
2013-12-30T00:00:00,0.0,,
2013-12-31T00:00:00,0.0,,
2014-01-01T00:00:00,0.0,,
2014-01-02T00:00:00,0.0,,
2014-01-03T00:00:00,0.0,,
2014-01-05T00:00:00,0.0,,
2014-01-06T00:00:00,0.0,,
2014-01-07T00:00:00,0.0,,
2014-01-08T00:00:00,0.0,,
2014-01-09T00:00:00,0.0,,
2014-01-10T00:00:00,0.0,,
2014-01-11T00:00:00,0.0,,
2014-01-12T00:00:00,0.0,,
2014-01-13T00:00:00,0.0,,
2014-01-14T00:00:00,0.0,,
2014-01-16T00:00:00,,,
2014-01-17T00:00:00,0.0,,
2014-01-19T00:00:00,0.0,,
2014-01-20T00:00:00,0.0,,
2014-01-21T00:00:00,0.0,,
2014-01-25T00:00:00,,,
2014-01-26T00:00:00,0.0,,
2014-01-27T00:00:00,0.0,,
2014-01-28T00:00:00,0.0,,
2014-01-29T00:00:00,0.0,,
2014-01-30T00:00:00,0.0,,
2014-01-31T00:00:00,0.0,,
2014-02-01T00:00:00,0.0,,
2014-02-02T00:00:00,0.0,,
2014-02-03T00:00:00,0.0,,
2014-02-04T00:00:00,0.0,,
2014-02-05T00:00:00,0.0,,
2014-02-06T00:00:00,0.0,,
2014-02-07T00:00:00,0.0,,
2014-02-08T00:00:00,0.0,,
2014-02-09T00:00:00,0.0,,
2014-02-10T00:00:00,0.0,,
2014-02-11T00:00:00,0.0,,
2014-02-12T00:00:00,0.0,,
2014-02-13T00:00:00,0.0,,
2014-02-14T00:00:00,0.0,,
2014-02-15T00:00:00,0.0,,
2014-02-16T00:00:00,0.0,,
2014-02-17T00:00:00,0.0,,
2014-02-18T00:00:00,0.0,,
2014-02-19T00:00:00,0.0,,
2014-02-20T00:00:00,0.0,,
2014-02-21T00:00:00,0.0,,
2014-02-23T00:00:00,0.0,,
2014-02-24T00:00:00,0.0,,
2014-02-25T00:00:00,0.0,,
2014-02-26T00:00:00,0.3,,
2014-02-27T00:00:00,0.0,,
2014-02-28T00:00:00,0.0,,
2014-03-01T00:00:00,0.0,,
2014-03-02T00:00:00,0.0,,
2014-03-03T00:00:00,0.0,,
2014-03-05T00:00:00,0.0,,
2014-03-06T00:00:00,0.0,,
2014-03-07T00:00:00,0.0,,
2014-03-08T00:00:00,0.0,,
2014-03-09T00:00:00,0.0,,
2014-03-10T00:00:00,0.0,,
2014-03-11T00:00:00,0.0,,
2014-03-13T00:00:00,,,
2014-03-15T00:00:00,0.0,,
2014-03-16T00:00:00,0.0,,
2014-03-17T00:00:00,0.0,,
2014-03-18T00:00:00,0.0,,
2014-03-19T00:00:00,0.0,,
2014-03-22T00:00:00,0.0,,
2014-03-23T00:00:00,0.0,,
2014-03-24T00:00:00,0.0,,
2014-03-26T00:00:00,0.0,,
2014-03-28T00:00:00,0.0,,
2014-03-29T00:00:00,0.0,,
2014-04-01T00:00:00,,,
2014-04-02T00:00:00,0.0,,
2014-04-04T00:00:00,0.0,,
2014-04-05T00:00:00,0.0,,
2014-04-07T00:00:00,,,
2014-04-08T00:00:00,0.0,,
2014-04-09T00:00:00,0.0,,
2014-04-10T00:00:00,0.0,,
2014-04-11T00:00:00,0.0,,
2014-04-12T00:00:00,0.0,,
2014-04-13T00:00:00,0.0,,
2014-04-14T00:00:00,0.0,,
2014-04-15T00:00:00,0.0,,
2014-04-16T00:00:00,0.0,,
2014-04-17T00:00:00,0.0,,
2014-04-18T00:00:00,0.0,,
2014-04-19T00:00:00,0.0,,
2014-04-20T00:00:00,5.8,,
2014-04-21T00:00:00,3.0,,
2014-04-22T00:00:00,0.0,,
2014-04-23T00:00:00,0.0,,
2014-04-24T00:00:00,0.0,,
2014-04-26T00:00:00,0.0,,
2014-04-27T00:00:00,0.0,,
2014-04-28T00:00:00,0.0,,
2014-04-29T00:00:00,0.0,,
2014-04-30T00:00:00,0.0,,
2014-05-01T00:00:00,0.0,,
2014-05-04T00:00:00,0.0,,
2014-05-05T00:00:00,0.0,,
2014-05-06T00:00:00,0.0,,
2014-05-07T00:00:00,0.0,,
2014-05-09T00:00:00,,,
2014-05-10T00:00:00,0.0,,
2014-05-11T00:00:00,0.0,,
2014-05-12T00:00:00,0.0,,
2014-05-13T00:00:00,0.0,,
2014-05-14T00:00:00,0.0,,
2014-05-15T00:00:00,0.0,,
2014-05-16T00:00:00,0.0,,
2014-05-17T00:00:00,0.0,,
2014-05-18T00:00:00,0.0,,
2014-05-19T00:00:00,0.0,,
2014-05-21T00:00:00,0.0,,
2014-05-22T00:00:00,0.0,,
2014-05-23T00:00:00,0.0,,
2014-05-24T00:00:00,0.0,,
2014-05-27T00:00:00,,,
2014-05-28T00:00:00,0.0,,
2014-05-29T00:00:00,0.0,,
2014-05-31T00:00:00,,,
2014-06-01T00:00:00,0.0,,
2014-06-02T00:00:00,0.0,,
2014-06-03T00:00:00,0.0,,
2014-06-04T00:00:00,0.0,,
2014-06-05T00:00:00,0.0,,
2014-06-06T00:00:00,0.0,,
2014-06-08T00:00:00,0.0,,
2014-06-09T00:00:00,0.5,,
2014-06-10T00:00:00,0.0,,
2014-06-12T00:00:00,0.0,,
2014-06-13T00:00:00,0.0,,
2014-06-14T00:00:00,0.0,,
2014-06-15T00:00:00,0.0,,
2014-06-16T00:00:00,0.0,,
2014-06-17T00:00:00,0.0,,
2014-06-21T00:00:00,,,
2014-06-22T00:00:00,0.0,,
2014-06-23T00:00:00,0.0,,
2014-06-24T00:00:00,0.0,,
2014-06-27T00:00:00,,,
2014-06-28T00:00:00,4.6,,
2014-06-29T00:00:00,0.0,,
2014-07-01T00:00:00,0.0,,
2014-07-03T00:00:00,0.0,,
2014-07-04T00:00:00,0.0,,
2014-07-05T00:00:00,0.0,,
2014-07-06T00:00:00,0.0,,
2014-07-08T00:00:00,0.0,,
2014-07-09T00:00:00,0.0,,
2014-07-10T00:00:00,0.0,,
2014-07-11T00:00:00,0.0,,
2014-07-12T00:00:00,0.0,,
2014-07-13T00:00:00,0.0,,
2014-07-15T00:00:00,0.0,,
2014-07-16T00:00:00,0.0,,
2014-07-17T00:00:00,2.0,,
2014-07-18T00:00:00,1.3,,
2014-07-19T00:00:00,0.0,,
2014-07-20T00:00:00,0.0,,
2014-07-21T00:00:00,0.0,,
2014-07-22T00:00:00,0.0,,
2014-07-24T00:00:00,0.0,,
2014-07-25T00:00:00,0.0,,
2014-07-26T00:00:00,0.0,,
2014-07-27T00:00:00,0.0,,
2014-07-28T00:00:00,0.0,,
2014-07-29T00:00:00,0.0,,
2014-07-30T00:00:00,0.0,,
2014-08-01T00:00:00,,,
2014-08-02T00:00:00,0.0,,
2014-08-03T00:00:00,12.7,,
2014-08-04T00:00:00,0.0,,
2014-08-05T00:00:00,0.0,,
2014-08-06T00:00:00,0.0,,
2014-08-07T00:00:00,0.0,,
2014-08-08T00:00:00,0.0,,
2014-08-09T00:00:00,0.0,,
2014-08-10T00:00:00,0.0,,
2014-08-14T00:00:00,,,
2014-08-15T00:00:00,0.0,,
2014-08-16T00:00:00,0.0,,
2014-08-18T00:00:00,1.3,,
2014-08-19T00:00:00,0.0,,
2014-08-22T00:00:00,,,
2014-08-23T00:00:00,0.0,,
2014-08-24T00:00:00,0.0,,
2014-08-25T00:00:00,0.0,,
2014-08-26T00:00:00,0.0,,
2014-08-27T00:00:00,0.0,,
2014-08-28T00:00:00,0.0,,
2014-08-29T00:00:00,0.0,,
2014-08-30T00:00:00,0.0,,
2014-08-31T00:00:00,0.0,,
2014-09-01T00:00:00,0.0,,
2014-09-02T00:00:00,0.0,,
2014-09-03T00:00:00,0.0,,
2014-09-04T00:00:00,0.0,,
2014-09-05T00:00:00,0.0,,
2014-09-06T00:00:00,27.9,,
2014-09-07T00:00:00,2.5,,
2014-09-08T00:00:00,0.0,,
2014-09-09T00:00:00,0.0,,
2014-09-13T00:00:00,,,
2014-09-14T00:00:00,3.8,,
2014-09-16T00:00:00,0.0,,
2014-09-17T00:00:00,0.0,,
2014-09-18T00:00:00,0.0,,
2014-09-19T00:00:00,0.0,,
2014-09-20T00:00:00,0.0,,
2014-09-21T00:00:00,25.4,,
2014-09-22T00:00:00,0.0,,
2014-09-23T00:00:00,0.0,,
2014-09-24T00:00:00,0.0,,
2014-09-27T00:00:00,14.0,,
2014-09-28T00:00:00,0.0,,
2014-09-29T00:00:00,0.0,,
2014-09-30T00:00:00,0.0,,
2014-10-02T00:00:00,0.0,,
2014-10-03T00:00:00,0.0,,
2014-10-05T00:00:00,0.0,,
2014-10-07T00:00:00,0.0,,
2014-10-08T00:00:00,0.0,,
2014-10-09T00:00:00,0.0,,
2014-10-10T00:00:00,0.0,,
2014-10-12T00:00:00,0.0,,
2014-10-14T00:00:00,0.0,,
2014-10-16T00:00:00,0.0,,
2014-10-17T00:00:00,0.0,,
2014-10-18T00:00:00,0.0,,
2014-10-21T00:00:00,0.5,,
2014-10-22T00:00:00,3.3,,
2014-10-23T00:00:00,0.0,,
2014-10-24T00:00:00,0.0,,
2014-10-26T00:00:00,0.0,,
2014-10-27T00:00:00,0.0,,
2014-10-28T00:00:00,0.0,,
2014-10-29T00:00:00,0.0,,
2014-10-30T00:00:00,0.0,,
2014-10-31T00:00:00,0.0,,
2014-11-01T00:00:00,0.0,,
2014-11-02T00:00:00,0.0,,
2014-11-04T00:00:00,0.0,,
2014-11-05T00:00:00,35.6,,
2014-11-06T00:00:00,12.2,,
2014-11-07T00:00:00,1.3,,
2014-11-09T00:00:00,0.0,,
2014-11-10T00:00:00,0.0,,
2014-11-11T00:00:00,0.0,,
2014-11-12T00:00:00,0.0,,
2014-11-13T00:00:00,0.0,,
2014-11-14T00:00:00,0.0,,
2014-11-15T00:00:00,0.0,,
2014-11-16T00:00:00,0.0,,
2014-11-17T00:00:00,0.0,,
2014-11-19T00:00:00,,,
2014-11-20T00:00:00,0.0,,
2014-11-21T00:00:00,0.0,,
2014-11-23T00:00:00,0.0,,
2014-11-25T00:00:00,0.0,,
2014-11-29T00:00:00,,,
2014-12-03T00:00:00,0.0,,
2014-12-04T00:00:00,0.0,,
2014-12-05T00:00:00,0.0,,
2014-12-08T00:00:00,0.0,,
2014-12-09T00:00:00,0.0,,
2014-12-10T00:00:00,2.3,,
2014-12-11T00:00:00,0.0,,
2014-12-14T00:00:00,0.0,,
2014-12-15T00:00:00,0.0,,
2014-12-16T00:00:00,0.0,,
2014-12-18T00:00:00,,,
2014-12-19T00:00:00,0.0,,
2014-12-20T00:00:00,0.0,,
2014-12-23T00:00:00,2.5,,
2014-12-25T00:00:00,0.0,,
2014-12-27T00:00:00,0.0,,
2014-12-29T00:00:00,0.0,,
2014-12-30T00:00:00,0.0,,
2015-01-01T00:00:00,0.0,,
2015-01-02T00:00:00,0.0,,
2015-01-03T00:00:00,8.9,,
2015-01-04T00:00:00,0.0,,
2015-01-06T00:00:00,0.0,,
2015-01-08T00:00:00,,,
2015-01-09T00:00:00,0.0,,
2015-01-10T00:00:00,1.8,,
2015-01-11T00:00:00,0.0,,
2015-01-14T00:00:00,1.3,,
2015-01-16T00:00:00,0.0,,
2015-01-18T00:00:00,0.0,,
2015-01-19T00:00:00,0.0,,
2015-01-20T00:00:00,0.0,,
2015-01-23T00:00:00,,,
2015-01-24T00:00:00,0.0,,
2015-01-26T00:00:00,0.0,,
2015-01-27T00:00:00,0.0,,
2015-01-28T00:00:00,0.0,,
2015-01-29T00:00:00,0.0,,
2015-01-30T00:00:00,0.0,,
2015-01-31T00:00:00,10.7,,
2015-02-01T00:00:00,4.3,,
2015-02-02T00:00:00,0.0,,
2015-02-03T00:00:00,0.0,,
2015-02-06T00:00:00,0.0,,
2015-02-07T00:00:00,0.0,,
2015-02-08T00:00:00,0.0,,
2015-02-09T00:00:00,0.0,,
2015-02-10T00:00:00,2.5,,
2015-02-11T00:00:00,0.0,,
2015-02-16T00:00:00,0.0,,
2015-02-17T00:00:00,0.5,,
2015-02-18T00:00:00,0.0,,
2015-02-19T00:00:00,0.0,,
2015-02-20T00:00:00,0.0,,
2015-02-21T00:00:00,0.0,,
2015-02-22T00:00:00,0.0,,
2015-02-23T00:00:00,0.0,,
2015-02-24T00:00:00,0.0,,
2015-02-26T00:00:00,,,
2015-02-27T00:00:00,0.0,,
2015-02-28T00:00:00,0.0,,
2015-03-01T00:00:00,2.5,,
2015-03-02T00:00:00,0.0,,
2015-03-03T00:00:00,0.0,,
2015-03-04T00:00:00,0.5,,
2015-03-06T00:00:00,0.0,,
2015-03-07T00:00:00,0.0,,
2015-03-08T00:00:00,0.0,,
2015-03-09T00:00:00,0.0,,
2015-03-10T00:00:00,0.0,,
2015-03-12T00:00:00,0.0,,
2015-03-13T00:00:00,0.0,,
2015-03-14T00:00:00,0.0,,
2015-03-15T00:00:00,0.0,,
2015-03-16T00:00:00,0.0,,
2015-03-17T00:00:00,0.0,,
2015-03-18T00:00:00,0.5,,
2015-03-19T00:00:00,0.0,,
2015-03-20T00:00:00,5.1,,
2015-03-21T00:00:00,7.4,,
2015-03-23T00:00:00,0.0,,
2015-03-24T00:00:00,0.0,,
2015-03-25T00:00:00,0.0,,
2015-03-26T00:00:00,0.0,,
2015-03-27T00:00:00,0.0,,
2015-03-28T00:00:00,0.0,,
2015-03-29T00:00:00,0.0,,
2015-03-30T00:00:00,0.0,,
2015-03-31T00:00:00,0.0,,
2015-04-02T00:00:00,0.0,,
2015-04-03T00:00:00,0.0,,
2015-04-05T00:00:00,0.0,,
2015-04-06T00:00:00,24.1,,
2015-04-07T00:00:00,0.0,,
2015-04-08T00:00:00,0.0,,
2015-04-11T00:00:00,0.0,,
2015-04-12T00:00:00,8.1,,
2015-04-13T00:00:00,11.9,,
2015-04-14T00:00:00,0.0,,
2015-04-15T00:00:00,0.0,,
2015-04-16T00:00:00,12.4,,
2015-04-17T00:00:00,0.8,,
2015-04-19T00:00:00,0.0,,
2015-04-20T00:00:00,0.0,,
2015-04-21T00:00:00,0.0,,
2015-04-23T00:00:00,0.0,,
2015-04-24T00:00:00,,,
2015-04-26T00:00:00,0.0,,
2015-04-27T00:00:00,0.0,,
2015-04-28T00:00:00,0.0,,
2015-04-29T00:00:00,0.0,,
2015-04-30T00:00:00,0.0,,
2015-05-01T00:00:00,0.0,,
2015-05-03T00:00:00,0.0,,
2015-05-04T00:00:00,0.0,,
2015-05-06T00:00:00,0.0,,
2015-05-07T00:00:00,0.0,,
2015-05-08T00:00:00,0.0,,
2015-05-09T00:00:00,0.0,,
2015-05-10T00:00:00,0.0,,
2015-05-11T00:00:00,3.0,,
2015-05-12T00:00:00,15.7,,
2015-05-14T00:00:00,,,
2015-05-15T00:00:00,0.0,,
2015-05-16T00:00:00,0.0,,
2015-05-17T00:00:00,0.0,,
2015-05-19T00:00:00,0.0,,
2015-05-21T00:00:00,,,
2015-05-22T00:00:00,0.0,,
2015-05-23T00:00:00,2.0,,
2015-05-25T00:00:00,0.0,,
2015-05-27T00:00:00,0.0,,
2015-05-28T00:00:00,0.0,,
2015-05-29T00:00:00,24.4,,
2015-05-31T00:00:00,5.1,,
2015-06-01T00:00:00,0.0,,
2015-06-02T00:00:00,0.0,,
2015-06-03T00:00:00,0.0,,
2015-06-04T00:00:00,0.0,,
2015-06-06T00:00:00,0.0,,
2015-06-07T00:00:00,0.0,,
2015-06-08T00:00:00,0.0,,
2015-06-09T00:00:00,0.0,,
2015-06-11T00:00:00,,,
2015-06-12T00:00:00,0.0,,
2015-06-13T00:00:00,5.1,,
2015-06-14T00:00:00,19.1,,
2015-06-15T00:00:00,17.5,,
2015-06-16T00:00:00,0.0,,
2015-06-17T00:00:00,2.5,,
2015-06-18T00:00:00,0.0,,
2015-06-19T00:00:00,0.0,,
2015-06-20T00:00:00,13.5,,
2015-06-21T00:00:00,0.0,,
2015-06-22T00:00:00,0.0,,
2015-06-23T00:00:00,0.0,,
2015-06-24T00:00:00,0.3,,
2015-06-25T00:00:00,0.0,,
2015-06-26T00:00:00,0.0,,
2015-06-27T00:00:00,22.4,,
2015-06-28T00:00:00,3.0,,
2015-06-29T00:00:00,0.0,,
2015-06-30T00:00:00,0.0,,
2015-07-01T00:00:00,0.0,,
2015-07-02T00:00:00,0.0,,
2015-07-03T00:00:00,0.0,,
2015-07-06T00:00:00,0.0,,
2015-07-07T00:00:00,5.8,,
2015-07-08T00:00:00,10.9,,
2015-07-09T00:00:00,0.0,,
2015-07-10T00:00:00,0.0,,
2015-07-11T00:00:00,0.0,,
2015-07-12T00:00:00,0.0,,
2015-07-13T00:00:00,0.0,,
2015-07-14T00:00:00,0.0,,
2015-07-15T00:00:00,0.0,,
2015-07-16T00:00:00,0.0,,
2015-07-17T00:00:00,0.0,,
2015-07-18T00:00:00,0.0,,
2015-07-19T00:00:00,0.0,,
2015-07-21T00:00:00,0.0,,
2015-07-22T00:00:00,0.0,,
2015-07-24T00:00:00,0.0,,
2015-07-25T00:00:00,0.0,,
2015-07-29T00:00:00,0.0,,
2015-07-30T00:00:00,0.0,,
2015-08-01T00:00:00,0.0,,
2015-08-02T00:00:00,0.0,,
2015-08-04T00:00:00,0.0,,
2015-08-06T00:00:00,,,
2015-08-07T00:00:00,0.0,,
2015-08-08T00:00:00,0.0,,
2015-08-09T00:00:00,0.0,,
2015-08-10T00:00:00,0.0,,
2015-08-12T00:00:00,0.0,,
2015-08-13T00:00:00,1.5,,
2015-08-14T00:00:00,0.0,,
2015-08-15T00:00:00,0.0,,
2015-08-16T00:00:00,0.0,,
2015-08-17T00:00:00,0.0,,
2015-08-19T00:00:00,0.0,,
2015-08-21T00:00:00,,,
2015-08-22T00:00:00,0.0,,
2015-08-23T00:00:00,0.0,,
2015-08-24T00:00:00,0.0,,
2015-08-25T00:00:00,0.0,,
2015-08-26T00:00:00,0.0,,
2015-08-27T00:00:00,0.0,,
2015-08-29T00:00:00,0.0,,
2015-08-30T00:00:00,0.0,,
2015-08-31T00:00:00,0.0,,
2015-09-01T00:00:00,0.0,,
2015-09-04T00:00:00,,,
2015-09-05T00:00:00,0.0,,
2015-09-06T00:00:00,0.0,,
2015-09-07T00:00:00,0.0,,
2015-09-08T00:00:00,0.0,,
2015-09-09T00:00:00,0.0,,
2015-09-11T00:00:00,,,
2015-09-12T00:00:00,2.5,,
2015-09-13T00:00:00,0.0,,
2015-09-14T00:00:00,0.0,,
2015-09-15T00:00:00,0.0,,
2015-09-16T00:00:00,0.0,,
2015-09-17T00:00:00,0.0,,
2015-09-18T00:00:00,0.0,,
2015-09-19T00:00:00,0.0,,
2015-09-20T00:00:00,0.0,,
2015-09-21T00:00:00,0.0,,
2015-09-23T00:00:00,0.0,,
2015-09-24T00:00:00,0.0,,
2015-09-25T00:00:00,0.0,,
2015-09-26T00:00:00,0.0,,
2015-09-27T00:00:00,1.3,,
2015-09-28T00:00:00,0.0,,
2015-09-29T00:00:00,0.0,,
2015-09-30T00:00:00,0.0,,
2015-10-01T00:00:00,0.0,,
2015-10-02T00:00:00,0.0,,
2015-10-03T00:00:00,0.0,,
2015-10-04T00:00:00,0.0,,
2015-10-05T00:00:00,0.0,,
2015-10-06T00:00:00,0.0,,
2015-10-07T00:00:00,0.0,,
2015-10-08T00:00:00,1.3,,
2015-10-09T00:00:00,55.9,,
2015-10-10T00:00:00,0.0,,
2015-10-12T00:00:00,0.0,,
2015-10-13T00:00:00,0.0,,
2015-10-14T00:00:00,0.0,,
2015-10-15T00:00:00,0.0,,
2015-10-16T00:00:00,0.0,,
2015-10-17T00:00:00,0.0,,
2015-10-18T00:00:00,0.0,,
2015-10-20T00:00:00,0.0,,
2015-10-22T00:00:00,0.3,,
2015-10-23T00:00:00,0.8,,
2015-10-24T00:00:00,31.0,,
2015-10-25T00:00:00,1.5,,
2015-10-26T00:00:00,0.0,,
2015-10-27T00:00:00,0.0,,
2015-10-29T00:00:00,0.0,,
2015-10-31T00:00:00,11.2,,
2015-11-01T00:00:00,0.0,,
2015-11-04T00:00:00,,,
2015-11-06T00:00:00,,,
2015-11-07T00:00:00,2.0,,
2015-11-08T00:00:00,0.0,,
2015-11-10T00:00:00,0.0,,
2015-11-11T00:00:00,0.0,,
2015-11-12T00:00:00,0.0,,
2015-11-14T00:00:00,,,
2015-11-16T00:00:00,0.0,,
2015-11-17T00:00:00,0.0,,
2015-11-18T00:00:00,0.0,,
2015-11-20T00:00:00,0.0,,
2015-11-21T00:00:00,0.0,,
2015-11-22T00:00:00,0.0,,
2015-11-23T00:00:00,0.0,,
2015-11-25T00:00:00,0.0,,
2015-11-26T00:00:00,0.0,,
2015-11-27T00:00:00,5.1,,
2015-11-28T00:00:00,0.0,,
2015-11-29T00:00:00,1.5,,
2015-11-30T00:00:00,0.0,,
2015-12-01T00:00:00,0.0,,
2015-12-02T00:00:00,0.0,,
2015-12-03T00:00:00,0.0,,
2015-12-04T00:00:00,0.0,,
2015-12-05T00:00:00,0.0,,
2015-12-06T00:00:00,0.0,,
2015-12-07T00:00:00,0.0,,
2015-12-08T00:00:00,0.0,,
2015-12-09T00:00:00,0.0,,
2015-12-10T00:00:00,0.0,,
2015-12-11T00:00:00,0.0,,
2015-12-12T00:00:00,0.0,,
2015-12-13T00:00:00,12.2,,
2015-12-14T00:00:00,0.0,,
2015-12-15T00:00:00,0.0,,
2015-12-16T00:00:00,0.0,,
2015-12-17T00:00:00,0.0,,
2015-12-18T00:00:00,0.0,,
2015-12-19T00:00:00,0.0,,
2015-12-20T00:00:00,0.0,,
2015-12-21T00:00:00,0.0,,
2015-12-22T00:00:00,0.0,,
2015-12-23T00:00:00,0.0,,
2015-12-24T00:00:00,0.0,,
2015-12-25T00:00:00,0.0,,
2015-12-26T00:00:00,0.0,,
2015-12-27T00:00:00,0.0,,
2015-12-28T00:00:00,0.5,,
2015-12-29T00:00:00,0.0,,
2015-12-30T00:00:00,0.0,,
2016-01-01T00:00:00,,,
2016-01-02T00:00:00,0.0,,
2016-01-03T00:00:00,0.0,,
2016-01-04T00:00:00,1.3,,
2016-01-07T00:00:00,0.0,,
2016-01-08T00:00:00,0.0,,
2016-01-09T00:00:00,0.0,,
2016-01-10T00:00:00,0.0,,
2016-01-11T00:00:00,0.0,,
2016-01-12T00:00:00,0.0,,
2016-01-14T00:00:00,0.0,,
2016-01-15T00:00:00,0.0,,
2016-01-16T00:00:00,0.0,,
2016-01-18T00:00:00,0.0,,
2016-01-19T00:00:00,0.0,,
2016-01-20T00:00:00,0.0,,
2016-01-21T00:00:00,0.0,,
2016-01-22T00:00:00,0.0,,
2016-01-23T00:00:00,0.0,,
2016-01-24T00:00:00,0.0,,
2016-01-25T00:00:00,0.0,,
2016-01-27T00:00:00,8.9,,
2016-01-28T00:00:00,0.0,,
2016-01-29T00:00:00,0.0,,
2016-01-31T00:00:00,0.0,,
2016-02-01T00:00:00,0.0,,
2016-02-02T00:00:00,0.0,,
2016-02-03T00:00:00,0.0,,
2016-02-04T00:00:00,0.0,,
2016-02-05T00:00:00,0.0,,
2016-02-06T00:00:00,0.0,,
2016-02-07T00:00:00,0.0,,
2016-02-08T00:00:00,0.0,,
2016-02-09T00:00:00,0.0,,
2016-02-10T00:00:00,0.0,,
2016-02-11T00:00:00,0.0,,
2016-02-13T00:00:00,0.0,,
2016-02-15T00:00:00,0.0,,
2016-02-17T00:00:00,0.0,,
2016-02-18T00:00:00,0.0,,
2016-02-19T00:00:00,0.0,,
2016-02-20T00:00:00,0.0,,
2016-02-21T00:00:00,0.0,,
2016-02-22T00:00:00,5.1,,
2016-02-23T00:00:00,4.3,,
2016-02-25T00:00:00,,,
2016-02-26T00:00:00,0.0,,
2016-02-27T00:00:00,0.0,,
2016-02-28T00:00:00,0.0,,
2016-02-29T00:00:00,0.0,,
2016-03-01T00:00:00,0.0,,
2016-03-03T00:00:00,,,
2016-03-04T00:00:00,0.0,,
2016-03-05T00:00:00,0.0,,
2016-03-06T00:00:00,0.0,,
2016-03-07T00:00:00,0.0,,
2016-03-08T00:00:00,0.0,,
2016-03-09T00:00:00,9.1,,
2016-03-10T00:00:00,20.8,,
2016-03-11T00:00:00,0.8,,
2016-03-12T00:00:00,17.8,,
2016-03-13T00:00:00,0.0,,
2016-03-14T00:00:00,0.0,,
2016-03-15T00:00:00,0.0,,
2016-03-17T00:00:00,,,
2016-03-18T00:00:00,0.0,,
2016-03-19T00:00:00,0.0,,
2016-03-20T00:00:00,0.0,,
2016-03-21T00:00:00,0.0,,
2016-03-22T00:00:00,0.0,,
2016-03-23T00:00:00,0.0,,
2016-03-24T00:00:00,0.0,,
2016-03-25T00:00:00,0.0,,
2016-03-26T00:00:00,0.0,,
2016-03-27T00:00:00,0.0,,
2016-03-28T00:00:00,0.0,,
2016-03-29T00:00:00,0.0,,
2016-03-31T00:00:00,0.0,,
2016-04-01T00:00:00,0.0,,
2016-04-02T00:00:00,0.0,,
2016-04-03T00:00:00,0.0,,
2016-04-04T00:00:00,0.0,,
2016-04-05T00:00:00,0.0,,
2016-04-06T00:00:00,0.0,,
2016-04-07T00:00:00,0.0,,
2016-04-08T00:00:00,0.0,,
2016-04-12T00:00:00,,,
2016-04-13T00:00:00,2.0,,
2016-04-14T00:00:00,0.0,,
2016-04-15T00:00:00,0.0,,
2016-04-16T00:00:00,0.0,,
2016-04-17T00:00:00,24.6,,
2016-04-18T00:00:00,12.7,,
2016-04-19T00:00:00,1.0,,
2016-04-20T00:00:00,0.0,,
2016-04-21T00:00:00,0.0,,
2016-04-22T00:00:00,0.0,,
2016-04-23T00:00:00,0.0,,
2016-04-25T00:00:00,0.0,,
2016-04-26T00:00:00,0.0,,
2016-04-27T00:00:00,0.0,,
2016-04-28T00:00:00,0.0,,
2016-04-29T00:00:00,0.0,,
2016-04-30T00:00:00,0.0,,
2016-05-01T00:00:00,0.0,,
2016-05-02T00:00:00,0.0,,
2016-05-03T00:00:00,0.0,,
2016-05-04T00:00:00,0.0,,
2016-05-05T00:00:00,0.0,,
2016-05-06T00:00:00,0.0,,
2016-05-07T00:00:00,0.0,,
2016-05-08T00:00:00,0.0,,
2016-05-09T00:00:00,0.8,,
2016-05-10T00:00:00,0.0,,
2016-05-11T00:00:00,0.0,,
2016-05-12T00:00:00,0.0,,
2016-05-13T00:00:00,0.0,,
2016-05-14T00:00:00,0.0,,
2016-05-15T00:00:00,2.0,,
2016-05-16T00:00:00,5.8,,
2016-05-17T00:00:00,0.0,,
2016-05-18T00:00:00,0.5,,
2016-05-19T00:00:00,30.5,,
2016-05-20T00:00:00,0.8,,
2016-05-21T00:00:00,0.0,,
2016-05-22T00:00:00,0.0,,
2016-05-23T00:00:00,0.0,,
2016-05-24T00:00:00,14.0,,
2016-05-25T00:00:00,0.0,,
2016-05-26T00:00:00,2.5,,
2016-05-27T00:00:00,3.3,,
2016-05-28T00:00:00,0.0,,
2016-05-29T00:00:00,0.0,,
2016-05-30T00:00:00,0.0,,
2016-05-31T00:00:00,0.0,,
2016-06-01T00:00:00,0.0,,
2016-06-02T00:00:00,5.1,,
2016-06-03T00:00:00,0.0,,
2016-06-04T00:00:00,0.0,,
2016-06-05T00:00:00,0.0,,
2016-06-07T00:00:00,0.0,,
2016-06-09T00:00:00,0.0,,
2016-06-10T00:00:00,0.0,,
2016-06-11T00:00:00,0.0,,
2016-06-13T00:00:00,0.0,,
2016-06-14T00:00:00,0.0,,
2016-06-15T00:00:00,0.0,,
2016-06-16T00:00:00,0.0,,
2016-06-17T00:00:00,0.0,,
2016-06-18T00:00:00,0.0,,
2016-06-19T00:00:00,0.0,,
2016-06-20T00:00:00,14.0,,
2016-06-21T00:00:00,0.0,,
2016-06-23T00:00:00,0.0,,
2016-06-24T00:00:00,0.0,,
2016-06-26T00:00:00,9.7,,
2016-06-27T00:00:00,0.0,,
2016-06-28T00:00:00,2.0,,
2016-06-29T00:00:00,0.0,,
2016-06-30T00:00:00,0.0,,
2016-07-01T00:00:00,0.0,,
2016-07-02T00:00:00,0.0,,
2016-07-03T00:00:00,0.0,,
2016-07-04T00:00:00,0.0,,
2016-07-07T00:00:00,0.0,,
2016-07-08T00:00:00,0.0,,
2016-07-09T00:00:00,0.0,,
2016-07-10T00:00:00,0.0,,
2016-07-12T00:00:00,0.0,,
2016-07-14T00:00:00,0.0,,
2016-07-15T00:00:00,0.0,,
2016-07-16T00:00:00,0.0,,
2016-07-18T00:00:00,0.0,,
2016-07-19T00:00:00,0.0,,
2016-07-20T00:00:00,0.0,,
2016-07-21T00:00:00,0.0,,
2016-07-22T00:00:00,0.0,,
2016-07-23T00:00:00,0.0,,
2016-07-25T00:00:00,0.0,,
2016-07-28T00:00:00,,,
2016-07-29T00:00:00,0.0,,
2016-07-30T00:00:00,0.0,,
2016-07-31T00:00:00,0.0,,
2016-08-01T00:00:00,0.0,,
2016-08-02T00:00:00,0.0,,
2016-08-03T00:00:00,0.0,,
2016-08-05T00:00:00,,,
2016-08-06T00:00:00,0.0,,
2016-08-07T00:00:00,0.0,,
2016-08-09T00:00:00,0.0,,
2016-08-10T00:00:00,0.0,,
2016-08-11T00:00:00,0.0,,
2016-08-12T00:00:00,3.3,,
2016-08-13T00:00:00,0.8,,
2016-08-14T00:00:00,0.8,,
2016-08-15T00:00:00,0.0,,
2016-08-16T00:00:00,0.0,,
2016-08-17T00:00:00,0.0,,
2016-08-18T00:00:00,3.3,,
2016-08-19T00:00:00,1.0,,
2016-08-20T00:00:00,0.0,,
2016-08-21T00:00:00,0.0,,
2016-08-22T00:00:00,0.0,,
2016-08-23T00:00:00,0.0,,
2016-08-24T00:00:00,0.0,,
2016-08-25T00:00:00,0.0,,
2016-08-26T00:00:00,0.0,,
2016-08-27T00:00:00,1.5,,
2016-08-28T00:00:00,0.0,,
2016-08-29T00:00:00,27.7,,
2016-08-30T00:00:00,29.0,,
2016-09-01T00:00:00,0.8,,
2016-09-02T00:00:00,2.5,,
2016-09-03T00:00:00,16.8,,
2016-09-04T00:00:00,0.0,,
2016-09-05T00:00:00,0.0,,
2016-09-06T00:00:00,0.0,,
2016-09-07T00:00:00,0.0,,
2016-09-08T00:00:00,0.0,,
2016-09-09T00:00:00,0.0,,
2016-09-10T00:00:00,0.0,,
2016-09-11T00:00:00,23.6,,
2016-09-12T00:00:00,0.0,,
2016-09-14T00:00:00,0.0,,
2016-09-15T00:00:00,0.0,,
2016-09-16T00:00:00,0.0,,
2016-09-17T00:00:00,0.0,,
2016-09-18T00:00:00,0.0,,
2016-09-19T00:00:00,0.0,,
2016-09-20T00:00:00,0.0,,
2016-09-21T00:00:00,0.0,,
2016-09-22T00:00:00,0.0,,
2016-09-23T00:00:00,0.0,,
2016-09-26T00:00:00,14.5,,
2016-09-27T00:00:00,1.8,,
2016-09-28T00:00:00,0.0,,
2016-09-29T00:00:00,0.0,,
2016-10-01T00:00:00,0.0,,
2016-10-02T00:00:00,0.0,,
2016-10-03T00:00:00,0.0,,
2016-10-04T00:00:00,0.0,,
2016-10-05T00:00:00,0.0,,
2016-10-06T00:00:00,0.0,,
2016-10-07T00:00:00,0.0,,
2016-10-09T00:00:00,0.0,,
2016-10-10T00:00:00,0.0,,
2016-10-11T00:00:00,0.0,,
2016-10-12T00:00:00,0.0,,
2016-10-13T00:00:00,0.0,,
2016-10-14T00:00:00,0.0,,
2016-10-15T00:00:00,0.0,,
2016-10-16T00:00:00,0.0,,
2016-10-18T00:00:00,0.0,,
2016-10-19T00:00:00,0.0,,
2016-10-20T00:00:00,0.0,,
2016-10-21T00:00:00,0.0,,
2016-10-22T00:00:00,0.0,,
2016-10-23T00:00:00,0.0,,
2016-10-24T00:00:00,0.0,,
2016-10-25T00:00:00,0.0,,
2016-10-26T00:00:00,0.0,,
2016-10-27T00:00:00,0.0,,
2016-10-28T00:00:00,0.0,,
2016-10-29T00:00:00,0.0,,
2016-10-30T00:00:00,0.0,,
2016-10-31T00:00:00,0.0,,
2016-11-01T00:00:00,0.0,,
2016-11-02T00:00:00,0.0,,
2016-11-03T00:00:00,0.0,,
2016-11-04T00:00:00,2.0,,
2016-11-05T00:00:00,0.0,,
2016-11-07T00:00:00,0.0,,
2016-11-09T00:00:00,0.0,,
2016-11-10T00:00:00,2.5,,
2016-11-11T00:00:00,2.0,,
2016-11-12T00:00:00,0.0,,
2016-11-13T00:00:00,0.0,,
2016-11-14T00:00:00,0.0,,
2016-11-17T00:00:00,,,
2016-11-18T00:00:00,0.0,,
2016-11-19T00:00:00,0.0,,
2016-11-20T00:00:00,0.0,,
2016-11-21T00:00:00,0.0,,
2016-11-23T00:00:00,0.0,,
2016-11-24T00:00:00,0.0,,
2016-11-25T00:00:00,0.0,,
2016-11-26T00:00:00,7.4,,
2016-11-28T00:00:00,0.0,,
2016-11-29T00:00:00,0.0,,
2016-11-30T00:00:00,0.0,,
2016-12-01T00:00:00,0.0,,
2016-12-03T00:00:00,2.3,,
2016-12-04T00:00:00,9.9,,
2016-12-05T00:00:00,18.5,,
2016-12-06T00:00:00,3.0,,
2016-12-07T00:00:00,0.0,,
2016-12-08T00:00:00,0.0,,
2016-12-10T00:00:00,0.0,,
2016-12-11T00:00:00,0.0,,
2016-12-12T00:00:00,0.0,,
2016-12-14T00:00:00,0.0,,
2016-12-15T00:00:00,0.0,,
2016-12-16T00:00:00,2.8,,
2016-12-17T00:00:00,0.5,,
2016-12-18T00:00:00,0.0,,
2016-12-19T00:00:00,0.0,,
2016-12-20T00:00:00,0.0,,
2016-12-23T00:00:00,,,
2016-12-24T00:00:00,2.5,,
2016-12-26T00:00:00,0.0,,
2016-12-27T00:00:00,0.0,,
2016-12-28T00:00:00,0.0,,
2016-12-29T00:00:00,0.0,,
2016-12-30T00:00:00,0.0,,
2017-01-03T00:00:00,0.0,,
2017-01-04T00:00:00,0.0,,
2017-01-05T00:00:00,0.0,,
2017-01-06T00:00:00,0.0,,
2017-01-07T00:00:00,0.0,,
2017-01-08T00:00:00,0.0,,
2017-01-09T00:00:00,0.0,,
2017-01-11T00:00:00,0.0,,
2017-01-14T00:00:00,0.8,,
2017-01-15T00:00:00,5.6,,
2017-01-16T00:00:00,16.0,,
2017-01-17T00:00:00,0.0,,
2017-01-18T00:00:00,1.3,,
2017-01-19T00:00:00,0.0,,
2017-01-21T00:00:00,0.0,,
2017-01-22T00:00:00,0.0,,
2017-01-24T00:00:00,0.0,,
2017-01-25T00:00:00,0.0,,
2017-01-26T00:00:00,0.0,,
2017-01-27T00:00:00,0.0,,
2017-01-28T00:00:00,0.0,,
2017-01-30T00:00:00,0.0,,
2017-02-02T00:00:00,,,
2017-02-04T00:00:00,0.0,,
2017-02-05T00:00:00,0.0,,
2017-02-06T00:00:00,0.0,,
2017-02-07T00:00:00,0.0,,
2017-02-08T00:00:00,0.0,,
2017-02-09T00:00:00,0.0,,
2017-02-10T00:00:00,0.0,,
2017-02-11T00:00:00,0.0,,
2017-02-14T00:00:00,33.3,,
2017-02-15T00:00:00,0.0,,
2017-02-18T00:00:00,0.0,,
2017-02-19T00:00:00,0.0,,
2017-02-20T00:00:00,1.3,,
2017-02-21T00:00:00,0.0,,
2017-02-22T00:00:00,0.0,,
2017-02-23T00:00:00,0.0,,
2017-02-25T00:00:00,0.0,,
2017-02-26T00:00:00,0.0,,
2017-02-28T00:00:00,0.0,,
2017-03-02T00:00:00,,,
2017-03-03T00:00:00,0.0,,
2017-03-05T00:00:00,0.0,,
2017-03-08T00:00:00,,,
2017-03-09T00:00:00,0.0,,
2017-03-12T00:00:00,0.0,,
2017-03-13T00:00:00,0.0,,
2017-03-14T00:00:00,0.0,,
2017-03-15T00:00:00,0.0,,
2017-03-16T00:00:00,0.0,,
2017-03-17T00:00:00,0.0,,
2017-03-18T00:00:00,0.0,,
2017-03-19T00:00:00,0.0,,
2017-03-20T00:00:00,0.0,,
2017-03-21T00:00:00,0.0,,
2017-03-22T00:00:00,0.0,,
2017-03-23T00:00:00,0.0,,
2017-03-25T00:00:00,0.0,,
2017-03-26T00:00:00,0.0,,
2017-03-27T00:00:00,0.0,,
2017-03-28T00:00:00,0.0,,
2017-03-29T00:00:00,7.4,,
2017-03-31T00:00:00,0.0,,
2017-04-01T00:00:00,0.0,,
2017-04-02T00:00:00,6.4,,
2017-04-03T00:00:00,0.0,,
2017-04-04T00:00:00,0.0,,
2017-04-05T00:00:00,0.0,,
2017-04-07T00:00:00,0.0,,
2017-04-08T00:00:00,0.0,,
2017-04-09T00:00:00,0.0,,
2017-04-10T00:00:00,0.0,,
2017-04-11T00:00:00,0.0,,
2017-04-12T00:00:00,0.0,,
2017-04-13T00:00:00,73.7,,
2017-04-14T00:00:00,0.0,,
2017-04-15T00:00:00,0.0,,
2017-04-16T00:00:00,0.0,,
2017-04-17T00:00:00,20.3,,
2017-04-18T00:00:00,0.0,,
2017-04-20T00:00:00,,,
2017-04-21T00:00:00,0.0,,
2017-04-22T00:00:00,0.0,,
2017-04-23T00:00:00,0.0,,
2017-04-24T00:00:00,0.0,,
2017-04-25T00:00:00,0.0,,
2017-04-26T00:00:00,0.0,,
2017-04-28T00:00:00,,,
2017-04-29T00:00:00,0.0,,
2017-04-30T00:00:00,0.0,,
2017-05-02T00:00:00,0.0,,
2017-05-04T00:00:00,,,
2017-05-05T00:00:00,0.0,,
2017-05-06T00:00:00,0.0,,
2017-05-07T00:00:00,0.0,,
2017-05-08T00:00:00,0.0,,
2017-05-09T00:00:00,0.0,,
2017-05-10T00:00:00,0.0,,
2017-05-11T00:00:00,0.0,,
2017-05-12T00:00:00,0.0,,
2017-05-13T00:00:00,0.0,,
2017-05-15T00:00:00,0.0,,
2017-05-16T00:00:00,0.0,,
2017-05-17T00:00:00,0.0,,
2017-05-22T00:00:00,,,
2017-05-23T00:00:00,0.0,,
2017-05-24T00:00:00,0.0,,
2017-05-26T00:00:00,0.0,,
2017-05-28T00:00:00,0.0,,
2017-05-30T00:00:00,0.0,,
2017-05-31T00:00:00,2.8,,
2017-06-01T00:00:00,0.0,,
2017-06-02T00:00:00,2.0,,
2017-06-04T00:00:00,,,
2017-06-05T00:00:00,0.0,,
2017-06-07T00:00:00,0.0,,
2017-06-08T00:00:00,0.0,,
2017-06-09T00:00:00,0.0,,
2017-06-11T00:00:00,0.0,,
2017-06-12T00:00:00,0.0,,
2017-06-15T00:00:00,,,
2017-06-17T00:00:00,0.0,,
2017-06-18T00:00:00,0.0,,
2017-06-19T00:00:00,0.0,,
2017-06-20T00:00:00,0.0,,
2017-06-22T00:00:00,,,
2017-06-23T00:00:00,0.0,,
2017-06-24T00:00:00,0.5,,
2017-06-25T00:00:00,0.0,,
2017-06-26T00:00:00,0.0,,
2017-06-27T00:00:00,5.3,,
2017-06-28T00:00:00,0.0,,
2017-06-29T00:00:00,0.0,,
2017-06-30T00:00:00,0.0,,
2017-07-01T00:00:00,0.0,,
2017-07-02T00:00:00,0.0,,
2017-07-03T00:00:00,0.0,,
2017-07-06T00:00:00,7.6,,
2017-07-08T00:00:00,0.0,,
2017-07-09T00:00:00,0.0,,
2017-07-10T00:00:00,0.0,,
2017-07-11T00:00:00,0.0,,
2017-07-12T00:00:00,0.0,,
2017-07-13T00:00:00,0.0,,
2017-07-14T00:00:00,38.6,,
2017-07-16T00:00:00,2.8,,
2017-07-17T00:00:00,2.5,,
2017-07-18T00:00:00,0.0,,
2017-07-20T00:00:00,0.0,,
2017-07-21T00:00:00,0.0,,
2017-07-22T00:00:00,0.0,,
2017-07-23T00:00:00,0.0,,
2017-07-24T00:00:00,0.0,,
2017-07-25T00:00:00,0.0,,
2017-07-27T00:00:00,0.0,,
2017-07-28T00:00:00,0.0,,
2017-07-29T00:00:00,0.0,,
2017-07-30T00:00:00,0.0,,
2017-07-31T00:00:00,0.0,,
2017-08-02T00:00:00,3.3,,
2017-08-03T00:00:00,10.9,,
2017-08-07T00:00:00,0.0,,
2017-08-10T00:00:00,,,
2017-08-11T00:00:00,0.0,,
2017-08-12T00:00:00,0.0,,
2017-08-16T00:00:00,17.3,,
2017-08-17T00:00:00,0.0,,
2017-08-18T00:00:00,0.0,,
2017-08-19T00:00:00,0.3,,
2017-08-20T00:00:00,0.0,,
2017-08-21T00:00:00,0.0,,
2017-08-22T00:00:00,0.0,,
2017-08-24T00:00:00,,,
2017-08-26T00:00:00,,,
2017-08-27T00:00:00,0.0,,
2017-08-29T00:00:00,0.0,,
2017-08-30T00:00:00,0.0,,
2017-09-01T00:00:00,,,
2017-09-02T00:00:00,0.0,,
2017-09-03T00:00:00,0.0,,
2017-09-04T00:00:00,0.0,,
2017-09-05T00:00:00,0.0,,
2017-09-07T00:00:00,,,
2017-09-08T00:00:00,0.0,,
2017-09-09T00:00:00,0.0,,
2017-09-11T00:00:00,0.0,,
2017-09-12T00:00:00,0.0,,
2017-09-13T00:00:00,0.0,,
2017-09-14T00:00:00,0.0,,
2017-09-15T00:00:00,0.0,,
2017-09-16T00:00:00,0.0,,
2017-09-17T00:00:00,0.0,,
2017-09-19T00:00:00,,,
2017-09-21T00:00:00,0.0,,
2017-09-24T00:00:00,0.0,,
2017-09-26T00:00:00,,,
2017-09-27T00:00:00,,,
2017-09-28T00:00:00,16.8,,
2017-09-29T00:00:00,45.7,,
2017-09-30T00:00:00,19.6,,
2017-10-01T00:00:00,6.9,,
2017-10-02T00:00:00,0.0,,
2017-10-03T00:00:00,0.0,,
2017-10-04T00:00:00,8.4,,
2017-10-05T00:00:00,6.4,,
2017-10-07T00:00:00,0.0,,
2017-10-08T00:00:00,0.0,,
2017-10-10T00:00:00,0.0,,
2017-10-11T00:00:00,0.0,,
2017-10-13T00:00:00,0.0,,
2017-10-14T00:00:00,0.0,,
2017-10-15T00:00:00,0.0,,
2017-10-16T00:00:00,0.0,,
2017-10-17T00:00:00,0.0,,
2017-10-19T00:00:00,0.0,,
2017-10-21T00:00:00,0.0,,
2017-10-22T00:00:00,0.0,,
2017-10-23T00:00:00,0.0,,
2017-10-24T00:00:00,0.0,,
2017-10-26T00:00:00,0.0,,
2017-10-27T00:00:00,0.0,,
2017-10-28T00:00:00,0.0,,
2017-10-29T00:00:00,0.0,,
2017-10-30T00:00:00,0.0,,
2017-10-31T00:00:00,0.0,,
2017-11-01T00:00:00,0.0,,
2017-11-02T00:00:00,0.0,,
2017-11-03T00:00:00,0.0,,
2017-11-05T00:00:00,0.0,,
2017-11-06T00:00:00,0.0,,
2017-11-07T00:00:00,0.0,,
2017-11-09T00:00:00,,,
2017-11-10T00:00:00,0.0,,
2017-11-11T00:00:00,1.3,,
2017-11-12T00:00:00,0.0,,
2017-11-13T00:00:00,0.0,,
2017-11-14T00:00:00,0.0,,
2017-11-15T00:00:00,0.0,,
2017-11-17T00:00:00,,,
2017-11-18T00:00:00,1.0,,
2017-11-19T00:00:00,0.0,,
2017-11-20T00:00:00,0.0,,
2017-11-22T00:00:00,0.0,,
2017-11-23T00:00:00,0.0,,
2017-11-24T00:00:00,0.0,,
2017-11-25T00:00:00,0.0,,
2017-11-26T00:00:00,0.0,,
2017-11-27T00:00:00,0.0,,
2017-11-28T00:00:00,0.0,,
2017-11-29T00:00:00,0.0,,
2017-11-30T00:00:00,0.0,,
2017-12-01T00:00:00,0.0,,
2017-12-02T00:00:00,0.0,,
2017-12-04T00:00:00,0.0,,
2017-12-07T00:00:00,,,
2017-12-10T00:00:00,,,
2017-12-11T00:00:00,0.0,,
2017-12-12T00:00:00,0.0,,
2017-12-13T00:00:00,0.0,,
2017-12-14T00:00:00,0.0,,
2017-12-16T00:00:00,,,
2017-12-19T00:00:00,7.4,,
2017-12-21T00:00:00,0.0,,
2017-12-22T00:00:00,0.5,,
2017-12-23T00:00:00,0.0,,
2017-12-26T00:00:00,0.0,,
2017-12-29T00:00:00,,,
2017-12-30T00:00:00,0.0,,
2018-01-01T00:00:00,0.0,,
2018-01-02T00:00:00,0.0,,
2018-01-04T00:00:00,,,
2018-01-06T00:00:00,,,
2018-01-07T00:00:00,0.0,,
2018-01-11T00:00:00,,,
2018-01-12T00:00:00,0.0,,
2018-01-13T00:00:00,0.0,,
2018-01-14T00:00:00,0.0,,
2018-01-15T00:00:00,0.0,,
2018-01-20T00:00:00,0.0,,
2018-01-21T00:00:00,0.0,,
2018-01-22T00:00:00,0.0,,
2018-01-25T00:00:00,0.0,,
2018-01-28T00:00:00,0.0,,
2018-01-29T00:00:00,0.0,,
2018-01-30T00:00:00,0.0,,
2018-02-01T00:00:00,0.0,,
2018-02-03T00:00:00,3.0,,
2018-02-04T00:00:00,0.0,,
2018-02-05T00:00:00,0.0,,
2018-02-08T00:00:00,,,
2018-02-10T00:00:00,0.0,,
2018-02-13T00:00:00,,,
2018-02-15T00:00:00,,,
2018-02-16T00:00:00,0.0,,
2018-02-20T00:00:00,0.5,,
2018-02-22T00:00:00,,,
2018-02-23T00:00:00,0.0,,
2018-02-24T00:00:00,0.0,,
2018-02-25T00:00:00,0.0,,
2018-02-26T00:00:00,0.0,,
2018-02-27T00:00:00,0.0,,
2018-03-01T00:00:00,,,
2018-03-04T00:00:00,,,
2018-03-05T00:00:00,0.0,,
2018-03-06T00:00:00,0.0,,
2018-03-08T00:00:00,,,
2018-03-10T00:00:00,0.0,,
2018-03-12T00:00:00,0.0,,
2018-03-14T00:00:00,,,
2018-03-15T00:00:00,0.0,,
2018-03-18T00:00:00,,,
2018-03-19T00:00:00,0.0,,
2018-03-20T00:00:00,0.0,,
2018-03-21T00:00:00,0.0,,
2018-03-22T00:00:00,0.0,,
2018-03-23T00:00:00,0.0,,
2018-03-24T00:00:00,0.0,,
2018-03-25T00:00:00,0.0,,
2018-03-26T00:00:00,0.0,,
2018-03-28T00:00:00,,,
2018-03-29T00:00:00,5.8,,
2018-03-30T00:00:00,0.0,,
2018-03-31T00:00:00,0.0,,
2018-04-02T00:00:00,0.0,,
2018-04-03T00:00:00,0.0,,
2018-04-05T00:00:00,0.0,,
2018-04-07T00:00:00,0.0,,
2018-04-08T00:00:00,0.0,,
2018-04-12T00:00:00,,,
2018-04-14T00:00:00,0.0,,
2018-04-15T00:00:00,0.0,,
2018-04-16T00:00:00,0.0,,
2018-04-17T00:00:00,0.0,,
2018-04-18T00:00:00,0.0,,
2018-04-19T00:00:00,0.0,,
2018-04-20T00:00:00,0.0,,
2018-04-21T00:00:00,0.0,,
2018-04-27T00:00:00,0.0,,
2018-04-28T00:00:00,0.0,,
2018-04-29T00:00:00,0.0,,
2018-05-01T00:00:00,0.0,,
2018-05-02T00:00:00,0.0,,
2018-05-03T00:00:00,1.5,,
2018-05-05T00:00:00,,,
2018-05-06T00:00:00,0.0,,
2018-05-07T00:00:00,0.0,,
2018-05-08T00:00:00,0.0,,
2018-05-09T00:00:00,0.0,,
2018-05-10T00:00:00,0.0,,
2018-05-11T00:00:00,0.0,,
2018-05-12T00:00:00,0.0,,
2018-05-13T00:00:00,0.0,,
2018-05-15T00:00:00,2.5,,
2018-05-17T00:00:00,0.0,,
2018-05-18T00:00:00,3.0,,
2018-05-20T00:00:00,0.5,,
2018-05-22T00:00:00,,,
2018-05-23T00:00:00,0.0,,
2018-05-25T00:00:00,0.0,,
2018-05-26T00:00:00,0.0,,
2018-05-27T00:00:00,0.0,,
2018-05-28T00:00:00,0.0,,
2018-05-31T00:00:00,0.0,,
2018-06-01T00:00:00,0.0,,
2018-06-02T00:00:00,0.0,,
2018-06-03T00:00:00,0.0,,
2018-06-07T00:00:00,0.0,,
2018-06-08T00:00:00,0.0,,
2018-06-09T00:00:00,0.0,,
2018-06-10T00:00:00,0.0,,
2018-06-11T00:00:00,1.3,,
2018-06-12T00:00:00,0.0,,
2018-06-13T00:00:00,0.0,,
2018-06-15T00:00:00,,,
2018-06-17T00:00:00,0.0,,
2018-06-18T00:00:00,4.6,,
2018-06-19T00:00:00,2.5,,
2018-06-20T00:00:00,0.0,,
2018-06-30T00:00:00,1.3,,
2018-07-01T00:00:00,0.0,,
2018-07-02T00:00:00,0.0,,
2018-07-03T00:00:00,0.0,,
2018-07-04T00:00:00,0.0,,
2018-07-06T00:00:00,1.3,,
2018-07-07T00:00:00,3.8,,
2018-07-08T00:00:00,12.7,,
2018-07-09T00:00:00,0.0,,
2018-07-10T00:00:00,2.3,,
2018-07-12T00:00:00,,,
2018-07-15T00:00:00,0.0,,
2018-07-21T00:00:00,0.0,,
2018-07-23T00:00:00,0.0,,
2018-07-24T00:00:00,0.0,,
2018-07-26T00:00:00,,,
2018-07-28T00:00:00,,,
2018-07-29T00:00:00,0.0,,
2018-07-30T00:00:00,0.0,,
2018-08-01T00:00:00,,,
2018-08-02T00:00:00,0.0,,
2018-08-03T00:00:00,0.0,,
2018-08-04T00:00:00,0.0,,
2018-08-06T00:00:00,,,
2018-08-09T00:00:00,,,
2018-08-10T00:00:00,0.0,,
2018-08-11T00:00:00,31.2,,
2018-08-12T00:00:00,10.7,,
2018-08-14T00:00:00,0.0,,
2018-08-15T00:00:00,0.0,,
2018-08-16T00:00:00,0.0,,
2018-08-18T00:00:00,0.0,,
2018-08-19T00:00:00,0.0,,
2018-08-21T00:00:00,,,
2018-08-22T00:00:00,0.0,,
2018-08-23T00:00:00,0.0,,
2018-08-26T00:00:00,,,
2018-08-27T00:00:00,,,
2018-08-28T00:00:00,0.0,,
2018-08-29T00:00:00,0.0,,
2018-08-30T00:00:00,0.0,,
2018-08-31T00:00:00,0.0,,
2018-09-01T00:00:00,0.0,,
2018-09-02T00:00:00,0.0,,
2018-09-03T00:00:00,0.0,,
2018-09-04T00:00:00,0.0,,
2018-09-05T00:00:00,0.0,,
2018-09-07T00:00:00,,,
2018-09-08T00:00:00,149.9,,
2018-09-10T00:00:00,,,
2018-09-11T00:00:00,0.0,,
2018-09-14T00:00:00,,,
2018-09-16T00:00:00,,,
2018-09-17T00:00:00,29.7,,
2018-09-19T00:00:00,,,
2018-09-20T00:00:00,23.9,,
2018-09-22T00:00:00,,,
2018-09-23T00:00:00,0.0,,
2018-09-24T00:00:00,0.0,,
2018-09-25T00:00:00,0.0,,
2018-09-26T00:00:00,0.0,,
2018-09-28T00:00:00,,,
2018-09-29T00:00:00,,,
2018-10-01T00:00:00,,,
2018-10-02T00:00:00,0.0,,
2018-10-04T00:00:00,0.0,,
2018-10-06T00:00:00,,,
2018-10-07T00:00:00,10.4,,
2018-10-09T00:00:00,,,
2018-10-10T00:00:00,0.0,,
2018-10-11T00:00:00,0.0,,
2018-10-12T00:00:00,0.0,,
2018-10-14T00:00:00,0.0,,
2018-10-15T00:00:00,1.0,,
2018-10-16T00:00:00,12.7,,
2018-10-18T00:00:00,58.9,,
2018-10-19T00:00:00,0.5,,
2018-10-20T00:00:00,7.6,,
2018-10-21T00:00:00,0.0,,
2018-10-22T00:00:00,0.0,,
2018-10-23T00:00:00,2.3,,
2018-10-24T00:00:00,28.4,,
2018-10-25T00:00:00,0.0,,
2018-10-29T00:00:00,,,
2018-10-30T00:00:00,0.0,,
2018-10-31T00:00:00,0.0,,
2018-11-01T00:00:00,7.9,,
2018-11-02T00:00:00,0.0,,
2018-11-03T00:00:00,0.0,,
2018-11-04T00:00:00,0.0,,
2018-11-05T00:00:00,0.0,,
2018-11-06T00:00:00,0.0,,
2018-11-09T00:00:00,,,
2018-11-10T00:00:00,0.0,,
2018-11-11T00:00:00,0.0,,
2018-11-13T00:00:00,0.0,,
2018-11-14T00:00:00,0.0,,
2018-11-15T00:00:00,0.0,,
2018-11-17T00:00:00,,,
2018-11-18T00:00:00,0.0,,
2018-11-19T00:00:00,0.0,,
2018-11-21T00:00:00,0.0,,
2018-11-22T00:00:00,0.0,,
2018-11-23T00:00:00,0.0,,
2018-11-24T00:00:00,0.0,,
2018-11-25T00:00:00,0.0,,
2018-11-26T00:00:00,0.0,,
2018-11-28T00:00:00,,,
2018-11-29T00:00:00,0.0,,
2018-12-01T00:00:00,,,
2018-12-02T00:00:00,0.0,,
2018-12-04T00:00:00,0.0,,
2018-12-08T00:00:00,,,
2018-12-09T00:00:00,0.5,,
2018-12-10T00:00:00,0.0,,
2018-12-11T00:00:00,0.0,,
2018-12-12T00:00:00,0.0,,
2018-12-15T00:00:00,,,
2018-12-16T00:00:00,0.0,,
2018-12-18T00:00:00,0.0,,
2018-12-21T00:00:00,0.0,,
2018-12-24T00:00:00,,,
2018-12-26T00:00:00,,,
2018-12-27T00:00:00,3.3,,
2018-12-28T00:00:00,0.0,,
2018-12-29T00:00:00,0.0,,
2018-12-30T00:00:00,0.0,,
2018-12-31T00:00:00,7.4,,
2019-01-01T00:00:00,0.0,,
2019-01-02T00:00:00,0.0,,
2019-01-06T00:00:00,,,
2019-01-08T00:00:00,,,
2019-01-09T00:00:00,0.0,,
2019-01-11T00:00:00,5.1,,
2019-01-12T00:00:00,0.0,,
2019-01-13T00:00:00,0.0,,
2019-01-14T00:00:00,0.0,,
2019-01-15T00:00:00,2.5,,
2019-01-16T00:00:00,0.0,,
2019-01-19T00:00:00,,,
2019-01-21T00:00:00,0.0,,
2019-01-23T00:00:00,0.0,,
2019-01-24T00:00:00,0.0,,
2019-01-26T00:00:00,,,
2019-01-27T00:00:00,0.0,,
2019-01-28T00:00:00,0.0,,
2019-01-29T00:00:00,0.0,,
2019-02-01T00:00:00,,,
2019-02-02T00:00:00,0.0,,
2019-02-03T00:00:00,0.0,,
2019-02-09T00:00:00,,,
2019-02-10T00:00:00,0.0,,
2019-02-11T00:00:00,0.0,,
2019-02-12T00:00:00,0.0,,
2019-02-14T00:00:00,,,
2019-02-16T00:00:00,0.0,,
2019-02-17T00:00:00,0.0,,
2019-02-18T00:00:00,0.0,,
2019-02-19T00:00:00,0.0,,
2019-02-20T00:00:00,0.0,,
2019-02-23T00:00:00,,,
2019-02-24T00:00:00,0.0,,
2019-02-26T00:00:00,0.0,,
2019-02-27T00:00:00,0.0,,
2019-02-28T00:00:00,0.0,,
2019-03-01T00:00:00,0.0,,
2019-03-05T00:00:00,,,
2019-03-06T00:00:00,0.0,,
2019-03-09T00:00:00,,,
2019-03-11T00:00:00,,,
2019-03-13T00:00:00,8.4,,
2019-03-14T00:00:00,0.0,,
2019-03-16T00:00:00,0.0,,
2019-03-17T00:00:00,0.0,,
2019-03-18T00:00:00,0.0,,
2019-03-19T00:00:00,0.0,,
2019-03-22T00:00:00,,,
2019-03-23T00:00:00,0.0,,
2019-03-25T00:00:00,,,
2019-03-26T00:00:00,0.0,,
2019-03-27T00:00:00,0.0,,
2019-03-29T00:00:00,0.0,,
2019-03-31T00:00:00,,,
2019-04-01T00:00:00,0.0,,
2019-04-02T00:00:00,0.0,,
2019-04-03T00:00:00,0.0,,
2019-04-04T00:00:00,0.0,,
2019-04-05T00:00:00,0.0,,
2019-04-06T00:00:00,0.0,,
2019-04-07T00:00:00,0.0,,
2019-04-08T00:00:00,0.0,,
2019-04-09T00:00:00,0.0,,
2019-04-10T00:00:00,0.0,,
2019-04-12T00:00:00,0.0,,
2019-04-14T00:00:00,0.0,,
2019-04-15T00:00:00,0.0,,
2019-04-19T00:00:00,,,
2019-04-20T00:00:00,0.0,,
2019-04-22T00:00:00,,,
2019-04-24T00:00:00,27.4,,
2019-04-25T00:00:00,0.3,,
2019-04-27T00:00:00,,,
2019-04-28T00:00:00,0.0,,
2019-04-30T00:00:00,0.0,,
2019-05-01T00:00:00,0.0,,
2019-05-03T00:00:00,,,
2019-05-04T00:00:00,0.0,,
2019-05-06T00:00:00,0.0,,
2019-05-07T00:00:00,0.0,,
2019-05-09T00:00:00,0.0,,
2019-05-10T00:00:00,0.0,,
2019-05-11T00:00:00,0.0,,
2019-05-14T00:00:00,0.0,,
2019-05-15T00:00:00,0.0,,
2019-05-17T00:00:00,0.0,,
2019-05-20T00:00:00,,,
2019-05-23T00:00:00,,,
2019-05-25T00:00:00,,,
2019-05-26T00:00:00,0.0,,
2019-05-29T00:00:00,,,
2019-05-30T00:00:00,0.0,,
2019-05-31T00:00:00,7.4,,
2019-06-01T00:00:00,0.0,,
2019-06-02T00:00:00,0.0,,
2019-06-03T00:00:00,0.0,,
2019-06-04T00:00:00,0.5,,
2019-06-05T00:00:00,22.4,,
2019-06-06T00:00:00,8.4,,
2019-06-08T00:00:00,,,
2019-06-09T00:00:00,0.0,,
2019-06-11T00:00:00,,,
2019-06-15T00:00:00,,,
2019-06-17T00:00:00,0.0,,
2019-06-18T00:00:00,0.0,,
2019-06-22T00:00:00,,,
2019-06-24T00:00:00,,,
2019-06-29T00:00:00,0.0,,
2019-07-01T00:00:00,0.0,,
2019-07-02T00:00:00,0.0,,
2019-07-03T00:00:00,0.0,,
2019-07-04T00:00:00,0.5,,
2019-07-05T00:00:00,0.0,,
2019-07-07T00:00:00,0.0,,
2019-07-08T00:00:00,0.5,,
2019-07-09T00:00:00,0.0,,
2019-07-10T00:00:00,0.0,,
2019-07-12T00:00:00,,,
2019-07-14T00:00:00,0.0,,
2019-07-17T00:00:00,0.0,,
2019-07-18T00:00:00,0.0,,
2019-07-20T00:00:00,,,
2019-07-22T00:00:00,,,
2019-07-23T00:00:00,0.0,,
2019-07-27T00:00:00,,,
2019-08-01T00:00:00,,,
2019-08-03T00:00:00,,,
2019-08-04T00:00:00,0.0,,
2019-08-06T00:00:00,0.0,,
2019-08-09T00:00:00,,,
2019-08-10T00:00:00,0.0,,
2019-08-11T00:00:00,0.0,,
2019-08-13T00:00:00,0.0,,
2019-08-15T00:00:00,34.3,,
2019-08-16T00:00:00,0.0,,
2019-08-19T00:00:00,,,
2019-08-20T00:00:00,0.0,,
2019-08-23T00:00:00,,,
2019-08-24T00:00:00,0.0,,
2019-08-25T00:00:00,0.0,,
2019-08-26T00:00:00,0.0,,
2019-08-27T00:00:00,0.0,,
2019-08-28T00:00:00,0.0,,
2019-08-30T00:00:00,0.0,,
2019-08-31T00:00:00,0.0,,
2019-09-01T00:00:00,0.0,,
2019-09-02T00:00:00,7.6,,
2019-09-03T00:00:00,0.0,,
2019-09-04T00:00:00,0.0,,
2019-09-05T00:00:00,0.0,,
2019-09-07T00:00:00,,,
2019-09-08T00:00:00,0.0,,
2019-09-09T00:00:00,0.0,,
2019-09-10T00:00:00,0.8,,
2019-09-11T00:00:00,0.0,,
2019-09-12T00:00:00,0.0,,
2019-09-14T00:00:00,,,
2019-09-15T00:00:00,0.0,,
2019-09-16T00:00:00,0.0,,
2019-09-17T00:00:00,0.0,,
2019-09-18T00:00:00,0.0,,
2019-09-21T00:00:00,,,
2019-09-22T00:00:00,0.0,,
2019-09-23T00:00:00,0.0,,
2019-09-24T00:00:00,4.1,,
2019-09-27T00:00:00,,,
2019-09-28T00:00:00,0.0,,
2019-09-29T00:00:00,0.0,,
2019-09-30T00:00:00,0.0,,
2019-10-01T00:00:00,0.0,,
2019-10-02T00:00:00,0.0,,
2019-10-03T00:00:00,0.0,,
2019-10-04T00:00:00,0.0,,
2019-10-05T00:00:00,0.0,,
2019-10-07T00:00:00,1.0,,
2019-10-08T00:00:00,0.0,,
2019-10-09T00:00:00,0.0,,
2019-10-11T00:00:00,,,
2019-10-14T00:00:00,,,
2019-10-15T00:00:00,0.0,,
2019-10-16T00:00:00,0.0,,
2019-10-18T00:00:00,0.0,,
2019-10-19T00:00:00,0.0,,
2019-10-20T00:00:00,0.0,,
2019-10-21T00:00:00,0.0,,
2019-10-22T00:00:00,0.0,,
2019-10-23T00:00:00,0.0,,
2019-10-26T00:00:00,0.0,,
2019-10-27T00:00:00,0.0,,
2019-10-29T00:00:00,0.0,,
2019-10-30T00:00:00,0.5,,
2019-11-02T00:00:00,,,
2019-11-06T00:00:00,0.0,,
2019-11-08T00:00:00,,,
2019-11-10T00:00:00,0.0,,
2019-11-12T00:00:00,0.0,,
2019-11-15T00:00:00,,,
2019-11-16T00:00:00,0.0,,
2019-11-18T00:00:00,,,
2019-11-20T00:00:00,,,
2019-11-22T00:00:00,,,
2019-11-23T00:00:00,0.0,,
2019-11-25T00:00:00,0.0,,
2019-11-26T00:00:00,0.0,,
2019-11-27T00:00:00,0.0,,
2019-11-28T00:00:00,1.5,,
2019-11-30T00:00:00,0.5,,
2019-12-02T00:00:00,0.0,,
2019-12-03T00:00:00,0.0,,
2019-12-10T00:00:00,,,
2019-12-11T00:00:00,0.0,,
2019-12-13T00:00:00,,,
2019-12-17T00:00:00,,,
2019-12-19T00:00:00,0.0,,
2019-12-21T00:00:00,,,
2019-12-22T00:00:00,0.0,,
2019-12-23T00:00:00,0.0,,
2019-12-25T00:00:00,,,
2019-12-26T00:00:00,0.0,,
2019-12-27T00:00:00,0.0,,
2019-12-30T00:00:00,,,
2019-12-31T00:00:00,0.0,,
2020-01-01T00:00:00,0.0,,
2020-01-04T00:00:00,0.0,,
2020-01-05T00:00:00,0.0,,
2020-01-07T00:00:00,0.0,,
2020-01-08T00:00:00,0.0,,
2020-01-10T00:00:00,,,
2020-01-13T00:00:00,,,
2020-01-14T00:00:00,0.5,,
2020-01-16T00:00:00,6.6,,
2020-01-17T00:00:00,10.7,,
2020-01-18T00:00:00,3.0,,
2020-01-19T00:00:00,0.0,,
2020-01-20T00:00:00,0.0,,
2020-01-21T00:00:00,0.0,,
2020-01-23T00:00:00,0.0,,
2020-01-24T00:00:00,0.0,,
2020-01-27T00:00:00,,,
2020-01-29T00:00:00,,,
2020-01-30T00:00:00,0.0,,
2020-01-31T00:00:00,0.0,,
2020-02-03T00:00:00,0.0,,
2020-02-04T00:00:00,4.1,,
2020-02-06T00:00:00,,,
2020-02-07T00:00:00,0.0,,
2020-02-08T00:00:00,0.0,,
2020-02-09T00:00:00,0.0,,
2020-02-10T00:00:00,0.0,,
2020-02-11T00:00:00,0.0,,
2020-02-12T00:00:00,7.6,,
2020-02-13T00:00:00,0.0,,
2020-02-15T00:00:00,,,
2020-02-17T00:00:00,,,
2020-02-20T00:00:00,,,
2020-02-21T00:00:00,0.0,,
2020-02-24T00:00:00,,,
2020-02-25T00:00:00,0.0,,
2020-02-26T00:00:00,0.0,,
2020-02-27T00:00:00,0.0,,
2020-03-01T00:00:00,0.0,,
2020-03-02T00:00:00,0.8,,
2020-03-03T00:00:00,16.5,,
2020-03-06T00:00:00,,,
2020-03-07T00:00:00,0.0,,
2020-03-08T00:00:00,1.8,,
2020-03-10T00:00:00,,,
2020-03-12T00:00:00,,,
2020-03-14T00:00:00,0.3,,
2020-03-15T00:00:00,0.5,,
2020-03-16T00:00:00,5.8,,
2020-03-17T00:00:00,0.0,,
2020-03-20T00:00:00,0.3,,
2020-03-21T00:00:00,0.0,,
2020-03-22T00:00:00,1.3,,
2020-03-25T00:00:00,,,
2020-03-29T00:00:00,,,
2020-04-01T00:00:00,,,
2020-04-03T00:00:00,,,
2020-04-05T00:00:00,0.0,,
2020-04-08T00:00:00,,,
2020-04-09T00:00:00,0.0,,
2020-04-10T00:00:00,0.0,,
2020-04-12T00:00:00,0.5,,
2020-04-13T00:00:00,0.0,,
2020-04-14T00:00:00,0.0,,
2020-04-15T00:00:00,0.0,,
2020-04-16T00:00:00,0.0,,
2020-04-17T00:00:00,0.0,,
2020-04-18T00:00:00,0.0,,
2020-04-19T00:00:00,0.0,,
2020-04-21T00:00:00,0.0,,
2020-04-22T00:00:00,0.0,,
2020-04-23T00:00:00,0.0,,
2020-04-25T00:00:00,0.0,,
2020-04-26T00:00:00,0.0,,
2020-04-27T00:00:00,0.0,,
2020-04-28T00:00:00,0.5,,
2020-04-30T00:00:00,0.0,,
2020-05-02T00:00:00,0.0,,
2020-05-03T00:00:00,0.0,,
2020-05-04T00:00:00,0.0,,
2020-05-05T00:00:00,0.0,,
2020-05-07T00:00:00,0.0,,
2020-05-08T00:00:00,0.0,,
2020-05-09T00:00:00,0.0,,
2020-05-10T00:00:00,0.0,,
2020-05-11T00:00:00,0.0,,
2020-05-12T00:00:00,11.4,,
2020-05-13T00:00:00,0.0,,
2020-05-16T00:00:00,2.5,,
2020-05-17T00:00:00,0.0,,
2020-05-18T00:00:00,0.0,,
2020-05-19T00:00:00,0.0,,
2020-05-20T00:00:00,0.0,,
2020-05-21T00:00:00,0.0,,
2020-05-22T00:00:00,0.0,,
2020-05-23T00:00:00,0.0,,
2020-05-24T00:00:00,0.0,,
2020-05-25T00:00:00,11.2,,
2020-05-28T00:00:00,0.0,,
2020-05-29T00:00:00,0.0,,
2020-05-31T00:00:00,0.0,,
2020-06-01T00:00:00,0.0,,
2020-06-02T00:00:00,0.0,,
2020-06-06T00:00:00,,,
2020-06-07T00:00:00,0.0,,
2020-06-09T00:00:00,0.0,,
2020-06-13T00:00:00,,,
2020-06-14T00:00:00,0.0,,
2020-06-16T00:00:00,,,
2020-06-18T00:00:00,1.8,,
2020-06-19T00:00:00,0.0,,
2020-06-20T00:00:00,0.0,,
2020-06-22T00:00:00,,,
2020-06-24T00:00:00,4.6,,
2020-06-26T00:00:00,0.0,,
2020-06-27T00:00:00,0.0,,
2020-06-28T00:00:00,0.0,,
2020-06-29T00:00:00,0.0,,
2020-07-01T00:00:00,0.0,,
2020-07-02T00:00:00,18.3,,
2020-07-03T00:00:00,0.0,,
2020-07-18T00:00:00,,,
2020-07-19T00:00:00,0.0,,
2020-07-20T00:00:00,0.0,,
2020-07-21T00:00:00,0.0,,
2020-07-22T00:00:00,0.0,,
2020-07-23T00:00:00,0.0,,
2020-07-25T00:00:00,0.0,,
2020-07-26T00:00:00,0.0,,
2020-07-30T00:00:00,,,
2020-08-01T00:00:00,8.9,,
2020-08-03T00:00:00,0.0,,
2020-08-04T00:00:00,0.0,,
2020-08-07T00:00:00,,,
2020-08-09T00:00:00,0.0,,
2020-08-10T00:00:00,0.0,,
2020-08-11T00:00:00,0.0,,
2020-08-12T00:00:00,0.0,,
2020-08-14T00:00:00,,,
2020-08-15T00:00:00,0.0,,
2020-08-16T00:00:00,0.0,,
2020-08-18T00:00:00,0.0,,
2020-08-19T00:00:00,0.0,,
2020-08-20T00:00:00,0.0,,
2020-08-21T00:00:00,0.0,,
2020-08-22T00:00:00,0.0,,
2020-08-23T00:00:00,0.0,,
2020-08-24T00:00:00,0.0,,
2020-08-28T00:00:00,,,
2020-08-30T00:00:00,,,
2020-08-31T00:00:00,0.0,,
2020-09-01T00:00:00,1.3,,
2020-09-02T00:00:00,0.0,,
2020-09-03T00:00:00,0.0,,
2020-09-05T00:00:00,,,
2020-09-07T00:00:00,0.0,,
2020-09-09T00:00:00,69.9,,
2020-09-10T00:00:00,,,
2020-09-11T00:00:00,22.9,,
2020-09-12T00:00:00,0.0,,
2020-09-13T00:00:00,1.0,,
2020-09-14T00:00:00,0.0,,
2020-09-15T00:00:00,0.0,,
2020-09-17T00:00:00,0.0,,
2020-09-18T00:00:00,0.0,,
2020-09-20T00:00:00,0.0,,
2020-09-21T00:00:00,0.0,,
2020-09-22T00:00:00,0.0,,
2020-09-24T00:00:00,,,
2020-09-25T00:00:00,0.0,,
2020-09-26T00:00:00,0.0,,
2020-09-30T00:00:00,0.0,,
2020-10-03T00:00:00,,,
2020-10-04T00:00:00,0.0,,
2020-10-07T00:00:00,,,
2020-10-08T00:00:00,0.0,,
2020-10-09T00:00:00,0.0,,
2020-10-10T00:00:00,0.0,,
2020-10-12T00:00:00,0.0,,
2020-10-13T00:00:00,0.0,,
2020-10-17T00:00:00,,,
2020-10-19T00:00:00,,,
2020-10-20T00:00:00,0.0,,
2020-10-21T00:00:00,0.0,,
2020-10-23T00:00:00,0.0,,
2020-10-24T00:00:00,0.0,,
2020-10-26T00:00:00,0.0,,
2020-10-27T00:00:00,0.0,,
2020-10-29T00:00:00,0.0,,
2020-10-30T00:00:00,0.0,,
2020-10-31T00:00:00,0.0,,
2020-11-01T00:00:00,0.0,,
2020-11-02T00:00:00,0.0,,
2020-11-03T00:00:00,0.0,,
2020-11-05T00:00:00,0.0,,
2020-11-06T00:00:00,0.0,,
2020-11-07T00:00:00,0.0,,
2020-11-09T00:00:00,0.0,,
2020-11-12T00:00:00,,,
2020-11-13T00:00:00,0.0,,
2020-11-17T00:00:00,0.0,,
2020-11-19T00:00:00,0.0,,
2020-11-21T00:00:00,,,
2020-11-22T00:00:00,0.0,,
2020-11-23T00:00:00,0.0,,
2020-11-25T00:00:00,0.0,,
2020-11-26T00:00:00,0.0,,
2020-11-27T00:00:00,0.0,,
2020-11-28T00:00:00,0.3,,
2020-11-29T00:00:00,0.0,,
2020-11-30T00:00:00,0.0,,
2020-12-02T00:00:00,,,
2020-12-03T00:00:00,0.0,,
2020-12-05T00:00:00,,,
2020-12-07T00:00:00,,,
2020-12-09T00:00:00,0.0,,
2020-12-11T00:00:00,0.0,,
2020-12-16T00:00:00,,,
2020-12-17T00:00:00,0.0,,
2020-12-20T00:00:00,,,
2020-12-23T00:00:00,,,
2020-12-24T00:00:00,0.0,,
2020-12-25T00:00:00,0.0,,
2020-12-28T00:00:00,0.0,,
2020-12-29T00:00:00,0.0,,
2021-01-01T00:00:00,,,
2021-01-04T00:00:00,,,
2021-01-09T00:00:00,,,
2021-01-10T00:00:00,2.0,,
2021-01-12T00:00:00,0.0,,
2021-01-13T00:00:00,0.0,,
2021-01-18T00:00:00,,,
2021-01-20T00:00:00,,,
2021-01-21T00:00:00,1.5,,
2021-01-22T00:00:00,3.8,,
2021-01-24T00:00:00,1.3,,
2021-01-26T00:00:00,,,
2021-01-28T00:00:00,0.0,,
2021-01-29T00:00:00,0.0,,
2021-02-01T00:00:00,,,
2021-02-09T00:00:00,,,
2021-02-11T00:00:00,,,
2021-02-15T00:00:00,,,
2021-02-17T00:00:00,2.5,,
2021-02-19T00:00:00,,,
2021-02-20T00:00:00,0.0,,
2021-02-23T00:00:00,,,
2021-02-25T00:00:00,,,
2021-02-26T00:00:00,0.0,,
2021-03-05T00:00:00,,,
2021-03-06T00:00:00,0.0,,
2021-03-08T00:00:00,,,
2021-03-09T00:00:00,0.0,,
2021-03-11T00:00:00,,,
2021-03-13T00:00:00,0.0,,
2021-03-17T00:00:00,,,
2021-03-18T00:00:00,0.0,,
2021-03-20T00:00:00,,,
2021-03-22T00:00:00,,,
2021-03-27T00:00:00,,,
2021-03-29T00:00:00,,,
2021-04-04T00:00:00,,,
2021-04-05T00:00:00,0.0,,
2021-04-06T00:00:00,0.0,,
2021-04-08T00:00:00,0.0,,
2021-04-10T00:00:00,,,
2021-04-11T00:00:00,0.0,,
2021-04-12T00:00:00,0.0,,
2021-04-13T00:00:00,0.0,,
2021-04-14T00:00:00,0.0,,
2021-04-16T00:00:00,0.5,,
2021-04-19T00:00:00,2.0,,
2021-04-24T00:00:00,,,
2021-04-25T00:00:00,0.0,,
2021-04-26T00:00:00,0.0,,
2021-04-27T00:00:00,0.0,,
2021-04-29T00:00:00,0.0,,
2021-05-01T00:00:00,7.6,,
2021-05-02T00:00:00,0.0,,
2021-05-03T00:00:00,0.0,,
2021-05-07T00:00:00,,,
2021-05-08T00:00:00,0.0,,
2021-05-09T00:00:00,0.0,,
2021-05-10T00:00:00,0.0,,
2021-05-15T00:00:00,,,
2021-05-16T00:00:00,38.6,,
2021-05-18T00:00:00,0.0,,
2021-05-19T00:00:00,0.0,,
2021-05-21T00:00:00,0.0,,
2021-05-24T00:00:00,,,
2021-05-26T00:00:00,,,
2021-05-28T00:00:00,14.2,,
2021-05-31T00:00:00,,,
2021-06-01T00:00:00,19.6,,
2021-06-02T00:00:00,0.0,,
2021-06-05T00:00:00,,,
2021-06-08T00:00:00,0.0,,
2021-06-09T00:00:00,0.0,,
2021-06-11T00:00:00,,,
2021-06-15T00:00:00,,,
2021-06-19T00:00:00,,,
2021-06-20T00:00:00,0.0,,
2021-06-21T00:00:00,0.0,,
2021-06-22T00:00:00,1.3,,
2021-06-23T00:00:00,0.0,,
2021-06-27T00:00:00,,,
2021-06-28T00:00:00,34.8,,
2021-06-30T00:00:00,0.0,,
2021-07-01T00:00:00,0.3,,
2021-07-04T00:00:00,,,
2021-07-05T00:00:00,0.3,,
2021-07-06T00:00:00,6.6,,
2021-07-07T00:00:00,0.5,,
2021-07-10T00:00:00,1.8,,
2021-07-12T00:00:00,18.3,,
2021-07-13T00:00:00,0.0,,
2021-07-15T00:00:00,0.0,,
2021-07-17T00:00:00,0.0,,
2021-07-18T00:00:00,0.0,,
2021-07-19T00:00:00,0.0,,
2021-07-20T00:00:00,0.0,,
2021-07-21T00:00:00,0.0,,
2021-07-23T00:00:00,,,
2021-07-24T00:00:00,0.0,,
2021-07-28T00:00:00,,,
2021-07-29T00:00:00,3.0,,
2021-07-31T00:00:00,,,
2021-08-01T00:00:00,0.0,,
2021-08-02T00:00:00,3.0,,
2021-08-05T00:00:00,,,
2021-08-07T00:00:00,,,
2021-08-09T00:00:00,,,
2021-08-10T00:00:00,0.0,,
2021-08-12T00:00:00,0.0,,
2021-08-13T00:00:00,0.0,,
2021-08-14T00:00:00,0.0,,
2021-08-15T00:00:00,0.0,,
2021-08-16T00:00:00,14.0,,
2021-08-18T00:00:00,14.5,,
2021-08-20T00:00:00,0.0,,
2021-08-22T00:00:00,0.0,,
2021-08-23T00:00:00,0.0,,
2021-08-25T00:00:00,,,
2021-08-26T00:00:00,0.0,,
2021-08-28T00:00:00,0.0,,
2021-08-29T00:00:00,17.8,,
2021-08-30T00:00:00,0.0,,
2021-08-31T00:00:00,0.0,,
2021-09-01T00:00:00,0.0,,
2021-09-02T00:00:00,0.0,,
2021-09-07T00:00:00,,,
2021-09-10T00:00:00,,,
2021-09-11T00:00:00,0.0,,
2021-09-16T00:00:00,,,
2021-09-19T00:00:00,,,
2021-09-20T00:00:00,0.0,,
2021-09-21T00:00:00,0.0,,
2021-09-22T00:00:00,0.0,,
2021-09-26T00:00:00,,,
2021-09-29T00:00:00,,,
2021-09-30T00:00:00,0.0,,
2021-10-01T00:00:00,5.8,,
2021-10-04T00:00:00,,,
2021-10-07T00:00:00,,,
2021-10-11T00:00:00,,,
2021-10-12T00:00:00,0.0,,
2021-10-13T00:00:00,0.0,,
2021-10-16T00:00:00,,,
2021-10-18T00:00:00,,,
2021-10-21T00:00:00,,,
2021-10-24T00:00:00,,,
2021-10-25T00:00:00,0.0,,
2021-10-26T00:00:00,0.0,,
2021-10-28T00:00:00,,,
2021-10-29T00:00:00,0.0,,
2021-11-01T00:00:00,,,
2021-11-03T00:00:00,,,
2021-11-04T00:00:00,0.0,,
2021-11-06T00:00:00,,,
2021-11-07T00:00:00,0.0,,
2021-11-08T00:00:00,0.0,,
2021-11-10T00:00:00,,,
2021-11-11T00:00:00,0.0,,
2021-11-12T00:00:00,0.0,,
2021-11-13T00:00:00,0.0,,
2021-11-14T00:00:00,0.0,,
2021-11-16T00:00:00,,,
2021-11-17T00:00:00,0.0,,
2021-11-21T00:00:00,,,
2021-11-22T00:00:00,0.0,,
2021-11-24T00:00:00,,,
2021-11-25T00:00:00,0.0,,
2021-11-26T00:00:00,0.0,,
2021-11-27T00:00:00,0.0,,
2021-11-28T00:00:00,0.0,,
2021-11-29T00:00:00,0.0,,
2021-11-30T00:00:00,0.0,,
2021-12-02T00:00:00,0.0,,
2021-12-03T00:00:00,0.0,,
2021-12-04T00:00:00,0.0,,
2021-12-05T00:00:00,0.0,,
2021-12-06T00:00:00,0.0,,
2021-12-11T00:00:00,,,
2021-12-12T00:00:00,0.0,,
2021-12-13T00:00:00,0.0,,
2021-12-15T00:00:00,0.0,,
2021-12-18T00:00:00,,,
2021-12-19T00:00:00,5.8,,
2021-12-20T00:00:00,0.0,,
2021-12-21T00:00:00,0.0,,
2021-12-22T00:00:00,0.0,,
2021-12-23T00:00:00,0.0,,
2021-12-24T00:00:00,0.0,,
2021-12-25T00:00:00,0.0,,
2021-12-27T00:00:00,0.0,,
2021-12-30T00:00:00,,,
2022-01-01T00:00:00,0.0,,
2022-01-02T00:00:00,0.0,,
2022-01-04T00:00:00,0.0,,
2022-01-05T00:00:00,0.0,,
2022-01-08T00:00:00,0.0,,
2022-01-09T00:00:00,0.0,,
2022-01-12T00:00:00,,,
2022-01-13T00:00:00,0.0,,
2022-01-14T00:00:00,0.0,,
2022-01-15T00:00:00,0.0,,
2022-01-16T00:00:00,0.0,,
2022-01-18T00:00:00,0.0,,
2022-01-19T00:00:00,0.0,,
2022-01-23T00:00:00,,,
2022-01-24T00:00:00,0.8,,
2022-01-25T00:00:00,0.8,,
2022-01-28T00:00:00,,,
2022-01-31T00:00:00,2.5,,
2022-02-03T00:00:00,0.0,,
2022-02-05T00:00:00,0.0,,
2022-02-09T00:00:00,0.0,,
2022-02-11T00:00:00,0.0,,
2022-04-16T00:00:00,0.0,,
2022-04-23T00:00:00,0.0,,
2022-04-26T00:00:00,,,
2022-04-28T00:00:00,,,
2022-04-30T00:00:00,,,
2022-05-01T00:00:00,0.0,,
2022-05-02T00:00:00,0.0,,
2022-05-03T00:00:00,0.0,,
2022-05-04T00:00:00,1.3,,
2022-05-08T00:00:00,0.0,,
2022-05-09T00:00:00,0.0,,
2022-05-10T00:00:00,0.0,,
2022-05-13T00:00:00,6.9,,
2022-05-14T00:00:00,0.0,,
2022-05-16T00:00:00,,,
2022-05-19T00:00:00,,,
2022-05-22T00:00:00,,,
2022-05-23T00:00:00,0.0,,
2022-05-24T00:00:00,0.0,,
2022-05-27T00:00:00,,,
2022-05-28T00:00:00,0.0,,
2022-05-29T00:00:00,0.0,,
2022-05-30T00:00:00,0.0,,
2022-06-01T00:00:00,0.0,,
2022-06-03T00:00:00,,,
2022-06-05T00:00:00,,,
2022-06-08T00:00:00,,,
2022-06-10T00:00:00,,,
2022-06-11T00:00:00,0.0,,
2022-06-12T00:00:00,0.0,,
2022-06-16T00:00:00,,,
2022-06-21T00:00:00,,,
2022-06-22T00:00:00,0.0,,
2022-06-26T00:00:00,,,
2022-06-29T00:00:00,,,
2022-07-02T00:00:00,0.0,,
2022-07-03T00:00:00,0.0,,
2022-07-07T00:00:00,,,
2022-07-09T00:00:00,,,
2022-07-10T00:00:00,0.0,,
2022-07-11T00:00:00,0.0,,
2022-07-12T00:00:00,0.0,,
2022-07-14T00:00:00,,,
2022-07-16T00:00:00,,,
2022-07-18T00:00:00,,,
2022-07-20T00:00:00,,,
2022-07-21T00:00:00,0.0,,
2022-07-22T00:00:00,0.0,,
2022-07-24T00:00:00,0.0,,
2022-07-25T00:00:00,0.0,,
2022-07-27T00:00:00,,,
2022-07-29T00:00:00,0.0,,
2022-08-07T00:00:00,,,
2022-08-11T00:00:00,,,
2022-08-13T00:00:00,0.0,,
2022-08-16T00:00:00,43.2,,
2022-08-19T00:00:00,3.8,,
2022-08-20T00:00:00,0.0,,
2022-08-21T00:00:00,0.0,,
2022-08-22T00:00:00,1.0,,
2022-08-24T00:00:00,,,
2022-08-25T00:00:00,0.0,,
2022-08-29T00:00:00,,,
2022-08-30T00:00:00,2.5,,
2022-09-02T00:00:00,,,
2022-09-03T00:00:00,45.7,,
2022-09-05T00:00:00,0.0,,
2022-09-06T00:00:00,0.0,,
2022-09-08T00:00:00,0.0,,
2022-09-10T00:00:00,0.0,,
2022-09-13T00:00:00,,,
2022-09-14T00:00:00,0.0,,
2022-09-15T00:00:00,0.0,,
2022-09-17T00:00:00,,,
2022-09-18T00:00:00,0.0,,
2022-09-19T00:00:00,0.0,,
2022-09-21T00:00:00,,,
2022-09-24T00:00:00,,,
2022-09-26T00:00:00,22.4,,
2022-09-27T00:00:00,0.0,,
2022-09-30T00:00:00,,,
2022-10-02T00:00:00,0.0,,
2022-10-03T00:00:00,0.0,,
2022-10-07T00:00:00,,,
2022-10-08T00:00:00,0.0,,
2022-10-10T00:00:00,,,
2022-10-11T00:00:00,13.5,,
2022-10-12T00:00:00,0.0,,
2022-10-15T00:00:00,0.0,,
2022-10-17T00:00:00,5.8,,
2022-10-18T00:00:00,12.2,,
2022-10-19T00:00:00,0.0,,
2022-10-20T00:00:00,0.0,,
2022-10-21T00:00:00,0.0,,
2022-10-22T00:00:00,0.0,,
2022-10-23T00:00:00,0.0,,
2022-10-28T00:00:00,,,
2022-10-30T00:00:00,0.0,,
2022-10-31T00:00:00,0.0,,
2022-11-01T00:00:00,4.3,,
2022-11-02T00:00:00,0.0,,
2022-11-04T00:00:00,0.0,,
2022-11-05T00:00:00,0.0,,
2022-11-06T00:00:00,0.0,,
2022-11-10T00:00:00,,,
2022-11-12T00:00:00,0.0,,
2022-11-14T00:00:00,,,
2022-11-16T00:00:00,,,
2022-11-19T00:00:00,0.0,,
2022-11-20T00:00:00,1.3,,
2022-11-21T00:00:00,0.0,,
2022-11-23T00:00:00,0.8,,
2022-11-24T00:00:00,0.0,,
2022-11-26T00:00:00,,,
2022-11-27T00:00:00,0.0,,
2022-12-02T00:00:00,0.0,,
2022-12-03T00:00:00,0.0,,
2022-12-04T00:00:00,0.0,,
2022-12-05T00:00:00,0.0,,
2022-12-06T00:00:00,0.0,,
2022-12-08T00:00:00,,,
2022-12-11T00:00:00,,,
2022-12-12T00:00:00,0.0,,
2022-12-13T00:00:00,0.0,,
2022-12-14T00:00:00,0.0,,
2022-12-15T00:00:00,0.0,,
2022-12-17T00:00:00,0.0,,
2022-12-20T00:00:00,0.0,,
2022-12-22T00:00:00,,,
2022-12-23T00:00:00,0.0,,
2022-12-26T00:00:00,,,
2022-12-28T00:00:00,,,
2022-12-30T00:00:00,,,
2022-12-31T00:00:00,0.0,,
2023-01-01T00:00:00,1.8,,
2023-01-04T00:00:00,,,
2023-01-07T00:00:00,,,
2023-01-08T00:00:00,0.0,,
2023-01-10T00:00:00,,,
2023-01-15T00:00:00,,,
2023-01-16T00:00:00,0.0,,
2023-01-17T00:00:00,0.0,,
2023-01-18T00:00:00,0.0,,
2023-01-20T00:00:00,0.0,,
2023-01-26T00:00:00,2.8,,
2023-01-29T00:00:00,1.3,,
2023-02-02T00:00:00,7.6,,
2023-02-04T00:00:00,0.0,,
2023-02-06T00:00:00,0.0,,
2023-02-07T00:00:00,0.0,,
2023-02-09T00:00:00,0.0,,
2023-02-11T00:00:00,0.0,,
2023-02-12T00:00:00,0.0,,
2023-02-14T00:00:00,0.0,,
2023-02-15T00:00:00,0.0,,
2023-02-16T00:00:00,0.0,,
2023-02-17T00:00:00,0.0,,
2023-02-18T00:00:00,0.0,,
2023-02-19T00:00:00,0.0,,
2023-02-20T00:00:00,0.0,,
2023-02-21T00:00:00,0.0,,
2023-02-23T00:00:00,0.0,,
2023-02-26T00:00:00,0.0,,
2023-02-27T00:00:00,0.0,,
2023-02-28T00:00:00,0.0,,
2023-03-01T00:00:00,0.0,,
2023-03-05T00:00:00,0.0,,
2023-03-08T00:00:00,0.8,,
2023-03-09T00:00:00,0.0,,
2023-03-17T00:00:00,2.8,,
2023-03-18T00:00:00,11.4,,
2023-03-19T00:00:00,0.0,,
2023-03-20T00:00:00,0.0,,
2023-03-21T00:00:00,0.0,,
2023-03-22T00:00:00,0.0,,
2023-03-23T00:00:00,0.0,,
2023-03-24T00:00:00,0.0,,
2023-03-25T00:00:00,0.0,,
2023-03-27T00:00:00,0.0,,
2023-03-28T00:00:00,0.0,,
2023-03-29T00:00:00,0.0,,
2023-04-02T00:00:00,,,
2023-04-04T00:00:00,,,
2023-04-05T00:00:00,0.0,,
2023-04-06T00:00:00,0.0,,
2023-04-07T00:00:00,1.3,,
2023-04-08T00:00:00,0.0,,
2023-04-11T00:00:00,3.8,,
2023-04-15T00:00:00,0.0,,
2023-04-16T00:00:00,0.0,,
2023-04-17T00:00:00,0.0,,
2023-04-18T00:00:00,0.0,,
2023-04-20T00:00:00,0.5,,
2023-04-22T00:00:00,0.0,,
2023-04-23T00:00:00,0.0,,
2023-04-26T00:00:00,,,
2023-04-29T00:00:00,,,
2023-05-01T00:00:00,,,
2023-05-06T00:00:00,,,
2023-05-09T00:00:00,,,
2023-05-13T00:00:00,13.0,,
2023-05-15T00:00:00,3.6,,
2023-05-19T00:00:00,0.5,,
2023-05-21T00:00:00,24.1,,
2023-05-22T00:00:00,4.6,,
2023-05-23T00:00:00,0.5,,
2023-05-25T00:00:00,0.0,,
2023-05-26T00:00:00,0.0,,
2023-05-28T00:00:00,19.8,,
2023-06-03T00:00:00,16.5,,
2023-06-05T00:00:00,,,
2023-06-06T00:00:00,0.0,,
2023-06-09T00:00:00,0.0,,
2023-06-10T00:00:00,0.0,,
2023-06-12T00:00:00,1.3,,
2023-06-13T00:00:00,0.0,,
2023-06-26T00:00:00,,,
2023-07-02T00:00:00,40.6,,
2023-07-04T00:00:00,,,
2023-07-05T00:00:00,0.0,,
2023-07-08T00:00:00,,,
2023-07-09T00:00:00,0.0,,
2023-07-11T00:00:00,0.0,,
2023-07-17T00:00:00,,,
2023-07-19T00:00:00,,,
2023-07-20T00:00:00,0.0,,
2023-07-22T00:00:00,,,
2023-07-24T00:00:00,,,
2023-07-25T00:00:00,0.0,,
2023-07-30T00:00:00,,,
2023-07-31T00:00:00,0.0,,
2023-08-06T00:00:00,,,
2023-08-07T00:00:00,0.0,,
2023-08-12T00:00:00,,,
2023-08-23T00:00:00,36.8,,
2023-08-28T00:00:00,,,
2023-09-05T00:00:00,,,
2023-09-11T00:00:00,,,
2023-09-13T00:00:00,5.1,,
2023-09-16T00:00:00,10.9,,
2023-10-24T00:00:00,8.1,,
2023-10-26T00:00:00,22.4,,
2023-11-06T00:00:00,,,
2023-11-10T00:00:00,1.0,,
2023-11-13T00:00:00,,,
2023-12-11T00:00:00,,,
2023-12-14T00:00:00,,,
2023-12-17T00:00:00,1.0,,
2024-01-05T00:00:00,,,
2024-01-29T00:00:00,,,
2024-01-30T00:00:00,0.0,,
2024-02-02T00:00:00,1.0,,
2024-02-03T00:00:00,0.0,,
2024-02-13T00:00:00,,,
2024-02-19T00:00:00,0.0,,
2024-02-26T00:00:00,,,
2024-02-29T00:00:00,9.4,,
2024-03-01T00:00:00,0.0,,
2024-03-03T00:00:00,,,
2024-03-08T00:00:00,15.2,,
2024-03-11T00:00:00,0.0,,
2024-03-31T00:00:00,,,
2024-04-16T00:00:00,,,
2024-05-05T00:00:00,2.5,,
2024-06-03T00:00:00,8.4,,
2024-06-10T00:00:00,0.8,,
2024-06-12T00:00:00,,,
2024-06-14T00:00:00,,,
2024-06-17T00:00:00,,,
2024-06-21T00:00:00,,,
2024-06-26T00:00:00,,,
2024-07-01T00:00:00,,,
2024-07-19T00:00:00,,,
2024-07-24T00:00:00,5.1,,
2024-09-02T00:00:00,,,
2024-09-03T00:00:00,4.3,,
2024-09-06T00:00:00,0.0,,
2024-09-09T00:00:00,,,
2024-09-10T00:00:00,0.0,,
2024-10-10T00:00:00,,,
2024-10-26T00:00:00,0.0,,
2024-11-04T00:00:00,,,
2024-11-05T00:00:00,0.8,,
2024-11-08T00:00:00,8.9,,
2024-11-15T00:00:00,,,
2024-11-18T00:00:00,5.1,,
2025-01-10T00:00:00,,,
2025-01-13T00:00:00,,,
2025-01-15T00:00:00,0.0,,
2025-02-11T00:00:00,,,
2025-02-14T00:00:00,,,
2025-02-17T00:00:00,,,
2025-03-13T00:00:00,,,
2025-03-15T00:00:00,,,
2025-03-16T00:00:00,0.0,,
2025-03-22T00:00:00,,,
2025-03-27T00:00:00,,,
2025-03-28T00:00:00,0.0,,
2025-04-07T00:00:00,2.0,,
2025-04-19T00:00:00,0.8,,
2025-04-24T00:00:00,,,
2025-04-25T00:00:00,0.0,,
2025-04-26T00:00:00,0.0,,
2025-05-02T00:00:00,3.8,,
2025-05-09T00:00:00,15.2,,
2025-05-30T00:00:00,1.3,,
2025-06-11T00:00:00,17.3,,
2025-07-02T00:00:00,19.1,,
2025-07-04T00:00:00,39.4,,
2025-07-07T00:00:00,2.5,,
2025-07-23T00:00:00,1.5,,
2025-07-28T00:00:00,,,
2025-08-11T00:00:00,,,
2025-08-20T00:00:00,1.5,,
2025-08-21T00:00:00,4.1,,
2025-08-29T00:00:00,,,
2025-08-30T00:00:00,0.0,,
2025-09-01T00:00:00,,,
2025-09-06T00:00:00,11.9,,
2025-09-08T00:00:00,0.3,,
2025-09-14T00:00:00,1.5,,
2025-09-15T00:00:00,11.7,,
2025-10-25T00:00:00,18.3,,
2025-11-20T00:00:00,1.3,,
2025-12-12T00:00:00,,,
2026-01-16T00:00:00,,,
2026-01-24T00:00:00,3.3,,
2026-02-14T00:00:00,2.8,,
2026-03-11T00:00:00,4.3,,
2026-04-01T00:00:00,0.0,,
2026-04-12T00:00:00,,,
2026-04-15T00:00:00,,,
