DATE,PRCP,TMAX,TMIN
1954-11-01T00:00:00,0.0,,
1954-11-02T00:00:00,0.0,,
1954-11-03T00:00:00,0.0,,
1954-11-04T00:00:00,0.0,,
1954-11-05T00:00:00,0.0,,
1954-11-06T00:00:00,0.0,,
1954-11-07T00:00:00,0.0,,
1954-11-08T00:00:00,0.0,,
1954-11-09T00:00:00,0.0,,
1954-11-10T00:00:00,0.0,,
1954-11-11T00:00:00,0.0,18.3,-5.0
1954-11-12T00:00:00,0.0,17.2,-6.7
1954-11-13T00:00:00,5.6,16.7,-1.7
1954-11-14T00:00:00,0.0,6.7,1.7
1954-11-15T00:00:00,0.0,12.8,-1.7
1954-11-16T00:00:00,0.0,15.0,1.1
1954-11-17T00:00:00,0.0,16.1,0.0
1954-11-18T00:00:00,0.0,10.6,-5.0
1954-11-19T00:00:00,0.0,11.7,-2.8
1954-11-20T00:00:00,0.0,11.1,-3.9
1954-11-21T00:00:00,0.0,15.0,-4.4
1954-11-22T00:00:00,0.0,12.8,-6.1
1954-11-23T00:00:00,0.0,16.1,-1.7
1954-11-24T00:00:00,0.0,17.8,-4.4
1954-11-25T00:00:00,0.0,16.7,-2.2
1954-11-26T00:00:00,0.0,18.3,-2.8
1954-11-27T00:00:00,0.0,17.2,-3.3
1954-11-28T00:00:00,0.0,16.7,-2.8
1954-11-29T00:00:00,0.0,6.1,-8.3
1954-11-30T00:00:00,0.0,12.2,-1.7
1954-12-01T00:00:00,0.0,12.8,-6.7
1954-12-02T00:00:00,0.0,9.4,-3.3
1954-12-03T00:00:00,0.0,15.6,0.0
1954-12-04T00:00:00,0.0,16.1,2.2
1954-12-05T00:00:00,0.0,14.4,-3.9
1954-12-06T00:00:00,0.0,12.2,-8.9
1954-12-07T00:00:00,0.0,15.0,-2.8
1954-12-08T00:00:00,0.0,15.0,-2.2
1954-12-09T00:00:00,0.0,6.1,-11.1
1954-12-10T00:00:00,0.0,8.9,-3.9
1954-12-11T00:00:00,0.8,11.7,-2.8
1954-12-12T00:00:00,0.8,-0.6,-11.1
1954-12-13T00:00:00,0.0,4.4,-7.8
1954-12-14T00:00:00,0.0,5.6,-7.8
1954-12-15T00:00:00,0.0,5.6,-10.0
1954-12-16T00:00:00,0.0,9.4,-5.0
1954-12-17T00:00:00,0.0,0.6,-13.3
1954-12-18T00:00:00,0.0,2.2,-11.1
1954-12-19T00:00:00,0.0,6.1,-8.3
1954-12-20T00:00:00,0.0,11.1,-8.3
1954-12-21T00:00:00,0.0,12.2,-9.4
1954-12-22T00:00:00,0.0,12.2,-12.2
1954-12-23T00:00:00,0.0,12.2,-10.6
1954-12-24T00:00:00,0.0,12.2,-11.1
1954-12-25T00:00:00,0.0,10.0,-8.9
1954-12-26T00:00:00,0.0,11.7,-5.6
1954-12-27T00:00:00,0.0,8.9,-6.7
1954-12-28T00:00:00,0.0,-3.9,-13.9
1954-12-29T00:00:00,0.0,-5.6,-16.7
1954-12-30T00:00:00,0.0,2.2,-15.6
1954-12-31T00:00:00,0.0,1.7,-11.7
1955-01-01T00:00:00,0.0,3.9,-6.7
1955-01-02T00:00:00,0.0,8.3,-7.8
1955-01-03T00:00:00,1.0,7.2,-3.3
1955-01-04T00:00:00,2.3,9.4,0.6
1955-01-05T00:00:00,0.0,9.4,-5.6
1955-01-06T00:00:00,0.0,2.8,-12.2
1955-01-07T00:00:00,0.0,-1.7,-10.6
1955-01-08T00:00:00,0.0,2.8,-10.6
1955-01-09T00:00:00,0.0,6.7,-9.4
1955-01-10T00:00:00,0.0,0.0,-8.3
1955-01-11T00:00:00,0.0,2.2,-8.9
1955-01-12T00:00:00,0.0,4.4,-10.0
1955-01-13T00:00:00,0.0,5.6,-10.0
1955-01-14T00:00:00,0.0,9.4,-6.1
1955-01-15T00:00:00,0.0,6.7,-5.6
1955-01-16T00:00:00,1.5,1.7,-7.2
1955-01-17T00:00:00,0.8,7.8,-3.9
1955-01-18T00:00:00,0.0,1.1,-12.2
1955-01-19T00:00:00,0.0,0.0,-11.7
1955-01-20T00:00:00,0.5,5.6,-9.4
1955-01-21T00:00:00,0.0,-0.6,-11.7
1955-01-22T00:00:00,0.0,-1.7,-16.1
1955-01-23T00:00:00,0.0,-3.3,-17.8
1955-01-24T00:00:00,0.0,-2.2,-12.8
1955-01-25T00:00:00,0.0,4.4,-9.4
1955-01-26T00:00:00,0.0,8.9,-10.0
1955-01-27T00:00:00,0.0,7.8,-10.6
1955-01-28T00:00:00,0.0,7.8,-13.3
1955-01-29T00:00:00,0.0,7.2,-7.2
1955-01-30T00:00:00,0.0,9.4,-7.8
1955-01-31T00:00:00,0.0,12.2,-5.0
1955-02-01T00:00:00,0.0,12.8,-3.9
1955-02-02T00:00:00,0.0,12.2,-8.9
1955-02-03T00:00:00,0.0,12.2,-11.1
1955-02-04T00:00:00,0.0,1.1,-13.3
1955-02-05T00:00:00,0.0,-0.6,-13.9
1955-02-06T00:00:00,0.0,0.0,-12.2
1955-02-07T00:00:00,0.0,0.0,-15.6
1955-02-08T00:00:00,0.0,3.9,-10.0
1955-02-09T00:00:00,0.0,9.4,-9.4
1955-02-10T00:00:00,0.0,12.8,-8.9
1955-02-11T00:00:00,0.0,0.0,-14.4
1955-02-12T00:00:00,0.0,6.7,-13.9
1955-02-13T00:00:00,0.0,12.2,-10.6
1955-02-14T00:00:00,0.0,14.4,-10.6
1955-02-15T00:00:00,0.0,15.6,-5.0
1955-02-16T00:00:00,0.0,15.0,-6.7
1955-02-17T00:00:00,0.0,13.3,-6.1
1955-02-18T00:00:00,0.0,11.7,0.6
1955-02-19T00:00:00,0.0,11.1,-13.9
1955-02-20T00:00:00,0.0,-6.1,-16.1
1955-02-21T00:00:00,0.0,-1.7,-17.8
1955-02-22T00:00:00,0.0,-0.6,-14.4
1955-02-23T00:00:00,0.0,-1.7,-12.8
1955-02-24T00:00:00,0.0,3.3,-16.1
1955-02-25T00:00:00,0.0,6.7,-9.4
1955-02-26T00:00:00,2.8,5.6,-4.4
1955-02-27T00:00:00,0.0,7.2,-7.8
1955-02-28T00:00:00,0.0,12.2,-5.0
1955-03-01T00:00:00,0.0,10.0,-6.7
1955-03-02T00:00:00,0.0,12.2,-5.6
1955-03-03T00:00:00,0.0,16.7,-3.9
1955-03-04T00:00:00,0.0,16.1,-3.3
1955-03-05T00:00:00,0.0,15.6,-3.3
1955-03-06T00:00:00,0.0,15.0,0.6
1955-03-07T00:00:00,0.0,15.0,-3.9
1955-03-08T00:00:00,0.0,12.8,-5.6
1955-03-09T00:00:00,0.0,18.3,-3.9
1955-03-10T00:00:00,0.0,18.9,6.7
1955-03-11T00:00:00,0.0,15.6,6.1
1955-03-12T00:00:00,0.0,11.1,-2.2
1955-03-13T00:00:00,0.0,14.4,-3.9
1955-03-14T00:00:00,0.0,16.1,-2.2
1955-03-15T00:00:00,0.0,18.9,4.4
1955-03-16T00:00:00,0.0,18.3,-2.8
1955-03-17T00:00:00,0.0,6.7,-2.2
1955-03-18T00:00:00,0.0,14.4,-1.7
1955-03-19T00:00:00,0.0,12.2,-6.7
1955-03-20T00:00:00,0.0,12.8,-3.9
1955-03-21T00:00:00,0.0,9.4,-11.7
1955-03-22T00:00:00,0.0,2.8,-11.1
1955-03-23T00:00:00,0.0,9.4,-5.0
1955-03-24T00:00:00,0.0,15.0,-5.6
1955-03-25T00:00:00,0.0,17.8,0.6
1955-03-26T00:00:00,0.0,16.7,-13.9
1955-03-27T00:00:00,0.0,0.0,-15.0
1955-03-28T00:00:00,0.0,6.1,-11.7
1955-03-29T00:00:00,0.0,11.7,-5.6
1955-03-30T00:00:00,0.0,17.8,-1.7
1955-03-31T00:00:00,0.0,20.0,-0.6
1955-04-01T00:00:00,0.0,11.7,-8.3
1955-04-02T00:00:00,0.0,17.2,-6.1
1955-04-03T00:00:00,0.0,20.6,-3.9
1955-04-04T00:00:00,0.0,7.8,-9.4
1955-04-05T00:00:00,0.0,10.0,-8.9
1955-04-06T00:00:00,0.0,12.8,0.0
1955-04-07T00:00:00,0.0,10.6,-2.2
1955-04-08T00:00:00,2.0,12.8,-1.1
1955-04-09T00:00:00,0.0,13.9,-6.1
1955-04-10T00:00:00,0.0,13.9,-6.7
1955-04-11T00:00:00,0.0,18.9,0.6
1955-04-12T00:00:00,0.0,16.1,-2.2
1955-04-13T00:00:00,0.0,12.2,-4.4
1955-04-14T00:00:00,0.0,17.8,-3.3
1955-04-15T00:00:00,0.0,22.2,2.8
1955-04-16T00:00:00,0.0,22.8,2.8
1955-04-17T00:00:00,0.0,21.7,1.7
1955-04-18T00:00:00,0.0,19.4,-1.7
1955-04-19T00:00:00,0.0,22.8,6.7
1955-04-20T00:00:00,0.0,15.6,-4.4
1955-04-21T00:00:00,0.0,18.9,-0.6
1955-04-22T00:00:00,0.0,22.2,7.8
1955-04-23T00:00:00,1.0,16.7,1.7
1955-04-24T00:00:00,0.0,15.0,-1.7
1955-04-25T00:00:00,0.0,21.7,4.4
1955-04-26T00:00:00,0.0,23.9,3.9
1955-04-27T00:00:00,0.0,23.9,4.4
1955-04-28T00:00:00,0.0,17.2,-1.1
1955-04-29T00:00:00,0.0,21.1,2.2
1955-04-30T00:00:00,0.0,23.9,7.2
1955-05-01T00:00:00,0.0,23.9,1.7
1955-05-02T00:00:00,0.0,21.1,6.1
1955-05-03T00:00:00,0.0,17.8,0.0
1955-05-04T00:00:00,0.0,16.7,-2.8
1955-05-05T00:00:00,0.0,23.3,6.1
1955-05-06T00:00:00,0.0,24.4,2.2
1955-05-07T00:00:00,0.0,26.1,6.1
1955-05-08T00:00:00,0.0,25.0,8.3
1955-05-09T00:00:00,1.5,13.9,3.3
1955-05-10T00:00:00,8.4,22.8,2.8
1955-05-11T00:00:00,0.0,12.8,2.2
1955-05-12T00:00:00,0.0,18.3,2.8
1955-05-13T00:00:00,0.0,23.9,2.8
1955-05-14T00:00:00,0.0,25.6,5.6
1955-05-15T00:00:00,0.0,26.7,5.0
1955-05-16T00:00:00,0.0,25.0,0.0
1955-05-17T00:00:00,0.0,18.9,0.0
1955-05-18T00:00:00,0.0,22.8,4.4
1955-05-19T00:00:00,7.6,12.2,2.8
1955-05-20T00:00:00,0.0,13.9,5.6
1955-05-21T00:00:00,0.0,22.2,4.4
1955-05-22T00:00:00,0.0,26.7,8.3
1955-05-23T00:00:00,2.0,22.8,6.1
1955-05-24T00:00:00,0.0,24.4,10.0
1955-05-25T00:00:00,0.0,26.1,5.6
1955-05-26T00:00:00,0.0,18.9,6.1
1955-05-27T00:00:00,0.0,21.7,6.7
1955-05-28T00:00:00,0.0,24.4,5.0
1955-05-29T00:00:00,0.0,23.9,6.7
1955-05-30T00:00:00,0.0,26.7,8.3
1955-05-31T00:00:00,0.0,26.7,8.3
1955-06-01T00:00:00,0.0,27.2,10.0
1955-06-02T00:00:00,0.0,25.0,2.2
1955-06-03T00:00:00,0.0,25.6,2.8
1955-06-04T00:00:00,0.0,26.1,1.7
1955-06-05T00:00:00,0.0,23.3,5.6
1955-06-06T00:00:00,0.0,23.9,5.6
1955-06-07T00:00:00,0.0,28.9,11.1
1955-06-08T00:00:00,0.0,33.3,10.0
1955-06-09T00:00:00,0.0,35.0,8.3
1955-06-10T00:00:00,0.0,22.8,5.6
1955-06-11T00:00:00,0.0,23.3,6.1
1955-06-12T00:00:00,0.0,27.8,6.1
1955-06-13T00:00:00,0.0,27.8,11.1
1955-06-14T00:00:00,4.8,25.6,8.3
1955-06-15T00:00:00,0.0,23.9,7.8
1955-06-16T00:00:00,0.0,26.7,6.1
1955-06-17T00:00:00,0.0,29.4,8.9
1955-06-18T00:00:00,0.0,30.0,6.7
1955-06-19T00:00:00,0.0,31.1,7.2
1955-06-20T00:00:00,0.0,31.1,17.2
1955-06-21T00:00:00,0.0,31.1,8.3
1955-06-22T00:00:00,0.0,32.2,8.3
1955-06-23T00:00:00,0.0,32.8,11.7
1955-06-24T00:00:00,0.0,33.9,11.7
1955-06-25T00:00:00,0.0,33.3,8.3
1955-06-26T00:00:00,0.0,32.2,11.1
1955-06-27T00:00:00,0.0,31.7,11.1
1955-06-28T00:00:00,0.0,32.2,8.9
1955-06-29T00:00:00,0.0,32.8,8.9
1955-06-30T00:00:00,0.0,31.1,8.9
1955-07-01T00:00:00,0.0,30.0,7.8
1955-07-02T00:00:00,0.0,31.1,8.9
1955-07-03T00:00:00,0.0,32.2,11.1
1955-07-04T00:00:00,0.0,33.9,11.7
1955-07-05T00:00:00,0.0,32.2,8.9
1955-07-06T00:00:00,1.5,32.2,11.7
1955-07-07T00:00:00,0.0,33.3,8.9
1955-07-08T00:00:00,0.0,32.2,10.0
1955-07-09T00:00:00,0.0,34.4,11.1
1955-07-10T00:00:00,0.0,34.4,10.6
1955-07-11T00:00:00,8.6,31.1,14.4
1955-07-12T00:00:00,0.0,29.4,12.8
1955-07-13T00:00:00,0.0,33.9,12.8
1955-07-14T00:00:00,0.0,33.3,13.3
1955-07-15T00:00:00,0.0,34.4,11.7
1955-07-16T00:00:00,0.0,31.7,10.0
1955-07-17T00:00:00,0.0,28.9,10.0
1955-07-18T00:00:00,7.9,27.8,9.4
1955-07-19T00:00:00,1.3,27.8,9.4
1955-07-20T00:00:00,0.0,28.3,9.4
1955-07-21T00:00:00,1.5,28.3,12.8
1955-07-22T00:00:00,0.0,22.2,11.7
1955-07-23T00:00:00,1.8,27.8,12.8
1955-07-24T00:00:00,0.5,26.7,8.9
1955-07-25T00:00:00,0.5,30.6,11.1
1955-07-26T00:00:00,0.0,29.4,11.1
1955-07-27T00:00:00,6.4,28.9,13.3
1955-07-28T00:00:00,8.4,20.6,12.2
1955-07-29T00:00:00,1.8,28.9,13.3
1955-07-30T00:00:00,0.0,29.4,13.3
1955-07-31T00:00:00,0.0,32.2,13.3
1955-08-01T00:00:00,0.0,31.7,12.8
1955-08-02T00:00:00,0.0,32.2,12.2
1955-08-03T00:00:00,0.0,32.2,12.8
1955-08-04T00:00:00,0.0,32.2,12.2
1955-08-05T00:00:00,0.0,32.8,11.1
1955-08-06T00:00:00,0.0,30.0,13.3
1955-08-07T00:00:00,0.0,31.1,13.9
1955-08-08T00:00:00,5.8,27.8,11.7
1955-08-09T00:00:00,0.0,28.3,11.1
1955-08-10T00:00:00,11.2,32.2,12.8
1955-08-11T00:00:00,0.0,26.7,12.8
1955-08-12T00:00:00,0.0,27.2,12.8
1955-08-13T00:00:00,0.0,27.8,10.0
1955-08-14T00:00:00,0.0,28.9,10.0
1955-08-15T00:00:00,6.1,30.0,13.3
1955-08-16T00:00:00,0.0,28.3,10.6
1955-08-17T00:00:00,0.0,28.9,11.1
1955-08-18T00:00:00,2.3,31.1,12.2
1955-08-19T00:00:00,0.0,31.1,12.2
1955-08-20T00:00:00,36.1,30.0,11.7
1955-08-21T00:00:00,17.8,26.1,11.1
1955-08-22T00:00:00,0.0,27.2,12.2
1955-08-23T00:00:00,2.5,26.7,10.6
1955-08-24T00:00:00,0.0,31.1,11.7
1955-08-25T00:00:00,0.0,31.1,11.1
1955-08-26T00:00:00,0.0,31.1,11.1
1955-08-27T00:00:00,0.5,32.2,11.1
1955-08-28T00:00:00,1.8,30.6,10.0
1955-08-29T00:00:00,1.3,30.0,8.9
1955-08-30T00:00:00,1.3,30.6,8.9
1955-08-31T00:00:00,0.0,26.1,6.7
1955-09-01T00:00:00,0.0,27.2,3.9
1955-09-02T00:00:00,0.0,30.0,5.0
1955-09-03T00:00:00,0.0,31.7,7.2
1955-09-04T00:00:00,0.0,32.8,10.6
1955-09-05T00:00:00,0.0,29.4,7.2
1955-09-06T00:00:00,0.0,29.4,7.2
1955-09-07T00:00:00,0.0,31.7,8.9
1955-09-08T00:00:00,0.0,30.6,5.0
1955-09-09T00:00:00,0.0,30.0,7.2
1955-09-10T00:00:00,0.0,30.6,8.9
1955-09-11T00:00:00,0.0,31.1,6.7
1955-09-12T00:00:00,0.0,26.7,6.7
1955-09-13T00:00:00,0.0,28.9,6.7
1955-09-14T00:00:00,0.0,30.6,7.2
1955-09-15T00:00:00,0.0,31.1,7.2
1955-09-16T00:00:00,0.0,30.6,7.2
1955-09-17T00:00:00,0.3,30.0,5.6
1955-09-18T00:00:00,0.0,26.1,1.7
1955-09-19T00:00:00,0.0,27.2,6.7
1955-09-20T00:00:00,0.0,29.4,5.0
1955-09-21T00:00:00,0.0,26.7,1.1
1955-09-22T00:00:00,0.0,28.9,3.9
1955-09-23T00:00:00,0.0,27.8,7.2
1955-09-24T00:00:00,0.0,25.6,6.7
1955-09-25T00:00:00,35.6,22.2,7.8
1955-09-26T00:00:00,0.0,22.8,9.4
1955-09-27T00:00:00,0.0,23.9,3.3
1955-09-28T00:00:00,0.0,24.4,2.8
1955-09-29T00:00:00,0.0,26.7,7.2
1955-09-30T00:00:00,0.0,25.0,0.6
1955-10-01T00:00:00,0.0,26.7,4.4
1955-10-02T00:00:00,2.5,26.7,10.0
1955-10-03T00:00:00,0.0,24.4,6.7
1955-10-04T00:00:00,1.3,24.4,6.7
1955-10-05T00:00:00,0.0,22.8,5.0
1955-10-06T00:00:00,0.0,23.3,3.3
1955-10-07T00:00:00,0.0,23.3,-7.2
1955-10-08T00:00:00,0.0,22.2,-3.3
1955-10-09T00:00:00,0.0,21.7,-1.1
1955-10-10T00:00:00,0.0,25.0,0.6
1955-10-11T00:00:00,0.0,25.6,1.1
1955-10-12T00:00:00,0.0,23.3,0.6
1955-10-13T00:00:00,0.0,24.4,0.0
1955-10-14T00:00:00,0.0,21.7,-2.2
1955-10-15T00:00:00,0.0,23.9,0.0
1955-10-16T00:00:00,0.0,24.4,3.9
1955-10-17T00:00:00,0.0,22.8,0.0
1955-10-18T00:00:00,0.0,23.3,-1.1
1955-10-19T00:00:00,0.0,24.4,-1.1
1955-10-20T00:00:00,0.0,25.6,0.0
1955-10-21T00:00:00,0.0,25.0,2.8
1955-10-22T00:00:00,0.0,24.4,0.6
1955-10-23T00:00:00,0.0,22.8,2.8
1955-10-24T00:00:00,0.0,18.9,-8.3
1955-10-25T00:00:00,0.0,19.4,-6.7
1955-10-26T00:00:00,0.0,19.4,-5.6
1955-10-27T00:00:00,0.0,20.6,-1.7
1955-10-28T00:00:00,0.0,17.2,-4.4
1955-10-29T00:00:00,0.0,13.9,-1.7
1955-10-30T00:00:00,0.0,11.1,-7.2
1955-10-31T00:00:00,0.0,16.1,-5.6
1955-11-01T00:00:00,0.0,21.1,-1.1
1955-11-02T00:00:00,0.0,20.0,-1.1
1955-11-03T00:00:00,0.0,14.4,-11.7
1955-11-04T00:00:00,0.0,16.1,-5.0
1955-11-05T00:00:00,0.0,18.9,-0.6
1955-11-06T00:00:00,0.0,18.3,0.6
1955-11-07T00:00:00,0.0,13.9,-7.8
1955-11-08T00:00:00,0.0,5.0,-17.8
1955-11-09T00:00:00,0.0,7.2,-11.7
1955-11-10T00:00:00,0.0,13.9,-10.6
1955-11-11T00:00:00,0.0,15.6,0.6
1955-11-12T00:00:00,0.0,18.9,2.2
1955-11-13T00:00:00,0.0,15.6,1.1
1955-11-14T00:00:00,0.0,15.6,-6.1
1955-11-15T00:00:00,0.0,16.1,-2.8
1955-11-16T00:00:00,0.0,7.2,-10.6
1955-11-17T00:00:00,0.0,4.4,-13.3
1955-11-18T00:00:00,0.0,16.1,-5.0
1955-11-19T00:00:00,0.0,8.9,-7.8
1955-11-20T00:00:00,0.0,15.0,-7.8
1955-11-21T00:00:00,0.0,16.1,-3.9
1955-11-22T00:00:00,0.0,18.3,-2.8
1955-11-23T00:00:00,0.0,8.9,-12.2
1955-11-24T00:00:00,0.0,7.8,-10.6
1955-11-25T00:00:00,0.0,8.3,-11.1
1955-11-26T00:00:00,0.0,11.7,-8.3
1955-11-27T00:00:00,0.0,12.2,-8.3
1955-11-28T00:00:00,0.0,12.8,-11.1
1955-11-29T00:00:00,0.0,14.4,-12.2
1955-11-30T00:00:00,0.0,13.3,-9.4
1955-12-01T00:00:00,0.5,6.1,-5.0
1955-12-02T00:00:00,2.0,5.6,2.2
1955-12-03T00:00:00,6.6,5.6,-10.6
1955-12-04T00:00:00,0.0,-1.1,-17.2
1955-12-05T00:00:00,0.0,0.6,-12.8
1955-12-06T00:00:00,0.0,-1.1,-11.7
1955-12-07T00:00:00,0.0,2.2,-4.4
1955-12-08T00:00:00,0.0,6.1,-9.4
1955-12-09T00:00:00,0.0,2.2,-12.2
1955-12-10T00:00:00,0.0,1.7,-9.4
1955-12-11T00:00:00,0.0,1.7,-12.8
1955-12-12T00:00:00,0.0,2.2,-11.1
1955-12-13T00:00:00,0.0,7.2,-5.0
1955-12-14T00:00:00,0.0,11.7,-0.6
1955-12-15T00:00:00,0.0,11.7,-7.8
1955-12-16T00:00:00,0.0,5.0,-6.7
1955-12-17T00:00:00,0.0,10.0,-6.1
1955-12-18T00:00:00,0.0,8.9,-3.3
1955-12-19T00:00:00,0.0,10.0,-6.7
1955-12-20T00:00:00,0.0,12.8,-5.6
1955-12-21T00:00:00,0.0,13.3,-5.0
1955-12-22T00:00:00,0.0,13.3,-4.4
1955-12-23T00:00:00,0.0,15.0,1.7
1955-12-24T00:00:00,0.0,14.4,3.9
1955-12-25T00:00:00,0.0,15.6,-2.2
1955-12-26T00:00:00,0.0,14.4,-2.8
1955-12-27T00:00:00,0.0,15.6,-6.7
1955-12-28T00:00:00,0.0,16.1,0.0
1955-12-29T00:00:00,0.0,15.6,-2.2
1955-12-30T00:00:00,0.0,15.0,-6.7
1955-12-31T00:00:00,0.0,13.9,-7.8
1956-01-01T00:00:00,0.0,13.9,-9.4
1956-01-02T00:00:00,0.0,10.0,-5.6
1956-01-03T00:00:00,0.0,10.6,-8.3
1956-01-04T00:00:00,0.0,10.0,-11.7
1956-01-05T00:00:00,0.0,12.2,-9.4
1956-01-06T00:00:00,0.0,13.3,-5.0
1956-01-07T00:00:00,0.0,13.9,-7.8
1956-01-08T00:00:00,0.0,12.8,-9.4
1956-01-09T00:00:00,0.0,13.9,-7.8
1956-01-10T00:00:00,0.0,14.4,-8.3
1956-01-11T00:00:00,0.0,15.0,-8.3
1956-01-12T00:00:00,0.0,16.1,-8.3
1956-01-13T00:00:00,0.0,15.6,-5.6
1956-01-14T00:00:00,0.0,12.8,-3.9
1956-01-15T00:00:00,0.0,11.7,-5.0
1956-01-16T00:00:00,0.0,12.2,-4.4
1956-01-17T00:00:00,0.8,10.6,-8.9
1956-01-18T00:00:00,0.0,-3.3,-17.8
1956-01-19T00:00:00,0.0,5.0,-11.7
1956-01-20T00:00:00,0.0,5.6,-4.4
1956-01-21T00:00:00,0.8,7.2,-3.9
1956-01-22T00:00:00,0.0,5.6,-3.9
1956-01-23T00:00:00,0.0,7.8,-2.2
1956-01-24T00:00:00,0.0,7.2,-1.7
1956-01-25T00:00:00,0.0,5.6,-8.3
1956-01-26T00:00:00,0.0,11.7,-2.8
1956-01-27T00:00:00,0.0,11.7,-2.2
1956-01-28T00:00:00,0.0,13.9,3.9
1956-01-29T00:00:00,0.0,6.1,-3.9
1956-01-30T00:00:00,0.0,1.7,-10.6
1956-01-31T00:00:00,0.0,8.3,-6.7
1956-02-01T00:00:00,0.5,8.9,-10.0
1956-02-02T00:00:00,3.8,-6.7,-15.6
1956-02-03T00:00:00,0.0,-10.0,-15.0
1956-02-04T00:00:00,0.0,-3.9,-16.1
1956-02-05T00:00:00,0.0,1.1,-17.8
1956-02-06T00:00:00,0.0,2.8,-12.2
1956-02-07T00:00:00,0.0,6.1,-11.1
1956-02-08T00:00:00,0.0,4.4,-8.3
1956-02-09T00:00:00,0.0,-0.6,-12.8
1956-02-10T00:00:00,0.0,0.6,-13.3
1956-02-11T00:00:00,0.0,2.2,-10.0
1956-02-12T00:00:00,0.0,5.0,-7.2
1956-02-13T00:00:00,0.0,10.0,-3.9
1956-02-14T00:00:00,0.0,11.7,-3.9
1956-02-15T00:00:00,0.0,11.1,-8.3
1956-02-16T00:00:00,0.0,12.2,-3.3
1956-02-17T00:00:00,0.0,11.7,-8.3
1956-02-18T00:00:00,0.0,5.0,-7.2
1956-02-19T00:00:00,0.0,10.6,-6.1
1956-02-20T00:00:00,0.0,7.2,-8.3
1956-02-21T00:00:00,0.0,9.4,-6.7
1956-02-22T00:00:00,0.0,11.7,-7.8
1956-02-23T00:00:00,0.0,17.8,-0.6
1956-02-24T00:00:00,0.0,16.1,0.6
1956-02-25T00:00:00,0.0,14.4,-8.9
1956-02-26T00:00:00,0.0,8.3,-7.8
1956-02-27T00:00:00,0.0,10.0,-8.9
1956-02-28T00:00:00,0.0,7.2,-7.8
1956-02-29T00:00:00,0.0,10.6,-11.1
1956-03-01T00:00:00,0.0,15.6,-3.3
1956-03-02T00:00:00,0.0,11.7,-5.6
1956-03-03T00:00:00,0.0,13.9,-7.2
1956-03-04T00:00:00,0.0,19.4,-7.2
1956-03-05T00:00:00,0.0,17.8,-3.9
1956-03-06T00:00:00,0.0,17.2,1.7
1956-03-07T00:00:00,2.3,15.6,-9.4
1956-03-08T00:00:00,0.0,0.6,-8.9
1956-03-09T00:00:00,0.0,11.7,-5.6
1956-03-10T00:00:00,0.0,16.1,-3.9
1956-03-11T00:00:00,0.0,17.8,-9.4
1956-03-12T00:00:00,0.0,18.3,-14.4
1956-03-13T00:00:00,0.0,2.8,-14.4
1956-03-14T00:00:00,0.0,8.3,-4.4
1956-03-15T00:00:00,0.0,12.8,-7.2
1956-03-16T00:00:00,0.0,5.0,-6.1
1956-03-17T00:00:00,0.0,12.8,-5.0
1956-03-18T00:00:00,0.0,18.3,-2.2
1956-03-19T00:00:00,0.0,18.3,-3.9
1956-03-20T00:00:00,0.0,21.1,-1.7
1956-03-21T00:00:00,0.0,14.4,-1.7
1956-03-22T00:00:00,0.0,17.8,-5.0
1956-03-23T00:00:00,0.0,20.0,-2.8
1956-03-24T00:00:00,0.0,22.2,2.2
1956-03-25T00:00:00,0.0,23.3,0.6
1956-03-26T00:00:00,0.0,23.3,1.7
1956-03-27T00:00:00,0.0,22.2,1.7
1956-03-28T00:00:00,0.0,13.3,-8.9
1956-03-29T00:00:00,0.0,12.2,-6.7
1956-03-30T00:00:00,0.0,17.2,-6.1
1956-03-31T00:00:00,0.0,21.1,-2.8
1956-04-01T00:00:00,0.0,20.0,1.1
1956-04-02T00:00:00,0.0,21.1,0.0
1956-04-03T00:00:00,1.3,6.7,-6.1
1956-04-04T00:00:00,0.0,8.9,-10.6
1956-04-05T00:00:00,0.0,12.8,-5.0
1956-04-06T00:00:00,0.0,16.7,2.8
1956-04-07T00:00:00,0.0,16.1,-7.2
1956-04-08T00:00:00,0.0,19.4,1.1
1956-04-09T00:00:00,0.0,20.0,-10.0
1956-04-10T00:00:00,0.0,13.9,-8.3
1956-04-11T00:00:00,0.0,19.4,-2.8
1956-04-12T00:00:00,0.0,20.6,-0.6
1956-04-13T00:00:00,0.0,21.7,-3.3
1956-04-14T00:00:00,0.0,21.7,-3.9
1956-04-15T00:00:00,0.0,13.9,0.0
1956-04-16T00:00:00,0.0,14.4,-0.6
1956-04-17T00:00:00,0.0,18.9,2.8
1956-04-18T00:00:00,0.0,16.7,-2.8
1956-04-19T00:00:00,0.0,15.0,-3.9
1956-04-20T00:00:00,0.0,13.9,-5.0
1956-04-21T00:00:00,0.0,19.4,-2.8
1956-04-22T00:00:00,0.0,23.9,-2.2
1956-04-23T00:00:00,0.0,22.2,-2.2
1956-04-24T00:00:00,0.0,22.2,-1.1
1956-04-25T00:00:00,0.0,22.8,2.8
1956-04-26T00:00:00,0.0,23.9,3.3
1956-04-27T00:00:00,0.0,25.0,1.1
1956-04-28T00:00:00,0.0,22.2,2.8
1956-04-29T00:00:00,0.0,16.1,-3.9
1956-04-30T00:00:00,0.0,21.7,0.6
1956-05-01T00:00:00,0.0,23.3,0.6
1956-05-02T00:00:00,0.0,22.2,2.8
1956-05-03T00:00:00,0.0,23.9,1.1
1956-05-04T00:00:00,0.0,27.2,3.3
1956-05-05T00:00:00,0.0,28.9,3.3
1956-05-06T00:00:00,0.0,26.7,3.9
1956-05-07T00:00:00,0.0,26.7,3.3
1956-05-08T00:00:00,0.0,28.3,4.4
1956-05-09T00:00:00,0.0,28.9,3.9
1956-05-10T00:00:00,0.0,29.4,2.8
1956-05-11T00:00:00,0.0,20.0,-2.2
1956-05-12T00:00:00,0.0,26.7,3.3
1956-05-13T00:00:00,0.0,30.0,6.7
1956-05-14T00:00:00,0.0,21.1,3.9
1956-05-15T00:00:00,0.0,17.8,-2.2
1956-05-16T00:00:00,0.0,21.1,0.0
1956-05-17T00:00:00,0.0,24.4,0.6
1956-05-18T00:00:00,0.0,28.3,0.6
1956-05-19T00:00:00,0.0,30.6,6.7
1956-05-20T00:00:00,0.0,31.1,5.6
1956-05-21T00:00:00,0.0,29.4,6.7
1956-05-22T00:00:00,0.0,28.9,7.2
1956-05-23T00:00:00,0.0,28.9,7.2
1956-05-24T00:00:00,26.7,21.7,3.3
1956-05-25T00:00:00,0.3,23.3,8.9
1956-05-26T00:00:00,7.9,23.9,6.1
1956-05-27T00:00:00,0.8,23.9,3.3
1956-05-28T00:00:00,0.0,24.4,5.0
1956-05-29T00:00:00,0.0,27.8,5.6
1956-05-30T00:00:00,0.0,29.4,6.1
1956-05-31T00:00:00,0.0,30.6,6.1
1956-06-01T00:00:00,2.0,30.6,8.3
1956-06-02T00:00:00,0.3,28.3,12.2
1956-06-03T00:00:00,0.0,30.0,7.8
1956-06-04T00:00:00,0.0,31.7,14.4
1956-06-05T00:00:00,0.0,30.0,12.8
1956-06-06T00:00:00,0.0,29.4,9.4
1956-06-07T00:00:00,0.0,28.3,6.7
1956-06-08T00:00:00,0.0,31.1,14.4
1956-06-09T00:00:00,0.0,29.4,6.7
1956-06-10T00:00:00,0.0,29.4,5.6
1956-06-11T00:00:00,0.0,30.6,9.4
1956-06-12T00:00:00,0.0,31.7,11.1
1956-06-13T00:00:00,0.0,33.9,10.0
1956-06-14T00:00:00,0.0,33.9,11.7
1956-06-15T00:00:00,0.0,33.3,13.3
1956-06-16T00:00:00,0.0,31.7,12.2
1956-06-17T00:00:00,2.8,29.4,9.4
1956-06-18T00:00:00,0.0,28.3,9.4
1956-06-19T00:00:00,0.0,30.0,10.6
1956-06-20T00:00:00,0.0,31.7,13.3
1956-06-21T00:00:00,0.0,31.7,11.7
1956-06-22T00:00:00,0.0,31.1,8.9
1956-06-23T00:00:00,0.0,33.3,10.6
1956-06-24T00:00:00,0.0,33.3,12.8
1956-06-25T00:00:00,0.0,33.3,11.1
1956-06-26T00:00:00,0.0,32.8,8.3
1956-06-27T00:00:00,0.0,33.3,14.4
1956-06-28T00:00:00,0.0,32.8,13.3
1956-06-29T00:00:00,0.0,30.0,9.4
1956-06-30T00:00:00,0.0,32.2,12.2
1956-07-01T00:00:00,0.0,31.1,12.2
1956-07-02T00:00:00,0.0,31.1,12.2
1956-07-03T00:00:00,0.0,27.8,7.8
1956-07-04T00:00:00,0.0,29.4,8.3
1956-07-05T00:00:00,0.0,32.8,12.2
1956-07-06T00:00:00,0.0,33.9,14.4
1956-07-07T00:00:00,0.0,31.7,10.6
1956-07-08T00:00:00,0.0,33.3,11.7
1956-07-09T00:00:00,0.0,35.0,14.4
1956-07-10T00:00:00,1.0,32.2,9.4
1956-07-11T00:00:00,0.0,34.4,11.7
1956-07-12T00:00:00,0.0,33.9,14.4
1956-07-13T00:00:00,0.0,32.2,12.2
1956-07-14T00:00:00,2.8,32.2,12.8
1956-07-15T00:00:00,0.0,31.1,13.3
1956-07-16T00:00:00,0.0,32.8,11.7
1956-07-17T00:00:00,19.6,32.2,10.0
1956-07-18T00:00:00,0.0,28.9,11.1
1956-07-19T00:00:00,1.5,29.4,12.8
1956-07-20T00:00:00,13.7,29.4,9.4
1956-07-21T00:00:00,0.0,27.8,10.0
1956-07-22T00:00:00,0.0,30.0,11.7
1956-07-23T00:00:00,0.0,32.8,13.3
1956-07-24T00:00:00,0.0,24.4,10.0
1956-07-25T00:00:00,0.0,28.9,10.6
1956-07-26T00:00:00,0.0,27.2,8.9
1956-07-27T00:00:00,0.0,28.3,10.0
1956-07-28T00:00:00,0.0,29.4,12.2
1956-07-29T00:00:00,0.0,28.3,9.4
1956-07-30T00:00:00,0.0,27.8,11.7
1956-07-31T00:00:00,1.0,26.1,11.1
1956-08-01T00:00:00,1.8,23.3,12.8
1956-08-02T00:00:00,1.5,25.0,12.8
1956-08-03T00:00:00,8.9,26.1,10.0
1956-08-04T00:00:00,0.0,27.8,9.4
1956-08-05T00:00:00,0.0,28.9,11.1
1956-08-06T00:00:00,0.0,32.2,10.6
1956-08-07T00:00:00,0.0,32.8,10.0
1956-08-08T00:00:00,0.0,32.2,11.1
1956-08-09T00:00:00,0.0,33.3,12.2
1956-08-10T00:00:00,0.0,34.4,11.1
1956-08-11T00:00:00,0.0,34.4,10.0
1956-08-12T00:00:00,0.0,33.3,11.7
1956-08-13T00:00:00,0.0,31.7,11.1
1956-08-14T00:00:00,0.0,32.2,10.0
1956-08-15T00:00:00,0.0,32.2,11.7
1956-08-16T00:00:00,0.0,28.9,10.0
1956-08-17T00:00:00,0.0,31.7,8.9
1956-08-18T00:00:00,0.0,29.4,12.8
1956-08-19T00:00:00,0.0,28.3,9.4
1956-08-20T00:00:00,5.1,23.3,12.2
1956-08-21T00:00:00,1.5,24.4,7.8
1956-08-22T00:00:00,0.0,28.3,6.7
1956-08-23T00:00:00,0.0,30.6,6.7
1956-08-24T00:00:00,0.0,30.6,8.9
1956-08-25T00:00:00,0.0,29.4,3.9
1956-08-26T00:00:00,0.0,28.9,12.8
1956-08-27T00:00:00,0.0,28.3,9.4
1956-08-28T00:00:00,0.0,28.3,11.7
1956-08-29T00:00:00,0.0,28.3,4.4
1956-08-30T00:00:00,0.0,27.2,6.1
1956-08-31T00:00:00,0.0,28.3,4.4
1956-09-01T00:00:00,0.0,28.9,4.4
1956-09-02T00:00:00,0.0,29.4,5.6
1956-09-03T00:00:00,0.0,30.6,6.7
1956-09-04T00:00:00,0.0,31.7,7.8
1956-09-05T00:00:00,0.0,31.7,8.9
1956-09-06T00:00:00,0.0,31.1,5.6
1956-09-07T00:00:00,0.0,23.9,5.6
1956-09-08T00:00:00,0.0,26.1,5.6
1956-09-09T00:00:00,0.0,25.6,5.6
1956-09-10T00:00:00,0.0,27.8,7.2
1956-09-11T00:00:00,0.0,30.6,7.8
1956-09-12T00:00:00,0.0,30.6,5.0
1956-09-13T00:00:00,0.0,31.1,7.8
1956-09-14T00:00:00,0.0,32.2,8.3
1956-09-15T00:00:00,0.0,32.8,7.2
1956-09-16T00:00:00,0.0,31.7,6.1
1956-09-17T00:00:00,0.0,31.7,6.7
1956-09-18T00:00:00,0.0,31.7,4.4
1956-09-19T00:00:00,0.0,31.1,5.6
1956-09-20T00:00:00,0.0,31.7,6.7
1956-09-21T00:00:00,0.0,31.1,8.9
1956-09-22T00:00:00,0.0,27.2,7.8
1956-09-23T00:00:00,0.0,27.2,8.9
1956-09-24T00:00:00,0.0,25.6,5.0
1956-09-25T00:00:00,0.0,27.8,6.1
1956-09-26T00:00:00,0.0,27.8,4.4
1956-09-27T00:00:00,0.0,28.3,4.4
1956-09-28T00:00:00,0.0,29.4,6.7
1956-09-29T00:00:00,0.0,29.4,6.7
1956-09-30T00:00:00,0.0,26.1,-1.1
1956-10-01T00:00:00,0.0,25.6,8.9
1956-10-02T00:00:00,0.0,25.0,2.8
1956-10-03T00:00:00,0.0,25.0,1.7
1956-10-04T00:00:00,0.0,25.6,3.3
1956-10-05T00:00:00,0.0,26.7,5.6
1956-10-06T00:00:00,3.0,27.8,5.0
1956-10-07T00:00:00,0.0,27.2,3.3
1956-10-08T00:00:00,0.0,26.7,4.4
1956-10-09T00:00:00,0.0,26.1,7.2
1956-10-10T00:00:00,0.0,23.9,2.8
1956-10-11T00:00:00,0.0,24.4,2.2
1956-10-12T00:00:00,0.0,25.6,3.9
1956-10-13T00:00:00,0.0,21.1,2.2
1956-10-14T00:00:00,0.0,20.6,-1.7
1956-10-15T00:00:00,0.0,21.7,0.0
1956-10-16T00:00:00,0.0,22.8,3.3
1956-10-17T00:00:00,2.8,22.8,6.1
1956-10-18T00:00:00,2.8,16.1,5.0
1956-10-19T00:00:00,0.0,14.4,-1.1
1956-10-20T00:00:00,0.3,18.3,-4.4
1956-10-21T00:00:00,0.0,17.8,-3.3
1956-10-22T00:00:00,0.0,20.6,-2.2
1956-10-23T00:00:00,0.0,20.6,0.6
1956-10-24T00:00:00,0.0,23.3,7.2
1956-10-25T00:00:00,0.0,17.2,-7.8
1956-10-26T00:00:00,0.0,12.2,-7.2
1956-10-27T00:00:00,0.0,19.4,-5.0
1956-10-28T00:00:00,0.0,20.0,-5.6
1956-10-29T00:00:00,0.0,19.4,-1.1
1956-10-30T00:00:00,0.0,13.9,-2.8
1956-10-31T00:00:00,0.0,11.1,-7.8
1956-11-01T00:00:00,0.0,13.3,-4.4
1956-11-02T00:00:00,0.0,11.1,-10.6
1956-11-03T00:00:00,0.0,2.2,-12.8
1956-11-04T00:00:00,0.0,3.9,-12.2
1956-11-05T00:00:00,0.0,5.6,-12.8
1956-11-06T00:00:00,0.0,10.6,-5.6
1956-11-07T00:00:00,0.0,13.9,-5.6
1956-11-08T00:00:00,0.0,14.4,-2.2
1956-11-09T00:00:00,0.0,10.6,-6.7
1956-11-10T00:00:00,0.0,13.9,-5.6
1956-11-11T00:00:00,0.0,18.3,-5.6
1956-11-12T00:00:00,0.0,19.4,-6.7
1956-11-13T00:00:00,0.0,18.3,-7.2
1956-11-14T00:00:00,0.0,18.3,-2.2
1956-11-15T00:00:00,0.0,13.3,-15.0
1956-11-16T00:00:00,0.0,2.2,-15.6
1956-11-17T00:00:00,0.0,8.9,-10.0
1956-11-18T00:00:00,0.0,11.7,-9.4
1956-11-19T00:00:00,0.0,13.9,-6.7
1956-11-20T00:00:00,0.0,14.4,-12.8
1956-11-21T00:00:00,0.0,-3.9,-13.3
1956-11-22T00:00:00,0.0,6.7,-10.6
1956-11-23T00:00:00,0.0,13.3,-8.3
1956-11-24T00:00:00,0.0,10.6,-11.1
1956-11-25T00:00:00,0.0,10.6,-8.9
1956-11-26T00:00:00,0.0,15.0,-10.6
1956-11-27T00:00:00,0.0,13.3,-9.4
1956-11-28T00:00:00,0.0,11.1,-10.0
1956-11-29T00:00:00,0.0,6.1,-15.0
1956-11-30T00:00:00,0.0,10.0,-10.6
1956-12-01T00:00:00,0.0,12.8,-10.0
1956-12-02T00:00:00,0.0,13.9,-11.7
1956-12-03T00:00:00,0.0,13.3,-11.7
1956-12-04T00:00:00,0.0,11.1,-4.4
1956-12-05T00:00:00,0.0,12.2,-4.4
1956-12-06T00:00:00,0.0,12.8,-1.7
1956-12-07T00:00:00,0.0,10.6,-5.6
1956-12-08T00:00:00,0.8,12.2,-10.0
1956-12-09T00:00:00,0.0,-1.7,-19.4
1956-12-10T00:00:00,0.0,0.0,-13.9
1956-12-11T00:00:00,0.0,5.6,-9.4
1956-12-12T00:00:00,0.0,7.2,-2.8
1956-12-13T00:00:00,0.0,10.6,-12.2
1956-12-14T00:00:00,0.0,8.9,-10.0
1956-12-15T00:00:00,0.0,7.2,-13.3
1956-12-16T00:00:00,0.0,6.1,-11.1
1956-12-17T00:00:00,0.0,8.9,-12.8
1956-12-18T00:00:00,0.0,7.8,-11.7
1956-12-19T00:00:00,0.0,8.3,-14.4
1956-12-20T00:00:00,0.0,5.0,-11.1
1956-12-21T00:00:00,0.0,7.2,-10.0
1956-12-22T00:00:00,0.0,5.0,-10.0
1956-12-23T00:00:00,0.0,2.8,-15.6
1956-12-24T00:00:00,0.0,3.3,-17.2
1956-12-25T00:00:00,0.0,7.2,-13.3
1956-12-26T00:00:00,0.0,9.4,-11.7
1956-12-27T00:00:00,0.0,9.4,-11.1
1956-12-28T00:00:00,0.0,12.2,-12.8
1956-12-29T00:00:00,0.0,11.1,-10.6
1956-12-30T00:00:00,0.0,12.2,-9.4
1956-12-31T00:00:00,0.0,11.7,-6.7
1957-01-01T00:00:00,0.0,10.6,-3.9
1957-01-02T00:00:00,0.0,8.3,-8.9
1957-01-03T00:00:00,0.0,9.4,-10.0
1957-01-04T00:00:00,11.7,6.1,-5.0
1957-01-05T00:00:00,0.0,3.9,-11.7
1957-01-06T00:00:00,0.0,5.0,-6.1
1957-01-07T00:00:00,0.0,3.9,-8.3
1957-01-08T00:00:00,0.0,10.0,-3.3
1957-01-09T00:00:00,0.0,10.6,-0.6
1957-01-10T00:00:00,0.0,10.0,-6.1
1957-01-11T00:00:00,3.8,1.1,-5.6
1957-01-12T00:00:00,0.0,6.1,-2.2
1957-01-13T00:00:00,0.0,10.0,-1.1
1957-01-14T00:00:00,0.0,11.1,2.2
1957-01-15T00:00:00,0.0,13.3,-3.3
1957-01-16T00:00:00,0.0,10.0,-10.6
1957-01-17T00:00:00,0.0,5.0,-15.0
1957-01-18T00:00:00,0.0,4.4,-15.0
1957-01-19T00:00:00,0.0,5.6,-12.8
1957-01-20T00:00:00,0.0,6.7,-7.2
1957-01-21T00:00:00,0.0,10.0,-5.6
1957-01-22T00:00:00,0.0,8.9,-8.3
1957-01-23T00:00:00,0.0,1.7,-11.7
1957-01-24T00:00:00,0.0,7.8,-7.8
1957-01-25T00:00:00,0.0,5.6,-5.6
1957-01-26T00:00:00,0.0,8.9,-3.9
1957-01-27T00:00:00,0.0,12.8,-8.3
1957-01-28T00:00:00,0.8,11.1,-7.8
1957-01-29T00:00:00,0.0,2.2,-13.3
1957-01-30T00:00:00,0.0,2.2,-10.0
1957-01-31T00:00:00,0.0,7.2,-8.9
1957-02-01T00:00:00,0.0,4.4,-10.6
1957-02-02T00:00:00,0.0,9.4,-9.4
1957-02-03T00:00:00,0.0,11.7,-0.6
1957-02-04T00:00:00,0.0,9.4,-2.8
1957-02-05T00:00:00,0.0,6.1,-7.8
1957-02-06T00:00:00,0.0,10.0,-9.4
1957-02-07T00:00:00,0.0,13.3,-8.3
1957-02-08T00:00:00,0.0,14.4,-5.0
1957-02-09T00:00:00,0.0,18.3,3.3
1957-02-10T00:00:00,0.0,15.6,-2.2
1957-02-11T00:00:00,0.0,16.1,-3.9
1957-02-12T00:00:00,0.0,17.2,0.0
1957-02-13T00:00:00,0.0,18.3,0.0
1957-02-14T00:00:00,0.0,19.4,-4.4
1957-02-15T00:00:00,0.0,19.4,-2.2
1957-02-16T00:00:00,0.0,14.4,0.0
1957-02-17T00:00:00,0.0,13.3,-2.8
1957-02-18T00:00:00,4.3,11.1,-1.7
1957-02-19T00:00:00,1.8,3.3,-2.8
1957-02-20T00:00:00,0.0,7.2,-2.2
1957-02-21T00:00:00,0.0,11.1,0.0
1957-02-22T00:00:00,2.5,11.7,1.7
1957-02-23T00:00:00,0.0,11.1,-5.0
1957-02-24T00:00:00,2.8,13.9,0.0
1957-02-25T00:00:00,0.0,12.2,-1.7
1957-02-26T00:00:00,0.0,13.3,-2.2
1957-02-27T00:00:00,0.0,13.9,-3.9
1957-02-28T00:00:00,0.0,13.9,-3.9
1957-03-01T00:00:00,2.0,13.9,-1.1
1957-03-02T00:00:00,5.1,13.9,-1.7
1957-03-03T00:00:00,0.0,8.9,-3.9
1957-03-04T00:00:00,0.0,8.3,-4.4
1957-03-05T00:00:00,0.0,7.2,-7.2
1957-03-06T00:00:00,0.0,9.4,-2.2
1957-03-07T00:00:00,0.0,7.8,-7.8
1957-03-08T00:00:00,0.0,13.3,-0.6
1957-03-09T00:00:00,0.0,18.3,-6.1
1957-03-10T00:00:00,0.0,20.0,1.1
1957-03-11T00:00:00,0.0,13.3,-2.2
1957-03-12T00:00:00,0.0,13.3,-7.8
1957-03-13T00:00:00,0.0,16.1,0.0
1957-03-14T00:00:00,0.0,15.0,-10.6
1957-03-15T00:00:00,0.0,9.4,-10.0
1957-03-16T00:00:00,0.0,16.1,-3.9
1957-03-17T00:00:00,0.0,18.3,-0.6
1957-03-18T00:00:00,0.0,12.2,-4.4
1957-03-19T00:00:00,0.0,13.9,-5.6
1957-03-20T00:00:00,4.8,12.8,-1.1
1957-03-21T00:00:00,0.8,6.1,-1.1
1957-03-22T00:00:00,0.0,12.8,0.6
1957-03-23T00:00:00,0.5,5.6,-8.3
1957-03-24T00:00:00,0.0,3.3,-7.2
1957-03-25T00:00:00,0.0,7.2,-9.4
1957-03-26T00:00:00,0.0,10.6,-2.2
1957-03-27T00:00:00,0.0,15.0,-3.3
1957-03-28T00:00:00,0.0,13.3,-7.8
1957-03-29T00:00:00,0.0,16.1,-2.2
1957-03-30T00:00:00,0.0,17.8,2.2
1957-03-31T00:00:00,0.0,15.0,-2.8
1957-04-01T00:00:00,0.0,15.6,0.0
1957-04-02T00:00:00,3.0,17.2,-2.8
1957-04-03T00:00:00,0.8,5.6,-5.6
1957-04-04T00:00:00,0.8,8.9,-3.3
1957-04-05T00:00:00,0.0,6.7,-7.2
1957-04-06T00:00:00,0.0,13.9,1.1
1957-04-07T00:00:00,0.0,19.4,8.9
1957-04-08T00:00:00,0.0,15.6,-7.8
1957-04-09T00:00:00,0.0,14.4,-4.4
1957-04-10T00:00:00,0.0,18.3,-1.7
1957-04-11T00:00:00,0.0,19.4,-3.3
1957-04-12T00:00:00,0.0,21.1,-3.3
1957-04-13T00:00:00,0.0,15.0,-6.7
1957-04-14T00:00:00,0.0,21.7,-5.0
1957-04-15T00:00:00,0.0,22.2,-1.1
1957-04-16T00:00:00,0.0,21.1,0.6
1957-04-17T00:00:00,0.0,20.6,1.7
1957-04-18T00:00:00,0.0,20.6,-0.6
1957-04-19T00:00:00,0.0,22.8,0.0
1957-04-20T00:00:00,0.0,16.7,0.6
1957-04-21T00:00:00,0.0,21.7,-2.2
1957-04-22T00:00:00,2.3,22.8,0.0
1957-04-23T00:00:00,0.0,12.2,-3.3
1957-04-24T00:00:00,0.0,12.2,1.7
1957-04-25T00:00:00,0.0,15.6,-3.3
1957-04-26T00:00:00,0.0,18.9,-1.7
1957-04-27T00:00:00,0.0,17.2,0.0
1957-04-28T00:00:00,0.0,18.9,3.3
1957-04-29T00:00:00,0.0,8.9,1.7
1957-04-30T00:00:00,0.0,11.7,-2.2
1957-05-01T00:00:00,0.0,20.6,1.7
1957-05-02T00:00:00,0.0,22.8,2.8
1957-05-03T00:00:00,0.0,23.9,2.8
1957-05-04T00:00:00,0.0,23.9,7.2
1957-05-05T00:00:00,0.0,18.3,4.4
1957-05-06T00:00:00,0.0,12.2,3.9
1957-05-07T00:00:00,1.3,20.6,5.0
1957-05-08T00:00:00,1.8,18.3,6.1
1957-05-09T00:00:00,3.6,15.0,2.8
1957-05-10T00:00:00,0.0,20.0,5.0
1957-05-11T00:00:00,7.9,18.9,1.1
1957-05-12T00:00:00,0.0,15.0,-1.1
1957-05-13T00:00:00,0.0,14.4,1.1
1957-05-14T00:00:00,0.0,16.1,1.1
1957-05-15T00:00:00,0.0,19.4,1.1
1957-05-16T00:00:00,0.0,19.4,-1.1
1957-05-17T00:00:00,0.0,17.8,1.7
1957-05-18T00:00:00,0.0,21.1,3.3
1957-05-19T00:00:00,0.0,21.7,4.4
1957-05-20T00:00:00,3.0,24.4,2.2
1957-05-21T00:00:00,0.0,17.2,1.1
1957-05-22T00:00:00,0.0,17.2,1.7
1957-05-23T00:00:00,0.0,17.2,3.9
1957-05-24T00:00:00,0.0,22.2,4.4
1957-05-25T00:00:00,0.0,21.7,3.3
1957-05-26T00:00:00,0.0,21.7,7.2
1957-05-27T00:00:00,1.0,23.3,7.2
1957-05-28T00:00:00,0.3,22.2,1.7
1957-05-29T00:00:00,0.0,26.1,6.7
1957-05-30T00:00:00,0.5,25.6,6.7
1957-05-31T00:00:00,7.9,23.9,4.4
1957-06-01T00:00:00,0.0,20.0,6.7
1957-06-02T00:00:00,1.5,20.0,1.7
1957-06-03T00:00:00,0.0,23.3,3.9
1957-06-04T00:00:00,0.0,25.6,3.9
1957-06-05T00:00:00,0.0,27.8,6.1
1957-06-06T00:00:00,0.0,30.0,8.9
1957-06-07T00:00:00,0.0,31.1,8.3
1957-06-08T00:00:00,0.0,30.6,7.2
1957-06-09T00:00:00,1.8,29.4,7.2
1957-06-10T00:00:00,0.0,28.3,5.6
1957-06-11T00:00:00,0.0,28.3,7.8
1957-06-12T00:00:00,2.0,20.6,4.4
1957-06-13T00:00:00,0.0,25.6,11.1
1957-06-14T00:00:00,0.0,29.4,12.2
1957-06-15T00:00:00,0.0,28.3,8.3
1957-06-16T00:00:00,0.0,30.0,7.8
1957-06-17T00:00:00,0.0,26.7,6.7
1957-06-18T00:00:00,0.0,25.6,10.0
1957-06-19T00:00:00,0.0,25.6,8.9
1957-06-20T00:00:00,1.0,29.4,6.7
1957-06-21T00:00:00,0.0,31.1,12.2
1957-06-22T00:00:00,0.0,30.6,6.1
1957-06-23T00:00:00,0.0,31.1,10.0
1957-06-24T00:00:00,0.0,28.3,13.9
1957-06-25T00:00:00,0.0,31.1,10.0
1957-06-26T00:00:00,0.0,34.4,15.0
1957-06-27T00:00:00,0.0,35.6,14.4
1957-06-28T00:00:00,0.0,34.4,12.8
1957-06-29T00:00:00,0.0,35.6,17.8
1957-06-30T00:00:00,0.0,35.6,13.9
1957-07-01T00:00:00,0.8,33.9,12.8
1957-07-02T00:00:00,0.0,35.6,11.7
1957-07-03T00:00:00,0.0,37.2,14.4
1957-07-04T00:00:00,0.0,37.2,13.9
1957-07-05T00:00:00,5.3,35.0,13.9
1957-07-06T00:00:00,0.8,31.7,12.2
1957-07-07T00:00:00,0.0,33.9,12.8
1957-07-08T00:00:00,0.0,34.4,13.3
1957-07-09T00:00:00,0.5,33.9,13.9
1957-07-10T00:00:00,0.0,30.6,12.8
1957-07-11T00:00:00,0.0,28.9,9.4
1957-07-12T00:00:00,2.0,28.9,12.2
1957-07-13T00:00:00,1.3,30.0,10.6
1957-07-14T00:00:00,8.1,31.1,11.1
1957-07-15T00:00:00,0.0,31.7,13.3
1957-07-16T00:00:00,2.5,30.6,11.1
1957-07-17T00:00:00,0.0,30.0,11.7
1957-07-18T00:00:00,3.3,29.4,11.7
1957-07-19T00:00:00,1.3,28.3,15.0
1957-07-20T00:00:00,1.8,28.3,14.4
1957-07-21T00:00:00,0.0,27.2,10.0
1957-07-22T00:00:00,0.0,30.0,15.6
1957-07-23T00:00:00,10.7,31.7,12.8
1957-07-24T00:00:00,0.0,28.3,12.8
1957-07-25T00:00:00,2.8,27.8,13.9
1957-07-26T00:00:00,22.9,27.2,12.8
1957-07-27T00:00:00,5.8,25.0,11.7
1957-07-28T00:00:00,0.0,29.4,12.2
1957-07-29T00:00:00,0.0,31.1,16.1
1957-07-30T00:00:00,1.0,32.2,12.8
1957-07-31T00:00:00,13.5,31.7,12.2
1957-08-01T00:00:00,10.9,28.9,14.4
1957-08-02T00:00:00,0.0,29.4,12.8
1957-08-03T00:00:00,0.0,31.7,12.8
1957-08-04T00:00:00,1.8,30.0,13.9
1957-08-05T00:00:00,38.1,27.8,12.8
1957-08-06T00:00:00,8.1,22.2,14.4
1957-08-07T00:00:00,36.1,25.0,11.7
1957-08-08T00:00:00,0.0,27.8,9.4
1957-08-09T00:00:00,0.0,29.4,12.8
1957-08-10T00:00:00,1.8,30.0,10.6
1957-08-11T00:00:00,0.0,28.9,11.7
1957-08-12T00:00:00,0.0,27.8,10.0
1957-08-13T00:00:00,0.0,28.3,12.2
1957-08-14T00:00:00,0.5,28.9,12.2
1957-08-15T00:00:00,3.0,28.3,11.7
1957-08-16T00:00:00,0.0,27.2,15.0
1957-08-17T00:00:00,0.0,28.9,12.2
1957-08-18T00:00:00,7.6,25.6,12.2
1957-08-19T00:00:00,0.0,24.4,8.3
1957-08-20T00:00:00,0.0,26.1,8.9
1957-08-21T00:00:00,0.0,27.2,11.1
1957-08-22T00:00:00,0.3,27.8,11.1
1957-08-23T00:00:00,0.0,26.7,10.6
1957-08-24T00:00:00,8.1,28.3,12.8
1957-08-25T00:00:00,0.8,22.8,11.7
1957-08-26T00:00:00,0.0,26.7,11.1
1957-08-27T00:00:00,0.0,26.7,9.4
1957-08-28T00:00:00,0.0,26.7,10.0
1957-08-29T00:00:00,0.5,25.6,9.4
1957-08-30T00:00:00,12.2,26.1,11.7
1957-08-31T00:00:00,7.4,21.7,10.6
1957-09-01T00:00:00,0.5,21.1,8.9
1957-09-02T00:00:00,0.0,23.9,5.6
1957-09-03T00:00:00,0.0,25.6,4.4
1957-09-04T00:00:00,0.0,26.7,5.6
1957-09-05T00:00:00,0.0,27.8,7.2
1957-09-06T00:00:00,0.0,28.9,7.2
1957-09-07T00:00:00,0.0,27.8,6.7
1957-09-08T00:00:00,0.0,23.3,5.6
1957-09-09T00:00:00,0.0,28.9,5.0
1957-09-10T00:00:00,0.0,27.8,6.7
1957-09-11T00:00:00,1.8,26.7,6.1
1957-09-12T00:00:00,0.0,25.6,1.7
1957-09-13T00:00:00,0.0,25.6,8.3
1957-09-14T00:00:00,0.0,27.2,5.6
1957-09-15T00:00:00,0.0,26.7,0.6
1957-09-16T00:00:00,0.0,24.4,3.3
1957-09-17T00:00:00,0.0,26.7,3.3
1957-09-18T00:00:00,0.0,27.8,5.6
1957-09-19T00:00:00,0.0,26.7,0.0
1957-09-20T00:00:00,0.0,26.1,1.7
1957-09-21T00:00:00,0.0,24.4,0.0
1957-09-22T00:00:00,0.0,24.4,7.2
1957-09-23T00:00:00,0.0,19.4,0.0
1957-09-24T00:00:00,0.0,22.8,-1.1
1957-09-25T00:00:00,0.0,24.4,-2.2
1957-09-26T00:00:00,0.0,26.1,1.7
1957-09-27T00:00:00,0.0,26.7,5.6
1957-09-28T00:00:00,0.0,25.6,2.2
1957-09-29T00:00:00,0.0,26.7,3.3
1957-09-30T00:00:00,0.0,27.2,3.9
1957-10-01T00:00:00,0.0,28.9,7.2
1957-10-02T00:00:00,0.0,26.7,2.8
1957-10-03T00:00:00,0.0,26.1,3.9
1957-10-04T00:00:00,0.0,24.4,2.8
1957-10-05T00:00:00,0.0,22.8,2.2
1957-10-06T00:00:00,17.5,22.8,8.9
1957-10-07T00:00:00,0.0,20.0,6.1
1957-10-08T00:00:00,0.0,20.6,0.6
1957-10-09T00:00:00,0.0,20.6,7.2
1957-10-10T00:00:00,1.3,19.4,2.2
1957-10-11T00:00:00,0.0,20.6,1.7
1957-10-12T00:00:00,6.9,19.4,5.6
1957-10-13T00:00:00,22.1,8.3,-0.6
1957-10-14T00:00:00,0.0,10.6,1.7
1957-10-15T00:00:00,0.0,12.8,-0.6
1957-10-16T00:00:00,0.0,12.8,2.8
1957-10-17T00:00:00,0.0,16.1,3.9
1957-10-18T00:00:00,0.0,16.7,2.2
1957-10-19T00:00:00,0.0,14.4,5.0
1957-10-20T00:00:00,40.9,16.1,3.9
1957-10-21T00:00:00,4.1,12.8,3.3
1957-10-22T00:00:00,1.0,12.2,1.7
1957-10-23T00:00:00,0.5,11.7,-2.8
1957-10-24T00:00:00,0.0,12.2,-4.4
1957-10-25T00:00:00,0.0,13.9,-2.2
1957-10-26T00:00:00,0.0,6.7,-2.2
1957-10-27T00:00:00,0.0,8.9,-3.9
1957-10-28T00:00:00,0.0,9.4,-3.9
1957-10-29T00:00:00,0.3,14.4,-2.2
1957-10-30T00:00:00,0.0,13.3,0.6
1957-10-31T00:00:00,0.0,17.2,-2.2
1957-11-01T00:00:00,2.3,18.3,0.6
1957-11-02T00:00:00,0.0,12.8,-2.2
1957-11-03T00:00:00,2.5,8.9,-1.7
1957-11-04T00:00:00,0.3,6.7,-1.1
1957-11-05T00:00:00,11.9,10.0,-1.1
1957-11-06T00:00:00,0.3,6.7,0.0
1957-11-07T00:00:00,2.0,6.7,-4.4
1957-11-08T00:00:00,0.0,5.6,-3.9
1957-11-09T00:00:00,0.0,8.9,-2.8
1957-11-10T00:00:00,0.0,3.9,-7.2
1957-11-11T00:00:00,0.0,10.0,-7.2
1957-11-12T00:00:00,0.0,10.6,-6.1
1957-11-13T00:00:00,0.0,8.9,-2.2
1957-11-14T00:00:00,0.0,8.3,-2.2
1957-11-15T00:00:00,0.0,12.8,-1.7
1957-11-16T00:00:00,5.6,7.8,-3.3
1957-11-17T00:00:00,5.1,2.8,-4.4
1957-11-18T00:00:00,0.0,2.8,-9.4
1957-11-19T00:00:00,0.0,0.6,-8.9
1957-11-20T00:00:00,0.0,5.6,-5.0
1957-11-21T00:00:00,0.0,5.0,-7.2
1957-11-22T00:00:00,1.3,-2.8,-22.8
1957-11-23T00:00:00,0.0,-4.4,-16.7
1957-11-24T00:00:00,0.0,3.3,-10.0
1957-11-25T00:00:00,0.0,8.9,-6.1
1957-11-26T00:00:00,0.0,10.6,-6.1
1957-11-27T00:00:00,0.0,11.1,-1.1
1957-11-28T00:00:00,0.0,7.2,-12.2
1957-11-29T00:00:00,0.0,5.0,-9.4
1957-11-30T00:00:00,0.0,1.7,-10.6
1957-12-01T00:00:00,0.0,4.4,-13.3
1957-12-02T00:00:00,0.0,9.4,-11.1
1957-12-03T00:00:00,0.0,9.4,-12.2
1957-12-04T00:00:00,0.0,6.1,-9.4
1957-12-05T00:00:00,0.0,8.9,-5.6
1957-12-06T00:00:00,0.3,6.7,-5.0
1957-12-07T00:00:00,0.0,4.4,-9.4
1957-12-08T00:00:00,0.0,8.3,-8.3
1957-12-09T00:00:00,0.0,9.4,-7.8
1957-12-10T00:00:00,0.0,11.7,-6.7
1957-12-11T00:00:00,0.0,10.0,-15.0
1957-12-12T00:00:00,0.0,5.6,-10.0
1957-12-13T00:00:00,0.0,9.4,-9.4
1957-12-14T00:00:00,0.0,11.1,-3.9
1957-12-15T00:00:00,0.0,11.1,-1.7
1957-12-16T00:00:00,0.0,11.1,-4.4
1957-12-17T00:00:00,0.0,12.2,-5.0
1957-12-18T00:00:00,0.0,12.2,-7.2
1957-12-19T00:00:00,0.0,10.0,-7.2
1957-12-20T00:00:00,0.0,1.1,-8.9
1957-12-21T00:00:00,0.0,6.1,-6.7
1957-12-22T00:00:00,0.0,11.7,-7.8
1957-12-23T00:00:00,0.0,12.2,-7.8
1957-12-24T00:00:00,1.8,3.9,-9.4
1957-12-25T00:00:00,2.3,1.7,-7.8
1957-12-26T00:00:00,0.0,4.4,-12.2
1957-12-27T00:00:00,0.0,6.1,-9.4
1957-12-28T00:00:00,0.0,4.4,-6.1
1957-12-29T00:00:00,0.0,8.3,-6.7
1957-12-30T00:00:00,0.0,10.0,-7.2
1957-12-31T00:00:00,0.0,8.3,-12.2
1958-01-01T00:00:00,0.0,3.9,-14.4
1958-01-02T00:00:00,0.0,6.7,-14.4
1958-01-03T00:00:00,0.0,7.2,-12.2
1958-01-04T00:00:00,0.0,6.7,-7.2
1958-01-05T00:00:00,0.0,0.6,-5.6
1958-01-06T00:00:00,0.0,3.9,-10.6
1958-01-07T00:00:00,0.0,7.8,-12.2
1958-01-08T00:00:00,0.0,10.0,-11.7
1958-01-09T00:00:00,0.0,11.7,-10.0
1958-01-10T00:00:00,0.0,8.9,-11.1
1958-01-11T00:00:00,0.0,11.1,-10.6
1958-01-12T00:00:00,0.0,6.1,-8.3
1958-01-13T00:00:00,0.0,5.0,-13.3
1958-01-14T00:00:00,0.0,7.2,-10.0
1958-01-15T00:00:00,0.0,3.9,-11.7
1958-01-16T00:00:00,0.0,7.2,-10.6
1958-01-17T00:00:00,0.0,12.2,-9.4
1958-01-18T00:00:00,0.0,9.4,-6.7
1958-01-19T00:00:00,5.3,7.8,-6.1
1958-01-20T00:00:00,0.0,-3.9,-15.0
1958-01-21T00:00:00,0.0,-4.4,-23.3
1958-01-22T00:00:00,0.8,-3.9,-19.4
1958-01-23T00:00:00,0.0,-2.2,-19.4
1958-01-24T00:00:00,0.0,-3.3,-15.0
1958-01-25T00:00:00,0.0,2.8,-7.8
1958-01-26T00:00:00,0.0,3.3,-6.1
1958-01-27T00:00:00,0.0,5.6,-5.6
1958-01-28T00:00:00,0.0,3.9,-7.2
1958-01-29T00:00:00,0.0,3.9,-5.0
1958-01-30T00:00:00,0.0,7.8,-6.1
1958-01-31T00:00:00,0.0,12.2,-10.6
1958-02-01T00:00:00,0.0,5.0,-8.3
1958-02-02T00:00:00,0.0,6.7,-10.0
1958-02-03T00:00:00,0.0,11.1,-10.6
1958-02-04T00:00:00,0.0,12.2,-6.1
1958-02-05T00:00:00,0.0,10.6,-3.9
1958-02-06T00:00:00,0.0,8.3,-2.2
1958-02-07T00:00:00,0.0,8.9,-7.8
1958-02-08T00:00:00,0.0,10.6,-7.8
1958-02-09T00:00:00,0.0,12.8,-7.8
1958-02-10T00:00:00,0.0,11.7,-6.7
1958-02-11T00:00:00,0.0,9.4,-6.1
1958-02-12T00:00:00,2.0,3.3,-13.9
1958-02-13T00:00:00,0.0,4.4,-10.6
1958-02-14T00:00:00,1.0,2.8,-7.2
1958-02-15T00:00:00,0.0,4.4,-5.6
1958-02-16T00:00:00,0.0,10.6,-5.0
1958-02-17T00:00:00,0.0,15.0,-6.1
1958-02-18T00:00:00,0.0,15.6,-6.1
1958-02-19T00:00:00,0.0,17.2,-6.7
1958-02-20T00:00:00,0.0,18.9,-3.3
1958-02-21T00:00:00,0.0,16.1,-1.7
1958-02-22T00:00:00,0.0,13.9,-1.7
1958-02-23T00:00:00,0.0,16.1,-4.4
1958-02-24T00:00:00,0.0,15.0,-5.0
1958-02-25T00:00:00,1.3,16.7,-5.0
1958-02-26T00:00:00,1.8,12.8,-3.3
1958-02-27T00:00:00,0.0,5.0,-9.4
1958-02-28T00:00:00,0.0,2.2,-10.0
1958-03-01T00:00:00,0.0,3.9,-12.8
1958-03-02T00:00:00,0.0,5.0,-13.3
1958-03-03T00:00:00,0.0,6.7,-11.7
1958-03-04T00:00:00,3.6,2.2,-3.9
1958-03-05T00:00:00,3.8,3.9,-10.0
1958-03-06T00:00:00,0.0,6.7,-4.4
1958-03-07T00:00:00,6.9,1.7,-8.9
1958-03-08T00:00:00,5.6,3.3,-3.9
1958-03-09T00:00:00,0.0,6.1,-6.1
1958-03-10T00:00:00,0.0,3.3,-10.6
1958-03-11T00:00:00,0.0,1.1,-8.3
1958-03-12T00:00:00,0.5,-4.4,-12.2
1958-03-13T00:00:00,1.3,-3.3,-10.0
1958-03-14T00:00:00,0.5,0.6,-7.2
1958-03-15T00:00:00,0.0,7.2,-4.4
1958-03-16T00:00:00,0.0,10.6,-1.1
1958-03-17T00:00:00,0.0,11.7,-2.2
1958-03-18T00:00:00,0.0,9.4,-5.0
1958-03-19T00:00:00,0.0,11.7,-5.6
1958-03-20T00:00:00,0.0,11.7,-8.9
1958-03-21T00:00:00,0.0,15.6,-2.2
1958-03-22T00:00:00,0.0,16.7,0.0
1958-03-23T00:00:00,7.4,9.4,-1.1
1958-03-24T00:00:00,0.0,10.0,-0.6
1958-03-25T00:00:00,0.5,10.0,-2.8
1958-03-26T00:00:00,0.0,11.7,-1.7
1958-03-27T00:00:00,0.0,12.2,-7.2
1958-03-28T00:00:00,0.0,14.4,-4.4
1958-03-29T00:00:00,0.0,5.0,-4.4
1958-03-30T00:00:00,0.0,10.0,-7.8
1958-03-31T00:00:00,0.0,14.4,-5.0
1958-04-01T00:00:00,0.0,15.6,-2.2
1958-04-02T00:00:00,0.0,14.4,0.0
1958-04-03T00:00:00,0.0,10.0,-3.3
1958-04-04T00:00:00,0.0,15.6,-1.7
1958-04-05T00:00:00,0.0,9.4,-6.1
1958-04-06T00:00:00,0.0,9.4,-6.7
1958-04-07T00:00:00,0.0,16.1,2.8
1958-04-08T00:00:00,10.2,12.8,2.8
1958-04-09T00:00:00,5.6,3.3,-1.1
1958-04-10T00:00:00,0.3,7.2,-2.2
1958-04-11T00:00:00,0.0,12.8,-2.2
1958-04-12T00:00:00,2.3,4.4,-2.2
1958-04-13T00:00:00,0.3,2.8,-2.8
1958-04-14T00:00:00,0.0,4.4,-6.1
1958-04-15T00:00:00,0.0,16.1,-5.0
1958-04-16T00:00:00,0.0,20.0,-1.1
1958-04-17T00:00:00,12.7,14.4,-0.6
1958-04-18T00:00:00,0.0,15.6,-1.1
1958-04-19T00:00:00,0.0,23.3,2.8
1958-04-20T00:00:00,0.0,22.2,0.0
1958-04-21T00:00:00,0.0,21.7,4.4
1958-04-22T00:00:00,0.0,22.2,-1.7
1958-04-23T00:00:00,0.0,26.7,-2.8
1958-04-24T00:00:00,0.0,18.3,-9.4
1958-04-25T00:00:00,0.0,14.4,0.0
1958-04-26T00:00:00,0.0,19.4,-0.6
1958-04-27T00:00:00,0.0,19.4,0.6
1958-04-28T00:00:00,0.0,20.6,1.7
1958-04-29T00:00:00,0.0,15.6,0.6
1958-04-30T00:00:00,0.0,7.8,0.6
1958-05-01T00:00:00,0.0,17.8,2.2
1958-05-02T00:00:00,0.5,20.0,2.2
1958-05-03T00:00:00,0.3,15.6,2.8
1958-05-04T00:00:00,0.0,19.4,-1.7
1958-05-05T00:00:00,0.0,22.8,2.2
1958-05-06T00:00:00,0.0,24.4,3.3
1958-05-07T00:00:00,0.0,26.1,3.3
1958-05-08T00:00:00,0.0,23.3,6.7
1958-05-09T00:00:00,0.0,22.8,0.6
1958-05-10T00:00:00,0.0,22.8,-0.6
1958-05-12T00:00:00,0.0,24.4,3.9
1958-05-13T00:00:00,4.8,23.9,3.3
1958-05-14T00:00:00,0.0,22.8,3.3
1958-05-15T00:00:00,0.0,24.4,5.0
1958-05-16T00:00:00,1.5,21.7,5.0
1958-05-17T00:00:00,0.0,23.9,3.9
1958-05-18T00:00:00,0.0,23.9,4.4
1958-05-19T00:00:00,0.0,23.9,3.9
1958-05-20T00:00:00,0.0,22.8,2.8
1958-05-21T00:00:00,0.8,25.6,3.3
1958-05-22T00:00:00,0.0,26.7,5.0
1958-05-23T00:00:00,0.0,27.8,4.4
1958-05-24T00:00:00,0.0,27.2,5.0
1958-05-25T00:00:00,0.0,28.9,5.0
1958-05-26T00:00:00,0.0,27.2,6.7
1958-05-27T00:00:00,0.0,29.4,6.7
1958-05-28T00:00:00,0.0,31.1,10.0
1958-05-29T00:00:00,0.0,28.9,7.8
1958-05-30T00:00:00,0.0,31.7,5.6
1958-05-31T00:00:00,0.0,29.4,7.2
1958-06-01T00:00:00,0.0,31.7,8.9
1958-06-02T00:00:00,0.0,30.6,7.8
1958-06-03T00:00:00,0.0,31.1,12.2
1958-06-04T00:00:00,3.0,30.6,8.9
1958-06-05T00:00:00,0.0,30.0,9.4
1958-06-06T00:00:00,0.0,27.2,10.0
1958-06-07T00:00:00,0.0,27.8,9.4
1958-06-08T00:00:00,18.8,27.2,8.3
1958-06-09T00:00:00,0.0,31.1,8.3
1958-06-10T00:00:00,0.0,28.3,6.7
1958-06-11T00:00:00,0.0,27.2,3.9
1958-06-12T00:00:00,0.3,30.6,6.7
1958-06-13T00:00:00,0.0,30.0,5.0
1958-06-14T00:00:00,0.0,31.1,7.2
1958-06-15T00:00:00,0.0,31.7,7.2
1958-06-16T00:00:00,0.0,29.4,8.3
1958-06-17T00:00:00,0.0,31.1,15.0
1958-06-18T00:00:00,7.6,26.7,8.3
1958-06-19T00:00:00,0.0,31.7,10.6
1958-06-20T00:00:00,0.0,32.8,13.9
1958-06-21T00:00:00,0.0,32.2,14.4
1958-06-22T00:00:00,24.9,23.9,11.1
1958-06-23T00:00:00,0.0,30.0,7.8
1958-06-24T00:00:00,0.0,32.2,11.7
1958-06-25T00:00:00,0.0,32.2,11.1
1958-06-26T00:00:00,0.0,22.2,7.8
1958-06-27T00:00:00,0.0,27.2,8.3
1958-06-28T00:00:00,0.0,32.2,7.2
1958-06-29T00:00:00,0.0,33.9,13.3
1958-06-30T00:00:00,0.0,32.2,11.7
1958-07-01T00:00:00,0.0,31.7,11.1
1958-07-02T00:00:00,2.5,31.7,8.3
1958-07-03T00:00:00,0.0,31.7,9.4
1958-07-04T00:00:00,0.0,31.1,6.7
1958-07-05T00:00:00,0.0,31.7,10.6
1958-07-06T00:00:00,0.0,25.0,9.4
1958-07-07T00:00:00,0.0,27.2,5.0
1958-07-08T00:00:00,0.0,30.0,8.9
1958-07-09T00:00:00,0.0,33.3,11.1
1958-07-10T00:00:00,0.0,35.6,12.2
1958-07-11T00:00:00,0.0,35.6,10.0
1958-07-12T00:00:00,0.0,36.7,13.9
1958-07-13T00:00:00,0.0,36.7,8.3
1958-07-14T00:00:00,0.0,36.1,12.8
1958-07-15T00:00:00,0.0,35.0,15.0
1958-07-16T00:00:00,6.4,31.1,12.2
1958-07-17T00:00:00,0.8,28.9,13.9
1958-07-18T00:00:00,1.5,30.6,12.8
1958-07-19T00:00:00,0.0,30.0,13.3
1958-07-20T00:00:00,0.0,30.0,8.9
1958-07-21T00:00:00,0.0,31.7,8.3
1958-07-22T00:00:00,0.0,31.1,11.7
1958-07-23T00:00:00,0.0,33.3,5.6
1958-07-24T00:00:00,0.0,35.0,16.7
1958-07-25T00:00:00,7.9,31.1,11.7
1958-07-26T00:00:00,1.3,28.3,11.1
1958-07-27T00:00:00,0.0,29.4,6.7
1958-07-28T00:00:00,0.0,30.6,10.6
1958-07-29T00:00:00,0.0,28.3,8.9
1958-07-30T00:00:00,0.0,29.4,11.1
1958-07-31T00:00:00,0.0,31.7,8.9
1958-08-01T00:00:00,0.0,32.2,9.4
1958-08-02T00:00:00,0.0,31.1,9.4
1958-08-03T00:00:00,0.0,32.8,9.4
1958-08-04T00:00:00,0.8,33.9,10.6
1958-08-05T00:00:00,0.0,35.0,10.6
1958-08-06T00:00:00,1.8,31.1,13.3
1958-08-07T00:00:00,0.0,29.4,10.0
1958-08-08T00:00:00,4.3,30.0,13.9
1958-08-09T00:00:00,11.9,31.7,12.8
1958-08-10T00:00:00,1.3,32.2,8.9
1958-08-11T00:00:00,0.3,31.7,8.9
1958-08-12T00:00:00,0.0,30.6,11.7
1958-08-13T00:00:00,5.6,32.2,8.9
1958-08-14T00:00:00,0.0,32.2,10.0
1958-08-15T00:00:00,0.0,32.8,11.7
1958-08-16T00:00:00,0.0,33.3,10.0
1958-08-17T00:00:00,3.8,33.3,12.2
1958-08-18T00:00:00,4.6,30.6,13.9
1958-08-19T00:00:00,0.3,30.6,12.8
1958-08-20T00:00:00,2.5,29.4,11.7
1958-08-21T00:00:00,4.1,28.3,13.3
1958-08-22T00:00:00,5.8,20.0,12.8
1958-08-23T00:00:00,0.3,25.6,11.7
1958-08-24T00:00:00,1.3,27.8,8.3
1958-08-25T00:00:00,0.0,25.6,6.7
1958-08-26T00:00:00,0.0,29.4,8.3
1958-08-27T00:00:00,0.0,29.4,7.8
1958-08-28T00:00:00,0.0,31.7,7.2
1958-08-29T00:00:00,0.0,32.8,8.3
1958-08-30T00:00:00,0.0,31.7,7.8
1958-08-31T00:00:00,0.0,32.2,10.0
1958-09-01T00:00:00,0.0,31.1,7.8
1958-09-02T00:00:00,0.0,32.2,8.3
1958-09-03T00:00:00,0.0,32.8,12.8
1958-09-04T00:00:00,0.0,31.7,8.3
1958-09-05T00:00:00,0.0,30.0,8.9
1958-09-06T00:00:00,10.4,27.2,12.2
1958-09-07T00:00:00,28.4,22.8,11.7
1958-09-08T00:00:00,0.0,22.2,11.1
1958-09-09T00:00:00,0.0,25.0,11.1
1958-09-10T00:00:00,0.0,28.3,13.9
1958-09-11T00:00:00,7.6,27.2,12.2
1958-09-12T00:00:00,0.0,23.9,14.4
1958-09-13T00:00:00,10.2,22.2,15.6
1958-09-14T00:00:00,4.1,22.8,15.0
1958-09-15T00:00:00,0.0,22.2,7.2
1958-09-16T00:00:00,0.0,24.4,5.0
1958-09-17T00:00:00,0.0,22.2,2.2
1958-09-18T00:00:00,0.0,25.0,7.2
1958-09-19T00:00:00,0.0,26.7,6.1
1958-09-20T00:00:00,0.0,25.6,3.9
1958-09-21T00:00:00,0.0,27.8,5.0
1958-09-22T00:00:00,0.0,27.2,10.6
1958-09-23T00:00:00,0.5,25.0,12.2
1958-09-24T00:00:00,0.0,26.1,14.4
1958-09-25T00:00:00,0.0,23.3,0.6
1958-09-26T00:00:00,2.3,20.6,7.2
1958-09-27T00:00:00,10.2,17.2,7.2
1958-09-28T00:00:00,15.5,10.0,6.1
1958-09-29T00:00:00,0.0,17.2,7.2
1958-09-30T00:00:00,0.0,21.1,7.2
1958-10-01T00:00:00,0.0,10.6,2.2
1958-10-02T00:00:00,0.0,11.7,2.8
1958-10-03T00:00:00,0.0,13.3,-1.1
1958-10-04T00:00:00,0.0,23.3,0.0
1958-10-05T00:00:00,0.0,25.6,10.0
1958-10-06T00:00:00,3.6,21.1,9.4
1958-10-07T00:00:00,0.0,19.4,8.3
1958-10-08T00:00:00,0.0,24.4,5.0
1958-10-09T00:00:00,0.0,24.4,5.6
1958-10-10T00:00:00,0.0,24.4,2.8
1958-10-11T00:00:00,0.0,20.0,1.7
1958-10-12T00:00:00,0.0,22.8,3.3
1958-10-13T00:00:00,0.0,21.1,4.4
1958-10-14T00:00:00,0.0,22.2,3.9
1958-10-15T00:00:00,0.0,23.3,2.8
1958-10-16T00:00:00,0.0,24.4,-1.1
1958-10-17T00:00:00,0.0,25.6,-1.1
1958-10-18T00:00:00,0.0,22.2,-0.6
1958-10-19T00:00:00,0.0,23.9,-0.6
1958-10-20T00:00:00,0.0,23.9,6.1
1958-10-21T00:00:00,0.0,22.2,-1.1
1958-10-22T00:00:00,0.0,14.4,-7.2
1958-10-23T00:00:00,0.0,16.1,-7.2
1958-10-24T00:00:00,0.0,19.4,-1.1
1958-10-25T00:00:00,7.4,21.7,0.0
1958-10-26T00:00:00,0.0,10.0,1.7
1958-10-27T00:00:00,0.0,13.3,-1.1
1958-10-28T00:00:00,2.5,11.7,2.8
1958-10-29T00:00:00,6.9,4.4,0.0
1958-10-30T00:00:00,0.8,3.3,-2.2
1958-10-31T00:00:00,0.0,3.3,-6.7
1958-11-01T00:00:00,0.0,10.0,-5.6
1958-11-02T00:00:00,0.0,13.9,-6.7
1958-11-03T00:00:00,0.0,15.6,-7.2
1958-11-04T00:00:00,0.0,14.4,-4.4
1958-11-05T00:00:00,0.0,16.1,-2.2
1958-11-06T00:00:00,0.0,16.7,-4.4
1958-11-07T00:00:00,0.0,16.1,1.7
1958-11-08T00:00:00,0.0,17.8,-2.2
1958-11-09T00:00:00,0.0,18.3,-1.1
1958-11-10T00:00:00,0.0,20.6,-2.8
1958-11-11T00:00:00,0.0,20.0,0.6
1958-11-12T00:00:00,0.0,17.8,-1.1
1958-11-13T00:00:00,0.0,17.2,-3.3
1958-11-14T00:00:00,0.0,15.6,-3.3
1958-11-15T00:00:00,0.0,16.1,0.6
1958-11-16T00:00:00,0.0,16.1,-2.8
1958-11-17T00:00:00,2.8,5.6,-6.7
1958-11-18T00:00:00,0.0,-1.1,-11.1
1958-11-19T00:00:00,0.0,1.7,-10.6
1958-11-20T00:00:00,0.0,11.1,-6.7
1958-11-21T00:00:00,0.0,13.3,-8.9
1958-11-22T00:00:00,0.0,14.4,-7.8
1958-11-23T00:00:00,0.0,15.6,-5.0
1958-11-24T00:00:00,0.0,15.0,-9.4
1958-11-25T00:00:00,0.0,16.7,-1.7
1958-11-26T00:00:00,0.0,13.3,-3.9
1958-11-27T00:00:00,0.0,6.1,-2.8
1958-11-28T00:00:00,0.0,11.7,-8.3
1958-11-29T00:00:00,0.0,4.4,-10.6
1958-11-30T00:00:00,0.0,11.1,-8.3
1958-12-01T00:00:00,0.0,11.7,-6.1
1958-12-02T00:00:00,0.0,16.1,-6.1
1958-12-03T00:00:00,0.0,15.0,-6.1
1958-12-04T00:00:00,0.0,13.3,-4.4
1958-12-05T00:00:00,0.0,18.3,-3.9
1958-12-06T00:00:00,0.0,17.2,-7.2
1958-12-07T00:00:00,0.0,16.1,-5.0
1958-12-08T00:00:00,0.0,16.7,2.8
1958-12-09T00:00:00,0.0,17.2,0.0
1958-12-10T00:00:00,0.0,15.0,-2.2
1958-12-11T00:00:00,0.0,12.2,-3.3
1958-12-12T00:00:00,0.0,13.9,-7.8
1958-12-13T00:00:00,0.0,14.4,-8.3
1958-12-14T00:00:00,0.0,5.6,-15.0
1958-12-15T00:00:00,0.0,6.7,-11.1
1958-12-16T00:00:00,0.0,11.1,-11.1
1958-12-17T00:00:00,0.0,12.2,-8.9
1958-12-18T00:00:00,0.0,13.3,-9.4
1958-12-19T00:00:00,0.0,16.1,-6.1
1958-12-20T00:00:00,0.0,15.6,-10.6
1958-12-21T00:00:00,0.0,13.9,-8.3
1958-12-22T00:00:00,0.0,13.9,-10.6
1958-12-23T00:00:00,0.0,14.4,-8.9
1958-12-24T00:00:00,0.0,10.6,-10.0
1958-12-25T00:00:00,0.0,11.1,-10.6
1958-12-26T00:00:00,0.0,11.1,-8.3
1958-12-27T00:00:00,0.0,7.8,-12.8
1958-12-28T00:00:00,0.0,12.2,-9.4
1958-12-29T00:00:00,1.5,10.6,-5.6
1958-12-30T00:00:00,0.5,1.1,-19.4
1958-12-31T00:00:00,0.0,-2.2,-21.1
1959-01-01T00:00:00,0.0,-0.6,-16.1
1959-01-02T00:00:00,0.0,2.2,-12.8
1959-01-03T00:00:00,0.0,8.9,-14.4
1959-01-04T00:00:00,0.0,-6.7,-17.8
1959-01-05T00:00:00,0.0,-3.3,-18.9
1959-01-06T00:00:00,0.0,4.4,-13.9
1959-01-07T00:00:00,0.0,7.2,-6.7
1959-01-08T00:00:00,0.0,5.6,-12.8
1959-01-09T00:00:00,0.0,8.3,-12.2
1959-01-10T00:00:00,0.0,10.0,-10.6
1959-01-11T00:00:00,0.0,8.9,-8.3
1959-01-12T00:00:00,0.0,10.6,-8.3
1959-01-13T00:00:00,0.0,12.2,-6.7
1959-01-14T00:00:00,0.0,11.7,-5.6
1959-01-15T00:00:00,0.0,9.4,-7.2
1959-01-16T00:00:00,0.0,2.2,-8.9
1959-01-17T00:00:00,0.0,7.2,-5.0
1959-01-18T00:00:00,0.0,11.7,-1.7
1959-01-19T00:00:00,0.0,14.4,-7.2
1959-01-20T00:00:00,1.0,13.9,-3.9
1959-01-21T00:00:00,1.0,-1.1,-21.1
1959-01-22T00:00:00,0.0,-2.2,-15.6
1959-01-23T00:00:00,0.0,2.8,-8.9
1959-01-24T00:00:00,0.0,7.8,-6.7
1959-01-25T00:00:00,0.0,11.1,-5.0
1959-01-26T00:00:00,0.0,13.3,-3.9
1959-01-27T00:00:00,0.0,10.6,-10.6
1959-01-28T00:00:00,0.0,8.9,-6.7
1959-01-29T00:00:00,0.0,12.8,-6.7
1959-01-30T00:00:00,0.0,7.2,-10.0
1959-01-31T00:00:00,0.0,12.2,-7.8
1959-02-01T00:00:00,0.0,6.1,-9.4
1959-02-02T00:00:00,0.0,-2.2,-11.1
1959-02-03T00:00:00,0.0,-5.6,-12.8
1959-02-04T00:00:00,0.0,2.2,-8.9
1959-02-05T00:00:00,0.0,7.2,-5.0
1959-02-06T00:00:00,0.0,8.3,-14.4
1959-02-07T00:00:00,0.0,13.3,-11.7
1959-02-08T00:00:00,0.0,13.3,-5.0
1959-02-09T00:00:00,0.3,12.2,0.6
1959-02-10T00:00:00,0.0,7.8,-11.7
1959-02-11T00:00:00,0.0,5.6,-12.8
1959-02-12T00:00:00,0.0,11.1,-8.9
1959-02-13T00:00:00,0.0,12.8,-8.3
1959-02-14T00:00:00,0.0,6.1,-10.6
1959-02-15T00:00:00,0.0,8.9,-13.3
1959-02-16T00:00:00,0.0,13.9,-6.7
1959-02-17T00:00:00,0.0,13.3,3.9
1959-02-18T00:00:00,0.0,13.3,-0.6
1959-02-19T00:00:00,0.0,11.1,-12.2
1959-02-20T00:00:00,0.0,9.4,-8.9
1959-02-21T00:00:00,0.0,5.0,-10.6
1959-02-22T00:00:00,0.0,5.6,-6.7
1959-02-23T00:00:00,0.0,8.3,-8.9
1959-02-24T00:00:00,0.0,11.7,-12.8
1959-02-25T00:00:00,0.0,7.8,-10.6
1959-02-26T00:00:00,0.0,8.3,-11.7
1959-02-27T00:00:00,0.0,11.7,-7.8
1959-02-28T00:00:00,0.0,11.1,-7.8
1959-03-01T00:00:00,0.0,12.8,-7.2
1959-03-02T00:00:00,0.0,16.7,-0.6
1959-03-03T00:00:00,0.0,16.1,-12.2
1959-03-04T00:00:00,0.0,16.7,-4.4
1959-03-05T00:00:00,1.0,2.8,-13.3
1959-03-06T00:00:00,0.0,1.7,-12.8
1959-03-07T00:00:00,0.3,8.3,-14.4
1959-03-08T00:00:00,0.0,10.6,-6.1
1959-03-09T00:00:00,0.0,12.2,-10.6
1959-03-10T00:00:00,0.0,15.6,-8.3
1959-03-11T00:00:00,0.0,14.4,-11.1
1959-03-12T00:00:00,0.0,7.2,-7.8
1959-03-13T00:00:00,0.0,14.4,-1.7
1959-03-14T00:00:00,0.0,18.9,3.3
1959-03-15T00:00:00,0.0,8.3,-13.3
1959-03-16T00:00:00,0.0,7.8,-13.9
1959-03-17T00:00:00,0.0,10.0,-12.8
1959-03-18T00:00:00,0.0,15.6,-8.3
1959-03-19T00:00:00,0.0,17.8,-3.9
1959-03-20T00:00:00,0.0,16.1,-2.8
1959-03-21T00:00:00,0.0,11.1,-13.9
1959-03-22T00:00:00,0.0,12.2,-11.1
1959-03-23T00:00:00,0.0,16.1,-2.2
1959-03-24T00:00:00,0.0,18.3,1.7
1959-03-25T00:00:00,1.3,16.7,-0.6
1959-03-26T00:00:00,1.0,7.8,-2.2
1959-03-27T00:00:00,0.0,12.8,-8.3
1959-03-28T00:00:00,0.0,11.7,-8.3
1959-03-29T00:00:00,0.0,15.0,-5.6
1959-03-30T00:00:00,0.0,18.3,-2.8
1959-03-31T00:00:00,0.0,18.9,2.2
1959-04-01T00:00:00,0.0,11.7,-6.1
1959-04-02T00:00:00,0.0,19.4,0.0
1959-04-03T00:00:00,0.0,23.9,2.8
1959-04-04T00:00:00,0.0,18.3,-1.1
1959-04-05T00:00:00,0.0,23.9,0.6
1959-04-06T00:00:00,0.0,25.6,2.2
1959-04-07T00:00:00,0.0,25.0,1.7
1959-04-08T00:00:00,9.4,8.9,-2.2
1959-04-09T00:00:00,6.9,4.4,-1.7
1959-04-10T00:00:00,0.0,13.3,-6.1
1959-04-11T00:00:00,0.0,12.8,-1.1
1959-04-12T00:00:00,0.0,15.6,-3.9
1959-04-13T00:00:00,0.0,7.2,-5.6
1959-04-14T00:00:00,0.0,16.1,-4.4
1959-04-15T00:00:00,0.0,17.8,-0.6
1959-04-16T00:00:00,0.0,19.4,0.6
1959-04-17T00:00:00,0.0,18.9,0.0
1959-04-18T00:00:00,0.0,17.8,-0.6
1959-04-19T00:00:00,0.0,16.1,0.0
1959-04-20T00:00:00,0.0,16.7,2.8
1959-04-21T00:00:00,5.8,8.9,-2.2
1959-04-22T00:00:00,0.0,11.7,-0.6
1959-04-23T00:00:00,0.0,17.2,0.0
1959-04-24T00:00:00,0.0,22.8,3.3
1959-04-25T00:00:00,0.0,25.6,6.1
1959-04-26T00:00:00,0.0,25.0,8.9
1959-04-27T00:00:00,0.0,23.3,6.1
1959-04-28T00:00:00,0.0,18.3,-2.2
1959-04-29T00:00:00,0.0,21.1,0.0
1959-04-30T00:00:00,0.0,23.9,1.1
1959-05-01T00:00:00,0.0,26.7,5.6
1959-05-02T00:00:00,0.0,24.4,6.1
1959-05-03T00:00:00,0.0,23.9,3.9
1959-05-04T00:00:00,0.0,23.9,3.3
1959-05-05T00:00:00,0.0,19.4,0.0
1959-05-06T00:00:00,0.0,17.8,-3.9
1959-05-07T00:00:00,7.9,22.2,6.1
1959-05-08T00:00:00,25.9,15.6,6.1
1959-05-09T00:00:00,0.3,18.9,2.8
1959-05-10T00:00:00,0.0,20.6,2.8
1959-05-11T00:00:00,0.0,22.2,2.2
1959-05-12T00:00:00,0.0,26.1,3.9
1959-05-13T00:00:00,0.0,28.3,11.1
1959-05-14T00:00:00,0.0,23.3,6.7
1959-05-15T00:00:00,0.0,23.3,6.1
1959-05-16T00:00:00,0.0,26.1,6.7
1959-05-17T00:00:00,0.0,25.0,6.1
1959-05-18T00:00:00,0.0,25.0,8.3
1959-05-19T00:00:00,0.0,25.6,5.6
1959-05-20T00:00:00,0.0,23.9,2.2
1959-05-21T00:00:00,0.0,21.7,4.4
1959-05-22T00:00:00,0.0,20.0,-1.1
1959-05-23T00:00:00,0.0,22.8,8.9
1959-05-24T00:00:00,13.2,22.8,8.9
1959-05-25T00:00:00,2.8,21.7,8.3
1959-05-26T00:00:00,0.0,22.8,3.3
1959-05-27T00:00:00,0.0,21.7,4.4
1959-05-28T00:00:00,0.0,26.1,1.7
1959-05-29T00:00:00,0.0,26.1,2.8
1959-05-30T00:00:00,0.0,28.3,3.3
1959-05-31T00:00:00,0.0,25.6,3.9
1959-06-01T00:00:00,0.0,25.0,5.6
1959-06-02T00:00:00,0.0,21.7,9.4
1959-06-03T00:00:00,0.5,25.0,7.2
1959-06-04T00:00:00,1.8,18.9,3.3
1959-06-05T00:00:00,0.0,28.3,5.0
1959-06-06T00:00:00,0.0,30.0,6.7
1959-06-07T00:00:00,0.0,30.6,7.8
1959-06-08T00:00:00,0.0,31.1,8.9
1959-06-09T00:00:00,0.0,31.1,6.7
1959-06-10T00:00:00,0.0,31.7,7.8
1959-06-11T00:00:00,0.0,31.7,10.0
1959-06-12T00:00:00,0.0,30.6,11.1
1959-06-13T00:00:00,0.0,31.1,12.2
1959-06-14T00:00:00,0.0,30.0,10.0
1959-06-15T00:00:00,0.0,31.7,9.4
1959-06-16T00:00:00,1.0,33.9,12.8
1959-06-17T00:00:00,0.0,31.7,13.3
1959-06-18T00:00:00,4.1,31.1,13.9
1959-06-19T00:00:00,0.0,25.6,11.1
1959-06-20T00:00:00,0.0,28.3,8.3
1959-06-21T00:00:00,0.8,29.4,9.4
1959-06-22T00:00:00,1.3,31.1,10.6
1959-06-23T00:00:00,0.0,27.2,10.0
1959-06-24T00:00:00,0.0,32.8,11.1
1959-06-25T00:00:00,0.0,35.0,12.8
1959-06-26T00:00:00,0.0,33.3,11.7
1959-06-27T00:00:00,0.0,32.8,11.7
1959-06-28T00:00:00,0.0,32.2,13.3
1959-06-29T00:00:00,0.0,31.7,13.3
1959-06-30T00:00:00,5.3,30.6,11.7
1959-07-01T00:00:00,0.0,30.6,12.2
1959-07-02T00:00:00,0.0,24.4,9.4
1959-07-03T00:00:00,0.0,29.4,10.0
1959-07-04T00:00:00,0.0,32.8,12.2
1959-07-05T00:00:00,0.0,32.8,13.3
1959-07-06T00:00:00,0.0,31.1,8.9
1959-07-07T00:00:00,0.0,33.3,12.8
1959-07-08T00:00:00,0.8,32.8,10.6
1959-07-09T00:00:00,0.0,33.3,15.6
1959-07-10T00:00:00,0.0,28.3,10.0
1959-07-11T00:00:00,0.0,33.9,15.0
1959-07-12T00:00:00,0.0,32.8,12.2
1959-07-13T00:00:00,0.0,32.2,11.7
1959-07-14T00:00:00,0.0,31.7,12.8
1959-07-15T00:00:00,0.0,33.9,11.7
1959-07-16T00:00:00,0.0,32.8,11.7
1959-07-17T00:00:00,9.7,32.8,10.6
1959-07-18T00:00:00,0.0,28.3,11.1
1959-07-19T00:00:00,1.5,32.2,9.4
1959-07-20T00:00:00,1.3,27.8,8.9
1959-07-21T00:00:00,0.8,31.1,10.0
1959-07-22T00:00:00,5.1,32.2,11.1
1959-07-23T00:00:00,0.3,32.8,12.8
1959-07-24T00:00:00,0.0,31.1,9.4
1959-07-25T00:00:00,0.0,31.7,8.3
1959-07-26T00:00:00,1.0,31.1,11.7
1959-07-27T00:00:00,0.0,28.3,9.4
1959-07-28T00:00:00,5.3,31.7,11.1
1959-07-29T00:00:00,0.5,31.7,10.0
1959-07-30T00:00:00,0.0,30.6,14.4
1959-07-31T00:00:00,0.0,30.6,11.1
1959-08-01T00:00:00,0.0,32.2,12.8
1959-08-02T00:00:00,0.0,32.2,11.1
1959-08-03T00:00:00,0.0,32.2,11.1
1959-08-04T00:00:00,0.0,33.9,13.3
1959-08-05T00:00:00,0.8,32.2,11.1
1959-08-06T00:00:00,4.1,32.2,13.3
1959-08-07T00:00:00,0.0,27.8,13.9
1959-08-08T00:00:00,0.0,28.3,11.7
1959-08-09T00:00:00,0.3,30.0,13.3
1959-08-10T00:00:00,0.5,31.1,11.7
1959-08-11T00:00:00,0.0,30.0,8.3
1959-08-12T00:00:00,0.0,35.0,11.7
1959-08-13T00:00:00,0.0,34.4,11.1
1959-08-14T00:00:00,21.1,31.1,11.1
1959-08-15T00:00:00,6.9,22.8,11.7
1959-08-16T00:00:00,0.0,25.6,11.7
1959-08-17T00:00:00,0.0,28.9,11.1
1959-08-18T00:00:00,8.4,30.6,11.7
1959-08-19T00:00:00,0.0,26.1,10.6
1959-08-20T00:00:00,7.9,25.0,13.3
1959-08-21T00:00:00,9.7,25.0,11.1
1959-08-22T00:00:00,0.0,27.2,11.7
1959-08-23T00:00:00,0.0,29.4,13.3
1959-08-24T00:00:00,20.8,27.2,12.2
1959-08-25T00:00:00,4.1,22.8,13.3
1959-08-26T00:00:00,0.0,22.2,10.0
1959-08-27T00:00:00,0.0,26.1,10.0
1959-08-28T00:00:00,0.0,30.0,11.1
1959-08-29T00:00:00,0.0,31.7,10.6
1959-08-30T00:00:00,0.0,30.6,11.1
1959-08-31T00:00:00,0.0,30.0,5.6
1959-09-01T00:00:00,0.0,27.8,7.8
1959-09-02T00:00:00,0.0,30.0,3.9
1959-09-03T00:00:00,0.0,30.0,5.6
1959-09-04T00:00:00,0.0,30.0,8.3
1959-09-05T00:00:00,0.0,31.1,9.4
1959-09-06T00:00:00,0.0,30.6,9.4
1959-09-07T00:00:00,0.0,31.1,5.6
1959-09-08T00:00:00,0.0,33.3,5.6
1959-09-09T00:00:00,0.0,31.1,3.9
1959-09-10T00:00:00,0.0,27.2,9.4
1959-09-11T00:00:00,0.0,25.6,3.9
1959-09-12T00:00:00,0.0,29.4,6.1
1959-09-13T00:00:00,0.0,25.6,0.6
1959-09-14T00:00:00,0.0,24.4,0.0
1959-09-15T00:00:00,0.0,27.8,4.4
1959-09-16T00:00:00,0.0,27.2,8.3
1959-09-17T00:00:00,0.0,26.1,2.8
1959-09-18T00:00:00,0.0,26.7,2.2
1959-09-19T00:00:00,0.0,28.3,3.9
1959-09-20T00:00:00,0.0,29.4,3.3
1959-09-21T00:00:00,0.0,27.8,2.2
1959-09-22T00:00:00,0.0,27.2,3.3
1959-09-23T00:00:00,0.0,27.2,1.1
1959-09-24T00:00:00,0.0,26.1,4.4
1959-09-25T00:00:00,0.0,18.3,1.7
1959-09-26T00:00:00,0.0,22.8,1.7
1959-09-27T00:00:00,0.0,24.4,7.2
1959-09-28T00:00:00,0.0,26.7,7.2
1959-09-29T00:00:00,0.0,23.9,3.3
1959-09-30T00:00:00,4.1,17.8,3.9
1959-10-01T00:00:00,0.0,7.8,2.2
1959-10-02T00:00:00,1.0,10.6,-1.1
1959-10-03T00:00:00,5.8,18.9,-1.1
1959-10-04T00:00:00,1.3,6.7,-5.0
1959-10-05T00:00:00,0.0,14.4,-2.8
1959-10-06T00:00:00,0.0,15.6,-3.3
1959-10-07T00:00:00,0.0,19.4,-2.2
1959-10-08T00:00:00,0.0,20.6,-3.9
1959-10-09T00:00:00,0.0,20.6,-2.8
1959-10-10T00:00:00,0.0,21.7,1.1
1959-10-11T00:00:00,0.0,22.2,0.6
1959-10-12T00:00:00,0.0,24.4,0.0
1959-10-13T00:00:00,0.0,26.1,-0.6
1959-10-14T00:00:00,0.0,19.4,-5.6
1959-10-15T00:00:00,0.0,21.1,-3.3
1959-10-16T00:00:00,0.0,22.8,-3.3
1959-10-17T00:00:00,0.0,24.4,-2.8
1959-10-18T00:00:00,0.0,18.9,-4.4
1959-10-19T00:00:00,0.0,22.8,-5.6
1959-10-20T00:00:00,0.0,23.3,-1.7
1959-10-21T00:00:00,0.0,21.7,-3.9
1959-10-22T00:00:00,0.0,22.8,-1.7
1959-10-23T00:00:00,0.0,19.4,3.9
1959-10-24T00:00:00,0.0,24.4,-2.8
1959-10-25T00:00:00,0.0,23.3,-0.6
1959-10-26T00:00:00,0.0,25.6,2.8
1959-10-27T00:00:00,0.0,25.6,-5.0
1959-10-28T00:00:00,0.0,20.0,-2.8
1959-10-29T00:00:00,0.0,20.0,2.2
1959-10-30T00:00:00,64.8,7.2,-1.7
1959-10-31T00:00:00,9.9,1.7,-2.2
1959-11-01T00:00:00,0.0,6.7,-0.6
1959-11-02T00:00:00,0.0,17.2,0.0
1959-11-03T00:00:00,0.0,16.1,-1.1
1959-11-04T00:00:00,0.0,8.3,0.6
1959-11-05T00:00:00,0.0,11.7,-6.7
1959-11-06T00:00:00,0.0,3.3,-11.7
1959-11-07T00:00:00,0.0,10.6,-7.2
1959-11-08T00:00:00,0.0,14.4,-7.8
1959-11-09T00:00:00,0.0,13.9,-7.8
1959-11-10T00:00:00,0.0,16.7,-5.6
1959-11-11T00:00:00,0.0,15.0,-6.1
1959-11-12T00:00:00,0.0,16.7,-2.8
1959-11-13T00:00:00,0.0,17.2,-1.1
1959-11-14T00:00:00,0.0,14.4,-11.1
1959-11-15T00:00:00,0.0,6.7,-10.6
1959-11-16T00:00:00,0.0,12.8,-3.3
1959-11-17T00:00:00,0.0,13.3,-15.0
1959-11-18T00:00:00,0.0,12.2,-13.3
1959-11-19T00:00:00,0.0,12.8,-5.6
1959-11-20T00:00:00,0.0,15.6,-3.3
1959-11-21T00:00:00,0.0,13.9,-8.3
1959-11-22T00:00:00,0.0,15.0,-5.0
1959-11-23T00:00:00,0.0,10.0,-5.6
1959-11-24T00:00:00,0.0,12.8,-5.0
1959-11-25T00:00:00,0.0,13.9,-3.9
1959-11-26T00:00:00,0.0,16.1,-10.0
1959-11-27T00:00:00,2.5,0.6,-23.3
1959-11-28T00:00:00,0.0,0.0,-20.6
1959-11-29T00:00:00,0.0,5.6,-12.8
1959-11-30T00:00:00,0.0,10.0,-9.4
1959-12-01T00:00:00,0.0,12.8,-11.1
1959-12-02T00:00:00,0.0,13.9,-12.2
1959-12-03T00:00:00,0.0,13.9,-8.9
1959-12-04T00:00:00,0.0,11.7,-6.1
1959-12-05T00:00:00,0.0,11.7,-7.8
1959-12-06T00:00:00,0.0,3.9,-11.1
1959-12-07T00:00:00,0.0,8.3,-9.4
1959-12-08T00:00:00,0.0,11.7,-6.7
1959-12-09T00:00:00,3.8,12.8,-10.0
1959-12-10T00:00:00,0.0,8.9,-9.4
1959-12-11T00:00:00,0.0,8.9,-5.0
1959-12-12T00:00:00,0.0,8.9,-7.2
1959-12-13T00:00:00,0.0,8.9,-8.9
1959-12-14T00:00:00,0.0,10.0,-7.2
1959-12-15T00:00:00,8.6,2.8,-10.0
1959-12-16T00:00:00,9.4,3.3,-3.3
1959-12-17T00:00:00,0.0,6.1,-10.0
1959-12-18T00:00:00,0.0,7.2,-11.1
1959-12-19T00:00:00,0.0,5.6,-9.4
1959-12-20T00:00:00,0.0,7.2,-8.3
1959-12-21T00:00:00,0.0,6.1,-6.1
1959-12-22T00:00:00,0.0,4.4,-3.3
1959-12-23T00:00:00,0.0,6.7,-7.2
1959-12-24T00:00:00,0.0,6.1,-6.7
1959-12-25T00:00:00,0.0,5.0,-3.3
1959-12-26T00:00:00,2.3,6.7,-6.1
1959-12-27T00:00:00,0.0,6.7,-8.3
1959-12-28T00:00:00,3.3,2.2,-12.8
1959-12-29T00:00:00,0.0,-1.1,-14.4
1959-12-30T00:00:00,0.0,2.2,-17.2
1959-12-31T00:00:00,0.5,0.6,-13.9
1960-01-01T00:00:00,1.8,2.2,-10.0
1960-01-02T00:00:00,0.0,-4.4,-17.2
1960-01-03T00:00:00,0.0,-6.7,-17.8
1960-01-04T00:00:00,0.0,-1.7,-17.2
1960-01-05T00:00:00,0.0,-3.3,-15.6
1960-01-06T00:00:00,0.0,-1.1,-17.8
1960-01-07T00:00:00,0.0,-2.8,-16.7
1960-01-08T00:00:00,0.0,2.2,-9.4
1960-01-09T00:00:00,0.0,5.6,-8.9
1960-01-10T00:00:00,0.0,6.1,-7.2
1960-01-11T00:00:00,0.0,9.4,-2.8
1960-01-12T00:00:00,3.3,5.0,-0.6
1960-01-13T00:00:00,0.0,7.2,-5.0
1960-01-14T00:00:00,0.8,7.2,-6.7
1960-01-15T00:00:00,0.0,1.7,-11.1
1960-01-16T00:00:00,0.0,5.6,-10.0
1960-01-17T00:00:00,1.8,0.0,-11.1
1960-01-18T00:00:00,0.0,-5.6,-16.7
1960-01-19T00:00:00,0.0,-5.0,-20.6
1960-01-20T00:00:00,0.0,-3.3,-17.8
1960-01-21T00:00:00,0.0,0.0,-13.9
1960-01-22T00:00:00,0.0,4.4,-15.6
1960-01-23T00:00:00,0.0,6.7,-12.8
1960-01-24T00:00:00,0.0,6.7,-8.9
1960-01-25T00:00:00,0.0,6.7,-8.3
1960-01-26T00:00:00,0.0,7.8,-5.6
1960-01-27T00:00:00,0.0,8.9,-3.3
1960-01-28T00:00:00,0.0,7.2,-3.9
1960-01-29T00:00:00,0.0,7.2,-11.7
1960-01-30T00:00:00,0.0,8.9,-11.1
1960-01-31T00:00:00,0.0,8.9,-6.7
1960-02-01T00:00:00,0.0,10.0,-7.8
1960-02-02T00:00:00,0.8,10.0,-6.7
1960-02-03T00:00:00,1.0,3.9,-5.0
1960-02-04T00:00:00,0.0,3.3,-5.6
1960-02-05T00:00:00,0.0,5.0,-8.3
1960-02-06T00:00:00,0.0,5.6,-7.8
1960-02-07T00:00:00,0.0,7.2,-8.3
1960-02-08T00:00:00,0.0,7.8,-4.4
1960-02-09T00:00:00,0.0,12.8,1.1
1960-02-10T00:00:00,0.8,4.4,-5.0
1960-02-11T00:00:00,0.0,6.7,-10.0
1960-02-12T00:00:00,0.0,5.0,-14.4
1960-02-13T00:00:00,0.0,4.4,-8.9
1960-02-14T00:00:00,0.0,7.2,-5.6
1960-02-15T00:00:00,0.0,4.4,-8.9
1960-02-16T00:00:00,0.0,5.6,-6.7
1960-02-17T00:00:00,0.5,7.2,-10.0
1960-02-18T00:00:00,0.0,1.7,-16.1
1960-02-19T00:00:00,0.0,3.3,-12.8
1960-02-20T00:00:00,0.0,10.0,-11.1
1960-02-21T00:00:00,0.0,3.3,-10.0
1960-02-22T00:00:00,0.0,6.1,-7.2
1960-02-23T00:00:00,0.0,1.7,-18.3
1960-02-24T00:00:00,0.8,-2.2,-16.7
1960-02-25T00:00:00,0.0,-6.7,-15.0
1960-02-26T00:00:00,0.0,3.3,-10.0
1960-02-27T00:00:00,0.0,9.4,-4.4
1960-02-28T00:00:00,0.0,8.9,-6.7
1960-02-29T00:00:00,0.8,10.0,-6.7
1960-03-01T00:00:00,3.6,-5.6,-11.1
1960-03-02T00:00:00,5.6,2.8,-9.4
1960-03-03T00:00:00,0.0,2.8,-10.6
1960-03-04T00:00:00,0.0,8.3,-5.0
1960-03-05T00:00:00,0.0,12.8,-3.3
1960-03-06T00:00:00,0.0,14.4,-2.8
1960-03-07T00:00:00,0.0,16.7,-3.3
1960-03-08T00:00:00,0.0,19.4,-0.6
1960-03-09T00:00:00,0.0,17.2,-5.0
1960-03-10T00:00:00,0.0,18.3,0.0
1960-03-11T00:00:00,0.0,15.6,-11.1
1960-03-12T00:00:00,0.0,12.8,-8.9
1960-03-13T00:00:00,0.0,16.7,-5.6
1960-03-14T00:00:00,1.5,8.3,-2.8
1960-03-15T00:00:00,0.0,13.9,-6.7
1960-03-16T00:00:00,0.0,5.6,-11.1
1960-03-17T00:00:00,2.0,2.8,-12.8
1960-03-18T00:00:00,0.0,5.6,-10.0
1960-03-19T00:00:00,0.0,12.8,-6.7
1960-03-20T00:00:00,0.0,17.8,-6.7
1960-03-21T00:00:00,0.0,20.6,-1.1
1960-03-22T00:00:00,0.0,21.7,-2.8
1960-03-23T00:00:00,0.0,19.4,-3.9
1960-03-24T00:00:00,2.0,20.6,3.3
1960-03-25T00:00:00,3.6,6.1,-1.7
1960-03-26T00:00:00,0.0,17.2,-2.8
1960-03-27T00:00:00,0.0,20.6,-1.7
1960-03-28T00:00:00,0.0,20.0,1.1
1960-03-29T00:00:00,0.0,18.9,1.1
1960-03-30T00:00:00,0.0,13.3,-5.6
1960-03-31T00:00:00,0.0,21.1,2.8
1960-04-01T00:00:00,0.0,13.3,-5.6
1960-04-02T00:00:00,0.0,11.7,-9.4
1960-04-03T00:00:00,0.0,10.0,-10.0
1960-04-04T00:00:00,0.0,16.1,-5.0
1960-04-05T00:00:00,0.0,21.1,-6.1
1960-04-06T00:00:00,0.0,22.8,-1.7
1960-04-07T00:00:00,0.0,24.4,-2.2
1960-04-08T00:00:00,0.0,25.0,2.8
1960-04-09T00:00:00,0.0,21.7,-2.2
1960-04-10T00:00:00,0.0,23.3,0.0
1960-04-11T00:00:00,0.0,26.7,1.7
1960-04-12T00:00:00,0.0,25.6,7.8
1960-04-13T00:00:00,0.0,20.6,-2.2
1960-04-14T00:00:00,0.0,18.3,-6.7
1960-04-15T00:00:00,0.0,22.8,2.8
1960-04-16T00:00:00,0.0,24.4,-2.2
1960-04-17T00:00:00,0.0,21.7,-3.9
1960-04-18T00:00:00,0.0,13.9,-6.7
1960-04-19T00:00:00,0.0,22.8,-1.1
1960-04-20T00:00:00,0.0,25.6,5.6
1960-04-21T00:00:00,0.0,26.7,2.2
1960-04-22T00:00:00,0.0,25.0,-1.7
1960-04-23T00:00:00,0.0,22.2,-1.7
1960-04-24T00:00:00,0.0,22.8,0.6
1960-04-25T00:00:00,0.0,14.4,-6.7
1960-04-26T00:00:00,0.0,16.1,-6.1
1960-04-27T00:00:00,0.0,18.9,-1.7
1960-04-28T00:00:00,0.0,18.3,0.0
1960-04-29T00:00:00,0.0,20.0,-1.1
1960-04-30T00:00:00,0.0,13.9,-8.3
1960-05-01T00:00:00,0.5,12.2,-2.8
1960-05-02T00:00:00,0.0,17.2,-5.0
1960-05-03T00:00:00,0.0,20.6,0.0
1960-05-04T00:00:00,0.8,21.1,5.6
1960-05-05T00:00:00,3.6,13.9,1.7
1960-05-06T00:00:00,1.0,13.3,-1.1
1960-05-07T00:00:00,0.0,18.3,-2.8
1960-05-08T00:00:00,0.0,22.8,1.1
1960-05-09T00:00:00,0.0,25.0,0.0
1960-05-10T00:00:00,0.0,26.7,4.4
1960-05-11T00:00:00,0.0,26.1,8.9
1960-05-12T00:00:00,0.0,24.4,1.1
1960-05-13T00:00:00,0.0,29.4,9.4
1960-05-14T00:00:00,0.0,27.8,7.2
1960-05-15T00:00:00,0.0,28.3,4.4
1960-05-16T00:00:00,0.0,28.3,1.7
1960-05-17T00:00:00,0.0,25.6,1.7
1960-05-18T00:00:00,0.0,26.1,3.9
1960-05-19T00:00:00,0.0,23.3,3.9
1960-05-20T00:00:00,0.0,12.8,-5.0
1960-05-21T00:00:00,0.0,21.1,-2.2
1960-05-22T00:00:00,0.0,26.1,2.8
1960-05-23T00:00:00,0.0,25.6,-1.1
1960-05-24T00:00:00,0.0,25.0,0.6
1960-05-25T00:00:00,0.0,23.9,0.0
1960-05-26T00:00:00,0.0,22.8,2.8
1960-05-27T00:00:00,0.0,26.1,1.7
1960-05-28T00:00:00,0.0,28.3,1.7
1960-05-29T00:00:00,0.0,29.4,5.0
1960-05-30T00:00:00,1.3,23.3,3.3
1960-05-31T00:00:00,0.0,25.6,2.8
1960-06-01T00:00:00,0.0,26.1,2.2
1960-06-02T00:00:00,0.0,30.0,4.4
1960-06-03T00:00:00,0.0,30.0,8.9
1960-06-04T00:00:00,0.0,28.3,4.4
1960-06-05T00:00:00,0.0,31.7,10.6
1960-06-06T00:00:00,0.0,30.0,3.3
1960-06-07T00:00:00,7.1,25.6,6.7
1960-06-08T00:00:00,0.0,23.9,6.7
1960-06-09T00:00:00,0.0,27.2,1.7
1960-06-10T00:00:00,33.3,19.4,5.0
1960-06-11T00:00:00,31.0,17.2,5.0
1960-06-12T00:00:00,0.0,22.2,6.1
1960-06-13T00:00:00,0.0,26.1,6.1
1960-06-14T00:00:00,0.0,29.4,6.1
1960-06-15T00:00:00,0.0,30.6,5.6
1960-06-16T00:00:00,0.0,31.1,12.8
1960-06-17T00:00:00,0.0,31.1,8.3
1960-06-18T00:00:00,0.0,32.8,11.1
1960-06-19T00:00:00,0.0,32.8,12.8
1960-06-20T00:00:00,0.0,33.9,11.1
1960-06-21T00:00:00,0.0,34.4,11.1
1960-06-22T00:00:00,0.0,35.0,11.1
1960-06-23T00:00:00,0.0,33.3,10.6
1960-06-24T00:00:00,0.0,32.8,10.0
1960-06-25T00:00:00,0.0,30.0,11.7
1960-06-26T00:00:00,0.0,31.1,10.0
1960-06-27T00:00:00,0.0,30.6,9.4
1960-06-28T00:00:00,0.0,33.9,7.8
1960-06-29T00:00:00,0.0,35.0,7.2
1960-06-30T00:00:00,0.0,35.0,10.0
1960-07-01T00:00:00,0.0,35.0,15.6
1960-07-02T00:00:00,0.0,32.8,8.9
1960-07-03T00:00:00,0.0,35.0,14.4
1960-07-04T00:00:00,4.3,30.6,11.1
1960-07-05T00:00:00,1.0,26.7,8.9
1960-07-06T00:00:00,9.7,23.9,10.6
1960-07-07T00:00:00,0.0,18.9,11.7
1960-07-08T00:00:00,0.0,21.7,11.1
1960-07-09T00:00:00,0.0,22.8,10.0
1960-07-10T00:00:00,0.0,28.3,11.1
1960-07-11T00:00:00,0.0,31.1,10.6
1960-07-12T00:00:00,0.0,31.7,7.2
1960-07-13T00:00:00,1.3,31.1,7.2
1960-07-14T00:00:00,0.0,26.7,6.7
1960-07-15T00:00:00,4.3,26.7,6.7
1960-07-16T00:00:00,1.0,28.9,7.8
1960-07-17T00:00:00,0.0,30.0,7.2
1960-07-18T00:00:00,0.0,31.7,7.2
1960-07-19T00:00:00,0.0,27.8,4.4
1960-07-20T00:00:00,0.0,27.8,6.1
1960-07-21T00:00:00,0.0,28.9,6.7
1960-07-22T00:00:00,0.0,32.2,8.9
1960-07-23T00:00:00,1.8,33.3,9.4
1960-07-24T00:00:00,0.0,32.8,10.0
1960-07-25T00:00:00,0.8,33.3,8.9
1960-07-26T00:00:00,0.0,30.6,8.9
1960-07-27T00:00:00,0.0,31.7,9.4
1960-07-28T00:00:00,0.0,35.0,8.3
1960-07-29T00:00:00,0.0,35.6,15.0
1960-07-30T00:00:00,0.0,36.7,13.9
1960-07-31T00:00:00,0.0,30.0,10.0
1960-08-01T00:00:00,0.0,32.2,10.6
1960-08-02T00:00:00,0.0,33.9,12.2
1960-08-03T00:00:00,0.0,35.0,11.1
1960-08-04T00:00:00,0.0,32.8,10.0
1960-08-05T00:00:00,0.5,30.6,8.9
1960-08-06T00:00:00,0.0,32.2,10.0
1960-08-07T00:00:00,0.0,33.3,9.4
1960-08-08T00:00:00,4.8,33.3,10.6
1960-08-09T00:00:00,0.0,32.2,11.7
1960-08-10T00:00:00,0.0,30.0,10.6
1960-08-11T00:00:00,0.0,25.0,8.3
1960-08-12T00:00:00,1.8,28.9,5.6
1960-08-13T00:00:00,0.0,30.0,5.6
1960-08-14T00:00:00,0.0,33.9,10.0
1960-08-15T00:00:00,2.3,30.0,8.3
1960-08-16T00:00:00,15.0,28.9,9.4
1960-08-17T00:00:00,0.0,26.7,10.6
1960-08-18T00:00:00,0.0,28.9,6.1
1960-08-19T00:00:00,0.0,27.8,8.3
1960-08-20T00:00:00,0.0,31.1,7.2
1960-08-21T00:00:00,0.0,32.2,9.4
1960-08-22T00:00:00,0.0,32.2,9.4
1960-08-23T00:00:00,3.0,28.9,9.4
1960-08-24T00:00:00,0.0,27.8,6.7
1960-08-25T00:00:00,0.0,30.6,11.1
1960-08-26T00:00:00,0.0,30.0,6.1
1960-08-27T00:00:00,0.0,31.7,9.4
1960-08-28T00:00:00,0.0,31.7,6.1
1960-08-29T00:00:00,0.0,31.1,6.1
1960-08-30T00:00:00,0.0,33.3,9.4
1960-08-31T00:00:00,0.0,31.1,8.9
1960-09-01T00:00:00,0.0,30.0,10.0
1960-09-02T00:00:00,0.0,30.0,7.8
1960-09-03T00:00:00,0.0,30.0,7.2
1960-09-04T00:00:00,0.0,30.6,7.2
1960-09-05T00:00:00,0.0,30.0,6.7
1960-09-06T00:00:00,0.0,28.9,7.8
1960-09-07T00:00:00,0.0,31.1,8.9
1960-09-08T00:00:00,1.8,28.9,7.2
1960-09-09T00:00:00,0.0,31.1,10.6
1960-09-10T00:00:00,0.3,22.2,8.9
1960-09-11T00:00:00,0.0,26.1,3.3
1960-09-12T00:00:00,0.0,30.6,6.7
1960-09-13T00:00:00,0.0,28.9,5.6
1960-09-14T00:00:00,0.0,30.6,10.0
1960-09-15T00:00:00,0.0,29.4,5.6
1960-09-16T00:00:00,0.0,28.3,6.1
1960-09-17T00:00:00,0.0,28.9,7.8
1960-09-18T00:00:00,0.0,29.4,10.0
1960-09-19T00:00:00,1.3,25.0,2.2
1960-09-20T00:00:00,0.0,28.3,2.8
1960-09-21T00:00:00,0.0,25.6,1.7
1960-09-22T00:00:00,0.0,27.8,6.1
1960-09-23T00:00:00,3.8,23.3,1.1
1960-09-24T00:00:00,0.0,21.7,-2.2
1960-09-25T00:00:00,0.0,23.9,-0.6
1960-09-26T00:00:00,0.0,26.1,1.7
1960-09-27T00:00:00,0.0,27.2,2.2
1960-09-28T00:00:00,0.0,25.6,0.0
1960-09-29T00:00:00,0.0,26.7,1.7
1960-09-30T00:00:00,0.0,27.8,6.7
1960-10-01T00:00:00,8.1,22.8,3.9
1960-10-02T00:00:00,0.5,20.0,1.1
1960-10-03T00:00:00,0.0,21.7,3.3
1960-10-04T00:00:00,0.0,22.8,-0.6
1960-10-05T00:00:00,0.0,23.3,1.1
1960-10-06T00:00:00,0.0,24.4,-0.6
1960-10-07T00:00:00,0.0,26.1,-1.1
1960-10-08T00:00:00,0.0,25.6,-0.6
1960-10-09T00:00:00,0.0,26.1,3.3
1960-10-10T00:00:00,2.8,17.2,4.4
1960-10-11T00:00:00,0.0,21.7,1.1
1960-10-12T00:00:00,0.0,22.8,-2.2
1960-10-13T00:00:00,0.0,20.0,-1.1
1960-10-14T00:00:00,0.0,20.0,-4.4
1960-10-15T00:00:00,2.3,19.4,-1.1
1960-10-16T00:00:00,3.6,6.1,0.0
1960-10-17T00:00:00,27.9,6.7,2.2
1960-10-18T00:00:00,5.3,10.0,-2.8
1960-10-19T00:00:00,1.8,7.8,-1.1
1960-10-20T00:00:00,0.0,10.6,-4.4
1960-10-21T00:00:00,0.0,14.4,-3.3
1960-10-22T00:00:00,0.0,17.8,-2.2
1960-10-23T00:00:00,0.0,18.9,-2.8
1960-10-24T00:00:00,0.0,23.3,-2.2
1960-10-25T00:00:00,0.0,18.9,-2.2
1960-10-26T00:00:00,0.0,20.0,-2.8
1960-10-27T00:00:00,0.0,20.6,2.2
1960-10-28T00:00:00,0.0,19.4,0.6
1960-10-29T00:00:00,0.0,17.8,2.2
1960-10-30T00:00:00,0.0,15.6,-4.4
1960-10-31T00:00:00,0.0,10.0,-3.9
1960-11-01T00:00:00,0.0,15.6,-2.2
1960-11-02T00:00:00,0.0,17.8,-3.3
1960-11-03T00:00:00,0.0,18.9,-1.7
1960-11-04T00:00:00,0.0,20.0,0.0
1960-11-05T00:00:00,0.0,18.3,0.0
1960-11-06T00:00:00,0.0,10.0,-0.6
1960-11-07T00:00:00,0.0,12.8,2.8
1960-11-08T00:00:00,2.5,16.1,0.0
1960-11-09T00:00:00,0.0,10.0,-5.0
1960-11-10T00:00:00,0.0,6.1,-9.4
1960-11-11T00:00:00,0.0,12.2,-7.8
1960-11-12T00:00:00,0.0,12.8,-6.1
1960-11-13T00:00:00,0.0,13.9,-5.0
1960-11-14T00:00:00,0.0,15.6,0.0
1960-11-15T00:00:00,0.0,14.4,-0.6
1960-11-16T00:00:00,0.0,7.8,-5.0
1960-11-17T00:00:00,0.0,11.7,-6.1
1960-11-18T00:00:00,0.0,12.2,-11.1
1960-11-19T00:00:00,0.0,13.3,-10.6
1960-11-20T00:00:00,0.0,15.0,-9.4
1960-11-21T00:00:00,0.0,12.2,-10.0
1960-11-22T00:00:00,0.0,12.8,-5.6
1960-11-23T00:00:00,0.0,14.4,-11.1
1960-11-24T00:00:00,0.0,13.9,-8.3
1960-11-25T00:00:00,0.0,15.0,-6.7
1960-11-26T00:00:00,0.0,17.2,-2.8
1960-11-27T00:00:00,0.0,16.7,0.0
1960-11-28T00:00:00,0.0,10.6,-5.0
1960-11-29T00:00:00,0.0,6.7,-14.4
1960-11-30T00:00:00,0.0,11.7,-11.7
1960-12-01T00:00:00,0.0,13.9,-8.3
1960-12-02T00:00:00,0.0,11.7,-7.8
1960-12-03T00:00:00,0.0,13.9,-1.7
1960-12-04T00:00:00,7.4,10.6,-3.9
1960-12-05T00:00:00,0.0,3.9,-5.6
1960-12-06T00:00:00,0.0,3.3,-8.3
1960-12-07T00:00:00,1.5,-5.0,-7.8
1960-12-08T00:00:00,0.0,-2.2,-5.0
1960-12-09T00:00:00,14.5,-2.2,-7.8
1960-12-10T00:00:00,0.0,0.6,-22.2
1960-12-11T00:00:00,0.0,-4.4,-17.8
1960-12-12T00:00:00,0.0,2.8,-13.9
1960-12-13T00:00:00,4.1,2.8,-6.7
1960-12-14T00:00:00,1.8,1.1,-7.8
1960-12-15T00:00:00,0.0,0.0,-12.8
1960-12-16T00:00:00,0.0,-0.6,-17.2
1960-12-17T00:00:00,0.0,-0.6,-16.7
1960-12-18T00:00:00,0.0,2.2,-9.4
1960-12-19T00:00:00,0.0,5.0,-11.1
1960-12-20T00:00:00,0.0,8.3,-9.4
1960-12-21T00:00:00,0.0,4.4,-12.2
1960-12-22T00:00:00,0.0,1.1,-13.9
1960-12-23T00:00:00,0.0,1.7,-11.7
1960-12-24T00:00:00,0.0,3.9,-10.6
1960-12-25T00:00:00,0.0,6.1,-10.0
1960-12-26T00:00:00,0.0,6.1,-10.6
1960-12-27T00:00:00,0.0,3.3,-12.2
1960-12-28T00:00:00,0.0,4.4,-10.0
1960-12-29T00:00:00,0.0,-4.4,-12.8
1960-12-30T00:00:00,0.0,2.8,-12.2
1960-12-31T00:00:00,0.0,-0.6,-13.9
1961-01-01T00:00:00,0.0,2.8,-11.7
1961-01-02T00:00:00,0.0,1.7,-17.8
1961-01-03T00:00:00,0.0,0.6,-16.7
1961-01-04T00:00:00,0.0,1.7,-15.6
1961-01-05T00:00:00,0.0,1.7,-13.3
1961-01-06T00:00:00,0.0,2.2,-12.8
1961-01-07T00:00:00,0.0,3.3,-12.8
1961-01-08T00:00:00,0.0,7.2,-12.8
1961-01-09T00:00:00,0.0,6.1,-11.1
1961-01-10T00:00:00,0.0,6.1,-11.1
1961-01-11T00:00:00,0.0,5.6,-10.6
1961-01-12T00:00:00,0.0,5.0,-11.7
1961-01-13T00:00:00,0.0,6.7,-9.4
1961-01-14T00:00:00,0.0,5.0,-10.6
1961-01-15T00:00:00,0.0,4.4,-9.4
1961-01-16T00:00:00,0.0,6.1,-9.4
1961-01-17T00:00:00,0.0,8.3,-9.4
1961-01-18T00:00:00,0.0,11.1,-7.8
1961-01-19T00:00:00,0.0,9.4,-10.6
1961-01-20T00:00:00,0.0,1.7,-12.2
1961-01-21T00:00:00,0.0,6.1,-13.9
1961-01-22T00:00:00,0.0,6.1,-10.6
1961-01-23T00:00:00,0.0,7.2,-10.6
1961-01-24T00:00:00,0.0,8.9,-7.8
1961-01-25T00:00:00,0.0,4.4,-11.7
1961-01-26T00:00:00,0.0,6.7,-8.9
1961-01-27T00:00:00,6.9,8.3,-11.7
1961-01-28T00:00:00,4.6,-6.7,-12.8
1961-01-29T00:00:00,0.0,1.1,-13.3
1961-01-30T00:00:00,0.0,1.1,-11.1
1961-01-31T00:00:00,0.0,7.2,-8.3
1961-02-01T00:00:00,0.0,5.6,-8.3
1961-02-02T00:00:00,0.0,6.1,-9.4
1961-02-03T00:00:00,0.0,6.1,-7.2
1961-02-04T00:00:00,0.0,9.4,-4.4
1961-02-05T00:00:00,3.6,2.2,-16.1
1961-02-06T00:00:00,0.0,2.2,-13.9
1961-02-07T00:00:00,0.0,2.2,-9.4
1961-02-08T00:00:00,0.0,3.3,-7.8
1961-02-09T00:00:00,0.0,6.1,-2.8
1961-02-10T00:00:00,0.0,8.3,-3.9
1961-02-11T00:00:00,0.0,12.2,-1.7
1961-02-12T00:00:00,0.0,16.1,-2.2
1961-02-13T00:00:00,0.0,15.0,-2.2
1961-02-14T00:00:00,0.0,13.9,-5.0
1961-02-15T00:00:00,0.0,14.4,-5.6
1961-02-16T00:00:00,0.0,16.1,-3.9
1961-02-17T00:00:00,0.0,16.1,-3.9
1961-02-18T00:00:00,0.0,8.3,-5.0
1961-02-19T00:00:00,0.0,8.9,-6.7
1961-02-20T00:00:00,0.0,4.4,-10.6
1961-02-21T00:00:00,0.0,10.0,-10.0
1961-02-22T00:00:00,0.0,11.7,-6.1
1961-02-23T00:00:00,0.8,13.3,-2.8
1961-02-24T00:00:00,0.0,2.8,-12.8
1961-02-25T00:00:00,0.0,4.4,-7.8
1961-02-26T00:00:00,0.0,12.8,-5.0
1961-02-27T00:00:00,1.8,14.4,-8.9
1961-02-28T00:00:00,0.0,0.6,-7.8
1961-03-01T00:00:00,0.0,5.6,-10.6
1961-03-02T00:00:00,0.0,8.9,-6.1
1961-03-03T00:00:00,0.0,17.2,0.0
1961-03-04T00:00:00,0.0,16.1,-3.9
1961-03-05T00:00:00,7.6,13.3,-1.7
1961-03-06T00:00:00,0.0,8.3,-7.8
1961-03-07T00:00:00,0.0,11.7,-10.0
1961-03-08T00:00:00,0.0,11.1,-11.1
1961-03-09T00:00:00,0.0,14.4,-7.2
1961-03-10T00:00:00,0.0,17.8,-3.3
1961-03-11T00:00:00,0.0,16.1,-1.1
1961-03-12T00:00:00,0.0,13.9,-3.9
1961-03-13T00:00:00,0.0,15.6,-5.0
1961-03-14T00:00:00,0.0,20.0,-2.2
1961-03-15T00:00:00,0.0,20.0,-1.1
1961-03-16T00:00:00,0.0,20.0,-1.7
1961-03-17T00:00:00,3.3,4.4,0.6
1961-03-18T00:00:00,0.0,12.8,-2.8
1961-03-19T00:00:00,5.3,9.4,-3.9
1961-03-20T00:00:00,1.0,2.2,-5.6
1961-03-21T00:00:00,0.0,12.8,-3.9
1961-03-22T00:00:00,0.0,16.1,-3.3
1961-03-23T00:00:00,0.0,18.3,-2.2
1961-03-24T00:00:00,0.0,20.6,1.7
1961-03-25T00:00:00,0.0,16.7,-0.6
1961-03-26T00:00:00,1.0,13.3,-3.9
1961-03-27T00:00:00,0.0,8.3,-2.8
1961-03-28T00:00:00,0.0,15.6,-4.4
1961-03-29T00:00:00,0.0,15.6,-5.0
1961-03-30T00:00:00,4.8,1.7,-5.6
1961-03-31T00:00:00,0.0,6.7,-5.6
1961-04-01T00:00:00,0.0,11.7,-5.0
1961-04-02T00:00:00,0.0,13.9,-5.6
1961-04-03T00:00:00,0.0,18.9,-3.3
1961-04-04T00:00:00,0.0,21.7,3.3
1961-04-05T00:00:00,1.3,24.4,0.0
1961-04-06T00:00:00,9.7,1.7,-3.9
1961-04-07T00:00:00,4.3,10.6,-2.2
1961-04-08T00:00:00,4.1,4.4,-0.6
1961-04-09T00:00:00,0.0,3.3,-3.9
1961-04-10T00:00:00,0.0,13.3,-3.3
1961-04-11T00:00:00,0.0,18.3,-1.7
1961-04-12T00:00:00,0.0,11.7,-3.9
1961-04-13T00:00:00,0.0,17.2,0.0
1961-04-14T00:00:00,0.0,17.2,-0.6
1961-04-15T00:00:00,0.0,15.6,-11.1
1961-04-16T00:00:00,0.0,13.3,-3.3
1961-04-17T00:00:00,0.0,17.8,-2.8
1961-04-18T00:00:00,0.0,20.0,-1.7
1961-04-19T00:00:00,0.0,23.9,0.6
1961-04-20T00:00:00,0.0,24.4,4.4
1961-04-21T00:00:00,0.0,22.8,1.1
1961-04-22T00:00:00,0.0,24.4,-2.2
1961-04-23T00:00:00,0.0,25.0,2.8
1961-04-24T00:00:00,0.0,24.4,3.9
1961-04-25T00:00:00,0.0,18.3,-6.1
1961-04-26T00:00:00,0.0,15.0,-1.7
1961-04-27T00:00:00,0.0,15.6,-3.9
1961-04-28T00:00:00,0.0,18.9,-5.0
1961-04-29T00:00:00,0.0,21.7,-1.1
1961-04-30T00:00:00,0.0,22.2,-0.6
1961-05-01T00:00:00,0.0,25.6,0.6
1961-05-02T00:00:00,0.0,24.4,5.6
1961-05-03T00:00:00,0.0,25.6,1.7
1961-05-04T00:00:00,0.0,26.7,1.7
1961-05-05T00:00:00,0.0,21.1,0.6
1961-05-06T00:00:00,0.0,17.8,-5.0
1961-05-07T00:00:00,0.0,21.1,-3.9
1961-05-08T00:00:00,0.0,18.9,-2.8
1961-05-09T00:00:00,0.0,20.0,-1.1
1961-05-10T00:00:00,0.0,24.4,0.0
1961-05-11T00:00:00,0.0,28.3,4.4
1961-05-12T00:00:00,0.0,28.9,7.8
1961-05-13T00:00:00,0.0,27.8,0.6
1961-05-14T00:00:00,0.0,13.3,0.6
1961-05-15T00:00:00,0.0,20.0,0.0
1961-05-16T00:00:00,0.0,23.9,-1.1
1961-05-17T00:00:00,0.0,26.1,4.4
1961-05-18T00:00:00,0.0,26.1,7.2
1961-05-19T00:00:00,0.0,28.3,3.3
1961-05-20T00:00:00,0.0,29.4,8.3
1961-05-21T00:00:00,0.0,28.9,4.4
1961-05-22T00:00:00,0.0,26.7,2.8
1961-05-23T00:00:00,0.0,27.2,9.4
1961-05-24T00:00:00,0.0,27.2,6.1
1961-05-25T00:00:00,0.0,24.4,3.9
1961-05-26T00:00:00,0.8,25.6,7.8
1961-05-27T00:00:00,0.0,21.1,4.4
1961-05-28T00:00:00,1.5,27.2,4.4
1961-05-29T00:00:00,0.0,27.8,2.8
1961-05-30T00:00:00,0.0,27.8,3.3
1961-05-31T00:00:00,0.0,30.6,5.6
1961-06-01T00:00:00,0.0,29.4,2.8
1961-06-02T00:00:00,0.0,30.0,7.2
1961-06-03T00:00:00,0.0,29.4,2.8
1961-06-04T00:00:00,0.0,27.2,1.7
1961-06-05T00:00:00,0.0,27.8,4.4
1961-06-06T00:00:00,0.0,29.4,8.3
1961-06-07T00:00:00,0.0,30.0,7.8
1961-06-08T00:00:00,0.0,30.6,5.6
1961-06-09T00:00:00,0.0,30.6,6.1
1961-06-10T00:00:00,0.0,32.2,7.8
1961-06-11T00:00:00,0.8,33.9,13.9
1961-06-12T00:00:00,0.0,32.8,11.1
1961-06-13T00:00:00,0.0,32.2,6.1
1961-06-14T00:00:00,0.0,32.8,13.3
1961-06-15T00:00:00,13.0,27.2,10.6
1961-06-16T00:00:00,0.5,17.2,8.3
1961-06-17T00:00:00,0.0,22.8,9.4
1961-06-18T00:00:00,0.0,29.4,12.2
1961-06-19T00:00:00,0.0,30.6,7.8
1961-06-20T00:00:00,1.0,31.7,9.4
1961-06-21T00:00:00,0.0,28.3,8.3
1961-06-22T00:00:00,0.0,31.7,9.4
1961-06-23T00:00:00,0.0,35.0,10.0
1961-06-24T00:00:00,5.1,33.3,10.0
1961-06-25T00:00:00,0.0,33.3,9.4
1961-06-26T00:00:00,0.0,31.7,12.8
1961-06-27T00:00:00,0.0,32.8,8.9
1961-06-28T00:00:00,0.0,33.3,8.9
1961-06-29T00:00:00,0.0,33.9,10.0
1961-06-30T00:00:00,0.0,33.3,9.4
1961-07-01T00:00:00,2.8,32.8,9.4
1961-07-02T00:00:00,2.3,31.7,12.2
1961-07-03T00:00:00,0.0,26.1,11.1
1961-07-04T00:00:00,0.0,28.9,11.1
1961-07-05T00:00:00,0.0,30.0,11.1
1961-07-06T00:00:00,0.0,31.7,15.0
1961-07-07T00:00:00,8.9,32.2,12.2
1961-07-08T00:00:00,0.0,30.0,12.2
1961-07-09T00:00:00,5.3,27.8,10.0
1961-07-10T00:00:00,2.0,27.8,11.1
1961-07-11T00:00:00,0.0,31.1,11.1
1961-07-12T00:00:00,0.0,30.6,12.8
1961-07-13T00:00:00,0.0,27.8,12.8
1961-07-14T00:00:00,0.0,33.3,12.8
1961-07-15T00:00:00,0.5,32.8,8.9
1961-07-16T00:00:00,0.0,32.2,8.3
1961-07-17T00:00:00,0.0,33.3,10.6
1961-07-18T00:00:00,0.0,34.4,12.2
1961-07-19T00:00:00,0.0,35.0,11.1
1961-07-20T00:00:00,0.0,34.4,11.7
1961-07-21T00:00:00,0.0,33.9,11.7
1961-07-22T00:00:00,0.0,30.6,4.4
1961-07-23T00:00:00,0.0,28.9,8.3
1961-07-24T00:00:00,0.0,32.8,9.4
1961-07-25T00:00:00,0.0,32.8,11.1
1961-07-26T00:00:00,0.0,32.8,8.9
1961-07-27T00:00:00,0.0,32.2,11.7
1961-07-28T00:00:00,7.4,32.8,9.4
1961-07-29T00:00:00,0.0,32.2,8.9
1961-07-30T00:00:00,0.0,32.2,10.0
1961-07-31T00:00:00,0.0,33.3,10.6
1961-08-01T00:00:00,0.0,32.8,11.7
1961-08-02T00:00:00,15.7,29.4,11.1
1961-08-03T00:00:00,3.3,27.8,11.7
1961-08-04T00:00:00,0.0,29.4,10.6
1961-08-05T00:00:00,0.0,29.4,10.6
1961-08-06T00:00:00,0.0,32.2,10.0
1961-08-07T00:00:00,0.0,32.2,10.6
1961-08-08T00:00:00,0.0,35.0,12.8
1961-08-09T00:00:00,0.0,33.9,12.2
1961-08-10T00:00:00,1.0,33.9,11.7
1961-08-11T00:00:00,0.0,32.2,12.2
1961-08-12T00:00:00,20.1,31.7,11.7
1961-08-13T00:00:00,16.3,22.2,11.7
1961-08-14T00:00:00,9.1,18.9,11.1
1961-08-15T00:00:00,1.3,22.2,11.7
1961-08-16T00:00:00,3.8,24.4,11.1
1961-08-17T00:00:00,7.1,23.9,11.1
1961-08-18T00:00:00,0.0,23.9,9.4
1961-08-19T00:00:00,26.9,27.8,11.7
1961-08-20T00:00:00,0.0,23.9,10.6
1961-08-21T00:00:00,0.0,25.0,8.9
1961-08-22T00:00:00,0.0,28.9,11.1
1961-08-23T00:00:00,1.5,27.2,11.1
1961-08-24T00:00:00,0.0,27.2,10.0
1961-08-25T00:00:00,0.5,28.3,10.6
1961-08-26T00:00:00,1.8,28.9,8.9
1961-08-27T00:00:00,0.0,28.9,9.4
1961-08-28T00:00:00,0.0,28.9,10.0
1961-08-29T00:00:00,0.0,28.3,7.2
1961-08-30T00:00:00,0.0,26.7,8.3
1961-08-31T00:00:00,0.0,25.0,5.0
1961-09-01T00:00:00,0.0,25.6,6.7
1961-09-02T00:00:00,0.0,26.7,10.0
1961-09-03T00:00:00,6.4,27.2,4.4
1961-09-04T00:00:00,7.4,14.4,1.1
1961-09-05T00:00:00,0.0,18.3,-0.6
1961-09-06T00:00:00,0.0,24.4,3.3
1961-09-07T00:00:00,2.8,19.4,6.1
1961-09-08T00:00:00,0.0,25.6,6.1
1961-09-09T00:00:00,5.6,25.6,8.9
1961-09-10T00:00:00,3.3,23.9,10.6
1961-09-11T00:00:00,0.0,24.4,9.4
1961-09-12T00:00:00,2.8,24.4,7.2
1961-09-13T00:00:00,0.0,25.0,8.3
1961-09-14T00:00:00,1.3,23.9,8.3
1961-09-15T00:00:00,0.0,16.7,3.9
1961-09-16T00:00:00,0.0,21.7,3.9
1961-09-17T00:00:00,0.0,23.9,2.8
1961-09-18T00:00:00,0.0,27.2,6.1
1961-09-19T00:00:00,11.7,26.7,8.9
1961-09-20T00:00:00,0.0,21.7,5.0
1961-09-21T00:00:00,0.0,18.3,3.3
1961-09-22T00:00:00,0.0,21.7,5.0
1961-09-23T00:00:00,0.0,23.9,5.6
1961-09-24T00:00:00,0.0,22.2,3.3
1961-09-25T00:00:00,0.0,21.7,1.7
1961-09-26T00:00:00,0.0,21.7,1.1
1961-09-27T00:00:00,0.0,23.9,0.6
1961-09-28T00:00:00,0.0,25.6,0.0
1961-09-29T00:00:00,0.0,26.1,3.9
1961-09-30T00:00:00,0.0,26.7,3.9
1961-10-01T00:00:00,0.0,22.2,-2.8
1961-10-02T00:00:00,0.0,23.3,-5.0
1961-10-03T00:00:00,0.0,17.8,-5.6
1961-10-04T00:00:00,0.0,21.7,-5.6
1961-10-05T00:00:00,0.0,23.3,-3.3
1961-10-06T00:00:00,0.0,23.9,-2.2
1961-10-07T00:00:00,0.0,25.0,2.8
1961-10-08T00:00:00,0.0,25.0,1.1
1961-10-09T00:00:00,0.8,21.7,7.2
1961-10-10T00:00:00,0.0,20.6,-3.9
1961-10-11T00:00:00,0.0,13.3,-1.7
1961-10-12T00:00:00,0.0,21.7,-4.4
1961-10-13T00:00:00,0.0,22.2,-1.7
1961-10-14T00:00:00,0.0,21.1,-2.2
1961-10-15T00:00:00,0.0,20.6,-3.9
1961-10-16T00:00:00,0.0,22.8,-3.9
1961-10-17T00:00:00,0.0,24.4,-3.3
1961-10-18T00:00:00,0.0,23.3,0.0
1961-10-19T00:00:00,0.0,23.9,-3.3
1961-10-20T00:00:00,0.0,20.0,-3.3
1961-10-21T00:00:00,0.0,21.7,-2.2
1961-10-22T00:00:00,0.0,23.9,0.6
1961-10-23T00:00:00,0.0,21.1,-4.4
1961-10-24T00:00:00,0.0,18.3,-5.6
1961-10-25T00:00:00,0.0,18.9,-1.7
1961-10-26T00:00:00,0.0,13.3,-8.3
1961-10-27T00:00:00,0.0,18.3,0.0
1961-10-28T00:00:00,0.0,18.3,-0.6
1961-10-29T00:00:00,0.0,19.4,-1.1
1961-10-30T00:00:00,0.0,11.7,0.0
1961-10-31T00:00:00,1.3,9.4,2.2
1961-11-01T00:00:00,0.8,15.6,3.3
1961-11-02T00:00:00,0.0,14.4,-3.3
1961-11-03T00:00:00,0.0,8.3,-10.0
1961-11-04T00:00:00,0.0,10.0,-2.8
1961-11-05T00:00:00,0.0,13.3,-6.1
1961-11-06T00:00:00,0.5,-1.1,-7.8
1961-11-07T00:00:00,0.0,2.8,-7.8
1961-11-08T00:00:00,0.0,11.1,-1.1
1961-11-09T00:00:00,1.8,3.9,-1.7
1961-11-10T00:00:00,0.0,11.1,-5.0
1961-11-11T00:00:00,0.0,12.8,-4.4
1961-11-12T00:00:00,0.0,14.4,-3.3
1961-11-13T00:00:00,0.3,9.4,-5.0
1961-11-14T00:00:00,2.3,0.0,-7.2
1961-11-15T00:00:00,5.8,-0.6,-7.8
1961-11-16T00:00:00,0.0,2.2,-13.3
1961-11-17T00:00:00,0.0,0.6,-7.8
1961-11-18T00:00:00,0.3,3.9,-7.8
1961-11-19T00:00:00,0.0,4.4,-11.7
1961-11-20T00:00:00,0.0,8.3,-11.1
1961-11-21T00:00:00,0.0,10.6,-8.3
1961-11-22T00:00:00,1.3,10.6,-8.3
1961-11-23T00:00:00,0.0,5.0,-6.7
1961-11-24T00:00:00,0.0,10.6,-7.2
1961-11-25T00:00:00,0.0,12.8,-5.6
1961-11-26T00:00:00,0.0,14.4,1.1
1961-11-27T00:00:00,0.0,15.0,-7.8
1961-11-28T00:00:00,0.0,13.9,-4.4
1961-11-29T00:00:00,0.0,14.4,-8.3
1961-11-30T00:00:00,0.0,15.6,-1.7
1961-12-01T00:00:00,0.0,16.7,2.2
1961-12-02T00:00:00,0.0,15.6,-6.1
1961-12-03T00:00:00,0.0,16.7,-1.1
1961-12-04T00:00:00,0.0,12.8,-6.1
1961-12-05T00:00:00,0.0,10.0,-12.2
1961-12-06T00:00:00,0.0,9.4,-10.6
1961-12-07T00:00:00,0.0,7.8,-7.8
1961-12-08T00:00:00,0.0,7.2,-7.2
1961-12-09T00:00:00,0.8,6.1,-5.0
1961-12-10T00:00:00,2.0,6.1,-7.8
1961-12-11T00:00:00,1.5,5.6,-6.1
1961-12-12T00:00:00,0.0,5.6,-18.3
1961-12-13T00:00:00,0.0,-6.7,-16.1
1961-12-14T00:00:00,0.0,-1.7,-15.6
1961-12-15T00:00:00,2.8,3.3,-6.7
1961-12-16T00:00:00,6.1,1.7,-2.8
1961-12-17T00:00:00,0.0,2.2,-10.6
1961-12-18T00:00:00,0.0,-0.6,-11.7
1961-12-19T00:00:00,0.0,0.6,-11.7
1961-12-20T00:00:00,0.0,0.6,-12.2
1961-12-21T00:00:00,0.0,3.9,-10.0
1961-12-22T00:00:00,0.0,7.2,-6.7
1961-12-23T00:00:00,0.0,5.0,-11.1
1961-12-24T00:00:00,0.0,3.9,-10.6
1961-12-25T00:00:00,0.0,5.0,-10.6
1961-12-26T00:00:00,0.0,6.1,-8.3
1961-12-27T00:00:00,0.0,7.2,-11.1
1961-12-28T00:00:00,0.0,3.9,-14.4
1961-12-29T00:00:00,0.0,2.2,-9.4
1961-12-30T00:00:00,0.0,5.0,-7.8
1961-12-31T00:00:00,0.0,7.8,-10.6
1962-01-01T00:00:00,0.0,6.7,-10.6
1962-01-02T00:00:00,0.0,5.0,-9.4
1962-01-03T00:00:00,0.0,7.2,-12.2
1962-01-04T00:00:00,0.0,6.7,-9.4
1962-01-05T00:00:00,0.0,0.0,-13.3
1962-01-06T00:00:00,0.0,2.2,-9.4
1962-01-07T00:00:00,0.0,7.2,-3.9
1962-01-08T00:00:00,0.0,8.9,0.6
1962-01-09T00:00:00,0.0,10.0,-15.0
1962-01-10T00:00:00,0.5,-12.8,-20.6
1962-01-11T00:00:00,0.5,-13.9,-30.0
1962-01-12T00:00:00,0.0,-3.9,-20.6
1962-01-13T00:00:00,0.0,3.9,-15.6
1962-01-14T00:00:00,0.0,2.8,-15.0
1962-01-15T00:00:00,0.0,-2.2,-14.4
1962-01-16T00:00:00,0.0,2.8,-14.4
1962-01-17T00:00:00,0.0,2.8,-12.8
1962-01-18T00:00:00,0.0,4.4,-5.6
1962-01-19T00:00:00,0.0,7.2,-5.6
1962-01-20T00:00:00,0.0,9.4,-6.7
1962-01-21T00:00:00,0.0,11.7,-3.9
1962-01-22T00:00:00,0.0,12.2,-6.1
1962-01-23T00:00:00,0.0,8.9,-6.1
1962-01-24T00:00:00,0.0,4.4,-6.7
1962-01-25T00:00:00,2.5,7.8,-4.4
1962-01-26T00:00:00,0.8,5.0,-7.8
1962-01-27T00:00:00,0.0,5.0,-11.7
1962-01-28T00:00:00,0.0,6.7,-8.3
1962-01-29T00:00:00,0.0,11.7,-11.7
1962-01-30T00:00:00,0.0,11.1,-9.4
1962-01-31T00:00:00,0.0,12.2,-8.9
1962-02-01T00:00:00,0.0,13.3,-6.7
1962-02-02T00:00:00,0.0,15.6,-6.7
1962-02-03T00:00:00,0.0,14.4,-7.8
1962-02-04T00:00:00,0.0,15.0,-1.1
1962-02-05T00:00:00,0.0,12.8,-9.4
1962-02-06T00:00:00,0.0,12.8,-10.6
1962-02-07T00:00:00,0.0,15.0,-5.6
1962-02-08T00:00:00,0.0,12.8,2.2
1962-02-09T00:00:00,1.3,12.2,1.7
1962-02-10T00:00:00,0.0,13.3,-2.8
1962-02-11T00:00:00,0.0,18.3,-3.9
1962-02-12T00:00:00,0.0,21.1,-3.3
1962-02-13T00:00:00,0.0,18.3,1.1
1962-02-14T00:00:00,1.0,10.6,2.2
1962-02-15T00:00:00,0.5,10.6,-2.2
1962-02-16T00:00:00,0.0,12.8,-5.0
1962-02-17T00:00:00,0.0,13.3,-3.9
1962-02-18T00:00:00,0.0,6.1,-7.2
1962-02-19T00:00:00,0.0,7.2,-11.1
1962-02-20T00:00:00,0.0,11.7,-8.9
1962-02-21T00:00:00,0.0,9.4,-4.4
1962-02-22T00:00:00,0.0,6.7,-7.8
1962-02-23T00:00:00,0.0,10.0,-6.1
1962-02-24T00:00:00,0.0,10.0,-6.1
1962-02-25T00:00:00,0.0,12.8,-6.7
1962-02-26T00:00:00,0.0,11.1,-7.8
1962-02-27T00:00:00,0.0,8.3,-9.4
1962-02-28T00:00:00,0.5,5.6,-17.2
1962-03-01T00:00:00,0.0,6.7,-12.8
1962-03-02T00:00:00,0.0,9.4,-9.4
1962-03-03T00:00:00,0.0,11.1,-6.1
1962-03-04T00:00:00,0.0,7.2,-7.2
1962-03-05T00:00:00,0.0,8.9,-13.3
1962-03-06T00:00:00,0.0,12.2,-8.9
1962-03-07T00:00:00,0.0,14.4,-1.7
1962-03-08T00:00:00,1.0,11.1,-3.3
1962-03-09T00:00:00,0.0,6.7,-10.0
1962-03-10T00:00:00,0.0,7.2,-11.1
1962-03-11T00:00:00,0.0,2.8,-10.0
1962-03-12T00:00:00,0.0,2.2,-6.1
1962-03-13T00:00:00,0.0,3.3,-10.0
1962-03-14T00:00:00,0.0,-3.3,-10.0
1962-03-15T00:00:00,0.0,1.7,-14.4
1962-03-16T00:00:00,0.0,7.2,-14.4
1962-03-17T00:00:00,0.0,11.1,-10.6
1962-03-18T00:00:00,0.0,14.4,-12.8
1962-03-19T00:00:00,0.0,16.1,-11.1
1962-03-20T00:00:00,0.8,16.7,-2.8
1962-03-21T00:00:00,0.0,10.6,-6.7
1962-03-22T00:00:00,0.0,11.1,-5.0
1962-03-23T00:00:00,0.0,12.2,-7.8
1962-03-24T00:00:00,0.0,11.7,-4.4
1962-03-25T00:00:00,0.0,12.2,-11.1
1962-03-26T00:00:00,0.0,16.7,-5.0
1962-03-27T00:00:00,0.0,21.7,
1962-03-28T00:00:00,0.0,,
1962-03-29T00:00:00,0.0,,-4.4
1962-03-30T00:00:00,0.0,15.6,-2.2
1962-03-31T00:00:00,0.0,8.9,-9.4
1962-04-01T00:00:00,0.0,13.3,-10.0
1962-04-02T00:00:00,0.0,15.6,-5.6
1962-04-03T00:00:00,0.0,20.0,-3.3
1962-04-04T00:00:00,0.0,20.0,3.3
1962-04-05T00:00:00,0.0,17.2,1.7
1962-04-06T00:00:00,0.8,16.7,0.6
1962-04-07T00:00:00,0.0,13.3,-5.0
1962-04-08T00:00:00,0.0,19.4,4.4
1962-04-09T00:00:00,0.0,18.3,0.6
1962-04-10T00:00:00,0.0,21.7,0.0
1962-04-11T00:00:00,0.0,18.9,0.6
1962-04-12T00:00:00,0.0,17.8,-2.2
1962-04-13T00:00:00,0.0,20.6,-5.0
1962-04-14T00:00:00,0.0,23.9,-1.1
1962-04-15T00:00:00,0.0,26.1,3.9
1962-04-16T00:00:00,0.0,27.2,1.1
1962-04-17T00:00:00,0.0,27.8,1.7
1962-04-18T00:00:00,0.0,23.3,5.0
1962-04-19T00:00:00,0.0,26.1,2.8
1962-04-20T00:00:00,0.0,27.8,4.4
1962-04-21T00:00:00,0.0,25.6,-0.6
1962-04-22T00:00:00,0.0,20.6,-1.7
1962-04-23T00:00:00,0.0,15.6,-3.9
1962-04-24T00:00:00,0.0,19.4,-2.8
1962-04-25T00:00:00,0.0,25.6,-0.6
1962-04-26T00:00:00,0.0,25.0,2.8
1962-04-27T00:00:00,1.0,16.7,2.8
1962-04-28T00:00:00,0.0,21.1,3.9
1962-04-29T00:00:00,0.0,22.8,7.2
1962-04-30T00:00:00,0.0,22.2,0.0
1962-05-01T00:00:00,0.0,11.1,-9.4
1962-05-02T00:00:00,0.0,19.4,-3.9
1962-05-03T00:00:00,0.0,22.2,-2.2
1962-05-04T00:00:00,0.0,25.6,1.7
1962-05-05T00:00:00,0.0,27.8,5.6
1962-05-06T00:00:00,0.0,27.8,2.8
1962-05-07T00:00:00,0.0,29.4,3.9
1962-05-08T00:00:00,0.0,29.4,5.0
1962-05-09T00:00:00,0.0,28.3,5.6
1962-05-10T00:00:00,0.0,29.4,3.9
1962-05-11T00:00:00,0.0,28.9,4.4
1962-05-12T00:00:00,0.0,30.6,8.3
1962-05-13T00:00:00,0.0,30.0,0.0
1962-05-14T00:00:00,0.0,23.9,0.6
1962-05-15T00:00:00,0.0,24.4,1.1
1962-05-16T00:00:00,0.0,25.6,3.3
1962-05-17T00:00:00,0.0,21.1,-2.8
1962-05-18T00:00:00,0.0,25.0,0.6
1962-05-19T00:00:00,0.0,23.3,-0.6
1962-05-20T00:00:00,0.0,28.3,8.3
1962-05-21T00:00:00,0.0,25.6,3.9
1962-05-22T00:00:00,0.0,23.9,0.6
1962-05-23T00:00:00,0.0,21.1,-0.6
1962-05-24T00:00:00,0.0,27.2,2.8
1962-05-25T00:00:00,0.0,26.7,0.0
1962-05-26T00:00:00,0.0,26.7,3.9
1962-05-27T00:00:00,0.0,26.1,2.2
1962-05-28T00:00:00,0.0,23.9,3.9
1962-05-29T00:00:00,0.0,14.4,5.0
1962-05-30T00:00:00,0.0,22.2,3.9
1962-05-31T00:00:00,0.0,27.2,7.8
1962-06-01T00:00:00,0.0,23.3,1.1
1962-06-02T00:00:00,1.3,24.4,5.6
1962-06-03T00:00:00,1.8,23.3,2.2
1962-06-04T00:00:00,0.0,27.2,5.6
1962-06-05T00:00:00,0.0,28.3,2.8
1962-06-06T00:00:00,0.0,27.8,6.7
1962-06-07T00:00:00,0.0,27.2,3.3
1962-06-08T00:00:00,0.0,28.9,7.2
1962-06-09T00:00:00,2.8,23.3,5.6
1962-06-10T00:00:00,0.0,27.2,8.3
1962-06-11T00:00:00,0.0,27.8,7.2
1962-06-12T00:00:00,0.0,30.6,10.0
1962-06-13T00:00:00,0.0,30.0,11.7
1962-06-14T00:00:00,0.0,29.4,7.8
1962-06-15T00:00:00,0.0,31.1,8.3
1962-06-16T00:00:00,0.0,27.8,2.8
1962-06-17T00:00:00,0.0,25.6,1.7
1962-06-18T00:00:00,0.0,27.8,6.1
1962-06-19T00:00:00,0.0,31.1,9.4
1962-06-20T00:00:00,0.0,27.8,6.7
1962-06-21T00:00:00,0.0,33.3,8.9
1962-06-22T00:00:00,0.0,33.3,10.6
1962-06-23T00:00:00,0.0,33.3,8.9
1962-06-24T00:00:00,0.0,33.9,14.4
1962-06-25T00:00:00,0.0,33.3,11.1
1962-06-26T00:00:00,0.0,32.2,10.6
1962-06-27T00:00:00,1.0,32.2,6.1
1962-06-28T00:00:00,3.3,32.2,8.3
1962-06-29T00:00:00,0.0,32.8,10.6
1962-06-30T00:00:00,0.0,32.2,12.8
1962-07-01T00:00:00,3.3,29.4,8.9
1962-07-02T00:00:00,0.0,31.1,10.0
1962-07-03T00:00:00,1.5,31.7,10.0
1962-07-04T00:00:00,4.8,32.2,12.8
1962-07-05T00:00:00,1.0,32.2,13.9
1962-07-06T00:00:00,31.5,27.2,12.8
1962-07-07T00:00:00,0.0,26.7,13.9
1962-07-08T00:00:00,0.0,31.7,15.6
1962-07-09T00:00:00,20.3,29.4,12.2
1962-07-10T00:00:00,0.0,30.0,12.8
1962-07-11T00:00:00,0.0,32.2,14.4
1962-07-12T00:00:00,0.0,32.2,14.4
1962-07-13T00:00:00,0.5,27.2,11.1
1962-07-14T00:00:00,0.0,28.3,10.6
1962-07-15T00:00:00,0.0,27.8,6.1
1962-07-16T00:00:00,0.0,29.4,13.9
1962-07-17T00:00:00,1.3,28.9,13.3
1962-07-18T00:00:00,0.0,27.8,10.6
1962-07-19T00:00:00,0.0,28.9,11.1
1962-07-20T00:00:00,3.3,27.2,8.9
1962-07-21T00:00:00,0.0,30.0,11.1
1962-07-22T00:00:00,1.3,30.6,13.3
1962-07-23T00:00:00,0.0,30.6,13.9
1962-07-24T00:00:00,0.0,28.3,14.4
1962-07-25T00:00:00,3.0,30.6,12.8
1962-07-26T00:00:00,0.0,27.2,11.1
1962-07-27T00:00:00,0.0,30.0,11.1
1962-07-28T00:00:00,0.0,31.7,12.2
1962-07-29T00:00:00,0.0,28.3,11.7
1962-07-30T00:00:00,2.3,25.6,12.8
1962-07-31T00:00:00,10.7,25.6,12.2
1962-08-01T00:00:00,0.0,26.7,11.1
1962-08-02T00:00:00,0.0,27.8,9.4
1962-08-03T00:00:00,0.0,28.3,8.9
1962-08-04T00:00:00,0.5,30.0,11.1
1962-08-05T00:00:00,0.0,30.6,8.9
1962-08-06T00:00:00,0.0,30.6,10.0
1962-08-07T00:00:00,0.0,32.2,8.9
1962-08-08T00:00:00,0.0,34.4,10.6
1962-08-09T00:00:00,0.0,35.0,11.1
1962-08-10T00:00:00,0.0,35.6,11.1
1962-08-11T00:00:00,0.0,33.9,11.7
1962-08-12T00:00:00,0.0,32.2,12.2
1962-08-13T00:00:00,0.8,33.3,11.1
1962-08-14T00:00:00,0.0,32.8,10.0
1962-08-15T00:00:00,0.0,35.6,11.1
1962-08-16T00:00:00,0.0,35.6,11.7
1962-08-17T00:00:00,0.0,32.2,7.8
1962-08-18T00:00:00,0.0,31.7,10.0
1962-08-19T00:00:00,0.0,32.2,8.9
1962-08-20T00:00:00,0.0,32.2,8.9
1962-08-21T00:00:00,0.0,32.2,8.9
1962-08-22T00:00:00,0.0,31.1,9.4
1962-08-23T00:00:00,0.0,27.8,8.3
1962-08-24T00:00:00,0.0,30.0,8.9
1962-08-25T00:00:00,0.0,30.6,6.7
1962-08-26T00:00:00,0.0,30.0,8.3
1962-08-27T00:00:00,0.0,32.2,7.8
1962-08-28T00:00:00,0.0,32.8,8.9
1962-08-29T00:00:00,0.0,32.8,5.6
1962-08-30T00:00:00,0.0,33.3,13.3
1962-08-31T00:00:00,0.0,30.0,7.2
1962-09-01T00:00:00,0.0,26.7,11.7
1962-09-02T00:00:00,2.3,26.7,5.6
1962-09-03T00:00:00,0.0,27.8,7.2
1962-09-04T00:00:00,0.0,30.0,10.0
1962-09-05T00:00:00,0.0,31.1,10.0
1962-09-06T00:00:00,0.0,26.1,5.6
1962-09-07T00:00:00,1.5,25.6,5.6
1962-09-08T00:00:00,0.0,22.8,4.4
1962-09-09T00:00:00,1.8,26.7,4.4
1962-09-10T00:00:00,0.0,24.4,1.7
1962-09-11T00:00:00,0.0,27.8,1.7
1962-09-12T00:00:00,0.0,28.3,8.9
1962-09-13T00:00:00,0.0,28.3,6.7
1962-09-14T00:00:00,3.3,30.6,12.8
1962-09-15T00:00:00,0.0,27.2,7.2
1962-09-16T00:00:00,0.0,31.7,10.0
1962-09-17T00:00:00,10.9,30.0,8.3
1962-09-18T00:00:00,0.0,28.3,8.9
1962-09-19T00:00:00,0.0,28.9,8.9
1962-09-20T00:00:00,0.0,32.2,11.7
1962-09-21T00:00:00,0.0,25.6,7.2
1962-09-22T00:00:00,0.0,27.8,14.4
1962-09-23T00:00:00,0.0,26.7,12.8
1962-09-24T00:00:00,7.9,17.8,11.1
1962-09-25T00:00:00,13.0,14.4,8.3
1962-09-26T00:00:00,0.0,16.1,7.2
1962-09-27T00:00:00,0.0,16.7,7.8
1962-09-28T00:00:00,6.9,17.2,6.7
1962-09-29T00:00:00,2.0,21.7,6.7
1962-09-30T00:00:00,0.0,20.6,3.9
1962-10-01T00:00:00,0.0,23.3,3.9
1962-10-02T00:00:00,0.0,17.2,3.3
1962-10-03T00:00:00,0.0,17.8,3.3
1962-10-04T00:00:00,0.0,23.3,3.3
1962-10-05T00:00:00,8.1,22.2,9.4
1962-10-06T00:00:00,0.0,19.4,2.8
1962-10-07T00:00:00,0.0,18.9,2.2
1962-10-08T00:00:00,0.0,21.7,0.6
1962-10-09T00:00:00,0.0,22.2,0.6
1962-10-10T00:00:00,0.0,23.9,1.1
1962-10-11T00:00:00,0.0,25.0,3.9
1962-10-12T00:00:00,0.0,23.3,1.7
1962-10-13T00:00:00,0.0,22.8,1.7
1962-10-14T00:00:00,0.0,23.9,1.1
1962-10-15T00:00:00,0.0,23.9,5.6
1962-10-16T00:00:00,0.0,21.7,3.9
1962-10-17T00:00:00,3.0,10.6,1.7
1962-10-18T00:00:00,0.0,15.6,2.8
1962-10-19T00:00:00,2.3,18.3,5.6
1962-10-20T00:00:00,6.9,15.6,1.7
1962-10-21T00:00:00,0.0,14.4,0.6
1962-10-22T00:00:00,0.0,16.7,2.2
1962-10-23T00:00:00,0.0,22.2,1.7
1962-10-24T00:00:00,0.0,16.7,-4.4
1962-10-25T00:00:00,0.0,21.1,1.1
1962-10-26T00:00:00,0.0,16.1,-1.7
1962-10-27T00:00:00,0.0,16.7,-2.8
1962-10-28T00:00:00,0.0,16.7,-3.9
1962-10-29T00:00:00,0.0,17.8,-6.1
1962-10-30T00:00:00,0.0,18.3,-2.8
1962-10-31T00:00:00,0.0,21.1,-2.8
1962-11-01T00:00:00,0.0,20.6,-1.1
1962-11-02T00:00:00,0.0,16.7,-3.9
1962-11-03T00:00:00,0.0,18.9,-2.8
1962-11-04T00:00:00,0.0,18.3,-5.0
1962-11-05T00:00:00,0.0,18.9,-1.7
1962-11-06T00:00:00,0.0,18.3,0.6
1962-11-07T00:00:00,0.0,19.4,-4.4
1962-11-08T00:00:00,0.0,17.2,-11.1
1962-11-09T00:00:00,0.0,13.9,-6.7
1962-11-10T00:00:00,0.0,17.2,-5.0
1962-11-11T00:00:00,0.0,17.8,-2.8
1962-11-12T00:00:00,0.0,17.2,-11.7
1962-11-13T00:00:00,0.0,19.4,-5.6
1962-11-14T00:00:00,0.0,20.6,1.1
1962-11-15T00:00:00,6.6,19.4,5.0
1962-11-16T00:00:00,1.8,10.6,-1.7
1962-11-17T00:00:00,2.5,10.6,-4.4
1962-11-18T00:00:00,0.0,1.1,-9.4
1962-11-19T00:00:00,3.6,1.7,-13.9
1962-11-20T00:00:00,0.0,1.7,-10.0
1962-11-21T00:00:00,0.0,8.9,-2.8
1962-11-22T00:00:00,0.0,12.2,-3.9
1962-11-23T00:00:00,0.0,10.0,-4.4
1962-11-24T00:00:00,0.0,12.8,-3.9
1962-11-25T00:00:00,0.0,13.9,-3.9
1962-11-26T00:00:00,0.0,14.4,-1.7
1962-11-27T00:00:00,0.0,13.9,-2.8
1962-11-28T00:00:00,0.0,15.0,-5.6
1962-11-29T00:00:00,0.0,13.9,-3.9
1962-11-30T00:00:00,3.3,14.4,0.6
1962-12-01T00:00:00,10.2,4.4,-1.7
1962-12-02T00:00:00,0.5,5.6,-2.2
1962-12-03T00:00:00,0.0,9.4,-2.8
1962-12-04T00:00:00,0.0,11.1,-2.8
1962-12-05T00:00:00,0.0,11.1,-11.1
1962-12-06T00:00:00,0.0,8.3,-6.7
1962-12-07T00:00:00,0.0,11.7,-8.3
1962-12-08T00:00:00,0.0,13.9,-5.0
1962-12-09T00:00:00,0.0,14.4,-9.4
1962-12-10T00:00:00,0.0,13.3,-8.9
1962-12-11T00:00:00,0.0,11.7,-9.4
1962-12-12T00:00:00,0.0,14.4,-13.3
1962-12-13T00:00:00,0.0,10.0,-12.2
1962-12-14T00:00:00,0.0,12.2,-8.3
1962-12-15T00:00:00,0.0,11.7,-6.7
1962-12-16T00:00:00,0.0,12.8,-7.8
1962-12-17T00:00:00,0.0,13.3,-7.2
1962-12-18T00:00:00,5.8,14.4,-2.2
1962-12-19T00:00:00,1.8,7.8,-5.0
1962-12-20T00:00:00,0.0,8.3,-6.7
1962-12-21T00:00:00,0.0,7.8,-5.6
1962-12-22T00:00:00,0.0,6.1,-5.0
1962-12-23T00:00:00,0.0,8.9,-11.7
1962-12-24T00:00:00,0.0,5.6,-9.4
1962-12-25T00:00:00,1.3,5.6,-6.7
1962-12-26T00:00:00,0.0,-3.9,-19.4
1962-12-27T00:00:00,0.0,-2.8,-18.3
1962-12-28T00:00:00,0.0,1.1,-11.7
1962-12-29T00:00:00,0.0,2.2,-12.8
1962-12-30T00:00:00,0.0,4.4,-12.8
1962-12-31T00:00:00,0.0,8.3,-12.8
1963-01-01T00:00:00,0.0,7.2,-9.4
1963-01-02T00:00:00,0.0,5.6,-10.6
1963-01-03T00:00:00,0.0,7.8,-7.8
1963-01-04T00:00:00,1.3,7.2,-5.0
1963-01-05T00:00:00,0.0,4.4,-6.1
1963-01-06T00:00:00,0.0,6.1,-11.7
1963-01-07T00:00:00,0.0,4.4,-11.1
1963-01-08T00:00:00,0.0,5.6,-11.1
1963-01-09T00:00:00,0.0,8.3,-9.4
1963-01-10T00:00:00,0.0,8.3,-6.7
1963-01-11T00:00:00,5.1,7.2,-18.3
1963-01-12T00:00:00,1.5,-11.1,-28.3
1963-01-13T00:00:00,0.0,-13.9,-31.1
1963-01-14T00:00:00,0.0,-10.0,-24.4
1963-01-15T00:00:00,0.0,-7.2,-21.7
1963-01-16T00:00:00,0.0,-1.7,-20.0
1963-01-17T00:00:00,0.0,0.6,-17.2
1963-01-18T00:00:00,0.0,1.7,-16.7
1963-01-19T00:00:00,0.0,5.0,-19.4
1963-01-20T00:00:00,1.8,-12.8,-27.8
1963-01-21T00:00:00,0.0,-4.4,-17.8
1963-01-22T00:00:00,0.0,2.8,-12.2
1963-01-23T00:00:00,0.0,6.7,-13.9
1963-01-24T00:00:00,0.0,-6.7,-17.2
1963-01-25T00:00:00,0.0,7.2,-11.7
1963-01-26T00:00:00,0.0,10.0,-6.1
1963-01-27T00:00:00,0.0,3.3,-18.9
1963-01-28T00:00:00,0.0,5.6,-18.9
1963-01-29T00:00:00,0.0,7.8,-10.0
1963-01-30T00:00:00,0.0,12.8,-3.3
1963-01-31T00:00:00,0.0,13.3,0.0
1963-02-01T00:00:00,0.0,13.9,5.6
1963-02-02T00:00:00,0.0,16.1,-1.7
1963-02-03T00:00:00,0.0,13.9,-10.0
1963-02-04T00:00:00,0.0,13.3,-7.8
1963-02-05T00:00:00,0.0,18.3,-5.0
1963-02-06T00:00:00,0.0,19.4,-2.2
1963-02-07T00:00:00,0.0,18.9,-5.6
1963-02-08T00:00:00,0.0,17.8,-6.1
1963-02-09T00:00:00,0.0,17.2,-4.4
1963-02-10T00:00:00,0.0,14.4,0.6
1963-02-11T00:00:00,6.4,5.6,-13.3
1963-02-12T00:00:00,12.7,-4.4,-26.7
1963-02-13T00:00:00,0.0,-5.6,-22.2
1963-02-14T00:00:00,0.0,-2.2,-18.3
1963-02-15T00:00:00,0.0,0.0,-15.6
1963-02-16T00:00:00,0.8,0.0,-9.4
1963-02-17T00:00:00,0.0,3.9,-17.2
1963-02-18T00:00:00,0.0,4.4,-15.0
1963-02-19T00:00:00,0.0,4.4,-5.6
1963-02-20T00:00:00,0.0,8.3,-2.2
1963-02-21T00:00:00,0.0,10.0,-5.0
1963-02-22T00:00:00,4.3,-0.6,-10.0
1963-02-23T00:00:00,0.0,4.4,-6.1
1963-02-24T00:00:00,0.0,8.3,-3.9
1963-02-25T00:00:00,0.0,10.0,-3.9
1963-02-26T00:00:00,0.0,12.2,-7.8
1963-02-27T00:00:00,0.0,15.0,-3.3
1963-02-28T00:00:00,3.0,11.7,-5.6
1963-03-01T00:00:00,0.0,6.7,-11.1
1963-03-02T00:00:00,0.0,10.0,-7.8
1963-03-03T00:00:00,0.0,13.9,-5.0
1963-03-04T00:00:00,2.3,16.1,-6.7
1963-03-05T00:00:00,2.5,-1.1,-16.1
1963-03-06T00:00:00,0.0,1.7,-9.4
1963-03-07T00:00:00,0.0,6.1,-12.8
1963-03-08T00:00:00,0.0,10.6,-6.7
1963-03-09T00:00:00,0.0,10.0,-8.9
1963-03-10T00:00:00,0.0,14.4,-5.0
1963-03-11T00:00:00,0.0,7.8,-4.4
1963-03-12T00:00:00,1.0,8.9,-7.8
1963-03-13T00:00:00,0.0,11.1,-7.2
1963-03-14T00:00:00,0.0,8.9,-6.1
1963-03-15T00:00:00,0.0,11.1,-7.2
1963-03-16T00:00:00,0.0,17.2,-10.6
1963-03-17T00:00:00,0.0,8.3,-8.9
1963-03-18T00:00:00,0.0,16.7,-3.9
1963-03-19T00:00:00,0.0,10.0,-10.0
1963-03-20T00:00:00,0.0,11.7,-10.0
1963-03-21T00:00:00,0.0,15.6,-4.4
1963-03-22T00:00:00,0.0,13.3,-6.7
1963-03-23T00:00:00,0.0,15.6,-5.6
1963-03-24T00:00:00,0.0,18.9,-4.4
1963-03-25T00:00:00,0.0,17.8,-6.1
1963-03-26T00:00:00,0.0,17.8,-1.7
1963-03-27T00:00:00,0.0,20.0,-2.8
1963-03-28T00:00:00,0.0,21.1,-1.1
1963-03-29T00:00:00,0.0,23.9,5.6
1963-03-30T00:00:00,5.8,16.1,1.1
1963-03-31T00:00:00,0.0,18.9,-0.6
1963-04-01T00:00:00,0.0,21.1,2.8
1963-04-02T00:00:00,0.0,21.1,2.8
1963-04-03T00:00:00,0.0,9.4,-6.7
1963-04-04T00:00:00,0.0,15.6,0.6
1963-04-05T00:00:00,8.4,15.0,-2.2
1963-04-06T00:00:00,0.0,13.9,-4.4
1963-04-07T00:00:00,0.0,21.1,3.9
1963-04-08T00:00:00,0.0,24.4,6.1
1963-04-09T00:00:00,0.0,24.4,6.1
1963-04-10T00:00:00,0.0,21.7,2.8
1963-04-11T00:00:00,0.0,21.1,0.0
1963-04-12T00:00:00,0.0,18.3,-5.0
1963-04-13T00:00:00,0.0,21.7,-2.2
1963-04-14T00:00:00,0.0,24.4,1.1
1963-04-15T00:00:00,0.0,26.7,-0.6
1963-04-16T00:00:00,0.0,20.6,-1.1
1963-04-17T00:00:00,0.0,21.7,-3.3
1963-04-18T00:00:00,0.0,20.6,-3.3
1963-04-19T00:00:00,0.0,11.1,-4.4
1963-04-20T00:00:00,0.0,15.6,-6.7
1963-04-21T00:00:00,0.0,20.6,-3.9
1963-04-22T00:00:00,0.0,23.3,-4.4
1963-04-23T00:00:00,0.0,12.2,-8.9
1963-04-24T00:00:00,0.0,21.7,-2.2
1963-04-25T00:00:00,0.0,20.6,-3.3
1963-04-26T00:00:00,0.0,20.0,5.6
1963-04-27T00:00:00,1.3,18.9,0.0
1963-04-28T00:00:00,0.0,16.1,-2.2
1963-04-29T00:00:00,0.0,17.2,-2.8
1963-04-30T00:00:00,0.0,20.6,0.0
1963-05-01T00:00:00,0.0,20.0,1.1
1963-05-02T00:00:00,0.0,18.9,0.6
1963-05-03T00:00:00,0.0,24.4,0.6
1963-05-04T00:00:00,0.0,25.6,0.0
1963-05-05T00:00:00,0.0,27.2,0.0
1963-05-06T00:00:00,0.0,26.7,0.0
1963-05-07T00:00:00,0.0,25.0,0.6
1963-05-08T00:00:00,0.0,27.8,4.4
1963-05-09T00:00:00,0.0,29.4,8.9
1963-05-10T00:00:00,0.0,25.6,6.7
1963-05-11T00:00:00,0.0,26.7,6.7
1963-05-12T00:00:00,0.0,28.9,1.7
1963-05-13T00:00:00,0.0,23.3,-3.9
1963-05-14T00:00:00,0.0,26.7,0.0
1963-05-15T00:00:00,0.0,28.9,5.0
1963-05-16T00:00:00,0.0,25.6,1.1
1963-05-17T00:00:00,0.0,26.7,2.8
1963-05-18T00:00:00,0.0,25.6,6.1
1963-05-19T00:00:00,0.0,29.4,3.3
1963-05-20T00:00:00,0.0,27.8,3.3
1963-05-21T00:00:00,0.0,26.7,6.1
1963-05-22T00:00:00,0.0,23.9,6.7
1963-05-23T00:00:00,0.0,22.8,6.1
1963-05-24T00:00:00,0.0,25.6,3.3
1963-05-25T00:00:00,0.0,25.6,0.6
1963-05-26T00:00:00,0.0,26.1,0.0
1963-05-27T00:00:00,0.0,26.1,2.8
1963-05-28T00:00:00,0.0,25.6,-0.6
1963-05-29T00:00:00,0.0,29.4,2.2
1963-05-30T00:00:00,3.6,27.8,9.4
1963-05-31T00:00:00,0.0,25.0,2.8
1963-06-01T00:00:00,0.0,27.8,6.7
1963-06-02T00:00:00,1.5,26.1,6.7
1963-06-03T00:00:00,5.1,16.7,2.8
1963-06-04T00:00:00,0.0,27.2,4.4
1963-06-05T00:00:00,0.0,27.2,4.4
1963-06-06T00:00:00,0.0,26.7,1.7
1963-06-07T00:00:00,0.0,26.7,2.8
1963-06-08T00:00:00,0.0,28.3,5.0
1963-06-09T00:00:00,0.8,25.6,-2.2
1963-06-10T00:00:00,0.0,25.0,-0.6
1963-06-11T00:00:00,0.0,28.3,2.8
1963-06-12T00:00:00,0.0,26.7,2.8
1963-06-13T00:00:00,0.0,30.0,9.4
1963-06-14T00:00:00,0.0,29.4,8.3
1963-06-15T00:00:00,2.0,31.1,6.7
1963-06-16T00:00:00,0.0,30.0,7.2
1963-06-17T00:00:00,6.4,22.2,6.7
1963-06-18T00:00:00,0.0,24.4,8.9
1963-06-19T00:00:00,0.0,31.1,6.7
1963-06-20T00:00:00,0.8,28.9,6.1
1963-06-21T00:00:00,0.0,31.1,8.9
1963-06-22T00:00:00,0.0,31.7,7.2
1963-06-23T00:00:00,0.0,30.6,4.4
1963-06-24T00:00:00,0.0,32.2,6.1
1963-06-25T00:00:00,0.0,32.8,6.7
1963-06-26T00:00:00,0.0,33.3,8.9
1963-06-27T00:00:00,0.0,35.0,10.6
1963-06-28T00:00:00,0.0,35.0,10.6
1963-06-29T00:00:00,0.0,34.4,7.8
1963-06-30T00:00:00,0.0,33.9,8.9
1963-07-01T00:00:00,0.0,35.6,12.2
1963-07-02T00:00:00,0.0,32.8,11.1
1963-07-03T00:00:00,0.0,28.9,8.3
1963-07-04T00:00:00,0.0,30.6,8.3
1963-07-05T00:00:00,0.8,30.6,11.1
1963-07-06T00:00:00,5.6,32.2,8.9
1963-07-07T00:00:00,0.0,32.8,12.2
1963-07-08T00:00:00,0.0,31.7,11.7
1963-07-09T00:00:00,0.5,29.4,11.1
1963-07-10T00:00:00,0.0,28.9,12.2
1963-07-11T00:00:00,0.0,31.7,14.4
1963-07-12T00:00:00,0.0,33.3,12.8
1963-07-13T00:00:00,0.0,31.1,11.1
1963-07-14T00:00:00,0.0,33.3,8.3
1963-07-15T00:00:00,0.0,34.4,13.3
1963-07-16T00:00:00,0.0,35.0,11.1
1963-07-17T00:00:00,0.0,32.8,9.4
1963-07-18T00:00:00,1.5,34.4,13.9
1963-07-19T00:00:00,1.8,32.8,13.3
1963-07-20T00:00:00,3.6,35.0,11.1
1963-07-21T00:00:00,5.6,32.8,9.4
1963-07-22T00:00:00,0.0,32.2,10.0
1963-07-23T00:00:00,0.0,33.9,12.8
1963-07-24T00:00:00,0.0,37.2,12.2
1963-07-25T00:00:00,0.0,34.4,11.1
1963-07-26T00:00:00,0.0,35.0,11.7
1963-07-27T00:00:00,0.0,34.4,11.1
1963-07-28T00:00:00,0.0,30.0,14.4
1963-07-29T00:00:00,0.0,27.2,8.3
1963-07-30T00:00:00,0.0,32.8,10.0
1963-07-31T00:00:00,0.0,35.6,12.2
1963-08-01T00:00:00,0.0,35.0,10.6
1963-08-02T00:00:00,0.0,32.8,10.6
1963-08-03T00:00:00,0.0,31.7,11.7
1963-08-04T00:00:00,1.5,28.9,8.9
1963-08-05T00:00:00,0.0,29.4,8.9
1963-08-06T00:00:00,0.0,31.1,8.9
1963-08-07T00:00:00,0.0,32.2,8.3
1963-08-08T00:00:00,0.0,32.2,12.2
1963-08-09T00:00:00,2.8,32.2,13.3
1963-08-10T00:00:00,5.8,31.1,11.1
1963-08-11T00:00:00,15.2,26.7,11.1
1963-08-12T00:00:00,0.0,27.8,12.8
1963-08-13T00:00:00,49.0,25.6,11.7
1963-08-14T00:00:00,0.0,25.6,10.0
1963-08-15T00:00:00,0.0,26.7,10.0
1963-08-16T00:00:00,2.5,29.4,11.1
1963-08-17T00:00:00,0.0,30.0,12.2
1963-08-18T00:00:00,0.0,31.1,11.7
1963-08-19T00:00:00,0.0,29.4,12.8
1963-08-20T00:00:00,0.0,29.4,12.8
1963-08-21T00:00:00,0.0,29.4,12.2
1963-08-22T00:00:00,0.0,29.4,10.0
1963-08-23T00:00:00,0.0,28.9,8.9
1963-08-24T00:00:00,0.0,28.9,10.0
1963-08-25T00:00:00,0.0,30.6,10.0
1963-08-26T00:00:00,8.1,28.3,8.3
1963-08-27T00:00:00,5.8,25.6,11.7
1963-08-28T00:00:00,0.0,25.6,11.7
1963-08-29T00:00:00,0.0,28.9,13.3
1963-08-30T00:00:00,9.9,26.1,13.3
1963-08-31T00:00:00,1.3,20.6,12.8
1963-09-01T00:00:00,0.0,24.4,11.7
1963-09-02T00:00:00,0.0,25.0,9.4
1963-09-03T00:00:00,0.0,26.7,10.0
1963-09-04T00:00:00,2.8,27.2,11.7
1963-09-05T00:00:00,1.8,25.6,11.7
1963-09-06T00:00:00,1.3,23.9,10.6
1963-09-07T00:00:00,0.0,26.7,10.6
1963-09-08T00:00:00,0.0,28.3,9.4
1963-09-09T00:00:00,0.0,29.4,10.0
1963-09-10T00:00:00,0.0,28.9,9.4
1963-09-11T00:00:00,1.3,27.8,10.0
1963-09-12T00:00:00,2.3,28.3,7.2
1963-09-13T00:00:00,0.5,27.8,7.8
1963-09-14T00:00:00,0.0,26.1,8.3
1963-09-15T00:00:00,0.0,22.2,5.0
1963-09-16T00:00:00,0.0,26.1,7.2
1963-09-17T00:00:00,0.0,27.2,8.9
1963-09-18T00:00:00,0.0,28.3,10.6
1963-09-19T00:00:00,4.1,28.3,11.1
1963-09-20T00:00:00,0.0,28.9,12.2
1963-09-21T00:00:00,27.7,26.7,11.7
1963-09-22T00:00:00,10.4,23.3,12.8
1963-09-23T00:00:00,0.0,23.3,8.9
1963-09-24T00:00:00,0.0,25.0,10.0
1963-09-25T00:00:00,0.0,25.0,7.8
1963-09-26T00:00:00,0.0,23.9,6.7
1963-09-27T00:00:00,0.0,26.7,5.6
1963-09-28T00:00:00,0.0,26.7,4.4
1963-09-29T00:00:00,0.0,26.7,4.4
1963-09-30T00:00:00,0.0,25.0,3.9
1963-10-01T00:00:00,0.0,28.3,4.4
1963-10-02T00:00:00,0.0,28.9,5.0
1963-10-03T00:00:00,0.0,27.2,4.4
1963-10-04T00:00:00,0.0,26.7,4.4
1963-10-05T00:00:00,0.0,26.1,1.7
1963-10-06T00:00:00,0.0,23.9,0.6
1963-10-07T00:00:00,0.0,25.6,3.9
1963-10-08T00:00:00,0.0,26.1,3.3
1963-10-09T00:00:00,0.0,26.1,2.8
1963-10-10T00:00:00,0.0,25.0,3.9
1963-10-11T00:00:00,0.0,26.7,5.0
1963-10-12T00:00:00,0.0,25.6,3.9
1963-10-13T00:00:00,0.0,25.6,4.4
1963-10-14T00:00:00,0.0,25.0,1.7
1963-10-15T00:00:00,0.0,23.9,0.6
1963-10-16T00:00:00,0.0,25.6,2.8
1963-10-17T00:00:00,0.0,25.0,1.7
1963-10-18T00:00:00,0.0,22.8,1.7
1963-10-19T00:00:00,0.0,22.2,8.9
1963-10-20T00:00:00,4.6,18.3,2.2
1963-10-21T00:00:00,0.0,15.6,3.3
1963-10-22T00:00:00,0.0,15.0,-0.6
1963-10-23T00:00:00,0.0,20.6,-1.1
1963-10-24T00:00:00,0.0,18.3,4.4
1963-10-25T00:00:00,0.0,20.0,-0.6
1963-10-26T00:00:00,0.0,20.6,0.6
1963-10-27T00:00:00,0.0,21.7,0.6
1963-10-28T00:00:00,0.0,21.7,0.6
1963-10-29T00:00:00,0.0,12.8,-1.1
1963-10-30T00:00:00,0.0,20.6,2.8
1963-10-31T00:00:00,0.8,20.0,6.7
1963-11-01T00:00:00,4.6,13.3,-0.6
1963-11-02T00:00:00,0.0,11.7,-3.3
1963-11-03T00:00:00,3.8,16.1,2.2
1963-11-04T00:00:00,0.0,13.3,1.7
1963-11-05T00:00:00,0.0,13.3,2.2
1963-11-06T00:00:00,0.0,14.4,-3.9
1963-11-07T00:00:00,0.0,18.3,-2.8
1963-11-08T00:00:00,0.0,16.7,-2.2
1963-11-09T00:00:00,0.0,16.1,0.0
1963-11-10T00:00:00,0.0,18.3,-1.7
1963-11-11T00:00:00,0.0,21.1,-1.1
1963-11-12T00:00:00,0.0,20.0,-5.0
1963-11-13T00:00:00,0.0,15.6,-2.2
1963-11-14T00:00:00,0.0,17.2,-2.2
1963-11-15T00:00:00,0.0,18.9,0.0
1963-11-16T00:00:00,0.0,18.9,4.4
1963-11-17T00:00:00,0.0,15.6,-8.3
1963-11-18T00:00:00,0.0,8.9,-8.3
1963-11-19T00:00:00,0.0,10.6,-7.2
1963-11-20T00:00:00,0.0,11.7,-7.2
1963-11-21T00:00:00,0.0,15.6,-5.0
1963-11-22T00:00:00,0.0,7.8,-3.9
1963-11-23T00:00:00,0.0,7.2,-12.2
1963-11-24T00:00:00,0.0,11.7,-10.0
1963-11-25T00:00:00,0.0,11.7,-3.3
1963-11-26T00:00:00,0.0,8.3,-12.8
1963-11-27T00:00:00,0.0,10.0,-10.0
1963-11-28T00:00:00,0.0,13.3,-4.4
1963-11-29T00:00:00,0.0,11.1,-11.7
1963-11-30T00:00:00,0.0,12.2,-13.9
1963-12-01T00:00:00,0.0,14.4,-10.6
1963-12-02T00:00:00,0.0,11.7,-12.8
1963-12-03T00:00:00,0.0,9.4,-10.6
1963-12-04T00:00:00,0.0,11.1,-11.7
1963-12-05T00:00:00,0.0,13.3,-11.1
1963-12-06T00:00:00,0.0,12.2,-10.6
1963-12-07T00:00:00,0.0,10.0,-6.1
1963-12-08T00:00:00,0.0,6.1,-11.1
1963-12-09T00:00:00,0.0,6.7,-11.1
1963-12-10T00:00:00,0.0,13.3,-10.0
1963-12-11T00:00:00,0.0,10.0,-12.8
1963-12-12T00:00:00,0.0,2.2,-13.9
1963-12-13T00:00:00,0.0,1.7,-12.2
1963-12-14T00:00:00,0.0,2.2,-20.6
1963-12-15T00:00:00,0.0,3.3,-14.4
1963-12-16T00:00:00,0.0,5.6,-14.4
1963-12-17T00:00:00,0.0,9.4,-11.7
1963-12-18T00:00:00,0.0,8.9,-8.9
1963-12-19T00:00:00,0.0,11.7,-9.4
1963-12-20T00:00:00,0.0,11.1,-10.6
1963-12-21T00:00:00,0.0,11.1,-8.3
1963-12-22T00:00:00,0.0,7.2,-17.2
1963-12-23T00:00:00,0.0,1.7,-13.9
1963-12-24T00:00:00,0.0,7.2,-10.0
1963-12-25T00:00:00,0.0,12.8,-10.0
1963-12-26T00:00:00,0.0,13.9,-6.1
1963-12-27T00:00:00,0.0,12.2,-10.0
1963-12-28T00:00:00,0.0,12.8,-11.1
1963-12-29T00:00:00,0.0,8.3,-10.0
1963-12-30T00:00:00,0.0,7.2,-17.8
1963-12-31T00:00:00,0.0,3.3,-13.3
1964-01-01T00:00:00,0.0,11.1,-6.1
1964-01-02T00:00:00,0.0,12.2,-6.7
1964-01-03T00:00:00,0.0,14.4,-8.9
1964-01-04T00:00:00,0.0,0.0,-12.2
1964-01-05T00:00:00,0.0,3.9,-11.7
1964-01-06T00:00:00,0.0,1.7,-16.7
1964-01-07T00:00:00,0.0,2.2,-14.4
1964-01-08T00:00:00,0.0,2.8,-15.0
1964-01-09T00:00:00,0.0,-3.9,-20.0
1964-01-10T00:00:00,0.0,-0.6,-20.0
1964-01-11T00:00:00,0.0,8.3,-15.6
1964-01-12T00:00:00,0.0,-2.2,-21.7
1964-01-13T00:00:00,0.0,-2.8,-25.0
1964-01-14T00:00:00,0.0,-0.6,-23.3
1964-01-15T00:00:00,0.0,1.7,-21.7
1964-01-16T00:00:00,0.0,3.3,-17.8
1964-01-17T00:00:00,0.0,6.7,-12.8
1964-01-18T00:00:00,0.0,11.1,-5.6
1964-01-19T00:00:00,0.0,11.7,-2.2
1964-01-20T00:00:00,0.0,6.1,-7.2
1964-01-21T00:00:00,0.0,11.1,-11.1
1964-01-22T00:00:00,0.0,11.7,-9.4
1964-01-23T00:00:00,0.5,10.0,-6.1
1964-01-24T00:00:00,0.0,-0.6,-13.3
1964-01-25T00:00:00,0.0,-1.7,-10.6
1964-01-26T00:00:00,0.0,4.4,-11.7
1964-01-27T00:00:00,0.0,10.6,-10.0
1964-01-28T00:00:00,0.0,12.2,-11.1
1964-01-29T00:00:00,0.0,10.6,-11.1
1964-01-30T00:00:00,0.0,10.0,-15.0
1964-01-31T00:00:00,0.0,8.9,-13.3
1964-02-01T00:00:00,0.0,10.0,-11.7
1964-02-02T00:00:00,0.0,12.2,-9.4
1964-02-03T00:00:00,0.0,7.2,-8.3
1964-02-04T00:00:00,2.8,-5.0,-8.3
1964-02-05T00:00:00,0.0,0.6,-17.2
1964-02-06T00:00:00,0.0,2.2,-13.9
1964-02-07T00:00:00,1.3,2.2,-23.3
1964-02-08T00:00:00,0.0,-1.7,-19.4
1964-02-09T00:00:00,0.0,1.1,-15.0
1964-02-10T00:00:00,0.0,3.9,-7.8
1964-02-11T00:00:00,0.0,8.3,-10.6
1964-02-12T00:00:00,3.0,7.8,-5.6
1964-02-13T00:00:00,2.5,7.8,-13.3
1964-02-14T00:00:00,0.0,3.3,-10.0
1964-02-15T00:00:00,0.0,-2.2,-12.2
1964-02-16T00:00:00,0.0,0.0,-15.0
1964-02-17T00:00:00,0.0,5.0,-10.0
1964-02-18T00:00:00,0.0,1.1,-11.7
1964-02-19T00:00:00,0.0,2.2,-10.6
1964-02-20T00:00:00,0.0,5.6,-7.8
1964-02-21T00:00:00,0.0,-5.0,-13.3
1964-02-22T00:00:00,0.0,0.0,-13.3
1964-02-23T00:00:00,0.0,4.4,-10.6
1964-02-24T00:00:00,0.0,-1.1,-14.4
1964-02-25T00:00:00,0.0,4.4,-8.9
1964-02-26T00:00:00,0.0,7.8,-10.0
1964-02-27T00:00:00,0.0,1.7,-9.4
1964-02-28T00:00:00,0.0,1.7,-14.4
1964-02-29T00:00:00,0.0,8.9,-8.9
1964-03-01T00:00:00,0.0,8.3,-6.7
1964-03-02T00:00:00,0.0,8.3,-6.7
1964-03-03T00:00:00,1.8,10.0,-2.8
1964-03-04T00:00:00,3.8,2.8,-8.3
1964-03-05T00:00:00,0.0,2.2,-7.2
1964-03-06T00:00:00,0.0,11.1,-8.3
1964-03-07T00:00:00,0.0,13.3,-6.1
1964-03-08T00:00:00,8.9,3.9,-15.6
1964-03-09T00:00:00,0.0,2.2,-11.7
1964-03-10T00:00:00,0.0,5.6,-9.4
1964-03-11T00:00:00,0.0,10.0,-7.8
1964-03-12T00:00:00,0.0,12.8,-1.1
1964-03-13T00:00:00,0.0,10.6,-3.3
1964-03-14T00:00:00,0.0,10.0,-8.9
1964-03-15T00:00:00,0.0,7.8,-4.4
1964-03-16T00:00:00,0.0,11.7,1.7
1964-03-17T00:00:00,0.0,7.2,-8.3
1964-03-18T00:00:00,0.0,15.0,-2.8
1964-03-19T00:00:00,0.0,12.8,-4.4
1964-03-20T00:00:00,0.0,8.3,-11.1
1964-03-21T00:00:00,0.0,8.3,-11.1
1964-03-22T00:00:00,0.0,14.4,-5.6
1964-03-23T00:00:00,0.0,15.6,-3.3
1964-03-24T00:00:00,0.0,13.3,-5.0
1964-03-25T00:00:00,0.5,14.4,-10.6
1964-03-26T00:00:00,0.0,5.6,-5.0
1964-03-27T00:00:00,0.0,11.7,-8.9
1964-03-28T00:00:00,0.0,13.3,-8.9
1964-03-29T00:00:00,0.0,15.6,-3.9
1964-03-30T00:00:00,0.0,19.4,-1.7
1964-03-31T00:00:00,0.0,21.1,-2.2
1964-04-01T00:00:00,0.0,21.7,2.2
1964-04-02T00:00:00,0.0,20.0,-0.6
1964-04-03T00:00:00,1.3,9.4,-2.8
1964-04-04T00:00:00,1.3,6.1,-3.9
1964-04-05T00:00:00,2.5,2.2,-4.4
1964-04-06T00:00:00,0.0,9.4,-1.7
1964-04-07T00:00:00,0.0,8.9,-5.6
1964-04-08T00:00:00,0.0,10.0,-8.9
1964-04-09T00:00:00,0.0,12.8,-5.6
1964-04-10T00:00:00,0.0,16.7,-5.0
1964-04-11T00:00:00,0.0,20.6,-5.0
1964-04-12T00:00:00,0.0,18.9,2.8
1964-04-13T00:00:00,0.0,13.3,-1.1
1964-04-14T00:00:00,0.0,17.2,-5.6
1964-04-15T00:00:00,0.0,21.1,-5.0
1964-04-16T00:00:00,0.0,23.3,2.2
1964-04-17T00:00:00,0.0,24.4,1.1
1964-04-18T00:00:00,0.0,22.2,5.0
1964-04-19T00:00:00,0.0,22.2,0.0
1964-04-20T00:00:00,0.0,23.3,1.1
1964-04-21T00:00:00,0.0,13.9,-1.1
1964-04-22T00:00:00,0.0,18.3,-0.6
1964-04-23T00:00:00,0.0,19.4,-4.4
1964-04-24T00:00:00,0.0,21.1,-3.9
1964-04-25T00:00:00,0.0,20.6,-2.8
1964-04-26T00:00:00,0.0,12.8,-5.0
1964-04-27T00:00:00,0.0,14.4,3.3
1964-04-28T00:00:00,0.0,23.3,8.3
1964-04-29T00:00:00,1.5,13.9,-1.7
1964-04-30T00:00:00,,,
1964-05-01T00:00:00,1.5,19.4,2.8
1964-05-02T00:00:00,0.0,19.4,6.1
1964-05-03T00:00:00,0.0,22.2,2.8
1964-05-04T00:00:00,0.0,21.7,6.1
1964-05-05T00:00:00,0.0,22.2,0.0
1964-05-06T00:00:00,0.0,18.3,-1.1
1964-05-07T00:00:00,0.0,21.7,2.2
1964-05-08T00:00:00,0.0,22.2,-2.2
1964-05-09T00:00:00,0.0,16.7,-5.0
1964-05-10T00:00:00,0.0,20.6,-3.3
1964-05-11T00:00:00,0.0,21.1,1.7
1964-05-12T00:00:00,0.0,23.3,1.7
1964-05-13T00:00:00,0.0,21.1,2.8
1964-05-14T00:00:00,0.0,28.3,5.6
1964-05-15T00:00:00,0.0,28.3,2.2
1964-05-16T00:00:00,0.0,30.6,5.0
1964-05-17T00:00:00,0.0,28.9,6.7
1964-05-18T00:00:00,0.0,27.8,4.4
1964-05-19T00:00:00,0.0,28.3,6.1
1964-05-20T00:00:00,3.0,25.0,3.9
1964-05-21T00:00:00,0.0,23.9,3.9
1964-05-22T00:00:00,0.0,28.3,6.7
1964-05-23T00:00:00,0.0,28.9,8.3
1964-05-24T00:00:00,0.0,28.9,11.1
1964-05-25T00:00:00,0.0,28.9,14.4
1964-05-26T00:00:00,1.0,30.6,10.0
1964-05-27T00:00:00,2.5,26.7,6.7
1964-05-28T00:00:00,0.0,26.7,9.4
1964-05-29T00:00:00,0.0,26.1,8.3
1964-05-30T00:00:00,0.0,22.8,1.1
1964-05-31T00:00:00,5.1,18.9,3.3
1964-06-01T00:00:00,0.0,12.2,-0.6
1964-06-02T00:00:00,0.0,22.2,7.8
1964-06-03T00:00:00,1.0,25.0,3.3
1964-06-04T00:00:00,0.0,25.0,3.3
1964-06-05T00:00:00,0.0,27.2,4.4
1964-06-06T00:00:00,0.0,29.4,7.8
1964-06-07T00:00:00,0.0,29.4,8.3
1964-06-08T00:00:00,0.0,30.6,11.7
1964-06-09T00:00:00,0.0,24.4,5.0
1964-06-10T00:00:00,0.0,30.0,6.1
1964-06-11T00:00:00,0.0,31.7,7.2
1964-06-12T00:00:00,0.0,28.9,3.9
1964-06-13T00:00:00,0.0,31.1,7.8
1964-06-14T00:00:00,0.0,30.0,6.7
1964-06-15T00:00:00,0.0,29.4,6.7
1964-06-16T00:00:00,0.0,31.7,8.3
1964-06-17T00:00:00,0.0,32.2,10.0
1964-06-18T00:00:00,0.0,32.2,10.0
1964-06-19T00:00:00,0.0,27.8,5.6
1964-06-20T00:00:00,0.0,30.0,8.9
1964-06-21T00:00:00,0.0,30.6,9.4
1964-06-22T00:00:00,0.0,30.6,12.2
1964-06-23T00:00:00,0.0,27.2,12.8
1964-06-24T00:00:00,0.0,27.2,6.1
1964-06-25T00:00:00,0.0,29.4,7.8
1964-06-26T00:00:00,0.0,31.7,8.3
1964-06-27T00:00:00,0.0,31.1,6.1
1964-06-28T00:00:00,0.0,31.7,8.9
1964-06-29T00:00:00,0.0,32.8,13.3
1964-06-30T00:00:00,0.0,31.7,12.2
1964-07-01T00:00:00,0.0,31.7,10.6
1964-07-02T00:00:00,0.0,33.3,11.1
1964-07-03T00:00:00,0.0,35.0,13.9
1964-07-04T00:00:00,0.0,37.2,12.2
1964-07-05T00:00:00,0.0,35.0,11.1
1964-07-06T00:00:00,0.0,35.0,12.2
1964-07-07T00:00:00,1.5,36.1,10.6
1964-07-08T00:00:00,0.0,35.0,10.0
1964-07-09T00:00:00,0.0,34.4,12.8
1964-07-10T00:00:00,0.0,28.3,13.3
1964-07-11T00:00:00,0.0,32.8,15.6
1964-07-12T00:00:00,13.0,19.4,13.3
1964-07-13T00:00:00,2.3,17.8,6.1
1964-07-14T00:00:00,0.0,26.7,10.6
1964-07-15T00:00:00,0.0,30.6,12.8
1964-07-16T00:00:00,0.0,34.4,10.6
1964-07-17T00:00:00,0.0,32.2,13.9
1964-07-18T00:00:00,8.4,32.2,11.7
1964-07-19T00:00:00,7.1,31.7,12.8
1964-07-20T00:00:00,2.3,32.8,11.1
1964-07-21T00:00:00,0.0,32.8,13.3
1964-07-22T00:00:00,0.0,33.9,13.3
1964-07-23T00:00:00,0.0,32.2,11.7
1964-07-24T00:00:00,0.0,31.1,13.3
1964-07-25T00:00:00,0.0,31.1,12.8
1964-07-26T00:00:00,3.8,31.1,12.2
1964-07-27T00:00:00,0.0,30.0,10.0
1964-07-28T00:00:00,4.8,30.6,11.7
1964-07-29T00:00:00,0.0,32.2,15.6
1964-07-30T00:00:00,8.4,30.0,11.7
1964-07-31T00:00:00,0.0,30.6,12.2
1964-08-01T00:00:00,0.0,28.3,12.8
1964-08-02T00:00:00,3.3,23.9,9.4
1964-08-03T00:00:00,0.0,29.4,10.6
1964-08-04T00:00:00,0.0,31.1,12.2
1964-08-05T00:00:00,2.5,31.1,9.4
1964-08-06T00:00:00,0.0,31.1,11.1
1964-08-07T00:00:00,1.5,33.9,16.7
1964-08-08T00:00:00,11.9,32.2,13.3
1964-08-09T00:00:00,1.3,26.7,11.7
1964-08-10T00:00:00,0.0,31.7,13.3
1964-08-11T00:00:00,0.0,33.3,14.4
1964-08-12T00:00:00,0.0,29.4,11.7
1964-08-13T00:00:00,6.4,29.4,11.7
1964-08-14T00:00:00,1.0,25.6,13.9
1964-08-15T00:00:00,3.0,27.2,10.0
1964-08-16T00:00:00,0.0,29.4,11.1
1964-08-17T00:00:00,0.0,30.6,12.8
1964-08-18T00:00:00,0.0,29.4,12.8
1964-08-19T00:00:00,0.0,31.1,13.3
1964-08-20T00:00:00,0.5,31.1,11.7
1964-08-21T00:00:00,0.0,28.3,5.6
1964-08-22T00:00:00,0.0,25.6,7.8
1964-08-23T00:00:00,0.0,25.6,7.2
1964-08-24T00:00:00,0.0,29.4,8.3
1964-08-25T00:00:00,0.0,31.7,7.8
1964-08-26T00:00:00,0.0,31.7,8.9
1964-08-27T00:00:00,0.0,30.0,10.0
1964-08-28T00:00:00,0.0,26.7,6.1
1964-08-29T00:00:00,0.0,28.9,10.0
1964-08-30T00:00:00,0.0,28.3,6.7
1964-08-31T00:00:00,0.0,30.6,7.2
1964-09-01T00:00:00,0.0,31.7,8.9
1964-09-02T00:00:00,1.5,30.6,10.0
1964-09-03T00:00:00,0.0,30.6,8.9
1964-09-04T00:00:00,0.0,32.2,11.7
1964-09-05T00:00:00,0.0,26.7,12.2
1964-09-06T00:00:00,0.0,27.2,10.0
1964-09-07T00:00:00,0.0,28.9,12.2
1964-09-08T00:00:00,0.0,28.9,10.0
1964-09-09T00:00:00,1.0,29.4,11.7
1964-09-10T00:00:00,0.0,27.8,11.1
1964-09-11T00:00:00,0.0,27.8,10.0
1964-09-12T00:00:00,0.0,21.7,13.3
1964-09-13T00:00:00,0.0,21.1,4.4
1964-09-14T00:00:00,3.3,27.2,11.7
1964-09-15T00:00:00,3.3,25.0,9.4
1964-09-16T00:00:00,0.0,19.4,6.7
1964-09-17T00:00:00,2.0,21.1,2.8
1964-09-18T00:00:00,0.0,25.0,3.9
1964-09-19T00:00:00,0.0,25.0,5.6
1964-09-20T00:00:00,0.0,24.4,8.3
1964-09-21T00:00:00,1.8,16.7,6.7
1964-09-22T00:00:00,3.8,22.2,6.1
1964-09-23T00:00:00,1.0,21.1,9.4
1964-09-24T00:00:00,0.0,25.0,8.3
1964-09-25T00:00:00,0.0,22.2,8.9
1964-09-26T00:00:00,1.5,24.4,5.0
1964-09-27T00:00:00,0.0,22.2,3.9
1964-09-28T00:00:00,0.0,17.8,0.6
1964-09-29T00:00:00,0.0,22.8,0.6
1964-09-30T00:00:00,0.0,25.0,5.6
1964-10-01T00:00:00,0.0,25.0,3.9
1964-10-02T00:00:00,0.0,25.6,7.8
1964-10-03T00:00:00,0.0,21.1,0.6
1964-10-04T00:00:00,0.0,27.8,7.8
1964-10-05T00:00:00,0.0,18.3,3.3
1964-10-06T00:00:00,0.0,20.6,3.3
1964-10-07T00:00:00,0.0,22.8,1.7
1964-10-08T00:00:00,0.0,24.4,2.8
1964-10-09T00:00:00,0.0,24.4,1.1
1964-10-10T00:00:00,0.0,26.1,3.3
1964-10-11T00:00:00,0.0,25.0,3.3
1964-10-12T00:00:00,0.0,23.9,-1.1
1964-10-13T00:00:00,0.0,18.9,-1.1
1964-10-14T00:00:00,0.0,21.7,-1.1
1964-10-15T00:00:00,0.0,23.3,-1.1
1964-10-16T00:00:00,0.0,23.9,0.0
1964-10-17T00:00:00,0.0,24.4,2.2
1964-10-18T00:00:00,2.3,23.3,5.0
1964-10-19T00:00:00,0.0,7.8,2.2
1964-10-20T00:00:00,0.0,15.0,-3.9
1964-10-21T00:00:00,0.0,16.1,-1.7
1964-10-22T00:00:00,0.0,20.6,-3.3
1964-10-23T00:00:00,0.0,22.8,0.0
1964-10-24T00:00:00,0.0,19.4,-2.8
1964-10-25T00:00:00,0.0,17.8,-7.2
1964-10-26T00:00:00,0.0,18.3,-6.1
1964-10-27T00:00:00,0.0,18.9,-1.7
1964-10-28T00:00:00,0.0,20.6,-2.2
1964-10-29T00:00:00,0.0,22.8,0.0
1964-10-30T00:00:00,0.0,23.9,2.2
1964-10-31T00:00:00,0.0,22.8,0.0
1964-11-01T00:00:00,0.0,18.3,-4.4
1964-11-02T00:00:00,0.0,21.1,-1.7
1964-11-03T00:00:00,0.0,15.6,-1.7
1964-11-04T00:00:00,0.0,13.3,-6.7
1964-11-05T00:00:00,0.0,13.3,-7.2
1964-11-06T00:00:00,0.0,13.9,-7.8
1964-11-07T00:00:00,0.0,17.2,-7.2
1964-11-08T00:00:00,0.0,20.6,-5.6
1964-11-09T00:00:00,0.0,21.1,-3.3
1964-11-10T00:00:00,0.0,20.0,3.9
1964-11-11T00:00:00,0.0,15.6,1.7
1964-11-12T00:00:00,0.0,7.8,-6.7
1964-11-13T00:00:00,0.0,8.9,-8.9
1964-11-14T00:00:00,0.0,16.1,-2.2
1964-11-15T00:00:00,0.0,14.4,-6.1
1964-11-16T00:00:00,0.0,13.9,0.6
1964-11-17T00:00:00,0.0,5.6,-1.1
1964-11-18T00:00:00,0.0,13.9,-1.7
1964-11-19T00:00:00,10.2,2.2,-12.8
1964-11-20T00:00:00,0.0,-0.6,-11.7
1964-11-21T00:00:00,0.0,1.7,-11.1
1964-11-22T00:00:00,0.0,0.0,-9.4
1964-11-23T00:00:00,0.0,8.3,-6.7
1964-11-24T00:00:00,0.0,6.7,-6.7
1964-11-25T00:00:00,0.0,8.3,-3.3
1964-11-26T00:00:00,0.0,13.3,-5.6
1964-11-27T00:00:00,0.0,13.9,-1.1
1964-11-28T00:00:00,0.0,10.0,-2.8
1964-11-29T00:00:00,0.0,12.8,-3.3
1964-11-30T00:00:00,0.0,12.8,-10.0
1964-12-01T00:00:00,0.0,12.8,-7.2
1964-12-02T00:00:00,0.0,13.9,-5.0
1964-12-03T00:00:00,13.2,10.6,-5.6
1964-12-04T00:00:00,0.0,4.4,-11.7
1964-12-05T00:00:00,0.0,3.3,-13.9
1964-12-06T00:00:00,0.0,2.2,-12.2
1964-12-07T00:00:00,0.0,-0.6,-13.3
1964-12-08T00:00:00,0.0,-1.1,-12.8
1964-12-09T00:00:00,0.0,2.8,-15.0
1964-12-10T00:00:00,0.0,3.3,-12.2
1964-12-11T00:00:00,0.0,1.7,-8.3
1964-12-12T00:00:00,0.0,6.1,-6.1
1964-12-13T00:00:00,0.0,3.3,-16.1
1964-12-14T00:00:00,0.0,-2.2,-15.6
1964-12-15T00:00:00,0.0,3.9,-13.3
1964-12-16T00:00:00,0.0,5.0,-12.8
1964-12-17T00:00:00,0.0,9.4,-10.0
1964-12-18T00:00:00,0.0,8.3,-16.7
1964-12-19T00:00:00,1.5,-2.2,-13.9
1964-12-20T00:00:00,0.0,2.2,-9.4
1964-12-21T00:00:00,0.0,3.9,-7.2
1964-12-22T00:00:00,0.0,6.7,-2.2
1964-12-23T00:00:00,0.0,10.0,0.6
1964-12-24T00:00:00,0.0,12.2,0.0
1964-12-25T00:00:00,0.0,16.1,-0.6
1964-12-26T00:00:00,0.0,9.4,-8.3
1964-12-27T00:00:00,0.0,11.1,-6.1
1964-12-28T00:00:00,0.0,12.8,4.4
1964-12-29T00:00:00,0.0,11.7,-4.4
1964-12-30T00:00:00,0.0,3.3,-5.0
1964-12-31T00:00:00,0.0,6.7,-5.0
1965-01-01T00:00:00,0.0,10.6,-2.8
1965-01-02T00:00:00,0.0,5.6,-12.8
1965-01-03T00:00:00,0.0,5.0,-13.9
1965-01-04T00:00:00,0.0,7.2,-10.0
1965-01-05T00:00:00,0.0,9.4,-7.8
1965-01-06T00:00:00,0.0,8.3,-1.7
1965-01-07T00:00:00,0.0,10.0,0.0
1965-01-08T00:00:00,4.3,14.4,0.6
1965-01-09T00:00:00,4.8,3.9,-14.4
1965-01-10T00:00:00,0.0,2.2,-7.8
1965-01-11T00:00:00,0.0,5.0,-7.2
1965-01-12T00:00:00,0.0,7.8,-7.2
1965-01-13T00:00:00,0.0,7.8,-7.8
1965-01-14T00:00:00,0.0,7.2,-5.0
1965-01-15T00:00:00,0.0,7.2,-5.6
1965-01-16T00:00:00,0.0,12.8,-6.7
1965-01-17T00:00:00,0.0,12.8,-5.0
1965-01-18T00:00:00,0.0,12.2,-6.7
1965-01-19T00:00:00,0.0,8.9,-5.0
1965-01-20T00:00:00,0.0,5.0,-4.4
1965-01-21T00:00:00,0.0,8.3,-2.2
1965-01-22T00:00:00,0.0,7.8,-2.2
1965-01-23T00:00:00,0.0,4.4,-9.4
1965-01-24T00:00:00,0.0,5.6,-5.6
1965-01-25T00:00:00,0.0,12.8,-4.4
1965-01-26T00:00:00,0.0,0.0,-10.6
1965-01-27T00:00:00,0.0,1.1,-12.2
1965-01-28T00:00:00,0.0,2.2,-8.3
1965-01-29T00:00:00,0.0,8.9,-5.6
1965-01-30T00:00:00,0.0,11.1,1.1
1965-01-31T00:00:00,0.0,13.3,1.1
1965-02-01T00:00:00,0.0,14.4,-7.8
1965-02-02T00:00:00,0.0,13.3,-6.7
1965-02-03T00:00:00,0.0,11.7,-11.7
1965-02-04T00:00:00,0.0,13.3,-10.0
1965-02-05T00:00:00,0.0,15.6,-7.2
1965-02-06T00:00:00,0.0,13.9,-6.1
1965-02-07T00:00:00,0.0,12.2,-1.1
1965-02-08T00:00:00,0.0,6.7,-6.1
1965-02-09T00:00:00,0.0,0.0,-10.6
1965-02-10T00:00:00,1.8,5.0,-9.4
1965-02-11T00:00:00,0.0,-2.2,-15.6
1965-02-12T00:00:00,0.0,-3.3,-14.4
1965-02-13T00:00:00,0.0,-5.0,-19.4
1965-02-14T00:00:00,0.0,-4.4,-13.3
1965-02-15T00:00:00,0.0,1.7,-10.0
1965-02-16T00:00:00,0.0,-1.7,-16.1
1965-02-17T00:00:00,0.0,3.9,-10.0
1965-02-18T00:00:00,0.0,9.4,-8.9
1965-02-19T00:00:00,0.0,13.9,-7.8
1965-02-20T00:00:00,0.0,14.4,-4.4
1965-02-21T00:00:00,0.0,15.0,-6.1
1965-02-22T00:00:00,0.0,12.8,-7.2
1965-02-23T00:00:00,0.0,16.1,-3.9
1965-02-24T00:00:00,0.8,-3.3,-18.3
1965-02-25T00:00:00,0.0,3.3,-11.7
1965-02-26T00:00:00,0.0,10.0,-5.6
1965-02-27T00:00:00,0.0,14.4,-6.7
1965-02-28T00:00:00,0.5,16.7,1.7
1965-03-01T00:00:00,0.0,10.6,-5.6
1965-03-02T00:00:00,3.6,-1.1,-11.7
1965-03-03T00:00:00,0.0,-5.0,-15.0
1965-03-04T00:00:00,0.0,-5.6,-15.6
1965-03-05T00:00:00,0.0,1.7,-11.7
1965-03-06T00:00:00,0.0,8.9,-9.4
1965-03-07T00:00:00,0.0,10.0,-10.6
1965-03-08T00:00:00,0.0,11.7,-8.9
1965-03-09T00:00:00,0.0,11.1,-7.2
1965-03-10T00:00:00,0.0,11.7,-2.8
1965-03-11T00:00:00,1.8,12.2,2.2
1965-03-12T00:00:00,4.6,10.6,-2.8
1965-03-13T00:00:00,0.0,8.3,-6.7
1965-03-14T00:00:00,0.0,9.4,-5.0
1965-03-15T00:00:00,0.0,9.4,-6.1
1965-03-16T00:00:00,0.0,14.4,-2.8
1965-03-17T00:00:00,0.0,6.7,-2.8
1965-03-18T00:00:00,0.0,13.9,-10.0
1965-03-19T00:00:00,0.0,4.4,-13.3
1965-03-20T00:00:00,0.0,5.6,-15.6
1965-03-21T00:00:00,0.0,8.3,-9.4
1965-03-22T00:00:00,0.0,15.0,-5.0
1965-03-23T00:00:00,0.0,14.4,0.0
1965-03-24T00:00:00,0.0,17.2,-0.6
1965-03-25T00:00:00,0.0,16.1,-1.1
1965-03-26T00:00:00,1.0,7.2,-7.8
1965-03-27T00:00:00,0.0,14.4,-2.8
1965-03-28T00:00:00,0.0,17.2,0.0
1965-03-29T00:00:00,0.0,17.2,-1.7
1965-03-30T00:00:00,0.0,16.1,-5.6
1965-03-31T00:00:00,0.0,18.3,-2.8
1965-04-01T00:00:00,0.0,20.6,1.1
1965-04-02T00:00:00,1.0,16.7,0.0
1965-04-03T00:00:00,0.0,17.2,-2.8
1965-04-04T00:00:00,0.0,17.2,0.0
1965-04-05T00:00:00,0.0,17.2,-6.1
1965-04-06T00:00:00,0.0,12.8,-2.2
1965-04-07T00:00:00,0.0,16.7,3.9
1965-04-08T00:00:00,0.0,18.3,-1.7
1965-04-09T00:00:00,0.0,19.4,-5.0
1965-04-10T00:00:00,0.0,18.3,0.6
1965-04-11T00:00:00,0.0,14.4,-6.1
1965-04-12T00:00:00,0.0,10.6,-5.6
1965-04-13T00:00:00,0.0,15.6,2.8
1965-04-14T00:00:00,0.0,18.3,1.7
1965-04-15T00:00:00,0.0,14.4,-5.0
1965-04-16T00:00:00,0.0,17.8,-6.1
1965-04-17T00:00:00,0.0,22.2,0.6
1965-04-18T00:00:00,0.0,22.8,6.1
1965-04-19T00:00:00,0.0,22.2,0.6
1965-04-20T00:00:00,0.0,22.8,2.2
1965-04-21T00:00:00,0.0,26.1,2.2
1965-04-22T00:00:00,0.0,28.3,0.0
1965-04-23T00:00:00,0.0,29.4,0.0
1965-04-24T00:00:00,0.0,27.2,2.8
1965-04-25T00:00:00,0.0,21.1,3.3
1965-04-26T00:00:00,6.1,15.6,1.1
1965-04-27T00:00:00,1.3,15.6,0.6
1965-04-28T00:00:00,0.8,10.0,1.1
1965-04-29T00:00:00,0.0,15.0,-2.8
1965-04-30T00:00:00,0.0,20.6,0.0
1965-05-01T00:00:00,0.0,23.9,3.9
1965-05-02T00:00:00,0.0,27.2,7.2
1965-05-03T00:00:00,0.0,26.1,6.7
1965-05-04T00:00:00,0.0,26.7,2.8
1965-05-05T00:00:00,0.0,23.9,3.9
1965-05-06T00:00:00,0.0,21.7,0.0
1965-05-07T00:00:00,0.0,23.3,0.6
1965-05-08T00:00:00,0.0,22.8,-1.7
1965-05-09T00:00:00,0.0,14.4,-7.2
1965-05-10T00:00:00,0.0,20.0,4.4
1965-05-11T00:00:00,0.0,19.4,5.6
1965-05-12T00:00:00,0.0,20.0,3.3
1965-05-13T00:00:00,10.9,22.8,6.7
1965-05-14T00:00:00,1.8,14.4,5.6
1965-05-15T00:00:00,0.0,18.3,2.8
1965-05-16T00:00:00,1.0,20.0,2.8
1965-05-17T00:00:00,0.0,22.2,3.3
1965-05-18T00:00:00,0.0,24.4,5.0
1965-05-19T00:00:00,0.0,26.7,7.2
1965-05-20T00:00:00,0.0,27.2,6.1
1965-05-21T00:00:00,0.0,28.9,5.6
1965-05-22T00:00:00,0.0,29.4,5.6
1965-05-23T00:00:00,0.0,28.9,13.9
1965-05-24T00:00:00,0.0,25.0,2.2
1965-05-25T00:00:00,0.0,20.0,0.6
1965-05-26T00:00:00,0.0,18.9,2.2
1965-05-27T00:00:00,0.0,18.9,2.2
1965-05-28T00:00:00,0.0,22.8,6.1
1965-05-29T00:00:00,0.0,22.8,4.4
1965-05-30T00:00:00,0.0,25.0,7.8
1965-05-31T00:00:00,4.3,21.1,1.7
1965-06-01T00:00:00,0.0,25.6,3.3
1965-06-02T00:00:00,0.0,24.4,4.4
1965-06-03T00:00:00,0.0,25.6,2.8
1965-06-04T00:00:00,0.0,25.6,5.6
1965-06-05T00:00:00,0.0,22.2,5.6
1965-06-06T00:00:00,0.0,23.9,1.7
1965-06-07T00:00:00,0.0,26.7,7.2
1965-06-08T00:00:00,0.0,29.4,6.1
1965-06-09T00:00:00,0.0,29.4,12.2
1965-06-10T00:00:00,2.8,22.8,7.8
1965-06-11T00:00:00,5.8,20.6,3.3
1965-06-12T00:00:00,2.0,16.7,6.1
1965-06-13T00:00:00,0.0,25.6,9.4
1965-06-14T00:00:00,0.0,28.9,7.2
1965-06-15T00:00:00,0.0,30.0,14.4
1965-06-16T00:00:00,0.0,29.4,14.4
1965-06-17T00:00:00,0.0,30.0,15.0
1965-06-18T00:00:00,1.3,29.4,11.1
1965-06-19T00:00:00,31.5,26.7,10.6
1965-06-20T00:00:00,9.7,26.1,9.4
1965-06-21T00:00:00,0.0,27.2,10.0
1965-06-22T00:00:00,0.0,29.4,5.6
1965-06-23T00:00:00,0.0,29.4,9.4
1965-06-24T00:00:00,6.6,31.1,11.7
1965-06-25T00:00:00,2.8,26.7,10.0
1965-06-26T00:00:00,0.0,27.2,6.7
1965-06-27T00:00:00,0.0,27.2,7.2
1965-06-28T00:00:00,0.0,28.3,7.2
1965-06-29T00:00:00,0.0,31.7,10.0
1965-06-30T00:00:00,0.0,32.8,12.8
1965-07-01T00:00:00,7.6,32.8,13.9
1965-07-02T00:00:00,0.0,29.4,12.8
1965-07-03T00:00:00,0.0,31.1,8.9
1965-07-04T00:00:00,1.8,30.0,8.9
1965-07-05T00:00:00,0.0,,
1965-07-06T00:00:00,0.0,32.2,11.1
1965-07-07T00:00:00,0.0,33.3,11.7
1965-07-08T00:00:00,0.0,31.1,10.0
1965-07-09T00:00:00,0.0,30.6,9.4
1965-07-10T00:00:00,0.0,32.2,16.7
1965-07-11T00:00:00,0.0,32.2,15.6
1965-07-12T00:00:00,0.0,32.2,15.6
1965-07-13T00:00:00,3.8,30.0,12.2
1965-07-14T00:00:00,19.1,31.7,12.8
1965-07-15T00:00:00,0.0,25.6,12.2
1965-07-16T00:00:00,0.0,26.7,11.7
1965-07-17T00:00:00,0.0,30.0,12.2
1965-07-18T00:00:00,0.0,30.6,12.8
1965-07-19T00:00:00,0.0,30.6,13.9
1965-07-20T00:00:00,0.0,32.2,12.2
1965-07-21T00:00:00,0.0,34.4,15.6
1965-07-22T00:00:00,0.0,32.2,12.2
1965-07-23T00:00:00,0.0,31.7,12.2
1965-07-24T00:00:00,11.9,33.3,12.8
1965-07-25T00:00:00,0.0,33.3,12.2
1965-07-26T00:00:00,2.5,26.7,13.9
1965-07-27T00:00:00,0.0,28.3,15.0
1965-07-28T00:00:00,0.0,29.4,15.6
1965-07-29T00:00:00,0.0,26.7,13.9
1965-07-30T00:00:00,0.0,28.3,10.0
1965-07-31T00:00:00,0.0,32.2,13.9
1965-08-01T00:00:00,11.9,26.1,11.7
1965-08-02T00:00:00,1.3,17.2,10.0
1965-08-03T00:00:00,4.1,23.9,8.9
1965-08-04T00:00:00,0.0,28.3,12.8
1965-08-05T00:00:00,0.0,30.0,10.0
1965-08-06T00:00:00,0.0,30.6,11.1
1965-08-07T00:00:00,0.0,31.7,11.1
1965-08-08T00:00:00,0.0,32.8,16.7
1965-08-09T00:00:00,0.0,31.1,11.7
1965-08-10T00:00:00,0.0,30.6,8.3
1965-08-11T00:00:00,0.0,30.0,8.9
1965-08-12T00:00:00,0.0,31.1,11.1
1965-08-13T00:00:00,1.8,32.2,10.0
1965-08-14T00:00:00,6.9,30.6,11.1
1965-08-15T00:00:00,0.0,25.6,6.1
1965-08-16T00:00:00,1.8,27.2,12.8
1965-08-17T00:00:00,0.0,30.0,11.1
1965-08-18T00:00:00,2.0,28.3,10.6
1965-08-19T00:00:00,11.7,26.1,10.6
1965-08-20T00:00:00,0.8,22.2,8.9
1965-08-21T00:00:00,0.0,27.2,11.1
1965-08-22T00:00:00,1.5,27.2,12.2
1965-08-23T00:00:00,0.8,26.1,10.0
1965-08-24T00:00:00,0.0,27.2,11.1
1965-08-25T00:00:00,1.8,27.8,10.6
1965-08-26T00:00:00,0.0,30.6,11.1
1965-08-27T00:00:00,0.0,31.1,10.6
1965-08-28T00:00:00,0.0,32.8,13.3
1965-08-29T00:00:00,0.0,31.1,14.4
1965-08-30T00:00:00,0.0,29.4,8.9
1965-08-31T00:00:00,0.0,28.3,11.7
1965-09-01T00:00:00,0.0,28.3,10.6
1965-09-02T00:00:00,5.8,25.6,11.7
1965-09-03T00:00:00,1.3,25.6,11.1
1965-09-04T00:00:00,0.0,24.4,10.6
1965-09-05T00:00:00,0.0,26.1,14.4
1965-09-06T00:00:00,4.8,22.8,8.3
1965-09-07T00:00:00,24.6,26.1,12.8
1965-09-08T00:00:00,16.5,23.3,11.7
1965-09-09T00:00:00,5.3,19.4,11.7
1965-09-10T00:00:00,0.0,23.3,7.2
1965-09-11T00:00:00,0.0,26.1,14.4
1965-09-12T00:00:00,8.6,20.0,11.7
1965-09-13T00:00:00,0.0,24.4,8.3
1965-09-14T00:00:00,0.0,26.7,12.8
1965-09-15T00:00:00,0.0,25.6,8.3
1965-09-16T00:00:00,0.0,26.1,7.2
1965-09-17T00:00:00,0.0,26.7,5.0
1965-09-18T00:00:00,0.0,20.0,7.2
1965-09-19T00:00:00,0.0,23.3,6.1
1965-09-20T00:00:00,0.0,22.8,6.1
1965-09-21T00:00:00,0.0,15.6,1.1
1965-09-22T00:00:00,0.0,14.4,0.6
1965-09-23T00:00:00,0.0,16.7,1.1
1965-09-24T00:00:00,0.0,23.9,6.7
1965-09-25T00:00:00,0.0,23.3,6.1
1965-09-26T00:00:00,0.0,25.6,6.1
1965-09-27T00:00:00,0.0,26.1,8.3
1965-09-28T00:00:00,0.0,25.6,7.8
1965-09-29T00:00:00,0.0,25.6,6.7
1965-09-30T00:00:00,0.0,20.0,-0.6
1965-10-01T00:00:00,0.0,17.8,-3.3
1965-10-02T00:00:00,0.0,21.7,-1.1
1965-10-03T00:00:00,0.0,23.9,2.2
1965-10-04T00:00:00,0.0,21.7,-1.1
1965-10-05T00:00:00,0.0,23.9,0.6
1965-10-06T00:00:00,0.0,26.7,8.9
1965-10-07T00:00:00,0.0,23.3,4.4
1965-10-08T00:00:00,0.0,27.2,1.1
1965-10-09T00:00:00,0.0,27.8,1.1
1965-10-10T00:00:00,0.0,27.8,4.4
1965-10-11T00:00:00,0.0,25.6,1.7
1965-10-12T00:00:00,0.0,21.1,-3.9
1965-10-13T00:00:00,0.0,22.8,0.6
1965-10-14T00:00:00,0.0,24.4,4.4
1965-10-15T00:00:00,0.0,23.3,3.9
1965-10-16T00:00:00,0.0,23.3,4.4
1965-10-17T00:00:00,14.2,19.4,4.4
1965-10-18T00:00:00,5.3,7.2,-1.1
1965-10-19T00:00:00,0.0,9.4,-0.6
1965-10-20T00:00:00,0.0,13.3,0.0
1965-10-21T00:00:00,0.0,15.6,-2.2
1965-10-22T00:00:00,0.0,16.7,0.0
1965-10-23T00:00:00,0.0,19.4,-0.6
1965-10-24T00:00:00,0.0,22.8,0.6
1965-10-25T00:00:00,0.0,22.8,1.1
1965-10-26T00:00:00,0.0,23.3,1.7
1965-10-27T00:00:00,0.0,21.1,1.7
1965-10-28T00:00:00,0.0,20.6,-1.1
1965-10-29T00:00:00,0.0,20.0,-1.1
1965-10-30T00:00:00,0.0,20.0,-2.8
1965-10-31T00:00:00,0.0,20.0,-3.9
1965-11-01T00:00:00,0.0,18.9,-3.9
1965-11-02T00:00:00,0.0,18.3,-2.2
1965-11-03T00:00:00,0.0,17.8,-3.9
1965-11-04T00:00:00,0.0,19.4,-5.0
1965-11-05T00:00:00,0.0,18.3,-5.0
1965-11-06T00:00:00,0.0,18.3,-5.0
1965-11-07T00:00:00,0.0,18.3,-2.8
1965-11-08T00:00:00,0.0,19.4,-3.9
1965-11-09T00:00:00,0.0,18.9,1.7
1965-11-10T00:00:00,0.0,16.7,-2.8
1965-11-11T00:00:00,0.0,17.8,-2.2
1965-11-12T00:00:00,0.0,15.6,0.6
1965-11-13T00:00:00,0.0,20.6,-2.2
1965-11-14T00:00:00,0.0,16.1,-3.9
1965-11-15T00:00:00,0.0,18.9,2.8
1965-11-16T00:00:00,0.0,18.3,0.0
1965-11-17T00:00:00,0.0,16.1,0.6
1965-11-18T00:00:00,0.0,15.0,1.1
1965-11-19T00:00:00,0.0,14.4,0.0
1965-11-20T00:00:00,0.0,15.0,-1.1
1965-11-21T00:00:00,0.0,14.4,3.9
1965-11-22T00:00:00,0.0,11.1,-3.3
1965-11-23T00:00:00,0.0,14.4,0.6
1965-11-24T00:00:00,0.3,16.1,4.4
1965-11-25T00:00:00,0.0,15.6,
1965-11-26T00:00:00,3.3,,
1965-11-27T00:00:00,0.0,,
1965-11-28T00:00:00,0.0,,
1965-11-29T00:00:00,0.0,,-10.6
1965-11-30T00:00:00,0.0,8.3,-12.2
1965-12-01T00:00:00,7.1,8.3,-9.4
1965-12-02T00:00:00,0.0,2.8,-7.8
1965-12-03T00:00:00,0.0,7.8,-6.7
1965-12-04T00:00:00,0.0,12.2,-5.6
1965-12-05T00:00:00,0.0,13.3,-5.6
1965-12-06T00:00:00,0.0,16.1,-6.1
1965-12-07T00:00:00,0.0,14.4,-8.3
1965-12-08T00:00:00,0.0,13.9,-7.8
1965-12-09T00:00:00,0.0,12.2,-4.4
1965-12-10T00:00:00,7.9,11.7,-1.7
1965-12-11T00:00:00,0.0,10.6,0.6
1965-12-12T00:00:00,0.0,6.7,-3.9
1965-12-13T00:00:00,0.0,8.3,-6.7
1965-12-14T00:00:00,0.0,7.8,-9.4
1965-12-15T00:00:00,8.1,4.4,-8.3
1965-12-16T00:00:00,2.3,-3.9,-18.3
1965-12-17T00:00:00,2.8,-1.1,-15.6
1965-12-18T00:00:00,1.0,2.8,-7.2
1965-12-19T00:00:00,0.0,-1.7,-16.7
1965-12-20T00:00:00,0.0,1.7,-12.8
1965-12-21T00:00:00,0.0,2.8,-15.6
1965-12-22T00:00:00,0.0,2.2,-13.3
1965-12-23T00:00:00,3.8,5.0,-2.8
1965-12-24T00:00:00,3.0,4.4,-5.0
1965-12-25T00:00:00,0.0,1.1,-13.3
1965-12-26T00:00:00,0.0,3.9,-10.6
1965-12-27T00:00:00,0.0,4.4,-11.7
1965-12-28T00:00:00,0.0,5.6,-8.3
1965-12-29T00:00:00,0.0,9.4,-6.1
1965-12-30T00:00:00,0.0,12.2,-3.9
1965-12-31T00:00:00,0.0,7.8,-2.2
1966-01-01T00:00:00,0.0,7.2,-3.3
1966-01-02T00:00:00,0.0,1.1,-9.4
1966-01-03T00:00:00,0.0,-1.1,-13.3
1966-01-04T00:00:00,0.0,4.4,-12.2
1966-01-05T00:00:00,0.0,4.4,-9.4
1966-01-06T00:00:00,0.0,6.7,-8.3
1966-01-07T00:00:00,0.0,8.3,-4.4
1966-01-08T00:00:00,0.0,11.7,-7.8
1966-01-09T00:00:00,0.0,11.1,-4.4
1966-01-10T00:00:00,0.0,8.9,-7.8
1966-01-11T00:00:00,0.0,10.0,-7.8
1966-01-12T00:00:00,0.0,8.3,-7.2
1966-01-13T00:00:00,0.0,6.7,-6.7
1966-01-14T00:00:00,0.0,4.4,-6.7
1966-01-15T00:00:00,0.0,3.9,-7.2
1966-01-16T00:00:00,0.0,3.3,-10.6
1966-01-17T00:00:00,1.3,-1.7,-12.2
1966-01-18T00:00:00,0.0,2.2,-12.2
1966-01-19T00:00:00,5.8,-1.1,-9.4
1966-01-20T00:00:00,0.0,0.0,-15.6
1966-01-21T00:00:00,1.5,3.9,-9.4
1966-01-22T00:00:00,0.0,-4.4,-20.6
1966-01-23T00:00:00,0.0,-1.1,-18.9
1966-01-24T00:00:00,0.0,1.1,-12.2
1966-01-25T00:00:00,0.0,-1.7,-17.2
1966-01-26T00:00:00,0.0,-1.7,-13.9
1966-01-27T00:00:00,0.0,1.7,-15.0
1966-01-28T00:00:00,0.0,5.6,-13.9
1966-01-29T00:00:00,0.0,4.4,-10.6
1966-01-30T00:00:00,0.0,7.2,-6.7
1966-01-31T00:00:00,0.0,10.6,-4.4
1966-02-01T00:00:00,0.0,3.3,-6.7
1966-02-02T00:00:00,0.0,2.2,-6.7
1966-02-03T00:00:00,0.0,1.7,-13.3
1966-02-04T00:00:00,0.0,3.9,-10.0
1966-02-05T00:00:00,0.0,8.3,-8.9
1966-02-06T00:00:00,0.0,10.6,-6.1
1966-02-07T00:00:00,0.0,12.8,-1.1
1966-02-08T00:00:00,6.6,5.0,-1.1
1966-02-09T00:00:00,0.0,2.8,-7.8
1966-02-10T00:00:00,0.0,3.9,-8.9
1966-02-11T00:00:00,0.0,-0.6,-13.9
1966-02-12T00:00:00,0.0,0.6,-11.7
1966-02-13T00:00:00,0.0,4.4,-7.8
1966-02-14T00:00:00,0.0,0.0,-12.2
1966-02-15T00:00:00,0.0,2.2,-11.1
1966-02-16T00:00:00,0.0,3.3,-13.3
1966-02-17T00:00:00,0.0,1.7,-11.7
1966-02-18T00:00:00,0.0,5.6,-9.4
1966-02-19T00:00:00,0.0,8.3,-8.9
1966-02-20T00:00:00,0.0,12.8,-9.4
1966-02-21T00:00:00,0.0,11.1,-6.7
1966-02-22T00:00:00,0.0,5.0,-9.4
1966-02-23T00:00:00,0.0,4.4,-13.3
1966-02-24T00:00:00,0.0,5.0,-13.3
1966-02-25T00:00:00,0.0,7.8,-11.7
1966-02-26T00:00:00,0.0,8.9,-7.2
1966-02-27T00:00:00,0.0,7.2,-2.8
1966-02-28T00:00:00,0.0,6.7,-3.3
1966-03-01T00:00:00,0.0,10.0,-10.6
1966-03-02T00:00:00,0.0,12.8,-5.0
1966-03-03T00:00:00,0.0,6.7,-10.6
1966-03-04T00:00:00,0.0,-2.2,-11.7
1966-03-05T00:00:00,0.0,-1.1,-12.2
1966-03-06T00:00:00,0.0,7.8,-6.1
1966-03-07T00:00:00,0.0,12.8,-7.8
1966-03-08T00:00:00,0.0,16.1,-2.8
1966-03-09T00:00:00,0.0,15.6,-5.6
1966-03-10T00:00:00,0.0,18.9,-2.8
1966-03-11T00:00:00,0.0,16.1,-2.2
1966-03-12T00:00:00,0.0,17.2,-6.1
1966-03-13T00:00:00,0.0,16.7,-6.1
1966-03-14T00:00:00,0.0,18.3,-0.6
1966-03-15T00:00:00,0.0,19.4,-3.3
1966-03-16T00:00:00,0.0,19.4,-3.9
1966-03-17T00:00:00,0.0,19.4,-0.6
1966-03-18T00:00:00,0.0,17.2,-5.0
1966-03-19T00:00:00,0.0,17.8,-5.0
1966-03-20T00:00:00,0.0,21.1,1.7
1966-03-21T00:00:00,0.0,20.0,-1.1
1966-03-22T00:00:00,0.0,17.8,-2.2
1966-03-23T00:00:00,0.0,7.2,-13.3
1966-03-24T00:00:00,0.0,10.6,-8.3
1966-03-25T00:00:00,0.0,12.8,-7.2
1966-03-26T00:00:00,0.0,17.8,-1.1
1966-03-27T00:00:00,0.0,16.7,-4.4
1966-03-28T00:00:00,0.0,19.4,0.0
1966-03-29T00:00:00,0.0,16.1,-3.9
1966-03-30T00:00:00,0.0,17.8,-3.3
1966-03-31T00:00:00,0.0,20.0,-1.7
1966-04-01T00:00:00,0.0,23.3,3.9
1966-04-02T00:00:00,0.0,22.2,-1.7
1966-04-03T00:00:00,0.0,25.0,-1.7
1966-04-04T00:00:00,0.0,18.9,-6.1
1966-04-05T00:00:00,0.0,10.6,-5.0
1966-04-06T00:00:00,0.0,12.8,-2.2
1966-04-07T00:00:00,0.0,19.4,-3.9
1966-04-08T00:00:00,0.0,22.2,-1.1
1966-04-09T00:00:00,0.0,21.1,-1.7
1966-04-10T00:00:00,0.0,23.3,1.1
1966-04-11T00:00:00,0.0,21.1,0.0
1966-04-12T00:00:00,0.0,19.4,0.0
1966-04-13T00:00:00,0.0,18.3,2.2
1966-04-14T00:00:00,0.0,18.3,-1.1
1966-04-15T00:00:00,0.0,21.1,-1.1
1966-04-16T00:00:00,0.0,22.8,0.0
1966-04-17T00:00:00,0.0,23.9,3.9
1966-04-18T00:00:00,0.0,23.9,3.9
1966-04-19T00:00:00,0.0,21.1,1.1
1966-04-20T00:00:00,0.0,18.3,-2.2
1966-04-21T00:00:00,0.0,9.4,-5.6
1966-04-22T00:00:00,0.0,16.1,0.6
1966-04-23T00:00:00,0.0,16.1,-3.9
1966-04-24T00:00:00,0.0,17.2,1.1
1966-04-25T00:00:00,0.0,17.8,1.7
1966-04-26T00:00:00,0.0,21.1,0.6
1966-04-27T00:00:00,0.0,23.9,8.3
1966-04-28T00:00:00,0.0,19.4,2.2
1966-04-29T00:00:00,0.0,16.7,1.1
1966-04-30T00:00:00,0.0,23.9,4.4
1966-05-01T00:00:00,0.0,18.3,-2.8
1966-05-02T00:00:00,0.0,22.2,-2.2
1966-05-03T00:00:00,0.0,21.1,-0.6
1966-05-04T00:00:00,0.0,22.2,-2.8
1966-05-05T00:00:00,0.0,22.8,0.0
1966-05-06T00:00:00,0.0,26.1,3.3
1966-05-07T00:00:00,0.0,26.7,4.4
1966-05-08T00:00:00,0.0,28.9,5.6
1966-05-09T00:00:00,0.0,29.4,8.3
1966-05-10T00:00:00,0.0,18.3,2.8
1966-05-11T00:00:00,0.0,23.9,5.6
1966-05-12T00:00:00,0.0,21.1,-0.6
1966-05-13T00:00:00,0.0,18.9,-1.7
1966-05-14T00:00:00,0.0,22.2,0.6
1966-05-15T00:00:00,0.0,27.2,6.7
1966-05-16T00:00:00,0.0,27.2,5.6
1966-05-17T00:00:00,0.0,27.2,9.4
1966-05-18T00:00:00,0.0,28.3,6.1
1966-05-19T00:00:00,0.0,22.2,7.8
1966-05-20T00:00:00,0.0,25.6,3.9
1966-05-21T00:00:00,0.0,28.3,8.9
1966-05-22T00:00:00,0.0,28.3,9.4
1966-05-23T00:00:00,0.0,27.8,10.0
1966-05-24T00:00:00,0.0,27.8,8.3
1966-05-25T00:00:00,0.0,27.8,8.3
1966-05-26T00:00:00,5.8,27.8,8.3
1966-05-27T00:00:00,5.3,25.6,4.4
1966-05-28T00:00:00,0.0,26.1,8.3
1966-05-29T00:00:00,0.0,27.2,5.0
1966-05-30T00:00:00,0.0,29.4,7.8
1966-05-31T00:00:00,0.8,30.6,12.8
1966-06-01T00:00:00,2.3,26.7,9.4
1966-06-02T00:00:00,1.5,23.9,5.0
1966-06-03T00:00:00,0.0,28.9,5.0
1966-06-04T00:00:00,0.0,28.9,6.1
1966-06-05T00:00:00,0.0,29.4,12.2
1966-06-06T00:00:00,0.0,27.2,9.4
1966-06-07T00:00:00,0.0,26.1,5.0
1966-06-08T00:00:00,0.0,29.4,8.9
1966-06-09T00:00:00,0.0,27.2,7.8
1966-06-10T00:00:00,7.1,22.8,9.4
1966-06-11T00:00:00,4.8,19.4,7.2
1966-06-12T00:00:00,0.0,26.7,8.9
1966-06-13T00:00:00,0.0,29.4,10.6
1966-06-14T00:00:00,0.0,30.6,11.1
