DATE,PRCP,TMAX,TMIN
2013-09-24T00:00:00,,,
2013-09-25T00:00:00,,13.6,1.6
2013-09-26T00:00:00,,13.0,5.5
2013-09-27T00:00:00,,9.7,-5.2
2013-09-28T00:00:00,,9.5,-6.4
2013-09-29T00:00:00,,10.8,1.4
2013-09-30T00:00:00,,15.2,3.8
2013-10-01T00:00:00,0.0,15.0,5.8
2013-10-02T00:00:00,0.0,13.6,4.5
2013-10-03T00:00:00,0.0,11.9,2.3
2013-10-04T00:00:00,0.0,4.9,-4.6
2013-10-05T00:00:00,0.0,3.0,-8.9
2013-10-06T00:00:00,0.0,11.2,-2.3
2013-10-07T00:00:00,0.0,12.6,3.0
2013-10-08T00:00:00,0.0,12.1,4.8
2013-10-09T00:00:00,0.0,10.9,0.6
2013-10-10T00:00:00,10.2,6.9,-6.4
2013-10-11T00:00:00,0.0,1.3,-6.6
2013-10-12T00:00:00,0.0,7.0,-3.5
2013-10-13T00:00:00,0.0,10.8,2.1
2013-10-14T00:00:00,0.0,4.6,-2.9
2013-10-15T00:00:00,7.6,5.2,-4.2
2013-10-16T00:00:00,2.5,-1.2,-6.2
2013-10-17T00:00:00,0.0,5.0,-5.9
2013-10-18T00:00:00,0.0,2.6,-4.6
2013-10-19T00:00:00,2.5,4.5,-3.1
2013-10-20T00:00:00,0.0,5.9,-1.2
2013-10-21T00:00:00,0.0,4.0,-3.6
2013-10-22T00:00:00,0.0,8.6,-1.6
2013-10-23T00:00:00,0.0,10.5,0.6
2013-10-24T00:00:00,2.5,9.7,-0.1
2013-10-25T00:00:00,20.3,5.1,-1.4
2013-10-26T00:00:00,0.0,4.8,-2.8
2013-10-27T00:00:00,0.0,5.8,-1.4
2013-10-28T00:00:00,0.0,5.2,1.2
2013-10-29T00:00:00,5.1,5.0,-2.4
2013-10-30T00:00:00,17.8,-1.1,-7.9
2013-10-31T00:00:00,0.0,-3.2,-8.8
2013-11-01T00:00:00,2.5,-0.2,-8.8
2013-11-02T00:00:00,2.5,8.0,-4.4
2013-11-03T00:00:00,0.0,1.3,-3.1
2013-11-04T00:00:00,2.5,5.1,-4.7
2013-11-05T00:00:00,12.7,-0.8,-11.3
2013-11-06T00:00:00,2.5,-2.0,-12.8
2013-11-07T00:00:00,0.0,6.6,-4.6
2013-11-08T00:00:00,0.0,5.1,-1.0
2013-11-09T00:00:00,0.0,8.2,-0.2
2013-11-10T00:00:00,0.0,7.9,0.1
2013-11-11T00:00:00,0.0,7.5,0.3
2013-11-12T00:00:00,0.0,5.4,-1.8
2013-11-13T00:00:00,0.0,4.6,-2.6
2013-11-14T00:00:00,0.0,2.9,-4.1
2013-11-15T00:00:00,10.2,1.6,-3.0
2013-11-16T00:00:00,10.2,-2.6,-4.7
2013-11-17T00:00:00,0.0,0.4,-5.7
2013-11-18T00:00:00,0.0,3.5,-4.9
2013-11-19T00:00:00,0.0,3.7,-3.1
2013-11-20T00:00:00,2.5,0.4,-3.6
2013-11-21T00:00:00,7.6,0.4,-4.3
2013-11-22T00:00:00,2.5,1.4,-2.6
2013-11-23T00:00:00,2.5,-0.6,-6.3
2013-11-24T00:00:00,7.6,-4.7,-11.4
2013-11-25T00:00:00,0.0,-4.3,-12.1
2013-11-26T00:00:00,0.0,-3.4,-10.6
2013-11-27T00:00:00,2.5,0.4,-10.1
2013-11-28T00:00:00,0.0,2.7,-4.7
2013-11-29T00:00:00,0.0,-0.3,-5.8
2013-11-30T00:00:00,0.0,2.1,-4.7
2013-12-01T00:00:00,0.0,-0.1,-5.2
2013-12-02T00:00:00,0.0,2.4,-4.2
2013-12-03T00:00:00,2.5,2.1,-3.6
2013-12-04T00:00:00,2.5,-2.3,-8.8
2013-12-05T00:00:00,2.5,-8.4,-15.2
2013-12-06T00:00:00,0.0,-11.7,-16.4
2013-12-07T00:00:00,5.1,-7.2,-12.6
2013-12-08T00:00:00,2.5,-11.3,-18.1
2013-12-09T00:00:00,0.0,-13.6,-20.6
2013-12-10T00:00:00,2.5,-7.1,-15.2
2013-12-11T00:00:00,2.5,-2.7,-10.5
2013-12-12T00:00:00,0.0,1.7,-5.5
2013-12-13T00:00:00,0.0,-2.7,-9.1
2013-12-14T00:00:00,0.0,-4.3,-12.3
2013-12-15T00:00:00,2.5,-0.1,-7.2
2013-12-16T00:00:00,0.0,4.1,-4.8
2013-12-17T00:00:00,0.0,6.1,-3.5
2013-12-18T00:00:00,0.0,5.0,-1.1
2013-12-19T00:00:00,0.0,0.7,-5.7
2013-12-20T00:00:00,0.0,-2.7,-7.4
2013-12-21T00:00:00,0.0,-7.2,-11.3
2013-12-22T00:00:00,0.0,-9.3,-14.4
2013-12-23T00:00:00,2.5,-3.8,-14.1
2013-12-24T00:00:00,0.0,-0.6,-9.4
2013-12-25T00:00:00,0.0,-3.1,-11.5
2013-12-26T00:00:00,0.0,0.5,-7.6
2013-12-27T00:00:00,0.0,0.4,-6.8
2013-12-28T00:00:00,0.0,0.3,-7.0
2013-12-29T00:00:00,0.0,-6.4,-10.0
2013-12-30T00:00:00,0.0,-0.3,-10.1
2013-12-31T00:00:00,0.0,-1.0,-5.7
2014-01-01T00:00:00,0.0,-2.0,-7.8
2014-01-02T00:00:00,0.0,2.4,-5.9
2014-01-03T00:00:00,0.0,0.6,-6.6
2014-01-04T00:00:00,0.0,-2.0,-18.2
2014-01-05T00:00:00,0.0,-12.7,-20.6
2014-01-06T00:00:00,0.0,-1.8,-17.2
2014-01-07T00:00:00,0.0,1.3,-7.3
2014-01-08T00:00:00,0.0,-2.7,-8.5
2014-01-09T00:00:00,0.0,-2.0,-10.0
2014-01-10T00:00:00,0.0,-6.7,-11.8
2014-01-11T00:00:00,0.0,2.9,-8.7
2014-01-12T00:00:00,0.0,-2.2,-15.2
2014-01-13T00:00:00,0.0,-4.9,-15.6
2014-01-14T00:00:00,0.0,-3.5,-9.4
2014-01-15T00:00:00,0.0,1.6,-7.4
2014-01-16T00:00:00,0.0,0.5,-8.6
2014-01-17T00:00:00,0.0,-0.4,-8.8
2014-01-18T00:00:00,0.0,2.1,-7.2
2014-01-19T00:00:00,0.0,0.5,-4.6
2014-01-20T00:00:00,0.0,3.8,-5.8
2014-01-21T00:00:00,0.0,3.3,-6.1
2014-01-22T00:00:00,0.0,0.3,-6.2
2014-01-23T00:00:00,0.0,-6.2,-12.2
2014-01-24T00:00:00,0.0,-0.2,-11.9
2014-01-25T00:00:00,0.0,4.6,-3.8
2014-01-26T00:00:00,0.0,1.4,-5.7
2014-01-27T00:00:00,0.0,-1.2,-7.6
2014-01-28T00:00:00,0.0,-3.9,-11.4
2014-01-29T00:00:00,0.0,-0.6,-8.0
2014-01-30T00:00:00,0.0,2.5,-4.1
2014-01-31T00:00:00,0.0,-2.3,-8.1
2014-02-01T00:00:00,0.0,-8.0,-13.3
2014-02-02T00:00:00,0.0,-5.5,-15.0
2014-02-03T00:00:00,5.1,-6.3,-9.9
2014-02-04T00:00:00,5.1,-9.7,-14.6
2014-02-05T00:00:00,0.0,-9.5,-14.6
2014-02-06T00:00:00,0.0,-5.7,-12.7
2014-02-07T00:00:00,2.5,-8.1,-10.8
2014-02-08T00:00:00,0.0,-3.4,-10.7
2014-02-09T00:00:00,0.0,2.8,-4.5
2014-02-10T00:00:00,0.0,1.0,-6.5
2014-02-11T00:00:00,0.0,-2.1,-8.7
2014-02-12T00:00:00,0.0,1.2,-8.7
2014-02-13T00:00:00,0.0,3.9,-4.4
2014-02-14T00:00:00,0.0,4.9,-2.6
2014-02-15T00:00:00,0.0,6.8,-1.4
2014-02-16T00:00:00,0.0,5.5,-2.5
2014-02-17T00:00:00,0.0,6.9,-4.7
2014-02-18T00:00:00,0.0,5.4,-2.9
2014-02-19T00:00:00,0.0,3.6,-8.5
2014-02-20T00:00:00,0.0,-6.8,-15.2
2014-02-21T00:00:00,0.0,-1.0,-11.3
2014-02-22T00:00:00,0.0,0.8,-7.4
2014-02-23T00:00:00,0.0,4.0,-5.6
2014-02-24T00:00:00,0.0,4.2,-4.5
2014-02-25T00:00:00,0.0,5.2,-2.6
2014-02-26T00:00:00,0.0,3.2,-4.3
2014-02-27T00:00:00,2.5,1.0,-6.4
2014-02-28T00:00:00,2.5,-0.1,-8.1
2014-03-01T00:00:00,25.4,0.3,-4.6
2014-03-02T00:00:00,7.6,-3.6,-6.0
2014-03-03T00:00:00,0.0,-1.1,-8.0
2014-03-04T00:00:00,7.6,2.1,-7.6
2014-03-05T00:00:00,0.0,1.3,-6.4
2014-03-06T00:00:00,0.0,3.8,-5.6
2014-03-07T00:00:00,2.5,2.9,-6.3
2014-03-08T00:00:00,0.0,-1.1,-9.5
2014-03-09T00:00:00,2.5,6.9,-10.1
2014-03-10T00:00:00,0.0,9.7,-1.4
2014-03-11T00:00:00,0.0,1.3,-8.1
2014-03-12T00:00:00,0.0,-0.1,-10.9
2014-03-13T00:00:00,0.0,4.5,-6.3
2014-03-14T00:00:00,2.5,1.1,-5.6
2014-03-15T00:00:00,2.5,-0.8,-11.3
2014-03-16T00:00:00,2.5,3.9,-12.8
2014-03-17T00:00:00,2.5,6.2,-3.1
2014-03-18T00:00:00,0.0,-1.8,-12.1
2014-03-19T00:00:00,2.5,0.0,-11.8
2014-03-20T00:00:00,0.0,6.7,-6.3
2014-03-21T00:00:00,0.0,7.4,-3.0
2014-03-22T00:00:00,0.0,3.6,-2.8
2014-03-23T00:00:00,5.1,1.2,-5.9
2014-03-24T00:00:00,0.0,6.2,-5.0
2014-03-25T00:00:00,0.0,7.9,-3.9
2014-03-26T00:00:00,0.0,2.8,-6.8
2014-03-27T00:00:00,2.5,0.0,-7.8
2014-03-28T00:00:00,0.0,2.8,-6.1
2014-03-29T00:00:00,0.0,6.4,-6.1
2014-03-30T00:00:00,0.0,6.6,-5.3
2014-03-31T00:00:00,0.0,4.0,-8.7
2014-04-01T00:00:00,0.0,6.7,-1.4
2014-04-02T00:00:00,0.0,5.6,-6.0
2014-04-03T00:00:00,7.6,-4.8,-9.7
2014-04-04T00:00:00,0.0,1.6,-11.3
2014-04-05T00:00:00,2.5,2.9,-6.4
2014-04-06T00:00:00,12.7,0.4,-8.0
2014-04-07T00:00:00,0.0,2.8,-9.2
2014-04-08T00:00:00,0.0,9.4,-5.0
2014-04-09T00:00:00,0.0,11.6,0.5
2014-04-10T00:00:00,0.0,11.5,1.6
2014-04-11T00:00:00,0.0,11.7,2.4
2014-04-12T00:00:00,2.5,9.9,-0.9
2014-04-13T00:00:00,7.6,5.9,-7.4
2014-04-14T00:00:00,12.7,-2.6,-10.2
2014-04-15T00:00:00,0.0,5.7,-7.9
2014-04-16T00:00:00,7.6,9.6,-3.2
2014-04-17T00:00:00,0.0,7.0,-4.0
2014-04-18T00:00:00,0.0,11.4,0.3
2014-04-19T00:00:00,2.5,7.6,-0.2
2014-04-20T00:00:00,0.0,6.4,-0.4
2014-04-21T00:00:00,0.0,11.6,1.1
2014-04-22T00:00:00,0.0,11.5,2.3
2014-04-23T00:00:00,0.0,7.7,-4.3
2014-04-24T00:00:00,0.0,7.2,-6.0
2014-04-25T00:00:00,0.0,9.7,0.2
2014-04-26T00:00:00,12.7,6.8,-9.6
2014-04-27T00:00:00,7.6,-4.7,-9.6
2014-04-28T00:00:00,0.0,-0.1,-10.6
2014-04-29T00:00:00,0.0,2.1,-12.2
2014-04-30T00:00:00,0.0,3.0,-8.5
2014-05-01T00:00:00,0.0,2.6,-6.5
2014-05-02T00:00:00,0.0,9.8,-3.8
2014-05-03T00:00:00,0.0,13.9,2.0
2014-05-04T00:00:00,0.0,14.2,4.8
2014-05-05T00:00:00,0.0,13.4,3.9
2014-05-06T00:00:00,0.0,10.4,2.1
2014-05-07T00:00:00,0.0,7.6,-3.9
2014-05-08T00:00:00,5.1,0.0,-5.6
2014-05-09T00:00:00,0.0,7.2,-4.2
2014-05-10T00:00:00,0.0,12.6,0.1
2014-05-11T00:00:00,0.0,8.1,-4.7
2014-05-12T00:00:00,15.2,-2.1,-6.0
2014-05-13T00:00:00,2.5,-3.5,-8.8
2014-05-14T00:00:00,2.5,4.5,-9.1
2014-05-15T00:00:00,0.0,8.9,-3.5
2014-05-16T00:00:00,0.0,13.3,1.3
2014-05-17T00:00:00,0.0,14.0,4.5
2014-05-18T00:00:00,0.0,14.8,5.8
2014-05-19T00:00:00,0.0,16.1,4.5
2014-05-20T00:00:00,0.0,14.7,3.7
2014-05-21T00:00:00,0.0,12.8,4.0
2014-05-22T00:00:00,5.1,13.7,2.6
2014-05-23T00:00:00,22.9,7.6,0.0
2014-05-24T00:00:00,7.6,8.9,-1.6
2014-05-25T00:00:00,2.5,4.5,-2.4
2014-05-26T00:00:00,0.0,8.9,-0.7
2014-05-27T00:00:00,0.0,17.8,3.4
2014-05-28T00:00:00,0.0,16.7,7.5
2014-05-29T00:00:00,0.0,16.4,4.5
2014-05-30T00:00:00,0.0,14.9,4.7
2014-05-31T00:00:00,0.0,18.6,7.5
2014-06-01T00:00:00,0.0,18.2,8.9
2014-06-02T00:00:00,0.0,21.3,7.7
2014-06-03T00:00:00,0.0,20.3,9.8
2014-06-04T00:00:00,0.0,21.2,9.7
2014-06-05T00:00:00,0.0,21.3,10.1
2014-06-06T00:00:00,0.0,19.7,9.6
2014-06-07T00:00:00,10.2,14.1,3.3
2014-06-08T00:00:00,2.5,14.7,1.4
2014-06-09T00:00:00,0.0,14.6,-1.2
2014-06-10T00:00:00,0.0,18.7,5.0
2014-06-11T00:00:00,0.0,17.7,9.5
2014-06-12T00:00:00,0.0,17.0,7.7
2014-06-13T00:00:00,0.0,16.1,7.6
2014-06-14T00:00:00,0.0,16.8,5.0
2014-06-15T00:00:00,0.0,16.3,4.5
2014-06-16T00:00:00,0.0,17.5,6.7
2014-06-17T00:00:00,0.0,17.4,6.6
2014-06-18T00:00:00,0.0,15.4,5.9
2014-06-19T00:00:00,0.0,17.5,4.9
2014-06-20T00:00:00,0.0,20.0,8.0
2014-06-21T00:00:00,0.0,19.2,9.9
2014-06-22T00:00:00,0.0,19.7,9.9
2014-06-23T00:00:00,0.0,19.0,7.8
2014-06-24T00:00:00,0.0,19.5,8.4
2014-06-25T00:00:00,0.0,19.6,9.5
2014-06-26T00:00:00,0.0,20.2,9.9
2014-06-27T00:00:00,0.0,17.3,8.4
2014-06-28T00:00:00,0.0,19.7,9.2
2014-06-29T00:00:00,0.0,23.5,10.4
2014-06-30T00:00:00,0.0,24.2,13.4
2014-07-01T00:00:00,0.0,20.6,9.2
2014-07-02T00:00:00,2.5,20.0,6.2
2014-07-03T00:00:00,0.0,21.3,7.2
2014-07-04T00:00:00,12.7,18.4,6.6
2014-07-05T00:00:00,0.0,19.6,6.4
2014-07-06T00:00:00,0.0,22.0,9.0
2014-07-07T00:00:00,0.0,22.1,9.7
2014-07-08T00:00:00,0.0,17.4,7.0
2014-07-09T00:00:00,0.0,18.7,7.0
2014-07-10T00:00:00,2.5,19.0,8.6
2014-07-11T00:00:00,0.0,19.4,9.7
2014-07-12T00:00:00,5.1,19.9,8.5
2014-07-13T00:00:00,0.0,16.3,8.7
2014-07-14T00:00:00,10.2,18.2,6.6
2014-07-15T00:00:00,0.0,15.8,6.5
2014-07-16T00:00:00,0.0,17.7,6.4
2014-07-17T00:00:00,0.0,18.4,7.1
2014-07-18T00:00:00,0.0,20.5,7.5
2014-07-19T00:00:00,0.0,20.0,10.2
2014-07-20T00:00:00,0.0,22.9,11.6
2014-07-21T00:00:00,0.0,22.2,8.4
2014-07-22T00:00:00,2.5,21.6,11.5
2014-07-23T00:00:00,0.0,20.6,10.2
2014-07-24T00:00:00,0.0,21.1,10.2
2014-07-25T00:00:00,0.0,22.4,12.1
2014-07-26T00:00:00,0.0,24.7,10.5
2014-07-27T00:00:00,7.6,17.9,7.5
2014-07-28T00:00:00,7.6,13.0,7.5
2014-07-29T00:00:00,2.5,12.8,7.5
2014-07-30T00:00:00,2.5,18.0,8.4
2014-07-31T00:00:00,12.7,16.4,5.9
2014-08-01T00:00:00,25.4,11.8,5.7
2014-08-02T00:00:00,0.0,12.3,5.4
2014-08-03T00:00:00,15.2,15.1,5.1
2014-08-04T00:00:00,35.6,12.4,5.7
2014-08-05T00:00:00,0.0,15.8,7.1
2014-08-06T00:00:00,0.0,19.9,8.8
2014-08-07T00:00:00,0.0,16.4,7.9
2014-08-08T00:00:00,0.0,19.6,8.1
2014-08-09T00:00:00,0.0,18.4,9.7
2014-08-10T00:00:00,5.1,17.2,5.7
2014-08-11T00:00:00,2.5,14.9,6.5
2014-08-12T00:00:00,5.1,16.7,6.6
2014-08-13T00:00:00,5.1,15.9,7.0
2014-08-14T00:00:00,0.0,15.1,8.2
2014-08-15T00:00:00,0.0,18.5,8.1
2014-08-16T00:00:00,0.0,20.1,8.8
2014-08-17T00:00:00,0.0,19.0,9.6
2014-08-18T00:00:00,0.0,18.6,9.2
2014-08-19T00:00:00,0.0,17.0,8.0
2014-08-20T00:00:00,0.0,15.8,7.6
2014-08-21T00:00:00,0.0,18.0,7.4
2014-08-22T00:00:00,2.5,11.9,4.8
2014-08-23T00:00:00,0.0,15.0,4.8
2014-08-24T00:00:00,0.0,16.3,7.1
2014-08-25T00:00:00,0.0,18.6,8.7
2014-08-26T00:00:00,17.8,12.2,6.9
2014-08-27T00:00:00,5.1,12.7,4.2
2014-08-28T00:00:00,5.1,12.7,3.4
2014-08-29T00:00:00,0.0,16.1,5.4
2014-08-30T00:00:00,0.0,17.5,7.7
2014-08-31T00:00:00,0.0,18.2,9.2
2014-09-01T00:00:00,0.0,18.3,8.2
2014-09-02T00:00:00,0.0,20.6,9.7
2014-09-03T00:00:00,0.0,19.8,11.9
2014-09-04T00:00:00,0.0,17.4,7.6
2014-09-05T00:00:00,0.0,15.6,6.6
2014-09-06T00:00:00,0.0,16.1,6.1
2014-09-07T00:00:00,0.0,18.2,6.5
2014-09-08T00:00:00,0.0,16.8,7.8
2014-09-09T00:00:00,0.0,15.1,5.5
2014-09-10T00:00:00,0.0,14.6,4.2
2014-09-11T00:00:00,0.0,15.3,4.7
2014-09-12T00:00:00,0.0,13.9,5.1
2014-09-13T00:00:00,0.0,14.6,4.0
2014-09-14T00:00:00,0.0,17.0,6.6
2014-09-15T00:00:00,0.0,16.4,7.5
2014-09-16T00:00:00,2.5,14.7,5.8
2014-09-17T00:00:00,0.0,12.3,6.5
2014-09-18T00:00:00,5.1,17.1,6.6
2014-09-19T00:00:00,0.0,17.9,6.1
2014-09-20T00:00:00,0.0,19.4,7.4
2014-09-21T00:00:00,0.0,15.9,6.9
2014-09-22T00:00:00,0.0,13.9,6.4
2014-09-23T00:00:00,0.0,14.6,6.5
2014-09-24T00:00:00,0.0,17.1,7.0
2014-09-25T00:00:00,0.0,15.6,6.1
2014-09-26T00:00:00,0.0,16.6,5.2
2014-09-27T00:00:00,0.0,13.3,4.2
2014-09-28T00:00:00,5.1,12.7,3.4
2014-09-29T00:00:00,2.5,12.2,-0.9
2014-09-30T00:00:00,5.1,8.5,-1.2
2014-10-01T00:00:00,0.0,10.1,0.8
2014-10-02T00:00:00,0.0,7.9,-2.9
2014-10-03T00:00:00,0.0,12.2,1.5
2014-10-04T00:00:00,0.0,13.1,2.7
2014-10-05T00:00:00,0.0,13.7,2.1
2014-10-06T00:00:00,0.0,14.4,2.2
2014-10-07T00:00:00,0.0,14.9,3.7
2014-10-08T00:00:00,0.0,13.9,3.6
2014-10-09T00:00:00,0.0,9.8,1.8
2014-10-10T00:00:00,33.0,3.0,0.2
2014-10-11T00:00:00,0.0,8.8,1.2
2014-10-12T00:00:00,0.0,5.1,-3.6
2014-10-13T00:00:00,5.1,4.5,-5.3
2014-10-14T00:00:00,5.1,12.6,-2.0
2014-10-15T00:00:00,0.0,14.8,5.5
2014-10-16T00:00:00,0.0,13.4,3.6
2014-10-17T00:00:00,0.0,12.7,4.5
2014-10-18T00:00:00,0.0,8.1,0.4
2014-10-19T00:00:00,0.0,9.7,3.4
2014-10-20T00:00:00,0.0,9.6,1.8
2014-10-21T00:00:00,0.0,5.6,0.8
2014-10-22T00:00:00,0.0,7.9,1.4
2014-10-23T00:00:00,2.5,10.7,1.7
2014-10-24T00:00:00,0.0,14.1,5.0
2014-10-25T00:00:00,0.0,14.8,5.6
2014-10-26T00:00:00,0.0,10.0,4.2
2014-10-27T00:00:00,0.0,7.5,0.1
2014-10-28T00:00:00,0.0,,
2015-01-01T00:00:00,0.0,-4.7,-15.0
2015-01-02T00:00:00,0.0,-3.5,-13.6
2015-01-03T00:00:00,0.0,-5.3,-11.9
2015-01-04T00:00:00,2.5,-1.4,-11.2
2015-01-05T00:00:00,0.0,2.5,-5.4
2015-01-06T00:00:00,0.0,6.6,0.7
2015-01-07T00:00:00,0.0,3.8,-1.8
2015-01-08T00:00:00,0.0,6.0,-3.1
2015-01-09T00:00:00,0.0,-0.8,-6.7
2015-01-10T00:00:00,0.0,-0.6,-6.1
2015-01-11T00:00:00,0.0,-4.3,-7.6
2015-01-12T00:00:00,0.0,-3.7,-8.3
2015-01-13T00:00:00,0.0,-2.9,-8.1
2015-01-14T00:00:00,0.0,-3.9,-9.6
2015-01-15T00:00:00,2.5,0.8,-9.9
2015-01-16T00:00:00,0.0,3.6,-4.2
2015-01-17T00:00:00,0.0,2.4,-4.9
2015-01-18T00:00:00,0.0,1.0,-4.8
2015-01-19T00:00:00,0.0,3.9,-3.4
2015-01-20T00:00:00,0.0,0.6,-5.9
2015-01-21T00:00:00,10.2,-4.3,-14.4
2015-01-22T00:00:00,2.5,-9.3,-15.2
2015-01-23T00:00:00,2.5,-1.8,-15.0
2015-01-24T00:00:00,2.5,1.3,-8.6
2015-01-25T00:00:00,0.0,5.7,-4.3
2015-01-26T00:00:00,0.0,10.2,-2.3
2015-01-27T00:00:00,0.0,5.6,-2.3
2015-01-28T00:00:00,0.0,3.5,-3.8
2015-01-29T00:00:00,0.0,0.2,-6.1
2015-01-30T00:00:00,7.6,0.6,-7.1
2015-01-31T00:00:00,2.5,-0.4,-6.9
2015-02-01T00:00:00,0.0,-3.5,-10.9
2015-02-02T00:00:00,0.0,-1.2,-8.7
2015-02-03T00:00:00,2.5,1.8,-5.8
2015-02-04T00:00:00,0.0,2.4,-4.2
2015-02-05T00:00:00,0.0,4.4,-4.2
2015-02-06T00:00:00,0.0,7.1,-0.2
2015-02-07T00:00:00,0.0,6.1,-1.1
2015-02-08T00:00:00,0.0,6.9,-2.0
2015-02-09T00:00:00,0.0,6.4,-1.3
2015-02-10T00:00:00,0.0,6.6,-2.6
2015-02-11T00:00:00,0.0,-1.5,-7.6
2015-02-12T00:00:00,2.5,3.8,-8.8
2015-02-13T00:00:00,0.0,6.9,-2.7
2015-02-14T00:00:00,0.0,8.0,-1.6
2015-02-15T00:00:00,0.0,4.7,-6.8
2015-02-16T00:00:00,0.0,-3.6,-12.5
2015-02-17T00:00:00,2.5,-6.1,-13.4
2015-02-18T00:00:00,2.5,3.7,-9.8
2015-02-19T00:00:00,0.0,5.0,-2.8
2015-02-20T00:00:00,0.0,4.6,-3.9
2015-02-21T00:00:00,0.0,-2.3,-7.4
2015-02-22T00:00:00,0.0,-2.0,-5.4
2015-02-23T00:00:00,2.5,-2.5,-6.8
2015-02-24T00:00:00,5.1,-2.0,-10.0
2015-02-25T00:00:00,2.5,-1.6,-9.6
2015-02-26T00:00:00,2.5,-6.6,-9.8
2015-02-27T00:00:00,10.2,-6.7,-11.1
2015-02-28T00:00:00,15.2,-3.2,-9.3
2015-03-01T00:00:00,12.7,-0.6,-4.8
2015-03-02T00:00:00,10.2,2.5,-6.6
2015-03-03T00:00:00,2.5,-2.7,-9.7
2015-03-04T00:00:00,0.0,-7.1,-16.3
2015-03-05T00:00:00,5.1,-1.6,-17.1
2015-03-06T00:00:00,0.0,4.8,-7.4
2015-03-07T00:00:00,0.0,5.4,-4.3
2015-03-08T00:00:00,0.0,4.5,-4.5
2015-03-09T00:00:00,0.0,3.6,-5.6
2015-03-10T00:00:00,0.0,5.9,-6.0
2015-03-11T00:00:00,0.0,7.9,-3.7
2015-03-12T00:00:00,0.0,6.6,-1.8
2015-03-13T00:00:00,0.0,3.5,-3.7
2015-03-14T00:00:00,0.0,6.6,-5.6
2015-03-15T00:00:00,0.0,12.8,-2.9
2015-03-16T00:00:00,0.0,12.6,-0.3
2015-03-17T00:00:00,0.0,8.5,0.0
2015-03-18T00:00:00,12.7,8.6,-0.8
2015-03-19T00:00:00,25.4,2.9,-4.0
2015-03-20T00:00:00,2.5,3.2,-3.9
2015-03-21T00:00:00,0.0,5.2,-4.2
2015-03-22T00:00:00,0.0,8.2,-3.5
2015-03-23T00:00:00,0.0,7.2,-1.3
2015-03-24T00:00:00,0.0,7.6,-3.2
2015-03-25T00:00:00,0.0,6.5,-6.4
2015-03-26T00:00:00,0.0,5.2,-7.8
2015-03-27T00:00:00,0.0,10.2,-2.4
2015-03-28T00:00:00,0.0,11.8,0.1
2015-03-29T00:00:00,0.0,11.6,2.6
2015-03-30T00:00:00,0.0,9.9,1.1
2015-03-31T00:00:00,0.0,11.2,1.3
2015-04-01T00:00:00,0.0,8.2,0.6
2015-04-02T00:00:00,0.0,7.6,-2.5
2015-04-03T00:00:00,0.0,5.6,-6.1
2015-04-04T00:00:00,0.0,7.2,-3.5
2015-04-05T00:00:00,0.0,9.7,0.5
2015-04-06T00:00:00,0.0,8.6,-0.8
2015-04-07T00:00:00,0.0,7.6,-1.2
2015-04-08T00:00:00,0.0,8.8,-6.3
2015-04-09T00:00:00,0.0,6.0,-8.5
2015-04-10T00:00:00,0.0,6.8,-1.0
2015-04-11T00:00:00,0.0,8.5,-0.7
2015-04-12T00:00:00,0.0,9.2,0.5
2015-04-13T00:00:00,0.0,9.9,-1.2
2015-04-14T00:00:00,0.0,9.6,-1.3
2015-04-15T00:00:00,0.0,5.0,-2.9
2015-04-16T00:00:00,0.0,4.5,-8.8
2015-04-17T00:00:00,0.0,-0.8,-10.6
2015-04-18T00:00:00,0.0,-0.8,-8.3
2015-04-19T00:00:00,0.0,5.5,-6.7
2015-04-20T00:00:00,0.0,6.0,-2.3
2015-04-21T00:00:00,0.0,9.0,-1.1
2015-04-22T00:00:00,0.0,8.2,-1.1
2015-04-23T00:00:00,0.0,10.1,-0.8
2015-04-24T00:00:00,0.0,3.4,-3.7
2015-04-25T00:00:00,0.0,4.0,-2.9
2015-04-26T00:00:00,7.6,1.4,-3.7
2015-04-27T00:00:00,10.2,3.7,-4.9
2015-04-28T00:00:00,2.5,5.5,-6.6
2015-04-29T00:00:00,2.5,11.4,-1.3
2015-04-30T00:00:00,2.5,14.9,2.9
2015-05-01T00:00:00,2.5,13.9,4.9
2015-05-02T00:00:00,0.0,12.7,2.3
2015-05-03T00:00:00,0.0,9.6,1.6
2015-05-04T00:00:00,0.0,7.9,0.0
2015-05-05T00:00:00,0.0,4.4,-0.7
2015-05-06T00:00:00,5.1,4.7,-0.1
2015-05-07T00:00:00,2.5,9.5,-0.4
2015-05-08T00:00:00,2.5,10.9,-1.0
2015-05-09T00:00:00,0.0,2.9,-5.7
2015-05-10T00:00:00,0.0,5.6,-5.9
2015-05-11T00:00:00,0.0,11.5,-2.8
2015-05-12T00:00:00,0.0,9.7,-0.1
2015-05-13T00:00:00,0.0,7.2,-1.8
2015-05-14T00:00:00,0.0,10.5,0.7
2015-05-15T00:00:00,17.8,4.4,-3.0
2015-05-16T00:00:00,15.2,0.5,-4.1
2015-05-17T00:00:00,2.5,6.1,-3.9
2015-05-18T00:00:00,2.5,10.2,0.3
2015-05-19T00:00:00,7.6,8.1,0.2
2015-05-20T00:00:00,5.1,11.4,-0.3
2015-05-21T00:00:00,5.1,7.6,-1.2
2015-05-22T00:00:00,2.5,7.4,-1.2
2015-05-23T00:00:00,2.5,7.9,-1.8
2015-05-24T00:00:00,0.0,5.9,-2.9
2015-05-25T00:00:00,2.5,7.9,-1.0
2015-05-26T00:00:00,2.5,11.4,-0.8
2015-05-27T00:00:00,0.0,14.3,2.2
2015-05-28T00:00:00,0.0,13.8,4.0
2015-05-29T00:00:00,0.0,13.3,3.4
2015-05-30T00:00:00,0.0,14.4,1.5
2015-05-31T00:00:00,0.0,18.7,5.0
2015-06-01T00:00:00,0.0,17.9,8.0
2015-06-02T00:00:00,0.0,17.9,7.4
2015-06-03T00:00:00,0.0,18.6,7.5
2015-06-04T00:00:00,0.0,18.8,6.5
2015-06-05T00:00:00,0.0,14.1,5.9
2015-06-06T00:00:00,0.0,16.6,5.0
2015-06-07T00:00:00,0.0,13.9,4.5
2015-06-08T00:00:00,0.0,17.3,6.2
2015-06-09T00:00:00,0.0,15.5,5.8
2015-06-10T00:00:00,5.1,16.4,7.8
2015-06-11T00:00:00,0.0,17.2,5.9
2015-06-12T00:00:00,0.0,13.6,4.5
2015-06-13T00:00:00,7.6,10.6,3.6
2015-06-14T00:00:00,0.0,14.9,3.7
2015-06-15T00:00:00,5.1,15.6,6.2
2015-06-16T00:00:00,7.6,17.9,6.0
2015-06-17T00:00:00,0.0,20.3,7.5
2015-06-18T00:00:00,0.0,21.0,10.1
2015-06-19T00:00:00,0.0,20.6,9.8
2015-06-20T00:00:00,0.0,25.1,11.1
2015-06-21T00:00:00,0.0,24.0,12.9
2015-06-22T00:00:00,0.0,26.2,13.9
2015-06-23T00:00:00,5.1,20.2,7.0
2015-06-24T00:00:00,7.6,19.1,7.9
2015-06-25T00:00:00,0.0,20.3,8.0
2015-06-26T00:00:00,0.0,21.7,9.6
2015-06-27T00:00:00,0.0,16.0,9.2
2015-06-28T00:00:00,0.0,19.2,8.9
2015-06-29T00:00:00,0.0,19.1,7.6
2015-06-30T00:00:00,0.0,22.1,8.7
2015-07-01T00:00:00,0.0,23.8,9.0
2015-07-02T00:00:00,0.0,20.5,8.2
2015-07-03T00:00:00,0.0,16.5,7.8
2015-07-04T00:00:00,0.0,18.5,9.0
2015-07-05T00:00:00,0.0,18.3,8.8
2015-07-06T00:00:00,20.3,14.4,6.6
2015-07-07T00:00:00,0.0,14.9,5.4
2015-07-08T00:00:00,0.0,13.7,5.9
2015-07-09T00:00:00,7.6,13.7,4.8
2015-07-10T00:00:00,0.0,14.2,4.8
2015-07-11T00:00:00,0.0,16.6,7.1
2015-07-12T00:00:00,22.9,21.6,6.6
2015-07-13T00:00:00,0.0,19.2,8.1
2015-07-14T00:00:00,0.0,18.0,7.7
2015-07-15T00:00:00,0.0,16.4,7.0
2015-07-16T00:00:00,0.0,19.9,7.7
2015-07-17T00:00:00,0.0,15.9,9.5
2015-07-18T00:00:00,0.0,18.3,8.5
2015-07-19T00:00:00,7.6,18.5,6.8
2015-07-20T00:00:00,5.1,13.7,8.2
2015-07-21T00:00:00,0.0,17.0,6.7
2015-07-22T00:00:00,0.0,19.4,8.0
2015-07-23T00:00:00,0.0,18.3,10.1
2015-07-24T00:00:00,0.0,21.1,10.7
2015-07-25T00:00:00,0.0,21.1,10.0
2015-07-26T00:00:00,12.7,20.2,7.5
2015-07-27T00:00:00,0.0,18.7,7.6
2015-07-28T00:00:00,0.0,20.1,9.9
2015-07-29T00:00:00,30.5,13.7,6.4
2015-07-30T00:00:00,0.0,14.0,6.5
2015-07-31T00:00:00,0.0,12.8,7.9
2015-08-01T00:00:00,0.0,16.3,8.0
2015-08-02T00:00:00,0.0,16.3,8.1
2015-08-03T00:00:00,0.0,16.7,6.7
2015-08-04T00:00:00,0.0,18.8,8.5
2015-08-05T00:00:00,0.0,20.9,11.1
2015-08-06T00:00:00,0.0,20.5,12.8
2015-08-07T00:00:00,0.0,19.8,7.1
2015-08-08T00:00:00,0.0,17.3,6.4
2015-08-09T00:00:00,0.0,19.1,7.7
2015-08-10T00:00:00,2.5,14.3,7.5
2015-08-11T00:00:00,5.1,14.0,7.5
2015-08-12T00:00:00,0.0,18.8,7.9
2015-08-13T00:00:00,0.0,21.9,10.5
2015-08-14T00:00:00,0.0,20.1,9.9
2015-08-15T00:00:00,0.0,22.0,11.1
2015-08-16T00:00:00,0.0,21.0,10.7
2015-08-17T00:00:00,0.0,19.4,7.8
2015-08-18T00:00:00,0.0,19.6,10.2
2015-08-19T00:00:00,0.0,16.5,8.6
2015-08-20T00:00:00,0.0,18.2,8.4
2015-08-21T00:00:00,0.0,18.3,7.8
2015-08-22T00:00:00,0.0,19.8,9.6
2015-08-23T00:00:00,0.0,16.1,7.7
2015-08-24T00:00:00,0.0,18.5,7.6
2015-08-25T00:00:00,0.0,20.3,8.6
2015-08-26T00:00:00,0.0,14.8,7.6
2015-08-27T00:00:00,0.0,15.3,7.7
2015-08-28T00:00:00,0.0,17.0,8.0
2015-08-29T00:00:00,5.1,15.4,7.1
2015-08-30T00:00:00,5.1,19.1,7.9
2015-08-31T00:00:00,0.0,17.9,8.9
2015-09-01T00:00:00,0.0,16.8,7.9
2015-09-02T00:00:00,0.0,18.3,7.8
2015-09-03T00:00:00,0.0,15.4,7.7
2015-09-04T00:00:00,0.0,13.7,7.9
2015-09-05T00:00:00,0.0,15.2,6.8
2015-09-06T00:00:00,0.0,17.7,6.4
2015-09-07T00:00:00,0.0,16.8,8.9
2015-09-08T00:00:00,0.0,18.3,7.5
2015-09-09T00:00:00,0.0,17.3,7.4
2015-09-10T00:00:00,0.0,20.2,8.0
2015-09-11T00:00:00,0.0,17.0,7.8
2015-09-12T00:00:00,0.0,18.3,7.7
2015-09-13T00:00:00,0.0,19.5,9.0
2015-09-14T00:00:00,0.0,16.3,7.7
2015-09-15T00:00:00,0.0,13.8,7.0
2015-09-16T00:00:00,0.0,15.5,5.6
2015-09-17T00:00:00,0.0,16.4,4.5
2015-09-18T00:00:00,0.0,17.9,5.5
2015-09-19T00:00:00,0.0,15.9,5.5
2015-09-20T00:00:00,0.0,17.4,6.5
2015-09-21T00:00:00,0.0,16.1,8.0
2015-09-22T00:00:00,0.0,14.2,5.9
2015-09-23T00:00:00,0.0,10.9,4.1
2015-09-24T00:00:00,7.6,15.4,3.8
2015-09-25T00:00:00,0.0,17.4,5.6
2015-09-26T00:00:00,0.0,19.1,6.8
2015-09-27T00:00:00,0.0,19.9,7.9
2015-09-28T00:00:00,0.0,18.0,8.8
2015-09-29T00:00:00,0.0,18.4,8.0
2015-09-30T00:00:00,,17.2,7.6
2015-10-01T00:00:00,0.0,18.3,9.5
2015-10-02T00:00:00,2.5,16.2,7.8
2015-10-03T00:00:00,0.0,8.9,3.3
2015-10-04T00:00:00,0.0,8.5,2.6
2015-10-05T00:00:00,5.1,11.1,2.6
2015-10-06T00:00:00,2.5,11.9,1.8
2015-10-07T00:00:00,0.0,6.4,2.1
2015-10-08T00:00:00,0.0,6.1,2.4
2015-10-09T00:00:00,0.0,10.6,3.8
2015-10-10T00:00:00,5.1,14.2,3.6
2015-10-11T00:00:00,0.0,14.2,5.0
2015-10-12T00:00:00,0.0,15.4,5.1
2015-10-13T00:00:00,0.0,17.0,6.1
2015-10-14T00:00:00,0.0,16.5,6.7
2015-10-15T00:00:00,0.0,17.2,3.0
2015-10-16T00:00:00,0.0,10.5,3.4
2015-10-17T00:00:00,0.0,11.8,1.8
2015-10-18T00:00:00,0.0,9.2,3.4
2015-10-19T00:00:00,0.0,8.6,2.8
2015-10-20T00:00:00,0.0,8.8,0.0
2015-10-21T00:00:00,30.5,2.8,-1.2
2015-10-22T00:00:00,7.6,1.3,-2.6
2015-10-23T00:00:00,0.0,5.5,-1.3
2015-10-24T00:00:00,0.0,4.7,-1.8
2015-10-25T00:00:00,0.0,7.5,-2.2
2015-10-26T00:00:00,0.0,5.5,-0.9
2015-10-27T00:00:00,0.0,5.2,-3.6
2015-10-28T00:00:00,0.0,4.7,-3.6
2015-10-29T00:00:00,5.1,4.9,-1.4
2015-10-30T00:00:00,12.7,0.1,-3.6
2015-10-31T00:00:00,2.5,4.8,-6.3
2015-11-01T00:00:00,0.0,9.1,-0.8
2015-11-02T00:00:00,0.0,11.2,0.4
2015-11-03T00:00:00,0.0,8.2,1.6
2015-11-04T00:00:00,22.9,2.6,-7.0
2015-11-05T00:00:00,10.2,-6.5,-11.1
2015-11-06T00:00:00,2.5,-1.8,-10.5
2015-11-07T00:00:00,0.0,-1.0,-9.6
2015-11-08T00:00:00,2.5,1.0,-8.2
2015-11-09T00:00:00,0.0,3.4,-5.6
2015-11-10T00:00:00,7.6,3.3,-10.4
2015-11-11T00:00:00,2.5,-6.1,-11.0
2015-11-12T00:00:00,0.0,3.6,-8.6
2015-11-13T00:00:00,0.0,5.6,-3.6
2015-11-14T00:00:00,2.5,5.7,-3.1
2015-11-15T00:00:00,7.6,3.5,-3.1
2015-11-16T00:00:00,40.6,-0.8,-11.1
2015-11-17T00:00:00,15.2,-7.1,-10.7
2015-11-18T00:00:00,2.5,-1.0,-9.9
2015-11-19T00:00:00,0.0,1.8,-8.7
2015-11-20T00:00:00,0.0,2.0,-7.8
2015-11-21T00:00:00,0.0,0.3,-10.5
2015-11-22T00:00:00,0.0,5.0,-5.2
2015-11-23T00:00:00,0.0,4.5,-2.0
2015-11-24T00:00:00,0.0,2.6,-3.0
2015-11-25T00:00:00,2.5,4.9,-0.9
2015-11-26T00:00:00,2.5,3.6,-1.0
2015-11-27T00:00:00,0.0,1.7,-3.4
2015-11-28T00:00:00,0.0,0.0,-5.9
2015-11-29T00:00:00,2.5,-0.8,-12.2
2015-11-30T00:00:00,0.0,-10.8,-16.1
2015-12-01T00:00:00,2.5,-5.7,-13.9
2015-12-02T00:00:00,2.5,-0.9,-10.1
2015-12-03T00:00:00,0.0,2.9,-5.2
2015-12-04T00:00:00,0.0,4.8,-2.1
2015-12-05T00:00:00,0.0,-1.4,-8.7
2015-12-06T00:00:00,0.0,5.8,-5.3
2015-12-07T00:00:00,0.0,5.4,-1.4
2015-12-08T00:00:00,0.0,5.5,-2.3
2015-12-09T00:00:00,0.0,6.4,-2.3
2015-12-10T00:00:00,0.0,7.6,-1.3
2015-12-11T00:00:00,2.5,2.2,-3.9
2015-12-12T00:00:00,17.8,-2.0,-7.2
2015-12-13T00:00:00,12.7,-4.6,-9.4
2015-12-14T00:00:00,7.6,-2.6,-13.8
2015-12-15T00:00:00,2.5,-13.3,-15.8
2015-12-16T00:00:00,0.0,-10.0,-17.3
2015-12-17T00:00:00,2.5,-10.6,-16.4
2015-12-18T00:00:00,5.1,-0.6,-12.9
2015-12-19T00:00:00,0.0,4.2,-1.8
2015-12-20T00:00:00,2.5,-1.8,-9.6
2015-12-21T00:00:00,5.1,-6.1,-10.0
2015-12-22T00:00:00,10.2,-5.5,-7.0
2015-12-23T00:00:00,5.1,-6.4,-12.0
2015-12-24T00:00:00,2.5,-6.0,-13.7
2015-12-25T00:00:00,5.1,-5.3,-14.3
2015-12-26T00:00:00,7.6,-8.9,-15.0
2015-12-27T00:00:00,20.3,-5.5,-11.5
2015-12-28T00:00:00,0.0,-5.8,-11.6
2015-12-29T00:00:00,2.5,-9.0,-13.3
2015-12-30T00:00:00,0.0,-11.3,-16.4
2015-12-31T00:00:00,0.0,-7.4,-15.5
2016-01-01T00:00:00,2.5,-5.8,-15.0
2016-01-02T00:00:00,0.0,-2.2,-10.7
2016-01-03T00:00:00,0.0,-0.7,-9.0
2016-01-04T00:00:00,0.0,0.8,-6.7
2016-01-05T00:00:00,2.5,-4.4,-8.4
2016-01-06T00:00:00,12.7,-3.9,-9.2
2016-01-07T00:00:00,7.6,-8.2,-11.0
2016-01-08T00:00:00,17.8,-9.4,-11.8
2016-01-09T00:00:00,0.0,-7.9,-13.9
2016-01-10T00:00:00,0.0,-7.8,-18.4
2016-01-11T00:00:00,0.0,-5.5,-18.3
2016-01-12T00:00:00,0.0,0.5,-12.1
2016-01-13T00:00:00,0.0,2.3,-6.7
2016-01-14T00:00:00,0.0,-4.7,-13.4
2016-01-15T00:00:00,0.0,-7.4,-13.4
2016-01-16T00:00:00,0.0,-9.1,-14.1
2016-01-17T00:00:00,0.0,-6.2,-11.4
2016-01-18T00:00:00,0.0,-0.8,-10.1
2016-01-19T00:00:00,0.0,-2.4,-8.5
2016-01-20T00:00:00,2.5,-6.6,-11.5
2016-01-21T00:00:00,0.0,-4.2,-14.9
2016-01-22T00:00:00,2.5,4.1,-6.1
2016-01-23T00:00:00,0.0,4.5,-3.1
2016-01-24T00:00:00,0.0,-1.2,-10.3
2016-01-25T00:00:00,10.2,-8.7,-13.3
2016-01-26T00:00:00,0.0,-7.8,-15.2
2016-01-27T00:00:00,0.0,1.5,-12.6
2016-01-28T00:00:00,0.0,3.9,-4.8
2016-01-29T00:00:00,0.0,2.1,-5.5
2016-01-30T00:00:00,0.0,2.9,-3.7
2016-01-31T00:00:00,7.6,-1.8,-4.9
2016-02-01T00:00:00,12.7,-4.2,-13.9
2016-02-02T00:00:00,5.1,-10.2,-18.2
2016-02-03T00:00:00,2.5,-12.2,-21.7
2016-02-04T00:00:00,0.0,-7.1,-21.8
2016-02-05T00:00:00,0.0,-10.1,-17.9
2016-02-06T00:00:00,0.0,-0.4,-13.3
2016-02-07T00:00:00,0.0,2.8,-6.1
2016-02-08T00:00:00,0.0,4.1,-5.3
2016-02-09T00:00:00,0.0,4.2,-4.1
2016-02-10T00:00:00,0.0,6.5,-2.9
2016-02-11T00:00:00,0.0,6.7,-1.6
2016-02-12T00:00:00,0.0,8.8,-0.6
2016-02-13T00:00:00,0.0,6.5,-2.0
2016-02-14T00:00:00,0.0,3.6,-5.8
2016-02-15T00:00:00,0.0,2.2,-5.8
2016-02-16T00:00:00,0.0,5.5,-3.6
2016-02-17T00:00:00,0.0,9.1,0.6
2016-02-18T00:00:00,0.0,7.2,0.1
2016-02-19T00:00:00,0.0,6.2,-0.4
2016-02-20T00:00:00,0.0,6.4,-1.8
2016-02-21T00:00:00,0.0,6.6,-2.7
2016-02-22T00:00:00,5.1,0.4,-7.6
2016-02-23T00:00:00,0.0,-5.4,-12.7
2016-02-24T00:00:00,2.5,-1.3,-14.1
2016-02-25T00:00:00,0.0,3.5,-6.5
2016-02-26T00:00:00,0.0,7.0,-5.4
2016-02-27T00:00:00,0.0,6.0,-1.4
2016-02-28T00:00:00,0.0,5.6,-1.5
2016-02-29T00:00:00,0.0,4.4,-2.2
2016-03-01T00:00:00,0.0,5.4,-2.3
2016-03-02T00:00:00,0.0,5.2,-1.8
2016-03-03T00:00:00,0.0,6.7,-1.8
2016-03-04T00:00:00,0.0,8.2,-0.8
2016-03-05T00:00:00,0.0,7.4,-0.9
2016-03-06T00:00:00,0.0,4.5,-2.3
2016-03-07T00:00:00,0.0,1.3,-6.8
2016-03-08T00:00:00,0.0,1.0,-7.2
2016-03-09T00:00:00,2.5,3.0,-8.2
2016-03-10T00:00:00,2.5,8.2,-6.4
2016-03-11T00:00:00,0.0,10.7,-1.2
2016-03-12T00:00:00,2.5,4.8,-7.6
2016-03-13T00:00:00,0.0,4.1,-7.1
2016-03-14T00:00:00,0.0,5.1,-4.5
2016-03-15T00:00:00,0.0,0.6,-6.8
2016-03-16T00:00:00,0.0,2.9,-6.0
2016-03-17T00:00:00,0.0,5.0,-5.7
2016-03-18T00:00:00,0.0,6.4,-3.2
2016-03-19T00:00:00,0.0,4.2,-6.9
2016-03-20T00:00:00,0.0,5.4,-7.3
2016-03-21T00:00:00,0.0,8.6,-1.2
2016-03-22T00:00:00,0.0,6.0,-8.7
2016-03-23T00:00:00,0.0,-5.3,-11.7
2016-03-24T00:00:00,0.0,2.7,-9.9
2016-03-25T00:00:00,0.0,1.2,-6.5
2016-03-26T00:00:00,0.0,-2.2,-11.5
2016-03-27T00:00:00,2.5,4.4,-12.1
2016-03-28T00:00:00,0.0,6.7,-1.8
2016-03-29T00:00:00,2.5,5.7,-7.8
2016-03-30T00:00:00,0.0,-3.6,-10.3
2016-03-31T00:00:00,2.5,-0.4,-11.4
2016-04-01T00:00:00,5.1,-0.3,-8.8
2016-04-02T00:00:00,0.0,5.8,-8.0
2016-04-03T00:00:00,0.0,8.6,-3.9
2016-04-04T00:00:00,0.0,9.9,-0.4
2016-04-05T00:00:00,0.0,8.4,-5.0
2016-04-06T00:00:00,0.0,9.4,-6.0
2016-04-07T00:00:00,0.0,12.1,-0.6
2016-04-08T00:00:00,2.5,5.1,-1.1
2016-04-09T00:00:00,5.1,4.5,-1.5
2016-04-10T00:00:00,0.0,8.6,-2.4
2016-04-11T00:00:00,5.1,4.5,-3.0
2016-04-12T00:00:00,7.6,4.7,-1.8
2016-04-13T00:00:00,0.0,10.5,-2.7
2016-04-14T00:00:00,0.0,10.2,1.2
2016-04-15T00:00:00,5.1,5.9,-2.3
2016-04-16T00:00:00,15.2,-1.8,-7.4
2016-04-17T00:00:00,22.9,-2.3,-7.8
2016-04-18T00:00:00,7.6,-0.4,-6.6
2016-04-19T00:00:00,0.0,0.5,-8.1
2016-04-20T00:00:00,0.0,7.5,-4.1
2016-04-21T00:00:00,0.0,10.0,-2.4
2016-04-22T00:00:00,0.0,12.7,0.8
2016-04-23T00:00:00,0.0,11.4,-0.1
2016-04-24T00:00:00,0.0,8.9,-2.9
2016-04-25T00:00:00,0.0,9.2,-5.0
2016-04-26T00:00:00,0.0,-1.5,-7.2
2016-04-27T00:00:00,0.0,5.2,-5.6
2016-04-28T00:00:00,2.5,7.0,-2.5
2016-04-29T00:00:00,10.2,-0.8,-5.8
2016-04-30T00:00:00,2.5,3.4,-5.2
2016-05-01T00:00:00,10.2,-0.4,-5.9
2016-05-02T00:00:00,0.0,5.5,-6.7
2016-05-03T00:00:00,0.0,9.9,-2.5
2016-05-04T00:00:00,0.0,12.4,-0.1
2016-05-05T00:00:00,0.0,14.2,3.5
2016-05-06T00:00:00,0.0,14.6,3.7
2016-05-07T00:00:00,0.0,6.6,-1.8
2016-05-08T00:00:00,0.0,3.7,-2.6
2016-05-09T00:00:00,0.0,4.1,-3.1
2016-05-10T00:00:00,0.0,10.0,1.1
2016-05-11T00:00:00,0.0,10.1,0.4
2016-05-12T00:00:00,0.0,12.0,-0.8
2016-05-13T00:00:00,2.5,14.9,4.0
2016-05-14T00:00:00,0.0,14.6,3.6
2016-05-15T00:00:00,5.1,9.7,2.1
2016-05-16T00:00:00,0.0,9.1,-0.1
2016-05-17T00:00:00,12.7,5.5,-1.1
2016-05-18T00:00:00,17.8,2.0,-1.5
2016-05-19T00:00:00,0.0,5.0,-1.3
2016-05-20T00:00:00,0.0,12.7,1.3
2016-05-21T00:00:00,0.0,16.0,4.7
2016-05-22T00:00:00,0.0,12.9,2.8
2016-05-23T00:00:00,0.0,12.8,1.3
2016-05-24T00:00:00,0.0,13.4,2.4
2016-05-25T00:00:00,0.0,12.6,0.4
2016-05-26T00:00:00,0.0,10.7,-2.5
2016-05-27T00:00:00,0.0,8.5,-2.6
2016-05-28T00:00:00,0.0,12.7,1.0
2016-05-29T00:00:00,0.0,15.8,5.2
2016-05-30T00:00:00,0.0,16.0,3.8
2016-05-31T00:00:00,2.5,11.4,3.9
2016-06-01T00:00:00,0.0,11.9,3.6
2016-06-02T00:00:00,0.0,18.4,3.7
2016-06-03T00:00:00,0.0,20.2,6.7
2016-06-04T00:00:00,0.0,20.4,7.0
2016-06-05T00:00:00,0.0,20.9,7.1
2016-06-06T00:00:00,0.0,20.6,7.6
2016-06-07T00:00:00,0.0,20.3,8.6
2016-06-08T00:00:00,0.0,20.6,10.5
2016-06-09T00:00:00,0.0,21.3,10.1
2016-06-10T00:00:00,0.0,23.8,9.4
2016-06-11T00:00:00,0.0,19.9,9.5
2016-06-12T00:00:00,2.5,22.2,9.2
2016-06-13T00:00:00,0.0,18.6,7.0
2016-06-14T00:00:00,0.0,17.5,5.4
2016-06-15T00:00:00,0.0,20.4,8.6
2016-06-16T00:00:00,0.0,20.2,8.4
2016-06-17T00:00:00,0.0,22.6,9.2
2016-06-18T00:00:00,0.0,26.0,10.8
2016-06-19T00:00:00,0.0,28.7,10.8
2016-06-20T00:00:00,0.0,26.0,12.6
2016-06-21T00:00:00,0.0,25.6,10.1
2016-06-22T00:00:00,5.1,26.0,9.7
2016-06-23T00:00:00,0.0,23.0,8.9
2016-06-24T00:00:00,2.5,22.0,10.6
2016-06-25T00:00:00,0.0,21.5,10.2
2016-06-26T00:00:00,2.5,18.8,8.8
2016-06-27T00:00:00,0.0,23.0,10.5
2016-06-28T00:00:00,0.0,19.7,9.4
2016-06-29T00:00:00,0.0,18.4,9.7
2016-06-30T00:00:00,0.0,19.9,9.7
2016-07-01T00:00:00,12.7,18.6,8.1
2016-07-02T00:00:00,5.1,13.6,7.6
2016-07-03T00:00:00,0.0,18.8,7.2
2016-07-04T00:00:00,0.0,20.6,9.6
2016-07-05T00:00:00,0.0,22.2,10.8
2016-07-06T00:00:00,0.0,21.7,11.0
2016-07-07T00:00:00,0.0,22.0,10.0
2016-07-08T00:00:00,0.0,23.5,12.1
2016-07-09T00:00:00,0.0,24.0,11.6
2016-07-10T00:00:00,0.0,22.7,12.6
2016-07-11T00:00:00,0.0,22.5,10.4
2016-07-12T00:00:00,0.0,22.8,10.4
2016-07-13T00:00:00,0.0,24.4,10.6
2016-07-14T00:00:00,0.0,25.2,10.9
2016-07-15T00:00:00,0.0,22.7,10.4
2016-07-16T00:00:00,0.0,23.3,11.7
2016-07-17T00:00:00,2.5,23.7,9.7
2016-07-18T00:00:00,2.5,20.9,9.7
2016-07-19T00:00:00,2.5,22.1,9.8
2016-07-20T00:00:00,7.6,20.5,8.9
2016-07-21T00:00:00,2.5,24.2,10.5
2016-07-22T00:00:00,0.0,23.2,11.8
2016-07-23T00:00:00,2.5,24.6,9.5
2016-07-24T00:00:00,2.5,21.0,10.7
2016-07-25T00:00:00,7.6,20.8,9.6
2016-07-26T00:00:00,0.0,22.9,9.2
2016-07-27T00:00:00,0.0,23.2,9.4
2016-07-28T00:00:00,0.0,23.0,11.4
2016-07-29T00:00:00,5.1,22.9,8.7
2016-07-30T00:00:00,0.0,23.4,9.7
2016-07-31T00:00:00,2.5,22.4,8.2
2016-08-01T00:00:00,0.0,20.5,7.7
2016-08-02T00:00:00,22.9,21.0,8.1
2016-08-03T00:00:00,15.2,17.8,8.5
2016-08-04T00:00:00,25.4,16.1,8.9
2016-08-05T00:00:00,15.2,17.7,8.1
2016-08-06T00:00:00,2.5,18.2,7.9
2016-08-07T00:00:00,2.5,20.0,7.9
2016-08-08T00:00:00,0.0,19.2,8.8
2016-08-09T00:00:00,0.0,19.0,10.6
2016-08-10T00:00:00,0.0,17.8,10.7
2016-08-11T00:00:00,12.7,18.9,7.6
2016-08-12T00:00:00,0.0,20.1,8.9
2016-08-13T00:00:00,0.0,15.1,7.4
2016-08-14T00:00:00,0.0,14.2,6.4
2016-08-15T00:00:00,0.0,21.3,7.1
2016-08-16T00:00:00,2.5,15.0,5.9
2016-08-17T00:00:00,0.0,16.0,6.8
2016-08-18T00:00:00,0.0,16.3,7.0
2016-08-19T00:00:00,0.0,15.1,6.7
2016-08-20T00:00:00,0.0,16.6,7.0
2016-08-21T00:00:00,2.5,14.4,6.9
2016-08-22T00:00:00,2.5,14.0,5.2
2016-08-23T00:00:00,0.0,15.2,5.6
2016-08-24T00:00:00,10.2,11.9,4.1
2016-08-25T00:00:00,10.2,14.8,3.6
2016-08-26T00:00:00,7.6,11.0,3.9
2016-08-27T00:00:00,0.0,16.2,5.0
2016-08-28T00:00:00,0.0,14.9,5.8
2016-08-29T00:00:00,2.5,14.1,4.7
2016-08-30T00:00:00,5.1,12.8,4.9
2016-08-31T00:00:00,0.0,16.2,6.1
2016-09-01T00:00:00,0.0,16.5,6.7
2016-09-02T00:00:00,0.0,17.8,7.1
2016-09-03T00:00:00,0.0,17.2,8.2
2016-09-04T00:00:00,0.0,17.5,9.2
2016-09-05T00:00:00,2.5,18.9,8.9
2016-09-06T00:00:00,10.2,16.4,6.9
2016-09-07T00:00:00,0.0,13.0,8.0
2016-09-08T00:00:00,0.0,19.2,6.4
2016-09-09T00:00:00,0.0,20.2,8.4
2016-09-10T00:00:00,0.0,15.2,7.5
2016-09-11T00:00:00,0.0,17.7,7.7
2016-09-12T00:00:00,0.0,16.4,5.6
2016-09-13T00:00:00,0.0,14.6,5.5
2016-09-14T00:00:00,2.5,14.0,4.9
2016-09-15T00:00:00,0.0,14.6,4.5
2016-09-16T00:00:00,0.0,15.0,5.5
2016-09-17T00:00:00,5.1,14.2,1.7
2016-09-18T00:00:00,0.0,17.7,6.1
2016-09-19T00:00:00,0.0,21.6,7.7
2016-09-20T00:00:00,0.0,17.6,10.9
2016-09-21T00:00:00,0.0,17.3,7.2
2016-09-22T00:00:00,12.7,17.2,7.9
2016-09-23T00:00:00,2.5,14.3,0.1
2016-09-24T00:00:00,0.0,8.6,-0.4
2016-09-25T00:00:00,0.0,11.8,1.6
2016-09-26T00:00:00,0.0,14.1,1.4
2016-09-27T00:00:00,0.0,15.8,2.7
2016-09-28T00:00:00,0.0,15.9,6.4
2016-09-29T00:00:00,0.0,16.2,5.9
2016-09-30T00:00:00,0.0,15.2,5.2
2016-10-01T00:00:00,0.0,14.3,3.6
2016-10-02T00:00:00,0.0,16.0,4.1
2016-10-03T00:00:00,5.1,10.9,1.7
2016-10-04T00:00:00,0.0,6.4,-3.8
2016-10-05T00:00:00,0.0,9.5,0.0
2016-10-06T00:00:00,0.0,8.6,-0.4
2016-10-07T00:00:00,0.0,10.8,-0.4
2016-10-08T00:00:00,0.0,9.1,2.4
2016-10-09T00:00:00,2.5,10.0,1.4
2016-10-10T00:00:00,0.0,11.8,0.8
2016-10-11T00:00:00,0.0,13.8,5.1
2016-10-12T00:00:00,0.0,13.6,3.5
2016-10-13T00:00:00,0.0,13.1,4.4
2016-10-14T00:00:00,0.0,14.7,4.9
2016-10-15T00:00:00,0.0,15.9,5.8
2016-10-16T00:00:00,0.0,16.0,5.8
2016-10-17T00:00:00,0.0,15.1,6.5
2016-10-18T00:00:00,0.0,14.1,5.9
2016-10-19T00:00:00,0.0,11.4,0.5
2016-10-20T00:00:00,0.0,9.5,-1.8
2016-10-21T00:00:00,0.0,14.0,3.2
2016-10-22T00:00:00,0.0,13.6,5.5
2016-10-23T00:00:00,0.0,14.1,5.0
2016-10-24T00:00:00,0.0,13.9,4.4
2016-10-25T00:00:00,2.5,8.4,1.3
2016-10-26T00:00:00,0.0,12.3,0.8
2016-10-27T00:00:00,0.0,13.4,4.2
2016-10-28T00:00:00,0.0,13.6,5.8
2016-10-29T00:00:00,0.0,12.0,3.9
2016-10-30T00:00:00,0.0,12.2,4.0
2016-10-31T00:00:00,0.0,11.9,3.3
2016-11-01T00:00:00,0.0,9.0,2.1
2016-11-02T00:00:00,0.0,9.0,-0.4
2016-11-03T00:00:00,0.0,10.2,1.4
2016-11-04T00:00:00,10.2,7.6,0.5
2016-11-05T00:00:00,7.6,5.7,0.2
2016-11-06T00:00:00,2.5,1.7,-0.6
2016-11-07T00:00:00,0.0,6.6,-2.0
2016-11-08T00:00:00,0.0,7.0,-1.3
2016-11-09T00:00:00,0.0,9.8,-2.4
2016-11-10T00:00:00,0.0,9.7,-0.1
2016-11-11T00:00:00,0.0,5.0,-2.2
2016-11-12T00:00:00,0.0,5.5,-2.6
2016-11-13T00:00:00,0.0,5.5,-2.5
2016-11-14T00:00:00,0.0,7.7,-1.5
2016-11-15T00:00:00,0.0,13.2,3.0
2016-11-16T00:00:00,0.0,10.1,2.3
2016-11-17T00:00:00,0.0,4.0,-10.6
2016-11-18T00:00:00,0.0,0.7,-11.4
2016-11-19T00:00:00,0.0,6.8,-0.6
2016-11-20T00:00:00,0.0,9.2,1.3
2016-11-21T00:00:00,17.8,3.7,-5.3
2016-11-22T00:00:00,2.5,-3.5,-5.6
2016-11-23T00:00:00,0.0,0.8,-7.8
2016-11-24T00:00:00,0.0,-1.6,-7.8
2016-11-25T00:00:00,0.0,1.0,-7.8
2016-11-26T00:00:00,2.5,3.9,-6.6
2016-11-27T00:00:00,5.1,0.5,-9.9
2016-11-28T00:00:00,5.1,-8.7,-11.0
2016-11-29T00:00:00,7.6,-7.9,-14.0
2016-11-30T00:00:00,0.0,-9.7,-15.3
2016-12-01T00:00:00,0.0,-6.0,-12.0
2016-12-02T00:00:00,2.5,-3.7,-9.2
2016-12-03T00:00:00,0.0,-3.2,-10.6
2016-12-04T00:00:00,2.5,0.8,-11.5
2016-12-05T00:00:00,0.0,0.5,-7.6
2016-12-06T00:00:00,0.0,-4.3,-7.8
2016-12-07T00:00:00,0.0,-7.6,-13.2
2016-12-08T00:00:00,0.0,-3.5,-9.8
2016-12-09T00:00:00,0.0,1.1,-5.6
2016-12-10T00:00:00,0.0,4.1,-2.2
2016-12-11T00:00:00,0.0,-1.6,-6.2
2016-12-12T00:00:00,0.0,-0.2,-4.3
2016-12-13T00:00:00,0.0,0.0,-6.7
2016-12-14T00:00:00,2.5,2.9,-2.9
2016-12-15T00:00:00,0.0,5.8,-1.0
2016-12-16T00:00:00,20.3,0.8,-2.9
2016-12-17T00:00:00,10.2,-2.3,-16.6
2016-12-18T00:00:00,0.0,-9.4,-17.6
2016-12-19T00:00:00,2.5,-1.5,-13.8
2016-12-20T00:00:00,2.5,4.2,-3.8
2016-12-21T00:00:00,0.0,4.9,-2.1
2016-12-22T00:00:00,12.7,2.4,-3.1
2016-12-23T00:00:00,2.5,-3.1,-7.8
2016-12-24T00:00:00,5.1,3.4,-6.3
2016-12-25T00:00:00,2.5,-2.3,-15.0
2016-12-26T00:00:00,2.5,-2.4,-17.3
2016-12-27T00:00:00,0.0,2.6,-4.9
2016-12-28T00:00:00,0.0,0.5,-5.0
2016-12-29T00:00:00,0.0,2.3,-4.9
2016-12-30T00:00:00,0.0,2.6,-5.0
2016-12-31T00:00:00,2.5,-1.0,-5.9
2017-01-01T00:00:00,2.5,-4.1,-7.6
2017-01-02T00:00:00,0.0,-2.9,-8.7
2017-01-03T00:00:00,0.0,-4.2,-8.0
2017-01-04T00:00:00,0.0,-3.7,-7.4
2017-01-05T00:00:00,10.2,-2.9,-6.0
2017-01-06T00:00:00,2.5,-6.0,-15.5
2017-01-07T00:00:00,2.5,-4.0,-14.3
2017-01-08T00:00:00,2.5,0.7,-5.4
2017-01-09T00:00:00,2.5,2.9,-5.6
2017-01-10T00:00:00,0.0,0.2,-7.1
2017-01-11T00:00:00,0.0,-0.8,-5.4
2017-01-12T00:00:00,0.0,2.3,-6.7
2017-01-13T00:00:00,0.0,4.7,-0.9
2017-01-14T00:00:00,0.0,6.1,-1.5
2017-01-15T00:00:00,20.3,-0.2,-4.7
2017-01-16T00:00:00,5.1,-2.5,-6.1
2017-01-17T00:00:00,0.0,-2.3,-8.7
2017-01-18T00:00:00,2.5,-5.5,-9.2
2017-01-19T00:00:00,0.0,-1.5,-9.3
2017-01-20T00:00:00,7.6,-7.1,-10.6
2017-01-21T00:00:00,17.8,-6.2,-9.7
2017-01-22T00:00:00,5.1,-4.4,-12.2
2017-01-23T00:00:00,15.2,-3.0,-7.8
2017-01-24T00:00:00,7.6,-7.8,-13.2
2017-01-25T00:00:00,2.5,-11.8,-17.2
2017-01-26T00:00:00,0.0,-12.6,-19.7
2017-01-27T00:00:00,2.5,-10.6,-20.3
2017-01-28T00:00:00,0.0,-4.6,-14.9
2017-01-29T00:00:00,0.0,-0.3,-10.1
2017-01-30T00:00:00,0.0,4.7,-6.0
2017-01-31T00:00:00,0.0,3.8,-3.2
2017-02-01T00:00:00,0.0,4.2,-4.1
2017-02-02T00:00:00,0.0,4.6,-3.2
2017-02-03T00:00:00,0.0,3.7,-4.8
2017-02-04T00:00:00,0.0,3.4,-4.6
2017-02-05T00:00:00,0.0,5.0,-3.8
2017-02-06T00:00:00,0.0,-0.9,-5.2
2017-02-07T00:00:00,2.5,0.0,-4.9
2017-02-08T00:00:00,0.0,4.4,-2.9
2017-02-09T00:00:00,0.0,8.7,-1.8
2017-02-10T00:00:00,0.0,8.6,2.4
2017-02-11T00:00:00,0.0,6.8,0.4
2017-02-12T00:00:00,5.1,2.9,-3.4
2017-02-13T00:00:00,0.0,1.1,-7.1
2017-02-14T00:00:00,0.0,-1.6,-9.2
2017-02-15T00:00:00,0.0,2.4,-9.7
2017-02-16T00:00:00,2.5,6.9,-4.8
2017-02-17T00:00:00,0.0,3.9,-5.6
2017-02-18T00:00:00,0.0,8.6,-3.8
2017-02-19T00:00:00,2.5,1.0,-6.3
2017-02-20T00:00:00,2.5,3.0,-8.0
2017-02-21T00:00:00,0.0,9.4,-3.5
2017-02-22T00:00:00,5.1,2.4,-2.8
2017-02-23T00:00:00,0.0,-1.5,-11.9
2017-02-24T00:00:00,0.0,-7.1,-14.8
2017-02-25T00:00:00,0.0,-5.2,-15.6
2017-02-26T00:00:00,0.0,-6.6,-12.2
2017-02-27T00:00:00,12.7,-0.1,-9.5
2017-02-28T00:00:00,15.2,-4.2,-9.8
2017-03-01T00:00:00,0.0,-2.3,-14.8
2017-03-02T00:00:00,0.0,2.6,-10.8
2017-03-03T00:00:00,0.0,4.7,-6.3
2017-03-04T00:00:00,0.0,6.8,-3.0
2017-03-05T00:00:00,0.0,5.5,-3.2
2017-03-06T00:00:00,0.0,-1.2,-12.0
2017-03-07T00:00:00,0.0,1.7,-12.2
2017-03-08T00:00:00,0.0,7.8,-4.2
2017-03-09T00:00:00,0.0,10.1,-1.4
2017-03-10T00:00:00,0.0,10.9,0.0
2017-03-11T00:00:00,0.0,10.4,1.1
2017-03-12T00:00:00,0.0,7.1,-1.1
2017-03-13T00:00:00,0.0,7.4,-2.3
2017-03-14T00:00:00,0.0,11.8,-0.6
2017-03-15T00:00:00,0.0,12.9,0.6
2017-03-16T00:00:00,0.0,11.4,2.5
2017-03-17T00:00:00,0.0,12.3,1.7
2017-03-18T00:00:00,0.0,13.2,3.5
2017-03-19T00:00:00,0.0,12.7,3.4
2017-03-20T00:00:00,0.0,13.1,2.7
2017-03-21T00:00:00,0.0,13.0,3.2
2017-03-22T00:00:00,0.0,13.6,3.8
2017-03-23T00:00:00,17.8,8.6,-6.7
2017-03-24T00:00:00,27.9,2.0,-6.7
2017-03-25T00:00:00,7.6,7.9,-5.0
2017-03-26T00:00:00,2.5,1.3,-4.8
2017-03-27T00:00:00,2.5,8.5,-4.0
2017-03-28T00:00:00,12.7,1.8,-4.8
2017-03-29T00:00:00,2.5,1.3,-4.8
2017-03-30T00:00:00,0.0,7.6,-3.8
2017-03-31T00:00:00,2.5,6.1,-4.6
2017-04-01T00:00:00,5.1,0.7,-9.1
2017-04-02T00:00:00,0.0,4.5,-8.9
2017-04-03T00:00:00,7.6,1.3,-2.9
2017-04-04T00:00:00,12.7,1.1,-8.7
2017-04-05T00:00:00,2.5,3.5,-10.8
2017-04-06T00:00:00,0.0,11.0,-2.9
2017-04-07T00:00:00,0.0,11.8,2.5
2017-04-08T00:00:00,0.0,11.5,0.5
2017-04-09T00:00:00,0.0,5.8,-2.9
2017-04-10T00:00:00,0.0,6.8,-5.8
2017-04-11T00:00:00,0.0,11.2,-1.3
2017-04-12T00:00:00,0.0,12.3,2.4
2017-04-13T00:00:00,0.0,12.8,2.7
2017-04-14T00:00:00,0.0,12.6,2.3
2017-04-15T00:00:00,0.0,12.0,0.4
2017-04-16T00:00:00,0.0,13.6,2.3
2017-04-17T00:00:00,0.0,13.6,3.3
2017-04-18T00:00:00,0.0,14.3,3.4
2017-04-19T00:00:00,0.0,13.2,1.5
2017-04-20T00:00:00,0.0,10.4,2.3
2017-04-21T00:00:00,0.0,8.8,-1.1
2017-04-22T00:00:00,0.0,8.4,-2.3
2017-04-23T00:00:00,0.0,12.3,-0.3
2017-04-24T00:00:00,0.0,11.5,2.2
2017-04-25T00:00:00,17.8,2.4,-4.7
2017-04-26T00:00:00,0.0,1.3,-7.1
2017-04-27T00:00:00,10.2,0.0,-5.6
2017-04-28T00:00:00,12.7,-2.3,-6.4
2017-04-29T00:00:00,10.2,-4.2,-9.4
2017-04-30T00:00:00,5.1,1.4,-9.0
2017-05-01T00:00:00,0.0,7.5,-5.4
2017-05-02T00:00:00,0.0,11.5,0.4
2017-05-03T00:00:00,0.0,10.9,-1.8
2017-05-04T00:00:00,0.0,15.4,-0.2
2017-05-05T00:00:00,0.0,16.5,5.4
2017-05-06T00:00:00,0.0,14.8,3.6
2017-05-07T00:00:00,0.0,15.4,3.6
2017-05-08T00:00:00,2.5,14.3,3.0
2017-05-09T00:00:00,12.7,6.2,-1.0
2017-05-10T00:00:00,5.1,5.1,-3.1
2017-05-11T00:00:00,2.5,10.8,-2.6
2017-05-12T00:00:00,0.0,14.0,1.7
2017-05-13T00:00:00,0.0,15.0,5.7
2017-05-14T00:00:00,0.0,15.3,3.7
2017-05-15T00:00:00,0.0,16.0,2.8
2017-05-16T00:00:00,2.5,9.0,-3.0
2017-05-17T00:00:00,2.5,7.8,-4.7
2017-05-18T00:00:00,7.6,3.6,-4.8
2017-05-19T00:00:00,2.5,2.8,-5.3
2017-05-20T00:00:00,0.0,9.0,-5.0
2017-05-21T00:00:00,2.5,13.1,0.0
2017-05-22T00:00:00,0.0,12.6,1.6
2017-05-23T00:00:00,0.0,10.9,-0.9
2017-05-24T00:00:00,0.0,16.2,1.3
2017-05-25T00:00:00,0.0,15.6,6.5
2017-05-26T00:00:00,0.0,14.7,3.9
2017-05-27T00:00:00,0.0,15.3,2.5
2017-05-28T00:00:00,0.0,14.7,1.1
2017-05-29T00:00:00,0.0,12.1,3.0
2017-05-30T00:00:00,0.0,14.0,3.2
2017-05-31T00:00:00,5.1,9.0,2.9
2017-06-01T00:00:00,0.0,14.2,3.9
2017-06-02T00:00:00,2.5,17.3,3.9
2017-06-03T00:00:00,0.0,18.3,4.2
2017-06-04T00:00:00,0.0,19.0,5.5
2017-06-05T00:00:00,0.0,21.1,7.9
2017-06-06T00:00:00,0.0,20.2,6.5
2017-06-07T00:00:00,0.0,20.2,6.6
2017-06-08T00:00:00,0.0,20.3,7.5
2017-06-09T00:00:00,0.0,,
2017-06-10T00:00:00,0.0,,
2017-06-11T00:00:00,0.0,,
2017-06-12T00:00:00,0.0,,
2017-06-13T00:00:00,0.0,,
2017-06-14T00:00:00,0.0,,
2017-06-15T00:00:00,0.0,,
2017-06-16T00:00:00,0.0,,
2017-06-17T00:00:00,0.0,,
2017-06-18T00:00:00,0.0,,
2017-06-19T00:00:00,0.0,,
2017-06-20T00:00:00,0.0,,
2017-06-21T00:00:00,0.0,,
2017-06-22T00:00:00,0.0,,
2017-06-23T00:00:00,0.0,,
2017-06-24T00:00:00,0.0,,
2017-06-25T00:00:00,0.0,,
2017-06-26T00:00:00,0.0,,
2017-06-27T00:00:00,0.0,,
2017-06-28T00:00:00,0.0,,
2017-06-29T00:00:00,0.0,,
2017-06-30T00:00:00,0.0,,
2017-07-01T00:00:00,0.0,,
2017-07-02T00:00:00,0.0,,
2017-07-03T00:00:00,0.0,,
2017-07-04T00:00:00,0.0,,
2017-07-05T00:00:00,0.0,,
2017-07-06T00:00:00,0.0,,
2017-07-07T00:00:00,0.0,,
2017-07-08T00:00:00,0.0,,
2017-07-09T00:00:00,0.0,,
2017-07-10T00:00:00,0.0,,
2017-07-11T00:00:00,0.0,,
2017-07-12T00:00:00,0.0,,
2017-07-13T00:00:00,10.2,,
2017-07-14T00:00:00,7.6,,
2017-07-15T00:00:00,7.6,,
2017-07-16T00:00:00,5.1,,
2017-07-17T00:00:00,0.0,,
2017-07-18T00:00:00,10.2,,
2017-07-19T00:00:00,5.1,,
2017-07-20T00:00:00,0.0,,
2017-07-21T00:00:00,2.5,,
2017-07-22T00:00:00,0.0,,
2017-07-23T00:00:00,2.5,,
2017-07-24T00:00:00,5.1,,
2017-07-25T00:00:00,2.5,,
2017-07-26T00:00:00,0.0,,
2017-07-27T00:00:00,2.5,,
2017-07-28T00:00:00,5.1,,
2017-07-29T00:00:00,15.2,,
2017-07-30T00:00:00,17.8,,
2017-07-31T00:00:00,12.7,,
2017-08-01T00:00:00,7.6,,
2017-08-02T00:00:00,5.1,,
2017-08-03T00:00:00,0.0,,
2017-08-04T00:00:00,2.5,,
2017-08-05T00:00:00,0.0,,
2017-08-06T00:00:00,0.0,,
2017-08-07T00:00:00,7.6,,
2017-08-08T00:00:00,17.8,,
2017-08-09T00:00:00,5.1,,
2017-08-10T00:00:00,0.0,,
2017-08-11T00:00:00,0.0,,
2017-08-12T00:00:00,12.7,,
2017-08-13T00:00:00,0.0,,
2017-08-14T00:00:00,0.0,,
2017-08-15T00:00:00,0.0,,
2017-08-16T00:00:00,0.0,,
2017-08-17T00:00:00,0.0,,
2017-08-18T00:00:00,0.0,,
2017-08-19T00:00:00,0.0,,
2017-08-20T00:00:00,0.0,,
2017-08-21T00:00:00,10.2,,
2017-08-22T00:00:00,17.8,,
2017-08-23T00:00:00,10.2,,
2017-08-24T00:00:00,0.0,,
2017-08-25T00:00:00,7.6,,
2017-08-26T00:00:00,0.0,,
2017-08-27T00:00:00,0.0,,
2017-08-28T00:00:00,2.5,,
2017-08-29T00:00:00,2.5,,
2017-08-30T00:00:00,2.5,,
2017-08-31T00:00:00,0.0,,
2017-09-01T00:00:00,0.0,,
2017-09-02T00:00:00,2.5,,
2017-09-03T00:00:00,0.0,,
2017-09-04T00:00:00,0.0,,
2017-09-05T00:00:00,0.0,,
2017-09-06T00:00:00,0.0,,
2017-09-07T00:00:00,0.0,,
2017-09-08T00:00:00,0.0,,
2017-09-09T00:00:00,2.5,,
2017-09-10T00:00:00,0.0,,
2017-09-11T00:00:00,0.0,,
2017-09-12T00:00:00,0.0,,
2017-09-13T00:00:00,2.5,,
2017-09-14T00:00:00,0.0,,
2017-09-15T00:00:00,0.0,,
2017-09-16T00:00:00,0.0,,
2017-09-17T00:00:00,2.5,,
2017-09-18T00:00:00,0.0,,
2017-09-19T00:00:00,0.0,,
2017-09-20T00:00:00,0.0,,
2017-09-21T00:00:00,0.0,16.1,6.0
2017-09-22T00:00:00,0.0,15.0,8.0
2017-09-23T00:00:00,5.1,11.8,3.4
2017-09-24T00:00:00,0.0,11.0,0.7
2017-09-25T00:00:00,2.5,11.8,2.0
2017-09-26T00:00:00,10.2,8.8,0.7
2017-09-27T00:00:00,20.3,5.7,0.4
2017-09-28T00:00:00,30.5,6.8,0.6
2017-09-29T00:00:00,7.6,9.0,2.0
2017-09-30T00:00:00,17.8,8.9,2.3
2017-10-01T00:00:00,0.0,10.7,4.2
2017-10-02T00:00:00,0.0,12.8,5.5
2017-10-03T00:00:00,0.0,16.0,5.8
2017-10-04T00:00:00,10.2,15.2,5.4
2017-10-05T00:00:00,20.3,11.2,7.4
2017-10-06T00:00:00,0.0,10.4,-1.0
2017-10-07T00:00:00,0.0,14.1,-1.4
2017-10-08T00:00:00,0.0,12.9,3.7
2017-10-09T00:00:00,0.0,4.5,-5.8
2017-10-10T00:00:00,0.0,7.7,-6.1
2017-10-11T00:00:00,0.0,12.9,1.4
2017-10-12T00:00:00,0.0,12.6,4.7
2017-10-13T00:00:00,0.0,13.0,5.5
2017-10-14T00:00:00,0.0,11.7,0.1
2017-10-15T00:00:00,0.0,12.3,0.7
2017-10-16T00:00:00,0.0,12.9,4.4
2017-10-17T00:00:00,0.0,12.8,4.1
2017-10-18T00:00:00,0.0,12.4,4.4
2017-10-19T00:00:00,0.0,11.9,3.8
2017-10-20T00:00:00,2.5,8.9,2.6
2017-10-21T00:00:00,0.0,4.1,-4.4
2017-10-22T00:00:00,0.0,9.5,-2.7
2017-10-23T00:00:00,0.0,13.1,2.4
2017-10-24T00:00:00,0.0,9.2,-0.2
2017-10-25T00:00:00,0.0,9.9,2.3
2017-10-26T00:00:00,0.0,10.7,-2.2
2017-10-27T00:00:00,0.0,4.1,-5.4
2017-10-28T00:00:00,0.0,5.7,-2.7
2017-10-29T00:00:00,0.0,8.9,0.3
2017-10-30T00:00:00,0.0,7.2,-1.6
2017-10-31T00:00:00,0.0,2.5,-1.4
2017-11-01T00:00:00,0.0,6.8,-1.1
2017-11-02T00:00:00,0.0,8.0,-0.7
2017-11-03T00:00:00,0.0,7.7,-0.8
2017-11-04T00:00:00,0.0,5.9,1.1
2017-11-05T00:00:00,0.0,5.7,-0.1
2017-11-06T00:00:00,0.0,5.4,-1.6
2017-11-07T00:00:00,15.2,1.7,-1.3
2017-11-08T00:00:00,0.0,3.4,-5.6
2017-11-09T00:00:00,0.0,8.2,1.2
2017-11-10T00:00:00,0.0,9.2,0.5
2017-11-11T00:00:00,0.0,6.8,-0.7
2017-11-12T00:00:00,0.0,7.8,-0.9
2017-11-13T00:00:00,0.0,8.6,2.8
2017-11-14T00:00:00,0.0,7.8,0.4
2017-11-15T00:00:00,0.0,6.5,-0.7
2017-11-16T00:00:00,0.0,7.7,0.6
2017-11-17T00:00:00,5.1,3.9,-2.2
2017-11-18T00:00:00,0.0,0.6,-9.3
2017-11-19T00:00:00,0.0,4.1,-3.6
2017-11-20T00:00:00,0.0,3.7,-2.7
2017-11-21T00:00:00,0.0,6.2,-0.9
2017-11-22T00:00:00,0.0,7.9,0.1
2017-11-23T00:00:00,0.0,10.7,1.2
2017-11-24T00:00:00,0.0,10.2,1.4
2017-11-25T00:00:00,0.0,8.6,1.3
2017-11-26T00:00:00,0.0,11.8,4.0
2017-11-27T00:00:00,0.0,10.2,3.3
2017-11-28T00:00:00,0.0,3.7,-4.4
2017-11-29T00:00:00,0.0,4.7,-3.8
2017-11-30T00:00:00,0.0,3.5,-0.9
2017-12-01T00:00:00,0.0,3.8,-1.8
2017-12-02T00:00:00,0.0,5.0,-1.8
2017-12-03T00:00:00,0.0,3.4,-1.2
2017-12-04T00:00:00,0.0,-1.2,-7.0
2017-12-05T00:00:00,0.0,-1.0,-8.0
2017-12-06T00:00:00,0.0,-2.0,-13.2
2017-12-07T00:00:00,0.0,-11.5,-15.0
2017-12-08T00:00:00,0.0,-1.3,-12.0
2017-12-09T00:00:00,0.0,2.7,-5.8
2017-12-10T00:00:00,0.0,4.8,-3.1
2017-12-11T00:00:00,0.0,6.4,-1.8
2017-12-12T00:00:00,0.0,6.7,-1.6
2017-12-13T00:00:00,0.0,6.5,-1.3
2017-12-14T00:00:00,0.0,-1.0,-9.4
2017-12-15T00:00:00,0.0,2.3,-10.3
2017-12-16T00:00:00,0.0,5.2,-4.2
2017-12-17T00:00:00,0.0,1.3,-6.0
2017-12-18T00:00:00,0.0,1.8,-6.7
2017-12-19T00:00:00,0.0,1.2,-6.6
2017-12-20T00:00:00,0.0,2.2,-3.9
2017-12-21T00:00:00,0.0,-0.8,-11.2
2017-12-22T00:00:00,0.0,-8.4,-14.5
2017-12-23T00:00:00,0.0,-2.8,-10.0
2017-12-24T00:00:00,0.0,-0.6,-7.3
2017-12-25T00:00:00,0.0,0.6,-4.4
2017-12-26T00:00:00,0.0,2.6,-4.4
2017-12-27T00:00:00,0.0,2.6,-4.4
2017-12-28T00:00:00,0.0,3.9,-3.8
2017-12-29T00:00:00,0.0,3.5,-2.7
2017-12-30T00:00:00,0.0,6.0,-1.1
2017-12-31T00:00:00,0.0,3.6,-2.9
2018-01-01T00:00:00,0.0,1.4,-4.5
2018-01-02T00:00:00,0.0,-1.3,-7.1
2018-01-03T00:00:00,0.0,3.3,-4.7
2018-01-04T00:00:00,0.0,3.3,-3.4
2018-01-05T00:00:00,0.0,4.7,-2.4
2018-01-06T00:00:00,0.0,3.3,-3.1
2018-01-07T00:00:00,2.5,-2.4,-5.5
2018-01-08T00:00:00,0.0,7.7,-3.6
2018-01-09T00:00:00,0.0,6.2,-1.5
2018-01-10T00:00:00,5.1,0.7,-5.7
2018-01-11T00:00:00,0.0,-5.6,-11.0
2018-01-12T00:00:00,0.0,-2.5,-9.3
2018-01-13T00:00:00,0.0,0.1,-8.6
2018-01-14T00:00:00,2.5,4.0,-4.4
2018-01-15T00:00:00,0.0,2.4,-7.2
2018-01-16T00:00:00,0.0,-2.6,-10.0
2018-01-17T00:00:00,0.0,1.6,-6.8
2018-01-18T00:00:00,0.0,4.8,-5.2
2018-01-19T00:00:00,0.0,6.1,-1.0
2018-01-20T00:00:00,2.5,4.0,-7.0
2018-01-21T00:00:00,12.7,-7.0,-15.0
2018-01-22T00:00:00,0.0,-7.8,-17.6
2018-01-23T00:00:00,0.0,-1.8,-12.3
2018-01-24T00:00:00,0.0,1.3,-7.8
2018-01-25T00:00:00,0.0,1.7,-4.3
2018-01-26T00:00:00,0.0,-4.2,-12.3
2018-01-27T00:00:00,0.0,-1.3,-12.4
2018-01-28T00:00:00,0.0,2.7,-5.5
2018-01-29T00:00:00,0.0,4.4,-4.9
2018-01-30T00:00:00,0.0,5.4,-1.8
2018-01-31T00:00:00,0.0,4.7,-1.5
2018-02-01T00:00:00,0.0,5.0,-1.8
2018-02-02T00:00:00,0.0,5.1,-2.4
2018-02-03T00:00:00,0.0,3.3,-4.3
2018-02-04T00:00:00,0.0,6.9,-3.2
2018-02-05T00:00:00,0.0,5.4,-3.2
2018-02-06T00:00:00,0.0,0.4,-8.5
2018-02-07T00:00:00,0.0,2.6,-8.7
2018-02-08T00:00:00,0.0,5.5,-2.9
2018-02-09T00:00:00,0.0,4.5,-2.5
2018-02-10T00:00:00,2.5,3.7,-8.0
2018-02-11T00:00:00,0.0,-3.9,-13.4
2018-02-12T00:00:00,2.5,1.0,-4.6
2018-02-13T00:00:00,0.0,3.4,-3.8
2018-02-14T00:00:00,12.7,3.2,-4.7
2018-02-15T00:00:00,17.8,-3.4,-6.4
2018-02-16T00:00:00,0.0,-2.1,-8.6
2018-02-17T00:00:00,0.0,2.6,-9.1
2018-02-18T00:00:00,0.0,2.5,-3.8
2018-02-19T00:00:00,5.1,1.3,-8.6
2018-02-20T00:00:00,5.1,-8.5,-15.0
2018-02-21T00:00:00,2.5,-4.0,-10.6
2018-02-22T00:00:00,2.5,-5.8,-13.7
2018-02-23T00:00:00,0.0,-0.3,-11.2
2018-02-24T00:00:00,0.0,-8.6,-15.6
2018-02-25T00:00:00,2.5,-7.2,-14.1
2018-02-26T00:00:00,2.5,1.5,-10.2
2018-02-27T00:00:00,0.0,2.1,-5.6
2018-02-28T00:00:00,0.0,-3.8,-9.8
2018-03-01T00:00:00,0.0,2.7,-9.9
2018-03-02T00:00:00,0.0,5.6,-3.6
2018-03-03T00:00:00,0.0,6.9,-1.3
2018-03-04T00:00:00,0.0,4.8,-12.4
2018-03-05T00:00:00,0.0,-2.6,-14.7
2018-03-06T00:00:00,0.0,1.7,-12.8
2018-03-07T00:00:00,0.0,3.7,-7.9
2018-03-08T00:00:00,0.0,5.8,-3.1
2018-03-09T00:00:00,0.0,6.1,-2.8
2018-03-10T00:00:00,0.0,5.9,-2.3
2018-03-11T00:00:00,0.0,1.4,-5.4
2018-03-12T00:00:00,0.0,3.0,-7.0
2018-03-13T00:00:00,0.0,4.4,-4.7
2018-03-14T00:00:00,0.0,8.0,-1.5
2018-03-15T00:00:00,2.5,3.9,-8.2
2018-03-16T00:00:00,2.5,0.8,-11.0
2018-03-17T00:00:00,0.0,4.1,-5.3
2018-03-18T00:00:00,7.6,-0.9,-11.4
2018-03-19T00:00:00,0.0,-4.4,-12.7
2018-03-20T00:00:00,0.0,0.6,-10.8
2018-03-21T00:00:00,0.0,7.4,-4.0
2018-03-22T00:00:00,0.0,10.9,0.7
2018-03-23T00:00:00,2.5,5.1,-2.2
2018-03-24T00:00:00,0.0,7.2,-2.4
2018-03-25T00:00:00,0.0,7.1,-2.6
2018-03-26T00:00:00,2.5,3.6,-4.2
2018-03-27T00:00:00,0.0,2.2,-7.6
2018-03-28T00:00:00,2.5,3.5,-8.5
2018-03-29T00:00:00,0.0,4.0,-8.7
2018-03-30T00:00:00,0.0,7.4,-3.6
2018-03-31T00:00:00,0.0,10.4,-0.9
2018-04-01T00:00:00,0.0,6.6,2.3
2018-04-02T00:00:00,0.0,9.5,-0.2
2018-04-03T00:00:00,0.0,6.8,-2.4
2018-04-04T00:00:00,0.0,8.5,-1.8
2018-04-05T00:00:00,0.0,8.6,-1.5
2018-04-06T00:00:00,0.0,8.7,1.3
2018-04-07T00:00:00,2.5,13.0,1.6
2018-04-08T00:00:00,5.1,7.5,-1.6
2018-04-09T00:00:00,0.0,8.0,-2.5
2018-04-10T00:00:00,0.0,10.9,-2.3
2018-04-11T00:00:00,0.0,13.4,3.7
2018-04-12T00:00:00,0.0,11.7,-2.6
2018-04-13T00:00:00,0.0,-2.6,-10.3
2018-04-14T00:00:00,2.5,4.4,-11.8
2018-04-15T00:00:00,0.0,10.2,-4.9
2018-04-16T00:00:00,0.0,12.6,2.8
2018-04-17T00:00:00,0.0,10.2,-6.3
2018-04-18T00:00:00,0.0,9.5,-6.5
2018-04-19T00:00:00,2.5,10.9,-1.4
2018-04-20T00:00:00,2.5,2.1,-6.5
2018-04-21T00:00:00,0.0,6.5,-7.2
2018-04-22T00:00:00,0.0,12.2,-2.4
2018-04-23T00:00:00,0.0,12.8,2.0
2018-04-24T00:00:00,0.0,14.3,0.5
2018-04-25T00:00:00,0.0,11.5,-1.4
2018-04-26T00:00:00,0.0,13.4,0.3
2018-04-27T00:00:00,0.0,12.9,0.2
2018-04-28T00:00:00,2.5,12.0,2.8
2018-04-29T00:00:00,0.0,14.1,3.6
2018-04-30T00:00:00,0.0,10.4,2.7
2018-05-01T00:00:00,0.0,9.6,1.2
2018-05-02T00:00:00,7.6,8.6,-4.7
2018-05-03T00:00:00,2.5,1.6,-6.1
2018-05-04T00:00:00,0.0,9.1,-2.7
2018-05-05T00:00:00,0.0,13.9,1.1
2018-05-06T00:00:00,0.0,14.6,5.6
2018-05-07T00:00:00,0.0,17.0,7.2
2018-05-08T00:00:00,0.0,19.6,7.4
2018-05-09T00:00:00,0.0,17.5,7.6
2018-05-10T00:00:00,0.0,19.7,8.2
2018-05-11T00:00:00,0.0,16.8,7.5
2018-05-12T00:00:00,0.0,17.1,7.1
2018-05-13T00:00:00,0.0,14.9,4.7
2018-05-14T00:00:00,0.0,14.3,3.4
2018-05-15T00:00:00,0.0,15.1,4.8
2018-05-16T00:00:00,0.0,18.0,5.1
2018-05-17T00:00:00,0.0,17.8,5.8
2018-05-18T00:00:00,0.0,15.2,4.6
2018-05-19T00:00:00,0.0,15.2,4.1
2018-05-20T00:00:00,0.0,14.4,4.0
2018-05-21T00:00:00,5.1,15.2,1.3
2018-05-22T00:00:00,2.5,14.4,3.5
2018-05-23T00:00:00,5.1,16.1,4.5
2018-05-24T00:00:00,0.0,17.9,6.8
2018-05-25T00:00:00,0.0,20.3,8.4
2018-05-26T00:00:00,0.0,19.6,8.2
2018-05-27T00:00:00,0.0,19.5,7.7
2018-05-28T00:00:00,0.0,17.0,5.6
2018-05-29T00:00:00,0.0,17.7,6.1
2018-05-30T00:00:00,0.0,17.8,8.2
2018-05-31T00:00:00,0.0,20.6,7.6
2018-06-01T00:00:00,0.0,19.9,6.7
2018-06-02T00:00:00,0.0,21.1,7.6
2018-06-03T00:00:00,15.2,12.9,3.8
2018-06-04T00:00:00,0.0,20.0,5.6
2018-06-05T00:00:00,0.0,21.9,11.2
2018-06-06T00:00:00,0.0,21.4,11.5
2018-06-07T00:00:00,0.0,21.5,9.4
2018-06-08T00:00:00,0.0,21.4,10.6
2018-06-09T00:00:00,0.0,21.3,10.5
2018-06-10T00:00:00,0.0,20.3,10.4
2018-06-11T00:00:00,0.0,23.7,8.9
2018-06-12T00:00:00,0.0,24.8,11.1
2018-06-13T00:00:00,0.0,21.5,10.5
2018-06-14T00:00:00,0.0,22.1,10.4
2018-06-15T00:00:00,0.0,21.8,10.4
2018-06-16T00:00:00,7.6,12.8,7.2
2018-06-17T00:00:00,0.0,14.1,6.9
2018-06-18T00:00:00,0.0,19.7,6.7
2018-06-19T00:00:00,0.0,20.4,10.0
2018-06-20T00:00:00,0.0,22.0,8.4
2018-06-21T00:00:00,0.0,24.0,9.7
2018-06-22T00:00:00,0.0,24.0,12.0
2018-06-23T00:00:00,0.0,22.7,10.7
2018-06-24T00:00:00,0.0,22.1,9.5
2018-06-25T00:00:00,0.0,20.9,8.2
2018-06-26T00:00:00,0.0,26.0,11.2
2018-06-27T00:00:00,0.0,26.8,14.4
2018-06-28T00:00:00,0.0,23.4,14.4
2018-06-29T00:00:00,0.0,20.3,12.2
2018-06-30T00:00:00,0.0,22.0,9.6
2018-07-01T00:00:00,0.0,23.3,10.7
2018-07-02T00:00:00,0.0,21.8,11.8
2018-07-03T00:00:00,0.0,22.6,11.6
2018-07-04T00:00:00,0.0,22.6,11.7
2018-07-05T00:00:00,0.0,21.2,7.8
2018-07-06T00:00:00,2.5,16.7,7.8
2018-07-07T00:00:00,0.0,21.1,8.1
2018-07-08T00:00:00,0.0,19.7,8.5
2018-07-09T00:00:00,0.0,21.8,8.2
2018-07-10T00:00:00,12.7,21.6,6.7
2018-07-11T00:00:00,5.1,20.9,7.4
2018-07-12T00:00:00,5.1,18.0,8.8
2018-07-13T00:00:00,0.0,19.7,9.0
2018-07-14T00:00:00,0.0,19.2,8.6
2018-07-15T00:00:00,5.1,19.7,8.8
2018-07-16T00:00:00,30.5,18.2,8.4
2018-07-17T00:00:00,5.1,18.7,8.5
2018-07-18T00:00:00,0.0,23.4,11.2
2018-07-19T00:00:00,0.0,23.1,13.9
2018-07-20T00:00:00,0.0,21.2,13.2
2018-07-21T00:00:00,0.0,25.2,13.9
2018-07-22T00:00:00,0.0,26.7,13.2
2018-07-23T00:00:00,15.2,23.2,8.6
2018-07-24T00:00:00,7.6,22.7,8.4
2018-07-25T00:00:00,2.5,21.9,8.1
2018-07-26T00:00:00,0.0,20.5,10.8
2018-07-27T00:00:00,0.0,18.4,8.0
2018-07-28T00:00:00,0.0,21.8,8.0
2018-07-29T00:00:00,0.0,23.8,8.9
2018-07-30T00:00:00,7.6,19.9,8.4
2018-07-31T00:00:00,0.0,19.2,8.2
2018-08-01T00:00:00,0.0,19.9,10.7
2018-08-02T00:00:00,0.0,23.1,9.8
2018-08-03T00:00:00,0.0,19.5,10.7
2018-08-04T00:00:00,0.0,24.3,10.0
2018-08-05T00:00:00,0.0,22.5,13.2
2018-08-06T00:00:00,0.0,23.1,13.3
2018-08-07T00:00:00,0.0,23.1,13.1
2018-08-08T00:00:00,0.0,23.1,10.7
2018-08-09T00:00:00,0.0,17.5,7.5
2018-08-10T00:00:00,10.2,20.2,5.2
2018-08-11T00:00:00,0.0,17.7,5.1
2018-08-12T00:00:00,2.5,18.7,5.8
2018-08-13T00:00:00,0.0,21.2,8.1
2018-08-14T00:00:00,0.0,22.8,7.6
2018-08-15T00:00:00,0.0,19.5,9.7
2018-08-16T00:00:00,17.8,20.9,8.2
2018-08-17T00:00:00,0.0,19.5,8.4
2018-08-18T00:00:00,17.8,19.4,7.7
2018-08-19T00:00:00,0.0,19.0,7.5
2018-08-20T00:00:00,0.0,18.2,7.1
2018-08-21T00:00:00,2.5,19.0,8.1
2018-08-22T00:00:00,5.1,14.4,7.2
2018-08-23T00:00:00,2.5,17.3,8.1
2018-08-24T00:00:00,0.0,20.9,8.4
2018-08-25T00:00:00,2.5,17.3,7.5
2018-08-26T00:00:00,12.7,17.6,6.6
2018-08-27T00:00:00,2.5,17.3,6.6
2018-08-28T00:00:00,0.0,18.4,8.0
2018-08-29T00:00:00,0.0,19.9,10.2
2018-08-30T00:00:00,0.0,20.4,11.4
2018-08-31T00:00:00,5.1,19.7,6.9
2018-09-01T00:00:00,12.7,12.8,4.7
2018-09-02T00:00:00,5.1,13.9,4.6
2018-09-03T00:00:00,7.6,10.7,4.0
2018-09-04T00:00:00,0.0,14.1,5.6
2018-09-05T00:00:00,7.6,13.3,5.7
2018-09-06T00:00:00,7.6,12.1,5.5
2018-09-07T00:00:00,2.5,14.9,5.0
2018-09-08T00:00:00,0.0,17.1,5.7
2018-09-09T00:00:00,2.5,18.9,6.1
2018-09-10T00:00:00,0.0,18.6,8.4
2018-09-11T00:00:00,0.0,18.5,10.4
2018-09-12T00:00:00,0.0,18.7,8.8
2018-09-13T00:00:00,0.0,19.4,8.9
2018-09-14T00:00:00,0.0,20.3,9.6
2018-09-15T00:00:00,0.0,20.6,10.4
2018-09-16T00:00:00,0.0,21.2,10.0
2018-09-17T00:00:00,0.0,20.6,10.5
2018-09-18T00:00:00,0.0,21.4,11.6
2018-09-19T00:00:00,2.5,17.8,7.6
2018-09-20T00:00:00,7.6,11.6,6.1
2018-09-21T00:00:00,0.0,16.3,5.1
2018-09-22T00:00:00,0.0,16.2,4.4
2018-09-23T00:00:00,0.0,17.0,6.7
2018-09-24T00:00:00,0.0,16.2,7.6
2018-09-25T00:00:00,0.0,14.6,5.2
2018-09-26T00:00:00,0.0,12.0,3.2
2018-09-27T00:00:00,0.0,16.7,4.9
2018-09-28T00:00:00,0.0,18.0,7.8
2018-09-29T00:00:00,0.0,17.1,9.2
2018-09-30T00:00:00,0.0,17.3,7.4
2018-10-01T00:00:00,0.0,16.3,9.0
2018-10-02T00:00:00,7.6,14.4,6.9
2018-10-03T00:00:00,0.0,14.9,7.6
2018-10-04T00:00:00,0.0,12.6,4.5
2018-10-05T00:00:00,0.0,12.4,3.4
2018-10-06T00:00:00,0.0,11.6,3.3
2018-10-07T00:00:00,5.1,10.9,0.4
2018-10-08T00:00:00,0.0,5.2,-1.4
2018-10-09T00:00:00,5.1,0.4,-2.7
2018-10-10T00:00:00,0.0,3.9,-2.4
2018-10-11T00:00:00,7.6,5.2,0.1
2018-10-12T00:00:00,0.0,8.8,-0.7
2018-10-13T00:00:00,0.0,7.9,0.3
2018-10-14T00:00:00,17.8,2.1,-3.1
2018-10-15T00:00:00,0.0,1.0,-4.7
2018-10-16T00:00:00,0.0,3.2,-4.2
2018-10-17T00:00:00,0.0,3.8,-3.8
2018-10-18T00:00:00,0.0,7.2,-0.9
2018-10-19T00:00:00,0.0,8.7,-2.8
2018-10-20T00:00:00,2.5,8.1,-0.4
2018-10-21T00:00:00,0.0,9.4,-0.1
2018-10-22T00:00:00,0.0,8.1,2.7
2018-10-23T00:00:00,7.6,6.0,0.6
2018-10-24T00:00:00,15.2,2.5,0.1
2018-10-25T00:00:00,0.0,4.0,-1.8
2018-10-26T00:00:00,0.0,6.8,-2.2
2018-10-27T00:00:00,0.0,10.8,0.6
2018-10-28T00:00:00,0.0,11.7,4.0
2018-10-29T00:00:00,0.0,11.0,3.7
2018-10-30T00:00:00,20.3,7.6,-2.0
2018-10-31T00:00:00,15.2,-1.4,-6.3
2018-11-01T00:00:00,0.0,-2.7,-8.7
2018-11-02T00:00:00,0.0,2.8,-5.9
2018-11-03T00:00:00,0.0,0.5,-6.2
2018-11-04T00:00:00,2.5,2.4,-6.5
2018-11-05T00:00:00,0.0,1.7,-4.2
2018-11-06T00:00:00,0.0,4.7,-3.2
2018-11-07T00:00:00,0.0,4.1,-3.6
2018-11-08T00:00:00,0.0,1.5,-8.5
2018-11-09T00:00:00,0.0,0.8,-8.6
2018-11-10T00:00:00,0.0,1.5,-6.6
2018-11-11T00:00:00,22.9,-2.0,-13.4
2018-11-12T00:00:00,2.5,-9.4,-16.7
2018-11-13T00:00:00,0.0,-3.8,-16.9
2018-11-14T00:00:00,2.5,1.7,-9.4
2018-11-15T00:00:00,0.0,3.6,-4.5
2018-11-16T00:00:00,2.5,3.9,-2.6
2018-11-17T00:00:00,0.0,4.0,-2.9
2018-11-18T00:00:00,0.0,0.0,-7.6
2018-11-19T00:00:00,0.0,2.9,-7.2
2018-11-20T00:00:00,0.0,3.4,-4.2
2018-11-21T00:00:00,0.0,4.9,-4.0
2018-11-22T00:00:00,5.1,2.2,-5.9
2018-11-23T00:00:00,2.5,-4.0,-8.2
2018-11-24T00:00:00,0.0,1.5,-10.3
2018-11-25T00:00:00,0.0,-3.7,-14.1
2018-11-26T00:00:00,0.0,0.4,-8.5
2018-11-27T00:00:00,2.5,2.6,-4.7
2018-11-28T00:00:00,0.0,4.8,-3.7
2018-11-29T00:00:00,0.0,2.5,-3.7
2018-11-30T00:00:00,12.7,-0.8,-7.8
2018-12-01T00:00:00,2.5,-7.6,-11.9
2018-12-02T00:00:00,7.6,-8.2,-13.3
2018-12-03T00:00:00,0.0,-9.4,-16.7
2018-12-04T00:00:00,0.0,-4.7,-16.2
2018-12-05T00:00:00,2.5,1.3,-6.8
2018-12-06T00:00:00,7.6,-0.1,-4.5
2018-12-07T00:00:00,0.0,-0.6,-5.0
2018-12-08T00:00:00,0.0,-2.3,-8.7
2018-12-09T00:00:00,0.0,-3.5,-10.8
2018-12-10T00:00:00,2.5,2.5,-10.8
2018-12-11T00:00:00,0.0,2.8,-5.2
2018-12-12T00:00:00,10.2,0.4,-9.5
2018-12-13T00:00:00,2.5,-8.5,-15.4
2018-12-14T00:00:00,2.5,2.3,-9.6
2018-12-15T00:00:00,0.0,2.5,-4.1
2018-12-16T00:00:00,0.0,3.8,-3.4
2018-12-17T00:00:00,0.0,1.5,-4.8
2018-12-18T00:00:00,0.0,0.6,-6.4
2018-12-19T00:00:00,0.0,-2.0,-8.3
2018-12-20T00:00:00,0.0,1.3,-9.6
2018-12-21T00:00:00,0.0,2.2,-3.2
2018-12-22T00:00:00,0.0,-0.4,-10.6
2018-12-23T00:00:00,0.0,-0.3,-10.2
2018-12-24T00:00:00,0.0,-1.8,-6.0
2018-12-25T00:00:00,0.0,1.7,-3.5
2018-12-26T00:00:00,17.8,-1.4,-7.6
2018-12-27T00:00:00,5.1,-7.6,-14.2
2018-12-28T00:00:00,0.0,-12.4,-18.9
2018-12-29T00:00:00,0.0,-7.6,-19.2
2018-12-30T00:00:00,2.5,-4.7,-12.0
2018-12-31T00:00:00,5.1,-7.6,-12.7
2019-01-01T00:00:00,7.6,-8.4,-13.5
2019-01-02T00:00:00,0.0,-6.2,-14.2
2019-01-03T00:00:00,0.0,-2.7,-14.2
2019-01-04T00:00:00,2.5,5.5,-5.0
2019-01-05T00:00:00,5.1,6.0,-1.2
2019-01-06T00:00:00,0.0,1.1,-8.9
2019-01-07T00:00:00,0.0,-5.4,-10.9
2019-01-08T00:00:00,0.0,3.5,-6.1
2019-01-09T00:00:00,2.5,5.2,-2.7
2019-01-10T00:00:00,0.0,4.0,-3.8
2019-01-11T00:00:00,25.4,-3.7,-9.4
2019-01-12T00:00:00,2.5,-6.1,-10.3
2019-01-13T00:00:00,2.5,-4.7,-10.1
2019-01-14T00:00:00,0.0,-2.7,-8.0
2019-01-15T00:00:00,0.0,-0.6,-6.8
2019-01-16T00:00:00,2.5,-3.6,-6.3
2019-01-17T00:00:00,0.0,0.6,-6.9
2019-01-18T00:00:00,12.7,-3.9,-10.6
2019-01-19T00:00:00,0.0,-2.1,-13.5
2019-01-20T00:00:00,0.0,2.3,-4.1
2019-01-21T00:00:00,0.0,0.4,-11.5
2019-01-22T00:00:00,2.5,-8.5,-13.5
2019-01-23T00:00:00,0.0,-5.8,-15.2
2019-01-24T00:00:00,0.0,-4.8,-12.3
2019-01-25T00:00:00,0.0,-6.0,-13.2
2019-01-26T00:00:00,0.0,-3.2,-12.6
2019-01-27T00:00:00,0.0,1.3,-9.3
2019-01-28T00:00:00,0.0,-2.0,-9.4
2019-01-29T00:00:00,0.0,-0.8,-9.5
2019-01-30T00:00:00,0.0,-1.1,-10.6
2019-01-31T00:00:00,0.0,0.0,-8.4
2019-02-01T00:00:00,0.0,2.0,-6.8
2019-02-02T00:00:00,2.5,1.3,-4.7
2019-02-03T00:00:00,0.0,0.8,-4.3
2019-02-04T00:00:00,0.0,2.7,-4.8
2019-02-05T00:00:00,2.5,-0.1,-5.8
2019-02-06T00:00:00,5.1,-5.8,-16.4
2019-02-07T00:00:00,0.0,-12.0,-17.9
2019-02-08T00:00:00,2.5,-2.2,-13.7
2019-02-09T00:00:00,0.0,0.7,-7.2
2019-02-10T00:00:00,0.0,-1.8,-9.0
2019-02-11T00:00:00,2.5,-7.9,-13.4
2019-02-12T00:00:00,2.5,-1.8,-13.3
2019-02-13T00:00:00,0.0,3.4,-6.2
2019-02-14T00:00:00,15.2,0.1,-3.7
2019-02-15T00:00:00,7.6,-0.4,-5.4
2019-02-16T00:00:00,0.0,-3.8,-15.2
2019-02-17T00:00:00,2.5,-8.6,-16.8
2019-02-18T00:00:00,0.0,-8.1,-15.9
2019-02-19T00:00:00,5.1,-10.2,-17.2
2019-02-20T00:00:00,0.0,-10.0,-18.4
2019-02-21T00:00:00,0.0,-5.0,-12.3
2019-02-22T00:00:00,20.3,-3.4,-11.5
2019-02-23T00:00:00,15.2,-8.8,-13.6
2019-02-24T00:00:00,0.0,-0.6,-13.1
2019-02-25T00:00:00,0.0,1.5,-6.7
2019-02-26T00:00:00,0.0,2.5,-6.9
2019-02-27T00:00:00,0.0,4.8,-4.8
2019-02-28T00:00:00,0.0,3.6,-4.5
2019-03-01T00:00:00,0.0,3.9,-3.0
2019-03-02T00:00:00,15.2,1.7,-3.7
2019-03-03T00:00:00,5.1,-1.8,-4.3
2019-03-04T00:00:00,2.5,-3.8,-6.9
2019-03-05T00:00:00,0.0,1.7,-7.3
2019-03-06T00:00:00,0.0,6.6,-1.8
2019-03-07T00:00:00,0.0,5.4,-1.0
2019-03-08T00:00:00,5.1,2.8,-10.5
2019-03-09T00:00:00,2.5,0.2,-10.7
2019-03-10T00:00:00,0.0,3.4,-6.4
2019-03-11T00:00:00,10.2,2.4,-2.9
2019-03-12T00:00:00,12.7,5.6,-5.8
2019-03-13T00:00:00,33.0,-5.8,-9.8
2019-03-14T00:00:00,5.1,-5.2,-12.2
2019-03-15T00:00:00,0.0,-3.0,-10.5
2019-03-16T00:00:00,0.0,2.2,-11.5
2019-03-17T00:00:00,0.0,3.6,-8.4
2019-03-18T00:00:00,0.0,3.6,-5.7
2019-03-19T00:00:00,2.5,3.0,-4.8
2019-03-20T00:00:00,0.0,5.5,-6.7
2019-03-21T00:00:00,10.2,3.3,-3.6
2019-03-22T00:00:00,2.5,0.3,-7.0
2019-03-23T00:00:00,0.0,1.1,-7.3
2019-03-24T00:00:00,0.0,4.0,-4.2
2019-03-25T00:00:00,0.0,7.5,-4.7
2019-03-26T00:00:00,0.0,10.7,-0.8
2019-03-27T00:00:00,0.0,11.6,2.2
2019-03-28T00:00:00,0.0,11.8,1.0
2019-03-29T00:00:00,0.0,5.7,-8.5
2019-03-30T00:00:00,0.0,0.8,-9.7
2019-03-31T00:00:00,10.2,-4.5,-9.3
2019-04-01T00:00:00,0.0,2.9,-10.6
2019-04-02T00:00:00,0.0,6.0,-3.6
2019-04-03T00:00:00,2.5,4.1,-4.1
2019-04-04T00:00:00,0.0,8.2,-4.8
2019-04-05T00:00:00,0.0,7.4,-1.0
2019-04-06T00:00:00,0.0,7.5,-2.6
2019-04-07T00:00:00,0.0,12.9,-2.3
2019-04-08T00:00:00,2.5,12.6,-0.9
2019-04-09T00:00:00,0.0,13.3,3.8
2019-04-10T00:00:00,5.1,4.9,-7.6
2019-04-11T00:00:00,5.1,-4.0,-8.9
2019-04-12T00:00:00,0.0,2.4,-8.9
2019-04-13T00:00:00,5.1,3.9,-8.1
2019-04-14T00:00:00,0.0,8.2,-7.3
2019-04-15T00:00:00,0.0,10.6,-0.6
2019-04-16T00:00:00,0.0,10.1,-0.9
2019-04-17T00:00:00,2.5,7.1,-1.4
2019-04-18T00:00:00,0.0,9.4,-3.4
2019-04-19T00:00:00,0.0,12.8,-0.8
2019-04-20T00:00:00,0.0,12.6,2.8
2019-04-21T00:00:00,0.0,10.4,0.7
2019-04-22T00:00:00,7.6,8.1,-1.2
2019-04-23T00:00:00,12.7,2.8,-2.0
2019-04-24T00:00:00,0.0,10.0,-2.8
2019-04-25T00:00:00,0.0,13.6,1.3
2019-04-26T00:00:00,2.5,11.2,2.5
2019-04-27T00:00:00,0.0,11.8,3.3
2019-04-28T00:00:00,0.0,13.1,3.6
2019-04-29T00:00:00,0.0,10.0,1.3
2019-04-30T00:00:00,5.1,4.7,-1.2
2019-05-01T00:00:00,0.0,8.4,-1.8
2019-05-02T00:00:00,0.0,9.4,1.0
2019-05-03T00:00:00,0.0,10.1,-1.1
2019-05-04T00:00:00,0.0,10.7,1.2
2019-05-05T00:00:00,0.0,12.6,2.2
2019-05-06T00:00:00,0.0,13.4,4.2
2019-05-07T00:00:00,0.0,10.4,-1.0
2019-05-08T00:00:00,7.6,6.6,-2.2
2019-05-09T00:00:00,12.7,3.6,-2.5
2019-05-10T00:00:00,7.6,2.1,-2.5
2019-05-11T00:00:00,0.0,6.1,-1.8
2019-05-12T00:00:00,0.0,10.7,-1.6
2019-05-13T00:00:00,0.0,14.1,1.7
2019-05-14T00:00:00,0.0,14.8,4.2
2019-05-15T00:00:00,0.0,15.6,5.5
2019-05-16T00:00:00,0.0,14.8,6.1
2019-05-17T00:00:00,0.0,8.0,-2.1
2019-05-18T00:00:00,0.0,4.9,-5.2
2019-05-19T00:00:00,0.0,8.8,-1.1
2019-05-20T00:00:00,17.8,5.5,-7.1
2019-05-21T00:00:00,10.2,-2.0,-7.0
2019-05-22T00:00:00,0.0,9.5,-4.3
2019-05-23T00:00:00,0.0,11.0,-1.5
2019-05-24T00:00:00,0.0,10.1,-1.2
2019-05-25T00:00:00,0.0,14.7,2.0
2019-05-26T00:00:00,2.5,15.3,1.0
2019-05-27T00:00:00,0.0,12.1,-2.7
2019-05-28T00:00:00,0.0,7.4,-4.5
2019-05-29T00:00:00,0.0,9.0,-0.8
2019-05-30T00:00:00,10.2,8.1,0.0
2019-05-31T00:00:00,0.0,14.4,0.3
2019-06-01T00:00:00,0.0,15.0,6.0
2019-06-02T00:00:00,2.5,14.3,5.7
2019-06-03T00:00:00,0.0,17.4,6.5
2019-06-04T00:00:00,2.5,17.4,2.7
2019-06-05T00:00:00,0.0,10.1,3.5
2019-06-06T00:00:00,0.0,17.5,2.9
2019-06-07T00:00:00,0.0,18.5,6.9
2019-06-08T00:00:00,0.0,18.6,6.7
2019-06-09T00:00:00,0.0,18.2,5.2
2019-06-10T00:00:00,0.0,13.4,4.6
2019-06-11T00:00:00,0.0,18.4,5.5
2019-06-12T00:00:00,0.0,17.2,7.1
2019-06-13T00:00:00,0.0,19.0,9.5
2019-06-14T00:00:00,0.0,19.0,9.2
2019-06-15T00:00:00,0.0,17.9,4.7
2019-06-16T00:00:00,0.0,17.4,5.5
2019-06-17T00:00:00,5.1,14.7,3.7
2019-06-18T00:00:00,0.0,15.3,4.5
2019-06-19T00:00:00,0.0,16.8,4.5
2019-06-20T00:00:00,0.0,19.4,9.1
2019-06-21T00:00:00,0.0,18.3,5.7
2019-06-22T00:00:00,0.0,16.2,3.6
2019-06-23T00:00:00,0.0,12.6,1.2
2019-06-24T00:00:00,0.0,17.2,2.7
2019-06-25T00:00:00,0.0,20.5,8.1
2019-06-26T00:00:00,0.0,20.0,10.0
2019-06-27T00:00:00,0.0,19.9,10.2
2019-06-28T00:00:00,0.0,23.5,9.9
2019-06-29T00:00:00,0.0,21.6,10.1
2019-06-30T00:00:00,0.0,22.2,9.7
2019-07-01T00:00:00,0.0,18.8,7.8
2019-07-02T00:00:00,0.0,19.9,7.1
2019-07-03T00:00:00,0.0,20.9,9.5
2019-07-04T00:00:00,0.0,21.5,9.6
2019-07-05T00:00:00,0.0,21.9,10.6
2019-07-06T00:00:00,5.1,17.8,6.8
2019-07-07T00:00:00,0.0,14.4,6.9
2019-07-08T00:00:00,2.5,17.6,7.8
2019-07-09T00:00:00,0.0,21.0,7.5
2019-07-10T00:00:00,0.0,22.8,10.5
2019-07-11T00:00:00,0.0,24.2,10.8
2019-07-12T00:00:00,0.0,23.8,9.8
2019-07-13T00:00:00,12.7,19.1,7.1
2019-07-14T00:00:00,0.0,21.0,9.2
2019-07-15T00:00:00,0.0,23.7,9.5
2019-07-16T00:00:00,10.2,22.0,8.2
2019-07-17T00:00:00,0.0,22.4,8.2
2019-07-18T00:00:00,0.0,24.0,12.1
2019-07-19T00:00:00,0.0,23.5,13.1
2019-07-20T00:00:00,0.0,24.9,13.1
2019-07-21T00:00:00,0.0,23.7,11.9
2019-07-22T00:00:00,5.1,19.2,9.4
2019-07-23T00:00:00,0.0,20.2,7.6
2019-07-24T00:00:00,0.0,19.0,9.0
2019-07-25T00:00:00,7.6,21.8,8.8
2019-07-26T00:00:00,0.0,20.3,8.7
2019-07-27T00:00:00,2.5,21.4,9.5
2019-07-28T00:00:00,0.0,21.7,10.1
2019-07-29T00:00:00,2.5,19.1,10.5
2019-07-30T00:00:00,2.5,21.7,9.6
2019-07-31T00:00:00,12.7,18.8,9.2
2019-08-01T00:00:00,2.5,18.6,9.7
2019-08-02T00:00:00,0.0,20.5,10.7
2019-08-03T00:00:00,27.9,19.7,8.6
2019-08-04T00:00:00,20.3,18.0,8.5
2019-08-05T00:00:00,2.5,21.4,9.9
2019-08-06T00:00:00,2.5,19.0,9.6
2019-08-07T00:00:00,0.0,20.8,10.8
2019-08-08T00:00:00,12.7,21.0,8.8
2019-08-09T00:00:00,5.1,18.7,8.9
2019-08-10T00:00:00,7.6,17.7,8.2
2019-08-11T00:00:00,5.1,18.4,7.4
2019-08-12T00:00:00,0.0,19.0,7.1
2019-08-13T00:00:00,0.0,20.9,9.8
2019-08-14T00:00:00,0.0,17.9,10.2
2019-08-15T00:00:00,0.0,21.6,10.7
2019-08-16T00:00:00,0.0,20.5,10.7
2019-08-17T00:00:00,0.0,20.1,10.1
2019-08-18T00:00:00,0.0,21.9,10.5
2019-08-19T00:00:00,0.0,22.7,13.4
2019-08-20T00:00:00,0.0,19.8,11.7
2019-08-21T00:00:00,0.0,21.5,9.4
2019-08-22T00:00:00,0.0,20.0,8.0
2019-08-23T00:00:00,0.0,20.4,9.2
2019-08-24T00:00:00,0.0,21.1,10.8
2019-08-25T00:00:00,0.0,23.3,12.0
2019-08-26T00:00:00,0.0,24.0,12.4
2019-08-27T00:00:00,0.0,21.5,12.0
2019-08-28T00:00:00,0.0,22.2,8.6
2019-08-29T00:00:00,0.0,23.5,11.4
2019-08-30T00:00:00,0.0,22.2,11.5
2019-08-31T00:00:00,2.5,20.9,10.2
2019-09-01T00:00:00,10.2,20.3,7.1
2019-09-02T00:00:00,2.5,21.1,8.2
2019-09-03T00:00:00,0.0,23.0,10.9
2019-09-04T00:00:00,2.5,20.0,10.0
2019-09-05T00:00:00,0.0,23.4,9.1
2019-09-06T00:00:00,2.5,20.0,9.9
2019-09-07T00:00:00,0.0,19.4,9.1
2019-09-08T00:00:00,0.0,17.2,8.7
2019-09-09T00:00:00,0.0,17.9,7.8
2019-09-10T00:00:00,2.5,17.3,7.6
2019-09-11T00:00:00,0.0,15.8,7.4
2019-09-12T00:00:00,0.0,17.2,5.0
2019-09-13T00:00:00,0.0,18.0,6.4
2019-09-14T00:00:00,2.5,18.8,9.1
2019-09-15T00:00:00,2.5,11.1,6.8
2019-09-16T00:00:00,7.6,12.9,6.8
2019-09-17T00:00:00,0.0,15.0,7.0
2019-09-18T00:00:00,0.0,16.8,7.1
2019-09-19T00:00:00,0.0,17.4,7.8
2019-09-20T00:00:00,0.0,14.8,6.0
2019-09-21T00:00:00,0.0,14.3,5.2
2019-09-22T00:00:00,0.0,15.1,3.0
2019-09-23T00:00:00,2.5,14.2,4.1
2019-09-24T00:00:00,0.0,14.6,2.7
2019-09-25T00:00:00,0.0,17.0,5.7
2019-09-26T00:00:00,0.0,16.3,6.4
2019-09-27T00:00:00,2.5,13.3,4.8
2019-09-28T00:00:00,0.0,16.7,5.1
2019-09-29T00:00:00,0.0,16.8,5.5
2019-09-30T00:00:00,0.0,18.2,7.9
2019-10-01T00:00:00,0.0,14.7,6.9
2019-10-02T00:00:00,0.0,13.8,1.8
2019-10-03T00:00:00,0.0,15.3,4.0
2019-10-04T00:00:00,25.4,8.8,3.5
2019-10-05T00:00:00,0.0,12.0,2.8
2019-10-06T00:00:00,0.0,12.6,2.6
2019-10-07T00:00:00,0.0,12.2,2.0
2019-10-08T00:00:00,0.0,12.1,3.7
2019-10-09T00:00:00,0.0,11.4,3.4
2019-10-10T00:00:00,0.0,7.5,-8.7
2019-10-11T00:00:00,0.0,6.5,-8.7
2019-10-12T00:00:00,2.5,8.6,-0.2
2019-10-13T00:00:00,0.0,10.7,0.1
2019-10-14T00:00:00,0.0,10.7,2.0
2019-10-15T00:00:00,0.0,11.7,0.5
2019-10-16T00:00:00,0.0,12.9,2.4
2019-10-17T00:00:00,0.0,12.7,3.6
2019-10-18T00:00:00,0.0,6.9,-2.1
2019-10-19T00:00:00,0.0,6.6,-2.9
2019-10-20T00:00:00,0.0,2.5,-7.8
2019-10-21T00:00:00,0.0,1.1,-8.7
2019-10-22T00:00:00,0.0,7.9,-4.0
2019-10-23T00:00:00,0.0,8.6,-2.7
2019-10-24T00:00:00,5.1,-0.2,-9.5
2019-10-25T00:00:00,2.5,4.5,-9.4
2019-10-26T00:00:00,0.0,9.4,0.5
2019-10-27T00:00:00,0.0,8.6,2.5
2019-10-28T00:00:00,7.6,3.3,-11.2
2019-10-29T00:00:00,2.5,2.4,-5.6
2019-10-30T00:00:00,0.0,-5.6,-17.2
2019-10-31T00:00:00,0.0,6.1,-12.1
2019-11-01T00:00:00,2.5,6.1,-3.7
2019-11-02T00:00:00,0.0,5.9,-5.6
2019-11-03T00:00:00,0.0,6.5,-1.1
2019-11-04T00:00:00,0.0,7.1,-1.4
2019-11-05T00:00:00,0.0,7.4,-0.9
2019-11-06T00:00:00,0.0,6.1,0.2
2019-11-07T00:00:00,0.0,1.7,-1.6
2019-11-08T00:00:00,0.0,7.6,-2.0
2019-11-09T00:00:00,0.0,11.1,2.9
2019-11-10T00:00:00,0.0,8.7,0.6
2019-11-11T00:00:00,0.0,5.1,-3.8
2019-11-12T00:00:00,0.0,3.8,-5.6
2019-11-13T00:00:00,0.0,8.9,-1.8
2019-11-14T00:00:00,0.0,4.8,-2.4
2019-11-15T00:00:00,0.0,9.5,0.0
2019-11-16T00:00:00,0.0,7.6,-1.2
2019-11-17T00:00:00,0.0,7.6,-3.4
2019-11-18T00:00:00,0.0,8.5,-1.1
2019-11-19T00:00:00,0.0,9.5,0.8
2019-11-20T00:00:00,10.2,4.0,-2.5
2019-11-21T00:00:00,30.5,-0.7,-6.4
2019-11-22T00:00:00,2.5,-5.7,-7.6
2019-11-23T00:00:00,0.0,1.3,-9.5
2019-11-24T00:00:00,0.0,2.6,-6.4
2019-11-25T00:00:00,0.0,2.3,-7.6
2019-11-26T00:00:00,0.0,-7.6,-16.7
2019-11-27T00:00:00,12.7,-1.0,-13.9
2019-11-28T00:00:00,5.1,1.0,-4.0
2019-11-29T00:00:00,12.7,0.3,-12.4
2019-11-30T00:00:00,0.0,-12.4,-15.0
2019-12-01T00:00:00,5.1,2.4,-13.0
2019-12-02T00:00:00,0.0,3.4,-3.2
2019-12-03T00:00:00,0.0,3.4,-2.7
2019-12-04T00:00:00,5.1,0.0,-2.3
2019-12-05T00:00:00,5.1,-0.6,-7.3
2019-12-06T00:00:00,0.0,0.8,-7.8
2019-12-07T00:00:00,0.0,3.4,-2.5
2019-12-08T00:00:00,20.3,-0.7,-4.3
2019-12-09T00:00:00,0.0,-3.5,-10.1
2019-12-10T00:00:00,0.0,-5.4,-10.8
2019-12-11T00:00:00,0.0,2.4,-6.6
2019-12-12T00:00:00,2.5,0.0,-6.5
2019-12-13T00:00:00,0.0,-1.8,-5.5
2019-12-14T00:00:00,0.0,-1.8,-3.8
2019-12-15T00:00:00,2.5,-2.7,-11.7
2019-12-16T00:00:00,0.0,-11.1,-18.0
2019-12-17T00:00:00,0.0,-9.1,-19.7
2019-12-18T00:00:00,0.0,-1.1,-10.5
2019-12-19T00:00:00,0.0,-0.2,-12.1
2019-12-20T00:00:00,2.5,-2.8,-11.6
2019-12-21T00:00:00,2.5,5.2,-4.6
2019-12-22T00:00:00,0.0,7.1,-0.4
2019-12-23T00:00:00,0.0,6.9,-1.2
2019-12-24T00:00:00,5.1,1.1,-5.8
2019-12-25T00:00:00,0.0,-5.8,-9.7
2019-12-26T00:00:00,0.0,-3.5,-12.1
2019-12-27T00:00:00,12.7,-2.3,-9.9
2019-12-28T00:00:00,17.8,-9.3,-12.4
2019-12-29T00:00:00,0.0,-11.6,-17.1
2019-12-30T00:00:00,0.0,-7.3,-16.6
2019-12-31T00:00:00,0.0,-2.1,-9.7
2020-01-01T00:00:00,0.0,-2.2,-9.0
2020-01-02T00:00:00,0.0,-5.4,-13.0
2020-01-03T00:00:00,0.0,-3.9,-13.9
2020-01-04T00:00:00,0.0,4.5,-5.9
2020-01-05T00:00:00,0.0,5.2,-7.0
2020-01-06T00:00:00,0.0,-4.3,-11.5
2020-01-07T00:00:00,0.0,2.2,-7.9
2020-01-08T00:00:00,0.0,2.5,-7.8
2020-01-09T00:00:00,0.0,-4.7,-10.0
2020-01-10T00:00:00,2.5,-7.6,-16.2
2020-01-11T00:00:00,0.0,-1.3,-14.5
2020-01-12T00:00:00,0.0,-6.5,-12.9
2020-01-13T00:00:00,0.0,-3.0,-7.8
2020-01-14T00:00:00,0.0,2.2,-5.7
2020-01-15T00:00:00,0.0,3.8,-4.5
2020-01-16T00:00:00,15.2,0.3,-3.2
2020-01-17T00:00:00,0.0,-2.1,-13.5
2020-01-18T00:00:00,2.5,1.1,-12.9
2020-01-19T00:00:00,0.0,1.8,-5.2
2020-01-20T00:00:00,0.0,3.6,-4.6
2020-01-21T00:00:00,12.7,0.8,-4.5
2020-01-22T00:00:00,0.0,-4.1,-9.7
2020-01-23T00:00:00,0.0,-2.3,-9.7
2020-01-24T00:00:00,0.0,0.8,-8.0
2020-01-25T00:00:00,0.0,0.3,-7.8
2020-01-26T00:00:00,0.0,4.1,-5.4
2020-01-27T00:00:00,5.1,-0.7,-8.8
2020-01-28T00:00:00,0.0,-3.6,-14.0
2020-01-29T00:00:00,0.0,-1.6,-9.0
2020-01-30T00:00:00,0.0,-3.6,-10.6
2020-01-31T00:00:00,2.5,-2.9,-15.3
2020-02-01T00:00:00,0.0,6.7,-7.0
2020-02-02T00:00:00,0.0,10.1,-1.8
2020-02-03T00:00:00,2.5,0.7,-6.0
2020-02-04T00:00:00,2.5,-6.0,-18.8
2020-02-05T00:00:00,0.0,-10.8,-20.4
2020-02-06T00:00:00,2.5,-7.0,-18.0
2020-02-07T00:00:00,2.5,-2.7,-7.8
2020-02-08T00:00:00,0.0,3.2,-5.4
2020-02-09T00:00:00,0.0,1.6,-4.4
2020-02-10T00:00:00,5.1,0.1,-6.6
2020-02-11T00:00:00,10.2,-3.0,-10.5
2020-02-12T00:00:00,0.0,-5.8,-12.0
2020-02-13T00:00:00,0.0,-4.7,-12.9
2020-02-14T00:00:00,0.0,2.3,-7.9
2020-02-15T00:00:00,0.0,0.5,-7.4
2020-02-16T00:00:00,0.0,3.5,-6.4
2020-02-17T00:00:00,0.0,3.0,-4.3
2020-02-18T00:00:00,2.5,1.4,-7.2
2020-02-19T00:00:00,0.0,0.5,-4.3
2020-02-20T00:00:00,0.0,-0.6,-8.2
2020-02-21T00:00:00,0.0,3.5,-5.2
2020-02-22T00:00:00,5.1,4.5,-1.4
2020-02-23T00:00:00,7.6,-0.2,-6.3
2020-02-24T00:00:00,0.0,-3.8,-14.6
2020-02-25T00:00:00,0.0,-8.3,-17.9
2020-02-26T00:00:00,0.0,-3.1,-18.5
2020-02-27T00:00:00,0.0,1.4,-10.0
2020-02-28T00:00:00,0.0,5.7,-6.8
2020-02-29T00:00:00,0.0,3.7,-3.7
2020-03-01T00:00:00,0.0,1.5,-6.2
2020-03-02T00:00:00,0.0,0.7,-8.3
2020-03-03T00:00:00,0.0,4.2,-8.0
2020-03-04T00:00:00,0.0,4.9,-5.6
2020-03-05T00:00:00,0.0,6.4,-4.1
2020-03-06T00:00:00,0.0,5.9,-3.8
2020-03-07T00:00:00,2.5,6.7,-3.1
2020-03-08T00:00:00,7.6,3.2,-3.6
2020-03-09T00:00:00,0.0,3.6,-5.9
2020-03-10T00:00:00,2.5,4.2,-2.8
2020-03-11T00:00:00,7.6,6.0,-2.5
2020-03-12T00:00:00,0.0,4.0,-2.2
2020-03-13T00:00:00,22.9,2.6,-5.5
2020-03-14T00:00:00,0.0,2.6,-6.2
2020-03-15T00:00:00,0.0,6.7,-2.4
2020-03-16T00:00:00,0.0,7.8,-3.1
2020-03-17T00:00:00,0.0,6.4,-1.1
2020-03-18T00:00:00,2.5,4.2,-3.2
2020-03-19T00:00:00,7.6,-1.8,-8.6
2020-03-20T00:00:00,0.0,-0.1,-8.7
2020-03-21T00:00:00,0.0,5.7,-4.8
2020-03-22T00:00:00,2.5,2.9,-5.3
2020-03-23T00:00:00,0.0,5.5,-4.6
2020-03-24T00:00:00,0.0,6.5,-6.1
2020-03-25T00:00:00,0.0,4.2,-1.0
2020-03-26T00:00:00,0.0,5.5,-0.1
2020-03-27T00:00:00,0.0,2.5,-10.9
2020-03-28T00:00:00,0.0,-1.8,-11.7
2020-03-29T00:00:00,2.5,4.8,-8.7
2020-03-30T00:00:00,0.0,1.4,-5.8
2020-03-31T00:00:00,2.5,7.7,-5.6
2020-04-01T00:00:00,0.0,8.0,0.0
2020-04-02T00:00:00,0.0,7.8,-1.8
2020-04-03T00:00:00,0.0,6.0,-2.7
2020-04-04T00:00:00,0.0,5.9,-2.5
2020-04-05T00:00:00,0.0,8.1,-1.5
2020-04-06T00:00:00,0.0,8.9,-2.0
2020-04-07T00:00:00,0.0,9.9,-1.4
2020-04-08T00:00:00,0.0,12.6,0.3
2020-04-09T00:00:00,0.0,10.8,1.0
2020-04-10T00:00:00,0.0,7.6,-1.3
2020-04-11T00:00:00,0.0,8.1,-2.6
2020-04-12T00:00:00,2.5,4.5,-4.5
2020-04-13T00:00:00,10.2,-2.6,-9.3
2020-04-14T00:00:00,0.0,-2.0,-13.5
2020-04-15T00:00:00,2.5,3.5,-10.4
2020-04-16T00:00:00,0.0,7.0,-2.7
2020-04-17T00:00:00,0.0,8.0,-2.0
2020-04-18T00:00:00,0.0,6.1,-3.5
2020-04-19T00:00:00,2.5,7.0,-4.1
2020-04-20T00:00:00,0.0,7.5,-0.9
2020-04-21T00:00:00,0.0,8.7,-2.1
2020-04-22T00:00:00,0.0,7.8,-2.9
2020-04-23T00:00:00,0.0,8.0,-2.1
2020-04-24T00:00:00,0.0,9.7,-1.5
2020-04-25T00:00:00,0.0,10.9,-0.8
2020-04-26T00:00:00,0.0,13.4,2.4
2020-04-27T00:00:00,0.0,14.6,3.7
2020-04-28T00:00:00,0.0,15.9,5.1
2020-04-29T00:00:00,0.0,14.2,3.8
2020-04-30T00:00:00,0.0,17.0,6.7
2020-05-01T00:00:00,0.0,17.4,6.6
2020-05-02T00:00:00,0.0,16.3,5.5
2020-05-03T00:00:00,0.0,16.2,4.0
2020-05-04T00:00:00,0.0,14.9,3.6
2020-05-05T00:00:00,0.0,12.6,0.8
2020-05-06T00:00:00,0.0,15.9,2.9
2020-05-07T00:00:00,0.0,16.2,4.1
2020-05-08T00:00:00,0.0,10.9,-0.2
2020-05-09T00:00:00,0.0,13.7,2.2
2020-05-10T00:00:00,0.0,14.9,2.7
2020-05-11T00:00:00,7.6,7.5,0.3
2020-05-12T00:00:00,0.0,13.2,2.5
2020-05-13T00:00:00,0.0,14.0,1.6
2020-05-14T00:00:00,0.0,14.8,1.8
2020-05-15T00:00:00,0.0,15.9,3.8
2020-05-16T00:00:00,0.0,17.4,4.0
2020-05-17T00:00:00,0.0,17.8,4.4
2020-05-18T00:00:00,0.0,20.9,7.1
2020-05-19T00:00:00,0.0,17.9,8.6
2020-05-20T00:00:00,0.0,14.9,2.6
2020-05-21T00:00:00,0.0,14.6,1.5
2020-05-22T00:00:00,0.0,14.9,1.6
2020-05-23T00:00:00,0.0,13.9,2.6
2020-05-24T00:00:00,0.0,13.9,2.1
2020-05-25T00:00:00,0.0,10.8,0.8
2020-05-26T00:00:00,0.0,15.8,0.7
2020-05-27T00:00:00,0.0,20.2,6.2
2020-05-28T00:00:00,2.5,17.9,6.7
2020-05-29T00:00:00,0.0,21.0,6.7
2020-05-30T00:00:00,0.0,19.6,7.6
2020-05-31T00:00:00,2.5,16.6,7.5
2020-06-01T00:00:00,0.0,16.6,6.5
2020-06-02T00:00:00,0.0,19.6,7.1
2020-06-03T00:00:00,0.0,21.1,7.6
2020-06-04T00:00:00,0.0,21.2,11.1
2020-06-05T00:00:00,0.0,23.2,10.5
2020-06-06T00:00:00,0.0,19.8,8.9
2020-06-07T00:00:00,0.0,18.6,8.8
2020-06-08T00:00:00,0.0,16.1,-4.1
2020-06-09T00:00:00,0.0,10.5,-6.1
2020-06-10T00:00:00,0.0,17.0,1.8
2020-06-11T00:00:00,0.0,20.6,7.9
2020-06-12T00:00:00,0.0,16.7,8.9
2020-06-13T00:00:00,2.5,19.0,6.0
2020-06-14T00:00:00,2.5,19.0,5.4
2020-06-15T00:00:00,0.0,19.5,6.4
2020-06-16T00:00:00,0.0,18.8,8.6
2020-06-17T00:00:00,0.0,19.7,8.2
2020-06-18T00:00:00,0.0,21.6,7.4
2020-06-19T00:00:00,0.0,17.9,7.4
2020-06-20T00:00:00,0.0,19.0,6.6
2020-06-21T00:00:00,0.0,22.1,8.6
2020-06-22T00:00:00,0.0,22.7,10.7
2020-06-23T00:00:00,0.0,20.3,10.6
2020-06-24T00:00:00,0.0,22.2,9.6
2020-06-25T00:00:00,0.0,22.0,9.6
2020-06-26T00:00:00,0.0,21.7,10.5
2020-06-27T00:00:00,0.0,21.7,10.1
2020-06-28T00:00:00,0.0,21.8,9.7
2020-06-29T00:00:00,0.0,18.9,7.9
2020-06-30T00:00:00,0.0,17.4,7.0
2020-07-01T00:00:00,0.0,19.7,7.5
2020-07-02T00:00:00,0.0,22.5,10.2
2020-07-03T00:00:00,7.6,18.9,8.5
2020-07-04T00:00:00,0.0,20.9,9.4
2020-07-05T00:00:00,0.0,22.8,9.9
2020-07-06T00:00:00,0.0,25.3,10.4
2020-07-07T00:00:00,0.0,23.3,11.1
2020-07-08T00:00:00,0.0,23.4,11.7
2020-07-09T00:00:00,0.0,24.7,11.9
2020-07-10T00:00:00,0.0,26.1,14.0
2020-07-11T00:00:00,0.0,28.4,15.1
2020-07-12T00:00:00,0.0,25.4,12.6
2020-07-13T00:00:00,0.0,24.0,12.8
2020-07-14T00:00:00,0.0,22.8,12.0
2020-07-15T00:00:00,0.0,22.0,10.1
2020-07-16T00:00:00,2.5,21.4,9.9
2020-07-17T00:00:00,0.0,22.1,10.4
2020-07-18T00:00:00,0.0,22.7,8.8
2020-07-19T00:00:00,7.6,20.9,8.6
2020-07-20T00:00:00,0.0,23.5,9.5
2020-07-21T00:00:00,2.5,20.8,8.9
2020-07-22T00:00:00,7.6,16.7,8.5
2020-07-23T00:00:00,2.5,15.0,8.7
2020-07-24T00:00:00,20.3,15.4,8.1
2020-07-25T00:00:00,7.6,15.2,8.2
2020-07-26T00:00:00,10.2,16.4,9.0
2020-07-27T00:00:00,12.7,14.4,8.1
2020-07-28T00:00:00,2.5,18.5,8.1
2020-07-29T00:00:00,0.0,21.4,10.4
2020-07-30T00:00:00,0.0,23.5,10.6
2020-07-31T00:00:00,0.0,22.6,8.7
2020-08-01T00:00:00,0.0,23.4,9.2
2020-08-02T00:00:00,0.0,21.9,8.1
2020-08-03T00:00:00,0.0,23.5,8.4
2020-08-04T00:00:00,0.0,23.5,11.8
2020-08-05T00:00:00,0.0,22.5,12.3
2020-08-06T00:00:00,0.0,21.3,11.0
2020-08-07T00:00:00,0.0,21.1,10.9
2020-08-08T00:00:00,0.0,22.5,10.7
2020-08-09T00:00:00,0.0,22.0,11.9
2020-08-10T00:00:00,0.0,22.5,12.3
2020-08-11T00:00:00,0.0,22.4,12.8
2020-08-12T00:00:00,0.0,22.6,12.1
2020-08-13T00:00:00,0.0,25.2,11.2
2020-08-14T00:00:00,0.0,24.3,13.4
2020-08-15T00:00:00,0.0,22.7,10.8
2020-08-16T00:00:00,5.1,21.3,7.9
2020-08-17T00:00:00,0.0,21.9,9.8
2020-08-18T00:00:00,0.0,23.2,10.0
2020-08-19T00:00:00,0.0,25.2,12.4
2020-08-20T00:00:00,0.0,26.4,10.8
2020-08-21T00:00:00,0.0,25.9,10.5
2020-08-22T00:00:00,0.0,24.0,12.0
2020-08-23T00:00:00,0.0,22.8,12.1
2020-08-24T00:00:00,2.5,23.4,10.6
2020-08-25T00:00:00,5.1,21.9,10.4
2020-08-26T00:00:00,0.0,21.1,9.4
2020-08-27T00:00:00,0.0,22.8,10.6
2020-08-28T00:00:00,7.6,22.1,8.2
2020-08-29T00:00:00,5.1,17.5,8.1
2020-08-30T00:00:00,0.0,18.5,9.4
2020-08-31T00:00:00,0.0,19.4,8.9
2020-09-01T00:00:00,0.0,15.4,5.7
2020-09-02T00:00:00,0.0,20.6,7.1
2020-09-03T00:00:00,0.0,23.3,10.0
2020-09-04T00:00:00,0.0,23.0,10.9
2020-09-05T00:00:00,0.0,22.0,11.7
2020-09-06T00:00:00,0.0,24.9,11.7
2020-09-07T00:00:00,0.0,22.8,12.9
2020-09-08T00:00:00,7.6,18.0,-0.7
2020-09-09T00:00:00,12.7,6.1,-1.8
2020-09-10T00:00:00,0.0,4.6,0.1
2020-09-11T00:00:00,0.0,9.8,-0.7
2020-09-12T00:00:00,0.0,15.9,1.7
2020-09-13T00:00:00,0.0,16.7,4.7
2020-09-14T00:00:00,0.0,16.1,4.6
2020-09-15T00:00:00,0.0,17.8,5.4
2020-09-16T00:00:00,0.0,18.4,6.2
2020-09-17T00:00:00,0.0,17.2,4.5
2020-09-18T00:00:00,0.0,17.6,6.5
2020-09-19T00:00:00,0.0,16.0,6.4
2020-09-20T00:00:00,0.0,18.6,6.8
2020-09-21T00:00:00,0.0,18.3,8.5
2020-09-22T00:00:00,0.0,17.9,7.9
2020-09-23T00:00:00,0.0,17.8,6.9
2020-09-24T00:00:00,0.0,18.9,8.4
2020-09-25T00:00:00,0.0,20.0,10.5
2020-09-26T00:00:00,0.0,18.8,9.2
2020-09-27T00:00:00,0.0,17.7,2.3
2020-09-28T00:00:00,0.0,6.6,-1.4
2020-09-29T00:00:00,0.0,16.2,2.2
2020-09-30T00:00:00,0.0,18.9,5.4
2020-10-01T00:00:00,0.0,15.4,5.8
2020-10-02T00:00:00,0.0,15.9,5.8
2020-10-03T00:00:00,0.0,14.9,5.5
2020-10-04T00:00:00,0.0,15.3,5.0
2020-10-05T00:00:00,0.0,17.1,6.6
2020-10-06T00:00:00,0.0,18.0,7.4
2020-10-07T00:00:00,0.0,18.3,7.9
2020-10-08T00:00:00,0.0,17.4,8.0
2020-10-09T00:00:00,0.0,17.1,7.7
2020-10-10T00:00:00,0.0,15.9,6.4
2020-10-11T00:00:00,0.0,12.8,0.8
2020-10-12T00:00:00,0.0,12.2,0.8
2020-10-13T00:00:00,0.0,15.9,3.6
2020-10-14T00:00:00,0.0,15.9,5.9
2020-10-15T00:00:00,0.0,13.9,3.4
2020-10-16T00:00:00,0.0,13.8,0.8
2020-10-17T00:00:00,0.0,13.3,3.7
2020-10-18T00:00:00,0.0,14.6,4.5
2020-10-19T00:00:00,0.0,15.5,5.5
2020-10-20T00:00:00,0.0,15.0,5.7
2020-10-21T00:00:00,0.0,14.1,6.2
2020-10-22T00:00:00,0.0,12.6,4.8
2020-10-23T00:00:00,0.0,10.7,3.3
2020-10-24T00:00:00,0.0,10.6,3.6
2020-10-25T00:00:00,0.0,6.1,-3.8
2020-10-26T00:00:00,15.2,1.0,-11.0
2020-10-27T00:00:00,2.5,-1.8,-7.9
2020-10-28T00:00:00,10.2,-1.3,-8.7
2020-10-29T00:00:00,0.0,6.4,-3.0
2020-10-30T00:00:00,0.0,8.7,0.6
2020-10-31T00:00:00,0.0,9.1,-0.7
2020-11-01T00:00:00,0.0,9.7,-0.2
2020-11-02T00:00:00,0.0,12.6,4.0
2020-11-03T00:00:00,0.0,12.7,3.9
2020-11-04T00:00:00,0.0,9.7,3.0
2020-11-05T00:00:00,0.0,11.0,2.3
2020-11-06T00:00:00,2.5,9.9,2.3
2020-11-07T00:00:00,2.5,9.7,0.8
2020-11-08T00:00:00,12.7,2.4,-5.0
2020-11-09T00:00:00,2.5,-1.5,-11.8
2020-11-10T00:00:00,0.0,-4.2,-12.7
2020-11-11T00:00:00,0.0,1.7,-6.7
2020-11-12T00:00:00,0.0,0.8,-5.5
2020-11-13T00:00:00,0.0,3.2,-2.3
2020-11-14T00:00:00,0.0,-1.0,-9.0
2020-11-15T00:00:00,0.0,4.0,-8.7
2020-11-16T00:00:00,0.0,8.6,-0.4
2020-11-17T00:00:00,2.5,9.7,0.3
2020-11-18T00:00:00,0.0,9.4,3.3
2020-11-19T00:00:00,0.0,9.7,3.3
2020-11-20T00:00:00,0.0,8.9,1.6
2020-11-21T00:00:00,0.0,7.4,-0.6
2020-11-22T00:00:00,0.0,5.5,0.1
2020-11-23T00:00:00,15.2,4.0,-2.3
2020-11-24T00:00:00,15.2,-2.3,-7.6
2020-11-25T00:00:00,0.0,-1.2,-10.1
2020-11-26T00:00:00,0.0,0.5,-6.6
2020-11-27T00:00:00,0.0,1.3,-8.3
2020-11-28T00:00:00,5.1,-4.0,-8.3
2020-11-29T00:00:00,0.0,-0.9,-9.0
2020-11-30T00:00:00,0.0,-0.6,-9.0
2020-12-01T00:00:00,0.0,-3.8,-13.0
2020-12-02T00:00:00,0.0,-7.9,-15.0
2020-12-03T00:00:00,5.1,-3.8,-15.0
2020-12-04T00:00:00,0.0,2.8,-7.6
2020-12-05T00:00:00,0.0,2.8,-4.6
2020-12-06T00:00:00,0.0,3.6,-4.5
2020-12-07T00:00:00,0.0,4.2,-2.7
2020-12-08T00:00:00,0.0,6.8,-0.9
2020-12-09T00:00:00,0.0,5.9,-1.1
2020-12-10T00:00:00,2.5,2.4,-5.2
2020-12-11T00:00:00,2.5,-5.0,-12.7
2020-12-12T00:00:00,15.2,-5.9,-12.9
2020-12-13T00:00:00,2.5,-5.2,-16.2
2020-12-14T00:00:00,5.1,-0.7,-11.5
2020-12-15T00:00:00,2.5,-9.7,-13.7
2020-12-16T00:00:00,0.0,-2.3,-13.7
2020-12-17T00:00:00,2.5,1.5,-8.4
2020-12-18T00:00:00,0.0,-4.2,-10.8
2020-12-19T00:00:00,0.0,-2.6,-11.1
2020-12-20T00:00:00,0.0,1.6,-9.0
2020-12-21T00:00:00,0.0,5.4,-2.1
2020-12-22T00:00:00,0.0,1.4,-7.6
2020-12-23T00:00:00,0.0,-7.6,-18.8
2020-12-24T00:00:00,0.0,-2.7,-17.6
2020-12-25T00:00:00,0.0,1.6,-3.8
2020-12-26T00:00:00,0.0,3.4,-4.8
2020-12-27T00:00:00,0.0,-2.2,-6.8
2020-12-28T00:00:00,5.1,1.0,-5.9
2020-12-29T00:00:00,5.1,-2.6,-14.0
2020-12-30T00:00:00,0.0,-7.6,-14.1
2020-12-31T00:00:00,0.0,-0.2,-9.7
2021-01-01T00:00:00,0.0,-3.8,-10.5
2021-01-02T00:00:00,0.0,-4.9,-10.6
2021-01-03T00:00:00,0.0,-1.8,-8.5
2021-01-04T00:00:00,2.5,2.9,-5.8
2021-01-05T00:00:00,0.0,-0.4,-12.1
2021-01-06T00:00:00,0.0,-1.6,-13.4
2021-01-07T00:00:00,0.0,1.2,-4.9
2021-01-08T00:00:00,0.0,1.1,-5.7
2021-01-09T00:00:00,0.0,-2.3,-12.2
2021-01-10T00:00:00,0.0,-7.8,-14.5
2021-01-11T00:00:00,0.0,-4.4,-14.1
2021-01-12T00:00:00,0.0,1.7,-8.1
2021-01-13T00:00:00,0.0,4.5,-3.0
2021-01-14T00:00:00,0.0,-2.2,-8.9
2021-01-15T00:00:00,0.0,1.2,-8.6
2021-01-16T00:00:00,0.0,0.1,-6.5
2021-01-17T00:00:00,0.0,1.7,-7.3
2021-01-18T00:00:00,7.6,-0.1,-9.5
2021-01-19T00:00:00,5.1,-2.9,-11.3
2021-01-20T00:00:00,0.0,-1.8,-6.6
2021-01-21T00:00:00,0.0,-1.5,-7.0
2021-01-22T00:00:00,2.5,-1.1,-7.0
2021-01-23T00:00:00,0.0,-4.0,-6.7
2021-01-24T00:00:00,17.8,-2.2,-10.2
2021-01-25T00:00:00,2.5,-9.7,-13.8
2021-01-26T00:00:00,7.6,-10.4,-16.7
2021-01-27T00:00:00,12.7,-5.9,-17.6
2021-01-28T00:00:00,0.0,4.9,-7.1
2021-01-29T00:00:00,0.0,2.2,-6.4
2021-01-30T00:00:00,0.0,-6.4,-11.5
2021-01-31T00:00:00,0.0,1.2,-11.3
2021-02-01T00:00:00,0.0,5.0,-4.8
2021-02-02T00:00:00,0.0,4.5,-1.5
2021-02-03T00:00:00,0.0,3.0,-3.9
2021-02-04T00:00:00,0.0,-2.7,-13.0
2021-02-05T00:00:00,0.0,-3.6,-13.0
2021-02-06T00:00:00,0.0,-3.2,-12.6
2021-02-07T00:00:00,0.0,1.7,-6.9
2021-02-08T00:00:00,0.0,2.7,-6.1
2021-02-09T00:00:00,0.0,3.7,-4.2
2021-02-10T00:00:00,0.0,0.7,-5.8
2021-02-11T00:00:00,0.0,1.1,-7.8
2021-02-12T00:00:00,0.0,-0.7,-5.6
2021-02-13T00:00:00,10.2,-0.9,-7.6
2021-02-14T00:00:00,0.0,-7.6,-14.9
2021-02-15T00:00:00,0.0,-9.7,-16.0
2021-02-16T00:00:00,15.2,-6.3,-11.7
2021-02-17T00:00:00,0.0,-6.8,-15.0
2021-02-18T00:00:00,7.6,-8.0,-16.0
2021-02-19T00:00:00,2.5,-1.1,-15.7
2021-02-20T00:00:00,0.0,2.0,-8.4
2021-02-21T00:00:00,0.0,-5.5,-11.8
2021-02-22T00:00:00,0.0,3.6,-9.8
2021-02-23T00:00:00,0.0,3.5,-3.8
2021-02-24T00:00:00,0.0,0.6,-5.0
2021-02-25T00:00:00,0.0,0.1,-8.6
2021-02-26T00:00:00,0.0,-0.7,-9.9
2021-02-27T00:00:00,0.0,-0.8,-7.6
2021-02-28T00:00:00,0.0,-4.7,-13.4
2021-03-01T00:00:00,0.0,-0.2,-13.9
2021-03-02T00:00:00,0.0,4.7,-8.0
2021-03-03T00:00:00,0.0,7.0,-4.9
2021-03-04T00:00:00,7.6,1.3,-7.1
2021-03-05T00:00:00,0.0,6.2,-7.6
2021-03-06T00:00:00,0.0,5.0,-4.6
2021-03-07T00:00:00,0.0,9.9,-2.7
2021-03-08T00:00:00,0.0,5.7,0.5
2021-03-09T00:00:00,5.1,3.2,-3.2
2021-03-10T00:00:00,0.0,0.0,-9.6
2021-03-11T00:00:00,0.0,3.8,-8.7
2021-03-12T00:00:00,0.0,6.5,-1.5
2021-03-13T00:00:00,5.1,1.3,-11.1
2021-03-14T00:00:00,17.8,-7.4,-11.9
2021-03-15T00:00:00,0.0,0.2,-8.6
2021-03-16T00:00:00,10.2,1.6,-9.0
2021-03-17T00:00:00,0.0,-0.2,-8.2
2021-03-18T00:00:00,0.0,5.8,-7.6
2021-03-19T00:00:00,0.0,8.1,-3.6
2021-03-20T00:00:00,0.0,8.9,0.0
2021-03-21T00:00:00,0.0,5.2,-2.4
2021-03-22T00:00:00,5.1,-1.2,-7.6
2021-03-23T00:00:00,17.8,-0.3,-9.1
2021-03-24T00:00:00,12.7,-4.3,-10.3
2021-03-25T00:00:00,7.6,-2.9,-11.8
2021-03-26T00:00:00,0.0,-3.5,-8.8
2021-03-27T00:00:00,0.0,3.3,-10.6
2021-03-28T00:00:00,0.0,7.1,-6.1
2021-03-29T00:00:00,0.0,9.5,-1.0
2021-03-30T00:00:00,0.0,5.9,-8.3
2021-03-31T00:00:00,0.0,6.7,-11.0
2021-04-01T00:00:00,0.0,9.1,-3.8
2021-04-02T00:00:00,0.0,13.1,0.8
2021-04-03T00:00:00,0.0,14.0,2.3
2021-04-04T00:00:00,0.0,13.7,4.5
2021-04-05T00:00:00,0.0,12.4,3.6
2021-04-06T00:00:00,0.0,8.8,-4.9
2021-04-07T00:00:00,0.0,7.5,-7.0
2021-04-08T00:00:00,0.0,10.1,-0.9
2021-04-09T00:00:00,0.0,8.6,-2.3
2021-04-10T00:00:00,0.0,8.8,-2.6
2021-04-11T00:00:00,0.0,11.1,-0.4
2021-04-12T00:00:00,0.0,8.5,1.4
2021-04-13T00:00:00,0.0,7.4,-2.4
2021-04-14T00:00:00,0.0,8.4,-2.1
2021-04-15T00:00:00,0.0,8.4,-5.4
2021-04-16T00:00:00,2.5,3.3,-7.0
2021-04-17T00:00:00,7.6,-3.2,-7.0
2021-04-18T00:00:00,0.0,2.7,-9.0
2021-04-19T00:00:00,2.5,6.0,-7.0
2021-04-20T00:00:00,0.0,5.1,-3.2
2021-04-21T00:00:00,0.0,6.5,-2.2
2021-04-22T00:00:00,0.0,6.7,-1.3
2021-04-23T00:00:00,0.0,4.8,-3.6
2021-04-24T00:00:00,0.0,9.1,-2.9
2021-04-25T00:00:00,0.0,13.2,1.6
2021-04-26T00:00:00,0.0,11.0,0.7
2021-04-27T00:00:00,0.0,6.0,-3.2
2021-04-28T00:00:00,0.0,4.9,-3.1
2021-04-29T00:00:00,0.0,11.2,-3.4
2021-04-30T00:00:00,0.0,15.0,1.2
2021-05-01T00:00:00,0.0,17.3,3.0
2021-05-02T00:00:00,0.0,15.2,2.6
2021-05-03T00:00:00,12.7,4.6,-2.5
2021-05-04T00:00:00,0.0,6.4,-1.8
2021-05-05T00:00:00,0.0,13.9,2.9
2021-05-06T00:00:00,2.5,15.5,3.7
2021-05-07T00:00:00,0.0,15.4,3.3
2021-05-08T00:00:00,0.0,12.1,2.9
2021-05-09T00:00:00,0.0,9.8,2.4
2021-05-10T00:00:00,2.5,10.1,-0.1
2021-05-11T00:00:00,0.0,11.0,-0.4
2021-05-12T00:00:00,0.0,11.0,0.2
2021-05-13T00:00:00,0.0,15.1,1.8
2021-05-14T00:00:00,0.0,16.7,5.1
2021-05-15T00:00:00,0.0,15.8,4.5
2021-05-16T00:00:00,0.0,16.2,2.6
2021-05-17T00:00:00,7.6,9.9,-0.9
2021-05-18T00:00:00,10.2,2.6,-0.8
2021-05-19T00:00:00,0.0,9.8,-1.2
2021-05-20T00:00:00,0.0,14.8,3.4
2021-05-21T00:00:00,0.0,13.9,6.4
2021-05-22T00:00:00,17.8,14.9,4.6
2021-05-23T00:00:00,15.2,12.1,3.4
2021-05-24T00:00:00,0.0,14.7,2.4
2021-05-25T00:00:00,0.0,16.4,3.4
2021-05-26T00:00:00,0.0,16.1,5.8
2021-05-27T00:00:00,0.0,17.2,4.4
2021-05-28T00:00:00,2.5,17.3,6.7
2021-05-29T00:00:00,0.0,17.2,7.5
2021-05-30T00:00:00,0.0,16.7,4.1
2021-05-31T00:00:00,15.2,7.4,0.1
2021-06-01T00:00:00,2.5,13.3,0.7
2021-06-02T00:00:00,0.0,14.9,3.6
2021-06-03T00:00:00,0.0,17.6,4.5
2021-06-04T00:00:00,0.0,20.1,5.4
2021-06-05T00:00:00,0.0,21.0,8.4
2021-06-06T00:00:00,0.0,20.0,7.6
2021-06-07T00:00:00,0.0,20.3,8.9
2021-06-08T00:00:00,0.0,20.6,8.2
2021-06-09T00:00:00,0.0,23.5,8.7
2021-06-10T00:00:00,0.0,23.2,10.1
2021-06-11T00:00:00,0.0,23.8,9.9
2021-06-12T00:00:00,0.0,23.6,11.8
2021-06-13T00:00:00,0.0,24.7,11.0
2021-06-14T00:00:00,2.5,27.5,12.7
2021-06-15T00:00:00,7.6,24.0,3.3
2021-06-16T00:00:00,2.5,24.0,10.6
2021-06-17T00:00:00,0.0,22.2,11.9
2021-06-18T00:00:00,2.5,22.5,9.0
2021-06-19T00:00:00,0.0,22.4,10.4
2021-06-20T00:00:00,0.0,23.4,11.4
2021-06-21T00:00:00,0.0,22.0,12.0
2021-06-22T00:00:00,0.0,22.4,9.9
2021-06-23T00:00:00,0.0,23.2,8.9
2021-06-24T00:00:00,10.2,19.8,7.8
2021-06-25T00:00:00,0.0,17.3,7.2
2021-06-26T00:00:00,5.1,16.6,5.4
2021-06-27T00:00:00,22.9,9.7,2.8
2021-06-28T00:00:00,0.0,10.0,4.2
2021-06-29T00:00:00,5.1,7.5,4.8
2021-06-30T00:00:00,22.9,9.9,5.8
2021-07-01T00:00:00,0.0,17.7,7.4
2021-07-02T00:00:00,0.0,19.2,8.9
2021-07-03T00:00:00,0.0,21.6,8.5
2021-07-04T00:00:00,12.7,24.8,9.1
2021-07-05T00:00:00,7.6,21.4,7.1
2021-07-06T00:00:00,0.0,21.1,8.8
2021-07-07T00:00:00,0.0,21.8,9.0
2021-07-08T00:00:00,5.1,24.0,9.1
2021-07-09T00:00:00,0.0,24.9,10.9
2021-07-10T00:00:00,15.2,26.1,9.7
2021-07-11T00:00:00,0.0,18.0,9.2
2021-07-12T00:00:00,0.0,19.7,8.4
2021-07-13T00:00:00,0.0,19.5,8.7
2021-07-14T00:00:00,17.8,17.7,7.8
2021-07-15T00:00:00,0.0,19.7,7.9
2021-07-16T00:00:00,2.5,21.1,9.1
2021-07-17T00:00:00,10.2,20.0,9.8
2021-07-18T00:00:00,5.1,18.4,9.2
2021-07-19T00:00:00,0.0,21.5,8.6
2021-07-20T00:00:00,2.5,19.7,9.6
2021-07-21T00:00:00,0.0,20.5,9.2
2021-07-22T00:00:00,0.0,21.9,8.6
2021-07-23T00:00:00,7.6,18.9,8.8
2021-07-24T00:00:00,0.0,16.7,7.9
2021-07-25T00:00:00,2.5,15.8,8.9
2021-07-26T00:00:00,15.2,16.4,8.8
2021-07-27T00:00:00,0.0,16.1,8.9
2021-07-28T00:00:00,10.2,20.3,9.7
2021-07-29T00:00:00,0.0,20.4,9.9
2021-07-30T00:00:00,0.0,17.4,8.5
2021-07-31T00:00:00,20.3,19.0,7.1
2021-08-01T00:00:00,0.0,15.1,7.6
2021-08-02T00:00:00,0.0,16.6,8.4
2021-08-03T00:00:00,0.0,17.5,7.7
2021-08-04T00:00:00,0.0,19.6,6.7
2021-08-05T00:00:00,0.0,20.9,7.9
2021-08-06T00:00:00,0.0,21.1,12.2
2021-08-07T00:00:00,0.0,20.3,10.7
2021-08-08T00:00:00,0.0,20.8,9.4
2021-08-09T00:00:00,0.0,22.2,12.1
2021-08-10T00:00:00,0.0,19.4,12.0
2021-08-11T00:00:00,0.0,21.8,11.1
2021-08-12T00:00:00,0.0,21.7,9.6
2021-08-13T00:00:00,0.0,17.8,7.4
2021-08-14T00:00:00,0.0,20.9,7.5
2021-08-15T00:00:00,20.3,21.1,6.4
2021-08-16T00:00:00,2.5,16.8,7.6
2021-08-17T00:00:00,0.0,21.4,7.1
2021-08-18T00:00:00,5.1,17.8,9.5
2021-08-19T00:00:00,0.0,15.2,7.7
2021-08-20T00:00:00,0.0,17.3,6.6
2021-08-21T00:00:00,0.0,18.3,7.7
2021-08-22T00:00:00,0.0,17.9,9.6
2021-08-23T00:00:00,0.0,20.3,10.1
2021-08-24T00:00:00,0.0,21.1,8.9
2021-08-25T00:00:00,0.0,23.7,10.7
2021-08-26T00:00:00,5.1,20.3,7.8
2021-08-27T00:00:00,0.0,21.2,8.8
2021-08-28T00:00:00,0.0,20.0,9.4
2021-08-29T00:00:00,0.0,19.1,8.7
2021-08-30T00:00:00,2.5,20.5,7.6
2021-08-31T00:00:00,2.5,19.8,9.4
2021-09-01T00:00:00,20.3,15.1,7.1
2021-09-02T00:00:00,0.0,16.5,6.7
2021-09-03T00:00:00,0.0,18.9,7.7
2021-09-04T00:00:00,0.0,18.4,9.6
2021-09-05T00:00:00,0.0,22.0,7.8
2021-09-06T00:00:00,0.0,20.9,9.4
2021-09-07T00:00:00,0.0,23.7,10.5
2021-09-08T00:00:00,0.0,22.1,10.1
2021-09-09T00:00:00,0.0,23.7,11.7
2021-09-10T00:00:00,0.0,24.0,12.6
2021-09-11T00:00:00,0.0,22.2,12.0
2021-09-12T00:00:00,0.0,21.3,11.9
2021-09-13T00:00:00,0.0,20.6,11.2
2021-09-14T00:00:00,0.0,19.9,10.2
2021-09-15T00:00:00,0.0,19.7,8.6
2021-09-16T00:00:00,0.0,18.7,9.6
2021-09-17T00:00:00,0.0,21.4,8.4
2021-09-18T00:00:00,0.0,18.9,8.9
2021-09-19T00:00:00,0.0,16.3,6.6
2021-09-20T00:00:00,0.0,16.7,4.5
2021-09-21T00:00:00,0.0,14.0,1.1
2021-09-22T00:00:00,0.0,16.3,3.9
2021-09-23T00:00:00,0.0,17.0,6.1
2021-09-24T00:00:00,0.0,17.3,5.7
2021-09-25T00:00:00,0.0,16.7,5.8
2021-09-26T00:00:00,0.0,14.8,4.9
2021-09-27T00:00:00,2.5,10.1,3.0
2021-09-28T00:00:00,0.0,10.1,2.9
2021-09-29T00:00:00,0.0,13.0,3.4
2021-09-30T00:00:00,15.2,6.2,0.4
2021-10-01T00:00:00,17.8,20.5,-9.0
2021-10-02T00:00:00,2.5,9.4,0.1
2021-10-03T00:00:00,2.5,11.5,1.7
2021-10-04T00:00:00,0.0,14.1,3.8
2021-10-05T00:00:00,0.0,13.4,4.6
2021-10-06T00:00:00,0.0,11.1,3.5
2021-10-07T00:00:00,0.0,13.6,3.7
2021-10-08T00:00:00,0.0,15.3,4.2
2021-10-09T00:00:00,0.0,11.1,2.3
2021-10-10T00:00:00,0.0,4.9,-1.0
2021-10-11T00:00:00,0.0,11.0,-1.0
2021-10-12T00:00:00,12.7,3.2,-8.1
2021-10-13T00:00:00,0.0,2.7,-8.0
2021-10-14T00:00:00,0.0,2.6,-6.3
2021-10-15T00:00:00,0.0,4.0,-8.6
2021-10-16T00:00:00,0.0,10.6,0.6
2021-10-17T00:00:00,0.0,10.8,1.3
2021-10-18T00:00:00,0.0,9.8,3.6
2021-10-19T00:00:00,0.0,5.8,-1.3
2021-10-20T00:00:00,0.0,9.6,-2.8
2021-10-21T00:00:00,0.0,10.8,0.6
2021-10-22T00:00:00,0.0,11.5,2.6
2021-10-23T00:00:00,2.5,9.2,1.3
2021-10-24T00:00:00,0.0,9.1,-0.9
2021-10-25T00:00:00,0.0,14.8,2.7
2021-10-26T00:00:00,0.0,8.0,-6.2
2021-10-27T00:00:00,0.0,1.5,-8.4
2021-10-28T00:00:00,0.0,8.8,-4.5
2021-10-29T00:00:00,0.0,9.9,1.5
2021-10-30T00:00:00,0.0,11.5,2.2
2021-10-31T00:00:00,2.5,10.0,1.7
2021-11-01T00:00:00,0.0,8.0,0.3
2021-11-02T00:00:00,0.0,3.9,-1.2
2021-11-03T00:00:00,0.0,6.6,-2.3
2021-11-04T00:00:00,0.0,8.5,-1.6
2021-11-05T00:00:00,0.0,12.7,2.4
2021-11-06T00:00:00,0.0,12.2,3.8
2021-11-07T00:00:00,0.0,11.5,2.8
2021-11-08T00:00:00,0.0,10.7,2.5
2021-11-09T00:00:00,0.0,8.7,-2.4
2021-11-10T00:00:00,0.0,2.4,-4.3
2021-11-11T00:00:00,0.0,4.1,-4.4
2021-11-12T00:00:00,0.0,7.1,-1.0
2021-11-13T00:00:00,0.0,8.1,-0.1
2021-11-14T00:00:00,0.0,8.7,0.5
2021-11-15T00:00:00,2.5,11.4,3.0
2021-11-16T00:00:00,0.0,7.1,-1.0
2021-11-17T00:00:00,0.0,4.9,-4.2
2021-11-18T00:00:00,0.0,4.1,-4.6
2021-11-19T00:00:00,0.0,4.5,-1.5
2021-11-20T00:00:00,0.0,6.4,-2.3
2021-11-21T00:00:00,0.0,2.1,-4.9
2021-11-22T00:00:00,0.0,9.4,-2.4
2021-11-23T00:00:00,7.6,5.5,-1.5
2021-11-24T00:00:00,7.6,-1.5,-6.5
2021-11-25T00:00:00,0.0,-2.7,-7.6
2021-11-26T00:00:00,0.0,4.8,-6.9
2021-11-27T00:00:00,0.0,6.6,-1.4
2021-11-28T00:00:00,0.0,6.8,-1.8
2021-11-29T00:00:00,0.0,10.0,1.3
2021-11-30T00:00:00,0.0,8.4,1.3
2021-12-01T00:00:00,0.0,10.6,2.7
2021-12-02T00:00:00,0.0,9.7,1.0
2021-12-03T00:00:00,0.0,8.5,0.2
2021-12-04T00:00:00,0.0,6.0,-2.3
2021-12-05T00:00:00,0.0,6.4,-2.3
2021-12-06T00:00:00,0.0,4.6,-2.2
2021-12-07T00:00:00,0.0,-0.8,-6.0
2021-12-08T00:00:00,0.0,0.8,-4.8
2021-12-09T00:00:00,0.0,-1.2,-4.9
2021-12-10T00:00:00,5.1,-3.7,-17.9
2021-12-11T00:00:00,2.5,-3.0,-17.8
2021-12-12T00:00:00,2.5,4.5,-3.8
2021-12-13T00:00:00,0.0,3.5,-4.6
2021-12-14T00:00:00,5.1,2.5,-1.8
2021-12-15T00:00:00,5.1,1.3,-10.8
2021-12-16T00:00:00,0.0,2.1,-8.6
2021-12-17T00:00:00,0.0,-2.8,-11.8
2021-12-18T00:00:00,0.0,-6.1,-12.7
2021-12-19T00:00:00,0.0,0.2,-8.8
2021-12-20T00:00:00,0.0,1.7,-6.0
2021-12-21T00:00:00,0.0,1.3,-4.1
2021-12-22T00:00:00,0.0,3.4,-3.7
2021-12-23T00:00:00,0.0,3.3,-1.3
2021-12-24T00:00:00,33.0,0.5,-4.1
2021-12-25T00:00:00,2.5,-2.8,-5.0
2021-12-26T00:00:00,0.0,-3.0,-8.1
2021-12-27T00:00:00,0.0,-4.6,-9.3
2021-12-28T00:00:00,5.1,-8.5,-10.8
2021-12-29T00:00:00,7.6,-8.6,-11.5
2021-12-30T00:00:00,2.5,-7.8,-11.4
2021-12-31T00:00:00,20.3,-3.8,-10.0
2022-01-01T00:00:00,12.7,-4.5,-19.5
2022-01-02T00:00:00,2.5,-4.9,-19.6
2022-01-03T00:00:00,0.0,1.1,-8.2
2022-01-04T00:00:00,0.0,-2.0,-8.1
2022-01-05T00:00:00,0.0,-1.8,-8.3
2022-01-06T00:00:00,0.0,1.3,-4.7
2022-01-07T00:00:00,0.0,3.6,-3.8
2022-01-08T00:00:00,0.0,-0.7,-6.9
2022-01-09T00:00:00,0.0,-2.9,-9.3
2022-01-10T00:00:00,0.0,1.5,-6.5
2022-01-11T00:00:00,0.0,2.9,-7.2
2022-01-12T00:00:00,0.0,6.2,-3.1
2022-01-13T00:00:00,0.0,7.1,-1.5
2022-01-14T00:00:00,0.0,1.6,-9.5
2022-01-15T00:00:00,0.0,-0.3,-13.2
2022-01-16T00:00:00,0.0,4.6,-4.0
2022-01-17T00:00:00,0.0,4.0,-4.3
2022-01-18T00:00:00,0.0,0.1,-6.6
2022-01-19T00:00:00,0.0,-1.2,-8.1
2022-01-20T00:00:00,0.0,-4.3,-9.9
2022-01-21T00:00:00,0.0,1.2,-8.1
2022-01-22T00:00:00,0.0,-2.3,-9.7
2022-01-23T00:00:00,0.0,0.2,-7.8
2022-01-24T00:00:00,0.0,0.8,-7.3
2022-01-25T00:00:00,0.0,1.2,-10.5
2022-01-26T00:00:00,0.0,-7.6,-12.6
2022-01-27T00:00:00,2.5,-4.9,-14.1
2022-01-28T00:00:00,0.0,-2.2,-15.4
2022-01-29T00:00:00,2.5,5.5,-8.0
2022-01-30T00:00:00,0.0,3.2,-5.6
2022-01-31T00:00:00,0.0,3.5,-5.2
2022-02-01T00:00:00,2.5,-2.0,-7.8
2022-02-02T00:00:00,10.2,-7.3,-16.6
2022-02-03T00:00:00,0.0,-12.9,-21.0
2022-02-04T00:00:00,2.5,-5.4,-18.9
2022-02-05T00:00:00,0.0,-0.9,-10.1
2022-02-06T00:00:00,2.5,-5.5,-13.6
2022-02-07T00:00:00,2.5,-1.1,-13.6
2022-02-08T00:00:00,0.0,4.7,-6.3
2022-02-09T00:00:00,0.0,3.3,-6.4
2022-02-10T00:00:00,0.0,1.3,-7.4
2022-02-11T00:00:00,0.0,5.5,-5.5
2022-02-12T00:00:00,2.5,-3.5,-14.0
2022-02-13T00:00:00,0.0,2.8,-8.4
2022-02-14T00:00:00,0.0,3.9,-4.7
2022-02-15T00:00:00,2.5,3.7,-2.4
2022-02-16T00:00:00,2.5,-1.0,-9.4
2022-02-17T00:00:00,7.6,-8.0,-11.2
2022-02-18T00:00:00,0.0,-0.2,-13.2
2022-02-19T00:00:00,2.5,2.8,-7.8
2022-02-20T00:00:00,0.0,3.2,-6.1
2022-02-21T00:00:00,0.0,0.0,-7.6
2022-02-22T00:00:00,2.5,-0.6,-9.1
2022-02-23T00:00:00,2.5,-1.3,-12.4
2022-02-24T00:00:00,0.0,-9.7,-15.8
2022-02-25T00:00:00,0.0,-1.3,-11.6
2022-02-26T00:00:00,0.0,-2.4,-12.5
2022-02-27T00:00:00,0.0,3.8,-12.0
2022-02-28T00:00:00,0.0,7.4,-2.7
2022-03-01T00:00:00,2.5,9.1,-2.7
2022-03-02T00:00:00,0.0,10.2,-1.1
2022-03-03T00:00:00,0.0,8.7,0.4
2022-03-04T00:00:00,5.1,6.4,-6.7
2022-03-05T00:00:00,5.1,-2.9,-8.3
2022-03-06T00:00:00,7.6,-5.3,-13.2
2022-03-07T00:00:00,7.6,-7.1,-14.4
2022-03-08T00:00:00,2.5,-6.6,-14.6
2022-03-09T00:00:00,2.5,-3.8,-12.8
2022-03-10T00:00:00,15.2,-6.2,-9.8
2022-03-11T00:00:00,0.0,-6.3,-13.5
2022-03-12T00:00:00,2.5,2.9,-10.8
2022-03-13T00:00:00,0.0,4.2,-6.8
2022-03-14T00:00:00,0.0,2.9,-7.8
2022-03-15T00:00:00,0.0,8.6,-5.7
2022-03-16T00:00:00,0.0,7.7,-2.9
2022-03-17T00:00:00,5.1,-1.2,-6.7
2022-03-18T00:00:00,0.0,1.8,-10.4
2022-03-19T00:00:00,2.5,5.6,-8.1
2022-03-20T00:00:00,0.0,6.8,-2.4
2022-03-21T00:00:00,0.0,3.5,-6.7
2022-03-22T00:00:00,5.1,-1.5,-10.7
2022-03-23T00:00:00,0.0,1.6,-13.9
2022-03-24T00:00:00,0.0,8.1,-6.8
2022-03-25T00:00:00,0.0,10.6,-2.0
2022-03-26T00:00:00,0.0,12.4,0.3
2022-03-27T00:00:00,0.0,13.6,3.7
2022-03-28T00:00:00,0.0,11.2,1.0
2022-03-29T00:00:00,15.2,1.1,-4.6
2022-03-30T00:00:00,7.6,-2.1,-10.3
2022-03-31T00:00:00,5.1,2.7,-10.6
2022-04-01T00:00:00,7.6,2.5,-4.3
2022-04-02T00:00:00,5.1,9.4,-3.4
2022-04-03T00:00:00,0.0,10.1,-2.2
2022-04-04T00:00:00,0.0,7.2,-2.6
2022-04-05T00:00:00,0.0,10.7,0.2
2022-04-06T00:00:00,0.0,5.7,-6.2
2022-04-07T00:00:00,0.0,6.4,-6.3
2022-04-08T00:00:00,0.0,9.6,-5.0
2022-04-09T00:00:00,0.0,11.7,0.5
2022-04-10T00:00:00,0.0,6.4,-2.7
2022-04-11T00:00:00,0.0,8.8,-2.7
2022-04-12T00:00:00,0.0,2.1,-10.2
2022-04-13T00:00:00,0.0,-2.8,-13.4
2022-04-14T00:00:00,0.0,5.4,-8.4
2022-04-15T00:00:00,0.0,9.7,-1.3
2022-04-16T00:00:00,0.0,10.4,-0.1
2022-04-17T00:00:00,0.0,11.0,-1.6
2022-04-18T00:00:00,0.0,13.0,2.0
2022-04-19T00:00:00,0.0,11.2,3.8
2022-04-20T00:00:00,0.0,13.3,1.6
2022-04-21T00:00:00,0.0,14.1,1.2
2022-04-22T00:00:00,0.0,14.2,-4.8
2022-04-23T00:00:00,0.0,3.9,-6.4
2022-04-24T00:00:00,0.0,5.6,-5.7
2022-04-25T00:00:00,0.0,6.6,-3.6
2022-04-26T00:00:00,0.0,10.5,-1.8
2022-04-27T00:00:00,0.0,13.6,4.0
2022-04-28T00:00:00,0.0,13.0,2.0
2022-04-29T00:00:00,0.0,10.5,-1.2
2022-04-30T00:00:00,0.0,11.8,-1.4
2022-05-01T00:00:00,0.0,13.8,3.5
2022-05-02T00:00:00,0.0,11.9,-0.8
2022-05-03T00:00:00,0.0,14.6,1.8
2022-05-04T00:00:00,0.0,5.5,-3.8
2022-05-05T00:00:00,0.0,11.4,-4.9
2022-05-06T00:00:00,0.0,16.7,2.7
2022-05-07T00:00:00,0.0,17.8,7.1
2022-05-08T00:00:00,0.0,15.0,5.0
2022-05-09T00:00:00,0.0,15.4,3.7
2022-05-10T00:00:00,0.0,18.2,4.7
2022-05-11T00:00:00,0.0,17.8,5.7
2022-05-12T00:00:00,0.0,13.1,1.8
2022-05-13T00:00:00,0.0,14.6,2.0
2022-05-14T00:00:00,0.0,17.9,3.7
2022-05-15T00:00:00,0.0,21.0,7.0
2022-05-16T00:00:00,0.0,19.0,6.4
2022-05-17T00:00:00,0.0,19.4,6.4
2022-05-18T00:00:00,0.0,19.1,7.2
2022-05-19T00:00:00,0.0,18.8,7.6
2022-05-20T00:00:00,0.0,16.7,4.9
2022-05-21T00:00:00,0.0,11.9,3.3
2022-05-22T00:00:00,0.0,11.2,2.9
2022-05-23T00:00:00,2.5,10.4,-0.6
2022-05-24T00:00:00,5.1,5.2,-2.7
2022-05-25T00:00:00,0.0,13.0,-3.7
2022-05-26T00:00:00,0.0,20.0,4.0
2022-05-27T00:00:00,0.0,20.2,9.1
2022-05-28T00:00:00,0.0,18.2,7.7
2022-05-29T00:00:00,0.0,14.3,3.2
2022-05-30T00:00:00,0.0,12.6,0.1
2022-05-31T00:00:00,0.0,16.6,2.5
2022-06-01T00:00:00,0.0,16.2,4.2
2022-06-02T00:00:00,0.0,17.4,4.6
2022-06-03T00:00:00,0.0,17.2,7.1
2022-06-04T00:00:00,0.0,18.8,6.7
2022-06-05T00:00:00,0.0,19.7,6.6
2022-06-06T00:00:00,0.0,21.6,8.5
2022-06-07T00:00:00,0.0,21.9,10.8
2022-06-08T00:00:00,0.0,22.6,10.5
2022-06-09T00:00:00,0.0,22.0,10.7
2022-06-10T00:00:00,0.0,25.2,11.4
2022-06-11T00:00:00,0.0,25.4,12.7
2022-06-12T00:00:00,0.0,22.1,11.8
2022-06-13T00:00:00,0.0,21.2,11.1
2022-06-14T00:00:00,0.0,20.0,8.9
2022-06-15T00:00:00,0.0,23.1,9.2
2022-06-16T00:00:00,2.5,21.4,7.2
2022-06-17T00:00:00,2.5,21.6,8.6
2022-06-18T00:00:00,5.1,17.5,7.5
2022-06-19T00:00:00,20.3,15.9,4.6
2022-06-20T00:00:00,5.1,16.5,6.0
2022-06-21T00:00:00,0.0,11.2,7.4
2022-06-22T00:00:00,15.2,9.5,7.1
2022-06-23T00:00:00,0.0,16.4,7.9
2022-06-24T00:00:00,0.0,18.6,8.5
2022-06-25T00:00:00,30.5,14.8,6.0
2022-06-26T00:00:00,27.9,9.5,5.8
2022-06-27T00:00:00,17.8,10.0,5.5
2022-06-28T00:00:00,0.0,17.6,4.5
2022-06-29T00:00:00,0.0,18.5,7.9
2022-06-30T00:00:00,0.0,20.0,9.2
2022-07-01T00:00:00,17.8,17.0,7.1
2022-07-02T00:00:00,33.0,15.9,5.0
2022-07-03T00:00:00,0.0,18.2,8.1
2022-07-04T00:00:00,0.0,18.7,8.8
2022-07-05T00:00:00,2.5,16.8,9.6
2022-07-06T00:00:00,0.0,19.2,8.8
2022-07-07T00:00:00,0.0,20.8,10.1
2022-07-08T00:00:00,0.0,22.1,11.8
2022-07-09T00:00:00,0.0,21.0,11.5
2022-07-10T00:00:00,0.0,22.6,11.4
2022-07-11T00:00:00,12.7,22.0,8.0
2022-07-12T00:00:00,0.0,19.2,8.2
2022-07-13T00:00:00,0.0,22.0,9.2
2022-07-14T00:00:00,10.2,21.8,9.9
2022-07-15T00:00:00,0.0,22.5,10.8
2022-07-16T00:00:00,0.0,22.5,12.4
2022-07-17T00:00:00,0.0,22.1,12.1
2022-07-18T00:00:00,0.0,23.3,11.4
2022-07-19T00:00:00,0.0,25.0,13.7
2022-07-20T00:00:00,2.5,24.7,12.0
2022-07-21T00:00:00,0.0,21.1,11.6
2022-07-22T00:00:00,0.0,22.9,11.9
2022-07-23T00:00:00,10.2,23.6,10.1
2022-07-24T00:00:00,2.5,17.5,9.9
2022-07-25T00:00:00,5.1,18.5,8.7
2022-07-26T00:00:00,10.2,16.7,7.7
2022-07-27T00:00:00,0.0,16.6,9.4
2022-07-28T00:00:00,7.6,16.0,8.8
2022-07-29T00:00:00,0.0,16.4,8.0
2022-07-30T00:00:00,0.0,15.4,8.5
2022-07-31T00:00:00,0.0,19.2,9.0
2022-08-01T00:00:00,17.8,22.0,9.0
2022-08-02T00:00:00,2.5,21.0,11.4
2022-08-03T00:00:00,0.0,20.3,12.0
2022-08-04T00:00:00,10.2,17.5,9.1
2022-08-05T00:00:00,0.0,21.1,10.0
2022-08-06T00:00:00,0.0,18.9,10.7
2022-08-07T00:00:00,0.0,19.5,10.5
2022-08-08T00:00:00,17.8,15.4,7.1
2022-08-09T00:00:00,12.7,18.5,8.1
2022-08-10T00:00:00,2.5,16.2,8.7
2022-08-11T00:00:00,0.0,19.7,8.0
2022-08-12T00:00:00,5.1,18.5,8.0
2022-08-13T00:00:00,2.5,19.2,8.5
2022-08-14T00:00:00,0.0,21.3,10.4
2022-08-15T00:00:00,5.1,19.9,7.7
2022-08-16T00:00:00,0.0,15.8,8.8
2022-08-17T00:00:00,2.5,13.0,8.8
2022-08-18T00:00:00,2.5,13.9,7.7
2022-08-19T00:00:00,0.0,17.7,7.1
2022-08-20T00:00:00,15.2,8.8,5.8
2022-08-21T00:00:00,7.6,15.6,5.4
2022-08-22T00:00:00,0.0,13.8,7.1
2022-08-23T00:00:00,2.5,15.5,6.8
2022-08-24T00:00:00,0.0,16.2,6.9
2022-08-25T00:00:00,0.0,18.0,6.9
2022-08-26T00:00:00,7.6,15.2,7.5
2022-08-27T00:00:00,0.0,17.7,7.1
2022-08-28T00:00:00,0.0,19.4,8.8
2022-08-29T00:00:00,12.7,17.4,6.6
2022-08-30T00:00:00,0.0,19.4,8.7
2022-08-31T00:00:00,0.0,20.3,7.8
2022-09-01T00:00:00,0.0,20.0,7.5
2022-09-02T00:00:00,0.0,19.5,9.7
2022-09-03T00:00:00,0.0,16.2,8.5
2022-09-04T00:00:00,0.0,19.9,6.5
2022-09-05T00:00:00,0.0,23.1,10.7
2022-09-06T00:00:00,0.0,23.2,9.9
2022-09-07T00:00:00,0.0,23.0,10.7
2022-09-08T00:00:00,0.0,21.1,10.9
2022-09-09T00:00:00,12.7,21.4,5.6
2022-09-10T00:00:00,0.0,16.2,5.6
2022-09-11T00:00:00,0.0,16.7,6.4
2022-09-12T00:00:00,0.0,19.0,7.2
2022-09-13T00:00:00,12.7,14.9,6.2
2022-09-14T00:00:00,2.5,12.1,4.5
2022-09-15T00:00:00,0.0,13.9,4.1
2022-09-16T00:00:00,0.0,15.8,7.0
2022-09-17T00:00:00,0.0,16.5,6.6
2022-09-18T00:00:00,0.0,17.8,8.7
2022-09-19T00:00:00,0.0,17.7,7.0
2022-09-20T00:00:00,35.6,14.9,8.6
2022-09-21T00:00:00,0.0,16.5,7.9
2022-09-22T00:00:00,10.2,14.7,6.9
2022-09-23T00:00:00,0.0,13.9,6.2
2022-09-24T00:00:00,0.0,16.8,5.5
2022-09-25T00:00:00,0.0,13.8,6.1
2022-09-26T00:00:00,2.5,14.4,5.2
2022-09-27T00:00:00,0.0,15.2,6.8
2022-09-28T00:00:00,12.7,12.1,2.5
2022-09-29T00:00:00,0.0,13.3,4.9
2022-09-30T00:00:00,0.0,14.9,5.5
2022-10-01T00:00:00,0.0,12.8,5.4
2022-10-02T00:00:00,2.5,9.6,3.9
2022-10-03T00:00:00,2.5,7.8,3.2
2022-10-04T00:00:00,22.9,6.4,1.8
2022-10-05T00:00:00,12.7,6.5,0.4
2022-10-06T00:00:00,0.0,7.6,1.8
2022-10-07T00:00:00,0.0,7.7,1.1
2022-10-08T00:00:00,10.2,5.1,-0.6
2022-10-09T00:00:00,7.6,7.7,-0.8
2022-10-10T00:00:00,0.0,9.5,0.1
2022-10-11T00:00:00,0.0,10.6,1.3
2022-10-12T00:00:00,0.0,12.4,2.4
2022-10-13T00:00:00,0.0,12.4,4.4
2022-10-14T00:00:00,0.0,11.8,3.7
2022-10-15T00:00:00,0.0,12.3,1.5
2022-10-16T00:00:00,12.7,3.3,-0.8
2022-10-17T00:00:00,2.5,3.6,-1.8
2022-10-18T00:00:00,0.0,9.4,-2.5
2022-10-19T00:00:00,0.0,10.6,-0.3
2022-10-20T00:00:00,0.0,11.8,2.9
2022-10-21T00:00:00,0.0,9.7,1.7
2022-10-22T00:00:00,5.1,8.9,1.7
2022-10-23T00:00:00,2.5,4.7,-7.1
2022-10-24T00:00:00,0.0,-4.8,-9.9
2022-10-25T00:00:00,2.5,4.8,-8.8
2022-10-26T00:00:00,0.0,4.6,-2.9
2022-10-27T00:00:00,2.5,-0.2,-7.2
2022-10-28T00:00:00,0.0,4.8,-6.8
2022-10-29T00:00:00,0.0,6.4,-4.3
2022-10-30T00:00:00,0.0,5.6,-3.5
2022-10-31T00:00:00,2.5,6.2,-2.7
2022-11-01T00:00:00,0.0,7.6,-0.9
2022-11-02T00:00:00,0.0,6.6,0.2
2022-11-03T00:00:00,17.8,2.8,-7.3
2022-11-04T00:00:00,7.6,-6.9,-10.3
2022-11-05T00:00:00,5.1,-0.3,-9.3
2022-11-06T00:00:00,0.0,7.6,-3.6
2022-11-07T00:00:00,0.0,8.8,1.5
2022-11-08T00:00:00,0.0,10.0,2.2
2022-11-09T00:00:00,0.0,8.6,-7.4
2022-11-10T00:00:00,0.0,0.2,-11.0
2022-11-11T00:00:00,0.0,-4.5,-12.8
2022-11-12T00:00:00,0.0,2.5,-7.8
2022-11-13T00:00:00,10.2,2.7,-6.0
2022-11-14T00:00:00,10.2,-5.8,-12.4
2022-11-15T00:00:00,2.5,-5.8,-12.3
2022-11-16T00:00:00,0.0,-7.1,-13.4
2022-11-17T00:00:00,0.0,-2.2,-12.9
2022-11-18T00:00:00,0.0,-4.8,-11.1
2022-11-19T00:00:00,0.0,-2.5,-11.2
2022-11-20T00:00:00,2.5,0.5,-10.5
2022-11-21T00:00:00,2.5,4.9,-6.2
2022-11-22T00:00:00,0.0,4.2,-4.9
2022-11-23T00:00:00,0.0,0.7,-9.8
2022-11-24T00:00:00,0.0,-4.6,-9.8
2022-11-25T00:00:00,0.0,2.5,-8.7
2022-11-26T00:00:00,5.1,2.8,-5.7
2022-11-27T00:00:00,0.0,-3.6,-7.9
2022-11-28T00:00:00,0.0,1.4,-8.6
2022-11-29T00:00:00,0.0,-5.6,-10.9
2022-11-30T00:00:00,5.1,3.0,-9.5
2022-12-01T00:00:00,0.0,2.6,-2.6
2022-12-02T00:00:00,0.0,-0.7,-5.6
2022-12-03T00:00:00,2.5,4.1,-2.7
2022-12-04T00:00:00,0.0,3.4,-0.2
2022-12-05T00:00:00,0.0,1.6,-3.0
2022-12-06T00:00:00,0.0,0.5,-5.5
2022-12-07T00:00:00,0.0,1.1,-4.2
2022-12-08T00:00:00,0.0,-3.9,-9.0
2022-12-09T00:00:00,2.5,0.0,-6.6
2022-12-10T00:00:00,0.0,2.8,-6.9
2022-12-11T00:00:00,2.5,3.3,-3.2
2022-12-12T00:00:00,2.5,0.2,-14.3
2022-12-13T00:00:00,0.0,-12.3,-15.0
2022-12-14T00:00:00,0.0,-9.0,-16.7
2022-12-15T00:00:00,2.5,-9.9,-15.2
2022-12-16T00:00:00,0.0,-13.5,-18.7
2022-12-17T00:00:00,0.0,-3.8,-17.6
2022-12-18T00:00:00,0.0,-1.3,-10.9
2022-12-19T00:00:00,0.0,-2.8,-12.2
2022-12-20T00:00:00,0.0,-1.5,-8.6
2022-12-21T00:00:00,0.0,-3.4,-9.2
2022-12-22T00:00:00,0.0,-3.2,-10.4
2022-12-23T00:00:00,0.0,-2.4,-8.5
2022-12-24T00:00:00,0.0,-0.7,-8.4
2022-12-25T00:00:00,2.5,3.5,-6.9
2022-12-26T00:00:00,2.5,3.0,-4.7
2022-12-27T00:00:00,0.0,3.4,-2.5
2022-12-28T00:00:00,10.2,-2.3,-10.4
2022-12-29T00:00:00,0.0,-8.2,-12.8
2022-12-30T00:00:00,0.0,-4.9,-8.5
2022-12-31T00:00:00,2.5,-0.2,-5.0
2023-01-01T00:00:00,7.6,2.4,-4.6
2023-01-02T00:00:00,12.7,-3.8,-9.7
2023-01-03T00:00:00,5.1,-9.7,-11.7
2023-01-04T00:00:00,0.0,-9.7,-13.0
2023-01-05T00:00:00,0.0,-1.0,-11.4
2023-01-06T00:00:00,0.0,-3.0,-10.0
2023-01-07T00:00:00,0.0,-0.8,-10.9
2023-01-08T00:00:00,0.0,1.5,-5.8
2023-01-09T00:00:00,0.0,1.7,-7.1
2023-01-10T00:00:00,0.0,0.6,-3.9
2023-01-11T00:00:00,0.0,-1.8,-11.4
2023-01-12T00:00:00,0.0,0.0,-12.1
2023-01-13T00:00:00,0.0,6.1,-1.3
2023-01-14T00:00:00,0.0,3.8,-4.3
2023-01-15T00:00:00,7.6,-4.4,-9.4
2023-01-16T00:00:00,5.1,-5.5,-9.7
2023-01-17T00:00:00,12.7,-3.5,-11.9
2023-01-18T00:00:00,7.6,-10.8,-12.7
2023-01-19T00:00:00,0.0,-3.2,-16.1
2023-01-20T00:00:00,5.1,-6.2,-15.0
2023-01-21T00:00:00,5.1,-8.5,-15.0
2023-01-22T00:00:00,0.0,-4.6,-14.2
2023-01-23T00:00:00,0.0,-9.2,-12.4
2023-01-24T00:00:00,2.5,-7.6,-13.9
2023-01-25T00:00:00,0.0,-10.3,-17.6
2023-01-26T00:00:00,0.0,-10.0,-18.7
2023-01-27T00:00:00,0.0,-1.6,-12.5
2023-01-28T00:00:00,0.0,-3.2,-10.5
2023-01-29T00:00:00,0.0,-2.2,-9.2
2023-01-30T00:00:00,0.0,-2.6,-9.5
2023-01-31T00:00:00,0.0,-3.2,-10.9
2023-02-01T00:00:00,0.0,-1.6,-9.9
2023-02-02T00:00:00,0.0,0.1,-9.9
2023-02-03T00:00:00,0.0,2.7,-7.6
2023-02-04T00:00:00,0.0,1.6,-5.9
2023-02-05T00:00:00,0.0,4.8,-4.4
2023-02-06T00:00:00,0.0,-2.1,-10.3
2023-02-07T00:00:00,2.5,-4.2,-11.6
2023-02-08T00:00:00,0.0,-2.4,-13.0
2023-02-09T00:00:00,2.5,-8.5,-15.2
2023-02-10T00:00:00,2.5,0.4,-18.2
2023-02-11T00:00:00,2.5,5.6,-5.3
2023-02-12T00:00:00,0.0,3.7,-5.7
2023-02-13T00:00:00,10.2,3.9,-9.3
2023-02-14T00:00:00,20.3,-8.0,-10.1
2023-02-15T00:00:00,10.2,-8.2,-17.6
2023-02-16T00:00:00,0.0,-10.4,-20.7
2023-02-17T00:00:00,0.0,-1.6,-16.3
2023-02-18T00:00:00,0.0,-1.6,-8.1
2023-02-19T00:00:00,5.1,-3.7,-6.1
2023-02-20T00:00:00,0.0,1.2,-5.5
2023-02-21T00:00:00,5.1,1.7,-6.0
2023-02-22T00:00:00,7.6,-4.3,-15.7
2023-02-23T00:00:00,5.1,-5.4,-15.4
2023-02-24T00:00:00,2.5,-0.3,-6.9
2023-02-25T00:00:00,0.0,5.4,-3.0
2023-02-26T00:00:00,2.5,2.0,-13.0
2023-02-27T00:00:00,2.5,-1.4,-15.5
2023-02-28T00:00:00,0.0,-2.0,-9.9
2023-03-01T00:00:00,10.2,-2.6,-10.5
2023-03-02T00:00:00,2.5,-3.1,-9.4
2023-03-03T00:00:00,0.0,1.2,-9.8
2023-03-04T00:00:00,2.5,3.8,-9.9
2023-03-05T00:00:00,0.0,2.6,-4.8
2023-03-06T00:00:00,0.0,4.8,-3.2
2023-03-07T00:00:00,0.0,3.5,-2.1
2023-03-08T00:00:00,0.0,4.9,-2.3
2023-03-09T00:00:00,0.0,3.3,-7.6
2023-03-10T00:00:00,2.5,6.6,-1.6
2023-03-11T00:00:00,5.1,-0.2,-3.8
2023-03-12T00:00:00,5.1,-1.6,-5.3
2023-03-13T00:00:00,2.5,0.6,-6.3
2023-03-14T00:00:00,2.5,4.7,-7.4
2023-03-15T00:00:00,10.2,3.3,-3.5
2023-03-16T00:00:00,48.3,-0.6,-7.6
2023-03-17T00:00:00,5.1,-4.1,-10.9
2023-03-18T00:00:00,2.5,-2.7,-14.7
2023-03-19T00:00:00,2.5,-2.2,-15.2
2023-03-20T00:00:00,12.7,-3.9,-7.9
2023-03-21T00:00:00,12.7,-1.2,-7.6
2023-03-22T00:00:00,5.1,1.3,-5.8
2023-03-23T00:00:00,2.5,-2.5,-10.5
2023-03-24T00:00:00,7.6,-5.4,-11.8
2023-03-25T00:00:00,0.0,-7.3,-15.4
2023-03-26T00:00:00,0.0,-7.1,-14.4
2023-03-27T00:00:00,0.0,-5.6,-14.2
2023-03-28T00:00:00,2.5,2.3,-10.8
2023-03-29T00:00:00,0.0,7.5,-2.9
2023-03-30T00:00:00,0.0,6.5,-9.7
2023-03-31T00:00:00,0.0,-1.8,-11.5
2023-04-01T00:00:00,0.0,6.5,-9.7
2023-04-02T00:00:00,0.0,7.5,-2.2
2023-04-03T00:00:00,0.0,8.2,-0.9
2023-04-04T00:00:00,0.0,-0.2,-14.4
2023-04-05T00:00:00,0.0,-2.3,-14.7
2023-04-06T00:00:00,2.5,5.4,-9.6
2023-04-07T00:00:00,0.0,7.1,-4.5
2023-04-08T00:00:00,0.0,7.7,-0.7
2023-04-09T00:00:00,0.0,9.7,-2.1
2023-04-10T00:00:00,0.0,13.1,-0.1
2023-04-11T00:00:00,0.0,14.4,4.0
2023-04-12T00:00:00,0.0,14.4,3.4
2023-04-13T00:00:00,0.0,9.7,-0.2
2023-04-14T00:00:00,0.0,4.0,-4.2
2023-04-15T00:00:00,0.0,4.6,-6.7
2023-04-16T00:00:00,0.0,8.6,-4.1
2023-04-17T00:00:00,0.0,10.8,1.0
2023-04-18T00:00:00,0.0,10.4,-0.7
2023-04-19T00:00:00,0.0,7.1,-6.3
2023-04-20T00:00:00,0.0,1.5,-8.8
2023-04-21T00:00:00,0.0,4.2,-10.6
2023-04-22T00:00:00,0.0,4.1,-2.7
2023-04-23T00:00:00,0.0,5.5,-3.8
2023-04-24T00:00:00,2.5,6.0,-1.3
2023-04-25T00:00:00,2.5,6.4,-5.0
2023-04-26T00:00:00,2.5,2.7,-8.5
2023-04-27T00:00:00,0.0,9.1,-2.7
2023-04-28T00:00:00,0.0,6.5,-6.4
2023-04-29T00:00:00,0.0,12.4,-2.6
2023-04-30T00:00:00,0.0,13.1,2.8
2023-05-01T00:00:00,0.0,15.4,5.1
2023-05-02T00:00:00,0.0,12.0,2.4
2023-05-03T00:00:00,0.0,13.9,2.4
2023-05-04T00:00:00,0.0,11.2,1.7
2023-05-05T00:00:00,0.0,10.0,-0.3
2023-05-06T00:00:00,0.0,10.7,-2.2
2023-05-07T00:00:00,0.0,11.5,0.2
2023-05-08T00:00:00,0.0,13.9,2.7
2023-05-09T00:00:00,0.0,14.3,3.0
2023-05-10T00:00:00,0.0,13.8,-2.7
2023-05-11T00:00:00,2.5,7.7,-2.6
2023-05-12T00:00:00,0.0,14.7,1.1
2023-05-13T00:00:00,5.1,9.6,0.8
2023-05-14T00:00:00,2.5,11.7,0.1
2023-05-15T00:00:00,0.0,10.4,1.0
2023-05-16T00:00:00,2.5,15.1,3.2
2023-05-17T00:00:00,0.0,13.4,3.4
2023-05-18T00:00:00,15.2,9.5,2.9
2023-05-19T00:00:00,7.6,5.5,1.7
2023-05-20T00:00:00,0.0,11.0,0.8
2023-05-21T00:00:00,2.5,11.4,1.6
2023-05-22T00:00:00,2.5,11.6,1.8
2023-05-23T00:00:00,2.5,12.8,2.9
2023-05-24T00:00:00,0.0,15.3,3.2
2023-05-25T00:00:00,0.0,16.6,4.4
2023-05-26T00:00:00,0.0,15.4,5.8
2023-05-27T00:00:00,0.0,14.3,4.6
2023-05-28T00:00:00,0.0,15.6,3.9
2023-05-29T00:00:00,0.0,17.7,5.9
2023-05-30T00:00:00,0.0,17.0,6.6
2023-05-31T00:00:00,2.5,11.8,1.3
2023-06-01T00:00:00,2.5,8.2,1.6
2023-06-02T00:00:00,0.0,9.8,1.4
2023-06-03T00:00:00,2.5,13.8,1.7
2023-06-04T00:00:00,0.0,,
2023-06-05T00:00:00,0.0,14.2,4.1
2023-06-06T00:00:00,27.9,16.0,2.0
2023-06-07T00:00:00,0.0,13.9,5.4
2023-06-08T00:00:00,0.0,16.3,4.7
2023-06-09T00:00:00,0.0,14.8,6.0
2023-06-10T00:00:00,0.0,16.4,5.2
2023-06-11T00:00:00,0.0,15.4,7.2
2023-06-12T00:00:00,0.0,13.1,4.7
2023-06-13T00:00:00,0.0,11.5,3.4
2023-06-14T00:00:00,0.0,15.6,3.5
2023-06-15T00:00:00,0.0,15.1,4.9
2023-06-16T00:00:00,0.0,15.5,5.5
2023-06-17T00:00:00,0.0,13.0,5.2
2023-06-18T00:00:00,0.0,17.7,4.7
2023-06-19T00:00:00,0.0,18.9,7.0
2023-06-20T00:00:00,0.0,18.6,8.2
2023-06-21T00:00:00,0.0,20.4,8.2
2023-06-22T00:00:00,0.0,20.1,9.1
2023-06-23T00:00:00,0.0,20.0,8.9
2023-06-24T00:00:00,0.0,20.0,6.8
2023-06-25T00:00:00,0.0,21.4,9.7
2023-06-26T00:00:00,0.0,21.4,9.7
2023-06-27T00:00:00,0.0,20.1,9.7
2023-06-28T00:00:00,0.0,20.6,10.8
2023-06-29T00:00:00,0.0,18.0,7.7
2023-06-30T00:00:00,0.0,18.7,7.9
2023-07-01T00:00:00,0.0,20.6,8.0
2023-07-02T00:00:00,0.0,20.2,8.9
2023-07-03T00:00:00,0.0,23.5,8.8
2023-07-04T00:00:00,0.0,23.0,11.2
2023-07-05T00:00:00,2.5,21.8,12.4
2023-07-06T00:00:00,0.0,22.1,11.5
2023-07-07T00:00:00,0.0,21.0,10.8
2023-07-08T00:00:00,0.0,19.4,11.1
2023-07-09T00:00:00,0.0,23.4,11.7
2023-07-10T00:00:00,0.0,20.5,10.6
2023-07-11T00:00:00,0.0,23.4,12.6
2023-07-12T00:00:00,0.0,23.4,12.0
2023-07-13T00:00:00,0.0,23.7,13.3
2023-07-14T00:00:00,0.0,25.7,13.4
2023-07-15T00:00:00,0.0,23.2,11.0
2023-07-16T00:00:00,0.0,25.6,10.6
2023-07-17T00:00:00,0.0,26.9,13.4
2023-07-18T00:00:00,0.0,27.8,14.9
2023-07-19T00:00:00,0.0,24.6,13.8
2023-07-20T00:00:00,0.0,23.4,13.0
2023-07-21T00:00:00,2.5,23.3,10.4
2023-07-22T00:00:00,0.0,21.5,9.2
2023-07-23T00:00:00,0.0,25.6,9.2
2023-07-24T00:00:00,5.1,26.6,10.2
2023-07-25T00:00:00,0.0,25.3,13.0
2023-07-26T00:00:00,0.0,24.2,12.3
2023-07-27T00:00:00,2.5,24.7,11.5
2023-07-28T00:00:00,0.0,24.8,12.2
2023-07-29T00:00:00,0.0,21.2,11.5
2023-07-30T00:00:00,5.1,22.6,9.9
2023-07-31T00:00:00,2.5,23.3,9.9
2023-08-01T00:00:00,0.0,20.8,10.7
2023-08-02T00:00:00,0.0,23.2,9.5
2023-08-03T00:00:00,0.0,21.8,8.5
2023-08-04T00:00:00,0.0,23.2,11.8
2023-08-05T00:00:00,0.0,23.3,12.3
2023-08-06T00:00:00,0.0,24.5,13.8
2023-08-07T00:00:00,0.0,19.9,9.9
2023-08-08T00:00:00,10.2,19.1,6.2
2023-08-09T00:00:00,0.0,19.7,7.0
2023-08-10T00:00:00,0.0,20.4,8.7
2023-08-11T00:00:00,0.0,22.4,9.2
2023-08-12T00:00:00,12.7,16.8,8.2
2023-08-13T00:00:00,5.1,18.0,7.5
2023-08-14T00:00:00,2.5,14.6,8.6
2023-08-15T00:00:00,0.0,17.8,7.7
2023-08-16T00:00:00,0.0,20.9,8.6
2023-08-17T00:00:00,0.0,21.4,9.6
2023-08-18T00:00:00,0.0,22.4,11.5
2023-08-19T00:00:00,0.0,21.8,10.5
2023-08-20T00:00:00,0.0,20.6,9.1
2023-08-21T00:00:00,2.5,20.3,7.1
2023-08-22T00:00:00,2.5,18.9,7.8
2023-08-23T00:00:00,0.0,16.7,9.1
2023-08-24T00:00:00,2.5,17.9,7.4
2023-08-25T00:00:00,17.8,16.2,7.9
2023-08-26T00:00:00,0.0,16.7,7.9
2023-08-27T00:00:00,0.0,18.7,8.2
2023-08-28T00:00:00,0.0,19.5,8.6
2023-08-29T00:00:00,0.0,20.3,6.8
2023-08-30T00:00:00,0.0,21.6,7.1
2023-08-31T00:00:00,0.0,23.1,11.6
2023-09-01T00:00:00,0.0,21.7,11.6
2023-09-02T00:00:00,0.0,21.2,8.1
2023-09-03T00:00:00,0.0,21.3,9.1
2023-09-04T00:00:00,0.0,18.2,7.8
2023-09-05T00:00:00,0.0,19.8,7.6
2023-09-06T00:00:00,0.0,20.6,10.4
2023-09-07T00:00:00,0.0,21.8,10.7
2023-09-08T00:00:00,0.0,22.8,10.1
2023-09-09T00:00:00,0.0,21.8,9.5
2023-09-10T00:00:00,0.0,18.0,8.7
2023-09-11T00:00:00,27.9,14.3,4.6
2023-09-12T00:00:00,15.2,10.4,4.6
2023-09-13T00:00:00,2.5,10.5,3.9
2023-09-14T00:00:00,0.0,11.8,2.8
2023-09-15T00:00:00,0.0,11.6,2.0
2023-09-16T00:00:00,0.0,13.4,1.2
2023-09-17T00:00:00,0.0,14.6,3.5
2023-09-18T00:00:00,0.0,14.7,3.9
2023-09-19T00:00:00,0.0,14.9,3.0
2023-09-20T00:00:00,0.0,14.9,5.0
2023-09-21T00:00:00,0.0,14.4,5.1
2023-09-22T00:00:00,0.0,15.9,4.4
2023-09-23T00:00:00,5.1,10.6,3.7
2023-09-24T00:00:00,2.5,13.3,2.5
2023-09-25T00:00:00,0.0,15.4,4.5
2023-09-26T00:00:00,0.0,16.6,6.2
2023-09-27T00:00:00,0.0,17.0,7.4
2023-09-28T00:00:00,0.0,16.2,7.6
2023-09-29T00:00:00,0.0,17.0,6.0
2023-09-30T00:00:00,2.5,15.0,4.6
2023-10-01T00:00:00,0.0,13.9,5.1
2023-10-02T00:00:00,2.5,12.9,3.0
2023-10-03T00:00:00,0.0,8.5,0.5
2023-10-04T00:00:00,0.0,10.2,1.5
2023-10-05T00:00:00,0.0,13.9,1.3
2023-10-06T00:00:00,0.0,15.1,3.6
2023-10-07T00:00:00,0.0,13.0,3.3
2023-10-08T00:00:00,0.0,13.8,4.0
2023-10-09T00:00:00,0.0,13.4,4.1
2023-10-10T00:00:00,0.0,12.3,3.7
2023-10-11T00:00:00,0.0,11.7,2.7
2023-10-12T00:00:00,0.0,4.2,-3.9
2023-10-13T00:00:00,0.0,8.1,-4.1
2023-10-14T00:00:00,0.0,9.7,1.5
2023-10-15T00:00:00,0.0,12.8,1.1
2023-10-16T00:00:00,0.0,14.1,2.7
2023-10-17T00:00:00,0.0,14.8,5.8
2023-10-18T00:00:00,0.0,17.0,4.8
2023-10-19T00:00:00,0.0,16.1,4.2
2023-10-20T00:00:00,0.0,16.4,6.8
2023-10-21T00:00:00,0.0,16.1,5.7
2023-10-22T00:00:00,0.0,13.9,6.0
2023-10-23T00:00:00,0.0,13.3,3.7
2023-10-24T00:00:00,0.0,7.9,2.0
2023-10-25T00:00:00,0.0,8.8,1.2
2023-10-26T00:00:00,0.0,9.1,-0.6
2023-10-27T00:00:00,0.0,9.2,0.3
2023-10-28T00:00:00,0.0,7.0,1.3
2023-10-29T00:00:00,0.0,1.8,-8.2
2023-10-30T00:00:00,0.0,-1.0,-10.8
2023-10-31T00:00:00,0.0,2.7,-6.6
2023-11-01T00:00:00,0.0,6.5,-4.4
2023-11-02T00:00:00,0.0,8.7,-1.1
2023-11-03T00:00:00,0.0,11.1,1.4
2023-11-04T00:00:00,0.0,12.0,1.8
2023-11-05T00:00:00,0.0,11.0,2.2
2023-11-06T00:00:00,0.0,10.9,2.6
2023-11-07T00:00:00,0.0,10.1,1.5
2023-11-08T00:00:00,0.0,6.1,-3.8
2023-11-09T00:00:00,0.0,1.2,-6.0
2023-11-10T00:00:00,0.0,0.6,-7.8
2023-11-11T00:00:00,0.0,2.6,-7.2
2023-11-12T00:00:00,0.0,8.9,-1.0
2023-11-13T00:00:00,0.0,6.5,-2.0
2023-11-14T00:00:00,0.0,8.4,-3.0
2023-11-15T00:00:00,0.0,10.2,2.1
2023-11-16T00:00:00,0.0,6.1,0.6
2023-11-17T00:00:00,0.0,7.4,-0.3
2023-11-18T00:00:00,7.6,6.2,-4.2
2023-11-19T00:00:00,5.1,-2.6,-5.0
2023-11-20T00:00:00,0.0,-1.6,-8.5
2023-11-21T00:00:00,0.0,-0.1,-9.2
2023-11-22T00:00:00,2.5,6.4,-4.8
2023-11-23T00:00:00,0.0,5.1,-5.5
2023-11-24T00:00:00,0.0,-2.2,-5.7
2023-11-25T00:00:00,5.1,-5.6,-12.6
2023-11-26T00:00:00,0.0,-4.8,-12.6
2023-11-27T00:00:00,0.0,-1.4,-10.6
2023-11-28T00:00:00,5.1,4.4,-8.8
2023-11-29T00:00:00,0.0,1.6,-6.2
2023-11-30T00:00:00,2.5,-3.5,-8.8
2023-12-01T00:00:00,2.5,-7.1,-10.3
2023-12-02T00:00:00,2.5,-10.3,-12.7
2023-12-03T00:00:00,2.5,-5.2,-11.1
2023-12-04T00:00:00,0.0,2.5,-6.6
2023-12-05T00:00:00,0.0,6.2,-4.6
2023-12-06T00:00:00,0.0,7.2,-1.0
2023-12-07T00:00:00,0.0,3.2,-3.8
2023-12-08T00:00:00,0.0,-3.7,-15.3
2023-12-09T00:00:00,0.0,-9.0,-16.8
2023-12-10T00:00:00,0.0,0.6,-13.9
2023-12-11T00:00:00,0.0,3.7,-3.6
2023-12-12T00:00:00,0.0,4.7,-3.0
2023-12-13T00:00:00,10.2,-0.4,-4.2
2023-12-14T00:00:00,30.5,-3.4,-6.4
2023-12-15T00:00:00,0.0,-1.0,-9.5
2023-12-16T00:00:00,0.0,2.8,-8.9
2023-12-17T00:00:00,0.0,5.1,-1.8
2023-12-18T00:00:00,2.5,5.2,-3.0
2023-12-19T00:00:00,0.0,3.7,-1.5
2023-12-20T00:00:00,2.5,1.6,-3.2
2023-12-21T00:00:00,0.0,-0.2,-5.4
2023-12-22T00:00:00,2.5,3.7,-4.3
2023-12-23T00:00:00,17.8,0.1,-6.4
2023-12-24T00:00:00,0.0,-6.4,-14.3
2023-12-25T00:00:00,0.0,-10.8,-16.6
2023-12-26T00:00:00,0.0,-6.7,-16.2
2023-12-27T00:00:00,0.0,-1.5,-11.4
2023-12-28T00:00:00,0.0,-1.3,-10.5
2023-12-29T00:00:00,0.0,0.6,-7.9
2023-12-30T00:00:00,2.5,2.6,-6.3
2023-12-31T00:00:00,0.0,0.5,-7.9
2024-01-01T00:00:00,0.0,-0.4,-8.3
2024-01-02T00:00:00,0.0,-0.9,-9.9
2024-01-03T00:00:00,0.0,-1.0,-8.7
2024-01-04T00:00:00,20.3,-5.9,-9.7
2024-01-05T00:00:00,0.0,-8.1,-12.4
2024-01-06T00:00:00,2.5,-9.9,-16.0
2024-01-07T00:00:00,7.6,-10.1,-12.5
2024-01-08T00:00:00,20.3,-10.7,-19.3
2024-01-09T00:00:00,0.0,-7.6,-19.2
2024-01-10T00:00:00,0.0,-9.3,-12.7
2024-01-11T00:00:00,5.1,-10.8,-19.6
2024-01-12T00:00:00,2.5,-12.5,-20.6
2024-01-13T00:00:00,2.5,-5.8,-12.6
2024-01-14T00:00:00,7.6,-5.8,-8.0
2024-01-15T00:00:00,0.0,-5.8,-10.7
2024-01-16T00:00:00,0.0,-3.5,-11.8
2024-01-17T00:00:00,0.0,-0.6,-9.0
2024-01-18T00:00:00,0.0,0.1,-6.1
2024-01-19T00:00:00,0.0,3.0,-6.4
2024-01-20T00:00:00,0.0,2.5,-3.1
2024-01-21T00:00:00,2.5,-2.8,-5.8
2024-01-22T00:00:00,0.0,-2.0,-6.9
2024-01-23T00:00:00,2.5,-2.0,-7.8
2024-01-24T00:00:00,2.5,-2.0,-7.4
2024-01-25T00:00:00,2.5,-3.8,-8.3
2024-01-26T00:00:00,2.5,-3.0,-9.5
2024-01-27T00:00:00,0.0,-0.9,-9.0
2024-01-28T00:00:00,0.0,7.1,-4.1
2024-01-29T00:00:00,0.0,6.6,-2.5
2024-01-30T00:00:00,0.0,5.0,-3.5
2024-01-31T00:00:00,0.0,3.8,-3.6
2024-02-01T00:00:00,0.0,2.2,-4.0
2024-02-02T00:00:00,22.9,-0.7,-8.6
2024-02-03T00:00:00,33.0,-8.3,-10.5
2024-02-04T00:00:00,0.0,-4.7,-14.5
2024-02-05T00:00:00,5.1,4.5,-8.6
2024-02-06T00:00:00,5.1,6.6,-2.6
2024-02-07T00:00:00,5.1,-0.9,-10.3
2024-02-08T00:00:00,2.5,-6.7,-11.1
2024-02-09T00:00:00,2.5,-5.9,-14.7
2024-02-10T00:00:00,7.6,-6.6,-12.9
2024-02-11T00:00:00,0.0,-4.7,-14.5
2024-02-12T00:00:00,0.0,-0.1,-12.8
2024-02-13T00:00:00,0.0,1.6,-8.6
2024-02-14T00:00:00,0.0,-1.0,-8.2
2024-02-15T00:00:00,0.0,2.2,-8.1
2024-02-16T00:00:00,0.0,0.6,-9.0
2024-02-17T00:00:00,0.0,-3.4,-10.4
2024-02-18T00:00:00,0.0,0.3,-11.2
2024-02-19T00:00:00,0.0,4.4,-7.6
2024-02-20T00:00:00,0.0,5.2,-4.0
2024-02-21T00:00:00,0.0,3.3,-5.0
2024-02-22T00:00:00,0.0,0.7,-8.4
2024-02-23T00:00:00,0.0,2.4,-10.7
2024-02-24T00:00:00,0.0,4.7,-4.0
2024-02-25T00:00:00,0.0,4.9,-4.2
2024-02-26T00:00:00,12.7,0.8,-2.6
2024-02-27T00:00:00,2.5,-2.1,-10.7
2024-02-28T00:00:00,0.0,4.0,-11.8
2024-02-29T00:00:00,0.0,2.4,-8.6
2024-03-01T00:00:00,0.0,3.2,-5.8
2024-03-02T00:00:00,0.0,4.1,-6.4
2024-03-03T00:00:00,0.0,4.5,-5.9
2024-03-04T00:00:00,0.0,3.3,-7.2
2024-03-05T00:00:00,0.0,4.0,-6.7
2024-03-06T00:00:00,0.0,2.0,-6.1
2024-03-07T00:00:00,0.0,0.4,-8.1
2024-03-08T00:00:00,7.6,-3.4,-10.2
2024-03-09T00:00:00,0.0,-2.3,-10.0
2024-03-10T00:00:00,2.5,4.5,-9.6
2024-03-11T00:00:00,2.5,4.5,-5.3
2024-03-12T00:00:00,0.0,5.4,-5.0
2024-03-13T00:00:00,7.6,-1.0,-9.0
2024-03-14T00:00:00,2.5,1.7,-9.4
2024-03-15T00:00:00,2.5,-0.4,-7.0
2024-03-16T00:00:00,5.1,2.0,-6.3
2024-03-17T00:00:00,0.0,-1.2,-7.8
2024-03-18T00:00:00,0.0,0.5,-9.1
2024-03-19T00:00:00,10.2,3.9,-7.2
2024-03-20T00:00:00,0.0,3.8,-6.6
2024-03-21T00:00:00,0.0,5.7,-6.0
2024-03-22T00:00:00,0.0,7.6,-3.9
2024-03-23T00:00:00,0.0,4.0,-1.8
2024-03-24T00:00:00,15.2,-1.8,-8.9
2024-03-25T00:00:00,22.9,-6.7,-9.2
2024-03-26T00:00:00,5.1,-4.0,-9.9
2024-03-27T00:00:00,5.1,-2.6,-11.6
2024-03-28T00:00:00,0.0,5.1,-8.9
2024-03-29T00:00:00,0.0,5.8,-2.6
2024-03-30T00:00:00,0.0,7.7,-1.1
2024-03-31T00:00:00,5.1,7.1,-7.0
2024-04-01T00:00:00,12.7,-1.8,-7.4
2024-04-02T00:00:00,0.0,2.7,-8.3
2024-04-03T00:00:00,0.0,10.2,-5.6
2024-04-04T00:00:00,2.5,10.1,-0.9
2024-04-05T00:00:00,0.0,9.1,-0.3
2024-04-06T00:00:00,10.2,-0.3,-11.4
2024-04-07T00:00:00,2.5,1.3,-12.5
2024-04-08T00:00:00,0.0,4.1,-6.2
2024-04-09T00:00:00,2.5,6.1,-6.1
2024-04-10T00:00:00,0.0,7.9,-6.5
2024-04-11T00:00:00,0.0,8.2,-2.9
2024-04-12T00:00:00,0.0,12.4,1.1
2024-04-13T00:00:00,0.0,11.0,0.6
2024-04-14T00:00:00,0.0,13.4,0.6
2024-04-15T00:00:00,0.0,4.8,-6.4
2024-04-16T00:00:00,0.0,8.2,-6.1
2024-04-17T00:00:00,0.0,10.8,-1.6
2024-04-18T00:00:00,0.0,11.7,2.0
2024-04-19T00:00:00,0.0,11.7,0.6
2024-04-20T00:00:00,0.0,9.1,0.2
2024-04-21T00:00:00,0.0,9.8,0.6
2024-04-22T00:00:00,0.0,12.2,2.1
2024-04-23T00:00:00,0.0,15.0,3.4
2024-04-24T00:00:00,0.0,12.8,2.7
2024-04-25T00:00:00,0.0,8.9,-2.6
2024-04-26T00:00:00,0.0,6.7,-3.4
2024-04-27T00:00:00,10.2,0.3,-5.2
2024-04-28T00:00:00,0.0,5.0,-4.1
2024-04-29T00:00:00,0.0,9.5,-3.2
2024-04-30T00:00:00,0.0,12.6,1.3
2024-05-01T00:00:00,0.0,12.0,2.4
2024-05-02T00:00:00,0.0,11.2,0.1
2024-05-03T00:00:00,0.0,11.5,2.3
2024-05-04T00:00:00,2.5,9.6,0.0
2024-05-05T00:00:00,0.0,11.7,1.4
2024-05-06T00:00:00,0.0,5.1,-5.0
2024-05-07T00:00:00,0.0,9.5,-3.5
2024-05-08T00:00:00,0.0,6.6,-2.1
2024-05-09T00:00:00,2.5,5.6,-1.2
2024-05-10T00:00:00,2.5,7.8,-1.8
2024-05-11T00:00:00,5.1,9.0,-2.0
2024-05-12T00:00:00,5.1,2.5,-3.1
2024-05-13T00:00:00,0.0,12.4,-1.2
2024-05-14T00:00:00,0.0,14.3,2.7
2024-05-15T00:00:00,2.5,11.4,0.2
2024-05-16T00:00:00,2.5,8.1,0.1
2024-05-17T00:00:00,0.0,15.2,1.2
2024-05-18T00:00:00,0.0,17.6,4.6
2024-05-19T00:00:00,0.0,14.7,4.5
2024-05-20T00:00:00,0.0,15.1,-0.1
2024-05-21T00:00:00,0.0,11.9,-0.9
2024-05-22T00:00:00,0.0,11.9,0.5
2024-05-23T00:00:00,0.0,13.9,2.2
2024-05-24T00:00:00,0.0,14.4,2.7
2024-05-25T00:00:00,0.0,13.0,4.4
2024-05-26T00:00:00,0.0,13.4,1.0
2024-05-27T00:00:00,0.0,17.1,4.4
2024-05-28T00:00:00,2.5,16.7,7.4
2024-05-29T00:00:00,0.0,17.3,5.8
2024-05-30T00:00:00,0.0,19.2,6.9
2024-05-31T00:00:00,0.0,17.0,6.4
2024-06-01T00:00:00,0.0,19.0,6.8
2024-06-02T00:00:00,0.0,18.2,7.9
2024-06-03T00:00:00,0.0,18.8,6.8
2024-06-04T00:00:00,0.0,18.5,7.5
2024-06-05T00:00:00,0.0,24.0,9.0
2024-06-06T00:00:00,0.0,25.3,11.9
2024-06-07T00:00:00,0.0,23.2,11.0
2024-06-08T00:00:00,0.0,22.7,10.8
2024-06-09T00:00:00,5.1,19.6,5.1
2024-06-10T00:00:00,5.1,9.6,4.8
2024-06-11T00:00:00,0.0,18.5,5.5
2024-06-12T00:00:00,0.0,22.6,10.6
2024-06-13T00:00:00,0.0,24.7,12.7
2024-06-14T00:00:00,7.6,15.0,5.6
2024-06-15T00:00:00,0.0,19.5,6.1
2024-06-16T00:00:00,0.0,22.1,11.5
2024-06-17T00:00:00,0.0,19.8,9.0
2024-06-18T00:00:00,0.0,19.1,7.8
2024-06-19T00:00:00,0.0,18.7,7.9
2024-06-20T00:00:00,2.5,19.8,7.4
2024-06-21T00:00:00,7.6,17.8,8.0
2024-06-22T00:00:00,0.0,16.7,8.1
2024-06-23T00:00:00,2.5,16.1,8.6
2024-06-24T00:00:00,0.0,22.2,10.4
2024-06-25T00:00:00,0.0,25.4,10.1
2024-06-26T00:00:00,5.1,21.4,7.7
2024-06-27T00:00:00,10.2,19.5,7.2
2024-06-28T00:00:00,0.0,19.0,7.2
2024-06-29T00:00:00,20.3,19.5,7.9
2024-06-30T00:00:00,5.1,19.0,8.2
2024-07-01T00:00:00,2.5,16.7,9.5
2024-07-02T00:00:00,0.0,18.6,8.8
2024-07-03T00:00:00,5.1,19.6,7.5
2024-07-04T00:00:00,0.0,21.8,11.0
2024-07-05T00:00:00,0.0,19.9,8.0
2024-07-06T00:00:00,0.0,19.0,8.1
2024-07-07T00:00:00,0.0,21.8,9.7
2024-07-08T00:00:00,0.0,15.2,8.2
2024-07-09T00:00:00,2.5,18.8,6.5
2024-07-10T00:00:00,0.0,22.1,7.8
2024-07-11T00:00:00,0.0,21.7,8.9
2024-07-12T00:00:00,0.0,21.1,10.9
2024-07-13T00:00:00,0.0,23.6,10.4
2024-07-14T00:00:00,0.0,22.4,11.8
2024-07-15T00:00:00,2.5,23.8,11.0
2024-07-16T00:00:00,0.0,22.2,9.5
2024-07-17T00:00:00,2.5,19.6,9.0
2024-07-18T00:00:00,0.0,21.0,7.5
2024-07-19T00:00:00,0.0,23.4,8.8
2024-07-20T00:00:00,2.5,20.6,8.0
2024-07-21T00:00:00,0.0,17.8,5.9
2024-07-22T00:00:00,2.5,17.7,4.9
2024-07-23T00:00:00,0.0,18.5,6.5
2024-07-24T00:00:00,0.0,21.5,9.0
2024-07-25T00:00:00,0.0,22.8,9.7
2024-07-26T00:00:00,27.9,21.8,5.0
2024-07-27T00:00:00,2.5,21.3,7.2
2024-07-28T00:00:00,0.0,21.4,10.6
2024-07-29T00:00:00,0.0,22.1,11.5
2024-07-30T00:00:00,0.0,22.1,12.4
2024-07-31T00:00:00,0.0,23.2,13.0
2024-08-01T00:00:00,12.7,19.8,8.1
2024-08-02T00:00:00,2.5,19.7,10.1
2024-08-03T00:00:00,0.0,20.4,10.4
2024-08-04T00:00:00,0.0,22.4,10.8
2024-08-05T00:00:00,0.0,21.9,11.0
2024-08-06T00:00:00,0.0,21.9,10.7
2024-08-07T00:00:00,0.0,23.5,10.5
2024-08-08T00:00:00,15.2,17.5,6.9
2024-08-09T00:00:00,12.7,17.0,7.6
2024-08-10T00:00:00,12.7,16.2,7.9
2024-08-11T00:00:00,0.0,18.7,8.7
2024-08-12T00:00:00,2.5,20.5,7.5
2024-08-13T00:00:00,27.9,16.8,7.7
2024-08-14T00:00:00,0.0,17.8,6.8
2024-08-15T00:00:00,0.0,20.0,8.7
2024-08-16T00:00:00,0.0,21.8,12.9
2024-08-17T00:00:00,0.0,23.5,11.6
2024-08-18T00:00:00,0.0,21.8,11.9
2024-08-19T00:00:00,0.0,22.9,11.1
2024-08-20T00:00:00,0.0,23.1,11.4
2024-08-21T00:00:00,0.0,23.7,9.9
2024-08-22T00:00:00,0.0,20.2,8.9
2024-08-23T00:00:00,0.0,19.9,8.2
2024-08-24T00:00:00,7.6,20.2,7.0
2024-08-25T00:00:00,15.2,15.2,7.5
2024-08-26T00:00:00,10.2,14.1,7.1
2024-08-27T00:00:00,2.5,17.1,6.4
2024-08-28T00:00:00,12.7,15.1,6.1
2024-08-29T00:00:00,0.0,16.4,5.7
2024-08-30T00:00:00,0.0,16.6,7.2
2024-08-31T00:00:00,0.0,16.0,6.1
2024-09-01T00:00:00,0.0,16.3,5.8
2024-09-02T00:00:00,0.0,18.3,3.4
2024-09-03T00:00:00,0.0,20.8,6.7
2024-09-04T00:00:00,0.0,20.4,8.9
2024-09-05T00:00:00,5.1,15.9,3.9
2024-09-06T00:00:00,0.0,17.6,3.9
2024-09-07T00:00:00,2.5,18.3,5.4
2024-09-08T00:00:00,0.0,17.4,6.1
2024-09-09T00:00:00,2.5,17.8,7.4
2024-09-10T00:00:00,0.0,17.9,7.8
2024-09-11T00:00:00,0.0,16.1,8.0
2024-09-12T00:00:00,0.0,17.2,7.7
2024-09-13T00:00:00,0.0,17.5,8.0
2024-09-14T00:00:00,0.0,19.4,8.0
2024-09-15T00:00:00,2.5,16.6,7.9
2024-09-16T00:00:00,5.1,12.1,5.8
2024-09-17T00:00:00,10.2,14.8,3.9
2024-09-18T00:00:00,0.0,13.3,2.1
2024-09-19T00:00:00,0.0,17.4,5.6
2024-09-20T00:00:00,0.0,15.8,7.8
2024-09-21T00:00:00,2.5,15.1,1.8
2024-09-22T00:00:00,0.0,9.7,0.6
2024-09-23T00:00:00,0.0,12.7,2.4
2024-09-24T00:00:00,0.0,,
2024-09-25T00:00:00,0.0,17.9,6.8
2024-09-26T00:00:00,0.0,19.3,9.1
2024-09-27T00:00:00,10.2,18.3,5.5
2024-09-28T00:00:00,0.0,16.3,7.4
2024-09-29T00:00:00,0.0,18.1,6.6
2024-09-30T00:00:00,0.0,19.6,9.4
2024-10-01T00:00:00,0.0,17.0,8.9
2024-10-02T00:00:00,0.0,16.9,7.8
2024-10-03T00:00:00,0.0,18.4,7.3
2024-10-04T00:00:00,0.0,17.4,7.4
2024-10-05T00:00:00,0.0,17.1,7.9
2024-10-06T00:00:00,0.0,16.7,7.1
2024-10-07T00:00:00,0.0,16.2,6.2
2024-10-08T00:00:00,0.0,15.5,6.7
2024-10-09T00:00:00,0.0,15.8,5.4
2024-10-10T00:00:00,0.0,15.2,5.8
2024-10-11T00:00:00,0.0,16.5,6.4
2024-10-12T00:00:00,0.0,16.1,7.0
2024-10-13T00:00:00,0.0,14.9,6.8
2024-10-14T00:00:00,0.0,14.2,6.1
2024-10-15T00:00:00,2.5,12.1,2.7
2024-10-16T00:00:00,0.0,11.7,3.0
2024-10-17T00:00:00,5.1,8.2,0.5
2024-10-18T00:00:00,10.2,6.8,0.0
2024-10-19T00:00:00,50.8,3.7,-0.6
2024-10-20T00:00:00,22.9,5.2,-2.0
2024-10-21T00:00:00,0.0,5.3,-4.4
2024-10-22T00:00:00,0.0,11.5,1.9
2024-10-23T00:00:00,0.0,13.0,3.4
2024-10-24T00:00:00,0.0,11.0,3.5
2024-10-25T00:00:00,0.0,10.6,3.4
2024-10-26T00:00:00,0.0,12.4,4.9
2024-10-27T00:00:00,0.0,12.8,6.4
2024-10-28T00:00:00,0.0,12.0,5.6
2024-10-29T00:00:00,0.0,7.2,-2.2
2024-10-30T00:00:00,0.0,-0.7,-8.9
2024-10-31T00:00:00,0.0,4.4,-9.2
2024-11-01T00:00:00,0.0,6.9,-2.1
2024-11-02T00:00:00,0.0,8.3,-0.7
2024-11-03T00:00:00,0.0,-0.7,-5.5
2024-11-04T00:00:00,22.9,-3.1,-7.1
2024-11-05T00:00:00,2.5,-1.2,-9.8
2024-11-06T00:00:00,22.9,-4.1,-7.8
2024-11-07T00:00:00,5.1,-5.0,-10.0
2024-11-08T00:00:00,5.1,-7.0,-11.6
2024-11-09T00:00:00,2.5,-1.7,-8.9
2024-11-10T00:00:00,0.0,6.7,-4.5
2024-11-11T00:00:00,0.0,5.4,-0.4
2024-11-12T00:00:00,0.0,2.6,-8.2
2024-11-13T00:00:00,0.0,4.2,-9.0
2024-11-14T00:00:00,0.0,8.2,0.0
2024-11-15T00:00:00,0.0,8.4,0.7
2024-11-16T00:00:00,0.0,1.3,-8.5
2024-11-17T00:00:00,0.0,1.9,-5.1
2024-11-18T00:00:00,0.0,-2.2,-7.2
2024-11-19T00:00:00,0.0,-5.2,-10.4
2024-11-20T00:00:00,0.0,1.0,-6.9
2024-11-21T00:00:00,0.0,7.0,-1.2
2024-11-22T00:00:00,0.0,8.4,1.1
2024-11-23T00:00:00,0.0,7.8,1.6
2024-11-24T00:00:00,0.0,5.2,-2.3
2024-11-25T00:00:00,0.0,1.2,-5.5
2024-11-26T00:00:00,2.5,1.8,-1.4
2024-11-27T00:00:00,0.0,-0.3,-7.6
2024-11-28T00:00:00,0.0,-2.9,-9.8
2024-11-29T00:00:00,2.5,-0.2,-9.2
2024-11-30T00:00:00,0.0,2.9,-6.3
2024-12-01T00:00:00,2.5,5.5,-2.7
2024-12-02T00:00:00,0.0,4.8,-2.9
2024-12-03T00:00:00,0.0,4.6,-2.2
2024-12-04T00:00:00,0.0,4.0,-3.8
2024-12-05T00:00:00,0.0,1.7,-4.6
2024-12-06T00:00:00,2.5,2.5,-4.5
2024-12-07T00:00:00,0.0,2.2,-4.9
2024-12-08T00:00:00,0.0,2.3,-5.5
2024-12-09T00:00:00,0.0,-1.2,-15.6
2024-12-10T00:00:00,0.0,-9.3,-16.4
2024-12-11T00:00:00,0.0,-1.4,-11.2
2024-12-12T00:00:00,0.0,5.0,-3.0
2024-12-13T00:00:00,0.0,-2.3,-9.5
2024-12-14T00:00:00,0.0,3.4,-9.1
2024-12-15T00:00:00,0.0,2.1,-5.3
2024-12-16T00:00:00,0.0,4.5,-4.2
2024-12-17T00:00:00,0.0,3.6,-3.2
2024-12-18T00:00:00,0.0,6.1,-6.5
2024-12-19T00:00:00,0.0,6.3,-1.9
2024-12-20T00:00:00,0.0,5.0,-1.1
2024-12-21T00:00:00,0.0,6.6,-0.5
2024-12-22T00:00:00,0.0,6.4,-0.4
2024-12-23T00:00:00,0.0,2.7,-4.3
2024-12-24T00:00:00,0.0,1.3,-5.2
2024-12-25T00:00:00,0.0,0.7,-8.9
2024-12-26T00:00:00,0.0,-2.7,-8.8
2024-12-27T00:00:00,2.5,-4.8,-8.1
2024-12-28T00:00:00,0.0,-2.1,-8.8
2024-12-29T00:00:00,0.0,2.8,-3.2
2024-12-30T00:00:00,0.0,-1.6,-7.7
2024-12-31T00:00:00,0.0,-2.6,-10.2
2025-01-01T00:00:00,0.0,-3.4,-11.5
2025-01-02T00:00:00,0.0,1.8,-8.2
2025-01-03T00:00:00,0.0,4.8,-2.5
2025-01-04T00:00:00,0.0,2.6,-10.8
2025-01-05T00:00:00,0.0,-3.8,-12.0
2025-01-06T00:00:00,0.0,-3.9,-10.9
2025-01-07T00:00:00,0.0,-6.5,-13.7
2025-01-08T00:00:00,0.0,-4.2,-15.0
2025-01-09T00:00:00,0.0,-8.1,-17.0
2025-01-10T00:00:00,0.0,-4.2,-17.7
2025-01-11T00:00:00,0.0,-4.0,-13.6
2025-01-12T00:00:00,12.7,-10.0,-16.1
2025-01-13T00:00:00,7.6,-9.6,-16.1
2025-01-14T00:00:00,0.0,-9.5,-16.3
2025-01-15T00:00:00,2.5,-0.5,-14.9
2025-01-16T00:00:00,0.0,1.9,-5.2
2025-01-17T00:00:00,0.0,-3.1,-9.7
2025-01-18T00:00:00,0.0,-8.8,-19.4
2025-01-19T00:00:00,0.0,-10.3,-19.7
2025-01-20T00:00:00,0.0,-14.5,-23.5
2025-01-21T00:00:00,0.0,-4.9,-23.6
2025-01-22T00:00:00,0.0,-7.6,-17.7
2025-01-23T00:00:00,0.0,-10.8,-19.2
2025-01-24T00:00:00,2.5,-1.4,-11.3
2025-01-25T00:00:00,0.0,-0.8,-3.8
2025-01-26T00:00:00,0.0,-1.6,-7.4
2025-01-27T00:00:00,0.0,1.2,-6.6
2025-01-28T00:00:00,0.0,0.5,-7.3
2025-01-29T00:00:00,12.7,-4.5,-12.2
2025-01-30T00:00:00,10.2,-6.6,-12.0
2025-01-31T00:00:00,0.0,2.0,-10.9
2025-02-01T00:00:00,2.5,2.7,-4.7
2025-02-02T00:00:00,0.0,7.6,-1.7
2025-02-03T00:00:00,0.0,9.9,0.7
2025-02-04T00:00:00,0.0,8.2,1.4
2025-02-05T00:00:00,0.0,5.8,-2.0
2025-02-06T00:00:00,0.0,6.9,-2.9
2025-02-07T00:00:00,0.0,6.6,-0.2
2025-02-08T00:00:00,0.0,4.4,-4.2
2025-02-09T00:00:00,0.0,2.5,-3.4
2025-02-10T00:00:00,0.0,3.5,-2.9
2025-02-11T00:00:00,0.0,-2.4,-8.9
2025-02-12T00:00:00,0.0,-6.4,-13.6
2025-02-13T00:00:00,0.0,-0.9,-14.2
2025-02-14T00:00:00,7.6,-1.8,-7.6
2025-02-15T00:00:00,2.5,-6.5,-12.3
2025-02-16T00:00:00,0.0,1.8,-12.9
2025-02-17T00:00:00,2.5,2.8,-4.4
2025-02-18T00:00:00,0.0,-2.3,-9.5
2025-02-19T00:00:00,0.0,1.2,-9.9
2025-02-20T00:00:00,0.0,3.4,-6.7
2025-02-21T00:00:00,0.0,-0.9,-8.4
2025-02-22T00:00:00,0.0,1.7,-8.9
2025-02-23T00:00:00,0.0,4.4,-7.1
2025-02-24T00:00:00,0.0,7.8,-1.7
2025-02-25T00:00:00,0.0,7.4,-1.6
2025-02-26T00:00:00,0.0,3.6,-8.3
2025-02-27T00:00:00,0.0,2.8,-9.4
2025-02-28T00:00:00,0.0,7.5,-5.5
2025-03-01T00:00:00,0.0,9.0,-3.0
2025-03-02T00:00:00,0.0,5.8,-4.0
2025-03-03T00:00:00,0.0,1.5,-11.0
2025-03-04T00:00:00,5.1,-4.4,-10.6
2025-03-05T00:00:00,0.0,4.6,-9.4
2025-03-06T00:00:00,0.0,2.1,-7.5
2025-03-07T00:00:00,15.2,-0.7,-9.5
2025-03-08T00:00:00,5.1,-5.0,-12.5
2025-03-09T00:00:00,0.0,3.5,-10.2
2025-03-10T00:00:00,2.5,7.9,-2.2
2025-03-11T00:00:00,0.0,5.5,-3.3
2025-03-12T00:00:00,0.0,2.0,-5.4
2025-03-13T00:00:00,2.5,4.1,-6.3
2025-03-14T00:00:00,0.0,-4.9,-12.8
2025-03-15T00:00:00,5.1,-6.5,-12.4
2025-03-16T00:00:00,0.0,1.8,-12.5
2025-03-17T00:00:00,0.0,8.5,-2.2
2025-03-18T00:00:00,0.0,2.4,-12.8
2025-03-19T00:00:00,0.0,-5.0,-15.1
2025-03-20T00:00:00,2.5,2.4,-12.6
2025-03-21T00:00:00,0.0,3.5,-7.6
2025-03-22T00:00:00,2.5,5.9,-3.9
2025-03-23T00:00:00,0.0,4.8,-2.5
2025-03-24T00:00:00,0.0,9.9,-2.1
2025-03-25T00:00:00,0.0,12.5,1.7
2025-03-26T00:00:00,0.0,12.2,2.1
2025-03-27T00:00:00,0.0,11.3,2.8
2025-03-28T00:00:00,0.0,10.3,-2.4
2025-03-29T00:00:00,0.0,5.1,-4.2
2025-03-30T00:00:00,0.0,3.7,-5.4
2025-03-31T00:00:00,0.0,5.9,-4.6
2025-04-01T00:00:00,7.6,2.6,-10.3
2025-04-02T00:00:00,0.0,-1.1,-13.4
2025-04-03T00:00:00,0.0,-0.9,-9.1
2025-04-04T00:00:00,10.2,-1.2,-8.5
2025-04-05T00:00:00,5.1,-5.1,-10.5
2025-04-06T00:00:00,0.0,0.8,-11.8
2025-04-07T00:00:00,0.0,6.6,-6.8
2025-04-08T00:00:00,0.0,9.0,-1.6
2025-04-09T00:00:00,0.0,12.2,1.2
2025-04-10T00:00:00,0.0,14.0,2.7
2025-04-11T00:00:00,0.0,14.0,3.6
2025-04-12T00:00:00,0.0,15.6,4.7
2025-04-13T00:00:00,0.0,12.2,4.2
2025-04-14T00:00:00,0.0,10.4,2.3
2025-04-15T00:00:00,0.0,10.7,1.1
2025-04-16T00:00:00,0.0,12.5,1.9
2025-04-17T00:00:00,0.0,11.2,-1.3
2025-04-18T00:00:00,0.0,3.9,-4.6
2025-04-19T00:00:00,5.1,-2.0,-7.8
2025-04-20T00:00:00,0.0,4.2,-6.8
2025-04-21T00:00:00,0.0,9.0,-2.8
2025-04-22T00:00:00,0.0,11.8,0.8
2025-04-23T00:00:00,0.0,12.8,3.4
2025-04-24T00:00:00,0.0,12.2,0.3
2025-04-25T00:00:00,0.0,13.5,3.6
2025-04-26T00:00:00,0.0,13.6,1.6
2025-04-27T00:00:00,0.0,12.8,-1.5
2025-04-28T00:00:00,0.0,7.0,-5.8
2025-04-29T00:00:00,2.5,6.8,-2.6
2025-04-30T00:00:00,0.0,8.9,-3.0
2025-05-01T00:00:00,5.1,8.0,-0.6
2025-05-02T00:00:00,0.0,7.1,-1.1
2025-05-03T00:00:00,0.0,11.6,0.3
2025-05-04T00:00:00,20.3,8.2,-2.0
2025-05-05T00:00:00,20.3,3.5,-2.3
2025-05-06T00:00:00,22.9,0.2,-3.7
2025-05-07T00:00:00,5.1,2.7,-4.3
2025-05-08T00:00:00,12.7,6.1,-1.5
2025-05-09T00:00:00,0.0,10.3,-1.3
2025-05-10T00:00:00,0.0,12.1,-0.9
2025-05-11T00:00:00,0.0,13.8,3.2
2025-05-12T00:00:00,0.0,14.6,4.7
2025-05-13T00:00:00,0.0,14.1,3.2
2025-05-14T00:00:00,0.0,9.0,-2.4
2025-05-15T00:00:00,0.0,8.3,-4.2
2025-05-16T00:00:00,0.0,11.9,-0.5
2025-05-17T00:00:00,0.0,12.4,3.7
2025-05-18T00:00:00,0.0,8.9,-0.8
2025-05-19T00:00:00,0.0,5.2,-3.7
2025-05-20T00:00:00,0.0,11.1,-4.1
2025-05-21T00:00:00,0.0,14.5,1.1
2025-05-22T00:00:00,0.0,17.9,5.3
2025-05-23T00:00:00,0.0,17.4,6.7
2025-05-24T00:00:00,0.0,16.8,6.3
2025-05-25T00:00:00,0.0,15.0,1.3
2025-05-26T00:00:00,2.5,10.9,0.1
2025-05-27T00:00:00,2.5,13.9,2.8
2025-05-28T00:00:00,0.0,14.4,5.4
2025-05-29T00:00:00,0.0,16.1,5.0
2025-05-30T00:00:00,0.0,18.5,4.2
2025-05-31T00:00:00,0.0,17.8,6.8
2025-06-01T00:00:00,0.0,20.1,8.5
2025-06-02T00:00:00,2.5,12.7,3.4
2025-06-03T00:00:00,12.7,14.7,1.8
2025-06-04T00:00:00,12.7,10.4,1.9
2025-06-05T00:00:00,0.0,13.6,4.4
2025-06-06T00:00:00,0.0,16.2,6.6
2025-06-07T00:00:00,0.0,17.9,7.1
2025-06-08T00:00:00,0.0,19.0,8.2
2025-06-09T00:00:00,0.0,15.8,5.6
2025-06-10T00:00:00,7.6,16.6,3.6
2025-06-11T00:00:00,0.0,19.4,6.1
2025-06-12T00:00:00,10.2,20.5,4.9
2025-06-13T00:00:00,0.0,20.6,10.5
2025-06-14T00:00:00,0.0,21.9,11.5
2025-06-15T00:00:00,0.0,23.3,12.0
2025-06-16T00:00:00,0.0,22.4,11.6
2025-06-17T00:00:00,0.0,20.7,11.5
2025-06-18T00:00:00,0.0,20.9,8.7
2025-06-19T00:00:00,0.0,22.0,9.9
2025-06-20T00:00:00,0.0,21.7,13.3
2025-06-21T00:00:00,0.0,19.9,11.1
2025-06-22T00:00:00,0.0,18.6,9.8
2025-06-23T00:00:00,0.0,21.0,8.2
2025-06-24T00:00:00,30.5,15.3,6.0
2025-06-25T00:00:00,0.0,15.8,6.2
2025-06-26T00:00:00,0.0,18.1,7.8
2025-06-27T00:00:00,0.0,19.1,9.4
2025-06-28T00:00:00,0.0,21.5,10.0
2025-06-29T00:00:00,0.0,22.2,11.4
2025-06-30T00:00:00,0.0,18.6,7.4
2025-07-01T00:00:00,0.0,15.7,6.7
2025-07-02T00:00:00,0.0,17.2,5.9
2025-07-03T00:00:00,17.8,13.9,8.0
2025-07-04T00:00:00,0.0,17.6,5.6
2025-07-05T00:00:00,0.0,21.5,9.2
2025-07-06T00:00:00,0.0,19.8,8.8
2025-07-07T00:00:00,0.0,20.2,9.8
2025-07-08T00:00:00,0.0,22.8,11.0
2025-07-09T00:00:00,0.0,23.5,11.3
2025-07-10T00:00:00,0.0,22.6,13.6
2025-07-11T00:00:00,0.0,22.1,11.0
2025-07-12T00:00:00,0.0,19.5,9.1
2025-07-13T00:00:00,2.5,20.5,7.9
2025-07-14T00:00:00,5.1,20.3,7.9
2025-07-15T00:00:00,0.0,23.1,9.1
2025-07-16T00:00:00,0.0,21.1,8.9
2025-07-17T00:00:00,22.9,16.4,8.0
2025-07-18T00:00:00,2.5,19.0,8.5
2025-07-19T00:00:00,2.5,19.6,10.0
2025-07-20T00:00:00,2.5,21.9,8.7
2025-07-21T00:00:00,0.0,20.2,9.8
2025-07-22T00:00:00,2.5,15.5,7.3
2025-07-23T00:00:00,17.8,17.1,6.9
2025-07-24T00:00:00,5.1,15.0,7.7
2025-07-25T00:00:00,0.0,19.6,8.0
2025-07-26T00:00:00,0.0,20.5,9.6
2025-07-27T00:00:00,0.0,21.4,11.7
2025-07-28T00:00:00,2.5,20.1,9.1
2025-07-29T00:00:00,2.5,15.7,8.5
2025-07-30T00:00:00,0.0,17.7,7.1
2025-07-31T00:00:00,10.2,18.5,6.9
2025-08-01T00:00:00,0.0,18.0,7.4
2025-08-02T00:00:00,0.0,19.4,9.2
2025-08-03T00:00:00,0.0,21.4,11.0
2025-08-04T00:00:00,0.0,21.9,11.6
2025-08-05T00:00:00,0.0,22.3,12.1
2025-08-06T00:00:00,0.0,23.3,13.9
2025-08-07T00:00:00,0.0,22.5,13.2
2025-08-08T00:00:00,0.0,22.9,13.9
2025-08-09T00:00:00,0.0,22.7,12.9
2025-08-10T00:00:00,0.0,20.4,11.6
2025-08-11T00:00:00,0.0,19.0,9.3
2025-08-12T00:00:00,2.5,15.0,8.1
2025-08-13T00:00:00,0.0,22.5,8.9
2025-08-14T00:00:00,0.0,20.6,11.3
2025-08-15T00:00:00,12.7,21.2,7.0
2025-08-16T00:00:00,0.0,17.4,8.0
2025-08-17T00:00:00,0.0,20.3,9.5
2025-08-18T00:00:00,2.5,21.2,9.8
2025-08-19T00:00:00,0.0,21.3,9.8
2025-08-20T00:00:00,2.5,20.1,8.6
2025-08-21T00:00:00,27.9,21.6,7.7
2025-08-22T00:00:00,0.0,21.6,9.0
2025-08-23T00:00:00,48.3,18.7,7.4
2025-08-24T00:00:00,0.0,16.9,7.3
2025-08-25T00:00:00,7.6,18.6,7.0
2025-08-26T00:00:00,5.1,16.4,7.0
2025-08-27T00:00:00,5.1,14.0,7.5
2025-08-28T00:00:00,0.0,17.0,7.6
2025-08-29T00:00:00,17.8,15.5,6.7
2025-08-30T00:00:00,0.0,16.1,6.2
2025-08-31T00:00:00,0.0,16.7,7.1
2025-09-01T00:00:00,5.1,16.1,4.7
2025-09-02T00:00:00,0.0,17.9,6.4
2025-09-03T00:00:00,2.5,17.7,6.4
2025-09-04T00:00:00,2.5,17.6,5.4
2025-09-05T00:00:00,5.1,13.0,4.7
2025-09-06T00:00:00,0.0,12.1,4.6
2025-09-07T00:00:00,0.0,17.1,5.0
2025-09-08T00:00:00,0.0,17.1,7.9
2025-09-09T00:00:00,0.0,17.6,8.1
2025-09-10T00:00:00,0.0,18.0,7.4
2025-09-11T00:00:00,0.0,16.8,9.3
2025-09-12T00:00:00,7.6,17.7,6.1
2025-09-13T00:00:00,20.3,10.1,3.2
2025-09-14T00:00:00,0.0,11.6,2.6
2025-09-15T00:00:00,0.0,14.4,4.7
2025-09-16T00:00:00,0.0,14.8,7.1
2025-09-17T00:00:00,0.0,15.6,6.6
2025-09-18T00:00:00,0.0,14.7,5.6
2025-09-19T00:00:00,0.0,13.4,6.3
2025-09-20T00:00:00,0.0,14.9,5.3
2025-09-21T00:00:00,0.0,15.4,5.8
2025-09-22T00:00:00,7.6,11.1,4.8
2025-09-23T00:00:00,0.0,11.9,1.6
2025-09-24T00:00:00,0.0,11.2,1.1
2025-09-25T00:00:00,0.0,14.8,3.8
2025-09-26T00:00:00,0.0,16.3,5.6
2025-09-27T00:00:00,2.5,11.1,2.1
2025-09-28T00:00:00,7.6,11.7,2.2
2025-09-29T00:00:00,0.0,11.9,2.6
2025-09-30T00:00:00,0.0,11.5,4.6
2025-10-01T00:00:00,0.0,13.6,4.3
2025-10-02T00:00:00,0.0,15.9,6.0
2025-10-03T00:00:00,0.0,14.8,7.6
2025-10-04T00:00:00,0.0,13.8,4.7
2025-10-05T00:00:00,0.0,12.1,2.8
2025-10-06T00:00:00,0.0,13.6,4.2
2025-10-07T00:00:00,0.0,13.5,3.6
2025-10-08T00:00:00,0.0,13.5,4.7
2025-10-09T00:00:00,0.0,13.2,5.5
2025-10-10T00:00:00,0.0,11.4,4.4
2025-10-11T00:00:00,2.5,10.4,5.3
2025-10-12T00:00:00,0.0,11.2,3.8
2025-10-13T00:00:00,7.6,12.4,4.0
2025-10-14T00:00:00,0.0,12.4,4.5
2025-10-15T00:00:00,0.0,14.1,8.9
2025-10-16T00:00:00,0.0,9.6,0.1
2025-10-17T00:00:00,0.0,6.6,-1.9
2025-10-18T00:00:00,0.0,8.8,-2.5
2025-10-19T00:00:00,0.0,11.5,2.4
2025-10-20T00:00:00,0.0,10.7,1.7
2025-10-21T00:00:00,0.0,11.5,0.6
2025-10-22T00:00:00,0.0,13.1,2.7
2025-10-23T00:00:00,5.1,9.2,0.4
2025-10-24T00:00:00,7.6,4.1,-3.1
2025-10-25T00:00:00,0.0,5.8,-3.3
2025-10-26T00:00:00,0.0,9.2,0.8
2025-10-27T00:00:00,0.0,9.4,0.9
2025-10-28T00:00:00,0.0,6.6,-1.8
2025-10-29T00:00:00,0.0,9.1,-3.2
2025-10-30T00:00:00,0.0,9.4,-0.3
2025-10-31T00:00:00,0.0,5.9,-1.4
2025-11-01T00:00:00,0.0,7.2,-3.1
2025-11-02T00:00:00,0.0,13.6,2.6
2025-11-03T00:00:00,0.0,13.8,4.9
2025-11-04T00:00:00,0.0,10.9,1.9
2025-11-05T00:00:00,0.0,12.0,2.1
2025-11-06T00:00:00,0.0,8.7,0.1
2025-11-07T00:00:00,0.0,8.0,-1.0
2025-11-08T00:00:00,0.0,6.3,-0.8
2025-11-09T00:00:00,0.0,5.0,-3.8
2025-11-10T00:00:00,0.0,8.4,-0.2
2025-11-11T00:00:00,0.0,10.2,1.8
2025-11-12T00:00:00,0.0,10.5,2.6
2025-11-13T00:00:00,0.0,9.6,1.5
2025-11-14T00:00:00,0.0,10.2,2.4
2025-11-15T00:00:00,0.0,11.1,2.4
2025-11-16T00:00:00,15.2,8.5,-2.0
2025-11-17T00:00:00,0.0,-0.7,-5.5
2025-11-18T00:00:00,0.0,3.3,-4.0
2025-11-19T00:00:00,0.0,2.8,-1.4
2025-11-20T00:00:00,12.7,-0.1,-3.8
2025-11-21T00:00:00,0.0,-0.3,-6.2
2025-11-22T00:00:00,2.5,4.4,-5.6
2025-11-23T00:00:00,15.2,0.7,-4.2
2025-11-24T00:00:00,0.0,-0.4,-6.9
2025-11-25T00:00:00,0.0,0.7,-7.1
2025-11-26T00:00:00,0.0,0.9,-6.2
2025-11-27T00:00:00,0.0,6.1,-2.5
2025-11-28T00:00:00,0.0,2.7,-2.1
2025-11-29T00:00:00,0.0,1.4,-4.9
2025-11-30T00:00:00,2.5,-0.6,-5.7
2025-12-01T00:00:00,0.0,-5.8,-11.1
2025-12-02T00:00:00,2.5,-1.6,-9.1
2025-12-03T00:00:00,15.2,-2.8,-10.0
2025-12-04T00:00:00,0.0,-7.7,-13.1
2025-12-05T00:00:00,2.5,-3.2,-10.9
2025-12-06T00:00:00,0.0,-1.7,-8.8
2025-12-07T00:00:00,0.0,-2.0,-9.6
2025-12-08T00:00:00,0.0,0.5,-6.2
2025-12-09T00:00:00,0.0,3.6,-4.7
2025-12-10T00:00:00,0.0,5.2,-0.7
2025-12-11T00:00:00,0.0,8.8,0.5
2025-12-12T00:00:00,0.0,8.0,0.1
2025-12-13T00:00:00,0.0,7.2,-0.5
2025-12-14T00:00:00,0.0,7.2,-1.2
2025-12-15T00:00:00,0.0,7.0,0.0
2025-12-16T00:00:00,0.0,5.4,-1.4
2025-12-17T00:00:00,2.5,4.3,-1.4
2025-12-18T00:00:00,0.0,1.0,-5.3
2025-12-19T00:00:00,0.0,4.9,-2.7
2025-12-20T00:00:00,0.0,5.4,-0.9
2025-12-21T00:00:00,0.0,6.7,-1.0
2025-12-22T00:00:00,0.0,8.2,0.5
2025-12-23T00:00:00,0.0,10.4,2.6
2025-12-24T00:00:00,0.0,7.2,0.2
2025-12-25T00:00:00,0.0,2.9,-2.0
2025-12-26T00:00:00,0.0,3.2,-3.1
2025-12-27T00:00:00,7.6,1.1,-4.4
2025-12-28T00:00:00,0.0,-4.4,-9.1
2025-12-29T00:00:00,2.5,-1.6,-8.9
2025-12-30T00:00:00,2.5,5.8,-6.0
2025-12-31T00:00:00,0.0,7.5,-0.9
2026-01-01T00:00:00,5.1,2.4,-1.8
2026-01-02T00:00:00,5.1,-1.1,-5.6
2026-01-03T00:00:00,0.0,2.2,-5.0
2026-01-04T00:00:00,0.0,4.2,-2.3
2026-01-05T00:00:00,0.0,0.0,-6.1
2026-01-06T00:00:00,0.0,1.2,-7.6
2026-01-07T00:00:00,7.6,1.6,-5.7
2026-01-08T00:00:00,5.1,-5.7,-9.6
2026-01-09T00:00:00,15.2,-8.3,-15.9
2026-01-10T00:00:00,0.0,-5.2,-16.3
2026-01-11T00:00:00,0.0,-1.6,-9.4
2026-01-12T00:00:00,2.5,2.4,-5.7
2026-01-13T00:00:00,0.0,3.8,-3.9
2026-01-14T00:00:00,0.0,1.7,-3.7
2026-01-15T00:00:00,0.0,3.6,-5.1
2026-01-16T00:00:00,0.0,-1.0,-9.1
2026-01-17T00:00:00,0.0,-4.9,-13.4
2026-01-18T00:00:00,0.0,2.5,-7.5
2026-01-19T00:00:00,0.0,-1.4,-7.3
2026-01-20T00:00:00,0.0,0.6,-7.6
2026-01-21T00:00:00,2.5,0.6,-6.7
2026-01-22T00:00:00,0.0,1.4,-5.7
2026-01-23T00:00:00,5.1,-0.5,-5.8
2026-01-24T00:00:00,12.7,-4.4,-9.9
2026-01-25T00:00:00,2.5,-9.9,-17.0
2026-01-26T00:00:00,0.0,-6.8,-18.7
2026-01-27T00:00:00,2.5,-3.1,-11.5
2026-01-28T00:00:00,0.0,0.1,-9.5
2026-01-29T00:00:00,0.0,-1.8,-10.0
2026-01-30T00:00:00,0.0,-1.2,-10.2
2026-01-31T00:00:00,0.0,1.9,-6.9
2026-02-01T00:00:00,0.0,5.2,-4.4
2026-02-02T00:00:00,0.0,3.9,-4.0
2026-02-03T00:00:00,0.0,1.9,-7.1
2026-02-04T00:00:00,0.0,0.2,-9.4
2026-02-05T00:00:00,0.0,6.2,-3.9
2026-02-06T00:00:00,0.0,7.3,-1.7
2026-02-07T00:00:00,0.0,4.0,-3.8
2026-02-08T00:00:00,0.0,4.5,-5.1
2026-02-09T00:00:00,2.5,5.7,-2.6
2026-02-10T00:00:00,0.0,5.3,-1.8
2026-02-11T00:00:00,0.0,4.3,-2.9
2026-02-12T00:00:00,0.0,5.2,-2.8
2026-02-13T00:00:00,10.2,3.1,-3.0
2026-02-14T00:00:00,2.5,-0.6,-5.3
2026-02-15T00:00:00,0.0,8.4,-5.0
2026-02-16T00:00:00,0.0,7.7,0.5
2026-02-17T00:00:00,5.1,1.4,-9.0
2026-02-18T00:00:00,7.6,-3.8,-13.4
2026-02-19T00:00:00,0.0,-9.0,-17.8
2026-02-20T00:00:00,0.0,-7.9,-13.9
2026-02-21T00:00:00,0.0,-2.2,-15.9
2026-02-22T00:00:00,0.0,2.9,-8.0
2026-02-23T00:00:00,0.0,6.5,-3.4
2026-02-24T00:00:00,0.0,7.7,-1.9
2026-02-25T00:00:00,0.0,9.3,0.4
2026-02-26T00:00:00,0.0,7.5,-1.1
2026-02-27T00:00:00,0.0,8.4,-1.3
2026-02-28T00:00:00,0.0,10.3,0.8
2026-03-01T00:00:00,0.0,9.6,1.5
2026-03-02T00:00:00,0.0,9.9,1.9
2026-03-03T00:00:00,0.0,6.8,-2.4
2026-03-04T00:00:00,0.0,6.6,-3.8
2026-03-05T00:00:00,0.0,5.3,-2.5
2026-03-06T00:00:00,0.0,-1.5,-10.3
2026-03-07T00:00:00,0.0,1.6,-10.4
2026-03-08T00:00:00,0.0,5.4,-4.8
2026-03-09T00:00:00,0.0,8.2,-2.3
2026-03-10T00:00:00,0.0,8.4,-0.8
2026-03-11T00:00:00,0.0,7.4,-2.7
2026-03-12T00:00:00,0.0,6.5,-3.6
2026-03-13T00:00:00,0.0,8.8,-2.2
2026-03-14T00:00:00,0.0,9.6,0.2
2026-03-15T00:00:00,0.0,2.9,-6.1
2026-03-16T00:00:00,0.0,3.6,-7.6
2026-03-17T00:00:00,0.0,10.8,-0.9
2026-03-18T00:00:00,0.0,15.8,1.6
2026-03-19T00:00:00,0.0,17.1,4.5
2026-03-20T00:00:00,0.0,17.8,6.1
2026-03-21T00:00:00,0.0,17.7,8.5
2026-03-22T00:00:00,0.0,15.0,5.7
2026-03-23T00:00:00,0.0,12.1,2.5
2026-03-24T00:00:00,0.0,15.6,5.4
2026-03-25T00:00:00,0.0,19.3,7.3
2026-03-26T00:00:00,0.0,15.8,5.6
2026-03-27T00:00:00,0.0,9.9,-0.7
2026-03-28T00:00:00,0.0,11.9,-1.7
2026-03-29T00:00:00,0.0,13.5,3.2
2026-03-30T00:00:00,0.0,11.5,3.4
2026-03-31T00:00:00,0.0,8.8,0.4
2026-04-01T00:00:00,25.4,0.8,-2.5
2026-04-02T00:00:00,0.0,5.5,-3.5
2026-04-03T00:00:00,0.0,4.8,-6.2
2026-04-04T00:00:00,0.0,6.4,-6.2
2026-04-05T00:00:00,0.0,8.0,-1.9
2026-04-06T00:00:00,0.0,9.2,-2.0
2026-04-07T00:00:00,2.5,7.3,-1.5
2026-04-08T00:00:00,0.0,11.1,-0.4
2026-04-09T00:00:00,0.0,12.3,3.1
2026-04-10T00:00:00,0.0,11.5,1.4
2026-04-11T00:00:00,2.5,8.5,0.0
2026-04-12T00:00:00,0.0,8.5,-0.2
2026-04-13T00:00:00,2.5,7.4,-1.3
2026-04-14T00:00:00,0.0,4.1,-4.6
2026-04-15T00:00:00,,6.7,-5.6
2026-04-16T00:00:00,2.5,8.4,-1.9
