elevation,mindate,maxdate,latitude,name,datacoverage,id,elevationUnit,longitude,span_years
2101.0,2005-03-14,2026-01-25,35.1296,"TIJERAS 4.2 NE, NM US",0.605,GHCND:US1NMBR0004,METERS,-106.3204,20.867898699520875
1859.0,2005-03-14,2026-05-06,35.1463,"ALBUQUERQUE 7.8 ENE, NM US",0.9548,GHCND:US1NMBR0008,METERS,-106.4906,21.144421629021217
1865.1,2005-03-17,2011-03-01,35.1683,"ALBUQUERQUE 8.0 ENE, NM US",0.8952,GHCND:US1NMBR0009,METERS,-106.4933,5.95482546201232
1845.0,2005-03-11,2022-06-17,35.1819,"ALBUQUERQUE 8 ENE, NM US",0.2683,GHCND:US1NMBR0011,METERS,-106.4989,17.267624914442163
1606.9,1998-06-17,2026-05-06,35.0829,"ALBUQUERQUE 3.4 SE, NM US",0.6188,GHCND:US1NMBR0012,METERS,-106.5814,27.88501026694045
1698.0,2005-06-18,2026-05-15,35.119236,"ALBUQUERQUE 5.3 E, NM US",0.6149,GHCND:US1NMBR0015,METERS,-106.528319,20.906228610540726
1816.0,2005-03-14,2026-05-15,35.1861,"ALBUQUERQUE 8 NE, NM US",0.9801,GHCND:US1NMBR0017,METERS,-106.5071,21.169062286105408
2169.0,2005-03-14,2015-09-28,35.08838,"TIJERAS 5.0 E, NM US",0.9753,GHCND:US1NMBR0028,METERS,-106.28349,10.54072553045859
1606.0,2005-04-12,2006-06-02,35.0731,"ALBUQUERQUE 3.2 SSE, NM US",0.7986,GHCND:US1NMBR0030,METERS,-106.6067,1.1389459274469542
1725.8,2005-03-01,2014-09-16,35.156174,"ALBUQUERQUE 6.0 ENE, NM US",0.8371,GHCND:US1NMBR0031,METERS,-106.529335,9.544147843942506
1581.0,2006-01-25,2026-05-15,35.09228,"ALBUQUERQUE 2.1 SE, NM US",0.902,GHCND:US1NMBR0032,METERS,-106.60142,20.301163586584533
1676.1,2005-03-24,2026-05-14,35.127832,"ALBUQUERQUE 4.6 E, NM US",0.9742,GHCND:US1NMBR0034,METERS,-106.543702,21.138945927446954
1595.9,2005-03-07,2025-03-04,35.12015,"ALBUQUERQUE 2.4 E, NM US",0.9841,GHCND:US1NMBR0037,METERS,-106.58152,19.991786447638603
1883.7,2005-04-05,2018-09-07,35.1332,"ALBUQUERQUE 7.8 ENE, NM US",0.6613,GHCND:US1NMBR0038,METERS,-106.4879,13.423682409308693
1708.1,2005-05-01,2012-09-14,35.05356,"ALBUQUERQUE 8.1 ESE, NM US",0.8456,GHCND:US1NMBR0039,METERS,-106.50438,7.3730321697467485
1816.9,2005-05-28,2026-05-14,35.0831,"ALBUQUERQUE 8.1 ESE, NM US",0.933,GHCND:US1NMBR0040,METERS,-106.4869,20.960985626283367
1686.2,2005-06-26,2014-09-02,35.0582,"ALBUQUERQUE 8.1 ESE, NM US",0.8892,GHCND:US1NMBR0041,METERS,-106.5013,9.1854893908282
1915.1,2005-07-05,2026-05-14,35.1837,"ALBUQUERQUE 9.0 ENE, NM US",0.7223,GHCND:US1NMBR0042,METERS,-106.4869,20.856947296372347
1669.1,2005-08-12,2006-12-19,35.0897,"ALBUQUERQUE 5.6 ESE, NM US",0.6828,GHCND:US1NMBR0044,METERS,-106.5311,1.352498288843258
1980.0,2005-08-01,2007-10-31,35.2049,"TIJERAS 8.6 NNE, NM US",0.2555,GHCND:US1NMBR0045,METERS,-106.3227,2.2477754962354553
1941.9,2005-11-01,2019-07-07,35.07615,"TIJERAS 1.0 SSW, NM US",0.9968,GHCND:US1NMBR0046,METERS,-106.38462,13.678302532511978
1609.0,2005-10-29,2013-12-06,35.128296,"ALBUQUERQUE 3.0 ENE, NM US",0.1256,GHCND:US1NMBR0052,METERS,-106.573745,8.10403832991102
1610.9,2005-10-24,2007-10-02,35.13774,"ALBUQUERQUE 3.1 ENE, NM US",0.8505,GHCND:US1NMBR0053,METERS,-106.576674,1.9383983572895278
2118.4,2006-06-06,2014-04-30,35.14272,"TIJERAS 3.7 N, NM US",0.9619,GHCND:US1NMBR0056,METERS,-106.36953,7.898699520876113
2086.1,2006-04-09,2006-11-30,35.099363,"TIJERAS 2.8 ENE, NM US",0.8051,GHCND:US1NMBR0057,METERS,-106.326936,0.6433949349760438
1576.1,2006-01-01,2007-12-31,35.079024,"ALBUQUERQUE 2.6 S, NM US",1.0,GHCND:US1NMBR0058,METERS,-106.620683,1.995893223819302
1868.1,2006-08-01,2026-05-07,35.1693,"SANDIA HEIGHTS 0.5 S, NM US",0.327,GHCND:US1NMBR0062,METERS,-106.4921,19.76454483230664
1720.0,2006-06-10,2019-09-15,35.15304,"SANDIA HEIGHTS 2.8 SW, NM US",0.2501,GHCND:US1NMBR0064,METERS,-106.531705,13.264887063655031
1597.2,2002-03-22,2009-06-05,35.104274,"ALBUQUERQUE 2.6 ESE, NM US",0.215,GHCND:US1NMBR0065,METERS,-106.581771,7.2060232717316905
1765.1,2005-01-01,2026-05-04,35.119816,"SANDIA HEIGHTS 4.0 S, NM US",0.5245,GHCND:US1NMBR0066,METERS,-106.501382,21.336071184120467
1531.9,2006-08-06,2015-11-12,35.165,"NORTH VALLEY 0.8 E, NM US",0.5957,GHCND:US1NMBR0071,METERS,-106.615,9.267624914442163
1915.1,2006-08-20,2019-04-23,35.16425,"SANDIA HEIGHTS 0.9 S, NM US",0.0488,GHCND:US1NMBR0075,METERS,-106.4815,12.673511293634498
1823.9,2006-06-22,2008-04-07,35.067398,"TIJERAS 5.1 WSW, NM US",0.8125,GHCND:US1NMBR0076,METERS,-106.46064,1.7932922655715264
1858.1,2006-08-31,2007-10-02,35.135174,"SANDIA HEIGHTS 2.9 S, NM US",0.2889,GHCND:US1NMBR0077,METERS,-106.490303,1.0869267624914443
1772.1,2006-09-03,2014-04-28,35.14626,"ALBUQUERQUE 6.5 ENE, NM US",0.2494,GHCND:US1NMBR0078,METERS,-106.515313,7.649555099247091
3119.9,2006-08-23,2008-07-18,35.20801,"SANDIA HEIGHTS 3.0 NE, NM US",0.9569,GHCND:US1NMBR0079,METERS,-106.45258,1.9028062970568105
1854.1,2006-08-27,2007-04-11,35.138102,"SANDIA HEIGHTS 2.7 S, NM US",0.886,GHCND:US1NMBR0081,METERS,-106.489642,0.621492128678987
1599.0,2006-02-22,2020-11-08,35.07183,"ALBUQUERQUE 3.2 SSE, NM US",0.9328,GHCND:US1NMBR0082,METERS,-106.61097,14.710472279260781
2254.9,2006-12-19,2019-09-17,34.95873,"TIJERAS 9.6 SSE, NM US",0.0666,GHCND:US1NMBR0085,METERS,-106.31551,12.744695414099931
1941.0,2006-11-30,2009-09-17,35.131459,"ALBUQUERQUE 8.2 E, NM US",0.1857,GHCND:US1NMBR0086,METERS,-106.481006,2.7980835044490076
1823.9,2006-11-12,2011-03-26,35.13444,"ALBUQUERQUE 7.3 E, NM US",0.7857,GHCND:US1NMBR0088,METERS,-106.49622,4.3668720054757015
1875.1,2007-03-10,2011-09-18,35.133664,"SANDIA HEIGHTS 3.0 S, NM US",0.6584,GHCND:US1NMBR0089,METERS,-106.486435,4.525667351129363
1588.3,2007-01-31,2014-03-15,35.16181,"ALBUQUERQUE 3.8 NE, NM US",0.6151,GHCND:US1NMBR0095,METERS,-106.584342,7.1184120465434635
1762.0,2008-07-01,2013-11-22,35.12481,"ALBUQUERQUE 6.6 E, NM US",0.3115,GHCND:US1NMBR0100,METERS,-106.50743,5.393566050650239
1880.0,2008-02-23,2013-04-30,35.165711,"SANDIA HEIGHTS 0.8 S, NM US",0.8268,GHCND:US1NMBR0101,METERS,-106.488986,5.1827515400410675
1886.7,2008-02-08,2022-10-09,35.168611,"SANDIA HEIGHTS 0.6 SSE, NM US",0.1896,GHCND:US1NMBR0102,METERS,-106.486667,14.666666666666666
2037.9,2008-07-10,2015-03-21,35.167593,"TIJERAS 6.5 NNE, NM US",0.937,GHCND:US1NMBR0103,METERS,-106.313564,6.694045174537988
1686.2,2008-07-09,2017-01-02,35.049428,"ALBUQUERQUE 7.7 SE, NM US",0.5668,GHCND:US1NMBR0106,METERS,-106.516028,8.484599589322382
1657.2,2008-08-18,2023-02-17,35.169806,"SANDIA HEIGHTS 3.7 W, NM US",0.1332,GHCND:US1NMBR0107,METERS,-106.554786,14.499657768651609
1645.6,2009-02-12,2026-03-03,35.115586,"ALBUQUERQUE 4.1 E, NM US",0.659,GHCND:US1NMBR0108,METERS,-106.552132,17.05133470225873
1621.2,2010-06-26,2012-11-02,35.065251,"ALBUQUERQUE 3.8 SSE, NM US",0.597,GHCND:US1NMBR0111,METERS,-106.602036,2.3545516769336072
1595.9,2010-07-12,2011-10-08,35.0904,"ALBUQUERQUE 2.6 SE, NM US",0.6189,GHCND:US1NMBR0112,METERS,-106.591593,1.2402464065708418
2135.1,2010-09-13,2013-11-07,35.144974,"CEDAR CREST 2.6 N, NM US",0.4253,GHCND:US1NMBR0115,METERS,-106.368122,3.1512662559890487
2184.5,2011-12-23,2025-09-07,35.139263,"CEDAR CREST 2.7 NE, NM US",0.0673,GHCND:US1NMBR0117,METERS,-106.344834,13.708418891170432
1759.9,2010-08-05,2025-07-13,35.148782,"ALBUQUERQUE 6.4 ENE, NM US",0.1833,GHCND:US1NMBR0119,METERS,-106.517687,14.937713894592745
1872.1,2011-04-08,2022-10-16,35.153436,"ALBUQUERQUE 8.2 ENE, NM US",0.9475,GHCND:US1NMBR0122,METERS,-106.487083,11.523613963039015
1608.1,2011-05-13,2026-05-15,35.068475,"ALBUQUERQUE 3.7 SSE, NM US",0.8769,GHCND:US1NMBR0123,METERS,-106.595568,15.006160164271048
1874.2,2011-05-06,2024-10-18,35.160834,"ALBUQUERQUE 8.3 ENE, NM US",0.6822,GHCND:US1NMBR0124,METERS,-106.487975,13.453798767967145
2149.1,2011-07-04,2012-05-13,35.097717,"TIJERAS 5.2 E, NM US",0.9238,GHCND:US1NMBR0125,METERS,-106.283872,0.8596851471594799
1651.7,2011-08-18,2017-08-05,35.115106,"ALBUQUERQUE 4.2 E, NM US",0.1376,GHCND:US1NMBR0126,METERS,-106.549463,5.965776865160849
1580.4,2011-08-25,2022-07-12,35.097207,"ALBUQUERQUE 1.9 SE, NM US",0.9658,GHCND:US1NMBR0127,METERS,-106.601553,10.880219028062971
1847.1,2011-09-15,2022-12-29,35.147279,"ALBUQUERQUE 7.7 ENE, NM US",0.7774,GHCND:US1NMBR0128,METERS,-106.493284,11.288158795345653
1584.4,2012-02-13,2019-01-14,35.096124,"ALBUQUERQUE 2.0 SE, NM US",0.5712,GHCND:US1NMBR0130,METERS,-106.600058,6.91854893908282
2184.2,2012-04-19,2026-05-14,35.16133333,"SANDIA PARK 0.5 S, NM US",0.8869,GHCND:US1NMBR0131,METERS,-106.3669333,14.067077344284737
1870.3,1998-06-17,2019-01-23,35.1511344909668,"ALBUQUERQUE 8.1 ENE, NM US",0.3118,GHCND:US1NMBR0136,METERS,-106.487571716309,20.602327173169062
1662.1,2012-07-06,2026-05-10,35.1113815307617,"ALBUQUERQUE 4.7 E, NM US",0.8922,GHCND:US1NMBR0138,METERS,-106.54158782959,13.842573579739904
1547.8,2012-07-14,2026-05-11,35.165437,"ALBUQUERQUE 3.5 NNE, NM US",0.9986,GHCND:US1NMBR0139,METERS,-106.606399,13.82340862422998
2118.4,2012-07-06,2026-05-15,35.1537387818098,"SANDIA PARK 3.7 ESE, NM US",0.9743,GHCND:US1NMBR0142,METERS,-106.28475509584,13.856262833675565
1596.8,2012-09-12,2026-05-06,35.091567,"ALBUQUERQUE 2.5 SE, NM US",0.1139,GHCND:US1NMBR0145,METERS,-106.592241,13.645448323066393
1572.8,2007-05-01,2020-09-11,35.094383,"ALBUQUERQUE 1.7 SSE, NM US",1.0,GHCND:US1NMBR0148,METERS,-106.612276,13.366187542778919
1625.5,2012-02-21,2026-05-15,35.1729278564453,"ALBUQUERQUE 5.0 NE, NM US",0.9252,GHCND:US1NMBR0149,METERS,-106.567337036133,14.22861054072553
1811.7,2013-03-22,2025-07-03,35.0751152038574,"ALBUQUERQUE 8.4 ESE, NM US",0.113,GHCND:US1NMBR0153,METERS,-106.485176086426,12.281998631074606
2147.0,2013-03-28,2026-05-15,35.098087310791,"TIJERAS 5.1 E, NM US",0.9283,GHCND:US1NMBR0155,METERS,-106.284591674805,13.130732375085557
2110.1,2013-04-01,2026-05-14,35.148,"EDGEWOOD 6.3 NW, NM US",0.8625,GHCND:US1NMBR0156,METERS,-106.255,13.117043121149898
1738.9,2013-06-24,2022-04-12,35.1323039084673,"ALBUQUERQUE 6.0 E, NM US",0.6949,GHCND:US1NMBR0160,METERS,-106.520021036267,8.799452429842573
1824.8,2013-07-14,2016-10-31,35.112581,"ALBUQUERQUE 7.6 E, NM US",0.9809,GHCND:US1NMBR0162,METERS,-106.489977,3.299110198494182
1860.2,2013-07-28,2026-05-03,35.129516,"ALBUQUERQUE 7.8 E, NM US",0.991,GHCND:US1NMBR0166,METERS,-106.487786,12.763860369609857
2201.6,2013-08-06,2026-05-06,34.995,"TIJERAS 9.1 SE, NM US",0.8602,GHCND:US1NMBR0167,METERS,-106.2619,12.747433264887064
1684.0,2013-07-26,2026-05-10,35.122353,"ALBUQUERQUE 5.0 E, NM US",0.9994,GHCND:US1NMBR0168,METERS,-106.535507,12.788501026694044
1616.4,2013-07-26,2015-03-28,35.1798782348633,"ALBUQUERQUE 5.3 NE, NM US",0.4386,GHCND:US1NMBR0169,METERS,-106.569793701172,1.6700889801505818
2033.3,2013-08-01,2020-04-22,35.16406767,"SANDIA PARK 3.6 E, NM US",0.2287,GHCND:US1NMBR0170,METERS,-106.30378455,6.72416153319644
1862.9,2013-08-20,2017-10-06,35.184841,"ALBUQUERQUE 8.7 ENE, NM US",0.1226,GHCND:US1NMBR0173,METERS,-106.4952,4.128678986995209
1840.4,2013-09-10,2019-03-14,34.94609,"SANDIA 9.6 SE, NM US",0.1506,GHCND:US1NMBR0175,METERS,-106.45679,5.505817932922656
1988.8,2013-10-06,2015-01-22,35.09349,"CEDAR CREST 1.0 S, NM US",0.8544,GHCND:US1NMBR0177,METERS,-106.37615,1.2950034223134839
2088.2,2014-03-06,2024-11-18,35.149741,"SANDIA PARK 4.7 ESE, NM US",0.1235,GHCND:US1NMBR0179,METERS,-106.285161,10.704996577686517
2133.6,2014-01-29,2015-11-09,35.122889,"EDGEWOOD 4.8 NW, NM US",0.8123,GHCND:US1NMBR0180,METERS,-106.244222,1.7768651608487338
2077.5,2014-05-01,2026-05-15,35.15958,"SANDIA PARK 3.6 ESE, NM US",0.9857,GHCND:US1NMBR0183,METERS,-106.30328,12.038329911019849
1621.5,2014-03-24,2014-08-27,35.0684547424316,"ALBUQUERQUE 4.4 SE, NM US",0.9936,GHCND:US1NMBR0184,METERS,-106.574516296387,0.4271047227926078
2072.3,2014-07-31,2021-02-13,35.1011352539063,"EDGEWOOD 4.7 WNW, NM US",0.7343,GHCND:US1NMBR0188,METERS,-106.25594329834,6.54072553045859
2142.4,2014-11-01,2026-05-06,35.0951957702637,"TIJERAS 3.5 E, NM US",0.9819,GHCND:US1NMBR0189,METERS,-106.313064575195,11.509924709103354
1624.0,2014-07-31,2022-07-30,35.163979,"ALBUQUERQUE 4.5 NE, NM US",0.1745,GHCND:US1NMBR0190,METERS,-106.568451,7.997262149212868
2335.1,2014-08-11,2026-05-15,34.98709,"TIJERAS 7.2 SSE, NM US",0.9986,GHCND:US1NMBR0193,METERS,-106.341843,11.759069130732374
1748.3,2014-02-04,2026-05-06,35.045791,"ALBUQUERQUE 8.7 SE, NM US",0.2136,GHCND:US1NMBR0194,METERS,-106.497413,12.24914442162902
1749.6,2014-09-17,2020-07-14,35.132517,"ALBUQUERQUE 6.2 E, NM US",0.5893,GHCND:US1NMBR0196,METERS,-106.515917,5.823408624229979
1624.0,2014-10-09,2022-06-22,35.0658,"ALBUQUERQUE 3.8 SSE, NM US",0.8831,GHCND:US1NMBR0197,METERS,-106.6034,7.701574264202601
1574.0,2014-10-08,2026-05-15,35.118916,"ALBUQUERQUE 1.6 E, NM US",0.9434,GHCND:US1NMBR0200,METERS,-106.596924,11.600273785078713
1742.5,2014-10-18,2019-07-02,35.1342,"ALBUQUERQUE 6.1 E, NM US",0.6899,GHCND:US1NMBR0201,METERS,-106.5193,4.70362765229295
1652.3,2015-03-29,2017-02-22,35.164223,"ALBUQUERQUE 5.0 NE, NM US",0.7346,GHCND:US1NMBR0207,METERS,-106.557506,1.9055441478439425
1744.1,2015-04-30,2019-07-26,35.093042,"ALBUQUERQUE 6.9 ESE, NM US",0.94,GHCND:US1NMBR0211,METERS,-106.505429,4.238193018480493
1566.7,2015-05-01,2017-04-30,35.0978927612305,"ALBUQUERQUE 1.4 SSE, NM US",0.9015,GHCND:US1NMBR0213,METERS,-106.615127563477,1.998631074606434
1739.2,2015-09-21,2026-05-15,35.103645324707,"ALBUQUERQUE 6.6 E, NM US",0.9676,GHCND:US1NMBR0220,METERS,-106.508926391602,10.647501711156742
2259.8,2015-08-25,2019-12-28,34.972515,"TIJERAS 8.4 SSE, NM US",0.2533,GHCND:US1NMBR0221,METERS,-106.330215,4.342231348391513
1668.8,2016-04-09,2026-05-15,35.128527,"ALBUQUERQUE 4.5 E, NM US",0.7501,GHCND:US1NMBR0224,METERS,-106.545562,10.097193702943189
1581.3,2016-06-19,2026-05-15,35.086442,"ALBUQUERQUE 2.2 SSE, NM US",0.8969,GHCND:US1NMBR0226,METERS,-106.611731,9.902806297056811
2014.7,2016-08-07,2019-01-01,35.110553,"TIJERAS 1.7 NNE, NM US",0.2369,GHCND:US1NMBR0230,METERS,-106.363319,2.401095140314853
2294.8,2017-04-25,2026-05-14,34.978861,"TIJERAS 7.8 SSE, NM US",0.8676,GHCND:US1NMBR0233,METERS,-106.342828,9.051334702258726
1989.1,2016-09-21,2022-07-09,35.14999,"ALBUQUERQUE 9.5 ENE, NM US",0.1945,GHCND:US1NMBR0234,METERS,-106.461759,5.796030116358659
1859.0,2016-11-01,2026-05-06,35.177694,"SANDIA HEIGHTS 0.2 WNW, NM US",0.8615,GHCND:US1NMBR0236,METERS,-106.494316,9.508555783709788
1607.8,2016-12-07,2026-05-15,35.082522,"ALBUQUERQUE 3.4 SE, NM US",0.9536,GHCND:US1NMBR0238,METERS,-106.581468,9.434633812457221
1643.8,2016-11-24,2026-05-15,35.0834,"ALBUQUERQUE 5.0 ESE, NM US",0.998,GHCND:US1NMBR0239,METERS,-106.5466,9.470225872689939
1758.4,2017-05-23,2025-04-20,35.107874,"ALBUQUERQUE 6.9 E, NM US",0.5983,GHCND:US1NMBR0247,METERS,-106.502849,7.909650924024641
2126.9,2018-10-29,2026-05-07,35.159342,"SANDIA PARK 3.9 E, NM US",0.9454,GHCND:US1NMBR0249,METERS,-106.297733,7.520876112251882
1576.7,2017-04-19,2026-05-01,35.09569,"ALBUQUERQUE 1.7 SSE, NM US",0.7567,GHCND:US1NMBR0250,METERS,-106.61008,9.032169746748803
1698.3,2017-05-26,2021-07-20,35.180224,"ALBUQUERQUE 6.4 NE, NM US",0.503,GHCND:US1NMBR0254,METERS,-106.541925,4.1505817932922655
1797.4,2017-08-11,2026-05-14,35.10104,"ALBUQUERQUE 7.4 E, NM US",0.4264,GHCND:US1NMBR0255,METERS,-106.49535,8.75564681724846
1648.7,2017-08-12,2026-05-13,35.0967,"ALBUQUERQUE 4.8 ESE, NM US",0.4701,GHCND:US1NMBR0256,METERS,-106.5435,8.750171115674195
2277.5,2017-08-25,2019-11-09,34.9859,"TIJERAS 8.0 SSE, NM US",0.9603,GHCND:US1NMBR0257,METERS,-106.3085,2.206707734428474
1687.7,2017-09-01,2026-05-08,35.06374,"ALBUQUERQUE 7.1 ESE, NM US",0.9981,GHCND:US1NMBR0258,METERS,-106.51747,8.681724845995893
1655.1,2017-10-03,2026-05-15,35.10057,"ALBUQUERQUE 4.9 ESE, NM US",0.9333,GHCND:US1NMBR0259,METERS,-106.54007,8.61327857631759
1742.2,2017-10-20,2021-12-29,35.065641,"ALBUQUERQUE 8.4 ESE, NM US",0.9739,GHCND:US1NMBR0261,METERS,-106.48935,4.191649555099247
2106.2,2018-03-31,2026-05-15,34.926,"EDGEWOOD 11.4 SSW, NM US",0.9788,GHCND:US1NMBR0266,METERS,-106.23,8.123203285420944
1856.8,2018-05-29,2026-05-01,35.166105,"ALBUQUERQUE 8.1 ENE, NM US",0.6725,GHCND:US1NMBR0268,METERS,-106.494547,7.923340177960301
2285.4,2018-01-01,2026-05-06,34.9508,"TIJERAS 10.1 SSE, NM US",0.9934,GHCND:US1NMBR0270,METERS,-106.313,8.342231348391513
2067.8,2018-08-03,2026-05-15,35.11486,"CEDAR CREST 0.5 NNW, NM US",1.0,GHCND:US1NMBR0273,METERS,-106.37583,7.780971937029432
1599.3,2018-08-10,2019-02-07,35.09804,"ALBUQUERQUE 2.8 ESE, NM US",0.989,GHCND:US1NMBR0275,METERS,-106.58145,0.49555099247091033
1602.9,2018-08-23,2026-05-13,35.1211,"ALBUQUERQUE 2.6 E, NM US",0.9341,GHCND:US1NMBR0276,METERS,-106.5783,7.7207392197125255
1682.5,2018-10-01,2023-05-22,35.06162,"ALBUQUERQUE 6.9 ESE, NM US",0.3133,GHCND:US1NMBR0278,METERS,-106.52223,4.63791923340178
2115.0,2018-11-10,2026-04-26,35.146425,"EDGEWOOD 6.1 NW, NM US",0.1365,GHCND:US1NMBR0280,METERS,-106.251666,7.457905544147844
1666.3,2019-01-11,2026-05-06,35.11218,"ALBUQUERQUE 4.8 E, NM US",0.1085,GHCND:US1NMBR0290,METERS,-106.53932,7.315537303216975
1603.9,2019-03-12,2026-05-14,35.03779,"ALBUQUERQUE 5.5 S, NM US",0.9985,GHCND:US1NMBR0292,METERS,-106.622573,7.173169062286106
2164.1,2019-04-01,2026-01-24,34.95209,"EDGEWOOD 9.9 SSW, NM US",0.9968,GHCND:US1NMBR0299,METERS,-106.24252,6.8172484599589325
1634.0,2019-04-01,2025-09-26,35.13305,"ALBUQUERQUE 3.7 ENE, NM US",0.9911,GHCND:US1NMBR0306,METERS,-106.5628,6.48870636550308
1818.7,2019-04-12,2026-05-15,35.08763,"ALBUQUERQUE 8.1 ESE, NM US",0.873,GHCND:US1NMBR0309,METERS,-106.48539,7.091033538672143
1744.1,2019-03-28,2026-05-03,35.146707,"ALBUQUERQUE 6.1 ENE, NM US",0.1187,GHCND:US1NMBR0310,METERS,-106.522685,7.099247091033539
2087.6,2019-03-30,2026-05-15,35.1369,"SANDIA PARK 4.9 ESE, NM US",0.8368,GHCND:US1NMBR0311,METERS,-106.2889,7.12662559890486
1608.7,2019-04-01,2026-05-10,35.149231,"ALBUQUERQUE 3.5 NE, NM US",0.8579,GHCND:US1NMBR0313,METERS,-106.576276,7.107460643394935
1593.5,2019-05-08,2022-08-20,35.068853,"ALBUQUERQUE 3.4 S, NM US",0.1607,GHCND:US1NMBR0315,METERS,-106.614603,3.2854209445585214
1821.5,2019-04-01,2026-05-10,35.09186,"ALBUQUERQUE 8.0 ESE, NM US",0.9865,GHCND:US1NMBR0316,METERS,-106.48699,7.107460643394935
1710.5,2019-07-07,2026-05-13,35.091509,"ALBUQUERQUE 6.5 ESE, NM US",0.811,GHCND:US1NMBR0322,METERS,-106.513878,6.850102669404517
2247.6,2019-07-03,2026-05-15,34.9769444,"TIJERAS 8.2 SSE, NM US",0.9992,GHCND:US1NMBR0324,METERS,-106.323611,6.86652977412731
1654.1,2019-09-06,2024-02-18,35.0713,"ALBUQUERQUE 5.6 SE, NM US",0.9945,GHCND:US1NMBR0326,METERS,-106.54363,4.4517453798767965
1556.9,2019-10-30,2026-05-06,35.104855,"ALBUQUERQUE 0.9 SSE, NM US",0.9479,GHCND:US1NMBR0330,METERS,-106.618631,6.5160848733744015
2098.5,2020-01-01,2026-05-15,35.07246,"EDGEWOOD 4.4 W, NM US",0.9961,GHCND:US1NMBR0332,METERS,-106.2522,6.368240930869268
1761.4,2020-03-15,2021-02-16,35.092853,"ALBUQUERQUE 7.2 ESE, NM US",0.4425,GHCND:US1NMBR0346,METERS,-106.50086,0.9253935660506503
2008.9,2020-03-22,2023-02-05,35.184446,"SANDIA PARK 2.6 ENE, NM US",0.6403,GHCND:US1NMBR0347,METERS,-106.324042,2.8747433264887063
1816.9,1998-06-17,2026-05-13,35.0992688,"ALBUQUERQUE 7.6 E, NM US",0.2171,GHCND:US1NMBR0349,METERS,-106.4925097,27.904175222450377
1649.0,2019-10-01,2026-04-02,35.12175,"ALBUQUERQUE 4.1 E, NM US",0.7997,GHCND:US1NMBR0350,METERS,-106.55277,6.50239561943874
1870.9,2020-03-24,2020-11-23,35.0446169,"ALBUQUERQUE 11.3 ESE, NM US",0.9633,GHCND:US1NMBR0351,METERS,-106.4463929739,0.6680355920602327
1686.8,2020-06-01,2024-03-17,35.121022,"ALBUQUERQUE 5.2 E, NM US",0.1941,GHCND:US1NMBR0352,METERS,-106.532908,3.79192334017796
1610.9,2020-03-29,2026-05-15,35.0913,"ALBUQUERQUE 3.3 ESE, NM US",0.925,GHCND:US1NMBR0353,METERS,-106.576,6.1273100616016425
1828.2,2020-03-28,2026-05-06,35.094271,"ALBUQUERQUE 7.8 ESE, NM US",0.1999,GHCND:US1NMBR0354,METERS,-106.488704,6.105407255304586
1575.5,2020-03-29,2026-05-06,35.09204,"ALBUQUERQUE 2.0 SSE, NM US",0.8525,GHCND:US1NMBR0355,METERS,-106.60839,6.102669404517454
1608.7,2020-05-08,2026-05-05,35.07346,"ALBUQUERQUE 3.2 SSE, NM US",0.1238,GHCND:US1NMBR0356,METERS,-106.604204,5.990417522245037
1745.9,2020-05-10,2026-05-01,35.1811099,"ALBUQUERQUE 7.1 NE, NM US",0.1328,GHCND:US1NMBR0359,METERS,-106.5261558,5.973990417522245
1601.4,2020-06-02,2024-07-03,35.06843,"ALBUQUERQUE 3.4 SSE, NM US",0.0683,GHCND:US1NMBR0360,METERS,-106.61227,4.084873374401095
1583.7,2020-06-21,2022-02-02,35.0954,"ALBUQUERQUE 2.0 SE, NM US",0.7095,GHCND:US1NMBR0364,METERS,-106.6,1.6180698151950719
1802.0,2020-08-11,2026-05-14,35.1672,"ALBUQUERQUE 7.4 ENE, NM US",0.9872,GHCND:US1NMBR0365,METERS,-106.5095,5.754962354551677
1833.1,2020-09-16,2026-05-14,35.166502,"ALBUQUERQUE 7.7 ENE, NM US",0.9797,GHCND:US1NMBR0366,METERS,-106.5022747,5.6563997262149215
1691.3,2020-09-09,2026-05-06,35.122734,"ALBUQUERQUE 5.2 E, NM US",0.2604,GHCND:US1NMBR0367,METERS,-106.533034,5.653661875427789
2238.5,2020-09-12,2026-05-14,35.083424,"TIJERAS 4.8 E, NM US",0.9986,GHCND:US1NMBR0368,METERS,-106.290099,5.66735112936345
1742.2,2020-12-15,2022-01-04,35.088815,"ALBUQUERQUE 7.1 ESE, NM US",0.8005,GHCND:US1NMBR0371,METERS,-106.503542,1.054072553045859
1702.6,2021-03-03,2026-05-15,35.054044,"ALBUQUERQUE 8.1 ESE, NM US",0.9037,GHCND:US1NMBR0373,METERS,-106.504799,5.19917864476386
1697.1,2021-03-05,2026-05-09,35.169372,"ALBUQUERQUE 5.9 NE, NM US",0.9857,GHCND:US1NMBR0374,METERS,-106.541888,5.177275838466803
2141.5,2021-03-01,2026-05-07,35.149394,"CEDAR CREST 3.0 NNE, NM US",0.991,GHCND:US1NMBR0376,METERS,-106.358339,5.1827515400410675
2092.5,2021-01-01,2026-05-15,35.087618,"TIJERAS 6.1 E, NM US",0.9822,GHCND:US1NMBR0379,METERS,-106.267264,5.366187542778919
1571.2,2021-04-29,2026-05-15,35.0863,"ALBUQUERQUE 2.1 S, NM US",0.9756,GHCND:US1NMBR0384,METERS,-106.6271,5.04312114989733
2071.4,2021-04-18,2022-06-24,35.16355,"SANDIA PARK 2.1 E, NM US",0.6236,GHCND:US1NMBR0385,METERS,-106.32952,1.1827515400410678
1560.0,2021-07-12,2026-05-06,35.101155556,"ALBUQUERQUE 1.2 SSE, NM US",0.5875,GHCND:US1NMBR0388,METERS,-106.6148972222,4.815879534565366
1613.9,2021-06-28,2022-09-15,35.091764,"ALBUQUERQUE 3.6 ESE, NM US",0.991,GHCND:US1NMBR0389,METERS,-106.56974,1.215605749486653
1534.4,2020-12-07,2024-06-30,35.166737,"ALBUQUERQUE 3.5 NNE, NM US",0.4462,GHCND:US1NMBR0391,METERS,-106.60831,3.561943874058864
1648.4,2021-09-01,2026-05-12,35.133146,"ALBUQUERQUE 4.1 ENE, NM US",0.9994,GHCND:US1NMBR0394,METERS,-106.554438,4.692676249144422
1857.8,2021-08-31,2023-09-17,35.187348,"ALBUQUERQUE 8.7 NE, NM US",0.9198,GHCND:US1NMBR0400,METERS,-106.4969854,2.0451745379876796
1605.7,2021-09-24,2026-05-15,35.138962,"ALBUQUERQUE 3.0 ENE, NM US",0.708,GHCND:US1NMBR0403,METERS,-106.57944,4.63791923340178
1785.5,2021-10-02,2026-05-15,35.084,"ALBUQUERQUE 7.8 ESE, NM US",1.0,GHCND:US1NMBR0404,METERS,-106.492,4.616016427104722
1991.3,2021-10-01,2026-05-15,35.198112,"SANDIA PARK 3.4 NE, NM US",0.9573,GHCND:US1NMBR0406,METERS,-106.317278,4.618754277891855
1623.4,2021-12-01,2026-05-14,35.15661,"ALBUQUERQUE 4.0 NE, NM US",0.9865,GHCND:US1NMBR0407,METERS,-106.57164,4.4490075290896645
2319.8,2022-01-26,2024-04-28,34.985556,"CEDRO 2.4 S, NM US",0.341,GHCND:US1NMBR0409,METERS,-106.347778,2.2532511978097194
1690.4,2022-04-09,2026-05-14,35.110261,"ALBUQUERQUE 5.7 E, NM US",1.0,GHCND:US1NMBR0416,METERS,-106.5241504,4.095824777549623
2072.0,2022-04-12,2025-09-13,35.1475,"SANDIA PARK 4.4 ESE, NM US",0.1311,GHCND:US1NMBR0421,METERS,-106.293889,3.4223134839151266
1585.0,2022-07-17,2026-05-14,35.079257,"ALBUQUERQUE 2.7 SSE, NM US",0.9728,GHCND:US1NMBR0427,METERS,-106.612344,3.8247775496235454
1619.1,2019-07-29,2026-05-15,35.180327,"NORTH VALLEY 3.1 E, NM US",0.4732,GHCND:US1NMBR0432,METERS,-106.567811,6.795345653661875
1610.3,2022-09-10,2026-05-09,35.074513,"ALBUQUERQUE 3.2 SSE, NM US",0.2631,GHCND:US1NMBR0434,METERS,-106.602767,3.6605065023956196
1765.1,2022-10-08,2026-05-06,35.059464,"ALBUQUERQUE 9.8 ESE, NM US",0.5394,GHCND:US1NMBR0436,METERS,-106.465774,3.575633127994524
1970.2,2022-10-01,2026-05-06,35.08406,"TIJERAS 0.4 SE, NM US",0.9536,GHCND:US1NMBR0437,METERS,-106.37083,3.594798083504449
1608.4,2023-03-04,2026-05-03,35.16411,"ALBUQUERQUE 4.3 NE, NM US",0.2057,GHCND:US1NMBR0443,METERS,-106.573463,3.164955509924709
1518.5,2024-08-13,2026-05-06,35.115747,"ALBUQUERQUE 0.6 W, NM US",0.7642,GHCND:US1NMBR0446,METERS,-106.635874,1.727583846680356
2277.8,2023-08-09,2024-12-13,34.97313,"TIJERAS 8.4 SSE, NM US",0.5071,GHCND:US1NMBR0447,METERS,-106.32855,1.3470225872689938
1703.8,2023-07-10,2026-05-15,35.052557,"ALBUQUERQUE 8.0 ESE, NM US",0.6551,GHCND:US1NMBR0449,METERS,-106.506269,2.847364818617385
1690.4,2023-09-18,2026-05-13,35.1185427,"ALBUQUERQUE 5.4 E, NM US",0.9133,GHCND:US1NMBR0452,METERS,-106.5292574,2.650239561943874
2077.8,2023-10-21,2026-05-13,35.09437,"EDGEWOOD 4.8 W, NM US",0.6292,GHCND:US1NMBR0454,METERS,-106.2589,2.5598904859685145
1622.5,2023-10-24,2026-05-06,35.09726,"ALBUQUERQUE 4.0 ESE, NM US",0.9762,GHCND:US1NMBR0455,METERS,-106.55825,2.532511978097194
1715.4,2023-12-21,2026-05-15,35.044183,"SANDIA 3.4 E, NM US",0.8347,GHCND:US1NMBR0456,METERS,-106.506263,2.3983572895277208
1914.4,2024-03-22,2026-05-11,35.07654,"TIJERAS 1.2 SW, NM US",0.8015,GHCND:US1NMBR0459,METERS,-106.390536,2.135523613963039
1598.7,2024-04-20,2026-05-15,35.07492,"ALBUQUERQUE 3.1 SSE, NM US",0.8929,GHCND:US1NMBR0460,METERS,-106.6078,2.0670773442847366
2133.9,2024-06-22,2026-05-15,35.127106,"TIJERAS 6.2 NE, NM US",0.7893,GHCND:US1NMBR0461,METERS,-106.2924808,1.894592744695414
2127.5,2024-08-31,2026-05-15,35.15956,"SANDIA PARK 4.1 E, NM US",0.9005,GHCND:US1NMBR0466,METERS,-106.29463,1.702943189596167
2021.7,2025-05-22,2026-05-13,35.18296,"SANDIA PARK 2.4 ENE, NM US",0.7367,GHCND:US1NMBR0469,METERS,-106.3286,0.974674880219028
1593.2,2025-08-17,2026-05-15,35.081626,"ALBUQUERQUE 2.9 SSE, NM US",0.9522,GHCND:US1NMBR0475,METERS,-106.597532,0.7419575633127995
2040.3,2025-11-12,2026-05-15,35.2209625,"SANDIA PARK 4.2 ENE, NM US",0.9568,GHCND:US1NMBR0478,METERS,-106.337125,0.5037645448323066
1613.0,2025-12-17,2026-05-15,35.065272,"ALBUQUERQUE 4.0 SSE, NM US",0.9067,GHCND:US1NMBR0479,METERS,-106.59193,0.4079397672826831
1127.2,2005-06-01,2006-12-19,33.4371,"ROSWELL 5.9 NW, NM US",0.2804,GHCND:US1NMCH0002,METERS,-104.5948,1.5496235455167693
1200.0,2005-11-27,2010-09-23,33.374331,"ROSWELL 10.0 W, NM US",0.5829,GHCND:US1NMCH0003,METERS,-104.702233,4.82135523613963
1090.9,2005-10-24,2020-01-22,33.420165,"ROSWELL 4.1 NNE, NM US",0.2902,GHCND:US1NMCH0004,METERS,-104.490337,14.245037645448322
1107.0,2005-10-18,2026-05-05,33.366548,"ROSWELL 0.3 SSW, NM US",0.5454,GHCND:US1NMCH0005,METERS,-104.531966,20.54483230663929
1125.9,2006-03-24,2012-02-16,33.473133,"ROSWELL 7.6 NNW, NM US",0.9513,GHCND:US1NMCH0007,METERS,-104.577199,5.900068446269678
1113.1,2006-12-21,2021-08-10,33.394356,"ROSWELL 3.5 WNW, NM US",0.283,GHCND:US1NMCH0009,METERS,-104.583025,14.636550308008214
1095.1,2010-08-23,2026-05-05,33.621533,"ROSWELL 17.4 N, NM US",0.9402,GHCND:US1NMCH0011,METERS,-104.50215,15.698836413415469
1105.5,2015-02-27,2015-08-19,33.364298,"ROSWELL 0.5 S, NM US",0.6494,GHCND:US1NMCH0015,METERS,-104.527427,0.4736481861738535
1096.4,2015-03-19,2026-05-02,33.4195404499769,"ROSWELL 3.4 NNE, NM US",0.7017,GHCND:US1NMCH0018,METERS,-104.517182037234,11.121149897330595
1099.7,2015-07-01,2017-05-10,33.40564,"ROSWELL 2.4 N, NM US",0.3412,GHCND:US1NMCH0020,METERS,-104.52861,1.8590006844626967
1437.4,2016-08-25,2026-05-15,34.079856,"ROSWELL 52.1 NNW, NM US",0.889,GHCND:US1NMCH0022,METERS,-104.836628,9.71937029431896
1378.6,2016-09-07,2026-05-15,33.9117088317871,"ROSWELL 38.7 NNW, NM US",0.9878,GHCND:US1NMCH0023,METERS,-104.706527709961,9.683778234086242
1094.8,2017-03-23,2026-05-15,33.44383,"ROSWELL 5.1 N, NM US",0.8141,GHCND:US1NMCH0024,METERS,-104.51511,9.144421629021219
1098.8,2018-01-19,2026-05-15,33.391354,"ROSWELL 1.7 NW, NM US",0.9457,GHCND:US1NMCH0025,METERS,-104.54537,8.317590691307323
1142.7,2018-04-18,2026-05-11,33.718417,"ROSWELL 27.5 NNE, NM US",0.869,GHCND:US1NMCH0026,METERS,-104.295575,8.062970568104038
1121.4,2015-06-07,2026-05-15,33.650767,"ROSWELL 19.3 N, NM US",0.5901,GHCND:US1NMCH0027,METERS,-104.53317,10.937713894592745
1288.7,2018-06-26,2021-07-07,33.851591,"ROSWELL 35.6 NNW, NM US",0.7365,GHCND:US1NMCH0029,METERS,-104.750095,3.030800821355236
1073.8,2018-12-13,2026-05-15,33.376425,"ROSWELL 5.5 E, NM US",0.9152,GHCND:US1NMCH0031,METERS,-104.434679,7.4195756331279945
1086.0,2018-12-01,2026-05-02,33.39736,"ROSWELL 2.0 NNE, NM US",0.9192,GHCND:US1NMCH0032,METERS,-104.51385,7.416837782340862
1106.1,2019-03-12,2024-10-20,33.370286,"ROSWELL 0.7 E, NM US",0.0688,GHCND:US1NMCH0034,METERS,-104.51691,5.6098562628336754
1308.2,2019-04-22,2024-08-05,33.59035167,"ROSWELL 25.3 NW, NM US",0.9928,GHCND:US1NMCH0036,METERS,-104.88150333,5.28952772073922
1149.1,2019-06-22,2026-05-14,33.758513,"ROSWELL 28.5 NNE, NM US",0.9948,GHCND:US1NMCH0037,METERS,-104.362368,6.893908281998631
1106.4,2019-07-09,2026-05-15,33.4543946609459,"ROSWELL 6.0 NNW, NM US",0.974,GHCND:US1NMCH0038,METERS,-104.559560036053,6.850102669404517
1251.5,2022-08-06,2026-05-01,33.71834,"ROSWELL 40.5 NE, NM US",0.2564,GHCND:US1NMCH0043,METERS,-103.96289,3.7344284736481863
1102.8,2004-02-07,2026-05-14,33.445833,"ROSWELL 5.2 N, NM US",0.1519,GHCND:US1NMCH0044,METERS,-104.53722,22.26420260095825
1022.6,2023-09-11,2026-05-15,32.987484,"LAKE ARTHUR 2.5 ESE, NM US",0.9949,GHCND:US1NMCH0046,METERS,-104.322973,2.674880219028063
1110.7,2023-07-19,2026-05-05,33.488772,"ROSWELL 8.1 N, NM US",0.2945,GHCND:US1NMCH0047,METERS,-104.537633,2.7953456536618755
1138.1,2025-10-06,2026-04-01,33.08224,"HAGERMAN 13.0 W, NM US",0.9888,GHCND:US1NMCH0050,METERS,-104.54995,0.48459958932238195
1349.3,2014-05-22,2016-09-18,34.601616,"FORT SUMNER 11.4 NE, NM US",0.1222,GHCND:US1NMDB0002,METERS,-104.103724,2.327173169062286
1202.7,2015-05-04,2026-05-13,34.3577785044909,"FORT SUMNER 9.0 SSE, NM US",0.6336,GHCND:US1NMDB0003,METERS,-104.175947383046,11.025325119780971
1233.2,2015-07-07,2026-05-12,34.471589,"FORT SUMNER 0.5 SSW, NM US",0.7164,GHCND:US1NMDB0004,METERS,-104.241036,10.847364818617386
1251.8,2015-01-01,2023-10-01,34.144912,"FORT SUMNER 28.1 SW, NM US",0.3238,GHCND:US1NMDB0006,METERS,-104.518791,8.747433264887064
1378.0,2019-12-21,2025-01-07,34.495698,"FORT SUMNER 14.1 W, NM US",0.7967,GHCND:US1NMDB0007,METERS,-104.484537,5.048596851471594
1321.9,2020-01-01,2026-05-15,34.597105,"FORT SUMNER 8.9 NNW, NM US",0.9966,GHCND:US1NMDB0008,METERS,-104.296865,6.368240930869268
953.1,2005-07-14,2008-10-06,32.4279,"CARLSBAD 2.1 NE, NM US",0.9119,GHCND:US1NMED0001,METERS,-104.2141,3.2306639288158796
955.9,2005-10-16,2026-05-02,32.453906,"CARLSBAD 3.4 N, NM US",0.994,GHCND:US1NMED0002,METERS,-104.237757,20.542094455852155
951.0,1998-06-17,2013-03-05,32.41677,"CARLSBAD 0.9 NNW, NM US",0.2089,GHCND:US1NMED0004,METERS,-104.24074,14.715947980835045
1089.1,2006-05-25,2010-03-13,32.933251,"LAKE ARTHUR 11.8 WSW, NM US",0.2527,GHCND:US1NMED0005,METERS,-104.551766,3.800136892539357
951.0,2006-07-01,2008-09-09,32.394753,"CARLSBAD 1.8 ESE, NM US",0.9913,GHCND:US1NMED0006,METERS,-104.207425,2.193018480492813
975.4,2007-01-01,2007-05-07,32.32583,"CARLSBAD 5.4 S, NM US",0.9921,GHCND:US1NMED0008,METERS,-104.228,0.34496919917864477
951.0,2007-03-01,2026-05-15,32.432228,"CARLSBAD 2.0 N, NM US",0.9041,GHCND:US1NMED0011,METERS,-104.230251,19.20602327173169
969.9,2007-02-27,2009-12-01,32.367452,"CARLSBAD 2.5 S, NM US",0.9832,GHCND:US1NMED0012,METERS,-104.23459,2.759753593429158
977.8,2007-03-12,2008-11-05,32.31468,"CARLSBAD 6.2 S, NM US",0.9769,GHCND:US1NMED0013,METERS,-104.22531,1.6536618754277892
990.0,2007-03-02,2009-07-18,32.324034,"CARLSBAD 5.6 S, NM US",0.7483,GHCND:US1NMED0017,METERS,-104.252683,2.379192334017796
1784.0,2007-03-03,2020-02-05,32.19081,"CARLSBAD 33.3 WSW, NM US",0.8003,GHCND:US1NMED0018,METERS,-104.747659,12.928131416837783
1011.0,2006-04-12,2016-09-16,32.597925,"CARLSBAD NORTH 15.5 NW, NM US",0.8087,GHCND:US1NMED0019,METERS,-104.419521,10.431211498973306
1007.1,2006-01-01,2016-09-16,32.626975,"ARTESIA 15.5 S LEWIS, NM US",0.7924,GHCND:US1NMED0020,METERS,-104.38326,10.707734428473648
1026.0,2006-05-26,2016-09-28,32.578601,"CARLSBAD 17.1 NW PRICE, NM US",0.8129,GHCND:US1NMED0021,METERS,-104.446118,10.343600273785079
955.9,2007-03-22,2015-10-22,32.446125,"CARLSBAD 2.9 N, NM US",0.0587,GHCND:US1NMED0022,METERS,-104.245769,8.58590006844627
962.6,1998-06-17,2026-05-15,32.430939,"CARLSBAD 2.1 NNW, NM US",0.6822,GHCND:US1NMED0023,METERS,-104.25395,27.90965092402464
1129.9,2007-06-29,2016-12-08,32.46756,"CARLSBAD 19.8 WNW, NM US",0.3677,GHCND:US1NMED0025,METERS,-104.56874,9.44558521560575
1011.6,2008-01-31,2013-10-13,32.66597,"LAKEWOOD 0.9 NE, NM US",0.6318,GHCND:US1NMED0028,METERS,-104.35606,5.700205338809035
945.5,2008-01-31,2011-11-14,32.417585,"CARLSBAD 1.1 NNE, NM US",0.8591,GHCND:US1NMED0029,METERS,-104.227614,3.786447638603696
950.1,2008-09-07,2009-12-21,32.341,"CARLSBAD 5.4 SE, NM US",0.9214,GHCND:US1NMED0031,METERS,-104.1834,1.2867898699520877
1029.6,2008-01-31,2012-03-10,32.784485,"ARTESIA 4.8 SSE, NM US",0.8461,GHCND:US1NMED0032,METERS,-104.395544,4.1067761806981515
976.0,2008-10-01,2009-06-30,32.367018,"CARLSBAD 2.7 SSW, NM US",0.6813,GHCND:US1NMED0033,METERS,-104.251371,0.7446954140999316
951.9,2009-01-08,2014-12-31,32.43634,"CARLSBAD 2.2 N, NM US",0.9433,GHCND:US1NMED0034,METERS,-104.23414,5.976728268309377
961.3,2009-12-02,2013-11-06,32.363512,"CARLSBAD 3.1 SSE, NM US",0.9791,GHCND:US1NMED0037,METERS,-104.214391,3.9288158795345653
978.7,2010-04-18,2026-05-02,32.4215868,"CARLSBAD 1.9 NW, NM US",0.2469,GHCND:US1NMED0038,METERS,-104.2628528,16.03832991101985
968.0,2011-05-07,2014-05-24,32.436,"CARLSBAD 2.6 NNW, NM US",0.8869,GHCND:US1NMED0039,METERS,-104.261,3.047227926078029
1035.4,2011-05-28,2026-05-15,32.89626,"ARTESIA 3.5 NNE, NM US",0.9267,GHCND:US1NMED0043,METERS,-104.41325,14.965092402464066
1001.6,2011-09-15,2017-08-24,32.4816,"CARLSBAD 6.8 NW, NM US",0.0682,GHCND:US1NMED0045,METERS,-104.3084,5.94113620807666
1033.0,2012-03-01,2013-01-11,32.8496521711349,"ARTESIA 1.4 E, NM US",0.7981,GHCND:US1NMED0047,METERS,-104.405966252089,0.865160848733744
953.4,2016-09-11,2018-08-17,32.451703,"CARLSBAD 3.3 N, NM US",0.9037,GHCND:US1NMED0049,METERS,-104.232404,1.9301848049281314
944.9,2018-08-18,2022-08-21,32.371228,"CARLSBAD 4.5 ESE, NM US",0.6771,GHCND:US1NMED0051,METERS,-104.170021,4.008213552361396
952.5,2019-11-06,2020-02-28,32.437114,"CARLSBAD 2.3 N, NM US",0.9565,GHCND:US1NMED0058,METERS,-104.231343,0.31211498973305957
1362.2,2015-02-12,2025-03-09,35.210282,"NEWKIRK 9.7 N, NM US",0.4026,GHCND:US1NMGD0002,METERS,-104.27943,10.069815195071868
1403.9,2019-04-02,2022-06-27,34.934857,"SANTA ROSA 1.2 WSW, NM US",0.1361,GHCND:US1NMGD0005,METERS,-104.694787,3.2361396303901437
1438.7,2019-12-17,2023-07-18,35.129,"NEWKIRK 4.2 N, NM US",0.8985,GHCND:US1NMGD0006,METERS,-104.2704,3.583846680355921
1524.3,2020-01-08,2020-12-09,34.94667,"SANTA ROSA 19.0 E, NM US",0.9941,GHCND:US1NMGD0007,METERS,-104.34144,0.919917864476386
1472.2,2019-12-29,2026-04-11,34.904537,"SANTA ROSA 4.3 SE, NM US",0.8833,GHCND:US1NMGD0008,METERS,-104.616438,6.283367556468172
1384.7,2020-01-01,2026-01-07,34.63587,"FORT SUMNER 17.0 NW, NM US",0.9404,GHCND:US1NMGD0009,METERS,-104.46667,6.017796030116359
1357.6,2020-04-23,2026-05-13,34.76584,"SANTA ROSA 16.6 SE, NM US",0.9946,GHCND:US1NMGD0010,METERS,-104.48034,6.053388090349076
1584.7,2023-04-11,2026-03-03,34.84687,"SANTA ROSA 12.0 SW, NM US",0.4093,GHCND:US1NMGD0011,METERS,-104.85257,2.8939082819986313
1404.2,2023-06-03,2026-05-06,34.8017414,"SANTA ROSA 12.1 SE, NM US",0.5005,GHCND:US1NMGD0012,METERS,-104.5499637,2.924024640657084
2065.0,2005-06-16,2006-12-30,35.0199,"LOS ALAMOS 6.5 SE, NM US",0.8988,GHCND:US1NMLA0003,METERS,-106.2111,1.538672142368241
1197.9,2005-07-01,2023-06-05,32.9578,"LOVINGTON 0.9 NNW, NM US",0.4578,GHCND:US1NMLE0003,METERS,-103.3568,17.927446954141
1200.0,2005-06-01,2010-02-16,32.961,"LOVINGTON 1.4 NW, NM US",0.9559,GHCND:US1NMLE0004,METERS,-103.3653,4.7118412046543465
1199.1,2005-06-29,2013-06-15,32.9407,"LOVINGTON 0.7 WSW, NM US",0.0987,GHCND:US1NMLE0005,METERS,-103.3602,7.96167008898015
1189.9,2005-08-18,2012-05-10,32.9342,"LOVINGTON 0.8 S, NM US",0.443,GHCND:US1NMLE0006,METERS,-103.3517,6.7268993839835725
1100.9,2005-11-01,2013-07-01,32.7012638,"HOBBS 2.1 SE, NM US",0.3486,GHCND:US1NMLE0009,METERS,-103.133075,7.663244353182751
1200.0,2006-02-01,2006-12-12,32.959286,"LOVINGTON 1.2 NNW, NM US",0.7873,GHCND:US1NMLE0010,METERS,-103.361236,0.8596851471594799
1111.0,2007-10-18,2013-12-21,32.739638,"HOBBS 0.4 NNE, NM US",0.1918,GHCND:US1NMLE0015,METERS,-103.158638,6.176591375770021
1095.1,2008-03-22,2012-05-27,32.61837,"HOBBS 8.3 SSE, NM US",0.1067,GHCND:US1NMLE0017,METERS,-103.126929,4.180698151950718
1125.0,2008-03-22,2011-06-16,32.310624,"JAL 26.6 WNW, NM US",0.7022,GHCND:US1NMLE0018,METERS,-103.579967,3.2334017796030117
1098.5,2008-04-01,2019-05-13,32.621998,"HOBBS 8.0 SSE, NM US",0.8857,GHCND:US1NMLE0022,METERS,-103.126483,11.1129363449692
1097.9,2012-01-01,2026-05-15,32.62481,"MONUMENT 1.2 W, NM US",0.9474,GHCND:US1NMLE0026,METERS,-103.28603,14.368240930869268
1108.6,2014-08-05,2022-08-16,32.7188949584961,"HOBBS 2.4 ESE, NM US",0.7181,GHCND:US1NMLE0029,METERS,-103.126121520996,8.030116358658454
910.4,2019-03-07,2024-09-03,32.078258,"JAL 2.6 SSE, NM US",0.238,GHCND:US1NMLE0031,METERS,-103.172407,5.494866529774128
1200.0,2022-08-11,2023-07-26,32.9581542,"LOVINGTON 1.2 NW, NM US",0.9771,GHCND:US1NMLE0039,METERS,-103.364911,0.9555099247091033
2290.9,2005-09-30,2012-12-16,33.417924,"RUIDOSO 4.4 NW, NM US",0.9556,GHCND:US1NMLN0002,METERS,-105.688076,7.211498973305955
2272.9,2006-05-06,2013-11-01,33.412445,"RUIDOSO 3.9 NNW, NM US",0.6602,GHCND:US1NMLN0004,METERS,-105.679485,7.490759753593429
2204.6,2008-10-01,2020-08-02,33.712231,"CAPITAN 12.5 NNW, NM US",0.6862,GHCND:US1NMLN0006,METERS,-105.664563,11.835728952772074
1809.0,2010-07-24,2026-05-15,33.4833,"LINCOLN 1.4 ESE, NM US",0.9046,GHCND:US1NMLN0008,METERS,-105.3629,15.808350444900753
2080.3,2010-11-01,2020-02-11,33.704728,"CAPITAN 11.7 NNW, NM US",0.4997,GHCND:US1NMLN0009,METERS,-105.639936,9.27857631759069
2174.1,2012-07-06,2017-12-18,33.3718246221542,"RUIDOSO 1.7 WNW, NM US",0.3173,GHCND:US1NMLN0012,METERS,-105.67152030766,5.451060917180014
2201.3,1998-06-17,2026-05-15,33.492556,"NOGAL 4.6 SSE, NM US",0.4551,GHCND:US1NMLN0013,METERS,-105.690349,27.90965092402464
2125.1,2015-03-24,2025-12-14,33.515333,"CAPITAN 4.3 WSW, NM US",0.9145,GHCND:US1NMLN0014,METERS,-105.661379,10.726899383983573
2237.8,2015-03-17,2017-05-29,33.4021423012018,"ALTO 2.7 E, NM US",0.241,GHCND:US1NMLN0015,METERS,-105.633337050676,2.2012320328542097
2168.7,2016-03-10,2016-11-18,33.37383,"RUIDOSO 1.2 WNW, NM US",0.9646,GHCND:US1NMLN0016,METERS,-105.660436,0.6926762491444216
1979.7,2016-04-02,2026-05-14,33.542354,"CAPITAN 1.3 WSW, NM US",0.9277,GHCND:US1NMLN0018,METERS,-105.599434,10.113620807665983
1684.3,2016-06-19,2023-08-19,33.553042,"ARABELA 2.5 SSW, NM US",0.9859,GHCND:US1NMLN0019,METERS,-105.187869,7.1649555099247095
2090.9,2016-07-01,2023-01-05,33.33841,"RUIDOSO 2.9 SW, NM US",0.9723,GHCND:US1NMLN0020,METERS,-105.6793,6.513347022587269
1914.4,2016-11-05,2019-02-23,33.579507,"CAPITAN 7.9 WNW, NM US",0.195,GHCND:US1NMLN0021,METERS,-105.72208,2.299794661190965
,2016-11-28,2019-02-23,33.546716,"CAPITAN 8.5 W, NM US",0.1932,GHCND:US1NMLN0022,,-105.740557,2.236824093086927
,2016-11-28,2019-02-23,33.589174,"CAPITAN 12.1 WNW, NM US",0.1932,GHCND:US1NMLN0023,,-105.7951,2.236824093086927
,2016-11-28,2019-02-23,33.583912,"CAPITAN 13.4 WNW, NM US",0.1907,GHCND:US1NMLN0024,,-105.820532,2.236824093086927
2205.5,2016-12-05,2019-10-03,33.425514,"ALTO 1.6 NNE, NM US",0.8509,GHCND:US1NMLN0025,METERS,-105.651056,2.8254620123203287
2073.6,2018-05-16,2021-04-24,34.249805,"CORONA 0.7 W, NM US",0.9553,GHCND:US1NMLN0027,METERS,-105.60875,2.940451745379877
1670.3,2019-09-11,2020-01-15,33.63722222,"CARRIZOZO 0.7 SE, NM US",0.9843,GHCND:US1NMLN0028,METERS,-105.875,0.34496919917864477
2124.2,2019-03-13,2024-02-03,33.3486,"RUIDOSO 1.4 SSW, NM US",0.7719,GHCND:US1NMLN0032,METERS,-105.6563,4.895277207392197
1656.9,2019-03-28,2020-10-08,33.65607,"CARRIZOZO 1.5 NE, NM US",0.3173,GHCND:US1NMLN0034,METERS,-105.862643,1.5331964407939767
1593.5,2019-03-11,2020-06-24,33.381872,"HONDO 0.6 SE, NM US",0.2139,GHCND:US1NMLN0035,METERS,-105.262975,1.2895277207392197
2161.9,2019-04-25,2026-05-08,33.44287,"RUIDOSO 5.6 NNE, NM US",0.8779,GHCND:US1NMLN0036,METERS,-105.60924,7.036276522929501
1610.9,2019-06-03,2020-12-03,33.67197,"CARRIZOZO 2.4 NW, NM US",0.3236,GHCND:US1NMLN0037,METERS,-105.908132,1.5030800821355237
2228.4,2019-08-10,2025-08-18,33.407824,"ALTO 1.9 E, NM US",0.373,GHCND:US1NMLN0038,METERS,-105.625873,6.023271731690623
2216.5,2020-03-29,2026-05-15,33.40704,"ALTO 0.3 N, NM US",0.7789,GHCND:US1NMLN0039,METERS,-105.6586085,6.1273100616016425
2064.1,2021-06-26,2026-05-14,33.44729,"ALTO 4.8 NE, NM US",0.505,GHCND:US1NMLN0041,METERS,-105.5952,4.8815879534565365
2158.6,2022-03-21,2023-10-01,33.4752775,"CAPITAN 5.7 SW, NM US",0.4732,GHCND:US1NMLN0044,METERS,-105.6542323,1.5304585900068446
2058.0,2022-10-17,2026-03-10,33.608151,"CAPITAN 5.9 NE, NM US",0.0975,GHCND:US1NMLN0047,METERS,-105.532951,3.3949349760438055
2977.9,2023-01-16,2026-05-14,33.39665,"ALTO 7.4 W, NM US",0.7539,GHCND:US1NMLN0048,METERS,-105.788631,3.323750855578371
2054.4,2023-03-01,2026-05-15,33.5964,"CAPITAN 5.5 NE, NM US",0.9454,GHCND:US1NMLN0049,METERS,-105.5256,3.2060232717316905
2154.3,2024-03-13,2026-05-09,33.338,"RUIDOSO 3.2 SW, NM US",0.9188,GHCND:US1NMLN0052,METERS,-105.687,2.1546885694729636
1704.1,2024-04-12,2026-05-01,34.08422,"CORONA 18.9 SE, NM US",0.6253,GHCND:US1NMLN0053,METERS,-105.33252,2.0506502395619437
2606.6,2020-08-28,2026-05-13,36.16738,"CHACON 2.3 ENE, NM US",0.9616,GHCND:US1NMMR0013,METERS,-105.33802,5.705681040383299
2734.1,1998-06-17,2026-05-15,32.9319,"CLOUDCROFT 1.8 SW, NM US",0.648,GHCND:US1NMOT0001,METERS,-105.7602,27.90965092402464
2026.9,2005-03-24,2009-03-09,32.9576,"ALAMOGORDO 8.5 NE, NM US",0.6966,GHCND:US1NMOT0002,METERS,-105.8398,3.9589322381930185
1385.9,2005-01-01,2007-06-30,32.9046,"ALAMOGORDO 2.3 NE, NM US",0.5796,GHCND:US1NMOT0005,METERS,-105.9256,2.4914442162902124
1378.9,2005-07-01,2020-11-09,32.8598,"ALAMOGORDO 2.1 SE, NM US",0.5277,GHCND:US1NMOT0006,METERS,-105.9377,15.359342915811089
1475.8,2005-06-21,2007-12-11,32.9791,"LA LUZ 0.7 NE, NM US",0.1394,GHCND:US1NMOT0007,METERS,-105.9304,2.4722792607802875
1263.1,2005-06-11,2026-05-14,32.9386,"ALAMOGORDO 5.1 NW, NM US",0.9887,GHCND:US1NMOT0008,METERS,-106.016119,20.922655715263517
1713.9,2005-06-21,2006-10-08,32.9933,"LA LUZ 3.9 ENE, NM US",0.7263,GHCND:US1NMOT0010,METERS,-105.8756,1.297741273100616
1939.1,2005-06-27,2012-01-10,33.0067,"LA LUZ 6.2 ENE, NM US",0.5898,GHCND:US1NMOT0011,METERS,-105.8415,6.537987679671458
1353.0,2005-07-03,2014-12-13,32.9212,"ALAMOGORDO 2.8 NNE, NM US",0.7563,GHCND:US1NMOT0012,METERS,-105.9409,9.44558521560575
2012.0,2005-06-15,2020-01-09,32.9514,"CLOUDCROFT 5.4 W, NM US",0.9534,GHCND:US1NMOT0013,METERS,-105.8336,14.568104038329912
1381.0,2005-07-01,2018-01-21,32.8996,"ALAMOGORDO 2.1 ENE, NM US",0.8036,GHCND:US1NMOT0015,METERS,-105.9263,12.558521560574949
2005.0,2005-08-25,2013-08-12,32.8937,"CLOUDCROFT 16 ESE, NM US",0.7698,GHCND:US1NMOT0017,METERS,-105.4779,7.964407939767283
1361.8,2005-11-17,2008-02-28,32.919655,"ALAMOGORDO 2.7 NNE, NM US",0.8094,GHCND:US1NMOT0021,METERS,-105.935878,2.2806297056810405
1343.9,2006-01-01,2013-03-04,32.97352,"LA LUZ 3.7 W, NM US",0.2286,GHCND:US1NMOT0022,METERS,-106.00131,7.170431211498974
1275.0,2005-12-01,2006-12-18,32.82747,"ALAMOGORDO 4.0 S, NM US",0.9791,GHCND:US1NMOT0023,METERS,-105.96626,1.0458590006844628
2694.1,2005-11-25,2024-01-22,32.960056,"CLOUDCROFT 0.5 NNW, NM US",0.6777,GHCND:US1NMOT0024,METERS,-105.741256,18.157426420260094
2286.9,2006-03-12,2009-09-18,32.982022,"CLOUDCROFT 11.8 E, NM US",0.6193,GHCND:US1NMOT0026,METERS,-105.537827,3.5208761122518824
2688.9,2006-04-01,2026-05-15,32.94648,"CLOUDCROFT 4.0 E, NM US",0.9551,GHCND:US1NMOT0027,METERS,-105.6714333,20.12046543463381
1380.1,2006-05-15,2017-10-20,32.907921,"ALAMOGORDO 2.3 NE, NM US",0.1295,GHCND:US1NMOT0029,METERS,-105.928221,11.433264887063656
1701.1,2006-05-15,2018-12-26,32.990698,"LA LUZ 3.8 ENE, NM US",0.9123,GHCND:US1NMOT0032,METERS,-105.875786,12.616016427104723
1373.1,2008-07-02,2026-05-01,33.072265,"TULAROSA 0.3 SSW, NM US",0.1078,GHCND:US1NMOT0034,METERS,-106.021169,17.828884325804243
2538.1,2006-06-21,2015-07-28,32.995651,"CLOUDCROFT 4.9 NE, NM US",0.5756,GHCND:US1NMOT0035,METERS,-105.671856,9.100616016427105
1332.9,2006-07-21,2015-10-12,32.905777,"ALAMOGORDO 1.6 NNE, NM US",0.9846,GHCND:US1NMOT0036,METERS,-105.948143,9.22655715263518
2706.9,2006-08-13,2026-05-14,32.95018,"CLOUDCROFT 0.4 ESE, NM US",0.9856,GHCND:US1NMOT0037,METERS,-105.73374,19.750855578370977
2657.9,2006-09-09,2008-12-09,32.897279,"CLOUDCROFT 3.8 S, NM US",0.2928,GHCND:US1NMOT0038,METERS,-105.738862,2.2505133470225873
2801.1,2006-09-08,2015-06-09,32.7904,"SUNSPOT 0.07N, NM US",0.9794,GHCND:US1NMOT0039,METERS,-105.8204,8.750171115674195
2186.0,2006-10-23,2008-12-26,32.64086,"TIMBERON 1.5 NE, NM US",0.7764,GHCND:US1NMOT0040,METERS,-105.68109,2.1765913757700206
1380.1,2009-12-02,2026-05-13,32.910229,"ALAMOGORDO 2.4 NE, NM US",0.9063,GHCND:US1NMOT0042,METERS,-105.928789,16.4435318275154
1861.1,2007-05-09,2026-05-15,33.016244,"LA LUZ 5.8 ENE, NM US",0.9277,GHCND:US1NMOT0044,METERS,-105.853919,19.017111567419576
1847.1,2007-05-15,2009-10-25,33.016377,"LA LUZ 5.5 NE, NM US",0.8592,GHCND:US1NMOT0045,METERS,-105.85889,2.4476386036960984
1380.1,2007-05-01,2026-05-14,33.011144,"ALAMOGORDO 8.8 N, NM US",0.9757,GHCND:US1NMOT0046,METERS,-105.980788,19.0362765229295
1386.8,2007-05-08,2012-02-17,32.951089,"ALAMOGORDO 4.6 N, NM US",0.1511,GHCND:US1NMOT0047,METERS,-105.954712,4.780287474332649
1834.0,2007-05-26,2008-08-12,33.015319,"LA LUZ 5.4 NE, NM US",0.9258,GHCND:US1NMOT0049,METERS,-105.859977,1.215605749486653
1393.9,2007-05-15,2026-05-14,33.076707,"TULAROSA 1.0 E, NM US",0.9663,GHCND:US1NMOT0051,METERS,-106.001663,18.99794661190965
2118.1,2008-07-08,2026-03-11,32.9363,"CLOUDCROFT 5.8 WSW, NM US",0.0324,GHCND:US1NMOT0052,METERS,-105.8375,17.672826830937716
2658.8,2007-11-09,2025-07-26,32.920368,"CLOUDCROFT 2.3 S, NM US",0.9269,GHCND:US1NMOT0056,METERS,-105.747049,17.711156741957563
1829.1,2009-10-09,2012-05-28,32.60984685,"PINON 0.6 S, NM US",0.9107,GHCND:US1NMOT0059,METERS,-105.39457954,2.6338124572210813
1258.5,2010-08-17,2015-07-30,32.78383611,"ALAMOGORDO 7.0 S, NM US",0.979,GHCND:US1NMOT0060,METERS,-105.9574028,4.950034223134839
1325.6,2011-04-06,2015-10-05,32.969631,"ALAMOGORDO 6.8 NNW, NM US",0.2871,GHCND:US1NMOT0061,METERS,-106.017355,4.498288843258043
2062.0,2011-09-22,2015-06-26,32.942369,"HIGH ROLLS 0.8 SE, NM US",0.8523,GHCND:US1NMOT0063,METERS,-105.826213,3.759069130732375
1338.4,2012-08-01,2021-08-13,32.9124984741211,"ALAMOGORDO 2.0 N, NM US",0.7776,GHCND:US1NMOT0065,METERS,-105.951057434082,9.032169746748803
1247.2,2012-08-01,2021-08-12,32.768208,"BOLES ACRES 3.1 SSE, NM US",0.6072,GHCND:US1NMOT0066,METERS,-105.964772,9.02943189596167
2453.3,2012-08-24,2013-08-27,32.960351,"CLOUDCROFT 4.1 E, NM US",0.7995,GHCND:US1NMOT0067,METERS,-105.669451,1.0075290896646132
2416.1,2012-09-03,2014-09-05,32.9576759338379,"CLOUDCROFT 4.7 E, NM US",0.9864,GHCND:US1NMOT0068,METERS,-105.659210205078,2.004106776180698
1703.5,2013-05-10,2025-05-10,32.9887709766626,"LA LUZ 4.3 ENE, NM US",0.1428,GHCND:US1NMOT0071,METERS,-105.867077484727,12.0
1850.1,2013-03-22,2018-01-06,33.00536,"BURRO FLATS 1.0 ENE, NM US",0.9949,GHCND:US1NMOT0072,METERS,-105.8532,4.7939767282683095
2096.1,2013-05-10,2026-05-12,32.83175,"MAYHILL 4.0 SSE, NM US",0.7798,GHCND:US1NMOT0075,METERS,-105.45803,13.00479123887748
2213.5,2013-06-06,2024-12-12,32.9041,"MAYHILL 2.8 WNW, NM US",0.5514,GHCND:US1NMOT0076,METERS,-105.5236,11.51813826146475
2680.1,2014-06-18,2017-08-21,32.948684,"CLOUDCROFT 0.4 SE, NM US",0.8079,GHCND:US1NMOT0078,METERS,-105.735371,3.1759069130732374
1366.7,2015-05-01,2020-02-23,32.9335,"ALAMOGORDO 3.4 N, NM US",1.0,GHCND:US1NMOT0081,METERS,-105.951111,4.815879534565366
2823.1,2015-05-23,2025-12-17,32.78735277,"SUNSPOT 0.2 SSW, NM US",0.9505,GHCND:US1NMOT0082,METERS,-105.8207306,10.570841889117043
1341.1,2017-10-07,2026-05-13,32.919265,"ALAMOGORDO 2.4 NNE, NM US",0.8777,GHCND:US1NMOT0088,METERS,-105.949118,8.596851471594798
2091.8,2019-04-12,2021-07-08,32.907342,"MAYHILL 2.4 WNW, NM US",0.2112,GHCND:US1NMOT0090,METERS,-105.514046,2.239561943874059
1384.7,2019-04-04,2022-09-19,32.86411,"ALAMOGORDO 1.9 SE, NM US",0.6403,GHCND:US1NMOT0092,METERS,-105.93663,3.460643394934976
1349.0,2019-03-22,2021-12-09,32.973,"ALAMOGORDO 6.6 NNW, NM US",0.9648,GHCND:US1NMOT0093,METERS,-105.999,2.7186858316221767
1238.1,2018-08-14,2026-04-12,32.253315,"HOPE 42.0 SSW, NM US",0.6477,GHCND:US1NMOT0094,METERS,-105.005016,7.660506502395619
2429.9,2019-11-16,2025-03-26,32.956435,"CLOUDCROFT 4.7 E, NM US",0.2012,GHCND:US1NMOT0095,METERS,-105.659111,5.3579739904175225
1728.2,2020-03-02,2026-05-15,32.497883,"HOPE 25.9 SSW, NM US",0.9356,GHCND:US1NMOT0097,METERS,-104.96998,6.201232032854209
1384.4,2020-03-04,2026-05-08,32.93765,"ALAMOGORDO 3.7 NNE, NM US",0.9867,GHCND:US1NMOT0098,METERS,-105.94445,6.176591375770021
1404.2,2020-07-19,2025-05-08,32.8981,"ALAMOGORDO 2.4 ENE, NM US",0.992,GHCND:US1NMOT0100,METERS,-105.9195,4.802190280629706
1397.8,2024-10-07,2025-03-11,32.99414,"LA LUZ 2.4 NW, NM US",0.6923,GHCND:US1NMOT0109,METERS,-105.96823,0.4243668720054757
1796.2,2025-06-26,2026-05-07,33.012611,"LA LUZ 5.2 NE, NM US",0.4304,GHCND:US1NMOT0124,METERS,-105.862454,0.8624229979466119
1484.7,2007-08-01,2012-04-05,34.794529,"HOUSE 10.1 N, NM US",0.9567,GHCND:US1NMQY0006,METERS,-103.911543,4.678986995208761
1432.6,2010-05-22,2026-05-14,34.6459084,"HOUSE 0.1 S, NM US",0.9042,GHCND:US1NMQY0014,METERS,-103.9030378,15.978097193702943
1432.6,2010-05-22,2013-02-11,34.6464646,"HOUSE 0.1 S, NM US",0.7944,GHCND:US1NMQY0015,METERS,-103.9030716,2.726899383983573
1444.8,2011-07-16,2026-05-15,34.7065,"MCALISTER 3.7 WNW, NM US",0.9869,GHCND:US1NMQY0020,METERS,-103.83995,14.830937713894592
1499.0,2019-04-03,2022-11-29,34.824208,"TUCUMCARI 23.7 S, NM US",0.7995,GHCND:US1NMQY0033,METERS,-103.741788,3.6577686516084875
1360.3,2022-03-29,2026-05-03,34.86972,"TUCUMCARI 20.8 S, NM US",0.8991,GHCND:US1NMQY0040,METERS,-103.7789,4.095824777549623
2108.9,2012-06-11,2024-03-18,36.0039405822754,"CORDOVA 0.4 SW, NM US",0.1959,GHCND:US1NMRA0035,METERS,-105.866325378418,11.767282683093772
2526.5,2014-11-22,2026-05-10,36.035861,"TRUCHAS 1.4 ESE, NM US",0.9692,GHCND:US1NMRA0040,METERS,-105.789553,11.463381245722108
1310.0,1998-06-17,2013-05-21,34.159758,"ELIDA 15.0 N, NM US",0.342,GHCND:US1NMRV0001,METERS,-103.685339,14.926762491444217
1264.3,2009-01-01,2010-03-08,34.228778,"FLOYD 4.7 WNW, NM US",0.8218,GHCND:US1NMRV0005,METERS,-103.629836,1.1800136892539357
1257.3,2009-02-03,2013-02-21,34.156667,"PORTALES 10.6 W, NM US",0.8953,GHCND:US1NMRV0006,METERS,-103.528341,4.049281314168378
1280.5,2009-02-09,2010-08-24,34.151531,"FLOYD 4.4 S, NM US",0.7669,GHCND:US1NMRV0007,METERS,-103.563658,1.5359342915811087
1357.3,2014-12-22,2026-05-12,33.8128917664289,"ELIDA 9.1 S, NM US",0.9916,GHCND:US1NMRV0022,METERS,-103.647045269608,11.38672142368241
1279.9,2017-06-27,2025-11-24,33.642703,"MILNESAND 0.0 W, NM US",0.3199,GHCND:US1NMRV0027,METERS,-103.34059,8.410677618069816
1389.9,2019-09-30,2026-05-15,33.9551,"ELIDA 5.7 W, NM US",0.8723,GHCND:US1NMRV0031,METERS,-103.7532,6.622861054072553
1332.6,2021-05-01,2022-03-31,33.944568,"ELIDA 0.1 E, NM US",0.9284,GHCND:US1NMRV0034,METERS,-103.65276,0.9144421629021219
1910.8,2012-07-15,2026-05-15,34.34055556,"MOUNTAINAIR 16.7 SW, NM US",0.9844,GHCND:US1NMSC0031,METERS,-106.4391667,13.831622176591376
1984.9,2005-03-10,2026-05-11,35.7368,"SANTA FE 7.7 WNW, NM US",0.997,GHCND:US1NMSF0001,METERS,-106.0718,21.169062286105408
2101.0,2005-03-13,2006-03-28,35.6917,"SANTA FE 1.0 NNW, NM US",0.8504,GHCND:US1NMSF0002,METERS,-105.9598,1.0403832991101984
1738.9,2004-10-01,2006-12-10,35.8951,"SANTA FE 16 NNW, NM US",0.9938,GHCND:US1NMSF0006,METERS,-106.0731,2.190280629705681
2069.9,2005-05-15,2011-04-25,35.6226,"SANTA FE 3.9 SSW, NM US",0.1275,GHCND:US1NMSF0008,METERS,-105.9689,5.943874058863792
2076.9,2005-10-12,2016-01-04,35.6427,"SANTA FE 2.6 SSW, NM US",0.5074,GHCND:US1NMSF0009,METERS,-105.9656,10.22861054072553
2139.1,2005-12-29,2009-09-20,35.59298,"SANTA FE 6.1 SSE, NM US",0.4574,GHCND:US1NMSF0011,METERS,-105.92675,3.7262149212867897
2076.9,2006-09-02,2026-05-13,35.669,"SANTA FE 1.3 WSW, NM US",0.9625,GHCND:US1NMSF0013,METERS,-105.9739,19.693360711841205
2064.1,2006-10-10,2026-02-14,35.541289,"SANTA FE 9.6 S, NM US",0.8377,GHCND:US1NMSF0014,METERS,-105.928434,19.34839151266256
1962.0,2020-08-01,2022-03-31,35.19657,"STANLEY 5.9 NW, NM US",0.8618,GHCND:US1NMSF0017,METERS,-106.066921,1.6618754277891854
2058.0,2008-07-22,2015-02-01,35.176407,"EDGEWOOD 6.4 N, NM US",0.9531,GHCND:US1NMSF0019,METERS,-106.176028,6.529774127310062
2143.7,2009-02-01,2026-05-15,35.6833267,"SANTA FE 1.2 ENE, NM US",0.9959,GHCND:US1NMSF0020,METERS,-105.9344774,17.281314168377822
2236.9,2009-03-11,2017-02-28,35.7152,"SANTA FE 3.3 NE, NM US",0.7109,GHCND:US1NMSF0021,METERS,-105.9175,7.969883641341547
2078.7,2009-03-19,2014-11-17,35.6417118,"SANTA FE 2.6 SSW, NM US",0.2865,GHCND:US1NMSF0022,METERS,-105.9643054,5.664613278576318
2052.5,2010-01-08,2015-07-15,35.525517,"SANTA FE 10.8 S, NM US",0.6918,GHCND:US1NMSF0025,METERS,-105.92323,5.514031485284052
2037.6,2010-02-04,2024-11-18,35.122746,"EDGEWOOD 3.4 NW, NM US",0.7703,GHCND:US1NMSF0026,METERS,-106.211328,14.787132101300479
2005.0,2010-07-29,2011-04-29,35.649307,"SANTA FE 4.0 WSW, NM US",0.4473,GHCND:US1NMSF0030,METERS,-106.01652,0.7501711156741958
2115.6,2010-09-01,2026-05-07,35.536425,"SANTA FE 10.3 SSE, NM US",0.8586,GHCND:US1NMSF0031,METERS,-105.898863,15.679671457905544
2197.3,2010-09-01,2023-09-09,35.54611,"SANTA FE 10.4 SSE, NM US",0.9363,GHCND:US1NMSF0032,METERS,-105.864399,13.021218343600275
2005.0,2011-07-01,2011-12-02,35.550135,"SANTA FE 8.9 S, NM US",0.9677,GHCND:US1NMSF0033,METERS,-105.969703,0.4216290212183436
2075.7,2011-03-01,2016-08-07,35.75704722222,"TESUQUE 0.7 SSW, NM US",0.7448,GHCND:US1NMSF0034,METERS,-105.9286333333,5.437371663244353
2418.6,2011-06-05,2016-04-08,35.714006,"SANTA FE 4.6 ENE, NM US",0.8881,GHCND:US1NMSF0035,METERS,-105.885391,4.843258042436688
2072.6,2011-09-28,2012-10-01,35.528,"SANTA FE 12.3 SSE, NM US",0.6514,GHCND:US1NMSF0037,METERS,-105.836,1.0102669404517455
2121.1,2012-01-11,2026-05-06,35.650279,"SANTA FE 2.0 SSE, NM US",0.5135,GHCND:US1NMSF0039,METERS,-105.943866,14.316221765913758
2111.3,2012-06-01,2015-04-28,35.5253,"SANTA FE 11.2 SSE, NM US",0.9944,GHCND:US1NMSF0042,METERS,-105.88716,2.9048596851471595
2011.1,2012-07-03,2026-05-06,35.48527778,"LAMY 1.3 WNW, NM US",0.3827,GHCND:US1NMSF0043,METERS,-105.9022222,13.839835728952773
1955.6,2012-07-09,2026-05-15,35.6248,"AGUA FRIA 2.0 SW, NM US",0.9976,GHCND:US1NMSF0044,METERS,-106.0437,13.848049281314168
2048.6,2012-09-01,2017-11-14,35.6359326,"SANTA FE 3.5 SSW, NM US",0.6597,GHCND:US1NMSF0046,METERS,-105.9874568,5.201916495550993
1753.5,2012-08-25,2019-10-02,35.42611111,"CERRILLOS 4.5 WSW, NM US",0.4266,GHCND:US1NMSF0047,METERS,-106.2038889,7.101984941820671
2055.9,2012-10-17,2026-04-02,35.552872,"SANTA FE 8.7 S, NM US",0.3623,GHCND:US1NMSF0049,METERS,-105.934367,13.456536618754278
2017.8,2012-11-18,2026-05-15,35.0908,"EDGEWOOD 2.7 W, NM US",0.8673,GHCND:US1NMSF0050,METERS,-106.2212,13.486652977412732
1817.2,2013-01-05,2026-05-14,35.89426167,"POJOAQUE 1.0 E, NM US",0.9213,GHCND:US1NMSF0051,METERS,-105.991165,13.352498288843258
2013.8,2013-01-16,2023-11-06,35.090167,"EDGEWOOD 2.1 WNW, NM US",0.9977,GHCND:US1NMSF0052,METERS,-106.211958,10.803559206023271
2080.3,2013-02-12,2020-03-19,35.7131,"SANTA FE 3.9 NW, NM US",0.2148,GHCND:US1NMSF0053,METERS,-106.00938,7.096509240246407
1904.4,2013-06-03,2026-05-07,35.077516,"STANLEY 4.9 SSE, NM US",0.8422,GHCND:US1NMSF0055,METERS,-105.962567,12.92539356605065
2028.4,2013-07-18,2015-03-20,35.6352577209473,"SANTA FE 3.8 SW, NM US",0.1768,GHCND:US1NMSF0056,METERS,-105.997230529785,1.6700889801505818
2130.6,2013-07-29,2014-08-24,35.740857,"SANTA FE 4.8 NNE, NM US",0.949,GHCND:US1NMSF0057,METERS,-105.916255,1.0704996577686516
2040.3,2013-08-09,2014-08-28,35.684541,"SANTA FE 4.2 W, NM US",0.6442,GHCND:US1NMSF0058,METERS,-106.028852,1.051334702258727
2096.7,2013-08-01,2026-04-12,35.5253,"SANTA FE 11.0 SSE, NM US",0.2678,GHCND:US1NMSF0059,METERS,-105.8998,12.695414099931554
2281.4,2013-09-21,2026-05-11,35.601654,"SANTA FE 6.4 SE, NM US",0.6761,GHCND:US1NMSF0062,METERS,-105.889058,12.635181382614647
2177.8,2013-12-02,2015-11-17,35.637281,"SANTA FE 3.3 SSE, NM US",0.2123,GHCND:US1NMSF0064,METERS,-105.925949,1.9575633127994525
2126.6,2014-06-14,2022-08-20,35.6674995422363,"SANTA FE 0.8 S, NM US",0.0405,GHCND:US1NMSF0067,METERS,-105.952308654785,8.183436002737851
1873.0,2014-08-03,2026-02-20,35.47636667,"SANTA FE 16.0 SSW, NM US",0.5434,GHCND:US1NMSF0068,METERS,-106.0939333,11.550992470910336
2009.9,2014-08-04,2018-10-03,35.5372,"SANTA FE 9.8 S, NM US",0.1399,GHCND:US1NMSF0069,METERS,-105.954,4.164271047227926
2036.4,2014-08-27,2026-05-14,35.5273,"SANTA FE 10.5 S, NM US",0.9862,GHCND:US1NMSF0070,METERS,-105.94142,11.71252566735113
2080.9,2014-11-02,2024-12-05,35.05694444,"EDGEWOOD 3.7 WSW, NM US",0.834,GHCND:US1NMSF0071,METERS,-106.2319444,10.091718001368925
2066.2,2014-04-23,2026-05-14,35.667855,"SANTA FE 1.6 WSW, NM US",0.8143,GHCND:US1NMSF0073,METERS,-105.980155,12.057494866529774
2058.9,2014-11-21,2018-12-06,35.646277,"SANTA FE 2.5 SSW, NM US",0.9106,GHCND:US1NMSF0074,METERS,-105.975392,4.041067761806982
2258.0,2014-11-29,2018-11-18,35.5641,"GLORIETA 1.4 SSE, NM US",0.6465,GHCND:US1NMSF0075,METERS,-105.7607,3.969883641341547
2318.0,2014-11-21,2026-05-14,35.70467,"SANTA FE 3.6 ENE, NM US",0.4054,GHCND:US1NMSF0076,METERS,-105.8992,11.477070499657769
2163.2,2014-11-24,2018-11-01,35.738,"SANTA FE 4.3 NNW, NM US",0.8443,GHCND:US1NMSF0077,METERS,-105.9771,3.9370294318959616
2253.7,2014-11-22,2025-01-13,35.600768,"SANTA FE 6.2 SSE, NM US",0.4647,GHCND:US1NMSF0078,METERS,-105.89895,10.143737166324435
2021.1,2014-12-04,2026-05-06,35.556389,"SANTA FE 8.5 S, NM US",0.8634,GHCND:US1NMSF0079,METERS,-105.963249,11.419575633127995
2040.9,2013-09-19,2026-05-14,35.524927,"SANTA FE 10.7 S, NM US",0.8163,GHCND:US1NMSF0081,METERS,-105.932304,12.648870636550308
1986.4,2015-01-31,2022-10-09,35.624572,"SANTA FE 4.9 SW, NM US",0.5041,GHCND:US1NMSF0082,METERS,-106.011573,7.687885010266941
1959.6,2015-04-08,2021-06-01,35.627803,"SANTA FE 6.3 SW, NM US",0.6217,GHCND:US1NMSF0084,METERS,-106.046829,6.1492128678987
2281.1,2015-07-19,2018-10-31,35.713975,"SANTA FE 3.5 NE, NM US",0.3047,GHCND:US1NMSF0085,METERS,-105.909102,3.2854209445585214
1868.7,2015-06-12,2019-06-22,35.4646,"SANTA FE 15.7 SSW, NM US",0.9912,GHCND:US1NMSF0087,METERS,-106.0464,4.027378507871321
2198.5,2015-10-30,2026-05-07,35.713253,"SANTA FE 2.4 N, NM US",0.1837,GHCND:US1NMSF0088,METERS,-105.948342,10.518822724161533
1771.2,1998-06-17,2026-05-13,35.9908790588379,"ESPANOLA 3.8 ESE, NM US",0.3519,GHCND:US1NMSF0090,METERS,-106.002601623535,27.904175222450377
2162.3,2015-11-11,2019-09-11,35.74305556,"SANTA FE 4.5 N, NM US",0.8729,GHCND:US1NMSF0091,METERS,-105.9397222,3.8329911019849416
1981.5,2020-07-14,2023-07-26,35.640836,"SANTA FE 5.3 WSW, NM US",0.3764,GHCND:US1NMSF0094,METERS,-106.035696,3.030800821355236
2052.5,2016-08-31,2020-11-08,35.512049,"SANTA FE 11.7 S, NM US",0.115,GHCND:US1NMSF0095,METERS,-105.917571,4.188911704312115
1799.5,2016-09-01,2026-05-15,35.903454,"POJOAQUE 0.7 N, NM US",0.8798,GHCND:US1NMSF0096,METERS,-106.010848,9.700205338809035
2214.1,2016-09-08,2020-03-26,35.784495,"TESUQUE 1.7 NE, NM US",0.7423,GHCND:US1NMSF0098,METERS,-105.903562,3.5455167693360714
1948.9,2016-10-03,2018-07-06,35.6304397583008,"SANTA FE 7.0 WSW, NM US",0.2461,GHCND:US1NMSF0099,METERS,-106.063545227051,1.754962354551677
2014.1,2016-10-17,2021-09-21,35.1004486083984,"EDGEWOOD 1.6 NW, NM US",0.8317,GHCND:US1NMSF0100,METERS,-106.194274902344,4.9281314168377826
2238.5,2016-11-26,2026-05-15,35.5894,"GLORIETA 2.4 E, NM US",0.9529,GHCND:US1NMSF0101,METERS,-105.7288,9.464750171115675
1900.1,2016-11-01,2026-05-15,35.4844,"SANTA FE 15.7 SSW, NM US",0.9762,GHCND:US1NMSF0102,METERS,-106.10011,9.533196440793978
1824.8,2017-03-11,2021-10-02,35.89131,"POJOAQUE 0.2 SW, NM US",0.4121,GHCND:US1NMSF0104,METERS,-106.012376,4.561259411362081
2278.7,2017-03-23,2020-06-08,35.635291,"SANTA FE 4.1 SE, NM US",0.7794,GHCND:US1NMSF0105,METERS,-105.904119,3.2114989733059547
1948.6,2017-04-27,2020-10-27,35.627305,"SANTA FE 6.9 WSW, NM US",0.6719,GHCND:US1NMSF0106,METERS,-106.060399,3.5017111567419574
1997.7,2017-10-01,2023-09-12,35.59088,"SANTA FE 6.6 SSW, NM US",0.0934,GHCND:US1NMSF0107,METERS,-106.00146,5.946611909650924
1941.9,2017-05-07,2018-11-10,35.6221,"SANTA FE 7.2 WSW, NM US",0.557,GHCND:US1NMSF0109,METERS,-106.0628,1.51129363449692
2084.8,2017-08-28,2026-05-14,35.701,"SANTA FE 3.3 WNW, NM US",0.785,GHCND:US1NMSF0110,METERS,-106.00578,8.709103353867214
1924.5,2017-09-01,2019-02-28,35.5897,"SANTA FE 8.3 SW, NM US",0.8571,GHCND:US1NMSF0111,METERS,-106.054,1.4921286789869952
2124.2,2018-06-04,2023-09-14,35.6681,"SANTA FE 0.7 S, NM US",0.7745,GHCND:US1NMSF0114,METERS,-105.95482,5.278576317590692
2125.7,2018-06-02,2026-05-15,35.6625,"SANTA FE 1.1 S, NM US",0.979,GHCND:US1NMSF0115,METERS,-105.9518,7.950718685831622
2129.9,2018-09-19,2026-05-15,35.680929,"SANTA FE 0.6 ENE, NM US",0.97,GHCND:US1NMSF0120,METERS,-105.943541,7.652292950034223
2116.5,2018-10-29,2026-05-14,35.22733,"EDGEWOOD 9.9 N, NM US",0.7437,GHCND:US1NMSF0121,METERS,-106.16433,7.540041067761807
2089.7,2018-11-29,2026-05-14,35.52982,"SANTA FE 10.6 SSE, NM US",0.9126,GHCND:US1NMSF0124,METERS,-105.90674,7.455167693360712
1975.1,2019-07-26,2024-10-20,35.70943,"SANTA FE 6.9 WNW, NM US",0.2038,GHCND:US1NMSF0125,METERS,-106.07151,5.23750855578371
1874.8,2019-03-01,2026-05-14,35.396875,"MADRID 0.7 SSW, NM US",0.7207,GHCND:US1NMSF0127,METERS,-106.15852,7.2032854209445585
2058.6,2019-03-22,2020-05-15,35.648004,"SANTA FE 2.5 SW, NM US",0.9644,GHCND:US1NMSF0129,METERS,-105.979365,1.1498973305954825
2046.7,2019-03-20,2026-05-06,35.214522,"MORIARTY 17.0 NNE, NM US",0.9862,GHCND:US1NMSF0131,METERS,-105.893758,7.129363449691992
1891.3,2019-03-21,2026-05-14,35.407777,"MADRID 2.3 W, NM US",0.9081,GHCND:US1NMSF0132,METERS,-106.193486,7.148528405201916
1749.9,2019-04-07,2025-08-05,35.965419,"ESPANOLA 3.4 SE, NM US",0.9304,GHCND:US1NMSF0133,METERS,-106.03076,6.329911019849418
2111.7,2019-04-30,2026-05-06,35.68335,"SANTA FE 0.3 NNW, NM US",0.6755,GHCND:US1NMSF0135,METERS,-105.95574,7.017111567419575
1854.7,2019-05-15,2023-03-20,35.8554,"CUYAMUNGUE 1.3 SE, NM US",0.175,GHCND:US1NMSF0139,METERS,-105.9947,3.8466803559206024
2026.0,2019-07-07,2020-09-28,35.530721,"ELDORADO 0.4 NNE, NM US",0.7133,GHCND:US1NMSF0140,METERS,-105.930751,1.2292950034223136
2148.5,2019-07-21,2022-08-26,35.65291,"SANTA FE 2.1 SSE, NM US",0.1121,GHCND:US1NMSF0142,METERS,-105.93399,3.0992470910335386
2109.8,2019-09-12,2026-05-07,35.69418,"SANTA FE 1.1 NNW, NM US",0.5897,GHCND:US1NMSF0143,METERS,-105.95847,6.650239561943874
2056.8,1998-06-17,2026-05-14,35.527307,"ELDORADO AT SANTA FE 0.5 E, NM US",0.2068,GHCND:US1NMSF0150,METERS,-105.925217,27.906913073237508
2077.2,2020-05-28,2023-05-03,35.152249,"EDGEWOOD 5.7 NW, NM US",0.5182,GHCND:US1NMSF0152,METERS,-106.231763,2.9295003422313486
2072.9,2020-06-06,2026-05-15,35.639623,"SANTA FE 2.8 SSW, NM US",0.9899,GHCND:US1NMSF0153,METERS,-105.967941,5.938398357289528
2203.7,2020-08-27,2026-05-13,35.65055,"SANTA FE 2.7 SE, NM US",0.3169,GHCND:US1NMSF0154,METERS,-105.9204,5.708418891170431
2070.2,2020-07-19,2026-05-15,35.69933,"SANTA FE 3.6 WNW, NM US",0.9911,GHCND:US1NMSF0155,METERS,-106.01292,5.820670773442847
2234.8,2020-07-18,2026-04-11,35.698246,"SANTA FE 2.7 ENE, NM US",0.8276,GHCND:US1NMSF0156,METERS,-105.91206,5.730321697467488
2146.1,2020-07-20,2026-05-14,35.6777,"SANTA FE 0.7 E, NM US",0.7205,GHCND:US1NMSF0157,METERS,-105.9415,5.815195071868583
2259.5,2020-07-28,2022-09-27,35.694621,"SANTA FE 2.7 ENE, NM US",0.875,GHCND:US1NMSF0158,METERS,-105.909383,2.1656399726214923
2111.0,2020-07-20,2026-05-12,35.69457,"SANTA FE 1.1 N, NM US",0.6001,GHCND:US1NMSF0159,METERS,-105.9571,5.809719370294319
2215.9,2020-07-28,2026-05-01,35.608943,"SANTA FE 5.5 SSE, NM US",0.1407,GHCND:US1NMSF0161,METERS,-105.907862,5.757700205338809
2122.3,2020-08-15,2026-05-15,35.53545,"SANTA FE 10.4 SSE, NM US",0.7114,GHCND:US1NMSF0162,METERS,-105.89749,5.746748802190281
2106.5,2020-07-29,2022-02-26,35.7187671,"SANTA FE 3.6 NW, NM US",0.7249,GHCND:US1NMSF0163,METERS,-105.995621,1.5797399041752225
2149.1,2020-08-01,2026-05-13,35.675396,"SANTA FE 0.7 ESE, NM US",0.6506,GHCND:US1NMSF0164,METERS,-105.942706,5.779603011635865
2092.8,2020-07-29,2023-06-02,35.52055,"SANTA FE 11.6 SSE, NM US",0.6073,GHCND:US1NMSF0165,METERS,-105.88535,2.841889117043121
2097.6,2020-03-07,2026-05-14,35.70023,"SANTA FE 3.2 WNW, NM US",0.6398,GHCND:US1NMSF0166,METERS,-106.00416,6.184804928131417
2040.3,2020-09-01,2026-05-14,35.5315135,"SANTA FE 10.2 S, NM US",0.9039,GHCND:US1NMSF0167,METERS,-105.940298,5.6974674880219025
2144.9,2020-07-31,2021-04-18,35.673505,"SANTA FE 0.7 ESE, NM US",0.6031,GHCND:US1NMSF0168,METERS,-105.943035,0.7145790554414785
2070.2,2020-08-03,2026-05-06,35.67755,"SANTA FE 1.5 W, NM US",0.1013,GHCND:US1NMSF0169,METERS,-105.980299,5.754962354551677
2089.1,2020-07-30,2026-05-15,35.5190468,"SANTA FE 11.4 SSE, NM US",0.9589,GHCND:US1NMSF0170,METERS,-105.8997411,5.790554414784395
2012.9,2020-07-29,2025-11-24,35.629011,"SANTA FE 4.3 SW, NM US",0.8118,GHCND:US1NMSF0171,METERS,-106.001827,5.322381930184805
2004.1,2020-08-01,2023-06-28,35.65474,"SANTA FE 4.1 WSW, NM US",0.8409,GHCND:US1NMSF0172,METERS,-106.021723,2.9048596851471595
2026.6,2020-08-04,2021-12-08,35.656978,"SANTA FE 3.2 WSW, NM US",0.935,GHCND:US1NMSF0173,METERS,-106.004221,1.3442847364818618
2110.1,2020-08-05,2021-09-18,35.69346,"SANTA FE 1.0 N, NM US",0.3439,GHCND:US1NMSF0174,METERS,-105.9557,1.1197809719370295
2141.2,2021-06-08,2024-10-20,35.5876,"SANTA FE 6.5 SSE, NM US",0.0934,GHCND:US1NMSF0176,METERS,-105.9262,3.3675564681724848
1876.7,2020-12-24,2026-02-26,35.4637286,"SANTA FE 15.7 SSW, NM US",0.3723,GHCND:US1NMSF0177,METERS,-106.0436081,5.174537987679671
2280.8,2020-10-26,2026-05-15,35.696,"SANTA FE 2.9 ENE, NM US",0.7017,GHCND:US1NMSF0178,METERS,-105.9077,5.549623545516769
1758.1,2021-03-16,2022-10-08,35.9889569,"SANTA CRUZ 0.7 WNW, NM US",0.9895,GHCND:US1NMSF0182,METERS,-106.027314,1.5633127994524298
1848.6,2021-04-04,2024-12-13,35.4285443670303,"LOS CERRILLOS 4.3 E, NM US",0.5741,GHCND:US1NMSF0185,METERS,-106.048552924794,3.693360711841205
2164.4,2020-06-24,2026-05-06,35.652228,"SANTA FE 2.3 SE, NM US",0.8124,GHCND:US1NMSF0186,METERS,-105.930086,5.864476386036961
2073.2,2021-06-07,2026-05-15,35.70668,"SANTA FE 4.1 WNW, NM US",0.6669,GHCND:US1NMSF0187,METERS,-106.01816,4.936344969199179
1923.6,2021-06-30,2026-05-11,35.384456,"MADRID 1.9 SE, NM US",0.9989,GHCND:US1NMSF0189,METERS,-106.130073,4.862422997946612
2144.9,2021-09-16,2025-08-27,35.612594,"SANTA FE 4.7 SSE, NM US",0.1193,GHCND:US1NMSF0191,METERS,-105.935645,3.9452429842573578
1755.0,2022-01-26,2026-05-10,35.887483,"POJOAQUE 2.5 W, NM US",0.8014,GHCND:US1NMSF0192,METERS,-106.053447,4.284736481861739
2239.1,2022-02-21,2026-05-15,35.560013,"SANTA FE 11.1 SE, NM US",0.6071,GHCND:US1NMSF0194,METERS,-105.821592,4.227241615331964
2073.9,2022-03-30,2024-11-21,35.0309,"EDGEWOOD 5.1 SE, NM US",0.8399,GHCND:US1NMSF0195,METERS,-106.1134,2.647501711156742
2100.4,2022-05-22,2026-05-15,35.688192,"SANTA FE 0.7 NNW, NM US",0.7869,GHCND:US1NMSF0197,METERS,-105.95648,3.980835044490075
2083.9,2022-06-10,2025-11-28,35.68397,"SANTA FE 0.9 WNW, NM US",0.5686,GHCND:US1NMSF0198,METERS,-105.96775,3.468856947296372
2113.2,2022-05-30,2026-01-02,35.66673,"SANTA FE 0.8 SSW, NM US",0.1469,GHCND:US1NMSF0199,METERS,-105.958095,3.594798083504449
2074.2,2022-07-24,2026-05-06,35.686916,"SANTA FE 3.2 W, NM US",0.1779,GHCND:US1NMSF0200,METERS,-106.010306,3.783709787816564
2015.3,2022-06-21,2026-05-14,35.644291,"SANTA FE 3.7 SW, NM US",0.9902,GHCND:US1NMSF0202,METERS,-106.003946,3.89596167008898
2070.2,2022-07-02,2026-05-11,35.71723,"SANTA FE 4.6 NW, NM US",0.9645,GHCND:US1NMSF0203,METERS,-106.02178,3.8576317590691307
2023.0,2022-01-18,2026-05-11,35.657901,"SANTA FE 3.3 WSW, NM US",0.2311,GHCND:US1NMSF0204,METERS,-106.007549,4.309377138945927
1848.9,2022-07-28,2025-08-29,35.8928,"NAMBE 0.5 S, NM US",0.7786,GHCND:US1NMSF0206,METERS,-105.972,3.0882956878850103
2080.9,2022-09-02,2023-12-28,35.5288,"SANTA FE 10.6 SSE, NM US",0.6025,GHCND:US1NMSF0209,METERS,-105.9127,1.319644079397673
1948.3,2022-09-17,2026-05-10,35.6246,"SANTA FE 6.8 WSW, NM US",0.9497,GHCND:US1NMSF0210,METERS,-106.05565,3.6440793976728267
2249.4,2023-04-08,2026-05-15,35.71264,"SANTA FE 3.4 NE, NM US",0.7954,GHCND:US1NMSF0214,METERS,-105.911683,3.1019849418206706
2266.5,2023-05-11,2023-11-18,35.2169,"EDGEWOOD 9.4 NNW, NM US",0.9948,GHCND:US1NMSF0215,METERS,-106.2083,0.5229295003422314
2186.0,2023-05-14,2026-05-15,35.711793,"SANTA FE 2.3 N, NM US",1.0,GHCND:US1NMSF0217,METERS,-105.947644,3.0034223134839153
2042.2,2023-05-15,2026-05-06,35.162833,"EDGEWOOD 5.5 N, NM US",0.5303,GHCND:US1NMSF0218,METERS,-106.179942,2.976043805612594
2723.7,2023-09-01,2026-05-06,35.683355,"SANTA FE 0.3 NNE, NM US",1.0,GHCND:US1NMSF0220,METERS,-105.95278,2.6776180698151952
1998.0,2024-04-21,2026-05-06,35.6522,"SANTA FE 4.4 WSW, NM US",0.1649,GHCND:US1NMSF0221,METERS,-106.02472,2.0396988364134154
2277.2,2024-07-03,2026-05-07,35.716056,"SANTA FE 3.7 NE, NM US",0.4421,GHCND:US1NMSF0223,METERS,-105.908273,1.842573579739904
1887.6,2024-08-10,2026-04-15,35.6004,"SANTA FE 10.6 WSW, NM US",1.0,GHCND:US1NMSF0224,METERS,-106.1158,1.678302532511978
2089.1,2024-09-29,2026-05-15,35.70954,"SANTA FE 3.8 NW, NM US",0.904,GHCND:US1NMSF0226,METERS,-106.00983,1.623545516769336
2295.4,2024-09-17,2026-05-06,35.693653,"SANTA FE 2.9 ENE, NM US",0.6516,GHCND:US1NMSF0227,METERS,-105.9066845,1.6317590691307324
1984.6,2025-01-01,2026-05-14,35.619815,"SANTA FE 5.3 SW, NM US",0.7916,GHCND:US1NMSF0228,METERS,-106.016199,1.3634496919917864
2139.7,2025-07-10,2026-05-15,35.71504,"SANTA FE 3.1 NW, NM US",1.0,GHCND:US1NMSF0230,METERS,-105.98753,0.8459958932238193
2234.2,2025-08-30,2026-05-12,35.677616,"SANTA FE 2.6 E, NM US",0.8594,GHCND:US1NMSF0231,METERS,-105.9085505,0.6981519507186859
2039.4,2025-09-04,2026-05-15,35.541254,"SANTA FE 9.5 S, NM US",0.8701,GHCND:US1NMSF0232,METERS,-105.937394,0.6926762491444216
2119.6,2025-09-18,2026-05-15,35.6040171,"SANTA FE 5.2 S, NM US",0.9708,GHCND:US1NMSF0235,METERS,-105.9387586,0.6543463381245722
2134.2,2025-01-31,2026-05-15,35.4687551,"SANTA FE 16.7 SSE, NM US",0.4788,GHCND:US1NMSF0237,METERS,-105.8058561,1.2840520191649556
2122.3,2025-10-10,2026-05-15,35.4537074,"SANTA FE 17.8 SSE, NM US",0.9862,GHCND:US1NMSF0238,METERS,-105.799365,0.5941136208076659
2163.2,2025-10-10,2026-05-15,35.474363,"SANTA FE 16.3 SSE, NM US",0.9587,GHCND:US1NMSF0240,METERS,-105.809234,0.5941136208076659
2239.1,2005-09-23,2008-04-04,35.8,"LAS VEGAS 13 NNE, NM US",0.6454,GHCND:US1NMSM0002,METERS,-105.327,2.529774127310062
2292.1,2008-04-05,2017-05-10,35.668,"LAS VEGAS 8.4 NW, NM US",0.533,GHCND:US1NMSM0005,METERS,-105.3423,9.095140314852841
2003.5,2008-06-28,2023-10-15,35.619759,"LAS VEGAS 1.6 NNW, NM US",0.6773,GHCND:US1NMSM0006,METERS,-105.234246,15.29637234770705
1976.3,2010-11-09,2017-10-20,35.57042,"LAS VEGAS 2.6 SE, NM US",0.9007,GHCND:US1NMSM0007,METERS,-105.188856,6.945927446954141
2209.5,2011-02-23,2026-05-14,35.6227403,"LAS VEGAS 12.1 W, NM US",0.6937,GHCND:US1NMSM0010,METERS,-105.4336806,15.219712525667351
2241.5,2011-03-08,2022-03-23,35.8458137,"ROCIADA 5.6 E, NM US",0.5027,GHCND:US1NMSM0011,METERS,-105.3225947,11.041752224503764
2214.7,2011-03-05,2026-05-14,35.7965,"SAPELLO 5.1 WNW, NM US",0.6503,GHCND:US1NMSM0012,METERS,-105.3395,15.19233401779603
2080.0,2011-08-05,2026-05-09,35.747252,"LAS VEGAS 10.3 N, NM US",0.0807,GHCND:US1NMSM0014,METERS,-105.195087,14.759753593429158
2006.8,2013-05-07,2023-03-13,35.620271,"LAS VEGAS 1.7 NNW, NM US",0.8847,GHCND:US1NMSM0015,METERS,-105.235598,9.848049281314168
1975.4,2013-06-23,2017-12-31,35.53861111,"LAS VEGAS 4.5 SSW, NM US",0.6994,GHCND:US1NMSM0016,METERS,-105.2497222,4.522929500342231
2073.9,2013-06-27,2026-05-02,35.571192,"LAS VEGAS 9.5 WSW, NM US",0.3181,GHCND:US1NMSM0017,METERS,-105.38472,12.845995893223819
2285.1,2013-07-13,2017-10-05,35.612,"PECOS 3.0 NNW, NM US",0.1928,GHCND:US1NMSM0018,METERS,-105.706,4.229979466119096
1974.8,2013-08-06,2020-06-16,35.53946,"LAS VEGAS 4.6 SSW, NM US",0.8548,GHCND:US1NMSM0019,METERS,-105.2542,6.861054072553046
2209.8,2013-08-09,2020-10-04,35.8064,"SAPELLO 3.9 NW, NM US",0.8236,GHCND:US1NMSM0020,METERS,-105.31036,7.15400410677618
2008.0,2015-05-13,2026-05-15,35.42681,"ILFELD 0.7 NE, NM US",0.9915,GHCND:US1NMSM0025,METERS,-105.549466,11.006160164271048
2013.8,2015-05-10,2026-05-15,35.52106,"LAS VEGAS 8.7 SW, NM US",0.9933,GHCND:US1NMSM0026,METERS,-105.3401,11.014373716632443
2153.7,2015-07-08,2026-05-07,35.32508,"ROWE 11.5 S, NM US",0.1314,GHCND:US1NMSM0027,METERS,-105.69491,10.830937713894592
2244.2,2017-07-08,2026-05-10,35.67241667,"PECOS 6.8 N, NM US",0.1716,GHCND:US1NMSM0028,METERS,-105.6876667,8.837782340862423
2063.8,2017-10-27,2019-08-04,35.654913,"LAS VEGAS 5.2 NW, NM US",0.1669,GHCND:US1NMSM0029,METERS,-105.280848,1.7686516084873374
2119.0,2018-10-31,2022-05-08,35.553119,"PECOS 2.1 SW, NM US",0.5723,GHCND:US1NMSM0031,METERS,-105.703787,3.5181382614647503
1491.7,2019-04-01,2022-10-11,35.459386,"SANTA ROSA 37.1 NNE, NM US",0.1845,GHCND:US1NMSM0033,METERS,-104.494199,3.5290896646132786
1946.8,2020-10-06,2022-05-11,35.559291,"LAS VEGAS 2.8 SSW, NM US",0.8096,GHCND:US1NMSM0036,METERS,-105.229983,1.593429158110883
1825.4,2020-10-31,2024-08-28,35.0609,"VILLANUEVA 14.3 S, NM US",0.3569,GHCND:US1NMSM0037,METERS,-105.3194,3.8247775496235454
2158.0,2022-01-09,2026-05-15,35.5254133,"ROWE 2.7 NNW, NM US",0.9641,GHCND:US1NMSM0040,METERS,-105.699935,4.344969199178645
1900.1,2022-02-02,2026-05-07,35.357185,"RIBERA 1.7 SW, NM US",0.991,GHCND:US1NMSM0041,METERS,-105.474142,4.257357973990418
1767.2,2022-07-01,2026-05-13,35.2612,"VILLANUEVA 0.5 SW, NM US",0.5166,GHCND:US1NMSM0042,METERS,-105.3656,3.865845311430527
1982.1,2022-07-18,2023-06-21,35.593711,"LAS VEGAS 0.6 SW, NM US",0.5369,GHCND:US1NMSM0043,METERS,-105.226884,0.9253935660506503
2130.6,2022-09-14,2026-05-15,35.579137,"PECOS 0.3 NNW, NM US",0.3366,GHCND:US1NMSM0044,METERS,-105.681141,3.6659822039698837
1959.9,2023-07-04,2026-05-10,35.591676,"LAS VEGAS 0.5 S, NM US",0.6142,GHCND:US1NMSM0045,METERS,-105.219099,2.8501026694045173
1737.1,2005-03-02,2011-01-25,35.3289,"PLACITAS 1.8 ENE, NM US",0.8145,GHCND:US1NMSN0001,METERS,-106.4357,5.900068446269678
1539.8,2005-04-08,2009-11-19,35.323722,"BERNALILLO 0.7 NE, NM US",0.9573,GHCND:US1NMSN0002,METERS,-106.547444,4.616016427104722
1601.1,2005-08-07,2012-12-05,35.3174,"PLACITAS 3.4 W, NM US",0.8402,GHCND:US1NMSN0016,METERS,-106.5261,7.329226557152635
1528.0,2006-10-23,2016-07-30,35.243213,"CORRALES 1.6 ENE, NM US",0.8616,GHCND:US1NMSN0028,METERS,-106.593587,9.768651608487337
1857.1,2009-01-14,2018-01-11,35.298612,"PLACITAS 2.1 SE, NM US",0.9327,GHCND:US1NMSN0035,METERS,-106.438526,8.991101984941821
1709.9,2010-09-23,2017-02-13,35.319572,"PLACITAS 0.4 W, NM US",0.1109,GHCND:US1NMSN0040,METERS,-106.472594,6.392881587953457
1857.1,2010-11-01,2026-05-15,35.33444444,"PLACITAS 3.8 ENE, NM US",0.9989,GHCND:US1NMSN0045,METERS,-106.4013889,15.534565366187543
1531.9,2012-07-05,2026-05-15,35.2415657043457,"CORRALES 1.3 ENE, NM US",0.9439,GHCND:US1NMSN0076,METERS,-106.59765625,13.859000684462696
1958.0,2013-07-03,2019-02-15,35.238394,"SANDIA PARK 5.5 NNE, NM US",0.3126,GHCND:US1NMSN0081,METERS,-106.322611,5.620807665982204
2008.9,2014-05-01,2026-04-11,35.221935,"SANDIA PARK 4.2 NNE, NM US",0.9661,GHCND:US1NMSN0091,METERS,-106.330147,11.945242984257359
1766.3,2013-10-10,2026-05-12,35.3235,"PLACITAS 2.0 E, NM US",0.8362,GHCND:US1NMSN0092,METERS,-106.4298,12.58590006844627
2016.3,2015-05-22,2026-05-15,35.228709,"SANDIA PARK 5.0 NNE, NM US",0.7044,GHCND:US1NMSN0099,METERS,-106.320381,10.981519507186858
2071.1,2015-09-08,2024-03-30,35.164413,"SANDIA PARK 3.7 ESE, NM US",0.5248,GHCND:US1NMSN0100,METERS,-106.302192,8.558521560574949
1792.2,2016-01-20,2016-10-10,35.305485,"PLACITAS 1.1 SSE, NM US",0.6642,GHCND:US1NMSN0104,METERS,-106.4571667,0.7227926078028748
1554.5,2017-04-28,2026-05-15,35.330627,"BERNALILLO 1.8 NE, NM US",0.9634,GHCND:US1NMSN0109,METERS,-106.530229,9.045859000684462
2083.9,2018-07-01,2020-05-28,35.23121,"ALBUQUERQUE 10.9 NE, NM US",0.6203,GHCND:US1NMSN0111,METERS,-106.4901,1.9082819986310746
1541.4,2018-02-14,2026-05-15,35.30395,"BERNALILLO 0.9 SSE, NM US",0.9257,GHCND:US1NMSN0115,METERS,-106.550464,8.24640657084189
1762.0,2018-11-01,2025-09-15,35.315731,"PLACITAS 2.2 WNW, NM US",0.7384,GHCND:US1NMSN0119,METERS,-106.463556,6.872005475701574
1624.9,2019-05-12,2020-09-13,35.3186,"PLACITAS 2.6 W, NM US",0.3666,GHCND:US1NMSN0140,METERS,-106.5123,1.3415468856947297
1727.9,2021-01-12,2025-08-08,35.3269,"PLACITAS 1.6 ENE, NM US",0.9928,GHCND:US1NMSN0149,METERS,-106.438475,4.569472963723477
1625.5,2021-04-01,2026-05-15,35.320969,"PLACITAS 2.6 W, NM US",0.9562,GHCND:US1NMSN0152,METERS,-106.512278,5.119780971937029
1988.2,2022-04-10,2026-05-11,35.23686,"SANDIA PARK 5.1 NNE, NM US",0.134,GHCND:US1NMSN0164,METERS,-106.33039,4.084873374401095
1612.4,2022-06-21,2025-10-05,35.3113,"PLACITAS 2.5 WSW, NM US",0.8446,GHCND:US1NMSN0166,METERS,-106.5083,3.2908966461327855
1638.0,2024-07-18,2026-05-02,35.3334,"PLACITAS 1.9 WNW, NM US",0.4602,GHCND:US1NMSN0182,METERS,-106.49492,1.787816563997262
2011.7,1998-06-17,2021-01-09,34.506067,"MOUNTAINAIR 1.0 S, NM US",0.5902,GHCND:US1NMTR0001,METERS,-106.242267,22.56536618754278
2055.0,2008-05-01,2026-05-14,34.985467,"EDGEWOOD 7.0 SSW, NM US",0.9964,GHCND:US1NMTR0005,METERS,-106.202333,18.034223134839152
1898.6,2010-12-09,2018-05-23,34.81853333,"MCINTOSH 4.1 SW, NM US",0.1987,GHCND:US1NMTR0006,METERS,-106.0972167,7.452429842573579
2043.4,2011-05-31,2014-11-28,34.738114,"TAJIQUE 1.1 SSE, NM US",0.2465,GHCND:US1NMTR0007,METERS,-106.277857,3.4962354551676933
1896.2,2013-07-20,2016-10-09,34.99511,"MORIARTY 4.3 E, NM US",0.1188,GHCND:US1NMTR0009,METERS,-105.96876,3.2224503764544834
1933.3,2014-08-14,2021-06-28,34.4811,"MOUNTAINAIR 5.8 WSW, NM US",0.8953,GHCND:US1NMTR0010,METERS,-106.3328,6.872005475701574
2008.0,2015-04-01,2017-07-10,34.5213,"MOUNTAINAIR 0.4 W, NM US",0.1514,GHCND:US1NMTR0011,METERS,-106.2495,2.2751540041067764
1947.4,2015-05-15,2026-05-15,34.486918,"MOUNTAINAIR 4.2 WSW, NM US",0.9582,GHCND:US1NMTR0012,METERS,-106.304604,11.000684462696784
2021.4,2015-10-28,2021-09-18,34.5286,"MOUNTAINAIR 4.5 W, NM US",0.5392,GHCND:US1NMTR0013,METERS,-106.321,5.891854893908282
1993.4,2017-07-14,2024-08-29,34.516987,"MOUNTAINAIR 0.3 SSW, NM US",0.7016,GHCND:US1NMTR0015,METERS,-106.244745,7.12662559890486
1919.0,2017-07-21,2026-05-14,34.731476,"ESTANCIA 6.4 WSW, NM US",0.9957,GHCND:US1NMTR0016,METERS,-106.166981,8.813141683778234
1914.1,2017-09-18,2026-05-14,34.710008,"ESTANCIA 7.1 WSW, NM US",0.9886,GHCND:US1NMTR0017,METERS,-106.169656,8.65160848733744
1910.8,2017-09-20,2026-05-14,34.72972,"ESTANCIA 6.4 WSW 2, NM US",0.9908,GHCND:US1NMTR0018,METERS,-106.167438,8.646132785763175
2095.8,2018-06-04,2026-05-15,34.54085,"MOUNTAINAIR 4.8 WNW, NM US",0.2491,GHCND:US1NMTR0019,METERS,-106.322716,7.945242984257358
1983.0,2018-07-08,2026-05-06,34.8486,"ESTANCIA 9.4 NW, NM US",0.8161,GHCND:US1NMTR0020,METERS,-106.18611,7.827515400410678
1992.5,2018-10-26,2026-05-15,34.551433,"MOUNTAINAIR 2.2 N, NM US",0.344,GHCND:US1NMTR0021,METERS,-106.23575,7.5509924709103355
2052.5,2019-03-30,2026-05-06,34.821097,"ESTANCIA 10.6 WNW, NM US",0.1622,GHCND:US1NMTR0024,METERS,-106.231026,7.101984941820671
1872.4,2019-05-16,2021-12-29,34.6536,"ENCINO 1.0 W, NM US",0.3233,GHCND:US1NMTR0025,METERS,-105.476,2.622861054072553
1902.6,2019-07-27,2020-04-14,35.003858,"MORIARTY 0.2 NE, NM US",0.9544,GHCND:US1NMTR0030,METERS,-106.041631,0.7173169062286106
1899.5,2020-04-15,2026-05-15,34.989333,"MORIARTY 1.0 SSW, NM US",0.9914,GHCND:US1NMTR0032,METERS,-106.053068,6.080766598220397
2040.0,2021-04-29,2025-11-30,35.036867,"EDGEWOOD 1.8 SSE, NM US",0.9493,GHCND:US1NMTR0033,METERS,-106.178565,4.588637919233402
1868.4,2022-03-22,2026-05-15,34.844549,"MCINTOSH 4.4 ESE, NM US",0.9993,GHCND:US1NMTR0034,METERS,-105.9784242,4.147843942505133
1888.8,2023-05-13,2026-05-06,34.7431,"ESTANCIA 2.4 WSW, NM US",0.2413,GHCND:US1NMTR0036,METERS,-106.0959,2.9815195071868583
2273.8,2009-07-21,2012-12-30,36.173618,"CHAMISAL 1.0 ESE, NM US",0.888,GHCND:US1NMTS0016,METERS,-105.732282,3.4442162902121836
2389.3,2020-09-15,2026-05-06,36.110121,"CHAMISAL 4.7 SSE, NM US",0.5393,GHCND:US1NMTS0056,METERS,-105.728581,5.637234770704997
2498.1,2018-06-05,2023-04-28,36.1482,"VADITO 3.1 SSE, NM US",0.0827,GHCND:US1NMTS0060,METERS,-105.664,4.895277207392197
1483.2,2005-04-09,2009-10-28,34.862532,"BOSQUE FARMS 0.6 NNW, NM US",0.628,GHCND:US1NMVL0012,METERS,-106.703632,4.553045859000685
1474.9,2005-05-27,2012-09-26,34.7903,"LOS LUNAS 2.8 SE, NM US",0.9806,GHCND:US1NMVL0016,METERS,-106.6971,7.3347022587268995
1485.0,2006-08-26,2026-05-07,34.8695,"BOSQUE FARMS 1.0 N, NM US",0.9736,GHCND:US1NMVL0021,METERS,-106.7015,19.696098562628336
1464.9,2006-09-30,2019-01-14,34.59215,"BELEN 5.1 SSE, NM US",0.9245,GHCND:US1NMVL0023,METERS,-106.74213,12.290212183436003
1546.3,2011-12-03,2021-06-26,34.573079,"BELEN 9.3 SE, NM US",0.8801,GHCND:US1NMVL0025,METERS,-106.651801,9.56331279945243
1479.8,2013-03-09,2026-05-15,34.8083724975586,"LOS LUNAS 3.5 E, NM US",0.9846,GHCND:US1NMVL0027,METERS,-106.676628112793,13.182751540041068
1503.0,2014-06-17,2026-05-15,34.6509,"RIO COMMUNITIES 0.5 N, NM US",0.8814,GHCND:US1NMVL0030,METERS,-106.7194,11.90965092402464
1478.3,2015-01-20,2026-05-12,34.7985877990723,"LOS LUNAS 3.3 ESE, NM US",0.3709,GHCND:US1NMVL0031,METERS,-106.682647705078,11.307323750855579
1475.8,2015-08-01,2026-05-06,34.766429901123,"LOS LUNAS 4.1 SE, NM US",0.134,GHCND:US1NMVL0032,METERS,-106.694854736328,10.76249144421629
1466.1,2016-03-02,2019-02-20,34.653147,"BELEN 1.6 ESE, NM US",0.7661,GHCND:US1NMVL0033,METERS,-106.751045,2.97056810403833
1506.0,2017-03-22,2020-07-24,34.7736,"LOS LUNAS 4.6 SE, NM US",0.1163,GHCND:US1NMVL0035,METERS,-106.6736,3.3401779603011637
1481.6,2017-04-12,2026-05-15,34.8217,"PERALTA 0.6 S, NM US",0.9976,GHCND:US1NMVL0037,METERS,-106.68523,9.089664613278575
1476.1,2019-04-17,2026-05-14,34.77261,"LOS LUNAS 3.6 SE, NM US",0.8422,GHCND:US1NMVL0046,METERS,-106.69793,7.0746064339493495
1686.5,2020-03-14,2026-05-15,34.80361,"LOS LUNAS 11.7 E, NM US",0.9947,GHCND:US1NMVL0051,METERS,-106.53222,6.168377823408624
1476.1,2020-03-12,2026-05-15,34.766713,"LOS LUNAS 3.7 SSE, NM US",0.5434,GHCND:US1NMVL0052,METERS,-106.707238,6.1738535249828885
1485.6,2020-03-25,2026-05-06,34.86332,"BOSQUE FARMS 0.6 N, NM US",0.6893,GHCND:US1NMVL0053,METERS,-106.7022,6.113620807665982
1483.5,2020-04-01,2023-11-20,34.809952,"LOS LUNAS 0.4 ESE, NM US",0.9744,GHCND:US1NMVL0055,METERS,-106.731874,3.6358658453114305
1475.2,2022-02-26,2024-01-07,34.7669,"LOS LUNAS 3.2 S, NM US",0.8385,GHCND:US1NMVL0058,METERS,-106.74092,1.8617385352498288
1460.6,2022-06-18,2026-05-06,34.61254,"BELEN 3.3 SSE, NM US",0.1177,GHCND:US1NMVL0059,METERS,-106.763502,3.8822724161533197
1483.2,2022-12-04,2026-05-14,34.80273,"LOS LUNAS 2.6 ESE, NM US",0.4992,GHCND:US1NMVL0061,METERS,-106.69367,3.4414784394250515
973.5,2010-02-11,2026-05-10,32.053333,"ANDREWS 26.7 SW, TX US",0.2791,GHCND:US1TXAD0002,METERS,-102.8796,16.240930869267626
973.5,2025-05-28,2026-03-03,32.3241,"ANDREWS 0.5 WNW, TX US",0.5821,GHCND:US1TXAD0004,METERS,-102.557,0.7638603696098563
1567.0,2007-09-14,2026-05-14,30.276384,"ALPINE 7.9 SE, TX US",0.8362,GHCND:US1TXBRS001,METERS,-103.579714,18.663928815879533
1339.9,2012-04-13,2014-07-31,30.3818012,"ALPINE 1.4 NNE, TX US",0.444,GHCND:US1TXBRS014,METERS,-103.6562591,2.297056810403833
1627.0,2012-10-17,2015-05-20,30.255758,"ALPINE 9.0 SE, TX US",0.4778,GHCND:US1TXBRS016,METERS,-103.578413,2.5872689938398357
1374.6,2001-07-01,2026-05-15,30.36085,"ALPINE 0.7 WSW, TX US",0.4611,GHCND:US1TXBRS021,METERS,-103.67705,24.870636550308006
1388.7,2022-07-27,2025-03-26,30.346566,"ALPINE 1.4 SW, TX US",0.6232,GHCND:US1TXBRS041,METERS,-103.679238,2.6639288158795345
1607.8,2022-10-10,2026-05-07,30.268967,"ALPINE 8.4 SE, TX US",0.124,GHCND:US1TXBRS043,METERS,-103.576469,3.572895277207392
1000.0,2023-03-01,2026-05-14,30.202974,"MARATHON 0.7 W, TX US",0.9983,GHCND:US1TXBRS044,METERS,-103.253877,3.2032854209445585
1331.4,2013-02-01,2024-01-24,31.71235,"VAN HORN 48.6 NNE, TX US",0.6713,GHCND:US1TXCLB001,METERS,-104.5901833,10.976043805612594
1169.2,2013-03-20,2026-05-15,31.061294,"VAN HORN 6.0 ENE, TX US",0.8986,GHCND:US1TXCLB003,METERS,-104.736904,13.152635181382614
712.0,2007-09-13,2008-04-10,30.709869,"OZONA 0.3 NNW, TX US",0.9668,GHCND:US1TXCRK001,METERS,-101.207797,0.5749486652977412
698.9,2009-01-20,2018-01-01,30.4819,"OZONA 26.8 SW, TX US",0.7391,GHCND:US1TXCRK003,METERS,-101.5744,8.947296372347708
644.0,2009-06-26,2010-05-29,30.6648,"SHEFFIELD 7.9 ESE, TX US",0.9349,GHCND:US1TXCRK006,METERS,-101.6952,0.9226557152635181
695.2,2010-10-18,2021-08-18,30.42808,"OZONA 20.9 SSW, TX US",0.6991,GHCND:US1TXCRK012,METERS,-101.34386,10.833675564681725
651.7,2011-02-07,2012-06-06,30.3863,"OZONA 23.2 SSE, TX US",0.323,GHCND:US1TXCRK013,METERS,-101.087719,1.3278576317590691
781.8,2010-12-24,2012-06-30,31.03517,"BIG LAKE 11.0 S, TX US",0.3081,GHCND:US1TXCRK014,METERS,-101.450222,1.516769336071184
737.0,2010-12-01,2012-09-29,30.62695,"OZONA 13.6 WSW, TX US",0.2885,GHCND:US1TXCRK015,METERS,-101.4161,1.8288843258042438
629.1,2011-01-08,2019-05-09,30.459009,"OZONA 20.3 SSE, TX US",0.0798,GHCND:US1TXCRK016,METERS,-101.020424,8.331279945242985
566.0,2011-12-27,2014-02-06,30.382538,"OZONA 36.4 SW, TX US",0.7982,GHCND:US1TXCRK020,METERS,-101.689839,2.113620807665982
649.5,2012-01-11,2021-08-18,30.42483,"OZONA 19.6 S, TX US",0.6619,GHCND:US1TXCRK024,METERS,-101.1596,9.60164271047228
732.1,2009-03-01,2010-06-12,31.2816,"CRANE 8.7 SSW, TX US",0.9979,GHCND:US1TXCRN001,METERS,-102.4213,1.2813141683778233
888.2,2012-09-05,2017-09-24,31.8512,"ODESSA 3.5 WSW, TX US",0.1354,GHCND:US1TXEC0001,METERS,-102.4008,5.0513347022587265
901.3,2014-05-26,2026-05-15,31.8448996,"ODESSA 8.3 WSW, TX US",0.9858,GHCND:US1TXEC0002,METERS,-102.4858042,11.969883641341546
920.5,2021-01-16,2026-05-15,31.9355,"ODESSA 4.2 N, TX US",0.9353,GHCND:US1TXEC0004,METERS,-102.3468,5.325119780971937
893.7,2022-02-01,2023-02-26,31.9365041,"ODESSA 5.5 NE, TX US",0.9923,GHCND:US1TXEC0005,METERS,-102.291024,1.0677618069815196
878.7,2024-07-08,2025-12-31,31.87585,"ODESSA 1.9 E, TX US",0.7915,GHCND:US1TXEC0009,METERS,-102.31617,1.4811772758384667
1118.3,2013-05-24,2016-08-24,31.84473,"SALT FLAT 10.7 NE, TX US",0.0942,GHCND:US1TXHDS032,METERS,-104.95521,3.252566735112936
1769.1,2007-10-03,2010-11-19,30.5996124,"FORT DAVIS 11.6 W, TX US",0.9423,GHCND:US1TXJD0001,METERS,-104.088989,3.1293634496919918
1603.2,2007-10-28,2011-06-10,30.616449,"FORT DAVIS 6.3 WNW, TX US",0.8858,GHCND:US1TXJD0002,METERS,-103.994064,3.6167008898015056
1456.6,2012-03-28,2013-01-02,30.606041,"FORT DAVIS 4.0 ENE, TX US",0.7829,GHCND:US1TXJD0004,METERS,-103.829899,0.7665982203969883
1499.9,2012-01-25,2026-05-15,30.565231,"FORT DAVIS 1.7 SSE, TX US",0.9355,GHCND:US1TXJD0005,METERS,-103.884153,14.302532511978097
1503.0,2017-03-01,2026-05-15,30.592978,"FORT DAVIS 0.3 NNW, TX US",0.9964,GHCND:US1TXJD0008,METERS,-103.895849,9.204654346338124
1264.3,2017-09-04,2026-05-15,31.060993,"KENT 4.6 E, TX US",0.9987,GHCND:US1TXJD0009,METERS,-104.140699,8.692676249144421
1801.1,2021-02-01,2025-06-11,30.6301965,"FORT DAVIS 12.6 WNW, TX US",0.3719,GHCND:US1TXJD0010,METERS,-104.1001825,4.355920602327173
1918.4,2023-07-01,2025-11-07,30.624319,"FORT DAVIS 14.3 W, TX US",0.2102,GHCND:US1TXJD0011,METERS,-104.131002,2.3545516769336072
869.9,2009-02-25,2010-02-21,31.935841,"MIDLAND 7.8 SW, TX US",0.6657,GHCND:US1TXMDL005,METERS,-102.179297,0.9883641341546886
854.0,2010-08-18,2026-05-08,31.85215,"MIDLAND 12.1 S, TX US",0.9962,GHCND:US1TXMDL018,METERS,-102.07606,15.720739219712526
876.0,2013-03-01,2022-07-23,31.902222,"ODESSA 4.8 ENE, TX US",0.9959,GHCND:US1TXMDL025,METERS,-102.273056,9.39356605065024
859.2,2025-03-14,2026-05-09,31.8269244,"ODESSA 6.9 ESE, TX US",0.9834,GHCND:US1TXMDL065,METERS,-102.245321,1.1526351813826146
793.4,2009-01-27,2018-09-18,30.827003,"IRAAN 11.0 WSW, TX US",0.9426,GHCND:US1TXPC0002,METERS,-102.055497,9.639972621492129
1037.5,2009-01-29,2012-07-16,30.7611,"FORT STOCKTON 25.8 ESE, TX US",0.2221,GHCND:US1TXPC0003,METERS,-102.4781,3.460643394934976
965.9,2009-04-24,2014-12-22,30.7052,"FORT STOCKTON 24.7 ESE, TX US",0.9159,GHCND:US1TXPC0004,METERS,-102.53,5.661875427789186
819.9,2009-04-01,2019-05-03,31.0582,"FORT STOCKTON 11.5 N, TX US",0.5588,GHCND:US1TXPC0005,METERS,-102.8883,10.08624229979466
712.0,2010-03-01,2017-07-08,30.983514,"MCCAMEY 10.5 S, TX US",0.7451,GHCND:US1TXPC0011,METERS,-102.185276,7.353867214236824
763.5,1998-06-17,2017-07-07,30.825712,"IRAAN 8.4 SW, TX US",0.2887,GHCND:US1TXPC0012,METERS,-101.999474,19.055441478439427
918.1,2014-04-02,2014-11-15,30.883427,"FORT STOCKTON 0.6 SSW, TX US",0.7456,GHCND:US1TXPC0020,METERS,-102.89106,0.621492128678987
905.6,2021-03-07,2026-05-13,30.9184,"FORT STOCKTON 4.1 WNW, TX US",0.981,GHCND:US1TXPC0022,METERS,-102.9477,5.1827515400410675
1439.9,2014-01-01,2023-07-04,30.323127,"MARFA 1.0 NNE, TX US",0.7716,GHCND:US1TXPS0001,METERS,-104.016231,9.503080082135524
994.9,2018-01-01,2026-05-15,30.9597,"BALMORHEA 2.1 SW, TX US",0.9535,GHCND:US1TXRV0002,METERS,-103.7633,8.366872005475702
596.2,2008-12-18,2026-05-10,30.0688,"DRYDEN 17.7 NE, TX US",0.5508,GHCND:US1TXTL0001,METERS,-101.8204,17.39082819986311
770.8,2009-01-07,2012-11-21,30.2453,"SANDERSON 11.7 ENE, TX US",0.8049,GHCND:US1TXTL0002,METERS,-102.2434,3.871321013004791
738.8,2009-02-18,2014-05-08,30.584,"SHEFFIELD 13.0 SW, TX US",0.0635,GHCND:US1TXTL0003,METERS,-102.0041,5.215605749486653
811.1,2009-04-06,2012-11-21,30.6169,"IRAAN 20.4 S, TX US",0.7941,GHCND:US1TXTL0004,METERS,-101.9139,3.6276522929500343
779.1,2011-02-04,2013-09-21,30.4805,"SANDERSON 30.0 NE, TX US",0.2393,GHCND:US1TXTL0005,METERS,-102.0765,2.628336755646817
450.5,2022-08-25,2026-05-13,29.889384,"DRYDEN 23.0 SE, TX US",0.9912,GHCND:US1TXTL0007,METERS,-101.798511,3.7152635181382614
776.9,2009-04-06,2009-11-30,31.2507,"CRANE 10.4 SSE, TX US",0.8033,GHCND:US1TXUT0001,METERS,-102.2866,0.6516084873374401
137.5,2009-04-03,2013-06-15,29.759493,"COMSTOCK 5.4 NNW, TX US",0.1218,GHCND:US1TXVV0008,METERS,-101.208433,4.199863107460644
605.9,2009-12-30,2025-08-12,30.06429,"COMSTOCK 29.7 NW, TX US",0.9013,GHCND:US1TXVV0009,METERS,-101.408333,15.616700889801505
611.4,2010-02-04,2019-01-12,30.15238,"LANGTRY 25.3 NNW, TX US",0.2717,GHCND:US1TXVV0011,METERS,-101.709,8.936344969199178
494.7,2010-03-23,2026-05-15,29.83067,"LANGTRY 10.6 W, TX US",0.9101,GHCND:US1TXVV0014,METERS,-101.7334,16.145106091718002
417.0,2010-03-26,2022-05-02,29.700233,"COMSTOCK 8.5 WNW SEMINOLE CANYON, TX US",0.3603,GHCND:US1TXVV0015,METERS,-101.3133,12.101300479123887
609.3,2012-12-13,2016-08-16,30.080514,"LANGTRY 21.7 NW, TX US",0.1065,GHCND:US1TXVV0021,METERS,-101.738355,3.67419575633128
464.5,2013-01-01,2016-12-31,29.968693,"DEL RIO 43.7 NNW, TX US",0.7775,GHCND:US1TXVV0022,METERS,-101.150038,3.997262149212868
484.3,2020-02-07,2026-05-13,29.68617,"COMSTOCK 0.2 NE, TX US",0.9917,GHCND:US1TXVV0037,METERS,-101.17183,6.261464750171116
873.9,2013-06-13,2014-04-21,31.8582051247358,"KERMIT 0.4 NE, TX US",0.4537,GHCND:US1TXWN0002,METERS,-103.086808249354,0.8542094455852156
1335.0,1909-07-01,2009-01-31,32.9181,"ALAMOGORDO, NM US",0.9595,GHCND:USC00290199,METERS,-105.955,99.58658453114305
,1892-01-01,1943-09-28,32.86667,"ALAMOGORDO 1, NM US",0.8175,GHCND:USC00290200,,-105.93333,51.73716632443532
1312.5,1948-01-01,1975-02-28,34.6033,"SUMNER LAKE, NM US",0.9954,GHCND:USC00290205,METERS,-104.3811,27.159479808350444
1565.1,1935-05-01,1954-01-31,35.1,"NETHERWOOD PARK, NM US",0.9793,GHCND:USC00290222,METERS,-106.61667,18.754277891854894
1637.1,2024-01-01,2025-06-28,35.0376,"ALBUQUERQUE WEATHER FORECAST OFFICE, NM US",0.9761,GHCND:USC00290223,METERS,-106.6223,1.4893908281998631
1827.0,1991-10-01,2026-05-06,35.13156,"ALBUQUERQUE FOOTHILLS NE, NM US",0.9367,GHCND:USC00290225,METERS,-106.49516,34.59548254620123
2255.5,1905-05-01,1909-03-31,33.4,"ALTO, NM US",0.8526,GHCND:USC00290285,METERS,-105.68333,3.915126625598905
1866.9,1909-07-01,1971-12-31,33.93333,"ANCHO, NM US",0.9641,GHCND:USC00290394,METERS,-105.75,62.49965776865161
1634.9,1901-10-20,1945-09-30,33.63333,"ARABELLA NEAR, NM US",0.4213,GHCND:USC00290508,METERS,-105.16667,43.945242984257355
1026.0,1905-06-01,2026-05-15,32.7547,"ARTESIA 6 S, NM US",0.9615,GHCND:USC00290600,METERS,-104.3835,120.95277207392198
1950.7,1916-04-01,1929-08-31,33.53333,"BACA RANCH RANGER STATION, NM US",0.8455,GHCND:USC00290720,METERS,-105.36667,13.415468856947296
2095.5,1914-07-01,1925-12-31,35.08333,"BARTON, NM US",0.9967,GHCND:USC00290765,METERS,-106.25,11.501711156741958
1464.0,1941-11-01,1976-05-31,34.66667,"BELEN, NM US",0.8643,GHCND:USC00290846,METERS,-106.76667,34.57905544147844
1539.8,1895-05-01,1982-08-31,35.31667,"BERNALILLO, NM US",0.564,GHCND:USC00290903,METERS,-106.55,87.33196440793976
1116.8,1950-12-01,2024-06-30,33.4594,"BITTER LAKES WL REFUGE, NM US",0.9456,GHCND:USC00290992,METERS,-104.4041,73.57973990417523
2150.4,1948-07-01,1951-09-30,33.4486,"BONITO DAM, NM US",0.9832,GHCND:USC00291120,METERS,-105.6847,3.247091033538672
979.3,1987-08-01,2026-05-15,32.5158,"BRANTLEY DAM, NM US",0.8992,GHCND:USC00291153,METERS,-104.3828,38.78713210130048
1866.6,1953-06-11,1953-12-31,35.55,"TURQUOISE BONANZA CR, NM US",1.0,GHCND:USC00291236,METERS,-106.1,0.5557837097878165
1598.7,1915-01-01,1923-11-30,34.45,"BUCHANAN, NM US",0.9521,GHCND:USC00291249,METERS,-104.83333,8.91170431211499
2590.8,1896-08-01,1899-01-31,35.66667,"BUCKMANS, NM US",0.9836,GHCND:USC00291254,METERS,-106.11667,2.4996577686516086
1396.0,1927-09-01,1998-05-31,34.90389,"CAMERON, NM US",0.8203,GHCND:USC00291332,METERS,-103.44278,70.7460643394935
1236.3,1942-01-01,2012-07-03,34.27528,"CANTON, NM US",0.8918,GHCND:USC00291423,METERS,-104.16361,70.50239561943874
1975.1,1909-07-01,2014-09-24,33.5311,"CAPITAN, NM US",0.8523,GHCND:USC00291440,METERS,-105.5947,105.23203285420945
1319.2,2007-07-01,2026-05-13,33.34333,"CAPROCK, NM US",0.9842,GHCND:USC00291445,METERS,-103.67823,18.86652977412731
1302.1,1929-05-01,1951-09-30,33.35,"CAPROCK 6 SE, NM US",0.1935,GHCND:USC00291446,METERS,-103.63333,22.414784394250514
951.0,1900-02-01,2021-01-28,32.3479,"CARLSBAD, NM US",0.9642,GHCND:USC00291469,METERS,-104.2224,120.9883641341547
1351.8,1935-01-01,2024-08-31,32.1783,"CARLSBAD CAVERNS, NM US",0.9092,GHCND:USC00291480,METERS,-104.4433,89.66461327857631
1647.4,1908-06-01,2011-10-31,33.6308,"CARRIZOZO 1 SW, NM US",0.9629,GHCND:USC00291515,METERS,-105.8964,103.41409993155374
1891.0,1895-07-01,1938-12-31,32.1,"CARSON SEEP NEAR, NM US",0.6051,GHCND:USC00291532,METERS,-104.76667,43.49897330595483
1737.4,1905-11-01,1945-08-31,35.43333,"CERRILLOS, NM US",0.0964,GHCND:USC00291615,METERS,-106.11667,39.83025325119781
2591.4,1909-07-22,1985-08-31,36.16667,"CHACON, NM US",0.9039,GHCND:USC00291653,METERS,-105.38333,76.10951403148529
2454.6,1985-10-01,2010-01-31,36.12111,"CHACON 2 S, NM US",0.9425,GHCND:USC00291656,METERS,-105.37556,24.334017796030118
1158.8,1955-11-01,1963-07-31,32.03333,"CIENEGA 5 SSW, NM US",0.9636,GHCND:USC00291807,METERS,-105.1,7.745379876796714
1645.9,1980-03-01,1995-01-31,33.9,"CIRCLE F RANCH, NM US",0.9145,GHCND:USC00291840,METERS,-105.0,14.91854893908282
1958.0,1940-05-01,1952-09-30,34.13333,"CLAUNCH, NM US",0.8386,GHCND:USC00291870,METERS,-106.0,12.41615331964408
2196.1,1959-07-01,1968-11-30,35.05,"CLINES CORNERS, NM US",0.8399,GHCND:USC00291913,METERS,-105.68333,9.418206707734429
2110.4,1968-12-10,2013-12-31,34.9319,"CLINES CORNERS 7 SE, NM US",0.8231,GHCND:USC00291918,METERS,-105.5872,45.05681040383299
2688.6,1901-12-01,1987-06-30,32.96667,"CLOUDCROFT, NM US",0.866,GHCND:USC00291927,METERS,-105.75,85.57700205338809
2653.9,1948-06-01,1949-10-31,32.95,"CLOUDCROFT 2, NM US",0.529,GHCND:USC00291929,METERS,-105.73333,1.4154688569472964
2658.8,1987-09-01,2026-05-15,32.91998,"CLOUDCROFT, NM US",0.9616,GHCND:USC00291931,METERS,-105.74721,38.70225872689939
2692.9,1973-12-01,1979-05-31,32.96667,"CLOUD COUNTRY CLUB, NM US",0.9686,GHCND:USC00291933,METERS,-105.75,5.494866529774128
2028.1,1909-07-01,1977-02-28,34.25,"CORONA, NM US",0.9775,GHCND:USC00292093,METERS,-105.58333,67.66324435318275
2036.1,1992-10-01,2015-02-28,34.1491,"CORONA 10 SW, NM US",0.9465,GHCND:USC00292095,METERS,-105.6975,22.409308692676248
1981.2,1977-12-01,1992-09-30,34.1,"CORONA LINCOLN COMPRESSOR STATION, NM US",0.9668,GHCND:USC00292096,METERS,-105.68333,14.830937713894592
1531.9,1982-10-06,2025-10-14,35.2488,"CORRALES, NM US",0.9146,GHCND:USC00292100,METERS,-106.595,43.02258726899384
2471.0,1894-07-01,1964-10-31,35.81667,"COWLES, NM US",0.7884,GHCND:USC00292139,METERS,-105.66667,70.33264887063655
1767.8,1909-07-01,1914-09-30,33.81667,"COYOTE, NM US",0.9692,GHCND:USC00292150,METERS,-105.83333,5.248459958932238
1261.3,1929-05-01,2001-05-31,33.51333,"CROSSROADS 2, NM US",0.91,GHCND:USC00292207,METERS,-103.34028,72.08213552361396
1476.1,1948-01-01,1952-04-30,35.03333,"CUERVO, NM US",0.7642,GHCND:USC00292281,METERS,-104.41667,4.328542094455853
2099.8,1909-04-01,1923-09-30,35.95,"CUNDIYO, NM US",0.9862,GHCND:USC00292315,METERS,-105.9,14.496919917864476
1196.0,2005-08-01,2017-10-19,32.2766,"DARK CANYON ROAD, NM US",0.9247,GHCND:USC00292365,METERS,-104.5136,12.216290212183436
1569.7,1941-11-01,2022-09-30,35.1841,"DILIA, NM US",0.9521,GHCND:USC00292510,METERS,-105.0569,80.91170431211499
1662.1,1947-01-01,1948-08-31,32.81667,"DUNKEN, NM US",0.9245,GHCND:USC00292620,METERS,-105.2,1.6646132785763177
1229.0,1948-06-01,1961-09-30,34.13333,"DUNLAP 4 NE, NM US",0.8897,GHCND:USC00292625,METERS,-104.5,13.330595482546201
1915.7,1908-07-01,1951-09-30,34.4691,"DURAN, NM US",0.717,GHCND:USC00292665,METERS,-105.3975,43.24709103353867
1072.9,1968-03-01,1986-07-31,32.535,"WESTERN AG MINERALS, NM US",0.9903,GHCND:USC00292677,METERS,-103.93556,18.414784394250514
2439.9,1948-06-03,1949-10-09,33.4,"EAGLE CREEK INTAKE, NM US",0.917,GHCND:USC00292694,METERS,-105.7,1.3497604380561259
2073.9,1944-07-01,1959-08-31,35.05,"EDGEWOOD, NM US",0.9832,GHCND:USC00292751,METERS,-106.13333,15.16495550992471
2106.2,1998-06-01,2008-01-31,35.1675,"EDGEWOOD CEDAR GROVE, NM US",0.9997,GHCND:USC00292753,METERS,-106.2061,9.66735112936345
1554.5,1923-05-01,1924-09-30,32.083333,"EL PASO GAP, NM US",0.4759,GHCND:USC00292793,METERS,-104.85,1.4182067077344285
1708.1,1950-11-01,1952-03-31,35.28333,"EL PUEBLO PROJECT, NM US",0.9884,GHCND:USC00292810,METERS,-105.26667,1.4127310061601643
1339.6,1910-01-01,2013-05-27,33.9402,"ELIDA, NM US",0.9196,GHCND:USC00292854,METERS,-103.6572,103.40041067761807
1808.7,1895-06-01,2026-05-14,32.916,"ELK, NM US",0.596,GHCND:USC00292865,METERS,-105.3381,130.9486652977413
1229.0,1909-04-01,1948-07-16,33.7,"ELKINS, NM US",0.9383,GHCND:USC00292871,METERS,-104.06667,39.290896646132786
1871.5,1904-11-01,2020-06-30,34.8241,"ESTANCIA 4 N, NM US",0.8488,GHCND:USC00293060,METERS,-106.0344,115.66050650239562
1079.0,1929-06-01,1935-03-31,32.433333,"EUNICE, NM US",0.8714,GHCND:USC00293078,METERS,-103.15,5.8288843258042435
1645.9,1942-01-01,1980-02-29,33.9,"CIRCLE F RANCH, NM US",0.9941,GHCND:USC00293145,METERS,-105.0,38.16016427104723
1617.0,1917-03-01,1964-12-31,33.0,"FLYING H, NM US",0.7139,GHCND:USC00293174,METERS,-105.1,47.83572895277207
1402.1,1920-08-26,1934-04-30,34.71667,"FIELD NEAR, NM US",0.9278,GHCND:USC00293195,METERS,-103.58333,13.675564681724847
1311.9,1929-05-01,1959-12-31,34.21667,"FLOYD, NM US",0.985,GHCND:USC00293231,METERS,-103.55,30.666666666666668
1617.0,1965-01-01,1978-09-30,33.0,"FLYING H, NM US",0.9865,GHCND:USC00293237,METERS,-105.1,13.744010951403148
1524.9,1939-11-01,1961-02-28,34.8,"FORREST, NM US",0.9487,GHCND:USC00293260,METERS,-103.6,21.32785763175907
1897.1,1896-11-10,1974-11-30,33.5,"FORT STANTON, NM US",0.9102,GHCND:USC00293288,METERS,-105.51667,78.05065023956195
1226.8,1909-05-01,2011-09-30,34.4666,"FORT SUMNER, NM US",0.9299,GHCND:USC00293294,METERS,-104.2319,102.41478439425052
1234.4,1948-01-01,2026-05-14,34.3941,"FORT SUMNER 5 S, NM US",0.9599,GHCND:USC00293296,METERS,-104.2502,78.36550308008214
2098.5,1895-05-01,1919-01-31,35.9,"FORT UNION, NM US",0.963,GHCND:USC00293300,METERS,-105.03333,23.750855578370977
1857.1,1894-01-01,1976-10-31,35.4,"GALISTEO, NM US",0.1133,GHCND:USC00293374,METERS,-105.95,82.82819986310746
2025.1,1909-07-01,1946-04-30,34.15,"GALLINAS RANGER STATION, NM US",0.9134,GHCND:USC00293408,METERS,-105.65,36.82956878850103
1341.1,1942-07-01,1943-09-30,32.2,"GARDNER RANCH, NM US",0.9365,GHCND:USC00293447,METERS,-105.13333,1.2484599589322383
2514.6,1953-11-18,2022-03-20,35.8917,"GASCON, NM US",0.9819,GHCND:USC00293488,METERS,-105.4481,68.33401779603011
1524.9,1971-09-01,1974-01-31,34.68333,"GENNETTI RANCH, NM US",0.8269,GHCND:USC00293509,METERS,-104.65,2.4175222450376452
1064.7,1905-12-27,1907-12-31,34.11667,"GLEN, NM US",0.9986,GHCND:USC00293565,METERS,-104.3,2.0095824777549622
2133.6,1939-12-01,1941-03-31,35.25,"GLORIETA MESA, NM US",1.0,GHCND:USC00293582,METERS,-105.75,1.3305954825462012
2292.1,1915-03-01,2010-07-31,35.5816,"GLORIETA, NM US",0.6303,GHCND:USC00293586,METERS,-105.7727,95.41683778234086
2042.2,1903-03-01,2026-03-31,35.2655,"GOLDEN, NM US",0.6403,GHCND:USC00293592,METERS,-106.2144,123.08281998631075
1556.0,1949-08-14,1952-05-31,34.6,"GOOD RANCH, NM US",0.907,GHCND:USC00293609,METERS,-104.78333,2.7953456536618755
1220.1,1962-03-22,1965-02-28,32.31667,"GOWDY RANCH, NM US",0.9153,GHCND:USC00293624,METERS,-105.1,2.940451745379877
2011.7,1905-05-01,2026-03-26,34.2594,"GRAN QUIVIRA NATIONAL MON, NM US",0.7641,GHCND:USC00293649,METERS,-106.0931,120.90075290896647
1723.0,1953-04-01,1955-09-30,35.3,"HAGAN, NM US",0.9989,GHCND:USC00293781,METERS,-106.31667,2.4969199178644765
1043.0,1920-08-01,1960-03-31,33.11667,"HAGERMAN, NM US",0.7011,GHCND:USC00293792,METERS,-104.33333,39.663244353182755
2730.1,1909-02-01,1924-02-29,35.75,"HARVEYS UPPER RANCH, NM US",0.9722,GHCND:USC00293840,METERS,-105.46667,15.07460643394935
1495.0,1929-05-01,1959-06-30,34.71667,"HASSELL, NM US",0.9392,GHCND:USC00293849,METERS,-104.01667,30.16290212183436
1115.6,1912-12-01,2022-09-30,32.7263,"HOBBS, NM US",0.8741,GHCND:USC00294026,METERS,-103.1313,109.82888432580424
1114.0,1941-09-01,2026-05-14,32.6933,"HOBBS FAA, NM US",0.3101,GHCND:USC00294028,METERS,-103.2125,84.69815195071868
1169.2,1996-10-01,2022-02-28,32.7125,"HOBBS 13 W, NM US",0.6868,GHCND:USC00294030,METERS,-103.3538,25.409993155373034
2743.2,1909-04-01,1912-03-31,36.11667,"HODGES, NM US",0.719,GHCND:USC00294035,METERS,-105.65,2.9979466119096507
2318.0,1946-07-01,1956-08-31,35.76667,"HOLY GHOST CANYON, NM US",0.9755,GHCND:USC00294066,METERS,-105.7,10.168377823408624
1606.3,1908-11-01,1951-09-30,33.3802,"HONDO 1 SE, NM US",0.2904,GHCND:USC00294089,METERS,-105.2544,42.91033538672142
1189.9,1908-11-01,1918-09-30,33.33333,"HONDO RESERVOIR, NM US",0.9652,GHCND:USC00294093,METERS,-104.68333,9.911019849418206
1245.1,1905-08-01,2026-05-09,32.80954,"HOPE, NM US",0.6522,GHCND:USC00294112,METERS,-104.73791,120.76933607118411
1470.7,1940-10-01,2017-03-31,34.6344,"HOUSE, NM US",0.967,GHCND:USC00294175,METERS,-103.8902,76.49555099247091
1615.4,1915-10-01,1917-03-26,34.916667,"IMA, NM US",0.3112,GHCND:USC00294296,METERS,-104.066667,1.483915126625599
2959.0,1935-05-01,1945-07-31,35.78333,"IRVINS RANCH, NM US",0.7583,GHCND:USC00294310,METERS,-105.6,10.250513347022586
932.1,1919-03-01,2023-09-30,32.11076,"JAL, NM US",0.8119,GHCND:USC00294346,METERS,-103.18717,104.58316221765914
2072.6,1925-01-01,1929-02-28,33.91667,"JICARILLA NEAR, NM US",0.9079,GHCND:USC00294385,METERS,-105.65,4.158795345653662
1495.0,1940-05-01,1949-04-10,33.58333,"JONES RANCH, NM US",0.3541,GHCND:USC00294400,METERS,-104.98333,8.941820670773442
1127.8,1910-07-01,1918-11-30,32.88333,"KNOWLES NEAR, NM US",0.8992,GHCND:USC00294512,METERS,-103.13333,8.41615331964408
2140.9,1940-06-01,1947-12-12,35.93333,"LA CUEVA, NM US",0.9905,GHCND:USC00294587,METERS,-105.21667,7.529089664613279
948.2,1908-09-01,1909-12-31,32.433333,"LA HUERTA, NM US",0.9199,GHCND:USC00294600,METERS,-104.233333,1.3305954825462012
1250.9,1948-01-01,1952-03-31,34.4,"LA LANDE, NM US",0.9974,GHCND:USC00294610,METERS,-104.06667,4.246406570841889
2439.9,1950-01-01,1952-08-31,35.21667,"LA MADERA SKI AREA, NM US",0.8819,GHCND:USC00294652,METERS,-106.41667,2.6639288158795345
1626.1,1946-10-27,1950-12-31,35.08333,"LA MESA, NM US",0.7197,GHCND:USC00294656,METERS,-106.56667,4.177960301163586
2044.0,1905-04-24,1947-12-31,35.73333,"LA PLACITA RANCH, NM US",0.1907,GHCND:USC00294662,METERS,-105.15,42.68583162217659
1493.5,1905-02-01,1927-05-31,34.6,"LAGUNITA, NM US",0.8033,GHCND:USC00294722,METERS,-104.71667,22.324435318275153
979.0,1914-08-01,1979-02-28,32.48333,"LAKE AVALON, NM US",0.9863,GHCND:USC00294736,METERS,-104.25,64.57768651608487
1000.0,1940-01-01,1949-10-28,32.6,"LAKE MC MILLAN, NM US",0.9376,GHCND:USC00294747,METERS,-104.33333,9.82340862422998
1006.4,1912-01-01,1928-05-31,32.63333,"LAKEWOOD, NM US",0.9178,GHCND:USC00294770,METERS,-104.38333,16.413415468856947
2012.9,1892-12-01,1983-05-31,35.61667,"LAS VEGAS 2 NW, NM US",0.9552,GHCND:USC00294850,METERS,-105.26667,90.49144421629022
1983.0,1908-09-01,1945-02-14,35.58333,"LAS VEGAS EXPERIMENTAL PLOT, NM US",0.706,GHCND:USC00294858,METERS,-105.18333,36.45448323066393
2044.0,1967-05-01,1969-06-30,35.63333,"LAS VEGAS 4 NW, NM US",0.9722,GHCND:USC00294860,METERS,-105.26667,2.1656399726214923
1935.2,1983-06-01,2026-05-15,35.5677,"LAS VEGAS WASTE WATER PLANT, NM US",0.78,GHCND:USC00294862,METERS,-105.213,42.954140999315534
1491.1,1892-12-01,1958-06-30,34.8,"LOS LUNAS, NM US",0.8826,GHCND:USC00295147,METERS,-106.73333,65.57426420260096
1499.3,1909-07-01,1910-07-31,35.0,"LOS TANOS, NM US",1.0,GHCND:USC00295170,METERS,-104.55,1.08145106091718
921.1,1917-11-01,1949-09-23,32.28333,"LOVING, NM US",0.9525,GHCND:USC00295199,METERS,-104.08333,31.89322381930185
1189.9,1919-01-01,1967-02-28,32.96667,"LOVINGTON 2 WNW, NM US",0.9072,GHCND:USC00295204,METERS,-103.38333,48.158795345653665
1524.9,1916-06-01,1961-08-31,32.43333,"LULU, NM US",0.3478,GHCND:USC00295244,METERS,-105.61667,45.24845995893224
1402.1,1910-03-01,1917-07-31,34.28333,"LYKINS NEAR, NM US",0.9646,GHCND:USC00295295,METERS,-103.9,7.416837782340862
1266.1,1942-05-26,2012-08-12,32.8568,"MALJAMAR, NM US",0.8404,GHCND:USC00295370,METERS,-103.7624,70.21492128678987
2001.0,1917-02-01,1976-08-31,32.91667,"MAYHILL RANGER STATION, NM US",0.989,GHCND:USC00295502,METERS,-105.46667,59.578370978781656
1905.9,1928-01-01,1976-08-31,34.91667,"MC INTOSH 4 NW, NM US",0.9882,GHCND:USC00295583,METERS,-106.08333,48.6652977412731
1944.6,1916-02-01,1922-03-31,33.61667,"MEEK, NM US",0.8649,GHCND:USC00295610,METERS,-105.25,6.160164271047228
1401.8,1908-07-01,2018-09-30,34.4277,"MELROSE, NM US",0.9386,GHCND:USC00295617,METERS,-103.625,110.24777549623545
1524.9,1938-09-21,1953-02-28,33.98333,"MESA SERVICE STATION, NM US",0.9972,GHCND:USC00295651,METERS,-104.68333,14.439425051334702
2047.0,1911-06-01,1978-09-30,33.15,"MESCALERO, NM US",0.9094,GHCND:USC00295657,METERS,-105.78333,67.33196440793976
1592.6,1922-06-01,1926-09-30,32.58333,"MILLER THORNE RANCH, NM US",0.9874,GHCND:USC00295710,METERS,-105.16667,4.331279945242985
1281.1,1954-06-10,1958-01-31,33.63333,"MILNESAND, NM US",0.9917,GHCND:USC00295731,METERS,-103.35,3.6440793976728267
2148.8,1904-11-01,1923-08-31,35.6,"MINERAL HILL, NM US",0.9461,GHCND:USC00295760,METERS,-105.43333,18.82819986310746
1324.1,1909-07-01,1957-07-31,35.0,"MONTOYA 10 SE, NM US",0.7417,GHCND:USC00295874,METERS,-103.93333,48.082135523613964
1874.5,1913-09-01,1919-11-30,34.9,"MORIARTY NEAR, NM US",0.8422,GHCND:USC00295905,METERS,-106.03333,6.245037645448323
1895.9,1998-07-01,2026-05-15,35.0128,"MORIARTY 1 NE, NM US",0.9907,GHCND:USC00295908,METERS,-106.045,27.871321013004792
2075.1,1894-10-15,2026-05-12,32.95407,"MOUNTAIN PARK, NM US",0.8063,GHCND:USC00295960,METERS,-105.82316,131.57015742642025
1987.3,1902-05-01,2026-05-15,34.5208,"MOUNTAINAIR, NM US",0.8874,GHCND:USC00295965,METERS,-106.2605,124.03832991101984
2033.6,2008-04-01,2026-05-15,34.6241,"MOUNTAINAIR 8 NW, NM US",0.9699,GHCND:USC00295968,METERS,-106.3102,18.119096509240247
1001.3,2009-04-01,2026-05-02,32.6236,"NADINE 2 E, NM US",0.8997,GHCND:USC00296006,METERS,-103.0842,17.084188911704313
1845.0,1893-01-30,1974-09-30,35.9,"NAMBE 1, NM US",0.3626,GHCND:USC00296028,METERS,-105.98333,81.66187542778918
1830.0,1942-01-01,1950-03-10,35.88333,"NAMBE 2, NM US",0.9258,GHCND:USC00296030,METERS,-105.95,8.186173853524982
1565.1,1954-02-01,1957-04-24,35.1,"NETHERWOOD PARK, NM US",1.0,GHCND:USC00296079,METERS,-106.61667,3.2251882272416155
1391.1,1926-03-01,2009-08-31,35.07,"NEWKIRK, NM US",0.9268,GHCND:USC00296115,METERS,-104.2574,83.50171115674196
2169.0,1948-06-01,1951-09-30,33.51667,"NOGAL LAKE 1 S, NM US",0.9811,GHCND:USC00296138,METERS,-105.68333,3.3292265571526354
2499.4,1913-05-01,1925-08-31,33.48333,"NOGAL NEAR, NM US",0.9905,GHCND:USC00296140,METERS,-105.73333,12.334017796030116
,1941-01-01,1947-12-31,35.01667,"NORTON, NM US",0.6052,GHCND:USC00296201,,-103.6,6.995208761122519
1035.7,1942-02-28,2019-02-23,32.1664,"OCHOA, NM US",0.8902,GHCND:USC00296281,METERS,-103.4249,76.98562628336755
1249.7,1909-12-01,1929-10-31,33.95,"OLIVE NEAR, NM US",0.5101,GHCND:USC00296390,METERS,-103.98333,19.915126625598905
2044.0,1929-05-01,1942-12-31,35.7,"ONAVA, NM US",0.8999,GHCND:USC00296406,METERS,-105.11667,13.66735112936345
1104.9,1906-02-01,1910-09-30,32.01667,"ORANGE, NM US",0.7499,GHCND:USC00296430,METERS,-105.15,4.659822039698836
1542.3,1908-09-01,1920-12-31,33.48333,"OSCURO NUMBER 1, NM US",0.9998,GHCND:USC00296442,METERS,-106.05,12.331279945242985
1528.9,1909-07-01,1927-10-14,33.483333,"OSCURO NUMBER 2, NM US",0.989,GHCND:USC00296443,METERS,-106.05,18.286105407255306
1966.9,1905-05-01,1968-11-10,35.0,"PALMA 2 NE, NM US",0.7576,GHCND:USC00296532,METERS,-105.45,63.52908966461328
1554.5,1892-12-01,1932-06-30,35.26667,"PARKS SPRING RANCH, NM US",0.8336,GHCND:USC00296572,METERS,-104.93333,39.57563312799452
1649.9,1909-07-01,1956-10-31,34.7,"PASTURA 6 SSE, NM US",0.94,GHCND:USC00296630,METERS,-104.91667,47.3347022587269
1158.2,1906-01-01,1996-07-31,32.65,"PEARL, NM US",0.8537,GHCND:USC00296659,METERS,-103.38333,90.57905544147845
2096.4,1916-01-01,2026-03-31,35.5488,"PECOS NATIONAL MONUMENT, NM US",0.89,GHCND:USC00296676,METERS,-105.6886,110.24503764544832
2072.6,1996-08-01,2001-07-31,35.4375,"PECOS 11 SE, NM US",0.9995,GHCND:USC00296678,METERS,-105.56444,4.996577686516085
1874.5,1929-07-01,2026-05-15,34.6152,"PEDERNAL 9 E, NM US",0.8329,GHCND:USC00296687,METERS,-105.4739,96.870636550308
2416.1,1901-06-25,1976-02-29,36.16667,"PENASCO RANGER STATION, NM US",0.5806,GHCND:USC00296705,METERS,-105.68333,74.68035592060232
2012.9,1942-03-01,1955-03-31,34.6,"PFEISTER RANCH, NM US",0.9435,GHCND:USC00296791,METERS,-106.21667,13.08145106091718
1537.1,1951-05-18,1978-10-31,33.35,"PICACHO, NM US",0.9411,GHCND:USC00296803,METERS,-105.13333,27.45516769336071
1521.0,1980-03-01,2019-09-30,33.3502,"PICACHO, NM US",0.9521,GHCND:USC00296804,METERS,-105.14,39.58110882956879
1846.5,1916-05-01,1923-06-30,32.65,"PINON NEAR, NM US",0.8812,GHCND:USC00296845,METERS,-105.36667,7.162217659137577
1822.7,2007-09-01,2009-03-31,35.30972,"PLACITAS, NM US",0.7924,GHCND:USC00296908,METERS,-106.42306,1.5797399041752225
1702.3,1992-01-01,2024-04-21,35.31382,"PLACITAS 4 W, NM US",0.7395,GHCND:USC00296911,METERS,-106.47704,32.303901437371664
1734.3,2000-06-01,2007-07-31,35.33417,"PLACITAS 2 N, NM US",0.9396,GHCND:USC00296912,METERS,-106.44167,7.162217659137577
2438.4,1910-10-01,1913-02-28,35.233333,"PLACITAS NEAR, NM US",0.9989,GHCND:USC00296913,METERS,-106.416667,2.412046543463381
1012.9,1954-11-19,1968-01-31,32.5,"POTASH MINE, NM US",0.9985,GHCND:USC00297028,METERS,-103.93333,13.19917864476386
1524.9,1953-01-01,1971-04-30,34.68333,"GENNETTI RANCH, NM US",0.9879,GHCND:USC00297049,METERS,-104.65,18.324435318275153
1919.3,1929-07-01,2012-07-31,34.4208,"PROGRESSO, NM US",0.9491,GHCND:USC00297094,METERS,-105.8913,83.08281998631075
1371.6,1895-04-01,1899-06-30,34.83333,"PUERTO DE LUNA, NM US",0.9543,GHCND:USC00297097,METERS,-104.61667,4.246406570841889
1311.9,1923-05-01,1959-05-31,34.9,"QUAY 2 S, NM US",0.9354,GHCND:USC00297168,METERS,-103.75,36.082135523613964
1780.3,2000-06-01,2005-12-31,32.19361,"QUEEN, NM US",0.9167,GHCND:USC00297172,METERS,-104.74028,5.582477754962355
1784.0,1963-01-01,1975-03-31,32.2,"QUEEN RANGER STATION, NM US",0.8887,GHCND:USC00297176,METERS,-104.73333,12.243668720054757
1542.3,1935-02-01,2026-04-30,34.78,"RAGLAND 3 SSW, NM US",0.9707,GHCND:USC00297226,METERS,-103.7491,91.24161533196441
1623.7,1957-03-01,2009-07-31,34.1508,"RAMON 8 SW, NM US",0.9348,GHCND:USC00297254,METERS,-105.0044,52.41615331964408
2135.1,1923-12-01,1962-08-31,35.28333,"RENCONA, NM US",0.7543,GHCND:USC00297380,METERS,-105.6,38.74880219028063
1861.1,1950-04-01,1964-07-31,35.36667,"RIBERA, NM US",0.9154,GHCND:USC00297403,METERS,-105.45,14.33264887063655
1452.1,1948-03-27,1948-12-31,33.35,"RIVERSIDE CAMP, NM US",0.6464,GHCND:USC00297483,METERS,-105.05,0.7638603696098563
2286.0,1904-05-01,1926-06-30,35.85,"ROCIADA, NM US",0.9202,GHCND:USC00297525,METERS,-105.43333,22.16290212183436
1089.1,1893-01-03,1950-03-10,33.31667,"ROSWELL, NM US",0.416,GHCND:USC00297604,METERS,-104.43333,57.177275838466805
1098.8,2004-02-01,2021-12-31,33.38,"ROSWELL CLIMAT, NM US",0.779,GHCND:USC00297605,METERS,-104.5419,17.913757700205338
1104.0,2004-12-01,2020-01-21,33.4277,"ROSWELL NORTH, NM US",0.9463,GHCND:USC00297612,METERS,-104.5338,15.137577002053389
2112.3,1941-12-22,2025-11-30,33.3677,"RUIDOSO, NM US",0.8896,GHCND:USC00297649,METERS,-105.6611,83.93976728268309
2114.4,1987-08-01,1993-04-30,33.35,"RUIDOSO 2, NM US",1.0,GHCND:USC00297651,METERS,-105.66667,5.746748802190281
2229.9,1905-05-01,1951-09-30,32.8,"SACRAMENTO, NM US",0.3837,GHCND:USC00297735,METERS,-105.56667,46.41478439425051
2255.5,1950-02-01,1950-12-31,32.683333,"SACRAMENTO CANYON, NM US",0.9551,GHCND:USC00297737,METERS,-105.716667,0.9117043121149897
2257.0,1950-02-01,1951-09-30,32.68333,"SACRAMENTO CANYON, NM US",0.9407,GHCND:USC00297738,METERS,-105.71667,1.6591375770020533
1357.0,1912-09-01,1946-04-14,34.41667,"ST VRAIN, NM US",0.9613,GHCND:USC00297741,METERS,-103.5,33.61533196440794
3257.1,1953-02-16,1979-04-30,35.21667,"SANDIA CREST, NM US",0.9623,GHCND:USC00298011,METERS,-106.45,26.198494182067076
2142.7,1939-01-01,2009-07-31,35.21056,"SANDIA PARK, NM US",0.8407,GHCND:USC00298015,METERS,-106.36556,70.57905544147845
1922.1,1962-06-01,1974-12-31,35.06667,"SANDIA RANGER STATION, NM US",0.9909,GHCND:USC00298018,METERS,-106.38333,12.583162217659138
2196.1,1849-09-01,1972-03-21,35.68333,"SANTA FE, NM US",0.8763,GHCND:USC00298072,METERS,-105.9,122.54893908281998
1951.9,1948-06-01,1949-06-03,35.71667,"SANTA FE CAJA D R, NM US",0.7473,GHCND:USC00298084,METERS,-106.1,1.0047912388774811
2059.2,1972-04-01,2026-03-31,35.6194,"SANTA FE 2, NM US",0.9765,GHCND:USC00298085,METERS,-105.9753,53.9958932238193
2133.6,1916-05-01,1933-10-31,35.683333,"SANTA FE FIELD STATION, NM US",0.9794,GHCND:USC00298086,METERS,-105.933333,17.50034223134839
2078.7,1998-07-01,2006-09-30,35.54333,"SANTA FE 7 SE, NM US",0.9993,GHCND:USC00298087,METERS,-105.92,8.24914442162902
2133.6,2001-12-01,2026-05-15,35.6008,"SANTA FE SETON, NM US",0.9953,GHCND:USC00298088,METERS,-105.9322,24.451745379876797
2208.0,1948-06-01,1951-08-31,35.68333,"SANTA FE 2 SE, NM US",0.909,GHCND:USC00298090,METERS,-105.93333,3.247091033538672
2560.3,1910-01-01,1928-11-30,35.71667,"SANTA FE CANYON, NM US",0.5983,GHCND:USC00298092,METERS,-105.8,18.913073237508556
1417.3,1913-06-01,2020-05-31,34.9562,"SANTA ROSA, NM US",0.8975,GHCND:USC00298107,METERS,-104.7217,106.99794661190965
1403.0,1963-08-01,1967-01-31,34.8,"SANTA ROSA 12 SE, NM US",1.0,GHCND:USC00298118,METERS,-104.55,3.5017111567419574
1983.0,1915-06-01,1949-11-25,35.41667,"SERAFINA 6 WNW, NM US",0.588,GHCND:USC00298227,METERS,-105.41667,34.48596851471595
1275.0,1915-07-01,1962-11-27,34.18333,"SKIPWORTH RANCH, NM US",0.1581,GHCND:USC00298358,METERS,-104.48333,47.408624229979466
1943.1,1954-11-01,2023-10-31,35.1766,"STANLEY 2 NNE, NM US",0.9383,GHCND:USC00298518,METERS,-105.9438,68.99657768651609
1312.5,1975-03-01,2026-05-15,34.6033,"SUMNER LAKE, NM US",0.9881,GHCND:USC00298596,METERS,-104.3811,51.20602327173169
1342.0,1910-02-01,1950-11-30,34.58333,"TAFT, NM US",0.2085,GHCND:USC00298633,METERS,-104.26667,40.82683093771389
1260.0,1952-04-01,1977-06-30,34.45,"TAIBAN, NM US",0.9675,GHCND:USC00298639,METERS,-104.01667,25.245722108145106
2040.0,1970-11-01,1979-04-30,34.75,"TAJIQUE, NM US",0.9829,GHCND:USC00298648,METERS,-106.28333,8.492813141683778
2129.0,1910-04-01,1970-10-31,34.8,"TAJIQUE 4 N, NM US",0.8683,GHCND:USC00298650,METERS,-106.3,60.58316221765914
2804.2,1912-03-01,1919-05-31,34.766667,"TAJIQUE NEAR, NM US",0.9241,GHCND:USC00298652,METERS,-106.433333,7.2470910335386725
1993.1,1909-07-01,1919-01-31,34.01667,"TECOLOTE, NM US",0.9886,GHCND:USC00298769,METERS,-105.66667,9.585215605749486
2288.1,1946-05-01,1961-05-31,35.76667,"TERERRO, NM US",0.9686,GHCND:USC00298788,METERS,-105.66667,15.082819986310746
1389.6,1909-07-01,1932-12-31,33.31667,"THREE RIVERS, NM US",0.9962,GHCND:USC00298838,METERS,-106.08333,23.50171115674196
2136.6,1998-12-01,2002-05-31,32.64306,"TIMBERON, NM US",0.5477,GHCND:USC00298872,METERS,-105.69333,3.4962354551676933
1922.1,1910-04-01,1962-05-31,35.06667,"SANDIA RANGER STATION, NM US",0.9208,GHCND:USC00298873,METERS,-106.38333,52.16427104722793
1960.8,1904-06-04,1926-06-30,34.35,"TORRANCE, NM US",0.7641,GHCND:USC00299020,METERS,-105.53333,22.069815195071868
2532.0,1967-03-01,1975-05-31,36.13333,"TRES RITOS, NM US",0.8268,GHCND:USC00299095,METERS,-105.51667,8.24914442162902
2449.1,1909-04-01,1962-05-31,36.03333,"TRUCHAS, NM US",0.9326,GHCND:USC00299113,METERS,-105.81667,53.163586584531146
1969.9,1915-06-01,1957-04-30,35.53333,"TRUJILLO, NM US",0.659,GHCND:USC00299125,METERS,-104.7,41.91375770020534
1866.6,1954-01-01,1996-02-29,35.55,"TURQUOISE BONANZA CR, NM US",0.9763,GHCND:USC00299193,METERS,-106.1,42.16016427104723
1373.1,1923-06-01,1958-08-31,33.76667,"UNION VALLEY, NM US",0.8714,GHCND:USC00299245,METERS,-103.63333,35.2498288843258
2133.6,1896-02-01,1897-08-31,35.583333,"VALLEY RANCH, NM US",0.9256,GHCND:USC00299310,METERS,-105.683333,1.5797399041752225
1927.9,1893-07-17,2018-02-28,35.8166,"VALMORA, NM US",0.7575,GHCND:USC00299330,METERS,-104.9244,124.61601642710473
1647.1,1944-07-01,1951-03-31,35.36667,"VAN HUSS RANCH, NM US",0.5761,GHCND:USC00299342,METERS,-106.35,6.746064339493498
1393.9,1940-06-18,1957-04-30,35.38333,"VARIADERO, NM US",0.9987,GHCND:USC00299382,METERS,-104.48333,16.865160848733744
1821.2,1909-07-01,2021-04-30,34.60125,"VAUGHN, NM US",0.5699,GHCND:USC00299405,METERS,-105.20663,111.8302532511978
1757.2,1942-01-01,2026-03-31,35.2666,"VILLANUEVA, NM US",0.8573,GHCND:USC00299496,METERS,-105.3572,84.24366872005476
1039.7,1986-09-01,2026-01-31,32.3779,"WASTE ISOLT N PILOT PLANT, NM US",0.92,GHCND:USC00299569,METERS,-103.7987,39.41683778234086
1072.9,1986-08-01,1999-05-31,32.535,"WESTERN AG MINERALS, NM US",0.977,GHCND:USC00299660,METERS,-103.93556,12.829568788501026
2133.6,1896-05-01,1923-12-31,33.75,"WHITE OAKS NEAR, NM US",0.3792,GHCND:USC00299682,METERS,-105.63333,27.66324435318275
2272.0,1914-10-01,1959-02-28,33.23333,"WHITE TAIL, NM US",0.7672,GHCND:USC00299697,METERS,-105.55,44.41067761806981
1188.7,1941-06-26,1941-11-30,33.383333,"WHITES RANCH, NM US",0.9747,GHCND:USC00299701,METERS,-104.15,0.42984257357973993
1853.2,1912-09-26,1923-07-31,34.63333,"WILLARD NEAR, NM US",0.7402,GHCND:USC00299754,METERS,-106.03333,10.841889117043122
2500.9,1950-02-01,1950-06-30,35.83333,"WINSORS, NM US",0.9933,GHCND:USC00299800,METERS,-105.66667,0.4079397672826831
1478.3,1942-01-01,2026-05-12,34.403,"YESO 2 S, NM US",0.9486,GHCND:USC00299851,METERS,-104.6128,84.3586584531143
1524.9,1943-08-01,1959-07-31,34.31667,"YESO OVERTON RANCH, NM US",0.8131,GHCND:USC00299857,METERS,-104.73333,15.997262149212867
612.6,1992-03-01,2026-05-06,30.33696,"ACTON RANCH, TX US",0.877,GHCND:USC00410040,METERS,-101.2503,34.17932922655715
1356.4,1900-03-01,2020-02-06,30.3763,"ALPINE, TX US",0.7575,GHCND:USC00410174,METERS,-103.66,119.93429158110882
1500.2,2009-09-01,2026-05-14,30.3703,"ALPINE 7 NW, TX US",0.9938,GHCND:USC00410176,METERS,-103.7808,16.698151950718685
972.9,1914-01-01,2010-05-31,32.34833,"ANDREWS, TX US",0.5226,GHCND:USC00410248,METERS,-102.55167,96.41067761806981
980.2,2008-11-01,2019-01-01,32.3123,"ANDREWS 2, TX US",0.9448,GHCND:USC00410250,METERS,-102.5606,10.165639972621491
1427.1,1943-08-01,1944-08-31,30.18333,"ANTELOPE SPRINGS RAN, TX US",1.0,GHCND:USC00410273,METERS,-103.91667,1.0841889117043122
460.2,1981-01-01,1987-12-31,29.95,"BAKERS CROSSING, TX US",0.9511,GHCND:USC00410479,METERS,-101.15,6.995208761122519
776.3,1942-01-01,2020-05-19,30.8878,"BAKERSFIELD, TX US",0.9658,GHCND:USC00410482,METERS,-102.3008,78.3791923340178
939.1,1980-07-01,1982-05-31,30.71667,"BAKERSFIELD 11 SSE, TX US",0.8686,GHCND:USC00410484,METERS,-102.21667,1.9137577002053388
972.9,1949-03-01,1951-06-03,30.98333,"BALMORHEA, TX US",0.4994,GHCND:USC00410495,METERS,-103.73333,2.2559890485968515
1524.9,1953-03-01,1953-10-31,30.85,"BALMORHEA CIRCLE H R, TX US",0.8898,GHCND:USC00410497,METERS,-103.98333,0.6680355920602327
970.8,1923-09-01,2023-10-31,30.9839,"BALMORHEA, TX US",0.9427,GHCND:USC00410498,METERS,-103.7408,100.16427104722793
1007.1,1953-03-01,1958-11-30,30.93333,"BALMORHEA GRAEF RANC, TX US",0.9705,GHCND:USC00410499,METERS,-103.51667,5.749486652977413
780.9,1948-03-01,1965-04-30,31.13333,"BARNHART, TX US",0.8352,GHCND:USC00410528,METERS,-101.16667,17.163586584531142
783.9,1906-05-01,1919-12-31,31.46667,"BARSTOW, TX US",0.985,GHCND:USC00410538,METERS,-103.4,13.66735112936345
819.9,1948-06-01,1951-09-30,31.2,"BIG LAKE LCRA 140, TX US",0.926,GHCND:USC00410776,METERS,-101.46667,3.3292265571526354
854.0,1941-09-17,1949-04-15,31.01667,"BIG LAKE 13 SSW, TX US",0.3732,GHCND:USC00410777,METERS,-101.55,7.575633127994524
833.3,1963-08-14,2021-05-18,31.2001,"BIG LAKE 2, TX US",0.9141,GHCND:USC00410779,METERS,-101.4626,57.76043805612594
1756.9,1968-05-01,1978-03-31,30.53333,"BLOYS CAMPGROUND, TX US",0.9815,GHCND:USC00410861,METERS,-104.13333,9.91375770020534
766.0,1912-06-01,1951-09-30,31.25,"BUENAVISTA 2 NNW, TX US",0.5503,GHCND:USC00411185,METERS,-102.66667,39.32922655715264
1036.9,1948-06-01,1951-09-12,30.7,"CHANCELLOR, TX US",0.3078,GHCND:USC00411641,METERS,-103.18333,3.2799452429842573
,1941-01-01,1944-06-30,31.0,"CHILDRESS RANCH, TX US",0.6648,GHCND:USC00411699,,-104.03333,3.4934976043805612
1371.6,1941-08-01,1943-06-30,30.2,"CLAY MITCHELL RANCH, TX US",0.867,GHCND:USC00411782,METERS,-104.083333,1.9110198494182067
914.4,1931-04-01,1934-06-30,30.7,"COATES RANCH, TX US",0.4406,GHCND:USC00411860,METERS,-102.416667,3.247091033538672
483.1,1903-11-27,1987-09-30,29.68333,"COMSTOCK, TX US",0.2397,GHCND:USC00411925,METERS,-101.18333,83.84120465434634
384.0,1992-03-01,1993-01-31,29.7,"COMSTOCK 11 WNW, TX US",0.727,GHCND:USC00411926,METERS,-101.35,0.919917864476386
778.5,1928-05-01,2026-05-11,31.4072,"CRANE, TX US",0.6613,GHCND:USC00412082,METERS,-102.3577,98.02600958247776
892.1,1999-11-01,2024-03-31,31.67278,"CRANE 10 N, TX US",0.7009,GHCND:USC00412084,METERS,-102.41333,24.413415468856947
1219.2,1945-12-01,1947-01-31,31.1,"DAVIS MOUNTAIN JUNCTIN, TX US",0.4309,GHCND:USC00412298,METERS,-104.05,1.1663244353182751
1524.0,1941-08-01,1943-07-31,30.116667,"DAVIS RANCH SOIL CONSERVATION SERVICE, TX US",0.7945,GHCND:USC00412299,METERS,-103.733333,1.995893223819302
1909.6,2008-02-01,2013-04-14,31.996,"DOG CANYON, TX US",0.9379,GHCND:USC00412485,METERS,-104.8333,5.19917864476386
694.9,1937-05-01,1993-08-31,30.2,"DRYDEN 10 NE, TX US",0.2019,GHCND:USC00412593,METERS,-101.83333,56.33401779603012
1348.1,1919-02-01,1923-06-30,30.88333,"E V RANCH, TX US",0.6592,GHCND:USC00413013,METERS,-104.45,4.407939767282683
1482.5,1902-01-01,2026-04-29,30.5996,"FORT DAVIS, TX US",0.8712,GHCND:USC00413262,METERS,-103.887,124.32306639288159
1427.1,1941-12-01,1942-06-30,30.283333,"FORT D. A. RUSSELL, TX US",0.8491,GHCND:USC00413263,METERS,-104.016667,0.5776865160848734
929.9,1897-01-01,1948-12-31,30.88333,"FORT STOCKTON 1, TX US",0.9406,GHCND:USC00413277,METERS,-102.88333,51.99452429842574
926.0,1940-05-01,2025-06-30,30.9071,"FORT STOCKTON, TX US",0.9247,GHCND:USC00413280,METERS,-102.9153,85.16358658453115
905.6,2005-08-01,2026-05-15,30.5599,"FORT STOCKTON 38 SE, TX US",0.8246,GHCND:USC00413291,METERS,-102.3653,20.78576317590691
1037.5,2009-07-01,2010-06-30,30.76111,"FORT STOCKTON 26 ESE, TX US",1.0,GHCND:USC00413294,METERS,-102.47806,0.9965776865160849
705.0,1947-09-01,1979-04-30,31.06667,"GIRVIN, TX US",0.9559,GHCND:USC00413557,METERS,-102.4,31.66050650239562
739.1,1909-02-01,2015-05-11,31.3027,"GRANDFALLS 3 SSE, TX US",0.8156,GHCND:USC00413680,METERS,-102.8221,106.26967830253251
1143.0,1923-03-01,1931-12-31,30.566667,"HOVEY NEAR, TX US",0.9836,GHCND:USC00414334,METERS,-103.3,8.83504449007529
478.5,1988-03-01,2017-07-31,30.00483,"HUDSPETH RIVER RANCH, TX US",0.9823,GHCND:USC00414348,METERS,-101.17721,29.415468856947296
731.5,1940-06-01,1993-09-30,31.26667,"IMPERIAL, TX US",0.9013,GHCND:USC00414425,METERS,-102.7,53.3305954825462
885.1,1943-09-02,1955-09-30,31.71667,"JUDKINS, TX US",0.9517,GHCND:USC00414661,METERS,-102.63333,12.0766598220397
548.9,1964-10-01,1975-03-31,30.15,"JUNO, TX US",0.9517,GHCND:USC00414672,METERS,-101.11667,10.494182067077345
641.0,1975-10-01,1978-04-30,30.28333,"JUNO 10 NNE, TX US",0.7762,GHCND:USC00414674,METERS,-101.08333,2.5790554414784395
554.7,1980-09-01,1999-05-31,30.08333,"JUNO 4 S, TX US",0.5053,GHCND:USC00414675,METERS,-101.11667,18.743326488706366
892.1,2004-08-01,2011-11-30,31.6727,"K BAR RANCH, TX US",0.9115,GHCND:USC00414710,METERS,-102.4133,7.329226557152635
1275.0,1893-01-01,1976-04-30,31.06667,"KENT 5 E, TX US",0.4149,GHCND:USC00414767,METERS,-104.15,83.32375085557837
1402.7,1988-04-05,2026-05-15,31.0157,"KENT 8 SE, TX US",0.9819,GHCND:USC00414770,METERS,-104.1108,38.10814510609172
862.6,2004-08-01,2023-01-09,31.8409,"KERMIT, TX US",0.8998,GHCND:USC00414775,METERS,-103.0889,18.439425051334702
1353.9,1941-01-01,1952-01-31,30.86667,"KINGSTON RANCH, TX US",0.2947,GHCND:USC00414809,METERS,-103.98333,11.080082135523615
393.2,1897-07-01,2022-04-25,29.8097,"LANGTRY, TX US",0.5732,GHCND:USC00415048,METERS,-101.5604,124.81314168377824
409.0,1964-10-13,1968-08-31,29.8,"LANGTRY 2, TX US",0.9338,GHCND:USC00415049,METERS,-101.56667,3.8822724161533197
1158.2,1926-01-01,1932-03-31,30.25,"LONGFELLOW NEAR, TX US",0.599,GHCND:USC00415325,METERS,-102.85,6.245037645448323
1215.8,1896-07-01,2022-12-31,30.1926,"MARATHON, TX US",0.6461,GHCND:USC00415579,METERS,-103.2716,126.49691991786447
1481.0,1907-06-01,1954-12-31,30.25,"MARFA, TX US",0.2869,GHCND:USC00415589,METERS,-103.88333,47.58384668035592
1478.0,2024-01-01,2026-05-14,30.37139,"MARFA MUNICIPAL AIRPORT, TX US",0.5734,GHCND:USC00415590,METERS,-104.01667,2.3655030800821355
1615.4,1949-02-01,1951-09-30,30.48333,"MARFA CHARCO M R, TX US",0.9897,GHCND:USC00415591,METERS,-104.11667,2.6584531143052703
1460.0,1958-12-01,2009-07-31,30.3125,"MARFA 2, TX US",0.8787,GHCND:USC00415596,METERS,-104.07222,50.66392881587954
750.1,1932-02-01,2026-05-12,31.1331,"MCCAMEY, TX US",0.9656,GHCND:USC00415707,METERS,-102.2218,94.27515400410678
822.7,2003-02-01,2008-10-31,31.70667,"MENTONE, TX US",0.8405,GHCND:USC00415827,METERS,-103.6,5.746748802190281
823.9,1943-08-01,1974-01-31,31.68333,"MENTONE 2 S, TX US",0.8127,GHCND:USC00415828,METERS,-103.6,30.50239561943874
1667.9,1939-01-01,1967-12-31,30.53333,"MERRILL RANCH, TX US",0.9198,GHCND:USC00415854,METERS,-104.05,28.996577686516083
823.0,1981-08-01,1996-02-29,31.63333,"MIDKIFF, TX US",0.8956,GHCND:USC00415888,METERS,-101.83333,14.57905544147844
875.4,2014-07-01,2026-05-15,31.94262,"WEATHER FORECAST OFFICE MIDLAND, TX US",0.9984,GHCND:USC00415893,METERS,-102.18955,11.871321013004792
776.3,1959-06-16,2009-01-31,31.54139,"MONAHANS, TX US",0.9451,GHCND:USC00415999,METERS,-102.91222,49.6290212183436
801.9,1900-02-01,1953-05-31,31.6,"MONAHANS 1 NW, TX US",0.0786,GHCND:USC00416000,METERS,-102.9,53.32511978097194
2069.6,1935-02-01,2026-05-13,30.67112,"MOUNT LOCKE, TX US",0.9895,GHCND:USC00416104,METERS,-104.02317,91.27720739219713
1066.8,1910-06-01,1912-05-31,31.133333,"MOUNTAIN VIEW, TX US",0.8331,GHCND:USC00416120,METERS,-102.833333,1.998631074606434
887.0,1950-09-13,2025-07-31,31.8796,"ODESSA, TX US",0.9184,GHCND:USC00416502,METERS,-102.3592,74.88021902806297
879.7,2005-02-01,2026-05-09,31.8367,"ODESSA 1 SE, TX US",0.937,GHCND:USC00416506,METERS,-102.3586,21.26488706365503
899.2,2008-09-01,2025-12-29,31.8249,"ODESSA 5 WSW, TX US",0.8922,GHCND:USC00416510,METERS,-102.4443,17.32511978097194
1100.9,1945-03-31,1949-10-21,30.16667,"ONE O ONE RANCH, TX US",0.6633,GHCND:USC00416654,METERS,-103.76667,4.558521560574949
675.1,2008-07-01,2010-08-31,30.70944,"OZONA 2, TX US",0.9975,GHCND:USC00416730,METERS,-101.20417,2.1656399726214923
646.2,2004-11-01,2020-08-08,30.4266,"OZONA 22 SE, TX US",0.9264,GHCND:USC00416733,METERS,-101.0366,15.767282683093772
714.8,1948-06-01,2013-08-14,30.7169,"OZONA, TX US",0.9058,GHCND:USC00416734,METERS,-101.2061,65.20191649555099
777.2,1951-02-20,1951-09-30,30.68194,"OZONA 8 WSW, TX US",1.0,GHCND:USC00416736,METERS,-101.3375,0.6078028747433265
514.8,1909-08-06,2011-09-30,30.20611,"PANDALE 1 N, TX US",0.578,GHCND:USC00416780,METERS,-101.5575,102.1492128678987
507.5,1981-12-01,2003-01-31,30.26778,"PANDALE 11 NE, TX US",0.9886,GHCND:USC00416781,METERS,-101.45333,21.166324435318277
795.5,1904-01-01,2000-08-31,31.41667,"PECOS, TX US",0.7172,GHCND:USC00416892,METERS,-103.5,96.66529774127311
830.3,2000-12-01,2019-05-31,31.37812,"PECOS 8 W, TX US",0.7336,GHCND:USC00416893,METERS,-103.63292,18.494182067077343
894.0,1955-10-01,2013-09-25,31.7356,"PENWELL, TX US",0.9685,GHCND:USC00416932,METERS,-102.5897,57.98494182067078
1704.1,1939-01-01,2008-12-31,31.89028,"PINE SPRINGS, TX US",0.3725,GHCND:USC00417044,METERS,-104.80778,69.99863107460644
1007.1,1941-01-02,1947-08-31,30.88333,"POPHAM RANCH, TX US",0.9441,GHCND:USC00417168,METERS,-103.55,6.658453114305271
823.9,1941-01-02,1948-04-23,31.28333,"PREWIT RANCH, TX US",0.9097,GHCND:USC00417268,METERS,-103.5,7.304585900068446
1464.0,1943-07-01,1949-08-19,30.01667,"RANCHO ESCONDIDO, TX US",0.7748,GHCND:USC00417411,METERS,-103.76667,6.135523613963039
797.1,1948-08-01,1984-10-31,31.2286,"RANKIN, TX US",0.6709,GHCND:USC00417431,METERS,-101.9472,36.24914442162902
867.8,1939-10-01,2003-10-31,31.895,"RED BLUFF DAM, TX US",0.8403,GHCND:USC00417481,METERS,-103.91833,64.08213552361396
,1940-06-01,1941-08-31,31.25,"REED RANCH, TX US",0.7659,GHCND:USC00417518,,-103.116667,1.2484599589322383
1134.5,1978-10-01,1998-08-31,31.7455,"SALT FLAT, TX US",0.96,GHCND:USC00417920,METERS,-105.08044,19.915126625598905
1186.0,1959-01-01,1977-12-31,31.78333,"SALT FLAT 10 ENE, TX US",0.9951,GHCND:USC00417921,METERS,-104.9,18.99794661190965
938.8,1947-10-01,1951-09-30,30.21556,"SANDERSON 5 NNW, TX US",0.8371,GHCND:USC00418023,METERS,-102.41639,3.997262149212868
1310.6,1944-02-01,1946-07-31,30.8,"SEVEN SPRINGS RANCH, TX US",1.0,GHCND:USC00418215,METERS,-103.783333,2.4941820670773445
662.9,1938-10-17,2011-12-31,30.6886,"SHEFFIELD, TX US",0.7043,GHCND:USC00418252,METERS,-101.8272,73.20465434633813
1615.4,1948-06-01,1948-12-31,30.48333,"MARFA CHARCO M R, TX US",0.9346,GHCND:USC00418400,METERS,-104.11667,0.5831622176591376
885.1,1916-04-05,1918-04-30,31.4,"STILES, TX US",0.9987,GHCND:USC00418640,METERS,-101.46667,2.0670773442847366
,1910-05-01,1913-09-30,31.85,"THEODORE, TX US",1.0,GHCND:USC00418979,,-103.16667,3.4168377823408624
985.1,1948-06-01,1951-09-30,31.31667,"TINNIN RANCH, TX US",0.986,GHCND:USC00419037,METERS,-103.98333,3.3292265571526354
857.1,1943-08-01,1977-02-28,31.3,"TOYAH, TX US",0.9326,GHCND:USC00419106,METERS,-103.8,33.57973990417522
1355.4,1978-06-01,2024-09-30,30.594,"VALENTINE, TX US",0.9298,GHCND:USC00419270,METERS,-104.49275,46.332648870636554
,1940-06-01,1942-02-27,31.133333,"ZEITLER S RANCH, TX US",0.7771,GHCND:USC00419988,,-102.533333,1.7412731006160165
780.9,2003-01-06,2026-05-09,30.9856,"BARNHART TEXAS, TX US",0.9883,GHCND:USR0000TBAR,METERS,-101.1578,23.33744010951403
2363.7,1985-07-02,2026-05-09,31.925,"GUADELUPE PEAK TEXAS, TX US",0.9406,GHCND:USR0000TGUA,METERS,-104.8253,40.851471594798085
1640.1,2001-05-04,2026-05-09,31.8944,"PINERY TEXAS, TX US",0.992,GHCND:USR0000TPIN,METERS,-104.7978,25.013004791238878
2621.3,2006-09-21,2026-05-14,36.13,"TRES RITOS, NM US",0.9987,GHCND:USS0005N04S,METERS,-105.53,19.644079397672826
2987.0,1980-06-11,2026-05-14,36.19,"GALLEGOS PEAK, NM US",0.9996,GHCND:USS0005N18S,METERS,-105.56,45.921971252566735
3250.4,2013-09-24,2026-05-14,36.07,"RIO SANTA BARBARA, NM US",0.9998,GHCND:USS0005N24S,METERS,-105.63,12.635181382614647
2560.3,1980-09-30,2001-06-05,35.83,"PANCHUELA, NM US",1.0,GHCND:USS0005P02S,METERS,-105.66,20.67898699520876
2502.4,1996-09-30,2026-05-14,35.7,"ELK CABIN, NM US",0.9997,GHCND:USS0005P04S,METERS,-105.81,29.61806981519507
3389.4,1989-09-26,2026-05-14,35.78,"WESNER SPRINGS, NM US",0.9997,GHCND:USS0005P08S,METERS,-105.54,36.629705681040384
3488.4,1996-09-30,2026-05-14,35.77,"SANTA FE, NM US",1.0,GHCND:USS0005P09S,METERS,-105.78,29.61806981519507
3133.3,2002-09-30,2026-05-14,33.4,"SIERRA BLANCA, NM US",1.0,GHCND:USS0005R01S,METERS,-105.79,23.619438740588638
967.1,2018-01-08,2026-05-14,32.331,"ANDREWS CO AIRPORT, TX US",0.9544,GHCND:USW00000349,METERS,-102.53,8.344969199178644
2158.0,1998-05-25,2026-05-14,35.003027,"CLINES CORNERS, NM US",0.9898,GHCND:USW00003027,METERS,-105.662781,27.969883641341546
909.3,1998-12-01,2026-05-14,31.925,"ODESSA SCHLEMEYER FIELD, TX US",0.9936,GHCND:USW00003031,METERS,-102.38743,27.449691991786448
1079.3,2011-10-01,2026-05-14,32.8525,"ARTESIA MUNICIPAL AIRPORT, NM US",0.959,GHCND:USW00003035,METERS,-104.4675,14.617385352498289
830.3,2003-05-22,2026-05-14,31.6219,"MONAHANS 6 ENE, TX US",0.9973,GHCND:USW00003047,METERS,-102.8071,22.978781656399725
1375.6,2011-10-01,2026-05-14,30.38333,"ALPINE CASPARIS MUNICIPAL AIRPORT, TX US",0.979,GHCND:USW00003049,METERS,-103.68333,14.617385352498289
796.4,2011-10-01,2026-05-14,31.3825,"PECOS MUNICIPAL AIRPORT, TX US",0.9455,GHCND:USW00003058,METERS,-103.51083,14.617385352498289
1635.6,2009-07-10,2014-05-31,33.6476,"CARRIZOZO 1 W, NM US",0.9983,GHCND:USW00003082,METERS,-105.8945,4.889801505817933
1977.8,2010-06-28,2014-05-31,34.517,"MOUNTAINAIR 2 WSW, NM US",1.0,GHCND:USW00003097,METERS,-106.2702,3.923340177960301
1267.4,1949-01-01,2026-05-05,32.85,"HOLLOMAN AFB, NM US",0.3008,GHCND:USW00023002,METERS,-106.1,77.3388090349076
1634.9,1949-01-01,1952-01-16,35.05,"KIRTLAND AFB, NM US",1.0,GHCND:USW00023004,METERS,-106.61667,3.0390143737166326
1104.6,1942-07-13,2026-05-14,33.30735,"ROSWELL INDUSTRIAL AIR PARK, NM US",0.8532,GHCND:USW00023009,METERS,-104.50817,83.83572895277207
872.4,1930-06-01,2026-05-14,31.94754,"MIDLAND INTERNATIONAL AIRPORT, TX US",1.0,GHCND:USW00023023,METERS,-102.20859,95.95071868583162
858.3,1938-06-01,2026-05-14,31.78011,"WINK FAA AIRPORT, TX US",0.9252,GHCND:USW00023040,METERS,-103.2017,87.95071868583162
1106.1,1893-01-01,1972-12-31,33.4,"ROSWELL MUNICIPAL AIRPORT, NM US",0.9828,GHCND:USW00023043,METERS,-104.53333,79.99452429842573
1916.3,1941-05-27,2026-05-14,35.61096,"SANTA FE CO MUNICIPAL AIRPORT, NM US",0.5355,GHCND:USW00023049,METERS,-106.09574,84.9637234770705
1618.4,1931-03-01,2026-05-14,35.04189,"ALBUQUERQUE INTERNATIONAL AIRPORT, NM US",0.9999,GHCND:USW00023050,METERS,-106.61545,95.20328542094455
2094.0,1940-11-01,2026-05-14,35.65582,"LAS VEGAS MUNICIPAL AIRPORT, NM US",0.9975,GHCND:USW00023054,METERS,-105.13853,85.53045859000684
1655.0,1948-01-01,2023-12-10,31.832739,"PINE SPRINGS GUADALUPE MOUNTAINS NATIONAL PARK, TX US",0.3386,GHCND:USW00023055,METERS,-104.809025,75.93976728268309
1900.1,1909-03-01,1954-10-31,35.08333,"OTTO FAA AIRPORT, NM US",0.8784,GHCND:USW00023056,METERS,-106.01667,45.667351129363446
1132.9,1946-05-29,1957-12-31,31.75,"SALT FLAT, TX US",0.8621,GHCND:USW00023059,METERS,-105.08333,11.592060232717317
917.6,1996-07-01,2026-05-14,30.91193,"FORT STOCKTON PECOS CO AIRPORT, TX US",0.9929,GHCND:USW00023091,METERS,-102.91714,29.867214236824093
1067.1,2010-06-25,2014-05-31,32.8546,"ARTESIA 2 WNW, NM US",0.9986,GHCND:USW00053002,METERS,-104.4569,3.9315537303216974
1082.6,2010-09-05,2014-05-31,33.0875,"HAGERMAN 10 ESE, NM US",0.9985,GHCND:USW00053015,METERS,-104.1617,3.7344284736481863
1534.4,2010-08-28,2014-05-31,34.1373,"VAUGHN 36 SSE, NM US",0.9993,GHCND:USW00053016,METERS,-104.9303,3.756331279945243
1314.6,2011-06-20,2014-05-31,33.8076,"ELIDA 14 SW, NM US",1.0,GHCND:USW00053022,METERS,-103.8431,2.945927446954141
2087.0,2011-06-25,2014-05-31,35.6633,"LAS VEGAS 6 NE, NM US",1.0,GHCND:USW00053024,METERS,-105.1432,2.9322381930184807
1663.0,2011-10-02,2014-05-31,32.5122,"PINON 8 SSE, NM US",1.0,GHCND:USW00053026,METERS,-105.3357,2.6611909650924024
990.5,1930-01-01,2026-05-14,32.33355,"CAVERN CITY AIRPORT, NM US",0.8531,GHCND:USW00093033,METERS,-104.25846,96.36413415468857
1280.2,2011-10-01,2026-05-11,32.83972,"ALAMOGORDO WHITE SANDS REGIONAL AIRPORT, NM US",0.9487,GHCND:USW00093097,METERS,-105.99056,14.609171800136892
