lat,lon,aet_mm_yr
35.9375,-105.6042,494.8
35.9375,-105.5625,496.8
35.9375,-105.5208,503.8
35.8958,-105.6875,494.3
35.8958,-105.6458,507.1
35.8958,-105.6042,487.4
35.8958,-105.5625,496.7
35.8958,-105.5208,507.8
35.8542,-105.7292,500.2
35.8542,-105.6875,466.7
35.8542,-105.6458,471.1
35.8542,-105.6042,466.4
35.8542,-105.5625,498.9
35.8125,-105.7292,493.0
35.8125,-105.6875,458.2
35.8125,-105.6458,432.9
35.8125,-105.6042,465.5
35.8125,-105.5625,502.1
35.7708,-105.7292,472.6
35.7708,-105.6875,430.6
35.7708,-105.6458,431.8
35.7708,-105.6042,490.1
35.7708,-105.5625,518.1
35.7708,-105.5208,499.9
35.7708,-105.4792,455.5
35.7292,-105.7708,469.1
35.7292,-105.7292,442.4
35.7292,-105.6875,410.9
35.7292,-105.6458,459.7
35.7292,-105.6042,486.5
35.7292,-105.5625,508.5
35.7292,-105.5208,469.1
35.7292,-105.4792,431.5
35.7292,-105.4375,420.2
35.7292,-105.3958,381.4
35.7292,-105.3542,354.2
35.7292,-105.3125,350.8
35.7292,-105.1875,317.6
35.6875,-105.7708,437.4
35.6875,-105.7292,409.6
35.6875,-105.6875,399.0
35.6875,-105.6458,448.2
35.6875,-105.6042,456.5
35.6875,-105.5625,469.0
35.6875,-105.5208,474.1
35.6875,-105.4792,428.0
35.6875,-105.4375,382.5
35.6875,-105.3958,354.7
35.6875,-105.3542,348.2
35.6875,-105.3125,364.9
35.6875,-105.2708,323.4
35.6875,-105.2292,309.3
35.6875,-105.1875,308.4
35.6875,-105.1458,310.1
35.6875,-105.1042,314.6
35.6458,-105.7708,427.1
35.6458,-105.7292,403.3
35.6458,-105.6875,379.0
35.6458,-105.6458,420.2
35.6458,-105.6042,411.8
35.6458,-105.5625,438.0
35.6458,-105.5208,466.4
35.6458,-105.4792,408.0
35.6458,-105.4375,350.2
35.6458,-105.3958,346.3
35.6458,-105.3542,346.4
35.6458,-105.3125,342.7
35.6458,-105.2708,314.7
35.6458,-105.2292,305.4
35.6458,-105.1875,307.8
35.6458,-105.1458,316.6
35.6458,-105.1042,320.2
35.6458,-105.0625,320.1
35.6042,-105.7708,379.3
35.6042,-105.7292,368.8
35.6042,-105.6875,353.8
35.6042,-105.6458,377.1
35.6042,-105.6042,385.0
35.6042,-105.5625,398.4
35.6042,-105.5208,434.3
35.6042,-105.4792,399.1
35.6042,-105.4375,337.8
35.6042,-105.3958,326.1
35.6042,-105.3542,332.3
35.6042,-105.3125,334.9
35.6042,-105.2708,313.8
35.6042,-105.2292,302.8
35.6042,-105.1875,307.1
35.6042,-105.1458,314.4
35.6042,-105.1042,314.8
35.6042,-105.0625,320.3
35.5625,-105.7292,353.0
35.5625,-105.6875,340.3
35.5625,-105.6458,351.7
35.5625,-105.6042,358.6
35.5625,-105.5625,365.4
35.5625,-105.5208,397.0
35.5625,-105.4792,398.3
35.5625,-105.4375,350.6
35.5625,-105.3958,314.6
35.5625,-105.3542,315.2
35.5625,-105.3125,315.0
35.5625,-105.2708,302.6
35.5625,-105.2292,297.8
35.5625,-105.1875,302.1
35.5625,-105.1458,306.9
35.5625,-105.1042,309.2
35.5625,-105.0625,316.3
35.5625,-105.0208,321.5
35.5208,-105.6875,339.7
35.5208,-105.6458,336.3
35.5208,-105.6042,351.1
35.5208,-105.5625,341.6
35.5208,-105.5208,366.1
35.5208,-105.4792,359.2
35.5208,-105.4375,359.5
35.5208,-105.3958,321.5
35.5208,-105.3542,306.0
35.5208,-105.3125,296.8
35.5208,-105.2708,295.1
35.5208,-105.2292,290.0
35.5208,-105.1875,295.1
35.5208,-105.1458,300.1
35.5208,-105.1042,308.1
35.5208,-105.0625,308.9
35.5208,-105.0208,317.2
35.4792,-105.6458,324.3
35.4792,-105.6042,317.9
35.4792,-105.5625,310.3
35.4792,-105.5208,314.6
35.4792,-105.4792,310.0
35.4792,-105.4375,329.1
35.4792,-105.3958,319.5
35.4792,-105.3542,301.4
35.4792,-105.3125,287.2
35.4792,-105.2708,287.0
35.4792,-105.2292,289.0
35.4792,-105.1875,292.5
35.4792,-105.1458,291.0
35.4792,-105.1042,297.9
35.4792,-105.0625,292.6
35.4792,-105.0208,295.0
35.4792,-104.9792,308.8
35.4375,-105.6042,315.1
35.4375,-105.5625,284.9
35.4375,-105.5208,275.1
35.4375,-105.4792,274.2
35.4375,-105.4375,287.4
35.4375,-105.3958,303.9
35.4375,-105.3542,290.7
35.4375,-105.3125,286.1
35.4375,-105.2708,276.1
35.4375,-105.2292,271.0
35.4375,-105.1875,290.1
35.4375,-105.1458,286.1
35.4375,-105.1042,277.5
35.4375,-105.0625,271.1
35.4375,-105.0208,274.3
35.4375,-104.9792,287.6
35.4375,-104.9375,281.7
35.3958,-105.6458,346.5
35.3958,-105.6042,350.2
35.3958,-105.5625,337.6
35.3958,-105.5208,305.2
35.3958,-105.4792,256.2
35.3958,-105.4375,256.2
35.3958,-105.3958,269.3
35.3958,-105.3542,275.6
35.3958,-105.3125,264.4
35.3958,-105.2708,256.0
35.3958,-105.2292,255.1
35.3958,-105.1875,288.4
35.3958,-105.1458,296.3
35.3958,-105.1042,278.7
35.3958,-105.0625,275.0
35.3958,-105.0208,279.1
35.3958,-104.9792,271.8
35.3958,-104.9375,272.3
35.3958,-104.8958,278.1
35.3958,-104.8542,279.8
35.3542,-105.6458,335.2
35.3542,-105.6042,338.2
35.3542,-105.5625,336.9
35.3542,-105.5208,294.2
35.3542,-105.4792,258.5
35.3542,-105.4375,241.7
35.3542,-105.3958,283.7
35.3542,-105.3542,282.1
35.3542,-105.3125,264.1
35.3542,-105.2708,246.8
35.3542,-105.2292,243.4
35.3542,-105.1875,254.0
35.3542,-105.1458,278.1
35.3542,-105.1042,282.5
35.3542,-105.0625,265.3
35.3542,-105.0208,271.2
35.3542,-104.9792,268.2
35.3542,-104.9375,267.0
35.3542,-104.8958,275.7
35.3542,-104.8542,278.3
35.3542,-104.8125,277.3
35.3125,-105.7292,324.8
35.3125,-105.6875,320.9
35.3125,-105.6458,324.5
35.3125,-105.6042,319.0
35.3125,-105.5625,325.0
35.3125,-105.5208,306.3
35.3125,-105.4792,270.5
35.3125,-105.4375,245.5
35.3125,-105.3958,243.0
35.3125,-105.3542,252.8
35.3125,-105.3125,241.3
35.3125,-105.2708,236.3
35.3125,-105.2292,235.9
35.3125,-105.1875,237.8
35.3125,-105.1458,248.2
35.3125,-105.1042,265.3
35.3125,-105.0625,261.7
35.3125,-105.0208,266.1
35.3125,-104.9792,262.1
35.3125,-104.9375,258.0
35.3125,-104.8958,264.0
35.3125,-104.8542,266.5
35.2708,-105.7292,313.8
35.2708,-105.6875,307.9
35.2708,-105.6458,302.5
35.2708,-105.6042,299.7
35.2708,-105.5625,306.5
35.2708,-105.5208,300.6
35.2708,-105.4792,291.7
35.2708,-105.4375,267.4
35.2708,-105.3958,244.1
35.2708,-105.3542,231.3
35.2708,-105.3125,225.9
35.2708,-105.2708,227.0
35.2708,-105.2292,232.2
35.2708,-105.1875,236.4
35.2708,-105.1458,242.0
35.2708,-105.1042,253.4
35.2708,-105.0625,250.4
35.2708,-105.0208,255.4
35.2708,-104.9792,257.3
35.2708,-104.9375,255.5
35.2708,-104.8958,258.0
35.2708,-104.8542,263.9
35.2708,-104.8125,269.7
35.2292,-105.6875,301.0
35.2292,-105.6458,290.5
35.2292,-105.6042,277.9
35.2292,-105.5625,274.1
35.2292,-105.5208,279.3
35.2292,-105.4792,264.7
35.2292,-105.4375,258.6
35.2292,-105.3958,245.8
35.2292,-105.3542,236.8
35.2292,-105.3125,226.8
35.2292,-105.2708,225.2
35.2292,-105.2292,233.7
35.2292,-105.1875,236.6
35.2292,-105.1458,241.5
35.2292,-105.1042,247.5
35.2292,-105.0625,249.2
35.2292,-105.0208,249.2
35.2292,-104.9792,255.6
35.2292,-104.9375,258.4
35.2292,-104.8958,257.1
35.2292,-104.8542,262.6
35.2292,-104.8125,270.6
35.2292,-104.7708,276.0
35.2292,-104.7292,274.9
35.2292,-104.6875,275.4
35.1875,-105.6458,308.6
35.1875,-105.6042,284.3
35.1875,-105.5625,271.7
35.1875,-105.5208,256.7
35.1875,-105.4792,255.2
35.1875,-105.4375,243.5
35.1875,-105.3958,234.3
35.1875,-105.3542,231.5
35.1875,-105.3125,232.9
35.1875,-105.2708,234.5
35.1875,-105.2292,237.4
35.1875,-105.1875,238.2
35.1875,-105.1458,240.0
35.1875,-105.1042,249.5
35.1875,-105.0625,255.4
35.1875,-105.0208,256.5
35.1875,-104.9792,259.9
35.1875,-104.9375,262.6
35.1875,-104.8958,260.5
35.1875,-104.8542,269.6
35.1875,-104.8125,275.1
35.1875,-104.7708,274.6
35.1875,-104.7292,272.7
35.1875,-104.6875,270.9
35.1875,-104.6458,271.8
35.1458,-105.6458,305.2
35.1458,-105.6042,290.8
35.1458,-105.5625,279.3
35.1458,-105.5208,283.1
35.1458,-105.4792,259.7
35.1458,-105.4375,235.6
35.1458,-105.3958,228.0
35.1458,-105.3542,226.8
35.1458,-105.3125,229.4
35.1458,-105.2708,230.7
35.1458,-105.2292,237.4
35.1458,-105.1875,240.3
35.1458,-105.1458,245.2
35.1458,-105.1042,250.0
35.1458,-105.0625,253.3
35.1458,-105.0208,258.1
35.1458,-104.9792,268.6
35.1458,-104.9375,266.5
35.1458,-104.8958,269.3
35.1458,-104.8542,273.7
35.1458,-104.8125,277.1
35.1458,-104.7708,275.0
35.1458,-104.7292,275.2
35.1458,-104.6875,272.5
35.1458,-104.6458,270.5
35.1458,-104.6042,273.8
35.1042,-105.6042,298.3
35.1042,-105.5625,280.5
35.1042,-105.5208,271.4
35.1042,-105.4792,266.7
35.1042,-105.4375,250.2
35.1042,-105.3958,243.6
35.1042,-105.3542,239.0
35.1042,-105.3125,234.1
35.1042,-105.2708,233.2
35.1042,-105.2292,234.4
35.1042,-105.1875,243.4
35.1042,-105.1458,248.4
35.1042,-105.1042,252.1
35.1042,-105.0625,255.2
35.1042,-105.0208,258.6
35.1042,-104.9792,265.1
35.1042,-104.9375,275.7
35.1042,-104.8958,276.9
35.1042,-104.8542,273.0
35.1042,-104.8125,277.3
35.1042,-104.7708,276.9
35.1042,-104.7292,276.8
35.1042,-104.6875,272.7
35.1042,-104.6458,273.2
35.1042,-104.6042,275.6
35.0625,-105.6458,299.6
35.0625,-105.6042,284.8
35.0625,-105.5625,268.1
35.0625,-105.5208,261.4
35.0625,-105.4792,254.3
35.0625,-105.4375,249.9
35.0625,-105.3958,246.0
35.0625,-105.3542,237.8
35.0625,-105.3125,235.3
35.0625,-105.2708,234.0
35.0625,-105.2292,240.9
35.0625,-105.1875,246.7
35.0625,-105.1458,248.1
35.0625,-105.1042,251.3
35.0625,-105.0625,254.8
35.0625,-105.0208,258.5
35.0625,-104.9792,266.2
35.0625,-104.9375,274.4
35.0625,-104.8958,276.2
35.0625,-104.8542,276.9
35.0625,-104.8125,277.1
35.0625,-104.7708,280.1
35.0625,-104.7292,282.3
35.0625,-104.6875,275.7
35.0625,-104.6458,277.6
35.0625,-104.6042,278.3
35.0208,-105.6458,292.6
35.0208,-105.6042,283.8
35.0208,-105.5625,267.9
35.0208,-105.5208,254.6
35.0208,-105.4792,251.6
35.0208,-105.4375,246.1
35.0208,-105.3958,242.5
35.0208,-105.3542,240.2
35.0208,-105.3125,238.5
35.0208,-105.2708,237.6
35.0208,-105.2292,240.9
35.0208,-105.1875,244.1
35.0208,-105.1458,247.6
35.0208,-105.1042,251.9
35.0208,-105.0625,254.9
35.0208,-105.0208,258.6
35.0208,-104.9792,263.5
35.0208,-104.9375,271.5
35.0208,-104.8958,273.9
35.0208,-104.8542,276.3
35.0208,-104.8125,276.9
35.0208,-104.7708,280.1
35.0208,-104.7292,284.0
35.0208,-104.6875,284.6
35.0208,-104.6458,282.4
35.0208,-104.6042,282.4
35.0208,-104.5625,283.1
35.0208,-104.5208,285.0
34.9792,-105.6875,300.8
34.9792,-105.6458,288.4
34.9792,-105.6042,281.0
34.9792,-105.5625,269.9
34.9792,-105.5208,263.8
34.9792,-105.4792,260.5
34.9792,-105.4375,248.7
34.9792,-105.3958,243.5
34.9792,-105.3542,237.8
34.9792,-105.3125,235.4
34.9792,-105.2708,236.4
34.9792,-105.2292,241.2
34.9792,-105.1875,246.2
34.9792,-105.1458,247.7
34.9792,-105.1042,251.6
34.9792,-105.0625,255.7
34.9792,-105.0208,259.0
34.9792,-104.9792,262.9
34.9792,-104.9375,270.5
34.9792,-104.8958,274.9
34.9792,-104.8542,276.7
34.9792,-104.8125,277.3
34.9792,-104.7708,281.4
34.9792,-104.7292,284.6
34.9792,-104.6875,287.7
34.9792,-104.6458,286.4
34.9792,-104.6042,283.3
34.9792,-104.5625,284.0
34.9792,-104.5208,285.4
34.9792,-104.4792,289.2
34.9792,-104.1458,308.8
34.9792,-104.1042,310.6
34.9375,-105.6875,277.2
34.9375,-105.6458,276.9
34.9375,-105.6042,275.2
34.9375,-105.5625,265.3
34.9375,-105.5208,257.8
34.9375,-105.4792,254.3
34.9375,-105.4375,252.1
34.9375,-105.3958,245.7
34.9375,-105.3542,243.2
34.9375,-105.3125,241.1
34.9375,-105.2708,239.7
34.9375,-105.2292,244.0
34.9375,-105.1875,252.5
34.9375,-105.1458,252.5
34.9375,-105.1042,254.6
34.9375,-105.0625,257.2
34.9375,-105.0208,261.5
34.9375,-104.9792,265.2
34.9375,-104.9375,270.2
34.9375,-104.8958,271.1
34.9375,-104.8542,276.6
34.9375,-104.8125,278.3
34.9375,-104.7708,283.9
34.9375,-104.7292,286.8
34.9375,-104.6875,287.0
34.9375,-104.6458,289.2
34.9375,-104.6042,287.0
34.9375,-104.5625,287.3
34.9375,-104.5208,283.7
34.9375,-104.4792,287.2
34.9375,-104.4375,292.4
34.9375,-104.1875,296.6
34.9375,-104.1458,300.6
34.9375,-104.1042,304.0
34.9375,-104.0625,309.3
34.8958,-105.6458,263.3
34.8958,-105.6042,262.2
34.8958,-105.5625,264.4
34.8958,-105.5208,257.2
34.8958,-105.4792,248.4
34.8958,-105.4375,245.0
34.8958,-105.3958,239.8
34.8958,-105.3542,245.0
34.8958,-105.3125,242.5
34.8958,-105.2708,242.2
34.8958,-105.2292,241.3
34.8958,-105.1875,245.6
34.8958,-105.1458,250.9
34.8958,-105.1042,254.7
34.8958,-105.0625,257.9
34.8958,-105.0208,260.2
34.8958,-104.9792,260.1
34.8958,-104.9375,266.9
34.8958,-104.8958,271.9
34.8958,-104.8542,272.1
34.8958,-104.8125,275.6
34.8958,-104.7708,282.2
34.8958,-104.7292,285.5
34.8958,-104.6875,289.1
34.8958,-104.6458,288.6
34.8958,-104.6042,290.0
34.8958,-104.5625,284.2
34.8958,-104.5208,281.2
34.8958,-104.4792,285.5
34.8958,-104.4375,287.7
34.8958,-104.3958,286.8
34.8958,-104.3542,287.6
34.8958,-104.3125,292.7
34.8958,-104.2708,298.7
34.8958,-104.2292,296.6
34.8958,-104.1875,293.3
34.8958,-104.1458,293.6
34.8958,-104.1042,304.1
34.8958,-104.0625,312.2
34.8542,-105.6458,271.9
34.8542,-105.6042,258.9
34.8542,-105.5625,248.5
34.8542,-105.5208,245.2
34.8542,-105.4792,242.1
34.8542,-105.4375,241.3
34.8542,-105.3958,238.2
34.8542,-105.3542,232.7
34.8542,-105.3125,231.6
34.8542,-105.2708,234.8
34.8542,-105.2292,237.1
34.8542,-105.1875,239.9
34.8542,-105.1458,246.1
34.8542,-105.1042,252.1
34.8542,-105.0625,259.3
34.8542,-105.0208,263.0
34.8542,-104.9792,272.1
34.8542,-104.9375,273.9
34.8542,-104.8958,271.9
34.8542,-104.8542,272.7
34.8542,-104.8125,274.8
34.8542,-104.7708,278.1
34.8542,-104.7292,286.9
34.8542,-104.6875,290.6
34.8542,-104.6458,289.3
34.8542,-104.6042,290.3
34.8542,-104.5625,287.2
34.8542,-104.5208,281.5
34.8542,-104.4792,282.8
34.8542,-104.4375,284.2
34.8542,-104.3958,284.6
34.8542,-104.3542,285.5
34.8542,-104.3125,284.0
34.8542,-104.2708,288.1
34.8542,-104.2292,291.5
34.8542,-104.1875,293.2
34.8542,-104.1458,299.6
34.8542,-104.1042,310.0
34.8542,-104.0625,311.4
34.8542,-104.0208,310.0
34.8542,-103.9792,309.0
34.8542,-103.9375,306.0
34.8125,-105.5625,236.5
34.8125,-105.5208,231.7
34.8125,-105.4792,231.6
34.8125,-105.4375,239.0
34.8125,-105.3958,238.7
34.8125,-105.3542,235.0
34.8125,-105.3125,237.9
34.8125,-105.2708,243.2
34.8125,-105.2292,243.8
34.8125,-105.1875,239.1
34.8125,-105.1458,248.5
34.8125,-105.1042,260.3
34.8125,-105.0625,264.3
34.8125,-105.0208,267.4
34.8125,-104.9792,268.8
34.8125,-104.9375,268.4
34.8125,-104.8958,267.3
34.8125,-104.8542,269.7
34.8125,-104.8125,273.4
34.8125,-104.7708,277.5
34.8125,-104.7292,281.8
34.8125,-104.6875,289.3
34.8125,-104.6458,287.1
34.8125,-104.6042,284.9
34.8125,-104.5625,289.9
34.8125,-104.5208,283.3
34.8125,-104.4792,281.0
34.8125,-104.4375,284.3
34.8125,-104.3958,283.7
34.8125,-104.3542,283.4
34.8125,-104.3125,282.7
34.8125,-104.2708,285.1
34.8125,-104.2292,293.2
34.8125,-104.1875,299.6
34.8125,-104.1458,310.8
34.8125,-104.1042,311.5
34.8125,-104.0625,312.0
34.8125,-104.0208,311.4
34.8125,-103.9792,309.1
34.8125,-103.9375,309.8
34.8125,-103.8958,310.4
34.8125,-103.8542,312.8
34.8125,-103.8125,315.0
34.8125,-103.7708,314.5
34.7708,-105.4375,239.2
34.7708,-105.3958,240.2
34.7708,-105.3542,244.7
34.7708,-105.3125,244.1
34.7708,-105.2708,246.7
34.7708,-105.2292,246.0
34.7708,-105.1875,245.5
34.7708,-105.1458,247.5
34.7708,-105.1042,251.4
34.7708,-105.0625,252.2
34.7708,-105.0208,254.9
34.7708,-104.9792,256.7
34.7708,-104.9375,260.7
34.7708,-104.8958,264.8
34.7708,-104.8542,269.1
34.7708,-104.8125,273.4
34.7708,-104.7708,278.1
34.7708,-104.7292,283.7
34.7708,-104.6875,285.2
34.7708,-104.6458,285.4
34.7708,-104.6042,288.3
34.7708,-104.5625,283.5
34.7708,-104.5208,282.3
34.7708,-104.4792,279.8
34.7708,-104.4375,283.0
34.7708,-104.3958,283.9
34.7708,-104.3542,282.4
34.7708,-104.3125,283.5
34.7708,-104.2708,287.7
34.7708,-104.2292,296.0
34.7708,-104.1875,301.3
34.7708,-104.1458,308.9
34.7708,-104.1042,312.2
34.7708,-104.0625,311.7
34.7708,-104.0208,311.6
34.7708,-103.9792,310.4
34.7708,-103.9375,308.8
34.7708,-103.8958,310.7
34.7708,-103.8542,312.1
34.7708,-103.8125,313.0
34.7708,-103.7708,316.1
34.7708,-103.7292,318.1
34.7292,-105.3958,248.1
34.7292,-105.3542,247.6
34.7292,-105.3125,243.6
34.7292,-105.2708,242.9
34.7292,-105.2292,246.4
34.7292,-105.1875,251.7
34.7292,-105.1458,246.9
34.7292,-105.1042,248.7
34.7292,-105.0625,249.7
34.7292,-105.0208,253.7
34.7292,-104.9792,255.8
34.7292,-104.9375,260.9
34.7292,-104.8958,264.9
34.7292,-104.8542,268.4
34.7292,-104.8125,273.0
34.7292,-104.7708,277.6
34.7292,-104.7292,286.0
34.7292,-104.6875,289.2
34.7292,-104.6458,288.0
34.7292,-104.6042,288.2
34.7292,-104.5625,285.5
34.7292,-104.5208,278.3
34.7292,-104.4792,280.7
34.7292,-104.4375,283.8
34.7292,-104.3958,283.1
34.7292,-104.3542,283.3
34.7292,-104.3125,288.1
34.7292,-104.2708,296.6
34.7292,-104.2292,299.3
34.7292,-104.1875,302.7
34.7292,-104.1458,306.2
34.7292,-104.1042,307.9
34.7292,-104.0625,309.6
34.7292,-104.0208,309.7
34.7292,-103.9792,309.1
34.7292,-103.9375,308.7
34.7292,-103.8958,309.8
34.7292,-103.8542,311.1
34.7292,-103.8125,312.7
34.7292,-103.7708,315.0
34.7292,-103.7292,316.2
34.7292,-103.6875,318.1
34.6875,-105.3125,242.4
34.6875,-105.2708,240.2
34.6875,-105.2292,239.4
34.6875,-105.1875,242.8
34.6875,-105.1458,243.2
34.6875,-105.1042,246.1
34.6875,-105.0625,248.1
34.6875,-105.0208,251.1
34.6875,-104.9792,255.2
34.6875,-104.9375,260.2
34.6875,-104.8958,263.4
34.6875,-104.8542,267.7
34.6875,-104.8125,270.9
34.6875,-104.7708,274.2
34.6875,-104.7292,277.1
34.6875,-104.6875,278.4
34.6875,-104.6458,282.8
34.6875,-104.6042,282.6
34.6875,-104.5625,281.8
34.6875,-104.5208,278.5
34.6875,-104.4792,278.6
34.6875,-104.4375,281.4
34.6875,-104.3958,282.4
34.6875,-104.3542,285.3
34.6875,-104.3125,293.7
34.6875,-104.2708,297.0
34.6875,-104.2292,298.6
34.6875,-104.1875,301.5
34.6875,-104.1458,300.8
34.6875,-104.1042,298.0
34.6875,-104.0625,300.5
34.6875,-104.0208,308.3
34.6875,-103.9792,309.6
34.6875,-103.9375,309.4
34.6875,-103.8958,309.3
34.6875,-103.8542,310.4
34.6875,-103.8125,313.1
34.6875,-103.7708,314.6
34.6875,-103.7292,317.0
34.6875,-103.6875,319.1
34.6875,-103.6458,320.9
34.6458,-105.3125,242.8
34.6458,-105.2708,241.1
34.6458,-105.2292,240.9
34.6458,-105.1875,244.2
34.6458,-105.1458,243.7
34.6458,-105.1042,243.7
34.6458,-105.0625,245.4
34.6458,-105.0208,246.2
34.6458,-104.9792,250.0
34.6458,-104.9375,256.4
34.6458,-104.8958,266.9
34.6458,-104.8542,266.5
34.6458,-104.8125,269.1
34.6458,-104.7708,272.6
34.6458,-104.7292,275.0
34.6458,-104.6875,276.6
34.6458,-104.6458,277.2
34.6458,-104.6042,279.7
34.6458,-104.5625,281.5
34.6458,-104.5208,281.6
34.6458,-104.4792,284.1
34.6458,-104.4375,283.6
34.6458,-104.3958,281.4
34.6458,-104.3542,286.8
34.6458,-104.3125,293.5
34.6458,-104.2708,296.8
34.6458,-104.2292,297.6
34.6458,-104.1875,300.7
34.6458,-104.1458,298.7
34.6458,-104.1042,293.2
34.6458,-104.0625,298.7
34.6458,-104.0208,308.2
34.6458,-103.9792,309.5
34.6458,-103.9375,310.9
34.6458,-103.8958,310.8
34.6458,-103.8542,311.3
34.6458,-103.8125,311.6
34.6458,-103.7708,312.9
34.6458,-103.7292,315.3
34.6458,-103.6875,317.2
34.6458,-103.6458,320.4
34.6458,-103.6042,324.9
34.6042,-105.3542,238.9
34.6042,-105.3125,239.6
34.6042,-105.2708,240.4
34.6042,-105.2292,241.2
34.6042,-105.1875,244.1
34.6042,-105.1458,243.6
34.6042,-105.1042,241.3
34.6042,-105.0625,243.0
34.6042,-105.0208,246.2
34.6042,-104.9792,249.4
34.6042,-104.9375,256.2
34.6042,-104.8958,258.9
34.6042,-104.8542,260.0
34.6042,-104.8125,262.5
34.6042,-104.7708,266.0
34.6042,-104.7292,269.1
34.6042,-104.6875,271.3
34.6042,-104.6458,272.5
34.6042,-104.6042,274.0
34.6042,-104.5625,275.9
34.6042,-104.5208,279.9
34.6042,-104.4792,285.0
34.6042,-104.4375,284.3
34.6042,-104.3958,282.3
34.6042,-104.3542,289.3
34.6042,-104.3125,294.7
34.6042,-104.2708,296.5
34.6042,-104.2292,297.1
34.6042,-104.1875,299.8
34.6042,-104.1458,297.2
34.6042,-104.1042,296.6
34.6042,-104.0625,299.1
34.6042,-104.0208,306.1
34.6042,-103.9792,309.7
34.6042,-103.9375,311.9
34.6042,-103.8958,311.9
34.6042,-103.8542,312.6
34.6042,-103.8125,313.3
34.6042,-103.7708,312.5
34.6042,-103.7292,315.1
34.6042,-103.6875,318.2
34.6042,-103.6458,320.5
34.5625,-105.3542,236.7
34.5625,-105.3125,235.7
34.5625,-105.2708,237.2
34.5625,-105.2292,238.2
34.5625,-105.1875,244.4
34.5625,-105.1458,245.0
34.5625,-105.1042,244.5
34.5625,-105.0625,244.1
34.5625,-105.0208,246.3
34.5625,-104.9792,249.4
34.5625,-104.9375,254.1
34.5625,-104.8958,259.8
34.5625,-104.8542,262.2
34.5625,-104.8125,262.6
34.5625,-104.7708,265.4
34.5625,-104.7292,271.2
34.5625,-104.6875,273.4
34.5625,-104.6458,274.5
34.5625,-104.6042,276.4
34.5625,-104.5625,278.9
34.5625,-104.5208,278.9
34.5625,-104.4792,284.7
34.5625,-104.4375,284.7
34.5625,-104.3958,286.2
34.5625,-104.3542,289.5
34.5625,-104.3125,293.8
34.5625,-104.2708,296.3
34.5625,-104.2292,297.4
34.5625,-104.1875,298.5
34.5625,-104.1458,301.3
34.5625,-104.1042,303.3
34.5625,-104.0625,309.3
34.5625,-104.0208,306.7
34.5625,-103.9792,304.4
34.5625,-103.9375,306.7
34.5625,-103.8958,306.8
34.5625,-103.8542,310.7
34.5625,-103.8125,313.4
34.5625,-103.7708,314.7
34.5625,-103.7292,316.4
34.5625,-103.6875,320.1
34.5208,-105.4375,236.5
34.5208,-105.3958,235.7
34.5208,-105.3542,237.1
34.5208,-105.3125,237.9
34.5208,-105.2708,235.2
34.5208,-105.2292,234.1
34.5208,-105.1875,241.3
34.5208,-105.1458,245.5
34.5208,-105.1042,247.1
34.5208,-105.0625,244.5
34.5208,-105.0208,245.9
34.5208,-104.9792,247.8
34.5208,-104.9375,252.9
34.5208,-104.8958,257.5
34.5208,-104.8542,260.7
34.5208,-104.8125,264.6
34.5208,-104.7708,267.9
34.5208,-104.7292,270.3
34.5208,-104.6875,271.3
34.5208,-104.6458,273.6
34.5208,-104.6042,275.0
34.5208,-104.5625,277.5
34.5208,-104.5208,278.1
34.5208,-104.4792,281.2
34.5208,-104.4375,285.3
34.5208,-104.3958,286.2
34.5208,-104.3542,290.2
34.5208,-104.3125,291.1
34.5208,-104.2708,292.0
34.5208,-104.2292,296.5
34.5208,-104.1875,299.5
34.5208,-104.1458,301.5
34.5208,-104.1042,301.0
34.5208,-104.0625,302.6
34.5208,-104.0208,302.4
34.5208,-103.9792,303.1
34.5208,-103.9375,303.3
34.5208,-103.8958,305.5
34.5208,-103.8542,309.3
34.5208,-103.8125,311.3
34.4792,-105.4375,255.4
34.4792,-105.3958,243.1
34.4792,-105.3542,240.7
34.4792,-105.3125,240.7
34.4792,-105.2708,237.0
34.4792,-105.2292,233.9
34.4792,-105.1875,240.4
34.4792,-105.1458,243.5
34.4792,-105.1042,246.0
34.4792,-105.0625,246.5
34.4792,-105.0208,247.5
34.4792,-104.9792,249.2
34.4792,-104.9375,254.0
34.4792,-104.8958,259.8
34.4792,-104.8542,261.8
34.4792,-104.8125,263.5
34.4792,-104.7708,266.7
34.4792,-104.7292,267.9
34.4792,-104.6875,268.6
34.4792,-104.6458,271.3
34.4792,-104.6042,274.3
34.4792,-104.5625,276.8
34.4792,-104.5208,278.0
34.4792,-104.4792,280.2
34.4792,-104.4375,289.2
34.4792,-104.3958,293.7
34.4792,-104.3542,294.7
34.4792,-104.3125,293.3
34.4792,-104.2708,292.7
34.4792,-104.2292,294.5
34.4792,-104.1875,298.3
34.4792,-104.1458,301.4
34.4792,-104.1042,296.8
34.4792,-104.0625,293.2
34.4792,-104.0208,294.1
34.4792,-103.9792,299.4
34.4792,-103.9375,302.0
34.4792,-103.8958,304.2
34.4792,-103.8542,307.8
34.4375,-105.4375,243.5
34.4375,-105.3958,242.0
34.4375,-105.3542,241.8
34.4375,-105.3125,238.2
34.4375,-105.2708,232.2
34.4375,-105.2292,233.8
34.4375,-105.1875,242.0
34.4375,-105.1458,242.2
34.4375,-105.1042,243.2
34.4375,-105.0625,247.4
34.4375,-105.0208,249.3
34.4375,-104.9792,252.1
34.4375,-104.9375,255.8
34.4375,-104.8958,258.1
34.4375,-104.8542,260.3
34.4375,-104.8125,260.5
34.4375,-104.7708,263.8
34.4375,-104.7292,266.0
34.4375,-104.6875,268.7
34.4375,-104.6458,270.6
34.4375,-104.6042,273.0
34.4375,-104.5625,274.4
34.4375,-104.5208,276.4
34.4375,-104.4792,279.8
34.4375,-104.4375,285.2
34.4375,-104.3958,292.1
34.4375,-104.3542,295.1
34.4375,-104.3125,294.2
34.4375,-104.2708,294.0
34.4375,-104.2292,291.2
34.4375,-104.1875,291.1
34.4375,-104.1458,296.4
34.4375,-104.1042,292.4
34.4375,-104.0625,288.0
34.4375,-104.0208,290.8
34.4375,-103.9792,296.2
34.4375,-103.9375,299.2
34.4375,-103.8958,298.9
34.4375,-103.8542,301.0
34.3958,-105.4375,254.0
34.3958,-105.3958,244.5
34.3958,-105.3542,240.6
34.3958,-105.3125,234.7
34.3958,-105.2708,234.6
34.3958,-105.2292,233.9
34.3958,-105.1875,241.9
34.3958,-105.1458,242.1
34.3958,-105.1042,242.6
34.3958,-105.0625,244.6
34.3958,-105.0208,248.2
34.3958,-104.9792,250.5
34.3958,-104.9375,254.0
34.3958,-104.8958,255.0
34.3958,-104.8542,257.5
34.3958,-104.8125,260.9
34.3958,-104.7708,263.5
34.3958,-104.7292,266.5
34.3958,-104.6875,268.9
34.3958,-104.6458,270.0
34.3958,-104.6042,271.5
34.3958,-104.5625,274.2
34.3958,-104.5208,277.0
34.3958,-104.4792,283.0
34.3958,-104.4375,284.1
34.3958,-104.3958,288.6
34.3958,-104.3542,291.1
34.3958,-104.3125,291.0
34.3958,-104.2708,291.0
34.3958,-104.2292,290.7
34.3958,-104.1875,287.9
34.3958,-104.1458,292.7
34.3958,-104.1042,293.5
34.3958,-104.0625,294.3
34.3958,-104.0208,296.5
34.3958,-103.9792,300.2
34.3958,-103.9375,301.1
34.3958,-103.8958,301.5
34.3958,-103.8542,305.8
34.3542,-105.4792,248.4
34.3542,-105.4375,246.0
34.3542,-105.3958,239.8
34.3542,-105.3542,237.8
34.3542,-105.3125,236.5
34.3542,-105.2708,236.3
34.3542,-105.2292,236.0
34.3542,-105.1875,238.1
34.3542,-105.1458,240.1
34.3542,-105.1042,240.0
34.3542,-105.0625,241.4
34.3542,-105.0208,242.9
34.3542,-104.9792,249.1
34.3542,-104.9375,252.0
34.3542,-104.8958,254.5
34.3542,-104.8542,257.1
34.3542,-104.8125,254.8
34.3542,-104.7708,260.0
34.3542,-104.7292,265.3
34.3542,-104.6875,267.3
34.3542,-104.6458,268.9
34.3542,-104.6042,269.7
34.3542,-104.5625,272.5
34.3542,-104.5208,276.4
34.3542,-104.4792,277.6
34.3542,-104.4375,280.0
34.3542,-104.3958,282.6
34.3542,-104.3542,289.2
34.3542,-104.3125,290.1
34.3542,-104.2708,288.1
34.3542,-104.2292,288.1
34.3542,-104.1875,285.8
34.3542,-104.1458,292.0
34.3542,-104.1042,296.6
34.3542,-104.0625,296.0
34.3542,-104.0208,298.6
34.3542,-103.9792,302.7
34.3542,-103.9375,302.9
34.3542,-103.8958,304.4
34.3125,-105.5625,252.4
34.3125,-105.5208,251.9
34.3125,-105.4792,249.2
34.3125,-105.4375,245.7
34.3125,-105.3958,240.5
34.3125,-105.3542,237.0
34.3125,-105.3125,237.9
34.3125,-105.2708,237.5
34.3125,-105.2292,238.7
34.3125,-105.1875,238.2
34.3125,-105.1458,238.2
34.3125,-105.1042,238.1
34.3125,-105.0625,240.5
34.3125,-105.0208,241.4
34.3125,-104.9792,242.7
34.3125,-104.9375,249.2
34.3125,-104.8958,252.7
34.3125,-104.8542,258.8
34.3125,-104.8125,254.8
34.3125,-104.7708,257.4
34.3125,-104.7292,259.3
34.3125,-104.6875,262.2
34.3125,-104.6458,263.9
34.3125,-104.6042,267.4
34.3125,-104.5625,269.4
34.3125,-104.5208,271.1
34.3125,-104.4792,273.1
34.3125,-104.4375,275.6
34.3125,-104.3958,276.9
34.3125,-104.3542,283.6
34.3125,-104.3125,285.7
34.3125,-104.2708,286.8
34.3125,-104.2292,286.9
34.3125,-104.1875,285.5
34.3125,-104.1458,291.2
34.3125,-104.1042,296.3
34.3125,-104.0625,298.3
34.3125,-104.0208,300.9
34.3125,-103.9792,303.1
34.3125,-103.9375,305.1
34.3125,-103.8958,307.6
34.2708,-105.6042,274.1
34.2708,-105.5625,258.0
34.2708,-105.5208,252.5
34.2708,-105.4792,249.8
34.2708,-105.4375,245.6
34.2708,-105.3958,242.5
34.2708,-105.3542,241.4
34.2708,-105.3125,240.8
34.2708,-105.2708,239.3
34.2708,-105.2292,239.4
34.2708,-105.1875,237.6
34.2708,-105.1458,235.7
34.2708,-105.1042,236.6
34.2708,-105.0625,237.0
34.2708,-105.0208,238.0
34.2708,-104.9792,237.9
34.2708,-104.9375,244.8
34.2708,-104.8958,248.2
34.2708,-104.8542,259.7
34.2708,-104.8125,260.3
34.2708,-104.7708,255.6
34.2708,-104.7292,254.6
34.2708,-104.6875,256.9
34.2708,-104.6458,260.6
34.2708,-104.6042,266.4
34.2708,-104.5625,269.4
34.2708,-104.5208,271.3
34.2708,-104.4792,272.4
34.2708,-104.4375,275.0
34.2708,-104.3958,276.8
34.2708,-104.3542,280.9
34.2708,-104.3125,282.8
34.2708,-104.2708,283.9
34.2708,-104.2292,283.9
34.2708,-104.1875,286.0
34.2708,-104.1458,290.5
34.2708,-104.1042,293.7
34.2708,-104.0625,298.1
34.2708,-104.0208,302.4
34.2708,-103.9792,306.2
34.2708,-103.9375,308.4
34.2708,-103.8958,308.5
34.2708,-103.8542,311.2
34.2292,-105.6458,276.8
34.2292,-105.6042,272.0
34.2292,-105.5625,268.7
34.2292,-105.5208,270.3
34.2292,-105.4792,258.2
34.2292,-105.4375,249.6
34.2292,-105.3958,242.2
34.2292,-105.3542,239.9
34.2292,-105.3125,238.1
34.2292,-105.2708,238.7
34.2292,-105.2292,240.2
34.2292,-105.1875,237.3
34.2292,-105.1458,231.9
34.2292,-105.1042,231.3
34.2292,-105.0625,233.7
34.2292,-105.0208,234.7
34.2292,-104.9792,235.0
34.2292,-104.9375,241.2
34.2292,-104.8958,244.4
34.2292,-104.8542,251.9
34.2292,-104.8125,257.9
34.2292,-104.7708,253.5
34.2292,-104.7292,251.3
34.2292,-104.6875,253.5
34.2292,-104.6458,254.4
34.2292,-104.6042,259.0
34.2292,-104.5625,262.9
34.2292,-104.5208,265.7
34.2292,-104.4792,266.4
34.2292,-104.4375,267.4
34.2292,-104.3958,270.0
34.2292,-104.3542,277.5
34.2292,-104.3125,277.5
34.2292,-104.2708,278.7
34.2292,-104.2292,279.5
34.2292,-104.1875,284.9
34.2292,-104.1458,288.2
34.2292,-104.1042,291.1
34.2292,-104.0625,293.6
34.2292,-104.0208,301.4
34.2292,-103.9792,304.9
34.2292,-103.9375,304.7
34.2292,-103.8958,307.1
34.2292,-103.8542,312.3
34.1875,-105.7292,312.5
34.1875,-105.6875,285.3
34.1875,-105.6458,272.9
34.1875,-105.6042,274.1
34.1875,-105.5625,276.6
34.1875,-105.5208,260.9
34.1875,-105.4792,261.1
34.1875,-105.4375,254.4
34.1875,-105.3958,245.3
34.1875,-105.3542,241.4
34.1875,-105.3125,237.7
34.1875,-105.2708,235.3
34.1875,-105.2292,236.9
34.1875,-105.1875,235.2
34.1875,-105.1458,230.6
34.1875,-105.1042,230.3
34.1875,-105.0625,235.2
34.1875,-105.0208,235.0
34.1875,-104.9792,235.9
34.1875,-104.9375,238.2
34.1875,-104.8958,241.7
34.1875,-104.8542,246.6
34.1875,-104.8125,253.1
34.1875,-104.7708,252.6
34.1875,-104.7292,249.0
34.1875,-104.6875,250.1
34.1875,-104.6458,252.4
34.1875,-104.6042,254.1
34.1875,-104.5625,256.7
34.1875,-104.5208,261.7
34.1875,-104.4792,263.0
34.1875,-104.4375,264.9
34.1875,-104.3958,265.1
34.1875,-104.3542,266.9
34.1875,-104.3125,270.2
34.1875,-104.2708,273.6
34.1875,-104.2292,279.6
34.1875,-104.1875,284.2
34.1875,-104.1458,286.7
34.1875,-104.1042,288.2
34.1875,-104.0625,289.8
34.1875,-104.0208,296.1
34.1875,-103.9792,299.3
34.1875,-103.9375,301.7
34.1875,-103.8958,304.1
34.1875,-103.8542,307.6
34.1458,-105.6875,280.1
34.1458,-105.6458,270.1
34.1458,-105.6042,269.3
34.1458,-105.5625,267.3
34.1458,-105.5208,263.5
34.1458,-105.4792,255.1
34.1458,-105.4375,250.6
34.1458,-105.3958,243.3
34.1458,-105.3542,240.0
34.1458,-105.3125,239.1
34.1458,-105.2708,233.0
34.1458,-105.2292,232.7
34.1458,-105.1875,231.4
34.1458,-105.1458,228.1
34.1458,-105.1042,231.6
34.1458,-105.0625,234.7
34.1458,-105.0208,233.0
34.1458,-104.9792,235.2
34.1458,-104.9375,236.4
34.1458,-104.8958,237.6
34.1458,-104.8542,241.1
34.1458,-104.8125,244.4
34.1458,-104.7708,248.4
34.1458,-104.7292,249.0
34.1458,-104.6875,251.1
34.1458,-104.6458,251.9
34.1458,-104.6042,252.3
34.1458,-104.5625,252.8
34.1458,-104.5208,255.5
34.1458,-104.4792,259.6
34.1458,-104.4375,264.0
34.1458,-104.3958,265.2
34.1458,-104.3542,264.6
34.1458,-104.3125,264.2
34.1458,-104.2708,273.2
34.1458,-104.2292,279.4
34.1458,-104.1875,281.1
34.1458,-104.1458,285.7
34.1458,-104.1042,288.3
34.1458,-104.0625,289.0
34.1458,-104.0208,292.0
34.1458,-103.9792,294.7
34.1458,-103.9375,297.1
34.1458,-103.8958,299.4
34.1458,-103.8542,302.4
34.1458,-103.8125,308.8
34.1042,-105.6875,275.7
34.1042,-105.6458,270.8
34.1042,-105.6042,268.7
34.1042,-105.5625,259.7
34.1042,-105.5208,254.5
34.1042,-105.4792,252.8
34.1042,-105.4375,248.7
34.1042,-105.3958,240.9
34.1042,-105.3542,234.3
34.1042,-105.3125,235.1
34.1042,-105.2708,232.0
34.1042,-105.2292,226.3
34.1042,-105.1875,225.2
34.1042,-105.1458,225.7
34.1042,-105.1042,226.7
34.1042,-105.0625,227.6
34.1042,-105.0208,230.9
34.1042,-104.9792,232.1
34.1042,-104.9375,233.2
34.1042,-104.8958,234.6
34.1042,-104.8542,239.7
34.1042,-104.8125,243.0
34.1042,-104.7708,244.1
34.1042,-104.7292,246.0
34.1042,-104.6875,247.7
34.1042,-104.6458,251.7
34.1042,-104.6042,251.0
34.1042,-104.5625,250.5
34.1042,-104.5208,251.7
34.1042,-104.4792,253.7
34.1042,-104.4375,258.2
34.1042,-104.3958,261.8
34.1042,-104.3542,260.8
34.1042,-104.3125,259.9
34.1042,-104.2708,268.7
34.1042,-104.2292,276.4
34.1042,-104.1875,278.8
34.1042,-104.1458,281.2
34.1042,-104.1042,284.6
34.1042,-104.0625,286.7
34.1042,-104.0208,288.5
34.1042,-103.9792,290.6
34.1042,-103.9375,293.6
34.1042,-103.8958,297.8
34.1042,-103.8542,301.5
34.1042,-103.8125,305.4
34.0625,-105.6458,272.5
34.0625,-105.6042,265.5
34.0625,-105.5625,259.0
34.0625,-105.5208,252.2
34.0625,-105.4792,244.7
34.0625,-105.4375,242.0
34.0625,-105.3958,237.6
34.0625,-105.3542,232.6
34.0625,-105.3125,230.5
34.0625,-105.2708,227.8
34.0625,-105.2292,224.2
34.0625,-105.1875,222.5
34.0625,-105.1458,221.0
34.0625,-105.1042,223.4
34.0625,-105.0625,224.9
34.0625,-105.0208,227.4
34.0625,-104.9792,230.1
34.0625,-104.9375,231.0
34.0625,-104.8958,233.7
34.0625,-104.8542,235.8
34.0625,-104.8125,240.0
34.0625,-104.7708,245.4
34.0625,-104.7292,245.3
34.0625,-104.6875,246.4
34.0625,-104.6458,247.9
34.0625,-104.6042,248.9
34.0625,-104.5625,249.4
34.0625,-104.5208,252.2
34.0625,-104.4792,256.2
34.0625,-104.4375,256.6
34.0625,-104.3958,257.3
34.0625,-104.3542,258.1
34.0625,-104.3125,260.8
34.0625,-104.2708,270.1
34.0625,-104.2292,274.3
34.0625,-104.1875,276.5
34.0625,-104.1458,278.5
34.0625,-104.1042,281.3
34.0625,-104.0625,283.3
34.0625,-104.0208,285.3
34.0625,-103.9792,288.6
34.0625,-103.9375,292.3
34.0625,-103.8958,296.4
34.0625,-103.8542,300.2
34.0208,-105.6458,268.6
34.0208,-105.6042,265.6
34.0208,-105.5625,259.4
34.0208,-105.5208,252.2
34.0208,-105.4792,247.0
34.0208,-105.4375,244.9
34.0208,-105.3958,239.3
34.0208,-105.3542,235.2
34.0208,-105.3125,231.0
34.0208,-105.2708,227.0
34.0208,-105.2292,223.3
34.0208,-105.1875,220.6
34.0208,-105.1458,220.3
34.0208,-105.1042,221.4
34.0208,-105.0625,225.3
34.0208,-105.0208,228.7
34.0208,-104.9792,229.2
34.0208,-104.9375,231.0
34.0208,-104.8958,233.6
34.0208,-104.8542,235.0
34.0208,-104.8125,238.9
34.0208,-104.7708,241.2
34.0208,-104.7292,246.6
34.0208,-104.6875,248.0
34.0208,-104.6458,248.2
34.0208,-104.6042,249.1
34.0208,-104.5625,249.8
34.0208,-104.5208,253.3
34.0208,-104.4792,257.0
34.0208,-104.4375,256.9
34.0208,-104.3958,257.1
34.0208,-104.3542,257.8
34.0208,-104.3125,261.6
34.0208,-104.2708,268.3
34.0208,-104.2292,271.6
34.0208,-104.1875,273.1
34.0208,-104.1458,275.2
34.0208,-104.1042,278.1
34.0208,-104.0625,280.0
34.0208,-104.0208,286.9
34.0208,-103.9792,291.5
34.0208,-103.9375,293.7
34.0208,-103.8958,296.1
34.0208,-103.8542,298.1
34.0208,-103.8125,300.1
33.9792,-105.6458,264.4
33.9792,-105.6042,259.7
33.9792,-105.5625,255.6
33.9792,-105.5208,251.3
33.9792,-105.4792,249.8
33.9792,-105.4375,248.1
33.9792,-105.3958,244.3
33.9792,-105.3542,242.7
33.9792,-105.3125,238.3
33.9792,-105.2708,231.1
33.9792,-105.2292,226.1
33.9792,-105.1875,225.0
33.9792,-105.1458,224.2
33.9792,-105.1042,223.4
33.9792,-105.0625,223.0
33.9792,-105.0208,226.5
33.9792,-104.9792,227.0
33.9792,-104.9375,228.3
33.9792,-104.8958,232.4
33.9792,-104.8542,234.9
33.9792,-104.8125,237.9
33.9792,-104.7708,241.2
33.9792,-104.7292,246.6
33.9792,-104.6875,249.7
33.9792,-104.6458,251.4
33.9792,-104.6042,251.5
33.9792,-104.5625,254.4
33.9792,-104.5208,253.4
33.9792,-104.4792,253.5
33.9792,-104.4375,255.2
33.9792,-104.3958,256.1
33.9792,-104.3542,256.9
33.9792,-104.3125,256.7
33.9792,-104.2708,258.6
33.9792,-104.2292,268.0
33.9792,-104.1875,269.3
33.9792,-104.1458,270.0
33.9792,-104.1042,276.5
33.9792,-104.0625,283.3
33.9792,-104.0208,285.0
33.9792,-103.9792,287.8
33.9792,-103.9375,292.7
33.9792,-103.8958,296.7
33.9792,-103.8542,299.2
33.9792,-103.8125,300.2
33.9375,-105.6458,278.8
33.9375,-105.6042,270.2
33.9375,-105.5625,263.8
33.9375,-105.5208,254.5
33.9375,-105.4792,249.1
33.9375,-105.4375,245.9
33.9375,-105.3958,246.3
33.9375,-105.3542,243.1
33.9375,-105.3125,239.6
33.9375,-105.2708,235.6
33.9375,-105.2292,231.5
33.9375,-105.1875,226.4
33.9375,-105.1458,226.0
33.9375,-105.1042,225.6
33.9375,-105.0625,222.7
33.9375,-105.0208,224.6
33.9375,-104.9792,227.1
33.9375,-104.9375,228.4
33.9375,-104.8958,230.3
33.9375,-104.8542,232.9
33.9375,-104.8125,236.5
33.9375,-104.7708,240.2
33.9375,-104.7292,243.7
33.9375,-104.6875,245.9
33.9375,-104.6458,248.8
33.9375,-104.6042,251.4
33.9375,-104.5625,256.5
33.9375,-104.5208,256.9
33.9375,-104.4792,257.0
33.9375,-104.4375,258.4
33.9375,-104.3958,258.4
33.9375,-104.3542,257.5
33.9375,-104.3125,257.0
33.9375,-104.2708,255.9
33.9375,-104.2292,260.2
33.9375,-104.1875,268.9
33.9375,-104.1458,272.3
33.9375,-104.1042,276.2
33.9375,-104.0625,280.1
33.9375,-104.0208,282.9
33.9375,-103.9792,284.9
33.9375,-103.9375,288.6
33.9375,-103.8958,295.3
33.9375,-103.8542,299.7
33.9375,-103.8125,301.6
33.8958,-105.6458,299.3
33.8958,-105.6042,288.0
33.8958,-105.5625,273.1
33.8958,-105.5208,261.5
33.8958,-105.4792,255.3
33.8958,-105.4375,249.9
33.8958,-105.3958,245.5
33.8958,-105.3542,241.1
33.8958,-105.3125,237.8
33.8958,-105.2708,233.6
33.8958,-105.2292,232.6
33.8958,-105.1875,230.4
33.8958,-105.1458,227.9
33.8958,-105.1042,225.7
33.8958,-105.0625,224.7
33.8958,-105.0208,223.6
33.8958,-104.9792,225.2
33.8958,-104.9375,228.1
33.8958,-104.8958,229.8
33.8958,-104.8542,231.0
33.8958,-104.8125,235.5
33.8958,-104.7708,238.5
33.8958,-104.7292,242.1
33.8958,-104.6875,243.3
33.8958,-104.6458,246.1
33.8958,-104.6042,248.5
33.8958,-104.5625,255.8
33.8958,-104.5208,256.2
33.8958,-104.4792,255.6
33.8958,-104.4375,253.7
33.8958,-104.3958,253.7
33.8958,-104.3542,254.7
33.8958,-104.3125,255.8
33.8958,-104.2708,255.2
33.8958,-104.2292,267.0
33.8958,-104.1875,271.4
33.8958,-104.1458,274.2
33.8958,-104.1042,276.8
33.8958,-104.0625,279.3
33.8958,-104.0208,282.3
33.8958,-103.9792,286.2
33.8958,-103.9375,288.9
33.8958,-103.8958,292.3
33.8958,-103.8542,296.0
33.8958,-103.8125,297.5
33.8542,-105.6458,312.8
33.8542,-105.6042,294.5
33.8542,-105.5625,280.3
33.8542,-105.5208,270.2
33.8542,-105.4792,266.2
33.8542,-105.4375,257.0
33.8542,-105.3958,249.7
33.8542,-105.3542,244.5
33.8542,-105.3125,237.8
33.8542,-105.2708,234.7
33.8542,-105.2292,231.9
33.8542,-105.1875,229.3
33.8542,-105.1458,228.5
33.8542,-105.1042,226.3
33.8542,-105.0625,226.1
33.8542,-105.0208,227.2
33.8542,-104.9792,228.5
33.8542,-104.9375,229.2
33.8542,-104.8958,230.8
33.8542,-104.8542,233.3
33.8542,-104.8125,234.3
33.8542,-104.7708,236.7
33.8542,-104.7292,240.7
33.8542,-104.6875,242.6
33.8542,-104.6458,242.8
33.8542,-104.6042,245.5
33.8542,-104.5625,249.5
33.8542,-104.5208,251.5
33.8542,-104.4792,254.4
33.8542,-104.4375,254.4
33.8542,-104.3958,254.2
33.8542,-104.3542,254.4
33.8542,-104.3125,252.9
33.8542,-104.2708,255.7
33.8542,-104.2292,265.7
33.8542,-104.1875,270.1
33.8542,-104.1458,275.1
33.8542,-104.1042,278.7
33.8542,-104.0625,280.1
33.8542,-104.0208,282.7
33.8542,-103.9792,285.2
33.8542,-103.9375,287.0
33.8542,-103.8958,288.9
33.8542,-103.8542,292.7
33.8542,-103.8125,296.1
33.8542,-103.7708,297.4
33.8125,-105.6458,295.5
33.8125,-105.6042,285.9
33.8125,-105.5625,281.1
33.8125,-105.5208,274.8
33.8125,-105.4792,272.9
33.8125,-105.4375,265.6
33.8125,-105.3958,258.5
33.8125,-105.3542,250.5
33.8125,-105.3125,243.3
33.8125,-105.2708,240.1
33.8125,-105.2292,235.2
33.8125,-105.1875,230.8
33.8125,-105.1458,229.3
33.8125,-105.1042,228.9
33.8125,-105.0625,228.2
33.8125,-105.0208,230.3
33.8125,-104.9792,232.3
33.8125,-104.9375,231.3
33.8125,-104.8958,230.5
33.8125,-104.8542,233.9
33.8125,-104.8125,235.3
33.8125,-104.7708,239.2
33.8125,-104.7292,241.3
33.8125,-104.6875,239.6
33.8125,-104.6458,241.8
33.8125,-104.6042,245.2
33.8125,-104.5625,246.3
33.8125,-104.5208,248.9
33.8125,-104.4792,250.3
33.8125,-104.4375,254.7
33.8125,-104.3958,254.5
33.8125,-104.3542,252.6
33.8125,-104.3125,251.0
33.8125,-104.2708,255.7
33.8125,-104.2292,264.0
33.8125,-104.1875,271.3
33.8125,-104.1458,275.6
33.8125,-104.1042,277.3
33.8125,-104.0625,279.7
33.8125,-104.0208,280.0
33.8125,-103.9792,282.6
33.8125,-103.9375,284.9
33.8125,-103.8958,285.9
33.8125,-103.8542,289.2
33.8125,-103.8125,293.9
33.8125,-103.7708,296.8
33.8125,-103.7292,299.8
33.7708,-105.6458,308.4
33.7708,-105.6042,291.8
33.7708,-105.5625,278.1
33.7708,-105.5208,273.3
33.7708,-105.4792,268.9
33.7708,-105.4375,262.5
33.7708,-105.3958,257.1
33.7708,-105.3542,248.3
33.7708,-105.3125,246.8
33.7708,-105.2708,246.5
33.7708,-105.2292,242.4
33.7708,-105.1875,236.7
33.7708,-105.1458,234.6
33.7708,-105.1042,232.6
33.7708,-105.0625,232.0
33.7708,-105.0208,233.0
33.7708,-104.9792,234.4
33.7708,-104.9375,235.1
33.7708,-104.8958,235.1
33.7708,-104.8542,236.3
33.7708,-104.8125,238.2
33.7708,-104.7708,239.1
33.7708,-104.7292,238.8
33.7708,-104.6875,239.5
33.7708,-104.6458,239.6
33.7708,-104.6042,245.8
33.7708,-104.5625,247.4
33.7708,-104.5208,248.0
33.7708,-104.4792,249.3
33.7708,-104.4375,251.5
33.7708,-104.3958,251.6
33.7708,-104.3542,251.5
33.7708,-104.3125,249.0
33.7708,-104.2708,255.6
33.7708,-104.2292,259.1
33.7708,-104.1875,271.6
33.7708,-104.1458,273.2
33.7708,-104.1042,275.0
33.7708,-104.0625,276.9
33.7708,-104.0208,278.8
33.7708,-103.9792,280.5
33.7708,-103.9375,281.6
33.7708,-103.8958,283.1
33.7708,-103.8542,286.5
33.7708,-103.8125,292.5
33.7708,-103.7708,296.3
33.7708,-103.7292,299.0
33.7292,-105.6458,338.8
33.7292,-105.6042,303.9
33.7292,-105.5625,291.7
33.7292,-105.5208,284.2
33.7292,-105.4792,275.9
33.7292,-105.4375,269.4
33.7292,-105.3958,265.9
33.7292,-105.3542,265.7
33.7292,-105.3125,263.0
33.7292,-105.2708,257.5
33.7292,-105.2292,249.2
33.7292,-105.1875,243.1
33.7292,-105.1458,239.0
33.7292,-105.1042,238.2
33.7292,-105.0625,237.0
33.7292,-105.0208,236.8
33.7292,-104.9792,235.3
33.7292,-104.9375,236.2
33.7292,-104.8958,235.9
33.7292,-104.8542,236.8
33.7292,-104.8125,240.2
33.7292,-104.7708,240.8
33.7292,-104.7292,241.9
33.7292,-104.6875,240.6
33.7292,-104.6458,239.9
33.7292,-104.6042,242.4
33.7292,-104.5625,244.6
33.7292,-104.5208,246.7
33.7292,-104.4792,250.7
33.7292,-104.4375,251.6
33.7292,-104.3958,250.2
33.7292,-104.3542,248.9
33.7292,-104.3125,248.2
33.7292,-104.2708,254.0
33.7292,-104.2292,259.8
33.7292,-104.1875,270.7
33.7292,-104.1458,270.7
33.7292,-104.1042,272.0
33.7292,-104.0625,275.5
33.7292,-104.0208,276.9
33.7292,-103.9792,277.4
33.7292,-103.9375,279.3
33.7292,-103.8958,280.0
33.7292,-103.8542,284.9
33.7292,-103.8125,289.7
33.7292,-103.7708,292.1
33.7292,-103.7292,296.0
33.6875,-105.6458,334.4
33.6875,-105.6042,311.4
33.6875,-105.5625,297.3
33.6875,-105.5208,291.4
33.6875,-105.4792,288.7
33.6875,-105.4375,285.2
33.6875,-105.3958,278.7
33.6875,-105.3542,278.1
33.6875,-105.3125,272.2
33.6875,-105.2708,261.9
33.6875,-105.2292,252.2
33.6875,-105.1875,245.5
33.6875,-105.1458,240.0
33.6875,-105.1042,237.0
33.6875,-105.0625,233.8
33.6875,-105.0208,233.1
33.6875,-104.9792,234.1
33.6875,-104.9375,234.4
33.6875,-104.8958,234.6
33.6875,-104.8542,237.8
33.6875,-104.8125,239.8
33.6875,-104.7708,242.6
33.6875,-104.7292,243.4
33.6875,-104.6875,242.9
33.6875,-104.6458,240.4
33.6875,-104.6042,241.0
33.6875,-104.5625,241.5
33.6875,-104.5208,242.5
33.6875,-104.4792,249.5
33.6875,-104.4375,253.2
33.6875,-104.3958,247.9
33.6875,-104.3542,248.3
33.6875,-104.3125,249.9
33.6875,-104.2708,256.9
33.6875,-104.2292,264.9
33.6875,-104.1875,267.0
33.6875,-104.1458,266.1
33.6875,-104.1042,269.8
33.6875,-104.0625,274.9
33.6875,-104.0208,276.0
33.6875,-103.9792,277.8
33.6875,-103.9375,279.1
33.6875,-103.8958,279.7
33.6875,-103.8542,283.8
33.6875,-103.8125,287.3
33.6875,-103.7708,290.3
33.6875,-103.7292,293.9
33.6458,-105.6458,367.0
33.6458,-105.6042,342.4
33.6458,-105.5625,317.2
33.6458,-105.5208,350.8
33.6458,-105.4792,370.0
33.6458,-105.4375,341.2
33.6458,-105.3958,346.2
33.6458,-105.3542,330.1
33.6458,-105.3125,310.9
33.6458,-105.2708,292.8
33.6458,-105.2292,268.9
33.6458,-105.1875,256.3
33.6458,-105.1458,249.8
33.6458,-105.1042,241.6
33.6458,-105.0625,236.4
33.6458,-105.0208,234.4
33.6458,-104.9792,234.9
33.6458,-104.9375,237.0
33.6458,-104.8958,233.5
33.6458,-104.8542,236.6
33.6458,-104.8125,238.6
33.6458,-104.7708,239.6
33.6458,-104.7292,241.3
33.6458,-104.6875,241.8
33.6458,-104.6458,243.1
33.6458,-104.6042,242.9
33.6458,-104.5625,244.7
33.6458,-104.5208,246.6
33.6458,-104.4792,247.6
33.6458,-104.4375,247.3
33.6458,-104.3958,244.9
33.6458,-104.3542,246.2
33.6458,-104.3125,251.6
33.6458,-104.2708,257.0
33.6458,-104.2292,265.6
33.6458,-104.1875,268.1
33.6458,-104.1458,271.0
33.6458,-104.1042,272.2
33.6458,-104.0625,274.3
33.6458,-104.0208,275.1
33.6458,-103.9792,276.1
33.6458,-103.9375,277.2
33.6458,-103.8958,274.4
33.6458,-103.8542,280.8
33.6458,-103.8125,286.2
33.6458,-103.7708,289.2
33.6458,-103.7292,295.0
33.6458,-103.6875,299.7
33.6042,-105.6458,339.4
33.6042,-105.6042,328.5
33.6042,-105.5625,318.8
33.6042,-105.5208,328.5
33.6042,-105.4792,346.5
33.6042,-105.4375,405.4
33.6042,-105.3958,436.4
33.6042,-105.3542,434.5
33.6042,-105.3125,406.9
33.6042,-105.2708,391.6
33.6042,-105.2292,342.8
33.6042,-105.1875,275.6
33.6042,-105.1458,257.7
33.6042,-105.1042,252.2
33.6042,-105.0625,243.0
33.6042,-105.0208,239.9
33.6042,-104.9792,235.7
33.6042,-104.9375,237.2
33.6042,-104.8958,235.9
33.6042,-104.8542,236.7
33.6042,-104.8125,237.1
33.6042,-104.7708,238.1
33.6042,-104.7292,238.9
33.6042,-104.6875,240.4
33.6042,-104.6458,241.8
33.6042,-104.6042,243.2
33.6042,-104.5625,242.2
33.6042,-104.5208,246.5
33.6042,-104.4792,249.2
33.6042,-104.4375,248.3
33.6042,-104.3958,245.1
33.6042,-104.3542,247.8
33.6042,-104.3125,253.5
33.6042,-104.2708,261.1
33.6042,-104.2292,269.4
33.6042,-104.1875,269.0
33.6042,-104.1458,270.9
33.6042,-104.1042,273.2
33.6042,-104.0625,272.9
33.6042,-104.0208,270.2
33.6042,-103.9792,270.6
33.6042,-103.9375,276.5
33.6042,-103.8958,278.9
33.6042,-103.8542,283.5
33.6042,-103.8125,286.4
33.6042,-103.7708,289.3
33.6042,-103.7292,295.0
33.6042,-103.6875,296.1
33.6042,-103.6458,301.6
33.5625,-105.6458,335.7
33.5625,-105.6042,318.0
33.5625,-105.5625,313.5
33.5625,-105.5208,306.5
33.5625,-105.4792,306.1
33.5625,-105.4375,316.8
33.5625,-105.3958,331.6
33.5625,-105.3542,345.7
33.5625,-105.3125,355.1
33.5625,-105.2708,354.9
33.5625,-105.2292,329.7
33.5625,-105.1875,276.7
33.5625,-105.1458,267.2
33.5625,-105.1042,261.0
33.5625,-105.0625,252.3
33.5625,-105.0208,247.2
33.5625,-104.9792,241.4
33.5625,-104.9375,236.7
33.5625,-104.8958,236.3
33.5625,-104.8542,236.1
33.5625,-104.8125,237.4
33.5625,-104.7708,239.7
33.5625,-104.7292,243.0
33.5625,-104.6875,247.2
33.5625,-104.6458,244.3
33.5625,-104.6042,242.3
33.5625,-104.5625,242.7
33.5625,-104.5208,248.4
33.5625,-104.4792,247.2
33.5625,-104.4375,245.8
33.5625,-104.3958,245.5
33.5625,-104.3542,250.2
33.5625,-104.3125,259.5
33.5625,-104.2708,263.9
33.5625,-104.2292,267.2
33.5625,-104.1875,269.2
33.5625,-104.1458,268.9
33.5625,-104.1042,271.0
33.5625,-104.0625,270.5
33.5625,-104.0208,267.4
33.5625,-103.9792,266.6
33.5625,-103.9375,275.6
33.5625,-103.8958,279.2
33.5625,-103.8542,282.0
33.5625,-103.8125,286.4
33.5625,-103.7708,289.9
33.5625,-103.7292,295.7
33.5625,-103.6875,298.8
33.5625,-103.6458,302.5
33.5208,-105.6875,350.8
33.5208,-105.6458,340.1
33.5208,-105.6042,324.7
33.5208,-105.5625,319.8
33.5208,-105.5208,306.6
33.5208,-105.4792,299.8
33.5208,-105.4375,302.6
33.5208,-105.3958,303.8
33.5208,-105.3542,312.9
33.5208,-105.3125,307.5
33.5208,-105.2708,302.4
33.5208,-105.2292,285.2
33.5208,-105.1875,274.2
33.5208,-105.1458,264.0
33.5208,-105.1042,257.0
33.5208,-105.0625,248.9
33.5208,-105.0208,243.0
33.5208,-104.9792,241.8
33.5208,-104.9375,240.2
33.5208,-104.8958,239.5
33.5208,-104.8542,239.8
33.5208,-104.8125,242.5
33.5208,-104.7708,245.9
33.5208,-104.7292,248.3
33.5208,-104.6875,249.1
33.5208,-104.6458,245.8
33.5208,-104.6042,243.8
33.5208,-104.5625,243.9
33.5208,-104.5208,244.5
33.5208,-104.4792,243.9
33.5208,-104.4375,245.4
33.5208,-104.3958,245.4
33.5208,-104.3542,250.1
33.5208,-104.3125,255.1
33.5208,-104.2708,260.1
33.5208,-104.2292,264.6
33.5208,-104.1875,267.2
33.5208,-104.1458,268.5
33.5208,-104.1042,268.5
33.5208,-104.0625,270.3
33.5208,-104.0208,269.4
33.5208,-103.9792,271.3
33.5208,-103.9375,275.8
33.5208,-103.8958,278.0
33.5208,-103.8542,281.9
33.5208,-103.8125,286.7
33.5208,-103.7708,290.9
33.5208,-103.7292,295.5
33.4792,-105.8125,424.6
33.4792,-105.7708,412.1
33.4792,-105.7292,401.7
33.4792,-105.6875,367.6
33.4792,-105.6458,351.2
33.4792,-105.6042,340.5
33.4792,-105.5625,328.6
33.4792,-105.5208,321.4
33.4792,-105.4792,325.0
33.4792,-105.4375,326.8
33.4792,-105.3958,308.4
33.4792,-105.3542,295.3
33.4792,-105.3125,298.3
33.4792,-105.2708,293.1
33.4792,-105.2292,288.8
33.4792,-105.1875,282.4
33.4792,-105.1458,271.2
33.4792,-105.1042,258.4
33.4792,-105.0625,249.6
33.4792,-105.0208,245.1
33.4792,-104.9792,243.1
33.4792,-104.9375,242.2
33.4792,-104.8958,241.0
33.4792,-104.8542,241.4
33.4792,-104.8125,240.2
33.4792,-104.7708,242.2
33.4792,-104.7292,247.1
33.4792,-104.6875,246.6
33.4792,-104.6458,245.1
33.4792,-104.6042,244.9
33.4792,-104.5625,245.5
33.4792,-104.5208,246.6
33.4792,-104.4792,246.1
33.4792,-104.4375,244.9
33.4792,-104.3958,245.1
33.4792,-104.3542,251.3
33.4792,-104.3125,256.7
33.4792,-104.2708,263.9
33.4792,-104.2292,267.1
33.4792,-104.1875,266.7
33.4792,-104.1458,266.2
33.4792,-104.1042,264.7
33.4792,-104.0625,266.5
33.4792,-104.0208,269.9
33.4792,-103.9792,272.1
33.4792,-103.9375,275.2
33.4792,-103.8958,277.7
33.4792,-103.8542,282.2
33.4792,-103.8125,287.5
33.4792,-103.7708,291.0
33.4792,-103.7292,295.7
33.4792,-103.6875,299.5
33.4375,-105.8125,452.2
33.4375,-105.7708,428.1
33.4375,-105.7292,415.5
33.4375,-105.6875,383.2
33.4375,-105.6458,362.4
33.4375,-105.6042,352.3
33.4375,-105.5625,343.7
33.4375,-105.5208,330.5
33.4375,-105.4792,321.7
33.4375,-105.4375,313.1
33.4375,-105.3958,302.8
33.4375,-105.3542,296.8
33.4375,-105.3125,285.0
33.4375,-105.2708,286.7
33.4375,-105.2292,297.2
33.4375,-105.1875,284.3
33.4375,-105.1458,276.0
33.4375,-105.1042,264.4
33.4375,-105.0625,258.4
33.4375,-105.0208,250.6
33.4375,-104.9792,244.3
33.4375,-104.9375,242.8
33.4375,-104.8958,242.8
33.4375,-104.8542,241.0
33.4375,-104.8125,241.2
33.4375,-104.7708,242.3
33.4375,-104.7292,247.1
33.4375,-104.6875,246.7
33.4375,-104.6458,244.7
33.4375,-104.6042,247.4
33.4375,-104.5625,249.6
33.4375,-104.5208,251.3
33.4375,-104.4792,251.4
33.4375,-104.4375,249.8
33.4375,-104.3958,246.3
33.4375,-104.3542,254.7
33.4375,-104.3125,256.0
33.4375,-104.2708,261.3
33.4375,-104.2292,265.0
33.4375,-104.1875,267.3
33.4375,-104.1458,264.4
33.4375,-104.1042,262.2
33.4375,-104.0625,266.2
33.4375,-104.0208,271.7
33.4375,-103.9792,273.2
33.4375,-103.9375,276.6
33.4375,-103.8958,281.6
33.4375,-103.8542,285.5
33.4375,-103.8125,288.7
33.4375,-103.7708,293.5
33.4375,-103.7292,298.0
33.3958,-105.8125,510.9
33.3958,-105.7708,471.5
33.3958,-105.7292,418.9
33.3958,-105.6875,392.0
33.3958,-105.6458,376.6
33.3958,-105.6042,368.3
33.3958,-105.5625,353.8
33.3958,-105.5208,333.2
33.3958,-105.4792,314.6
33.3958,-105.4375,318.4
33.3958,-105.3958,313.2
33.3958,-105.3542,296.8
33.3958,-105.3125,280.7
33.3958,-105.2708,274.9
33.3958,-105.2292,277.2
33.3958,-105.1875,276.0
33.3958,-105.1458,279.9
33.3958,-105.1042,270.6
33.3958,-105.0625,261.0
33.3958,-105.0208,251.5
33.3958,-104.9792,247.3
33.3958,-104.9375,245.3
33.3958,-104.8958,243.3
33.3958,-104.8542,241.7
33.3958,-104.8125,242.3
33.3958,-104.7708,243.1
33.3958,-104.7292,245.8
33.3958,-104.6875,244.8
33.3958,-104.6458,246.1
33.3958,-104.6042,248.9
33.3958,-104.5625,252.3
33.3958,-104.5208,252.4
33.3958,-104.4792,250.2
33.3958,-104.4375,250.8
33.3958,-104.3958,251.7
33.3958,-104.3542,253.2
33.3958,-104.3125,252.8
33.3958,-104.2708,254.3
33.3958,-104.2292,256.2
33.3958,-104.1875,259.6
33.3958,-104.1458,258.9
33.3958,-104.1042,261.4
33.3958,-104.0625,265.2
33.3958,-104.0208,272.7
33.3958,-103.9792,274.8
33.3958,-103.9375,278.3
33.3958,-103.8958,284.4
33.3958,-103.8542,288.8
33.3958,-103.8125,290.9
33.3542,-105.8125,502.2
33.3542,-105.7708,458.0
33.3542,-105.7292,414.3
33.3542,-105.6875,377.3
33.3542,-105.6458,371.3
33.3542,-105.6042,364.5
33.3542,-105.5625,339.7
33.3542,-105.5208,349.7
33.3542,-105.4792,349.8
33.3542,-105.4375,342.3
33.3542,-105.3958,326.1
33.3542,-105.3542,311.9
33.3542,-105.3125,292.8
33.3542,-105.2708,278.9
33.3542,-105.2292,271.3
33.3542,-105.1875,264.6
33.3542,-105.1458,265.2
33.3542,-105.1042,269.2
33.3542,-105.0625,260.6
33.3542,-105.0208,256.2
33.3542,-104.9792,251.7
33.3542,-104.9375,248.2
33.3542,-104.8958,245.5
33.3542,-104.8542,244.3
33.3542,-104.8125,246.2
33.3542,-104.7708,245.5
33.3542,-104.7292,244.5
33.3542,-104.6875,245.4
33.3542,-104.6458,248.7
33.3542,-104.6042,250.4
33.3542,-104.5625,253.7
33.3542,-104.5208,256.2
33.3542,-104.4792,253.1
33.3542,-104.4375,251.0
33.3542,-104.3958,250.1
33.3542,-104.3542,252.8
33.3542,-104.3125,254.6
33.3542,-104.2708,255.2
33.3542,-104.2292,257.5
33.3542,-104.1875,262.1
33.3542,-104.1458,262.5
33.3542,-104.1042,265.6
33.3542,-104.0625,265.4
33.3542,-104.0208,271.7
33.3542,-103.9792,274.6
33.3542,-103.9375,277.6
33.3542,-103.8958,284.6
33.3542,-103.8542,288.7
33.3125,-105.7708,446.0
33.3125,-105.7292,406.5
33.3125,-105.6875,379.4
33.3125,-105.6458,371.4
33.3125,-105.6042,371.7
33.3125,-105.5625,390.2
33.3125,-105.5208,394.6
33.3125,-105.4792,366.2
33.3125,-105.4375,350.3
33.3125,-105.3958,337.0
33.3125,-105.3542,317.1
33.3125,-105.3125,304.8
33.3125,-105.2708,294.7
33.3125,-105.2292,284.4
33.3125,-105.1875,275.5
33.3125,-105.1458,282.1
33.3125,-105.1042,270.7
33.3125,-105.0625,264.2
33.3125,-105.0208,252.5
33.3125,-104.9792,250.0
33.3125,-104.9375,249.1
33.3125,-104.8958,248.6
33.3125,-104.8542,245.4
33.3125,-104.8125,246.1
33.3125,-104.7708,247.8
33.3125,-104.7292,247.2
33.3125,-104.6875,247.7
33.3125,-104.6458,250.7
33.3125,-104.6042,254.5
33.3125,-104.5625,256.4
33.3125,-104.5208,258.7
33.3125,-104.4792,256.0
33.3125,-104.4375,254.1
33.3125,-104.3958,252.5
33.3125,-104.3542,252.0
33.3125,-104.3125,255.8
33.3125,-104.2708,256.1
33.3125,-104.2292,259.0
33.3125,-104.1875,265.6
33.3125,-104.1458,262.5
33.3125,-104.1042,261.9
33.3125,-104.0625,265.6
33.3125,-104.0208,269.8
33.3125,-103.9792,274.7
33.3125,-103.9375,279.8
33.3125,-103.8958,283.6
33.3125,-103.8542,288.4
33.2708,-105.7292,404.7
33.2708,-105.6875,397.3
33.2708,-105.6458,406.2
33.2708,-105.6042,415.7
33.2708,-105.5625,410.8
33.2708,-105.5208,407.3
33.2708,-105.4792,380.4
33.2708,-105.4375,361.8
33.2708,-105.3958,337.7
33.2708,-105.3542,326.4
33.2708,-105.3125,313.8
33.2708,-105.2708,306.5
33.2708,-105.2292,300.6
33.2708,-105.1875,289.9
33.2708,-105.1458,290.7
33.2708,-105.1042,278.7
33.2708,-105.0625,267.8
33.2708,-105.0208,260.1
33.2708,-104.9792,257.6
33.2708,-104.9375,254.7
33.2708,-104.8958,253.3
33.2708,-104.8542,250.5
33.2708,-104.8125,245.0
33.2708,-104.7708,246.5
33.2708,-104.7292,248.2
33.2708,-104.6875,247.5
33.2708,-104.6458,251.6
33.2708,-104.6042,253.8
33.2708,-104.5625,252.6
33.2708,-104.5208,254.5
33.2708,-104.4792,257.9
33.2708,-104.4375,258.9
33.2708,-104.3958,255.6
33.2708,-104.3542,253.6
33.2708,-104.3125,254.6
33.2708,-104.2708,254.1
33.2708,-104.2292,254.6
33.2708,-104.1875,260.4
33.2708,-104.1458,258.1
33.2708,-104.1042,257.1
33.2708,-104.0625,266.3
33.2708,-104.0208,271.3
33.2708,-103.9792,273.8
33.2708,-103.9375,277.3
33.2708,-103.8958,282.8
33.2708,-103.8542,291.6
33.2292,-105.7292,415.3
33.2292,-105.6875,417.1
33.2292,-105.6458,424.0
33.2292,-105.6042,429.1
33.2292,-105.5625,414.2
33.2292,-105.5208,403.2
33.2292,-105.4792,388.2
33.2292,-105.4375,381.9
33.2292,-105.3958,347.6
33.2292,-105.3542,333.2
33.2292,-105.3125,318.7
33.2292,-105.2708,317.1
33.2292,-105.2292,306.9
33.2292,-105.1875,292.7
33.2292,-105.1458,285.2
33.2292,-105.1042,278.9
33.2292,-105.0625,266.0
33.2292,-105.0208,261.9
33.2292,-104.9792,257.4
33.2292,-104.9375,253.4
33.2292,-104.8958,253.6
33.2292,-104.8542,251.9
33.2292,-104.8125,248.7
33.2292,-104.7708,249.8
33.2292,-104.7292,249.8
33.2292,-104.6875,248.4
33.2292,-104.6458,250.3
33.2292,-104.6042,252.4
33.2292,-104.5625,252.0
33.2292,-104.5208,252.8
33.2292,-104.4792,253.2
33.2292,-104.4375,257.2
33.2292,-104.3958,253.6
33.2292,-104.3542,251.7
33.2292,-104.3125,255.4
33.2292,-104.2708,253.4
33.2292,-104.2292,253.6
33.2292,-104.1875,257.9
33.2292,-104.1458,257.3
33.2292,-104.1042,260.9
33.2292,-104.0625,267.7
33.2292,-104.0208,270.6
33.2292,-103.9792,274.6
33.2292,-103.9375,277.9
33.2292,-103.8958,280.8
33.2292,-103.8542,285.0
33.2292,-103.8125,292.7
33.1875,-105.6458,441.0
33.1875,-105.6042,431.8
33.1875,-105.5625,418.0
33.1875,-105.5208,401.6
33.1875,-105.4792,383.5
33.1875,-105.4375,367.1
33.1875,-105.3958,350.3
33.1875,-105.3542,339.3
33.1875,-105.3125,326.7
33.1875,-105.2708,319.3
33.1875,-105.2292,309.6
33.1875,-105.1875,299.9
33.1875,-105.1458,287.2
33.1875,-105.1042,279.0
33.1875,-105.0625,272.1
33.1875,-105.0208,269.3
33.1875,-104.9792,261.4
33.1875,-104.9375,256.3
33.1875,-104.8958,251.2
33.1875,-104.8542,249.7
33.1875,-104.8125,250.8
33.1875,-104.7708,251.7
33.1875,-104.7292,250.1
33.1875,-104.6875,249.3
33.1875,-104.6458,250.9
33.1875,-104.6042,252.4
33.1875,-104.5625,253.0
33.1875,-104.5208,253.5
33.1875,-104.4792,253.5
33.1875,-104.4375,256.3
33.1875,-104.3958,251.6
33.1875,-104.3542,251.8
33.1875,-104.3125,255.6
33.1875,-104.2708,253.4
33.1875,-104.2292,252.7
33.1875,-104.1875,258.5
33.1875,-104.1458,257.5
33.1875,-104.1042,263.0
33.1875,-104.0625,267.9
33.1875,-104.0208,269.5
33.1875,-103.9792,272.3
33.1875,-103.9375,276.7
33.1875,-103.8958,281.9
33.1875,-103.8542,284.8
33.1875,-103.8125,290.5
33.1458,-105.6458,440.6
33.1458,-105.6042,440.4
33.1458,-105.5625,424.5
33.1458,-105.5208,416.4
33.1458,-105.4792,391.4
33.1458,-105.4375,368.9
33.1458,-105.3958,351.5
33.1458,-105.3542,341.7
33.1458,-105.3125,329.6
33.1458,-105.2708,325.0
33.1458,-105.2292,314.6
33.1458,-105.1875,300.1
33.1458,-105.1458,290.3
33.1458,-105.1042,282.4
33.1458,-105.0625,274.8
33.1458,-105.0208,267.2
33.1458,-104.9792,260.4
33.1458,-104.9375,257.3
33.1458,-104.8958,252.3
33.1458,-104.8542,250.5
33.1458,-104.8125,250.7
33.1458,-104.7708,250.8
33.1458,-104.7292,250.2
33.1458,-104.6875,250.9
33.1458,-104.6458,251.6
33.1458,-104.6042,253.0
33.1458,-104.5625,254.3
33.1458,-104.5208,255.3
33.1458,-104.4792,254.3
33.1458,-104.4375,257.6
33.1458,-104.3958,254.2
33.1458,-104.3542,251.6
33.1458,-104.3125,255.0
33.1458,-104.2708,255.5
33.1458,-104.2292,254.7
33.1458,-104.1875,262.4
33.1458,-104.1458,262.3
33.1458,-104.1042,265.5
33.1458,-104.0625,267.2
33.1458,-104.0208,268.8
33.1458,-103.9792,270.5
33.1458,-103.9375,275.5
33.1458,-103.8958,279.4
33.1458,-103.8542,284.8
33.1458,-103.8125,289.9
33.1042,-105.6458,437.9
33.1042,-105.6042,438.0
33.1042,-105.5625,432.5
33.1042,-105.5208,417.4
33.1042,-105.4792,398.0
33.1042,-105.4375,384.2
33.1042,-105.3958,369.0
33.1042,-105.3542,351.6
33.1042,-105.3125,335.6
33.1042,-105.2708,319.2
33.1042,-105.2292,318.3
33.1042,-105.1875,304.7
33.1042,-105.1458,290.4
33.1042,-105.1042,284.4
33.1042,-105.0625,276.6
33.1042,-105.0208,266.1
33.1042,-104.9792,260.8
33.1042,-104.9375,257.3
33.1042,-104.8958,254.5
33.1042,-104.8542,250.7
33.1042,-104.8125,248.3
33.1042,-104.7708,251.8
33.1042,-104.7292,252.7
33.1042,-104.6875,250.9
33.1042,-104.6458,250.8
33.1042,-104.6042,252.5
33.1042,-104.5625,253.8
33.1042,-104.5208,255.1
33.1042,-104.4792,253.8
33.1042,-104.4375,256.5
33.1042,-104.3958,256.7
33.1042,-104.3542,255.6
33.1042,-104.3125,255.2
33.1042,-104.2708,257.7
33.1042,-104.2292,258.1
33.1042,-104.1875,260.8
33.1042,-104.1458,262.9
33.1042,-104.1042,261.5
33.1042,-104.0625,264.8
33.1042,-104.0208,268.0
33.1042,-103.9792,265.9
33.1042,-103.9375,274.4
33.1042,-103.8958,278.6
33.1042,-103.8542,284.0
33.1042,-103.8125,290.3
33.0625,-105.6458,449.7
33.0625,-105.6042,430.8
33.0625,-105.5625,421.2
33.0625,-105.5208,415.6
33.0625,-105.4792,406.2
33.0625,-105.4375,391.0
33.0625,-105.3958,369.9
33.0625,-105.3542,352.2
33.0625,-105.3125,332.0
33.0625,-105.2708,315.4
33.0625,-105.2292,311.5
33.0625,-105.1875,298.1
33.0625,-105.1458,282.7
33.0625,-105.1042,282.3
33.0625,-105.0625,275.4
33.0625,-105.0208,267.1
33.0625,-104.9792,261.1
33.0625,-104.9375,261.7
33.0625,-104.8958,257.7
33.0625,-104.8542,253.9
33.0625,-104.8125,250.9
33.0625,-104.7708,250.1
33.0625,-104.7292,251.6
33.0625,-104.6875,253.1
33.0625,-104.6458,254.1
33.0625,-104.6042,253.6
33.0625,-104.5625,254.2
33.0625,-104.5208,254.2
33.0625,-104.4792,253.1
33.0625,-104.4375,251.8
33.0625,-104.3958,254.7
33.0625,-104.3542,256.4
33.0625,-104.3125,256.2
33.0625,-104.2708,257.7
33.0625,-104.2292,255.9
33.0625,-104.1875,253.3
33.0625,-104.1458,256.4
33.0625,-104.1042,258.2
33.0625,-104.0625,262.1
33.0625,-104.0208,266.6
33.0625,-103.9792,270.9
33.0625,-103.9375,275.9
33.0625,-103.8958,279.7
33.0625,-103.8542,287.0
33.0208,-105.6458,449.3
33.0208,-105.6042,438.6
33.0208,-105.5625,431.2
33.0208,-105.5208,419.8
33.0208,-105.4792,395.2
33.0208,-105.4375,381.2
33.0208,-105.3958,368.6
33.0208,-105.3542,341.9
33.0208,-105.3125,327.0
33.0208,-105.2708,313.3
33.0208,-105.2292,297.9
33.0208,-105.1875,289.3
33.0208,-105.1458,277.2
33.0208,-105.1042,275.7
33.0208,-105.0625,272.2
33.0208,-105.0208,270.7
33.0208,-104.9792,263.9
33.0208,-104.9375,260.6
33.0208,-104.8958,257.6
33.0208,-104.8542,255.5
33.0208,-104.8125,253.2
33.0208,-104.7708,253.4
33.0208,-104.7292,252.6
33.0208,-104.6875,253.7
33.0208,-104.6458,253.8
33.0208,-104.6042,252.6
33.0208,-104.5625,252.6
33.0208,-104.5208,252.0
33.0208,-104.4792,251.5
33.0208,-104.4375,250.1
33.0208,-104.3958,251.6
33.0208,-104.3542,251.4
33.0208,-104.3125,254.5
33.0208,-104.2708,256.1
33.0208,-104.2292,255.2
33.0208,-104.1875,256.4
33.0208,-104.1458,255.5
33.0208,-104.1042,258.6
33.0208,-104.0625,262.0
33.0208,-104.0208,269.2
33.0208,-103.9792,274.3
33.0208,-103.9375,277.7
33.0208,-103.8958,283.6
32.9792,-105.7292,472.7
32.9792,-105.6875,463.2
32.9792,-105.6458,455.2
32.9792,-105.6042,450.6
32.9792,-105.5625,430.4
32.9792,-105.5208,419.0
32.9792,-105.4792,403.2
32.9792,-105.4375,380.8
32.9792,-105.3958,352.3
32.9792,-105.3542,332.3
32.9792,-105.3125,326.9
32.9792,-105.2708,329.8
32.9792,-105.2292,313.3
32.9792,-105.1875,294.8
32.9792,-105.1458,282.6
32.9792,-105.1042,279.3
32.9792,-105.0625,270.9
32.9792,-105.0208,264.8
32.9792,-104.9792,265.1
32.9792,-104.9375,259.0
32.9792,-104.8958,256.0
32.9792,-104.8542,254.0
32.9792,-104.8125,254.3
32.9792,-104.7708,253.7
32.9792,-104.7292,251.6
32.9792,-104.6875,250.7
32.9792,-104.6458,250.6
32.9792,-104.6042,251.0
32.9792,-104.5625,251.7
32.9792,-104.5208,252.8
32.9792,-104.4792,252.7
32.9792,-104.4375,251.3
32.9792,-104.3958,250.5
32.9792,-104.3542,251.7
32.9792,-104.3125,251.4
32.9792,-104.2708,251.6
32.9792,-104.2292,252.4
32.9792,-104.1875,256.3
32.9792,-104.1458,255.5
32.9792,-104.1042,255.3
32.9792,-104.0625,261.8
32.9792,-104.0208,269.4
32.9792,-103.9792,272.6
32.9792,-103.9375,277.0
32.9792,-103.8958,282.5
32.9792,-103.8542,291.5
32.9792,-103.8125,292.5
32.9375,-105.7292,475.9
32.9375,-105.6875,472.4
32.9375,-105.6458,450.7
32.9375,-105.6042,432.8
32.9375,-105.5625,430.9
32.9375,-105.5208,419.9
32.9375,-105.4792,397.8
32.9375,-105.4375,372.6
32.9375,-105.3958,350.9
32.9375,-105.3542,330.6
32.9375,-105.3125,321.2
32.9375,-105.2708,312.2
32.9375,-105.2292,312.1
32.9375,-105.1875,291.1
32.9375,-105.1458,278.6
32.9375,-105.1042,274.9
32.9375,-105.0625,270.7
32.9375,-105.0208,265.8
32.9375,-104.9792,260.9
32.9375,-104.9375,257.5
32.9375,-104.8958,256.4
32.9375,-104.8542,256.3
32.9375,-104.8125,255.0
32.9375,-104.7708,253.1
32.9375,-104.7292,251.0
32.9375,-104.6875,248.3
32.9375,-104.6458,247.7
32.9375,-104.6042,249.0
32.9375,-104.5625,250.7
32.9375,-104.5208,250.1
32.9375,-104.4792,249.0
32.9375,-104.4375,247.3
32.9375,-104.3958,246.1
32.9375,-104.3542,249.5
32.9375,-104.3125,249.1
32.9375,-104.2708,252.5
32.9375,-104.2292,254.6
32.9375,-104.1875,255.2
32.9375,-104.1458,252.9
32.9375,-104.1042,258.1
32.9375,-104.0625,265.3
32.9375,-104.0208,268.8
32.9375,-103.9792,271.2
32.9375,-103.9375,275.9
32.9375,-103.8958,280.6
32.9375,-103.8542,288.0
32.9375,-103.8125,292.7
32.9375,-103.7708,292.9
32.8958,-105.7708,484.2
32.8958,-105.7292,475.3
32.8958,-105.6875,460.0
32.8958,-105.6458,451.7
32.8958,-105.6042,445.2
32.8958,-105.5625,425.2
32.8958,-105.5208,404.2
32.8958,-105.4792,382.9
32.8958,-105.4375,374.8
32.8958,-105.3958,353.7
32.8958,-105.3542,336.8
32.8958,-105.3125,341.3
32.8958,-105.2708,312.0
32.8958,-105.2292,303.0
32.8958,-105.1875,290.6
32.8958,-105.1458,283.1
32.8958,-105.1042,277.1
32.8958,-105.0625,274.1
32.8958,-105.0208,266.6
32.8958,-104.9792,260.1
32.8958,-104.9375,256.9
32.8958,-104.8958,255.5
32.8958,-104.8542,254.4
32.8958,-104.8125,253.7
32.8958,-104.7708,252.0
32.8958,-104.7292,251.4
32.8958,-104.6875,248.8
32.8958,-104.6458,246.6
32.8958,-104.6042,247.0
32.8958,-104.5625,247.4
32.8958,-104.5208,247.5
32.8958,-104.4792,247.0
32.8958,-104.4375,248.4
32.8958,-104.3958,246.2
32.8958,-104.3542,245.2
32.8958,-104.3125,244.8
32.8958,-104.2708,247.5
32.8958,-104.2292,249.4
32.8958,-104.1875,251.9
32.8958,-104.1458,254.4
32.8958,-104.1042,255.3
32.8958,-104.0625,259.9
32.8958,-104.0208,267.6
32.8958,-103.9792,269.1
32.8958,-103.9375,272.7
32.8958,-103.8958,277.7
32.8958,-103.8542,282.1
32.8958,-103.8125,288.6
32.8958,-103.7708,291.7
32.8958,-103.7292,292.7
32.8542,-105.7708,492.6
32.8542,-105.7292,478.5
32.8542,-105.6875,462.2
32.8542,-105.6458,442.0
32.8542,-105.6042,425.7
32.8542,-105.5625,414.1
32.8542,-105.5208,399.0
32.8542,-105.4792,388.8
32.8542,-105.4375,371.0
32.8542,-105.3958,359.3
32.8542,-105.3542,351.3
32.8542,-105.3125,352.8
32.8542,-105.2708,318.7
32.8542,-105.2292,305.7
32.8542,-105.1875,286.2
32.8542,-105.1458,279.6
32.8542,-105.1042,275.0
32.8542,-105.0625,270.1
32.8542,-105.0208,264.3
32.8542,-104.9792,259.4
32.8542,-104.9375,258.6
32.8542,-104.8958,257.3
32.8542,-104.8542,255.4
32.8542,-104.8125,253.6
32.8542,-104.7708,250.7
32.8542,-104.7292,250.6
32.8542,-104.6875,251.1
32.8542,-104.6458,248.8
32.8542,-104.6042,246.9
32.8542,-104.5625,246.2
32.8542,-104.5208,245.4
32.8542,-104.4792,245.2
32.8542,-104.4375,246.6
32.8542,-104.3958,243.7
32.8542,-104.3542,242.5
32.8542,-104.3125,243.3
32.8542,-104.2708,244.7
32.8542,-104.2292,248.0
32.8542,-104.1875,249.5
32.8542,-104.1458,252.5
32.8542,-104.1042,254.7
32.8542,-104.0625,256.6
32.8542,-104.0208,265.6
32.8542,-103.9792,267.6
32.8542,-103.9375,270.1
32.8542,-103.8958,274.0
32.8542,-103.8542,279.1
32.8542,-103.8125,280.3
32.8542,-103.7708,286.3
32.8542,-103.7292,290.4
32.8542,-103.6875,293.0
32.8542,-103.6458,293.1
32.8125,-105.7708,483.2
32.8125,-105.7292,473.6
32.8125,-105.6875,465.5
32.8125,-105.6458,448.4
32.8125,-105.6042,437.1
32.8125,-105.5625,424.3
32.8125,-105.5208,404.6
32.8125,-105.4792,387.6
32.8125,-105.4375,371.2
32.8125,-105.3958,363.3
32.8125,-105.3542,356.4
32.8125,-105.3125,344.9
32.8125,-105.2708,319.7
32.8125,-105.2292,298.2
32.8125,-105.1875,289.3
32.8125,-105.1458,284.5
32.8125,-105.1042,277.5
32.8125,-105.0625,269.2
32.8125,-105.0208,262.6
32.8125,-104.9792,258.8
32.8125,-104.9375,258.4
32.8125,-104.8958,256.8
32.8125,-104.8542,252.7
32.8125,-104.8125,251.9
32.8125,-104.7708,251.9
32.8125,-104.7292,252.6
32.8125,-104.6875,251.5
32.8125,-104.6458,248.3
32.8125,-104.6042,246.9
32.8125,-104.5625,245.2
32.8125,-104.5208,242.6
32.8125,-104.4792,242.2
32.8125,-104.4375,243.2
32.8125,-104.3958,241.0
32.8125,-104.3542,237.8
32.8125,-104.3125,242.1
32.8125,-104.2708,245.0
32.8125,-104.2292,249.1
32.8125,-104.1875,251.9
32.8125,-104.1458,253.8
32.8125,-104.1042,255.2
32.8125,-104.0625,257.1
32.8125,-104.0208,262.2
32.8125,-103.9792,265.0
32.8125,-103.9375,266.6
32.8125,-103.8958,269.6
32.8125,-103.8542,275.4
32.8125,-103.8125,278.7
32.8125,-103.7708,282.2
32.8125,-103.7292,284.6
32.8125,-103.6875,290.1
32.8125,-103.6458,293.7
32.8125,-103.6042,295.0
32.7708,-105.7292,493.3
32.7708,-105.6875,477.8
32.7708,-105.6458,449.0
32.7708,-105.6042,439.7
32.7708,-105.5625,424.5
32.7708,-105.5208,400.5
32.7708,-105.4792,383.1
32.7708,-105.4375,370.5
32.7708,-105.3958,360.0
32.7708,-105.3542,344.5
32.7708,-105.3125,339.0
32.7708,-105.2708,323.4
32.7708,-105.2292,303.5
32.7708,-105.1875,293.4
32.7708,-105.1458,284.9
32.7708,-105.1042,280.2
32.7708,-105.0625,272.6
32.7708,-105.0208,264.1
32.7708,-104.9792,261.9
32.7708,-104.9375,259.5
32.7708,-104.8958,256.8
32.7708,-104.8542,252.6
32.7708,-104.8125,249.3
32.7708,-104.7708,248.7
32.7708,-104.7292,250.2
32.7708,-104.6875,250.1
32.7708,-104.6458,246.1
32.7708,-104.6042,245.1
32.7708,-104.5625,242.6
32.7708,-104.5208,240.9
32.7708,-104.4792,238.7
32.7708,-104.4375,239.7
32.7708,-104.3958,239.1
32.7708,-104.3542,236.9
32.7708,-104.3125,242.3
32.7708,-104.2708,245.1
32.7708,-104.2292,249.4
32.7708,-104.1875,251.3
32.7708,-104.1458,252.2
32.7708,-104.1042,253.0
32.7708,-104.0625,258.8
32.7708,-104.0208,260.7
32.7708,-103.9792,260.7
32.7708,-103.9375,262.6
32.7708,-103.8958,268.3
32.7708,-103.8542,272.1
32.7708,-103.8125,275.8
32.7708,-103.7708,277.6
32.7708,-103.7292,280.0
32.7708,-103.6875,285.1
32.7708,-103.6458,290.2
32.7708,-103.6042,292.2
32.7708,-103.5625,292.1
32.7708,-103.5208,291.8
32.7292,-105.6875,477.1
32.7292,-105.6458,458.7
32.7292,-105.6042,440.5
32.7292,-105.5625,419.6
32.7292,-105.5208,399.8
32.7292,-105.4792,384.5
32.7292,-105.4375,369.0
32.7292,-105.3958,357.1
32.7292,-105.3542,348.0
32.7292,-105.3125,350.5
32.7292,-105.2708,338.5
32.7292,-105.2292,315.8
32.7292,-105.1875,298.4
32.7292,-105.1458,288.5
32.7292,-105.1042,280.1
32.7292,-105.0625,273.3
32.7292,-105.0208,264.6
32.7292,-104.9792,259.0
32.7292,-104.9375,255.0
32.7292,-104.8958,254.3
32.7292,-104.8542,252.5
32.7292,-104.8125,250.3
32.7292,-104.7708,247.4
32.7292,-104.7292,246.0
32.7292,-104.6875,244.6
32.7292,-104.6458,243.3
32.7292,-104.6042,242.4
32.7292,-104.5625,241.1
32.7292,-104.5208,240.1
32.7292,-104.4792,239.1
32.7292,-104.4375,241.3
32.7292,-104.3958,239.9
32.7292,-104.3542,237.8
32.7292,-104.3125,238.8
32.7292,-104.2708,243.6
32.7292,-104.2292,246.0
32.7292,-104.1875,248.2
32.7292,-104.1458,248.1
32.7292,-104.1042,250.3
32.7292,-104.0625,257.0
32.7292,-104.0208,259.0
32.7292,-103.9792,260.0
32.7292,-103.9375,262.6
32.7292,-103.8958,267.7
32.7292,-103.8542,270.1
32.7292,-103.8125,273.6
32.7292,-103.7708,275.5
32.7292,-103.7292,277.1
32.7292,-103.6875,280.5
32.7292,-103.6458,284.4
32.7292,-103.6042,289.6
32.7292,-103.5625,293.8
32.7292,-103.5208,295.7
32.7292,-103.4792,296.2
32.7292,-103.4375,298.4
32.7292,-103.3958,300.9
32.7292,-103.3542,303.9
32.6875,-105.6458,452.7
32.6875,-105.6042,433.3
32.6875,-105.2708,333.1
32.6875,-105.2292,316.1
32.6875,-105.1875,305.4
32.6875,-105.1458,295.6
32.6875,-105.1042,282.2
32.6875,-105.0625,273.3
32.6875,-105.0208,267.5
32.6875,-104.9792,264.3
32.6875,-104.9375,262.3
32.6875,-104.8958,257.6
32.6875,-104.8542,255.7
32.6875,-104.8125,252.9
32.6875,-104.7708,250.7
32.6875,-104.7292,246.8
32.6875,-104.6875,243.4
32.6875,-104.6458,243.1
32.6875,-104.6042,241.8
32.6875,-104.5625,241.2
32.6875,-104.5208,240.4
32.6875,-104.4792,239.2
32.6875,-104.4375,237.3
32.6875,-104.3958,237.8
32.6875,-104.3542,239.4
32.6875,-104.3125,238.5
32.6875,-104.2708,247.1
32.6875,-104.2292,246.5
32.6875,-104.1875,247.4
32.6875,-104.1458,246.7
32.6875,-104.1042,250.2
32.6875,-104.0625,257.4
32.6875,-104.0208,259.0
32.6875,-103.9792,258.6
32.6875,-103.9375,260.7
32.6875,-103.8958,265.7
32.6875,-103.8542,269.2
32.6875,-103.8125,273.1
32.6875,-103.7708,274.7
32.6875,-103.7292,277.0
32.6875,-103.6875,279.7
32.6875,-103.6458,282.5
32.6875,-103.6042,286.7
32.6875,-103.5625,291.8
32.6875,-103.5208,294.7
32.6875,-103.4792,294.5
32.6875,-103.4375,296.0
32.6875,-103.3958,299.5
32.6875,-103.3542,301.8
32.6875,-103.3125,304.2
32.6875,-103.2708,311.3
32.6458,-105.1458,302.9
32.6458,-105.1042,294.2
32.6458,-105.0625,282.1
32.6458,-105.0208,273.3
32.6458,-104.9792,266.8
32.6458,-104.9375,264.8
32.6458,-104.8958,260.6
32.6458,-104.8542,258.2
32.6458,-104.8125,255.3
32.6458,-104.7708,252.7
32.6458,-104.7292,249.8
32.6458,-104.6875,245.5
32.6458,-104.6458,244.2
32.6458,-104.6042,242.6
32.6458,-104.5625,240.0
32.6458,-104.5208,239.6
32.6458,-104.4792,239.0
32.6458,-104.4375,238.2
32.6458,-104.3958,238.7
32.6458,-104.3542,239.8
32.6458,-104.3125,241.4
32.6458,-104.2708,249.3
32.6458,-104.2292,247.6
32.6458,-104.1875,247.0
32.6458,-104.1458,245.3
32.6458,-104.1042,246.2
32.6458,-104.0625,249.5
32.6458,-104.0208,254.0
32.6458,-103.9792,257.0
32.6458,-103.9375,258.6
32.6458,-103.8958,266.2
32.6458,-103.8542,270.0
32.6458,-103.8125,271.4
32.6458,-103.7708,273.6
32.6458,-103.7292,276.0
32.6458,-103.6875,278.2
32.6458,-103.6458,281.7
32.6458,-103.6042,284.2
32.6458,-103.5625,286.1
32.6458,-103.5208,290.6
32.6458,-103.4792,293.6
32.6458,-103.4375,295.4
32.6458,-103.3958,296.9
32.6458,-103.3542,303.0
32.6458,-103.3125,304.9
32.6458,-103.2708,308.5
32.6458,-103.2292,311.7
32.6042,-105.1042,305.7
32.6042,-105.0625,292.1
32.6042,-105.0208,279.8
32.6042,-104.9792,273.9
32.6042,-104.9375,270.1
32.6042,-104.8958,265.2
32.6042,-104.8542,261.7
32.6042,-104.8125,259.0
32.6042,-104.7708,256.7
32.6042,-104.7292,251.8
32.6042,-104.6875,250.7
32.6042,-104.6458,248.5
32.6042,-104.6042,244.9
32.6042,-104.5625,241.7
32.6042,-104.5208,240.0
32.6042,-104.4792,239.3
32.6042,-104.4375,241.1
32.6042,-104.3958,239.0
32.6042,-104.3542,239.5
32.6042,-104.3125,245.9
32.6042,-104.2708,246.2
32.6042,-104.2292,243.4
32.6042,-104.1875,243.7
32.6042,-104.1458,245.4
32.6042,-104.1042,246.9
32.6042,-104.0625,248.7
32.6042,-104.0208,250.4
32.6042,-103.9792,250.4
32.6042,-103.9375,255.5
32.6042,-103.8958,267.5
32.6042,-103.8542,270.8
32.6042,-103.8125,272.6
32.6042,-103.7708,272.2
32.6042,-103.7292,272.7
32.6042,-103.6875,277.1
32.6042,-103.6458,278.6
32.6042,-103.6042,280.2
32.6042,-103.5625,284.0
32.6042,-103.5208,287.9
32.6042,-103.4792,291.9
32.6042,-103.4375,293.2
32.6042,-103.3958,294.5
32.6042,-103.3542,297.7
32.6042,-103.3125,300.9
32.6042,-103.2708,303.1
32.6042,-103.2292,307.9
32.6042,-103.1875,312.9
32.5625,-105.1042,320.6
32.5625,-105.0625,306.1
32.5625,-105.0208,295.7
32.5625,-104.9792,281.6
32.5625,-104.9375,273.7
32.5625,-104.8958,267.5
32.5625,-104.8542,264.3
32.5625,-104.8125,262.5
32.5625,-104.7708,259.6
32.5625,-104.7292,256.3
32.5625,-104.6875,255.0
32.5625,-104.6458,251.1
32.5625,-104.6042,245.1
32.5625,-104.5625,241.7
32.5625,-104.5208,239.7
32.5625,-104.4792,239.7
32.5625,-104.4375,241.0
32.5625,-104.3958,237.6
32.5625,-104.3542,239.0
32.5625,-104.3125,240.3
32.5625,-104.2708,241.5
32.5625,-104.2292,243.4
32.5625,-104.1875,243.4
32.5625,-104.1458,246.1
32.5625,-104.1042,248.1
32.5625,-104.0625,250.5
32.5625,-104.0208,253.5
32.5625,-103.9792,254.9
32.5625,-103.9375,262.1
32.5625,-103.8958,271.1
32.5625,-103.8542,271.2
32.5625,-103.8125,267.9
32.5625,-103.7708,268.7
32.5625,-103.7292,272.7
32.5625,-103.6875,274.3
32.5625,-103.6458,277.8
32.5625,-103.6042,281.5
32.5625,-103.5625,283.4
32.5625,-103.5208,286.9
32.5625,-103.4792,289.1
32.5625,-103.4375,291.7
32.5625,-103.3958,293.3
32.5625,-103.3542,295.9
32.5625,-103.3125,297.1
32.5625,-103.2708,299.4
32.5625,-103.2292,306.3
32.5625,-103.1875,310.9
32.5625,-103.1458,314.9
32.5208,-105.1042,325.5
32.5208,-105.0625,316.1
32.5208,-105.0208,304.6
32.5208,-104.9792,291.7
32.5208,-104.9375,285.7
32.5208,-104.8958,277.1
32.5208,-104.8542,270.8
32.5208,-104.8125,265.4
32.5208,-104.7708,262.5
32.5208,-104.7292,259.2
32.5208,-104.6875,255.8
32.5208,-104.6458,251.7
32.5208,-104.6042,245.1
32.5208,-104.5625,243.1
32.5208,-104.5208,246.4
32.5208,-104.4792,251.1
32.5208,-104.4375,244.4
32.5208,-104.3958,239.0
32.5208,-104.3542,236.8
32.5208,-104.3125,238.2
32.5208,-104.2708,239.3
32.5208,-104.2292,242.1
32.5208,-104.1875,244.2
32.5208,-104.1458,246.8
32.5208,-104.1042,249.9
32.5208,-104.0625,257.5
32.5208,-104.0208,263.5
32.5208,-103.9792,263.5
32.5208,-103.9375,266.5
32.5208,-103.8958,270.6
32.5208,-103.8542,271.8
32.5208,-103.8125,271.0
32.5208,-103.7708,273.5
32.5208,-103.7292,275.3
32.5208,-103.6875,278.9
32.5208,-103.6458,282.2
32.5208,-103.6042,285.5
32.5208,-103.5625,288.0
32.5208,-103.5208,287.0
32.5208,-103.4792,287.2
32.5208,-103.4375,289.2
32.5208,-103.3958,290.2
32.5208,-103.3542,292.8
32.5208,-103.3125,295.1
32.5208,-103.2708,298.0
32.5208,-103.2292,301.0
32.5208,-103.1875,306.3
32.5208,-103.1458,309.8
32.5208,-103.1042,316.4
32.4792,-105.1042,333.5
32.4792,-105.0625,322.0
32.4792,-105.0208,312.3
32.4792,-104.9792,304.4
32.4792,-104.9375,290.7
32.4792,-104.8958,278.8
32.4792,-104.8542,274.3
32.4792,-104.8125,267.9
32.4792,-104.7708,264.5
32.4792,-104.7292,263.8
32.4792,-104.6875,260.1
32.4792,-104.6458,255.0
32.4792,-104.6042,249.9
32.4792,-104.5625,249.0
32.4792,-104.5208,258.4
32.4792,-104.4792,255.0
32.4792,-104.4375,245.6
32.4792,-104.3958,243.2
32.4792,-104.3542,242.1
32.4792,-104.3125,244.2
32.4792,-104.2708,243.6
32.4792,-104.2292,245.5
32.4792,-104.1875,248.5
32.4792,-104.1458,248.5
32.4792,-104.1042,255.3
32.4792,-104.0625,261.1
32.4792,-104.0208,265.2
32.4792,-103.9792,268.8
32.4792,-103.9375,264.8
32.4792,-103.8958,263.0
32.4792,-103.8542,264.2
32.4792,-103.8125,266.8
32.4792,-103.7708,274.5
32.4792,-103.7292,277.3
32.4792,-103.6875,281.5
32.4792,-103.6458,286.8
32.4792,-103.6042,287.0
32.4792,-103.5625,286.0
32.4792,-103.5208,284.3
32.4792,-103.4792,284.0
32.4792,-103.4375,285.9
32.4792,-103.3958,288.9
32.4792,-103.3542,290.2
32.4792,-103.3125,294.4
32.4792,-103.2708,297.8
32.4792,-103.2292,299.1
32.4792,-103.1875,302.8
32.4792,-103.1458,303.5
32.4792,-103.1042,309.2
32.4375,-105.0625,327.6
32.4375,-105.0208,316.1
32.4375,-104.9792,303.6
32.4375,-104.9375,292.6
32.4375,-104.8958,282.7
32.4375,-104.8542,277.7
32.4375,-104.8125,276.7
32.4375,-104.7708,269.5
32.4375,-104.7292,266.1
32.4375,-104.6875,260.5
32.4375,-104.6458,256.2
32.4375,-104.6042,256.4
32.4375,-104.5625,253.2
32.4375,-104.5208,263.3
32.4375,-104.4792,257.3
32.4375,-104.4375,253.0
32.4375,-104.3958,250.0
32.4375,-104.3542,251.3
32.4375,-104.3125,248.8
32.4375,-104.2708,250.3
32.4375,-104.2292,248.4
32.4375,-104.1875,251.6
32.4375,-104.1458,249.3
32.4375,-104.1042,254.4
32.4375,-104.0625,258.2
32.4375,-104.0208,264.0
32.4375,-103.9792,268.3
32.4375,-103.9375,264.2
32.4375,-103.8958,260.0
32.4375,-103.8542,260.4
32.4375,-103.8125,268.5
32.4375,-103.7708,273.3
32.4375,-103.7292,277.0
32.4375,-103.6875,281.1
32.4375,-103.6458,280.7
32.4375,-103.6042,280.8
32.4375,-103.5625,279.2
32.4375,-103.5208,278.9
32.4375,-103.4792,280.6
32.4375,-103.4375,281.9
32.4375,-103.3958,285.2
32.4375,-103.3542,287.5
32.4375,-103.3125,291.2
32.4375,-103.2708,294.9
32.4375,-103.2292,296.8
32.4375,-103.1875,298.5
32.4375,-103.1458,298.4
32.4375,-103.1042,301.2
32.4375,-103.0625,307.7
32.3958,-104.9792,309.1
32.3958,-104.9375,302.4
32.3958,-104.8958,298.9
32.3958,-104.8542,292.8
32.3958,-104.8125,291.7
32.3958,-104.7708,280.9
32.3958,-104.7292,266.7
32.3958,-104.6875,262.9
32.3958,-104.6458,264.6
32.3958,-104.6042,264.2
32.3958,-104.5625,264.9
32.3958,-104.5208,274.0
32.3958,-104.4792,267.5
32.3958,-104.4375,260.5
32.3958,-104.3958,254.7
32.3958,-104.3542,253.9
32.3958,-104.3125,255.3
32.3958,-104.2708,253.4
32.3958,-104.2292,251.7
32.3958,-104.1875,250.8
32.3958,-104.1458,252.2
32.3958,-104.1042,250.0
32.3958,-104.0625,253.2
32.3958,-104.0208,262.7
32.3958,-103.9792,260.6
32.3958,-103.9375,251.9
32.3958,-103.8958,251.9
32.3958,-103.8542,260.5
32.3958,-103.8125,269.0
32.3958,-103.7708,274.1
32.3958,-103.7292,277.5
32.3958,-103.6875,280.5
32.3958,-103.6458,279.7
32.3958,-103.6042,275.5
32.3958,-103.5625,274.1
32.3958,-103.5208,273.1
32.3958,-103.4792,274.3
32.3958,-103.4375,276.1
32.3958,-103.3958,280.9
32.3958,-103.3542,284.4
32.3958,-103.3125,287.5
32.3958,-103.2708,289.6
32.3958,-103.2292,291.6
32.3958,-103.1875,293.0
32.3958,-103.1458,295.8
32.3958,-103.1042,298.4
32.3958,-103.0625,303.0
32.3958,-103.0208,307.6
32.3958,-102.9792,311.5
32.3542,-104.9375,311.3
32.3542,-104.8958,304.4
32.3542,-104.8542,297.8
32.3542,-104.8125,290.5
32.3542,-104.7708,286.9
32.3542,-104.7292,274.7
32.3542,-104.6875,268.2
32.3542,-104.6458,266.5
32.3542,-104.6042,268.8
32.3542,-104.5625,275.4
32.3542,-104.5208,275.8
32.3542,-104.4792,269.2
32.3542,-104.4375,263.4
32.3542,-104.3958,262.6
32.3542,-104.3542,260.5
32.3542,-104.3125,255.3
32.3542,-104.2708,253.9
32.3542,-104.2292,256.7
32.3542,-104.1875,253.9
32.3542,-104.1458,252.6
32.3542,-104.1042,252.5
32.3542,-104.0625,251.0
32.3542,-104.0208,255.1
32.3542,-103.9792,248.0
32.3542,-103.9375,246.7
32.3542,-103.8958,250.7
32.3542,-103.8542,259.5
32.3542,-103.8125,266.7
32.3542,-103.7708,271.9
32.3542,-103.7292,274.2
32.3542,-103.6875,276.0
32.3542,-103.6458,280.1
32.3542,-103.6042,277.2
32.3542,-103.5625,272.5
32.3542,-103.5208,268.4
32.3542,-103.4792,268.9
32.3542,-103.4375,271.8
32.3542,-103.3958,276.7
32.3542,-103.3542,281.0
32.3542,-103.3125,282.8
32.3542,-103.2708,286.2
32.3542,-103.2292,288.1
32.3542,-103.1875,287.4
32.3542,-103.1458,289.3
32.3542,-103.1042,293.5
32.3542,-103.0625,298.7
32.3542,-103.0208,301.2
32.3542,-102.9792,308.1
32.3125,-104.9375,300.9
32.3125,-104.8958,307.6
32.3125,-104.8542,299.8
32.3125,-104.8125,296.2
32.3125,-104.7708,297.3
32.3125,-104.7292,288.7
32.3125,-104.6875,274.9
32.3125,-104.6458,268.4
32.3125,-104.6042,267.7
32.3125,-104.5625,268.6
32.3125,-104.5208,271.8
32.3125,-104.4792,267.1
32.3125,-104.4375,265.9
32.3125,-104.3958,264.3
32.3125,-104.3542,262.6
32.3125,-104.3125,256.4
32.3125,-104.2708,254.7
32.3125,-104.2292,256.9
32.3125,-104.1875,255.9
32.3125,-104.1458,253.0
32.3125,-104.1042,252.3
32.3125,-104.0625,249.7
32.3125,-104.0208,248.8
32.3125,-103.9792,249.8
32.3125,-103.9375,249.4
32.3125,-103.8958,251.2
32.3125,-103.8542,255.6
32.3125,-103.8125,264.0
32.3125,-103.7708,267.9
32.3125,-103.7292,271.8
32.3125,-103.6875,275.4
32.3125,-103.6458,278.3
32.3125,-103.6042,277.1
32.3125,-103.5625,275.2
32.3125,-103.5208,271.8
32.3125,-103.4792,268.9
32.3125,-103.4375,266.0
32.3125,-103.3958,269.1
32.3125,-103.3542,280.5
32.3125,-103.3125,280.6
32.3125,-103.2708,282.8
32.3125,-103.2292,283.0
32.3125,-103.1875,283.2
32.3125,-103.1458,284.8
32.3125,-103.1042,289.7
32.3125,-103.0625,293.5
32.3125,-103.0208,296.6
32.3125,-102.9792,298.9
32.3125,-102.9375,303.4
32.2708,-104.8958,303.1
32.2708,-104.8542,309.4
32.2708,-104.8125,308.3
32.2708,-104.7708,309.3
32.2708,-104.7292,299.1
32.2708,-104.6875,284.4
32.2708,-104.6458,276.3
32.2708,-104.6042,276.5
32.2708,-104.5625,277.3
32.2708,-104.5208,271.3
32.2708,-104.4792,267.9
32.2708,-104.4375,266.6
32.2708,-104.3958,264.2
32.2708,-104.3542,265.1
32.2708,-104.3125,259.3
32.2708,-104.2708,255.0
32.2708,-104.2292,254.3
32.2708,-104.1875,254.2
32.2708,-104.1458,255.3
32.2708,-104.1042,255.0
32.2708,-104.0625,252.1
32.2708,-104.0208,250.4
32.2708,-103.9792,250.2
32.2708,-103.9375,251.7
32.2708,-103.8958,260.5
32.2708,-103.8542,263.2
32.2708,-103.8125,264.5
32.2708,-103.7708,266.8
32.2708,-103.7292,271.1
32.2708,-103.6875,275.0
32.2708,-103.6458,275.8
32.2708,-103.6042,276.1
32.2708,-103.5625,274.8
32.2708,-103.5208,271.2
32.2708,-103.4792,268.3
32.2708,-103.4375,265.6
32.2708,-103.3958,268.1
32.2708,-103.3542,272.8
32.2708,-103.3125,276.1
32.2708,-103.2708,277.9
32.2708,-103.2292,278.4
32.2708,-103.1875,280.3
32.2708,-103.1458,281.9
32.2708,-103.1042,285.2
32.2708,-103.0625,288.7
32.2708,-103.0208,292.0
32.2708,-102.9792,295.1
32.2708,-102.9375,297.5
32.2708,-102.8958,302.5
32.2708,-102.8542,307.0
32.2292,-104.8542,323.4
32.2292,-104.8125,319.3
32.2292,-104.7708,311.8
32.2292,-104.7292,309.7
32.2292,-104.6875,303.1
32.2292,-104.6458,290.0
32.2292,-104.6042,291.7
32.2292,-104.5625,287.7
32.2292,-104.5208,283.6
32.2292,-104.4792,284.5
32.2292,-104.4375,281.3
32.2292,-104.3958,274.7
32.2292,-104.3542,271.0
32.2292,-104.3125,260.6
32.2292,-104.2708,256.4
32.2292,-104.2292,255.3
32.2292,-104.1875,252.8
32.2292,-104.1458,252.0
32.2292,-104.1042,251.0
32.2292,-104.0625,250.1
32.2292,-104.0208,249.2
32.2292,-103.9792,249.5
32.2292,-103.9375,254.3
32.2292,-103.8958,263.3
32.2292,-103.8542,266.6
32.2292,-103.8125,267.3
32.2292,-103.7708,269.3
32.2292,-103.7292,271.8
32.2292,-103.6875,272.6
32.2292,-103.6458,271.4
32.2292,-103.6042,270.1
32.2292,-103.5625,269.2
32.2292,-103.5208,269.1
32.2292,-103.4792,267.2
32.2292,-103.4375,264.3
32.2292,-103.3958,264.8
32.2292,-103.3542,266.8
32.2292,-103.3125,269.5
32.2292,-103.2708,271.8
32.2292,-103.2292,274.7
32.2292,-103.1875,275.7
32.2292,-103.1458,276.4
32.2292,-103.1042,278.1
32.2292,-103.0625,283.9
32.2292,-103.0208,286.1
32.2292,-102.9792,291.0
32.2292,-102.9375,296.5
32.2292,-102.8958,300.2
32.2292,-102.8542,305.5
32.1875,-104.8542,324.9
32.1875,-104.8125,322.7
32.1875,-104.7708,321.1
32.1875,-104.7292,318.0
32.1875,-104.6875,313.6
32.1875,-104.6458,307.6
32.1875,-104.6042,302.9
32.1875,-104.5625,300.4
32.1875,-104.5208,294.8
32.1875,-104.4792,296.7
32.1875,-104.4375,288.7
32.1875,-104.3958,276.3
32.1875,-104.3542,264.6
32.1875,-104.3125,257.4
32.1875,-104.2708,256.6
32.1875,-104.2292,257.6
32.1875,-104.1875,254.8
32.1875,-104.1458,249.4
32.1875,-104.1042,246.9
32.1875,-104.0625,246.7
32.1875,-104.0208,246.7
32.1875,-103.9792,247.2
32.1875,-103.9375,248.7
32.1875,-103.8958,258.1
32.1875,-103.8542,263.3
32.1875,-103.8125,265.4
32.1875,-103.7708,266.8
32.1875,-103.7292,268.5
32.1875,-103.6875,267.3
32.1875,-103.6458,266.7
32.1875,-103.6042,264.1
32.1875,-103.5625,263.6
32.1875,-103.5208,262.9
32.1875,-103.4792,261.8
32.1875,-103.4375,258.8
32.1875,-103.3958,257.3
32.1875,-103.3542,259.4
32.1875,-103.3125,264.0
32.1875,-103.2708,266.3
32.1875,-103.2292,269.3
32.1875,-103.1875,271.0
32.1875,-103.1458,269.4
32.1875,-103.1042,270.4
32.1875,-103.0625,275.8
32.1875,-103.0208,281.8
32.1875,-102.9792,287.0
32.1875,-102.9375,291.2
32.1875,-102.8958,295.1
32.1875,-102.8542,301.7
32.1458,-104.8125,331.7
32.1458,-104.7708,328.9
32.1458,-104.7292,325.5
32.1458,-104.6875,322.5
32.1458,-104.6458,329.2
32.1458,-104.6042,322.0
32.1458,-104.5625,312.9
32.1458,-104.5208,287.5
32.1458,-104.4792,273.6
32.1458,-104.4375,263.3
32.1458,-104.3958,259.0
32.1458,-104.3542,256.3
32.1458,-104.3125,254.2
32.1458,-104.2708,254.6
32.1458,-104.2292,252.6
32.1458,-104.1875,251.1
32.1458,-104.1458,247.1
32.1458,-104.1042,244.8
32.1458,-104.0625,242.3
32.1458,-104.0208,241.1
32.1458,-103.9792,243.1
32.1458,-103.9375,247.7
32.1458,-103.8958,255.8
32.1458,-103.8542,262.3
32.1458,-103.8125,262.8
32.1458,-103.7708,261.7
32.1458,-103.7292,261.8
32.1458,-103.6875,261.3
32.1458,-103.6458,261.3
32.1458,-103.6042,259.8
32.1458,-103.5625,257.9
32.1458,-103.5208,256.6
32.1458,-103.4792,255.0
32.1458,-103.4375,254.2
32.1458,-103.3958,255.2
32.1458,-103.3542,255.4
32.1458,-103.3125,258.0
32.1458,-103.2708,259.6
32.1458,-103.2292,260.5
32.1458,-103.1875,258.6
32.1458,-103.1458,259.3
32.1458,-103.1042,264.9
32.1458,-103.0625,269.3
32.1458,-103.0208,278.9
32.1458,-102.9792,284.9
32.1458,-102.9375,287.9
32.1458,-102.8958,292.8
32.1458,-102.8542,299.1
32.1042,-104.7708,343.0
32.1042,-104.7292,341.2
32.1042,-104.6875,338.9
32.1042,-104.6458,326.7
32.1042,-104.6042,306.1
32.1042,-104.5625,283.7
32.1042,-104.5208,271.4
32.1042,-104.4792,265.1
32.1042,-104.4375,262.7
32.1042,-104.3958,259.9
32.1042,-104.3542,257.4
32.1042,-104.3125,255.2
32.1042,-104.2708,252.2
32.1042,-104.2292,250.2
32.1042,-104.1875,247.4
32.1042,-104.1458,245.3
32.1042,-104.1042,243.6
32.1042,-104.0625,241.0
32.1042,-104.0208,241.1
32.1042,-103.9792,242.4
32.1042,-103.9375,248.7
32.1042,-103.8958,256.7
32.1042,-103.8542,258.1
32.1042,-103.8125,258.4
32.1042,-103.7708,257.7
32.1042,-103.7292,256.6
32.1042,-103.6875,257.6
32.1042,-103.6458,257.7
32.1042,-103.6042,257.3
32.1042,-103.5625,254.5
32.1042,-103.5208,252.3
32.1042,-103.4792,252.5
32.1042,-103.4375,254.2
32.1042,-103.3958,254.6
32.1042,-103.3542,253.7
32.1042,-103.3125,253.2
32.1042,-103.2708,254.8
32.1042,-103.2292,256.8
32.1042,-103.1875,256.4
32.1042,-103.1458,256.4
32.1042,-103.1042,262.0
32.1042,-103.0625,268.6
32.1042,-103.0208,272.8
32.1042,-102.9792,281.6
32.1042,-102.9375,285.2
32.1042,-102.8958,289.1
32.1042,-102.8542,294.1
32.1042,-102.8125,299.1
32.0625,-104.7708,353.9
32.0625,-104.7292,341.4
32.0625,-104.6875,324.5
32.0625,-104.6458,291.4
32.0625,-104.6042,280.0
32.0625,-104.5625,272.2
32.0625,-104.5208,267.8
32.0625,-104.4792,264.7
32.0625,-104.4375,266.4
32.0625,-104.3958,263.5
32.0625,-104.3542,259.5
32.0625,-104.3125,256.8
32.0625,-104.2708,252.7
32.0625,-104.2292,250.2
32.0625,-104.1875,250.5
32.0625,-104.1458,247.4
32.0625,-104.1042,244.3
32.0625,-104.0625,241.9
32.0625,-104.0208,240.3
32.0625,-103.9792,240.7
32.0625,-103.9375,243.3
32.0625,-103.8958,248.6
32.0625,-103.8542,252.6
32.0625,-103.8125,254.5
32.0625,-103.7708,253.0
32.0625,-103.7292,250.9
32.0625,-103.6875,250.5
32.0625,-103.6458,252.5
32.0625,-103.6042,252.4
32.0625,-103.5625,250.8
32.0625,-103.5208,250.6
32.0625,-103.4792,252.7
32.0625,-103.4375,251.9
32.0625,-103.3958,252.0
32.0625,-103.3542,250.2
32.0625,-103.3125,249.9
32.0625,-103.2708,250.7
32.0625,-103.2292,253.1
32.0625,-103.1875,252.8
32.0625,-103.1458,253.4
32.0625,-103.1042,256.6
32.0625,-103.0625,258.0
32.0625,-103.0208,266.9
32.0625,-102.9792,274.5
32.0625,-102.9375,275.8
32.0625,-102.8958,282.5
32.0625,-102.8542,288.9
32.0625,-102.8125,292.1
32.0208,-104.8125,350.6
32.0208,-104.7708,350.1
32.0208,-104.7292,315.4
32.0208,-104.6875,290.5
32.0208,-104.6458,282.7
32.0208,-104.6042,277.7
32.0208,-104.5625,272.6
32.0208,-104.5208,266.8
32.0208,-104.4792,266.3
32.0208,-104.4375,265.3
32.0208,-104.3958,261.2
32.0208,-104.3542,258.4
32.0208,-104.3125,255.1
32.0208,-104.2708,253.3
32.0208,-104.2292,250.4
32.0208,-104.1875,247.2
32.0208,-104.1458,245.3
32.0208,-104.1042,243.2
32.0208,-104.0625,240.5
32.0208,-104.0208,237.2
32.0208,-103.9792,237.0
32.0208,-103.9375,239.4
32.0208,-103.8958,242.6
32.0208,-103.8542,248.5
32.0208,-103.8125,250.5
32.0208,-103.7708,249.4
32.0208,-103.7292,246.1
32.0208,-103.6875,241.8
32.0208,-103.6458,246.6
32.0208,-103.6042,248.8
32.0208,-103.5625,251.0
32.0208,-103.5208,251.3
32.0208,-103.4792,249.9
32.0208,-103.4375,248.8
32.0208,-103.3958,249.1
32.0208,-103.3542,247.0
32.0208,-103.3125,245.8
32.0208,-103.2708,245.7
32.0208,-103.2292,246.1
32.0208,-103.1875,246.6
32.0208,-103.1458,248.7
32.0208,-103.1042,253.9
32.0208,-103.0625,255.7
32.0208,-103.0208,259.4
32.0208,-102.9792,264.3
32.0208,-102.9375,269.5
32.0208,-102.8958,280.2
32.0208,-102.8542,287.7
31.9792,-104.8125,359.0
31.9792,-104.7708,318.6
31.9792,-104.7292,293.1
31.9792,-104.6875,285.3
31.9792,-104.6458,281.3
31.9792,-104.6042,276.6
31.9792,-104.5625,272.7
31.9792,-104.5208,265.4
31.9792,-104.4792,264.0
31.9792,-104.4375,265.6
31.9792,-104.3958,263.9
31.9792,-104.3542,260.6
31.9792,-104.3125,255.9
31.9792,-104.2708,252.9
31.9792,-104.2292,252.3
31.9792,-104.1875,249.9
31.9792,-104.1458,244.7
31.9792,-104.1042,244.4
31.9792,-104.0625,241.8
31.9792,-104.0208,237.4
31.9792,-103.9792,235.9
31.9792,-103.9375,236.5
31.9792,-103.8958,239.6
31.9792,-103.8542,243.1
31.9792,-103.8125,247.0
31.9792,-103.7708,244.7
31.9792,-103.7292,239.7
31.9792,-103.6875,237.4
31.9792,-103.6458,236.8
31.9792,-103.6042,241.4
31.9792,-103.5625,246.6
31.9792,-103.5208,249.5
31.9792,-103.4792,249.6
31.9792,-103.4375,248.0
31.9792,-103.3958,247.3
31.9792,-103.3542,244.7
31.9792,-103.3125,242.6
31.9792,-103.2708,243.0
31.9792,-103.2292,245.7
31.9792,-103.1875,247.4
31.9792,-103.1458,251.1
31.9792,-103.1042,254.1
31.9792,-103.0625,258.8
31.9792,-103.0208,258.3
31.9792,-102.9792,263.0
31.9792,-102.9375,265.8
31.9792,-102.8958,276.8
31.9792,-102.8542,284.2
31.9375,-104.8542,391.1
31.9375,-104.8125,381.2
31.9375,-104.7708,314.5
31.9375,-104.7292,288.5
31.9375,-104.6875,283.7
31.9375,-104.6458,279.0
31.9375,-104.6042,274.2
31.9375,-104.5625,268.9
31.9375,-104.5208,262.5
31.9375,-104.4792,259.3
31.9375,-104.4375,258.9
31.9375,-104.3958,259.5
31.9375,-104.3542,259.3
31.9375,-104.3125,255.0
31.9375,-104.2708,251.7
31.9375,-104.2292,251.1
31.9375,-104.1875,248.4
31.9375,-104.1458,247.3
31.9375,-104.1042,249.0
31.9375,-104.0625,244.3
31.9375,-104.0208,238.7
31.9375,-103.9792,237.1
31.9375,-103.9375,236.3
31.9375,-103.8958,240.4
31.9375,-103.8542,243.6
31.9375,-103.8125,244.7
31.9375,-103.7708,240.4
31.9375,-103.7292,235.7
31.9375,-103.6875,233.6
31.9375,-103.6458,235.0
31.9375,-103.6042,235.6
31.9375,-103.5625,234.8
31.9375,-103.5208,239.4
31.9375,-103.4792,247.0
31.9375,-103.4375,244.8
31.9375,-103.3958,244.3
31.9375,-103.3542,243.5
31.9375,-103.3125,243.3
31.9375,-103.2708,238.5
31.9375,-103.2292,238.6
31.9375,-103.1875,239.4
31.9375,-103.1458,239.7
31.9375,-103.1042,244.1
31.9375,-103.0625,247.7
31.9375,-103.0208,252.2
31.9375,-102.9792,260.3
31.9375,-102.9375,263.1
31.9375,-102.8958,274.4
31.9375,-102.8542,277.6
31.9375,-102.8125,285.5
31.8958,-104.8542,363.4
31.8958,-104.8125,320.1
31.8958,-104.7708,295.3
31.8958,-104.7292,284.9
31.8958,-104.6875,277.7
31.8958,-104.6458,273.5
31.8958,-104.6042,270.8
31.8958,-104.5625,264.9
31.8958,-104.5208,259.7
31.8958,-104.4792,258.1
31.8958,-104.4375,255.9
31.8958,-104.3958,252.7
31.8958,-104.3542,252.3
31.8958,-104.3125,251.7
31.8958,-104.2708,253.6
31.8958,-104.2292,249.9
31.8958,-104.1875,250.5
31.8958,-104.1458,251.6
31.8958,-104.1042,248.7
31.8958,-104.0625,244.3
31.8958,-104.0208,240.9
31.8958,-103.9792,238.1
31.8958,-103.9375,237.0
31.8958,-103.8958,236.7
31.8958,-103.8542,237.1
31.8958,-103.8125,235.5
31.8958,-103.7708,234.6
31.8958,-103.7292,235.1
31.8958,-103.6875,233.5
31.8958,-103.6458,232.1
31.8958,-103.6042,233.7
31.8958,-103.5625,233.4
31.8958,-103.5208,239.4
31.8958,-103.4792,245.2
31.8958,-103.4375,243.2
31.8958,-103.3958,240.5
31.8958,-103.3542,240.2
31.8958,-103.3125,240.5
31.8958,-103.2708,236.4
31.8958,-103.2292,230.8
31.8958,-103.1875,233.9
31.8958,-103.1458,236.8
31.8958,-103.1042,241.6
31.8958,-103.0625,245.6
31.8958,-103.0208,250.8
31.8958,-102.9792,253.3
31.8958,-102.9375,258.8
31.8958,-102.8958,264.6
31.8958,-102.8542,274.5
31.8958,-102.8125,279.1
31.8958,-102.7708,289.7
31.8958,-102.7292,294.2
31.8542,-104.8125,291.8
31.8542,-104.7708,287.3
31.8542,-104.7292,278.1
31.8542,-104.6875,272.9
31.8542,-104.6458,270.6
31.8542,-104.6042,268.7
31.8542,-104.5625,263.7
31.8542,-104.5208,259.0
31.8542,-104.4792,257.6
31.8542,-104.4375,255.2
31.8542,-104.3958,256.7
31.8542,-104.3542,256.9
31.8542,-104.3125,256.9
31.8542,-104.2708,258.6
31.8542,-104.2292,254.9
31.8542,-104.1875,257.0
31.8542,-104.1458,254.4
31.8542,-104.1042,250.0
31.8542,-104.0625,245.5
31.8542,-104.0208,240.3
31.8542,-103.9792,236.4
31.8542,-103.9375,236.1
31.8542,-103.8958,235.8
31.8542,-103.8542,233.7
31.8542,-103.8125,230.5
31.8542,-103.7708,231.9
31.8542,-103.7292,231.9
31.8542,-103.6875,231.4
31.8542,-103.6458,231.1
31.8542,-103.6042,231.5
31.8542,-103.5625,231.7
31.8542,-103.5208,232.3
31.8542,-103.4792,236.9
31.8542,-103.4375,241.7
31.8542,-103.3958,239.2
31.8542,-103.3542,237.7
31.8542,-103.3125,237.4
31.8542,-103.2708,236.2
31.8542,-103.2292,231.9
31.8542,-103.1875,235.0
31.8542,-103.1458,240.3
31.8542,-103.1042,239.8
31.8542,-103.0625,243.0
31.8542,-103.0208,250.9
31.8542,-102.9792,254.2
31.8542,-102.9375,260.3
31.8542,-102.8958,266.0
31.8542,-102.8542,271.9
31.8542,-102.8125,276.2
31.8542,-102.7708,282.5
31.8542,-102.7292,289.5
31.8542,-102.6875,293.6
31.8125,-104.7708,285.0
31.8125,-104.7292,279.1
31.8125,-104.6875,278.9
31.8125,-104.6458,274.6
31.8125,-104.6042,270.7
31.8125,-104.5625,266.6
31.8125,-104.5208,263.2
31.8125,-104.4792,263.0
31.8125,-104.4375,261.8
31.8125,-104.3958,262.0
31.8125,-104.3542,259.2
31.8125,-104.3125,262.4
31.8125,-104.2708,260.6
31.8125,-104.2292,258.1
31.8125,-104.1875,253.9
31.8125,-104.1458,250.7
31.8125,-104.1042,246.2
31.8125,-104.0625,243.2
31.8125,-104.0208,238.9
31.8125,-103.9792,238.9
31.8125,-103.9375,238.0
31.8125,-103.8958,234.9
31.8125,-103.8542,233.0
31.8125,-103.8125,230.4
31.8125,-103.7708,230.0
31.8125,-103.7292,229.2
31.8125,-103.6875,229.0
31.8125,-103.6458,229.8
31.8125,-103.6042,230.0
31.8125,-103.5625,229.4
31.8125,-103.5208,229.7
31.8125,-103.4792,231.9
31.8125,-103.4375,236.7
31.8125,-103.3958,238.8
31.8125,-103.3542,234.6
31.8125,-103.3125,230.8
31.8125,-103.2708,232.0
31.8125,-103.2292,233.2
31.8125,-103.1875,235.2
31.8125,-103.1458,238.8
31.8125,-103.1042,239.9
31.8125,-103.0625,240.1
31.8125,-103.0208,246.4
31.8125,-102.9792,250.6
31.8125,-102.9375,255.6
31.8125,-102.8958,266.6
31.8125,-102.8542,269.9
31.8125,-102.8125,276.4
31.8125,-102.7708,281.4
31.8125,-102.7292,281.7
31.8125,-102.6875,285.5
31.8125,-102.6458,286.9
31.7708,-104.7292,284.9
31.7708,-104.6875,277.9
31.7708,-104.6458,273.9
31.7708,-104.6042,271.0
31.7708,-104.5625,267.2
31.7708,-104.5208,264.7
31.7708,-104.4792,265.9
31.7708,-104.4375,268.5
31.7708,-104.3958,264.8
31.7708,-104.3542,264.0
31.7708,-104.3125,261.5
31.7708,-104.2708,257.8
31.7708,-104.2292,254.7
31.7708,-104.1875,254.6
31.7708,-104.1458,251.2
31.7708,-104.1042,246.5
31.7708,-104.0625,244.4
31.7708,-104.0208,240.8
31.7708,-103.9792,242.0
31.7708,-103.9375,238.4
31.7708,-103.8958,236.1
31.7708,-103.8542,234.8
31.7708,-103.8125,231.8
31.7708,-103.7708,233.2
31.7708,-103.7292,230.2
31.7708,-103.6875,227.2
31.7708,-103.6458,227.2
31.7708,-103.6042,228.0
31.7708,-103.5625,228.7
31.7708,-103.5208,227.3
31.7708,-103.4792,228.5
31.7708,-103.4375,229.5
31.7708,-103.3958,232.2
31.7708,-103.3542,228.5
31.7708,-103.3125,226.4
31.7708,-103.2708,226.5
31.7708,-103.2292,226.4
31.7708,-103.1875,229.8
31.7708,-103.1458,236.4
31.7708,-103.1042,237.2
31.7708,-103.0625,237.1
31.7708,-103.0208,243.1
31.7708,-102.9792,253.2
31.7708,-102.9375,255.5
31.7708,-102.8958,261.8
31.7708,-102.8542,264.7
31.7708,-102.8125,269.1
31.7708,-102.7708,277.1
31.7708,-102.7292,279.4
31.7708,-102.6875,283.1
31.7708,-102.6458,283.3
31.7708,-102.6042,284.4
31.7292,-104.7292,286.7
31.7292,-104.6875,280.5
31.7292,-104.6458,277.1
31.7292,-104.6042,273.8
31.7292,-104.5625,270.6
31.7292,-104.5208,268.2
31.7292,-104.4792,268.2
31.7292,-104.4375,270.9
31.7292,-104.3958,268.6
31.7292,-104.3542,264.8
31.7292,-104.3125,261.7
31.7292,-104.2708,259.1
31.7292,-104.2292,255.9
31.7292,-104.1875,251.9
31.7292,-104.1458,246.6
31.7292,-104.1042,245.0
31.7292,-104.0625,245.0
31.7292,-104.0208,243.7
31.7292,-103.9792,245.6
31.7292,-103.9375,241.8
31.7292,-103.8958,238.3
31.7292,-103.8542,234.3
31.7292,-103.8125,233.1
31.7292,-103.7708,231.3
31.7292,-103.7292,231.9
31.7292,-103.6875,230.0
31.7292,-103.6458,226.4
31.7292,-103.6042,225.4
31.7292,-103.5625,226.6
31.7292,-103.5208,227.3
31.7292,-103.4792,226.2
31.7292,-103.4375,226.3
31.7292,-103.3958,225.8
31.7292,-103.3542,225.1
31.7292,-103.3125,226.2
31.7292,-103.2708,227.6
31.7292,-103.2292,226.2
31.7292,-103.1875,229.0
31.7292,-103.1458,234.8
31.7292,-103.1042,235.1
31.7292,-103.0625,237.5
31.7292,-103.0208,241.6
31.7292,-102.9792,250.4
31.7292,-102.9375,256.7
31.7292,-102.8958,260.1
31.7292,-102.8542,264.5
31.7292,-102.8125,269.7
31.7292,-102.7708,271.5
31.7292,-102.7292,279.0
31.7292,-102.6875,279.7
31.7292,-102.6458,282.1
31.7292,-102.6042,283.8
31.7292,-102.5625,286.8
31.6875,-104.7292,292.3
31.6875,-104.6875,287.1
31.6875,-104.6458,279.7
31.6875,-104.6042,276.8
31.6875,-104.5625,274.4
31.6875,-104.5208,271.7
31.6875,-104.4792,269.9
31.6875,-104.4375,269.6
31.6875,-104.3958,265.6
31.6875,-104.3542,263.0
31.6875,-104.3125,264.2
31.6875,-104.2708,260.4
31.6875,-104.2292,255.3
31.6875,-104.1875,253.0
31.6875,-104.1458,246.7
31.6875,-104.1042,245.5
31.6875,-104.0625,247.4
31.6875,-104.0208,244.9
31.6875,-103.9792,245.0
31.6875,-103.9375,241.9
31.6875,-103.8958,239.3
31.6875,-103.8542,236.9
31.6875,-103.8125,235.3
31.6875,-103.7708,233.1
31.6875,-103.7292,229.5
31.6875,-103.6875,228.1
31.6875,-103.6458,229.1
31.6875,-103.6042,228.5
31.6875,-103.5625,226.0
31.6875,-103.5208,227.2
31.6875,-103.4792,227.6
31.6875,-103.4375,226.1
31.6875,-103.3958,225.8
31.6875,-103.3542,226.5
31.6875,-103.3125,226.6
31.6875,-103.2708,228.0
31.6875,-103.2292,229.4
31.6875,-103.1875,231.2
31.6875,-103.1458,232.5
31.6875,-103.1042,234.4
31.6875,-103.0625,239.6
31.6875,-103.0208,241.6
31.6875,-102.9792,252.7
31.6875,-102.9375,259.0
31.6875,-102.8958,262.5
31.6875,-102.8542,267.3
31.6875,-102.8125,272.0
31.6875,-102.7708,274.8
31.6875,-102.7292,276.5
31.6875,-102.6875,278.5
31.6875,-102.6458,282.3
31.6875,-102.6042,283.3
31.6875,-102.5625,284.5
31.6875,-102.5208,289.2
31.6875,-102.4792,291.2
31.6875,-102.4375,294.8
31.6875,-102.3958,299.0
31.6875,-102.3542,300.7
31.6875,-102.3125,304.3
31.6875,-102.2708,308.2
31.6458,-104.7292,290.9
31.6458,-104.6875,286.2
31.6458,-104.6458,288.4
31.6458,-104.6042,280.6
31.6458,-104.5625,280.7
31.6458,-104.5208,275.3
31.6458,-104.4792,270.7
31.6458,-104.4375,265.9
31.6458,-104.3958,262.1
31.6458,-104.3542,258.5
31.6458,-104.3125,259.6
31.6458,-104.2708,257.1
31.6458,-104.2292,252.3
31.6458,-104.1875,252.5
31.6458,-104.1458,249.3
31.6458,-104.1042,248.1
31.6458,-104.0625,249.7
31.6458,-104.0208,246.5
31.6458,-103.9792,247.2
31.6458,-103.9375,243.9
31.6458,-103.8958,243.6
31.6458,-103.8542,241.0
31.6458,-103.8125,237.7
31.6458,-103.7708,235.2
31.6458,-103.7292,232.3
31.6458,-103.6875,230.6
31.6458,-103.6458,229.6
31.6458,-103.6042,230.1
31.6458,-103.5625,231.6
31.6458,-103.5208,228.9
31.6458,-103.4792,228.1
31.6458,-103.4375,227.5
31.6458,-103.3958,229.7
31.6458,-103.3542,230.7
31.6458,-103.3125,229.0
31.6458,-103.2708,230.2
31.6458,-103.2292,231.6
31.6458,-103.1875,234.3
31.6458,-103.1458,234.1
31.6458,-103.1042,235.8
31.6458,-103.0625,239.4
31.6458,-103.0208,242.3
31.6458,-102.9792,249.7
31.6458,-102.9375,257.9
31.6458,-102.8958,262.0
31.6458,-102.8542,266.3
31.6458,-102.8125,269.0
31.6458,-102.7708,273.5
31.6458,-102.7292,275.0
31.6458,-102.6875,276.9
31.6458,-102.6458,279.3
31.6458,-102.6042,282.2
31.6458,-102.5625,283.3
31.6458,-102.5208,286.3
31.6458,-102.4792,287.8
31.6458,-102.4375,290.2
31.6458,-102.3958,296.4
31.6458,-102.3542,301.3
31.6458,-102.3125,305.3
31.6458,-102.2708,307.8
31.6042,-104.6458,297.8
31.6042,-104.6042,286.6
31.6042,-104.5625,282.4
31.6042,-104.5208,276.0
31.6042,-104.4792,269.3
31.6042,-104.4375,264.3
31.6042,-104.3958,262.2
31.6042,-104.3542,262.8
31.6042,-104.3125,265.5
31.6042,-104.2708,259.7
31.6042,-104.2292,258.9
31.6042,-104.1875,255.9
31.6042,-104.1458,252.8
31.6042,-104.1042,251.9
31.6042,-104.0625,250.8
31.6042,-104.0208,250.2
31.6042,-103.9792,249.1
31.6042,-103.9375,246.7
31.6042,-103.8958,246.5
31.6042,-103.8542,244.1
31.6042,-103.8125,241.5
31.6042,-103.7708,239.5
31.6042,-103.7292,235.7
31.6042,-103.6875,233.5
31.6042,-103.6458,231.9
31.6042,-103.6042,230.9
31.6042,-103.5625,232.1
31.6042,-103.5208,231.7
31.6042,-103.4792,231.5
31.6042,-103.4375,229.3
31.6042,-103.3958,229.8
31.6042,-103.3542,231.7
31.6042,-103.3125,233.2
31.6042,-103.2708,234.3
31.6042,-103.2292,233.4
31.6042,-103.1875,234.0
31.6042,-103.1458,235.2
31.6042,-103.1042,237.1
31.6042,-103.0625,240.1
31.6042,-103.0208,244.0
31.6042,-102.9792,248.2
31.6042,-102.9375,255.2
31.6042,-102.8958,262.0
31.6042,-102.8542,264.9
31.6042,-102.8125,266.8
31.6042,-102.7708,271.3
31.6042,-102.7292,272.9
31.6042,-102.6875,275.3
31.6042,-102.6458,277.6
31.6042,-102.6042,280.1
31.6042,-102.5625,283.8
31.6042,-102.5208,284.4
31.6042,-102.4792,285.9
31.6042,-102.4375,291.5
31.6042,-102.3958,292.8
31.6042,-102.3542,297.8
31.6042,-102.3125,305.2
31.6042,-102.2708,308.2
31.6042,-102.2292,311.2
31.5625,-104.6458,297.6
31.5625,-104.6042,288.3
31.5625,-104.5625,280.9
31.5625,-104.5208,275.0
31.5625,-104.4792,269.3
31.5625,-104.4375,266.9
31.5625,-104.3958,265.4
31.5625,-104.3542,267.2
31.5625,-104.3125,265.0
31.5625,-104.2708,262.4
31.5625,-104.2292,260.4
31.5625,-104.1875,256.9
31.5625,-104.1458,253.8
31.5625,-104.1042,252.8
31.5625,-104.0625,251.1
31.5625,-104.0208,249.2
31.5625,-103.9792,247.5
31.5625,-103.9375,248.2
31.5625,-103.8958,249.1
31.5625,-103.8542,246.2
31.5625,-103.8125,242.8
31.5625,-103.7708,239.3
31.5625,-103.7292,236.0
31.5625,-103.6875,234.5
31.5625,-103.6458,232.2
31.5625,-103.6042,229.9
31.5625,-103.5625,230.4
31.5625,-103.5208,233.5
31.5625,-103.4792,231.8
31.5625,-103.4375,229.8
31.5625,-103.3958,229.4
31.5625,-103.3542,231.7
31.5625,-103.3125,234.2
31.5625,-103.2708,235.6
31.5625,-103.2292,234.7
31.5625,-103.1875,235.9
31.5625,-103.1458,239.0
31.5625,-103.1042,240.4
31.5625,-103.0625,243.3
31.5625,-103.0208,246.5
31.5625,-102.9792,250.3
31.5625,-102.9375,253.5
31.5625,-102.8958,259.7
31.5625,-102.8542,263.8
31.5625,-102.8125,267.9
31.5625,-102.7708,270.6
31.5625,-102.7292,271.0
31.5625,-102.6875,273.4
31.5625,-102.6458,276.2
31.5625,-102.6042,279.4
31.5625,-102.5625,281.3
31.5625,-102.5208,280.1
31.5625,-102.4792,278.8
31.5625,-102.4375,282.6
31.5625,-102.3958,291.5
31.5625,-102.3542,296.3
31.5625,-102.3125,303.3
31.5625,-102.2708,308.5
31.5625,-102.2292,310.4
31.5625,-102.1875,313.3
31.5208,-104.6042,291.4
31.5208,-104.5625,283.4
31.5208,-104.5208,275.7
31.5208,-104.4792,270.5
31.5208,-104.4375,265.1
31.5208,-104.3958,261.9
31.5208,-104.3542,261.3
31.5208,-104.3125,262.4
31.5208,-104.2708,259.6
31.5208,-104.2292,255.9
31.5208,-104.1875,253.6
31.5208,-104.1458,254.2
31.5208,-104.1042,250.6
31.5208,-104.0625,249.6
31.5208,-104.0208,248.9
31.5208,-103.9792,247.1
31.5208,-103.9375,246.4
31.5208,-103.8958,247.5
31.5208,-103.8542,246.2
31.5208,-103.8125,243.0
31.5208,-103.7708,239.0
31.5208,-103.7292,237.3
31.5208,-103.6875,236.1
31.5208,-103.6458,233.2
31.5208,-103.6042,231.3
31.5208,-103.5625,231.5
31.5208,-103.5208,230.4
31.5208,-103.4792,232.6
31.5208,-103.4375,231.4
31.5208,-103.3958,231.6
31.5208,-103.3542,233.9
31.5208,-103.3125,235.7
31.5208,-103.2708,235.5
31.5208,-103.2292,235.8
31.5208,-103.1875,236.9
31.5208,-103.1458,240.0
31.5208,-103.1042,242.1
31.5208,-103.0625,244.0
31.5208,-103.0208,245.8
31.5208,-102.9792,250.7
31.5208,-102.9375,253.1
31.5208,-102.8958,257.0
31.5208,-102.8542,262.2
31.5208,-102.8125,264.8
31.5208,-102.7708,268.3
31.5208,-102.7292,268.5
31.5208,-102.6875,270.4
31.5208,-102.6458,272.8
31.5208,-102.6042,274.3
31.5208,-102.5625,279.6
31.5208,-102.5208,281.1
31.5208,-102.4792,283.0
31.5208,-102.4375,284.4
31.5208,-102.3958,292.9
31.5208,-102.3542,296.4
31.5208,-102.3125,300.4
31.5208,-102.2708,306.5
31.5208,-102.2292,310.5
31.5208,-102.1875,314.6
31.4792,-104.6042,304.0
31.4792,-104.5625,291.3
31.4792,-104.5208,281.0
31.4792,-104.4792,272.4
31.4792,-104.4375,265.4
31.4792,-104.3958,262.2
31.4792,-104.3542,261.7
31.4792,-104.3125,259.8
31.4792,-104.2708,257.5
31.4792,-104.2292,255.3
31.4792,-104.1875,254.2
31.4792,-104.1458,254.9
31.4792,-104.1042,252.8
31.4792,-104.0625,250.2
31.4792,-104.0208,248.5
31.4792,-103.9792,246.5
31.4792,-103.9375,244.8
31.4792,-103.8958,246.6
31.4792,-103.8542,246.3
31.4792,-103.8125,243.4
31.4792,-103.7708,241.2
31.4792,-103.7292,238.2
31.4792,-103.6875,237.5
31.4792,-103.6458,235.1
31.4792,-103.6042,236.2
31.4792,-103.5625,234.2
31.4792,-103.5208,235.1
31.4792,-103.4792,237.5
31.4792,-103.4375,234.9
31.4792,-103.3958,235.6
31.4792,-103.3542,236.5
31.4792,-103.3125,237.8
31.4792,-103.2708,238.8
31.4792,-103.2292,239.0
31.4792,-103.1875,240.0
31.4792,-103.1458,240.2
31.4792,-103.1042,241.4
31.4792,-103.0625,245.7
31.4792,-103.0208,246.9
31.4792,-102.9792,250.4
31.4792,-102.9375,256.1
31.4792,-102.8958,258.4
31.4792,-102.8542,260.0
31.4792,-102.8125,262.1
31.4792,-102.7708,265.7
31.4792,-102.7292,266.9
31.4792,-102.6875,267.5
31.4792,-102.6458,266.3
31.4792,-102.6042,268.2
31.4792,-102.5625,277.0
31.4792,-102.5208,278.6
31.4792,-102.4792,283.6
31.4792,-102.4375,287.2
31.4792,-102.3958,291.8
31.4792,-102.3542,295.4
31.4792,-102.3125,298.6
31.4792,-102.2708,302.7
31.4792,-102.2292,308.4
31.4792,-102.1875,315.0
31.4375,-104.5208,284.3
31.4375,-104.4792,274.3
31.4375,-104.4375,268.8
31.4375,-104.3958,266.8
31.4375,-104.3542,267.9
31.4375,-104.3125,267.2
31.4375,-104.2708,263.3
31.4375,-104.2292,259.4
31.4375,-104.1875,256.7
31.4375,-104.1458,253.2
31.4375,-104.1042,251.5
31.4375,-104.0625,250.4
31.4375,-104.0208,248.1
31.4375,-103.9792,246.9
31.4375,-103.9375,245.1
31.4375,-103.8958,245.4
31.4375,-103.8542,244.9
31.4375,-103.8125,243.0
31.4375,-103.7708,241.4
31.4375,-103.7292,240.3
31.4375,-103.6875,242.3
31.4375,-103.6458,238.7
31.4375,-103.6042,242.7
31.4375,-103.5625,239.9
31.4375,-103.5208,234.8
31.4375,-103.4792,238.8
31.4375,-103.4375,238.1
31.4375,-103.3958,236.0
31.4375,-103.3542,235.9
31.4375,-103.3125,237.4
31.4375,-103.2708,237.2
31.4375,-103.2292,239.9
31.4375,-103.1875,243.7
31.4375,-103.1458,243.3
31.4375,-103.1042,243.2
31.4375,-103.0625,246.6
31.4375,-103.0208,248.7
31.4375,-102.9792,251.1
31.4375,-102.9375,255.6
31.4375,-102.8958,255.0
31.4375,-102.8542,254.2
31.4375,-102.8125,257.8
31.4375,-102.7708,264.5
31.4375,-102.7292,264.1
31.4375,-102.6875,266.0
31.4375,-102.6458,267.7
31.4375,-102.6042,269.3
31.4375,-102.5625,275.5
31.4375,-102.5208,278.6
31.4375,-102.4792,281.5
31.4375,-102.4375,286.3
31.4375,-102.3958,290.9
31.4375,-102.3542,295.9
31.4375,-102.3125,299.4
31.4375,-102.2708,303.8
31.4375,-102.2292,308.9
31.4375,-102.1875,317.0
31.3958,-104.5208,279.9
31.3958,-104.4792,274.2
31.3958,-104.4375,273.1
31.3958,-104.3958,271.9
31.3958,-104.3542,275.8
31.3958,-104.3125,271.1
31.3958,-104.2708,266.5
31.3958,-104.2292,261.8
31.3958,-104.1875,255.8
31.3958,-104.1458,253.8
31.3958,-104.1042,252.6
31.3958,-104.0625,252.5
31.3958,-104.0208,251.7
31.3958,-103.9792,248.2
31.3958,-103.9375,246.5
31.3958,-103.8958,246.3
31.3958,-103.8542,244.5
31.3958,-103.8125,243.0
31.3958,-103.7708,240.7
31.3958,-103.7292,241.0
31.3958,-103.6875,242.4
31.3958,-103.6458,239.8
31.3958,-103.6042,241.8
31.3958,-103.5625,244.2
31.3958,-103.5208,242.2
31.3958,-103.4792,237.0
31.3958,-103.4375,237.4
31.3958,-103.3958,239.0
31.3958,-103.3542,237.9
31.3958,-103.3125,238.5
31.3958,-103.2708,239.2
31.3958,-103.2292,242.0
31.3958,-103.1875,245.4
31.3958,-103.1458,245.2
31.3958,-103.1042,245.7
31.3958,-103.0625,249.8
31.3958,-103.0208,251.8
31.3958,-102.9792,252.9
31.3958,-102.9375,253.7
31.3958,-102.8958,256.0
31.3958,-102.8542,258.1
31.3958,-102.8125,260.1
31.3958,-102.7708,261.3
31.3958,-102.7292,262.1
31.3958,-102.6875,262.5
31.3958,-102.6458,265.4
31.3958,-102.6042,269.5
31.3958,-102.5625,273.7
31.3958,-102.5208,276.2
31.3958,-102.4792,281.6
31.3958,-102.4375,285.9
31.3958,-102.3958,290.3
31.3958,-102.3542,296.8
31.3958,-102.3125,302.5
31.3958,-102.2708,305.3
31.3958,-102.2292,310.9
31.3958,-102.1875,317.3
31.3958,-102.1458,323.7
31.3958,-102.1042,327.2
31.3958,-102.0625,330.4
31.3958,-102.0208,334.7
31.3958,-101.9375,344.0
31.3542,-104.5208,278.4
31.3542,-104.4792,276.8
31.3542,-104.4375,276.5
31.3542,-104.3958,279.4
31.3542,-104.3542,276.4
31.3542,-104.3125,269.3
31.3542,-104.2708,262.9
31.3542,-104.2292,258.5
31.3542,-104.1875,255.2
31.3542,-104.1458,252.8
31.3542,-104.1042,250.6
31.3542,-104.0625,250.8
31.3542,-104.0208,249.8
31.3542,-103.9792,248.5
31.3542,-103.9375,248.1
31.3542,-103.8958,246.6
31.3542,-103.8542,245.6
31.3542,-103.8125,244.3
31.3542,-103.7708,243.0
31.3542,-103.7292,242.9
31.3542,-103.6875,244.1
31.3542,-103.6458,246.0
31.3542,-103.6042,247.7
31.3542,-103.5625,247.7
31.3542,-103.5208,245.0
31.3542,-103.4792,241.2
31.3542,-103.4375,241.1
31.3542,-103.3958,242.0
31.3542,-103.3542,242.7
31.3542,-103.3125,244.7
31.3542,-103.2708,244.2
31.3542,-103.2292,243.3
31.3542,-103.1875,243.8
31.3542,-103.1458,248.5
31.3542,-103.1042,251.0
31.3542,-103.0625,251.5
31.3542,-103.0208,252.1
31.3542,-102.9792,252.7
31.3542,-102.9375,254.1
31.3542,-102.8958,256.6
31.3542,-102.8542,258.1
31.3542,-102.8125,258.9
31.3542,-102.7708,259.0
31.3542,-102.7292,261.0
31.3542,-102.6875,261.4
31.3542,-102.6458,265.4
31.3542,-102.6042,269.5
31.3542,-102.5625,271.5
31.3542,-102.5208,276.5
31.3542,-102.4792,281.5
31.3542,-102.4375,286.2
31.3542,-102.3958,291.8
31.3542,-102.3542,298.9
31.3542,-102.3125,307.0
31.3542,-102.2708,311.6
31.3542,-102.2292,314.9
31.3542,-102.1875,319.7
31.3542,-102.1458,323.9
31.3542,-102.1042,328.4
31.3542,-102.0625,330.9
31.3542,-102.0208,334.0
31.3542,-101.9792,340.0
31.3542,-101.9375,345.3
31.3125,-104.5208,274.1
31.3125,-104.4792,271.1
31.3125,-104.4375,272.0
31.3125,-104.3958,273.1
31.3125,-104.3542,272.8
31.3125,-104.3125,266.7
31.3125,-104.2708,262.1
31.3125,-104.2292,257.6
31.3125,-104.1875,254.9
31.3125,-104.1458,253.6
31.3125,-104.1042,252.5
31.3125,-104.0625,252.6
31.3125,-104.0208,252.8
31.3125,-103.9792,251.5
31.3125,-103.9375,250.6
31.3125,-103.8958,250.0
31.3125,-103.8542,248.0
31.3125,-103.8125,246.9
31.3125,-103.7708,246.3
31.3125,-103.7292,244.4
31.3125,-103.6875,247.5
31.3125,-103.6458,250.2
31.3125,-103.6042,249.1
31.3125,-103.5625,247.4
31.3125,-103.5208,245.6
31.3125,-103.4792,243.6
31.3125,-103.4375,243.3
31.3125,-103.3958,244.4
31.3125,-103.3542,245.8
31.3125,-103.3125,248.6
31.3125,-103.2708,250.2
31.3125,-103.2292,248.8
31.3125,-103.1875,248.6
31.3125,-103.1458,250.4
31.3125,-103.1042,252.9
31.3125,-103.0625,254.9
31.3125,-103.0208,255.8
31.3125,-102.9792,257.2
31.3125,-102.9375,256.4
31.3125,-102.8958,253.4
31.3125,-102.8542,257.6
31.3125,-102.8125,260.7
31.3125,-102.7708,260.1
31.3125,-102.7292,258.8
31.3125,-102.6875,259.7
31.3125,-102.6458,264.3
31.3125,-102.6042,268.9
31.3125,-102.5625,270.1
31.3125,-102.5208,276.0
31.3125,-102.4792,281.6
31.3125,-102.4375,285.8
31.3125,-102.3958,292.8
31.3125,-102.3542,301.2
31.3125,-102.3125,310.7
31.3125,-102.2708,317.9
31.3125,-102.2292,319.0
31.3125,-102.1875,324.8
31.3125,-102.1458,326.8
31.3125,-102.1042,329.0
31.3125,-102.0625,330.8
31.3125,-102.0208,332.1
31.3125,-101.9792,339.9
31.3125,-101.9375,347.9
31.2708,-104.4792,273.1
31.2708,-104.4375,267.4
31.2708,-104.3958,268.2
31.2708,-104.3542,270.8
31.2708,-104.3125,266.1
31.2708,-104.2708,267.2
31.2708,-104.2292,263.4
31.2708,-104.1875,257.0
31.2708,-104.1458,255.6
31.2708,-104.1042,257.6
31.2708,-104.0625,257.7
31.2708,-104.0208,255.6
31.2708,-103.9792,254.1
31.2708,-103.9375,253.5
31.2708,-103.8958,251.8
31.2708,-103.8542,249.6
31.2708,-103.8125,248.8
31.2708,-103.7708,248.0
31.2708,-103.7292,247.1
31.2708,-103.6875,248.5
31.2708,-103.6458,249.9
31.2708,-103.6042,248.9
31.2708,-103.5625,249.8
31.2708,-103.5208,247.7
31.2708,-103.4792,245.4
31.2708,-103.4375,245.2
31.2708,-103.3958,245.7
31.2708,-103.3542,249.0
31.2708,-103.3125,253.0
31.2708,-103.2708,252.8
31.2708,-103.2292,251.5
31.2708,-103.1875,251.3
31.2708,-103.1458,251.2
31.2708,-103.1042,257.2
31.2708,-103.0625,257.6
31.2708,-103.0208,256.4
31.2708,-102.9792,257.5
31.2708,-102.9375,261.0
31.2708,-102.8958,256.6
31.2708,-102.8542,254.9
31.2708,-102.8125,257.3
31.2708,-102.7708,258.3
31.2708,-102.7292,256.4
31.2708,-102.6875,260.8
31.2708,-102.6458,264.5
31.2708,-102.6042,267.6
31.2708,-102.5625,273.7
31.2708,-102.5208,277.9
31.2708,-102.4792,282.3
31.2708,-102.4375,286.9
31.2708,-102.3958,292.4
31.2708,-102.3542,300.0
31.2708,-102.3125,306.3
31.2708,-102.2708,316.7
31.2708,-102.2292,326.4
31.2708,-102.1875,329.6
31.2708,-102.1458,328.0
31.2708,-102.1042,329.3
31.2708,-102.0625,331.2
31.2708,-102.0208,334.1
31.2708,-101.9792,342.4
31.2708,-101.9375,349.4
31.2708,-101.8958,354.7
31.2708,-101.8542,359.9
31.2292,-104.4792,289.0
31.2292,-104.4375,277.9
31.2292,-104.3958,267.4
31.2292,-104.3542,263.6
31.2292,-104.3125,261.7
31.2292,-104.2708,260.9
31.2292,-104.2292,258.8
31.2292,-104.1875,257.9
31.2292,-104.1458,261.1
31.2292,-104.1042,260.2
31.2292,-104.0625,260.5
31.2292,-104.0208,258.7
31.2292,-103.9792,258.4
31.2292,-103.9375,257.2
31.2292,-103.8958,255.2
31.2292,-103.8542,252.5
31.2292,-103.8125,252.0
31.2292,-103.7708,251.2
31.2292,-103.7292,249.4
31.2292,-103.6875,252.3
31.2292,-103.6458,252.6
31.2292,-103.6042,251.5
31.2292,-103.5625,251.3
31.2292,-103.5208,252.2
31.2292,-103.4792,247.9
31.2292,-103.4375,248.3
31.2292,-103.3958,248.3
31.2292,-103.3542,251.3
31.2292,-103.3125,255.7
31.2292,-103.2708,254.6
31.2292,-103.2292,254.0
31.2292,-103.1875,253.8
31.2292,-103.1458,254.4
31.2292,-103.1042,258.1
31.2292,-103.0625,259.0
31.2292,-103.0208,260.0
31.2292,-102.9792,262.6
31.2292,-102.9375,262.2
31.2292,-102.8958,258.7
31.2292,-102.8542,257.6
31.2292,-102.8125,259.4
31.2292,-102.7708,261.7
31.2292,-102.7292,259.9
31.2292,-102.6875,262.9
31.2292,-102.6458,266.4
31.2292,-102.6042,268.3
31.2292,-102.5625,273.7
31.2292,-102.5208,273.6
31.2292,-102.4792,276.9
31.2292,-102.4375,284.4
31.2292,-102.3958,292.5
31.2292,-102.3542,299.6
31.2292,-102.3125,306.2
31.2292,-102.2708,318.2
31.2292,-102.2292,333.0
31.2292,-102.1875,335.4
31.2292,-102.1458,332.8
31.2292,-102.1042,330.6
31.2292,-102.0625,333.9
31.2292,-102.0208,335.6
31.2292,-101.9792,340.7
31.2292,-101.9375,345.7
31.2292,-101.8958,353.1
31.2292,-101.8542,359.5
31.2292,-101.8125,366.6
31.1875,-104.3958,298.1
31.1875,-104.3542,290.1
31.1875,-104.3125,277.1
31.1875,-104.2708,267.3
31.1875,-104.2292,262.9
31.1875,-104.1875,264.9
31.1875,-104.1458,268.1
31.1875,-104.1042,269.0
31.1875,-104.0625,268.3
31.1875,-104.0208,266.1
31.1875,-103.9792,263.3
31.1875,-103.9375,260.4
31.1875,-103.8958,258.9
31.1875,-103.8542,257.2
31.1875,-103.8125,254.8
31.1875,-103.7708,253.3
31.1875,-103.7292,252.3
31.1875,-103.6875,252.3
31.1875,-103.6458,254.6
31.1875,-103.6042,253.3
31.1875,-103.5625,252.7
31.1875,-103.5208,254.1
31.1875,-103.4792,251.0
31.1875,-103.4375,252.0
31.1875,-103.3958,253.4
31.1875,-103.3542,254.3
31.1875,-103.3125,255.6
31.1875,-103.2708,255.4
31.1875,-103.2292,256.5
31.1875,-103.1875,256.2
31.1875,-103.1458,260.0
31.1875,-103.1042,262.6
31.1875,-103.0625,262.5
31.1875,-103.0208,264.9
31.1875,-102.9792,264.0
31.1875,-102.9375,260.0
31.1875,-102.8958,259.6
31.1875,-102.8542,261.3
31.1875,-102.8125,263.6
31.1875,-102.7708,263.8
31.1875,-102.7292,263.4
31.1875,-102.6875,263.3
31.1875,-102.6458,267.0
31.1875,-102.6042,268.1
31.1875,-102.5625,271.7
31.1875,-102.5208,277.1
31.1875,-102.4792,284.1
31.1875,-102.4375,288.7
31.1875,-102.3958,294.2
31.1875,-102.3542,299.2
31.1875,-102.3125,307.4
31.1875,-102.2708,317.1
31.1875,-102.2292,321.9
31.1875,-102.1875,329.2
31.1875,-102.1458,332.1
31.1875,-102.1042,332.4
31.1875,-102.0625,332.6
31.1875,-102.0208,336.7
31.1875,-101.9792,341.4
31.1875,-101.9375,345.8
31.1875,-101.8958,354.0
31.1875,-101.8542,362.0
31.1875,-101.8125,368.0
31.1875,-101.7708,376.3
31.1458,-104.3958,291.0
31.1458,-104.3542,289.6
31.1458,-104.3125,290.1
31.1458,-104.2708,281.8
31.1458,-104.2292,272.1
31.1458,-104.1875,269.9
31.1458,-104.1458,277.4
31.1458,-104.1042,277.8
31.1458,-104.0625,278.2
31.1458,-104.0208,274.4
31.1458,-103.9792,268.4
31.1458,-103.9375,264.7
31.1458,-103.8958,262.2
31.1458,-103.8542,260.1
31.1458,-103.8125,257.7
31.1458,-103.7708,256.4
31.1458,-103.7292,253.3
31.1458,-103.6875,256.3
31.1458,-103.6458,257.9
31.1458,-103.6042,257.3
31.1458,-103.5625,257.4
31.1458,-103.5208,257.9
31.1458,-103.4792,254.1
31.1458,-103.4375,256.2
31.1458,-103.3958,260.2
31.1458,-103.3542,259.3
31.1458,-103.3125,258.5
31.1458,-103.2708,257.7
31.1458,-103.2292,257.4
31.1458,-103.1875,257.6
31.1458,-103.1458,261.6
31.1458,-103.1042,265.5
31.1458,-103.0625,265.3
31.1458,-103.0208,266.1
31.1458,-102.9792,263.4
31.1458,-102.9375,261.2
31.1458,-102.8958,262.1
31.1458,-102.8542,266.6
31.1458,-102.8125,266.3
31.1458,-102.7708,262.4
31.1458,-102.7292,261.5
31.1458,-102.6875,265.5
31.1458,-102.6458,270.5
31.1458,-102.6042,273.9
31.1458,-102.5625,276.0
31.1458,-102.5208,279.3
31.1458,-102.4792,281.9
31.1458,-102.4375,287.1
31.1458,-102.3958,295.3
31.1458,-102.3542,301.4
31.1458,-102.3125,308.6
31.1458,-102.2708,313.1
31.1458,-102.2292,316.9
31.1458,-102.1875,322.1
31.1458,-102.1458,327.8
31.1458,-102.1042,330.7
31.1458,-102.0625,333.9
31.1458,-102.0208,335.6
31.1458,-101.9792,343.0
31.1458,-101.9375,351.4
31.1458,-101.8958,360.5
31.1458,-101.8542,366.1
31.1458,-101.8125,372.7
31.1458,-101.7708,373.8
31.1458,-101.7292,380.0
31.1458,-101.6875,389.4
31.1458,-101.6458,393.0
31.1042,-104.3958,278.5
31.1042,-104.3542,278.7
31.1042,-104.3125,276.4
31.1042,-104.2708,276.3
31.1042,-104.2292,276.5
31.1042,-104.1875,279.7
31.1042,-104.1458,282.0
31.1042,-104.1042,284.0
31.1042,-104.0625,285.3
31.1042,-104.0208,284.4
31.1042,-103.9792,277.7
31.1042,-103.9375,270.5
31.1042,-103.8958,267.3
31.1042,-103.8542,266.6
31.1042,-103.8125,266.9
31.1042,-103.7708,262.9
31.1042,-103.7292,259.0
31.1042,-103.6875,258.9
31.1042,-103.6458,259.8
31.1042,-103.6042,259.9
31.1042,-103.5625,260.9
31.1042,-103.5208,261.3
31.1042,-103.4792,259.6
31.1042,-103.4375,260.7
31.1042,-103.3958,260.4
31.1042,-103.3542,259.1
31.1042,-103.3125,258.7
31.1042,-103.2708,259.1
31.1042,-103.2292,258.4
31.1042,-103.1875,259.9
31.1042,-103.1458,262.0
31.1042,-103.1042,264.5
31.1042,-103.0625,266.5
31.1042,-103.0208,267.9
31.1042,-102.9792,264.6
31.1042,-102.9375,264.9
31.1042,-102.8958,268.3
31.1042,-102.8542,269.3
31.1042,-102.8125,268.7
31.1042,-102.7708,264.8
31.1042,-102.7292,267.5
31.1042,-102.6875,270.5
31.1042,-102.6458,273.0
31.1042,-102.6042,280.0
31.1042,-102.5625,282.0
31.1042,-102.5208,286.0
31.1042,-102.4792,286.6
31.1042,-102.4375,289.2
31.1042,-102.3958,296.9
31.1042,-102.3542,302.5
31.1042,-102.3125,308.1
31.1042,-102.2708,315.5
31.1042,-102.2292,316.7
31.1042,-102.1875,319.1
31.1042,-102.1458,331.7
31.1042,-102.1042,335.9
31.1042,-102.0625,333.5
31.1042,-102.0208,333.9
31.1042,-101.9792,345.1
31.1042,-101.9375,356.5
31.1042,-101.8958,360.9
31.1042,-101.8542,365.1
31.1042,-101.8125,371.6
31.1042,-101.7708,373.2
31.1042,-101.7292,379.3
31.1042,-101.6875,384.9
31.1042,-101.6458,392.6
31.1042,-101.6042,397.0
31.1042,-101.5208,402.5
31.1042,-101.4792,406.3
31.0625,-104.3542,281.2
31.0625,-104.3125,282.6
31.0625,-104.2708,282.2
31.0625,-104.2292,282.7
31.0625,-104.1875,283.4
31.0625,-104.1458,287.1
31.0625,-104.1042,294.0
31.0625,-104.0625,298.2
31.0625,-104.0208,289.3
31.0625,-103.9792,283.1
31.0625,-103.9375,275.1
31.0625,-103.8958,274.4
31.0625,-103.8542,272.4
31.0625,-103.8125,271.6
31.0625,-103.7708,267.7
31.0625,-103.7292,264.3
31.0625,-103.6875,263.0
31.0625,-103.6458,264.1
31.0625,-103.6042,264.1
31.0625,-103.5625,262.6
31.0625,-103.5208,261.9
31.0625,-103.4792,263.1
31.0625,-103.4375,264.7
31.0625,-103.3958,261.5
31.0625,-103.3542,261.4
31.0625,-103.3125,261.1
31.0625,-103.2708,262.8
31.0625,-103.2292,263.7
31.0625,-103.1875,264.2
31.0625,-103.1458,264.4
31.0625,-103.1042,265.9
31.0625,-103.0625,270.6
31.0625,-103.0208,271.4
31.0625,-102.9792,268.8
31.0625,-102.9375,270.6
31.0625,-102.8958,272.4
31.0625,-102.8542,273.2
31.0625,-102.8125,273.7
31.0625,-102.7708,269.5
31.0625,-102.7292,270.3
31.0625,-102.6875,275.8
31.0625,-102.6458,279.6
31.0625,-102.6042,283.9
31.0625,-102.5625,286.1
31.0625,-102.5208,288.5
31.0625,-102.4792,291.2
31.0625,-102.4375,294.9
31.0625,-102.3958,301.5
31.0625,-102.3542,304.8
31.0625,-102.3125,308.4
31.0625,-102.2708,315.2
31.0625,-102.2292,318.2
31.0625,-102.1875,320.4
31.0625,-102.1458,331.1
31.0625,-102.1042,338.5
31.0625,-102.0625,338.1
31.0625,-102.0208,333.8
31.0625,-101.9792,342.6
31.0625,-101.9375,355.4
31.0625,-101.8958,362.6
31.0625,-101.8542,364.9
31.0625,-101.8125,368.1
31.0625,-101.7708,372.2
31.0625,-101.7292,376.7
31.0625,-101.6875,382.7
31.0625,-101.6458,391.7
31.0625,-101.6042,394.2
31.0625,-101.5625,397.6
31.0625,-101.5208,401.0
31.0625,-101.4792,403.2
31.0625,-101.4375,406.1
31.0625,-101.3958,412.5
31.0625,-101.3542,416.2
31.0208,-104.3542,284.5
31.0208,-104.3125,285.8
31.0208,-104.2708,286.8
31.0208,-104.2292,285.5
31.0208,-104.1875,287.4
31.0208,-104.1458,293.5
31.0208,-104.1042,312.3
31.0208,-104.0625,330.7
31.0208,-104.0208,299.3
31.0208,-103.9792,289.1
31.0208,-103.9375,282.6
31.0208,-103.8958,278.8
31.0208,-103.8542,277.2
31.0208,-103.8125,275.6
31.0208,-103.7708,272.0
31.0208,-103.7292,270.5
31.0208,-103.6875,270.1
31.0208,-103.6458,267.6
31.0208,-103.6042,265.9
31.0208,-103.5625,264.7
31.0208,-103.5208,264.9
31.0208,-103.4792,267.7
31.0208,-103.4375,268.0
31.0208,-103.3958,263.9
31.0208,-103.3542,265.1
31.0208,-103.3125,266.6
31.0208,-103.2708,266.7
31.0208,-103.2292,267.0
31.0208,-103.1875,267.9
31.0208,-103.1458,270.0
31.0208,-103.1042,272.7
31.0208,-103.0625,273.2
31.0208,-103.0208,273.9
31.0208,-102.9792,272.7
31.0208,-102.9375,275.6
31.0208,-102.8958,276.0
31.0208,-102.8542,278.8
31.0208,-102.8125,278.3
31.0208,-102.7708,276.0
31.0208,-102.7292,277.4
31.0208,-102.6875,280.5
31.0208,-102.6458,283.0
31.0208,-102.6042,286.2
31.0208,-102.5625,290.1
31.0208,-102.5208,293.5
31.0208,-102.4792,298.0
31.0208,-102.4375,303.5
31.0208,-102.3958,307.5
31.0208,-102.3542,311.3
31.0208,-102.3125,313.4
31.0208,-102.2708,315.6
31.0208,-102.2292,318.3
31.0208,-102.1875,321.7
31.0208,-102.1458,326.9
31.0208,-102.1042,331.7
31.0208,-102.0625,334.0
31.0208,-102.0208,334.8
31.0208,-101.9792,344.2
31.0208,-101.9375,354.0
31.0208,-101.8958,363.6
31.0208,-101.8542,365.4
31.0208,-101.8125,368.6
31.0208,-101.7708,373.4
31.0208,-101.7292,374.8
31.0208,-101.6875,378.5
31.0208,-101.6458,387.5
31.0208,-101.6042,393.1
31.0208,-101.5625,395.4
31.0208,-101.5208,399.0
31.0208,-101.4792,401.5
31.0208,-101.4375,406.1
31.0208,-101.3958,411.8
31.0208,-101.3542,414.3
31.0208,-101.3125,418.0
31.0208,-101.2708,422.2
30.9792,-104.2708,303.6
30.9792,-104.2292,305.3
30.9792,-104.1875,296.9
30.9792,-104.1458,306.7
30.9792,-104.1042,332.9
30.9792,-104.0625,346.6
30.9792,-104.0208,303.8
30.9792,-103.9792,292.1
30.9792,-103.9375,287.2
30.9792,-103.8958,284.2
30.9792,-103.8542,281.2
30.9792,-103.8125,279.0
30.9792,-103.7708,276.1
30.9792,-103.7292,273.3
30.9792,-103.6875,271.8
30.9792,-103.6458,268.8
30.9792,-103.6042,266.3
30.9792,-103.5625,266.0
30.9792,-103.5208,270.0
30.9792,-103.4792,273.5
30.9792,-103.4375,273.8
30.9792,-103.3958,269.3
30.9792,-103.3542,270.3
30.9792,-103.3125,270.2
30.9792,-103.2708,270.8
30.9792,-103.2292,272.5
30.9792,-103.1875,274.4
30.9792,-103.1458,277.2
30.9792,-103.1042,278.7
30.9792,-103.0625,277.0
30.9792,-103.0208,276.6
30.9792,-102.9792,278.2
30.9792,-102.9375,280.0
30.9792,-102.8958,281.4
30.9792,-102.8542,281.3
30.9792,-102.8125,280.4
30.9792,-102.7708,281.6
30.9792,-102.7292,283.1
30.9792,-102.6875,286.3
30.9792,-102.6458,289.1
30.9792,-102.6042,292.2
30.9792,-102.5625,296.6
30.9792,-102.5208,299.0
30.9792,-102.4792,304.2
30.9792,-102.4375,309.4
30.9792,-102.3958,314.4
30.9792,-102.3542,317.7
30.9792,-102.3125,317.0
30.9792,-102.2708,318.0
30.9792,-102.2292,321.9
30.9792,-102.1875,325.6
30.9792,-102.1458,324.6
30.9792,-102.1042,325.8
30.9792,-102.0625,331.1
30.9792,-102.0208,334.8
30.9792,-101.9792,339.2
30.9792,-101.9375,344.9
30.9792,-101.8958,354.4
30.9792,-101.8542,361.9
30.9792,-101.8125,366.9
30.9792,-101.7708,368.5
30.9792,-101.7292,372.5
30.9792,-101.6875,375.5
30.9792,-101.6458,384.7
30.9792,-101.6042,390.1
30.9792,-101.5625,391.3
30.9792,-101.5208,396.0
30.9792,-101.4792,398.3
30.9792,-101.4375,402.7
30.9792,-101.3958,408.3
30.9792,-101.3542,411.0
30.9792,-101.3125,413.6
30.9375,-104.3125,313.3
30.9375,-104.2708,315.6
30.9375,-104.2292,329.6
30.9375,-104.1875,313.7
30.9375,-104.1458,322.3
30.9375,-104.1042,355.9
30.9375,-104.0625,335.0
30.9375,-104.0208,309.3
30.9375,-103.9792,297.8
30.9375,-103.9375,291.7
30.9375,-103.8958,288.5
30.9375,-103.8542,283.5
30.9375,-103.8125,280.4
30.9375,-103.7708,279.9
30.9375,-103.7292,279.6
30.9375,-103.6875,277.3
30.9375,-103.6458,270.0
30.9375,-103.6042,267.4
30.9375,-103.5625,269.0
30.9375,-103.5208,273.2
30.9375,-103.4792,277.0
30.9375,-103.4375,278.7
30.9375,-103.3958,277.5
30.9375,-103.3542,274.5
30.9375,-103.3125,274.2
30.9375,-103.2708,277.0
30.9375,-103.2292,279.6
30.9375,-103.1875,279.9
30.9375,-103.1458,279.8
30.9375,-103.1042,281.1
30.9375,-103.0625,279.8
30.9375,-103.0208,282.0
30.9375,-102.9792,282.4
30.9375,-102.9375,284.3
30.9375,-102.8958,285.3
30.9375,-102.8542,283.4
30.9375,-102.8125,283.6
30.9375,-102.7708,288.9
30.9375,-102.7292,286.9
30.9375,-102.6875,292.0
30.9375,-102.6458,298.7
30.9375,-102.6042,298.8
30.9375,-102.5625,304.3
30.9375,-102.5208,307.8
30.9375,-102.4792,312.2
30.9375,-102.4375,314.3
30.9375,-102.3958,315.8
30.9375,-102.3542,317.9
30.9375,-102.3125,320.0
30.9375,-102.2708,322.8
30.9375,-102.2292,331.5
30.9375,-102.1875,339.5
30.9375,-102.1458,338.4
30.9375,-102.1042,335.9
30.9375,-102.0625,336.4
30.9375,-102.0208,337.5
30.9375,-101.9792,340.7
30.9375,-101.9375,340.9
30.9375,-101.8958,342.6
30.9375,-101.8542,352.1
30.9375,-101.8125,361.0
30.9375,-101.7708,365.9
30.9375,-101.7292,367.9
30.9375,-101.6875,369.7
30.9375,-101.6458,380.2
30.9375,-101.6042,384.7
30.9375,-101.5625,388.3
30.9375,-101.5208,389.9
30.9375,-101.4792,393.4
30.9375,-101.4375,398.5
30.9375,-101.3958,402.7
30.9375,-101.3542,406.6
30.9375,-101.3125,411.2
30.8958,-104.3125,318.4
30.8958,-104.2708,319.6
30.8958,-104.2292,328.4
30.8958,-104.1875,334.9
30.8958,-104.1458,328.6
30.8958,-104.1042,343.2
30.8958,-104.0625,351.7
30.8958,-104.0208,321.0
30.8958,-103.9792,317.9
30.8958,-103.9375,295.3
30.8958,-103.8958,289.4
30.8958,-103.8542,285.1
30.8958,-103.8125,285.4
30.8958,-103.7708,292.0
30.8958,-103.7292,291.6
30.8958,-103.6875,285.6
30.8958,-103.6458,281.0
30.8958,-103.6042,277.3
30.8958,-103.5625,276.8
30.8958,-103.5208,277.0
30.8958,-103.4792,279.5
30.8958,-103.4375,282.3
30.8958,-103.3958,283.5
30.8958,-103.3542,280.9
30.8958,-103.3125,279.9
30.8958,-103.2708,280.4
30.8958,-103.2292,280.2
30.8958,-103.1875,278.8
30.8958,-103.1458,281.1
30.8958,-103.1042,281.5
30.8958,-103.0625,284.0
30.8958,-103.0208,286.0
30.8958,-102.9792,285.5
30.8958,-102.9375,288.5
30.8958,-102.8958,289.1
30.8958,-102.8542,287.6
30.8958,-102.8125,287.4
30.8958,-102.7708,289.5
30.8958,-102.7292,289.5
30.8958,-102.6875,294.4
30.8958,-102.6458,298.7
30.8958,-102.6042,303.8
30.8958,-102.5625,307.9
30.8958,-102.5208,312.0
30.8958,-102.4792,314.1
30.8958,-102.4375,312.8
30.8958,-102.3958,314.9
30.8958,-102.3542,320.1
30.8958,-102.3125,324.5
30.8958,-102.2708,325.5
30.8958,-102.2292,330.9
30.8958,-102.1875,338.9
30.8958,-102.1458,340.1
30.8958,-102.1042,342.0
30.8958,-102.0625,340.4
30.8958,-102.0208,340.3
30.8958,-101.9792,344.6
30.8958,-101.9375,345.4
30.8958,-101.8958,340.8
30.8958,-101.8542,344.6
30.8958,-101.8125,359.6
30.8958,-101.7708,366.8
30.8958,-101.7292,367.4
30.8958,-101.6875,365.6
30.8958,-101.6458,375.6
30.8958,-101.6042,379.4
30.8958,-101.5625,382.8
30.8958,-101.5208,386.7
30.8958,-101.4792,389.4
30.8958,-101.4375,394.0
30.8958,-101.3958,398.7
30.8958,-101.3542,405.4
30.8542,-104.2292,326.8
30.8542,-104.1875,330.4
30.8542,-104.1458,334.9
30.8542,-104.1042,346.4
30.8542,-104.0625,334.4
30.8542,-104.0208,352.0
30.8542,-103.9792,337.7
30.8542,-103.9375,331.6
30.8542,-103.8958,301.6
30.8542,-103.8542,292.6
30.8542,-103.8125,294.1
30.8542,-103.7708,309.5
30.8542,-103.7292,325.4
30.8542,-103.6875,306.2
30.8542,-103.6458,296.6
30.8542,-103.6042,289.0
30.8542,-103.5625,291.6
30.8542,-103.5208,295.3
30.8542,-103.4792,290.1
30.8542,-103.4375,286.9
30.8542,-103.3958,286.8
30.8542,-103.3542,285.0
30.8542,-103.3125,285.0
30.8542,-103.2708,284.2
30.8542,-103.2292,283.4
30.8542,-103.1875,281.0
30.8542,-103.1458,282.1
30.8542,-103.1042,285.2
30.8542,-103.0625,288.3
30.8542,-103.0208,287.6
30.8542,-102.9792,288.5
30.8542,-102.9375,289.0
30.8542,-102.8958,289.6
30.8542,-102.8542,291.9
30.8542,-102.8125,295.8
30.8542,-102.7708,292.1
30.8542,-102.7292,293.3
30.8542,-102.6875,295.9
30.8542,-102.6458,298.8
30.8542,-102.6042,302.1
30.8542,-102.5625,304.2
30.8542,-102.5208,305.7
30.8542,-102.4792,308.4
30.8542,-102.4375,311.7
30.8542,-102.3958,317.2
30.8542,-102.3542,322.8
30.8542,-102.3125,326.3
30.8542,-102.2708,331.1
30.8542,-102.2292,334.0
30.8542,-102.1875,337.0
30.8542,-102.1458,338.9
30.8542,-102.1042,338.4
30.8542,-102.0625,340.0
30.8542,-102.0208,343.3
30.8542,-101.9792,347.1
30.8542,-101.9375,351.3
30.8542,-101.8958,344.4
30.8542,-101.8542,340.3
30.8542,-101.8125,352.6
30.8542,-101.7708,358.8
30.8542,-101.7292,361.7
30.8542,-101.6875,360.0
30.8542,-101.6458,370.7
30.8542,-101.6042,376.1
30.8542,-101.5625,377.9
30.8542,-101.5208,380.3
30.8542,-101.4792,385.7
30.8542,-101.4375,393.5
30.8542,-101.3958,398.0
30.8542,-101.3542,402.9
30.8125,-104.1875,331.5
30.8125,-104.1458,339.4
30.8125,-104.1042,351.1
30.8125,-104.0625,347.9
30.8125,-104.0208,354.6
30.8125,-103.9792,362.3
30.8125,-103.9375,342.4
30.8125,-103.8958,314.0
30.8125,-103.8542,306.3
30.8125,-103.8125,308.6
30.8125,-103.7708,314.1
30.8125,-103.7292,323.3
30.8125,-103.6875,327.1
30.8125,-103.6458,328.2
30.8125,-103.6042,311.4
30.8125,-103.5625,311.0
30.8125,-103.5208,315.4
30.8125,-103.4792,297.5
30.8125,-103.4375,291.2
30.8125,-103.3958,291.6
30.8125,-103.3542,290.6
30.8125,-103.3125,289.5
30.8125,-103.2708,284.7
30.8125,-103.2292,283.6
30.8125,-103.1875,284.3
30.8125,-103.1458,287.3
30.8125,-103.1042,292.2
30.8125,-103.0625,290.7
30.8125,-103.0208,289.5
30.8125,-102.9792,292.3
30.8125,-102.9375,292.8
30.8125,-102.8958,292.2
30.8125,-102.8542,292.7
30.8125,-102.8125,294.8
30.8125,-102.7708,292.5
30.8125,-102.7292,292.1
30.8125,-102.6875,296.4
30.8125,-102.6458,301.1
30.8125,-102.6042,302.9
30.8125,-102.5625,307.2
30.8125,-102.5208,312.8
30.8125,-102.4792,313.2
30.8125,-102.4375,316.2
30.8125,-102.3958,325.3
30.8125,-102.3542,328.3
30.8125,-102.3125,331.9
30.8125,-102.2708,336.4
30.8125,-102.2292,334.0
30.8125,-102.1875,334.9
30.8125,-102.1458,339.1
30.8125,-102.1042,342.9
30.8125,-102.0625,341.3
30.8125,-102.0208,336.9
30.8125,-101.9792,339.8
30.8125,-101.9375,348.5
30.8125,-101.8958,344.6
30.8125,-101.8542,338.5
30.8125,-101.8125,344.3
30.8125,-101.7708,351.2
30.8125,-101.7292,355.9
30.8125,-101.6875,356.5
30.8125,-101.6458,364.4
30.8125,-101.6042,368.6
30.8125,-101.5625,376.3
30.8125,-101.5208,378.2
30.8125,-101.4792,381.9
30.8125,-101.4375,389.5
30.8125,-101.3958,394.0
30.8125,-101.3542,398.1
30.7708,-104.1875,340.6
30.7708,-104.1458,357.4
30.7708,-104.1042,358.8
30.7708,-104.0625,362.2
30.7708,-104.0208,369.7
30.7708,-103.9792,373.5
30.7708,-103.9375,370.3
30.7708,-103.8958,337.3
30.7708,-103.8542,327.3
30.7708,-103.8125,350.5
30.7708,-103.7708,331.4
30.7708,-103.7292,316.6
30.7708,-103.6875,312.0
30.7708,-103.6458,315.8
30.7708,-103.6042,314.2
30.7708,-103.5625,305.4
30.7708,-103.5208,301.4
30.7708,-103.4792,296.1
30.7708,-103.4375,296.1
30.7708,-103.3958,295.5
30.7708,-103.3542,292.5
30.7708,-103.3125,288.1
30.7708,-103.2708,286.6
30.7708,-103.2292,288.6
30.7708,-103.1875,291.8
30.7708,-103.1458,295.3
30.7708,-103.1042,295.3
30.7708,-103.0625,295.3
30.7708,-103.0208,295.8
30.7708,-102.9792,299.7
30.7708,-102.9375,298.6
30.7708,-102.8958,296.1
30.7708,-102.8542,294.5
30.7708,-102.8125,293.2
30.7708,-102.7708,291.9
30.7708,-102.7292,291.9
30.7708,-102.6875,296.4
30.7708,-102.6458,304.1
30.7708,-102.6042,305.6
30.7708,-102.5625,312.0
30.7708,-102.5208,320.2
30.7708,-102.4792,323.3
30.7708,-102.4375,323.8
30.7708,-102.3958,328.3
30.7708,-102.3542,331.5
30.7708,-102.3125,333.4
30.7708,-102.2708,335.9
30.7708,-102.2292,335.7
30.7708,-102.1875,337.0
30.7708,-102.1458,340.8
30.7708,-102.1042,340.7
30.7708,-102.0625,340.6
30.7708,-102.0208,340.5
30.7708,-101.9792,335.0
30.7708,-101.9375,333.5
30.7708,-101.8958,334.8
30.7708,-101.8542,332.6
30.7708,-101.8125,336.4
30.7708,-101.7708,352.6
30.7708,-101.7292,354.1
30.7708,-101.6875,351.6
30.7708,-101.6458,359.0
30.7708,-101.6042,366.5
30.7708,-101.5625,373.7
30.7708,-101.5208,377.0
30.7708,-101.4792,378.0
30.7708,-101.4375,386.0
30.7708,-101.3958,389.8
30.7708,-101.3542,395.9
30.7708,-101.3125,401.6
30.7292,-104.2292,352.9
30.7292,-104.1875,357.9
30.7292,-104.1458,363.8
30.7292,-104.1042,371.4
30.7292,-104.0625,371.2
30.7292,-104.0208,379.2
30.7292,-103.9792,393.2
30.7292,-103.9375,363.7
30.7292,-103.8958,359.3
30.7292,-103.8542,339.4
30.7292,-103.8125,339.2
30.7292,-103.7708,326.3
30.7292,-103.7292,355.3
30.7292,-103.6875,326.0
30.7292,-103.6458,310.0
30.7292,-103.6042,308.4
30.7292,-103.5625,302.3
30.7292,-103.5208,299.9
30.7292,-103.4792,299.1
30.7292,-103.4375,298.8
30.7292,-103.3958,294.7
30.7292,-103.3542,291.2
30.7292,-103.3125,289.8
30.7292,-103.2708,289.5
30.7292,-103.2292,293.9
30.7292,-103.1875,298.5
30.7292,-103.1458,294.7
30.7292,-103.1042,292.3
30.7292,-103.0625,297.8
30.7292,-103.0208,297.9
30.7292,-102.9792,298.0
30.7292,-102.9375,300.0
30.7292,-102.8958,301.5
30.7292,-102.8542,298.3
30.7292,-102.8125,294.9
30.7292,-102.7708,296.3
30.7292,-102.7292,299.3
30.7292,-102.6875,302.3
30.7292,-102.6458,305.6
30.7292,-102.6042,308.1
30.7292,-102.5625,314.1
30.7292,-102.5208,320.5
30.7292,-102.4792,326.2
30.7292,-102.4375,326.9
30.7292,-102.3958,328.1
30.7292,-102.3542,327.7
30.7292,-102.3125,330.1
30.7292,-102.2708,331.7
30.7292,-102.2292,334.3
30.7292,-102.1875,335.3
30.7292,-102.1458,336.4
30.7292,-102.1042,336.0
30.7292,-102.0625,335.0
30.7292,-102.0208,334.3
30.7292,-101.9792,334.5
30.7292,-101.9375,335.1
30.7292,-101.8958,334.3
30.7292,-101.8542,332.5
30.7292,-101.8125,332.2
30.7292,-101.7708,341.1
30.7292,-101.7292,350.3
30.7292,-101.6875,348.0
30.7292,-101.6458,355.0
30.7292,-101.6042,362.1
30.7292,-101.5625,371.3
30.7292,-101.5208,376.3
30.7292,-101.4792,376.3
30.7292,-101.4375,382.7
30.7292,-101.3958,386.8
30.7292,-101.3542,392.5
30.7292,-101.3125,396.7
30.6875,-104.2292,363.0
30.6875,-104.1875,366.1
30.6875,-104.1458,376.7
30.6875,-104.1042,375.7
30.6875,-104.0625,375.1
30.6875,-104.0208,382.0
30.6875,-103.9792,380.3
30.6875,-103.9375,378.6
30.6875,-103.8958,366.5
30.6875,-103.8542,349.0
30.6875,-103.8125,335.5
30.6875,-103.7708,339.8
30.6875,-103.7292,353.8
30.6875,-103.6875,337.6
30.6875,-103.6458,325.1
30.6875,-103.6042,324.3
30.6875,-103.5625,313.5
30.6875,-103.5208,306.5
30.6875,-103.4792,304.7
30.6875,-103.4375,300.2
30.6875,-103.3958,292.8
30.6875,-103.3542,291.5
30.6875,-103.3125,292.8
30.6875,-103.2708,290.3
30.6875,-103.2292,293.0
30.6875,-103.1875,293.8
30.6875,-103.1458,293.2
30.6875,-103.1042,297.4
30.6875,-103.0625,299.1
30.6875,-103.0208,299.9
30.6875,-102.9792,299.4
30.6875,-102.9375,297.7
30.6875,-102.8958,298.1
30.6875,-102.8542,300.0
30.6875,-102.8125,301.7
30.6875,-102.7708,306.2
30.6875,-102.7292,306.2
30.6875,-102.6875,308.6
30.6875,-102.6458,309.1
30.6875,-102.6042,312.2
30.6875,-102.5625,316.2
30.6875,-102.5208,320.1
30.6875,-102.4792,324.8
30.6875,-102.4375,324.7
30.6875,-102.3958,326.1
30.6875,-102.3542,327.3
30.6875,-102.3125,326.2
30.6875,-102.2708,326.1
30.6875,-102.2292,329.7
30.6875,-102.1875,332.9
30.6875,-102.1458,334.7
30.6875,-102.1042,336.7
30.6875,-102.0625,335.1
30.6875,-102.0208,334.3
30.6875,-101.9792,334.2
30.6875,-101.9375,334.4
30.6875,-101.8958,334.3
30.6875,-101.8542,332.8
30.6875,-101.8125,332.1
30.6875,-101.7708,336.9
30.6875,-101.7292,343.5
30.6875,-101.6875,347.1
30.6875,-101.6458,357.9
30.6875,-101.6042,365.1
30.6875,-101.5625,369.8
30.6875,-101.5208,372.9
30.6875,-101.4792,375.5
30.6875,-101.4375,379.3
30.6875,-101.3958,383.3
30.6875,-101.3542,388.4
30.6875,-101.3125,393.7
30.6458,-104.1458,390.9
30.6458,-104.1042,388.1
30.6458,-104.0625,363.2
30.6458,-104.0208,352.8
30.6458,-103.9792,355.7
30.6458,-103.9375,354.1
30.6458,-103.8958,351.0
30.6458,-103.8542,340.8
30.6458,-103.8125,332.3
30.6458,-103.7708,344.2
30.6458,-103.7292,347.8
30.6458,-103.6875,338.2
30.6458,-103.6458,342.9
30.6458,-103.6042,348.1
30.6458,-103.5625,332.3
30.6458,-103.5208,316.0
30.6458,-103.4792,309.4
30.6458,-103.4375,301.4
30.6458,-103.3958,296.5
30.6458,-103.3542,294.7
30.6458,-103.3125,291.7
30.6458,-103.2708,292.2
30.6458,-103.2292,294.5
30.6458,-103.1875,297.4
30.6458,-103.1458,298.6
30.6458,-103.1042,301.8
30.6458,-103.0625,305.3
30.6458,-103.0208,304.3
30.6458,-102.9792,302.7
30.6458,-102.9375,302.7
30.6458,-102.8958,302.1
30.6458,-102.8542,303.6
30.6458,-102.8125,305.8
30.6458,-102.7708,307.6
30.6458,-102.7292,310.5
30.6458,-102.6875,314.9
30.6458,-102.6458,316.3
30.6458,-102.6042,315.0
30.6458,-102.5625,318.0
30.6458,-102.5208,321.3
30.6458,-102.4792,323.9
30.6458,-102.4375,322.4
30.6458,-102.3958,322.6
30.6458,-102.3542,323.3
30.6458,-102.3125,324.7
30.6458,-102.2708,324.9
30.6458,-102.2292,325.6
30.6458,-102.1875,328.2
30.6458,-102.1458,330.9
30.6458,-102.1042,332.2
30.6458,-102.0625,331.9
30.6458,-102.0208,331.5
30.6458,-101.9792,334.0
30.6458,-101.9375,335.1
30.6458,-101.8958,333.9
30.6458,-101.8542,331.5
30.6458,-101.8125,335.5
30.6458,-101.7708,334.8
30.6458,-101.7292,339.8
30.6458,-101.6875,343.0
30.6458,-101.6458,352.0
30.6458,-101.6042,362.8
30.6458,-101.5625,366.3
30.6458,-101.5208,371.6
30.6458,-101.4792,373.1
30.6458,-101.4375,375.8
30.6458,-101.3958,381.2
30.6458,-101.3542,387.2
30.6458,-101.3125,392.6
30.6042,-104.1042,365.5
30.6042,-104.0625,359.0
30.6042,-104.0208,350.1
30.6042,-103.9792,348.5
30.6042,-103.9375,347.0
30.6042,-103.8958,340.3
30.6042,-103.8542,334.4
30.6042,-103.8125,334.9
30.6042,-103.7708,344.9
30.6042,-103.7292,336.7
30.6042,-103.6875,339.5
30.6042,-103.6458,339.7
30.6042,-103.6042,340.5
30.6042,-103.5625,318.7
30.6042,-103.5208,308.9
30.6042,-103.4792,304.5
30.6042,-103.4375,300.2
30.6042,-103.3958,298.0
30.6042,-103.3542,296.4
30.6042,-103.3125,293.7
30.6042,-103.2708,297.1
30.6042,-103.2292,300.3
30.6042,-103.1875,303.2
30.6042,-103.1458,305.5
30.6042,-103.1042,307.2
30.6042,-103.0625,309.0
30.6042,-103.0208,309.2
30.6042,-102.9792,307.7
30.6042,-102.9375,310.7
30.6042,-102.8958,314.2
30.6042,-102.8542,311.1
30.6042,-102.8125,310.0
30.6042,-102.7708,311.6
30.6042,-102.7292,312.8
30.6042,-102.6875,314.0
30.6042,-102.6458,315.1
30.6042,-102.6042,314.9
30.6042,-102.5625,317.3
30.6042,-102.5208,321.1
30.6042,-102.4792,321.6
30.6042,-102.4375,321.6
30.6042,-102.3958,319.7
30.6042,-102.3542,321.3
30.6042,-102.3125,320.9
30.6042,-102.2708,321.4
30.6042,-102.2292,322.8
30.6042,-102.1875,322.8
30.6042,-102.1458,324.0
30.6042,-102.1042,325.4
30.6042,-102.0625,327.5
30.6042,-102.0208,329.8
30.6042,-101.9792,328.9
30.6042,-101.9375,334.5
30.6042,-101.8958,336.1
30.6042,-101.8542,336.4
30.6042,-101.8125,339.0
30.6042,-101.7708,339.5
30.6042,-101.7292,345.5
30.6042,-101.6875,346.2
30.6042,-101.6458,348.8
30.6042,-101.6042,359.8
30.6042,-101.5625,363.0
30.6042,-101.5208,367.0
30.6042,-101.4792,371.1
30.6042,-101.4375,376.8
30.6042,-101.3958,382.3
30.6042,-101.3542,388.1
30.6042,-101.3125,392.1
30.5625,-104.0625,351.5
30.5625,-104.0208,363.6
30.5625,-103.9792,346.8
30.5625,-103.9375,338.6
30.5625,-103.8958,336.4
30.5625,-103.8542,336.0
30.5625,-103.8125,340.0
30.5625,-103.7708,339.3
30.5625,-103.7292,341.7
30.5625,-103.6875,332.1
30.5625,-103.6458,328.1
30.5625,-103.6042,342.3
30.5625,-103.5625,332.0
30.5625,-103.5208,308.4
30.5625,-103.4792,309.3
30.5625,-103.4375,305.0
30.5625,-103.3958,299.2
30.5625,-103.3542,298.3
30.5625,-103.3125,298.1
30.5625,-103.2708,302.3
30.5625,-103.2292,308.5
30.5625,-103.1875,314.4
30.5625,-103.1458,314.7
30.5625,-103.1042,315.6
30.5625,-103.0625,314.2
30.5625,-103.0208,313.4
30.5625,-102.9792,313.2
30.5625,-102.9375,315.7
30.5625,-102.8958,316.8
30.5625,-102.8542,315.8
30.5625,-102.8125,316.5
30.5625,-102.7708,317.0
30.5625,-102.7292,317.3
30.5625,-102.6875,317.3
30.5625,-102.6458,317.5
30.5625,-102.6042,317.2
30.5625,-102.5625,317.6
30.5625,-102.5208,321.1
30.5625,-102.4792,319.2
30.5625,-102.4375,319.0
30.5625,-102.3958,318.3
30.5625,-102.3542,317.5
30.5625,-102.3125,317.5
30.5625,-102.2708,319.5
30.5625,-102.2292,320.4
30.5625,-102.1875,322.4
30.5625,-102.1458,323.6
30.5625,-102.1042,325.1
30.5625,-102.0625,327.0
30.5625,-102.0208,327.7
30.5625,-101.9792,326.9
30.5625,-101.9375,329.7
30.5625,-101.8958,329.4
30.5625,-101.8542,336.8
30.5625,-101.8125,340.9
30.5625,-101.7708,342.4
30.5625,-101.7292,341.9
30.5625,-101.6875,345.2
30.5625,-101.6458,348.4
30.5625,-101.6042,355.5
30.5625,-101.5625,362.3
30.5625,-101.5208,364.4
30.5625,-101.4792,367.6
30.5625,-101.4375,375.1
30.5625,-101.3958,380.8
30.5625,-101.3542,385.3
30.5625,-101.3125,389.0
30.5625,-101.2708,394.5
30.5208,-104.0208,340.3
30.5208,-103.9792,338.2
30.5208,-103.9375,335.2
30.5208,-103.8958,335.4
30.5208,-103.8542,335.6
30.5208,-103.8125,335.4
30.5208,-103.7708,334.4
30.5208,-103.7292,336.5
30.5208,-103.6875,324.5
30.5208,-103.6458,318.6
30.5208,-103.6042,318.1
30.5208,-103.5625,312.4
30.5208,-103.5208,309.0
30.5208,-103.4792,312.6
30.5208,-103.4375,308.8
30.5208,-103.3958,302.7
30.5208,-103.3542,302.4
30.5208,-103.3125,302.9
30.5208,-103.2708,306.5
30.5208,-103.2292,314.4
30.5208,-103.1875,322.0
30.5208,-103.1458,324.3
30.5208,-103.1042,324.6
30.5208,-103.0625,322.4
30.5208,-103.0208,321.3
30.5208,-102.9792,323.0
30.5208,-102.9375,323.6
30.5208,-102.8958,322.9
30.5208,-102.8542,322.0
30.5208,-102.8125,323.1
30.5208,-102.7708,325.9
30.5208,-102.7292,323.2
30.5208,-102.6875,321.3
30.5208,-102.6458,321.0
30.5208,-102.6042,321.9
30.5208,-102.5625,320.8
30.5208,-102.5208,322.6
30.5208,-102.4792,320.0
30.5208,-102.4375,320.0
30.5208,-102.3958,321.1
30.5208,-102.3542,320.1
30.5208,-102.3125,318.8
30.5208,-102.2708,319.8
30.5208,-102.2292,319.5
30.5208,-102.1875,322.4
30.5208,-102.1458,323.9
30.5208,-102.1042,324.6
30.5208,-102.0625,324.7
30.5208,-102.0208,324.7
30.5208,-101.9792,325.4
30.5208,-101.9375,328.2
30.5208,-101.8958,326.8
30.5208,-101.8542,331.6
30.5208,-101.8125,336.8
30.5208,-101.7708,340.9
30.5208,-101.7292,342.6
30.5208,-101.6875,343.5
30.5208,-101.6458,349.4
30.5208,-101.6042,355.2
30.5208,-101.5625,359.1
30.5208,-101.5208,362.0
30.5208,-101.4792,365.3
30.5208,-101.4375,372.8
30.5208,-101.3958,378.2
30.5208,-101.3542,382.7
30.4792,-103.9375,338.3
30.4792,-103.8958,335.7
30.4792,-103.8542,344.7
30.4792,-103.8125,338.9
30.4792,-103.7708,329.4
30.4792,-103.7292,324.7
30.4792,-103.6875,320.6
30.4792,-103.6458,318.0
30.4792,-103.6042,316.0
30.4792,-103.5625,315.9
30.4792,-103.5208,320.9
30.4792,-103.4792,311.3
30.4792,-103.4375,311.7
30.4792,-103.3958,310.7
30.4792,-103.3542,309.0
30.4792,-103.3125,308.2
30.4792,-103.2708,316.8
30.4792,-103.2292,326.2
30.4792,-103.1875,334.1
30.4792,-103.1458,337.4
30.4792,-103.1042,334.0
30.4792,-103.0625,335.1
30.4792,-103.0208,329.6
30.4792,-102.9792,332.5
30.4792,-102.9375,332.3
30.4792,-102.8958,328.5
30.4792,-102.8542,327.4
30.4792,-102.8125,329.8
30.4792,-102.7708,327.3
30.4792,-102.7292,323.6
30.4792,-102.6875,326.8
30.4792,-102.6458,323.9
30.4792,-102.1875,321.8
30.4792,-102.1458,323.4
30.4792,-102.1042,323.7
30.4792,-102.0625,324.2
30.4792,-102.0208,324.6
30.4792,-101.9792,324.1
30.4792,-101.9375,327.7
30.4792,-101.8958,329.0
30.4792,-101.8542,328.5
30.4792,-101.8125,332.0
30.4792,-101.7708,337.6
30.4792,-101.7292,337.5
30.4792,-101.6875,341.9
30.4792,-101.6458,348.3
30.4792,-101.6042,352.6
30.4792,-101.5625,358.2
30.4792,-101.5208,361.5
30.4792,-101.4792,363.8
30.4792,-101.4375,369.6
30.4792,-101.3958,374.9
30.4375,-103.8958,344.7
30.4375,-103.8542,338.5
30.4375,-103.8125,343.0
30.4375,-103.7708,338.1
30.4375,-103.7292,332.8
30.4375,-103.6875,323.5
30.4375,-103.6458,319.5
30.4375,-103.6042,320.6
30.4375,-103.5625,324.7
30.4375,-103.5208,320.5
30.4375,-103.4792,316.0
30.4375,-103.4375,319.4
30.4375,-103.3958,319.8
30.4375,-103.3542,320.5
30.4375,-103.3125,330.1
30.4375,-103.2708,340.7
30.4375,-103.2292,338.4
30.4375,-103.1875,346.7
30.4375,-103.1458,351.6
30.4375,-103.1042,352.9
30.4375,-103.0625,345.3
30.4375,-103.0208,343.3
30.4375,-102.9375,336.9
30.4375,-102.8958,335.3
30.4375,-102.8542,334.4
30.4375,-102.8125,331.5
30.4375,-102.7708,329.4
30.4375,-102.7292,327.6
30.4375,-102.1042,323.3
30.4375,-102.0625,322.5
30.4375,-102.0208,322.9
30.4375,-101.9792,323.6
30.4375,-101.9375,324.7
30.4375,-101.8958,326.8
30.4375,-101.8542,328.0
30.4375,-101.8125,331.1
30.4375,-101.7708,334.1
30.4375,-101.7292,335.0
30.4375,-101.6875,341.1
30.4375,-101.6458,346.9
30.4375,-101.6042,351.5
30.4375,-101.5625,356.2
30.4375,-101.5208,359.8
30.4375,-101.4792,363.1
30.4375,-101.4375,368.8
30.4375,-101.3958,374.4
30.4375,-101.3542,380.8
30.3958,-103.8125,352.9
30.3958,-103.7708,346.7
30.3958,-103.7292,337.9
30.3958,-103.6875,327.3
30.3958,-103.6458,325.3
30.3958,-103.6042,326.6
30.3958,-103.5625,328.1
30.3958,-103.5208,326.7
30.3958,-103.4792,325.6
30.3958,-103.4375,335.1
30.3958,-103.3958,333.2
30.3958,-103.3542,335.5
30.3958,-103.3125,359.8
30.3958,-103.2708,351.0
30.3958,-103.1458,366.6
30.3958,-103.1042,362.6
30.3958,-102.8125,330.1
30.3958,-102.7708,328.0
30.3958,-102.7292,326.5
30.3958,-102.0208,321.2
30.3958,-101.9792,321.0
30.3958,-101.9375,321.1
30.3958,-101.8958,324.3
30.3958,-101.8542,326.8
30.3958,-101.8125,330.9
30.3958,-101.7708,332.6
30.3958,-101.7292,334.2
30.3958,-101.6875,338.6
30.3958,-101.6458,343.3
30.3958,-101.6042,349.5
30.3958,-101.5625,353.9
30.3958,-101.5208,358.4
30.3958,-101.4792,361.5
30.3958,-101.4375,367.5
30.3958,-101.3958,371.9
30.3958,-101.3542,377.7
30.3542,-103.8125,340.8
30.3542,-103.7708,335.4
30.3542,-103.7292,335.9
30.3542,-103.6875,329.3
30.3542,-103.6458,330.8
30.3542,-103.6042,335.9
30.3542,-103.5625,343.9
30.3542,-103.5208,342.2
30.3542,-103.4792,335.0
30.3542,-103.4375,342.1
30.3542,-103.3958,344.3
30.3542,-103.3542,364.1
30.3542,-103.3125,369.9
30.3542,-101.8958,322.7
30.3542,-101.8542,324.8
30.3542,-101.8125,329.0
30.3542,-101.7708,331.6
30.3542,-101.7292,333.4
30.3542,-101.6875,336.9
30.3542,-101.6458,341.2
30.3542,-101.6042,347.0
30.3542,-101.5625,351.3
30.3542,-101.5208,356.2
30.3542,-101.4792,360.9
30.3542,-101.4375,365.3
30.3542,-101.3958,370.2
30.3542,-101.3542,374.8
30.3125,-103.8125,336.4
30.3125,-103.7708,337.6
30.3125,-103.7292,345.3
30.3125,-103.6875,341.1
30.3125,-103.6458,339.2
30.3125,-103.6042,343.0
30.3125,-103.5625,350.1
30.3125,-103.5208,359.7
30.3125,-103.4792,344.3
30.3125,-103.4375,353.0
30.3125,-101.8958,319.3
30.3125,-101.8542,321.3
30.3125,-101.8125,324.2
30.3125,-101.7708,327.5
30.3125,-101.7292,330.7
30.3125,-101.6875,335.4
30.3125,-101.6458,340.2
30.3125,-101.6042,346.5
30.3125,-101.5625,350.4
30.3125,-101.5208,355.7
30.3125,-101.4792,360.6
30.3125,-101.4375,365.1
30.3125,-101.3958,369.8
30.2708,-103.7708,344.9
30.2708,-103.6458,352.8
30.2708,-103.6042,353.9
30.2708,-103.5625,358.5
30.2708,-103.5208,370.7
30.2708,-101.8958,315.1
30.2708,-101.8542,318.0
30.2708,-101.8125,321.2
30.2708,-101.7708,325.5
30.2708,-101.7292,329.8
30.2708,-101.6875,334.5
30.2708,-101.6458,339.6
30.2708,-101.6042,345.0
30.2708,-101.5625,350.4
30.2708,-101.5208,354.8
30.2708,-101.4792,359.7
30.2708,-101.4375,364.2
30.2708,-101.3958,369.0
30.2708,-101.3542,373.8
30.2292,-101.8542,314.6
30.2292,-101.8125,319.4
30.2292,-101.7708,322.7
30.2292,-101.7292,328.3
30.2292,-101.6875,333.1
30.2292,-101.6458,339.4
30.2292,-101.6042,344.3
30.2292,-101.5625,350.6
30.2292,-101.5208,354.3
30.2292,-101.4792,358.1
30.2292,-101.4375,362.9
30.2292,-101.3958,367.3
30.2292,-101.3542,372.8
30.1875,-101.8125,318.2
30.1875,-101.7708,322.1
30.1875,-101.7292,327.0
30.1875,-101.6875,331.7
30.1875,-101.6458,337.7
30.1875,-101.6042,344.0
30.1875,-101.5625,350.3
30.1875,-101.5208,353.0
30.1875,-101.4792,357.4
30.1875,-101.4375,361.5
30.1875,-101.3958,366.5
30.1875,-101.3542,371.4
30.1458,-101.7708,319.4
30.1458,-101.7292,323.9
30.1458,-101.6875,328.8
30.1458,-101.6458,336.0
30.1458,-101.6042,340.7
30.1458,-101.5625,347.9
30.1458,-101.5208,352.4
30.1458,-101.4792,356.1
30.1458,-101.4375,359.7
30.1458,-101.3958,364.0
30.1458,-101.3542,369.7
30.1042,-101.7292,320.6
30.1042,-101.6875,324.8
30.1042,-101.6458,331.7
30.1042,-101.6042,337.8
30.1042,-101.5625,344.3
30.1042,-101.5208,349.5
30.1042,-101.4792,353.0
30.1042,-101.4375,358.0
30.1042,-101.3958,361.8
30.1042,-101.3542,367.3
30.1042,-101.3125,371.8
30.0625,-101.6458,329.4
30.0625,-101.6042,335.1
30.0625,-101.5625,341.0
30.0625,-101.5208,345.5
30.0625,-101.4792,350.5
30.0625,-101.4375,356.3
30.0625,-101.3958,359.7
30.0625,-101.3542,365.6
30.0625,-101.3125,369.9
30.0208,-101.6042,331.5
30.0208,-101.5625,336.8
30.0208,-101.5208,341.3
30.0208,-101.4792,346.5
30.0208,-101.4375,352.2
30.0208,-101.3958,357.5
30.0208,-101.3542,363.2
30.0208,-101.3125,367.4
30.0208,-101.2708,372.6
29.9792,-101.6042,328.0
29.9792,-101.5625,333.3
29.9792,-101.5208,337.6
29.9792,-101.4792,344.0
29.9792,-101.4375,349.3
29.9792,-101.3958,355.3
29.9792,-101.3542,360.6
29.9792,-101.3125,365.9
29.9792,-101.2708,370.9
29.9375,-101.6042,324.6
29.9375,-101.5625,329.9
29.9375,-101.5208,336.1
29.9375,-101.4792,341.6
29.9375,-101.4375,345.8
29.9375,-101.3958,352.3
29.9375,-101.3542,358.8
29.9375,-101.3125,363.7
29.9375,-101.2708,368.4
29.8958,-101.5625,327.2
29.8958,-101.5208,334.0
29.8958,-101.4792,339.0
29.8958,-101.4375,344.3
29.8958,-101.3958,350.2
29.8958,-101.3542,356.0
29.8958,-101.3125,361.1
29.8958,-101.2708,366.8
29.8958,-101.2292,372.8
29.8542,-101.4792,336.1
29.8542,-101.4375,341.8
29.8542,-101.3958,347.0
29.8542,-101.3542,353.3
29.8542,-101.3125,359.6
29.8542,-101.2708,365.1
29.8542,-101.2292,370.6
29.8542,-101.1875,379.4
29.8125,-101.4375,339.8
29.8125,-101.3958,345.3
29.8125,-101.3542,350.7
29.8125,-101.3125,357.1
29.8125,-101.2708,362.9
29.8125,-101.2292,368.6
29.8125,-101.1875,377.1
29.8125,-101.1458,385.8
29.7708,-101.3542,347.9
29.7708,-101.3125,355.5
29.7708,-101.2708,361.5
29.7708,-101.2292,367.3
29.7292,-101.3542,346.7
