well_id,date,head_m,n_readings
303503102303601,2008-08,819.94,6
303503102303601,2008-09,820.03,6
303503102303601,2008-10,820.05,6
303503102303601,2008-11,820.03,6
303503102303601,2008-12,819.79,6
303503102303601,2009-01,819.82,1
303503102303601,2009-05,819.66,4
303503102303601,2009-06,819.72,7
303503102303601,2009-07,819.65,4
303503102303601,2009-08,819.52,6
303503102303601,2009-09,819.47,6
303503102303601,2009-10,820.03,6
303503102303601,2009-11,820.12,6
303503102303601,2009-12,820.12,6
303503102303601,2010-01,820.1,6
303503102303601,2010-02,820.08,6
303503102303601,2010-03,820.09,6
303503102303601,2010-04,820.08,6
303503102303601,2010-05,820.08,5
303824102285001,2009-05,812.59,3
303824102285001,2009-06,812.43,6
303824102285001,2009-07,812.54,6
303824102285001,2009-08,812.54,6
303824102285001,2009-09,812.51,6
303824102285001,2009-10,812.46,6
303824102285001,2009-11,812.49,6
303824102285001,2009-12,812.44,6
303824102285001,2010-01,812.47,6
303824102285001,2010-02,812.43,2
303824102285001,2010-05,811.65,2
303852102432901,2009-07,885.17,4
303852102432901,2009-08,885.34,6
303852102432901,2009-09,880.64,6
303852102432901,2009-10,889.25,6
303852102432901,2009-11,894.96,6
303852102432901,2009-12,895.37,6
303852102432901,2010-01,895.15,6
303852102432901,2010-02,894.66,3
303852102432901,2010-04,891.41,6
303852102432901,2010-05,890.19,6
303852102432901,2010-06,893.06,2
304711103003301,2008-02,920.33,5
304711103003301,2008-03,915.43,6
304711103003301,2008-04,910.68,6
304711103003301,2008-05,908.58,6
304711103003301,2008-06,905.48,6
304711103003301,2008-07,906.52,6
304711103003301,2008-08,905.8,6
304711103003301,2008-09,907.96,6
304711103003301,2008-10,908.19,6
304711103003301,2008-11,913.8,6
304711103003301,2008-12,917.06,6
304711103003301,2009-01,918.6,6
304711103003301,2009-02,918.23,6
304711103003301,2009-03,914.26,6
304711103003301,2009-04,910.62,6
304711103003301,2009-05,906.38,6
304711103003301,2009-06,905.74,6
304711103003301,2009-07,905.15,7
304711103003301,2009-08,905.18,6
304711103003301,2009-09,904.34,6
305042102595601,2008-02,907.24,1
305042102595601,2008-03,904.27,6
305042102595601,2008-04,900.43,6
305042102595601,2008-05,898.05,6
305042102595601,2008-06,894.51,6
305042102595601,2008-07,895.1,6
305042102595601,2008-08,893.79,6
305042102595601,2008-09,896.63,6
305042102595601,2008-10,895.85,6
305042102595601,2008-11,901.28,6
305042102595601,2008-12,904.24,5
305042102595601,2009-01,906.1,1
305042102595601,2009-02,906.47,6
305042102595601,2009-03,901.19,6
305042102595601,2009-04,899.43,6
305042102595601,2009-05,897.5,6
305042102595601,2009-06,896.95,6
305042102595601,2009-07,895.14,7
305042102595601,2009-08,893.74,6
305042102595601,2009-09,893.5,6
305042102595601,2009-10,892.95,1
305110102533401,2000-01,886.37,1
305110102533401,2001-01,885.96,1
305110102533401,2002-01,883.87,1
305110102533401,2002-12,888.26,1
305110102533401,2004-01,890.03,1
305110102533401,2005-01,894.46,1
305110102533401,2006-01,890.9,1
305110102533401,2007-01,891.0,1
305110102533401,2008-01,891.07,1
305110102533401,2008-12,887.74,1
305110102533401,2009-07,888.77,1
305110102533401,2010-02,890.72,1
305110102533401,2010-06,888.6,1
305110102533401,2017-04,890.27,2
305110102533401,2017-05,890.25,1
305110102533401,2017-07,888.03,1
305110102533401,2017-09,886.76,1
305110102533401,2017-10,886.62,1
305110102533401,2017-11,886.5,1
305110102533401,2018-01,889.99,1
305110102533401,2018-03,890.73,1
305110102533401,2018-05,889.96,1
305110102533401,2018-06,888.4,1
305110102533401,2018-08,889.15,1
305110102533401,2018-09,888.29,2
305110102533401,2018-10,888.35,1
305110102533401,2018-12,890.02,1
305110102533401,2019-02,890.99,1
305110102533401,2019-04,890.27,1
305110102533401,2019-06,888.64,1
305110102533401,2019-08,886.08,1
305110102533401,2019-10,886.01,1
305110102533401,2019-12,886.86,1
305110102533401,2020-02,890.56,1
305110102533401,2020-04,890.53,1
305110102533401,2020-06,889.38,1
305110102533401,2020-08,888.15,1
305110102533401,2020-10,886.65,1
305110102533401,2020-12,886.38,1
305110102533401,2021-03,890.28,1
305110102533401,2021-05,888.48,1
305110102533401,2021-06,887.16,1
305110102533401,2021-08,886.16,1
305110102533401,2021-10,885.06,1
305110102533401,2022-01,885.33,1
305110102533401,2022-02,889.61,1
305110102533401,2022-03,889.89,1
305110102533401,2022-04,888.67,1
305110102533401,2022-06,886.95,1
305110102533401,2022-08,885.03,1
305110102533401,2022-10,885.65,1
305110102533401,2022-12,889.27,1
305110102533401,2023-02,890.47,1
305110102533401,2023-03,890.42,1
305110102533401,2023-04,890.16,1
305110102533401,2023-05,889.56,4
305110102533401,2023-06,888.27,4
305110102533401,2023-08,886.3,1
305110102533401,2023-10,885.84,1
305110102533401,2023-12,886.2,1
305110102533401,2024-02,889.5,1
305110102533401,2024-04,889.7,1
305110102533401,2024-06,886.86,1
305110102533401,2024-08,885.07,1
305110102533401,2024-10,884.58,1
305110102533401,2024-12,884.44,1
305110102533401,2025-02,887.38,1
305110102533401,2025-04,888.32,2
305110102533401,2025-06,887.18,2
305110102533401,2025-08,886.09,1
305110102533401,2025-12,885.56,1
305110102533401,2026-02,886.3,1
305110102533401,2026-04,886.91,1
305110102533401,2026-06,885.34,1
310041102152901,2000-01,682.7,1
310041102152901,2001-01,683.1,1
310041102152901,2002-01,683.21,1
310041102152901,2002-12,682.67,1
310041102152901,2004-01,683.71,1
310041102152901,2005-01,684.44,1
310041102152901,2006-01,685.2,1
310041102152901,2007-01,682.91,1
310041102152901,2008-01,683.84,1
310041102152901,2009-12,685.34,1
310041102152901,2010-06,685.07,1
310041102152901,2010-09,685.13,1
311340103040101,2000-01,699.03,1
311340103040101,2001-01,699.76,1
311340103040101,2002-01,700.31,1
311340103040101,2002-12,703.08,1
311340103040101,2004-01,698.57,1
311340103040101,2005-01,697.73,1
311340103040101,2006-01,696.73,1
311340103040101,2007-01,701.73,1
311340103040101,2008-01,704.52,1
311340103040101,2008-12,703.76,1
311340103040101,2009-12,701.75,1
311340103040101,2010-08,703.63,1
322120104151501,2000-01,938.07,1
322120104151501,2000-02,938.25,1
322120104151501,2000-03,937.98,1
322120104151501,2000-04,937.01,1
322120104151501,2000-05,934.56,1
322120104151501,2000-06,933.31,1
322120104151501,2000-07,933.75,1
322120104151501,2000-08,932.69,1
322120104151501,2000-09,932.92,1
322120104151501,2000-10,933.97,1
322120104151501,2000-11,935.4,1
322120104151501,2000-12,936.34,1
322120104151501,2001-01,937.08,1
322120104151501,2001-02,936.91,1
322120104151501,2001-03,935.86,1
322120104151501,2001-04,933.93,1
322120104151501,2001-05,932.93,1
322120104151501,2001-06,931.08,1
322120104151501,2001-07,931.08,1
322120104151501,2001-10,931.69,1
322120104151501,2001-11,933.73,1
322120104151501,2001-12,934.43,1
322120104151501,2002-01,935.52,1
322120104151501,2002-02,935.81,1
322120104151501,2002-03,935.61,1
322120104151501,2002-04,934.03,1
322120104151501,2002-05,931.88,1
322120104151501,2002-06,930.27,1
322120104151501,2002-07,929.59,1
322120104151501,2002-08,929.68,1
322120104151501,2002-09,930.3,1
322120104151501,2002-10,930.3,1
322120104151501,2002-11,931.52,1
322120104151501,2002-12,932.9,1
322120104151501,2003-01,933.6,1
322120104151501,2004-02,932.25,1
322120104151501,2004-09,931.46,1
322120104151501,2005-02,936.67,1
322120104151501,2005-10,934.51,1
322120104151501,2006-02,937.39,1
322120104151501,2006-09,932.93,1
322120104151501,2007-10,935.78,1
322120104151501,2008-03,937.96,1
322120104151501,2008-09,933.79,1
322120104151501,2009-01,937.6,1
322120104151501,2010-04,936.56,1
322120104151501,2010-09,936.81,1
322120104151501,2011-03,939.16,1
322120104151501,2011-10,932.09,1
322637104142301,2000-01,944.05,1
322637104142301,2000-02,943.98,1
322637104142301,2000-03,943.87,1
322637104142301,2000-04,943.85,1
322637104142301,2000-05,943.81,1
322637104142301,2000-06,943.76,1
322637104142301,2000-07,943.78,1
322637104142301,2000-08,943.72,1
322637104142301,2000-09,943.69,1
322637104142301,2000-10,943.97,1
322637104142301,2000-11,944.16,1
322637104142301,2000-12,944.15,1
322637104142301,2001-01,944.2,1
322637104142301,2001-02,943.95,1
322637104142301,2001-03,943.89,1
322637104142301,2001-04,943.73,1
322637104142301,2001-05,943.75,1
322637104142301,2001-06,943.71,1
322637104142301,2001-07,943.63,1
322637104142301,2001-10,943.68,1
322637104142301,2001-11,943.89,1
322637104142301,2001-12,943.97,1
322637104142301,2002-01,943.98,1
322637104142301,2002-02,944.08,1
322637104142301,2002-03,944.04,1
322637104142301,2002-04,943.84,1
322637104142301,2002-05,943.75,1
322637104142301,2002-06,943.65,1
322637104142301,2002-07,943.81,1
322637104142301,2002-08,943.71,1
322637104142301,2002-09,943.75,1
322637104142301,2002-10,943.74,1
322637104142301,2002-11,943.98,1
322637104142301,2002-12,944.2,1
322637104142301,2003-01,944.15,1
322637104142301,2003-02,943.83,1
322637104142301,2003-03,943.53,1
322637104142301,2003-04,943.43,1
322637104142301,2003-05,943.45,1
322637104142301,2003-06,943.38,1
322637104142301,2003-07,943.24,1
322637104142301,2003-08,943.24,1
322637104142301,2003-09,943.3,1
322637104142301,2003-10,943.71,1
322637104142301,2003-11,943.79,1
322637104142301,2003-12,943.87,1
322637104142301,2004-01,943.93,1
322637104142301,2004-02,943.93,1
322637104142301,2004-03,943.93,1
322637104142301,2004-04,944.26,1
322637104142301,2004-05,944.18,1
322637104142301,2004-06,944.11,1
322637104142301,2004-07,944.09,1
322637104142301,2004-08,944.39,1
322637104142301,2004-10,944.71,1
322637104142301,2004-12,944.95,1
322637104142301,2005-02,944.77,1
322637104142301,2005-04,945.0,1
322637104142301,2005-06,944.6,1
322637104142301,2005-08,944.39,1
322637104142301,2005-10,944.5,1
322637104142301,2005-12,944.68,1
322637104142301,2006-02,944.27,1
322637104142301,2006-04,944.2,1
322637104142301,2006-06,944.05,1
322637104142301,2006-08,944.05,1
322637104142301,2006-10,944.34,1
322637104142301,2006-12,944.44,1
322637104142301,2007-02,944.43,1
322637104142301,2007-04,944.37,1
322637104142301,2007-06,944.46,1
322637104142301,2007-08,944.54,2
322637104142301,2007-10,944.5,1
322637104142301,2007-12,944.54,1
322637104142301,2008-02,944.14,1
322637104142301,2008-04,944.16,1
322637104142301,2008-06,943.92,1
322637104142301,2008-08,944.04,1
322637104142301,2008-10,944.07,1
322637104142301,2008-12,944.22,1
322637104142301,2009-02,944.32,1
322637104142301,2009-04,944.16,1
322637104142301,2009-06,943.83,1
322637104142301,2009-08,943.95,1
322637104142301,2009-10,944.03,1
322637104142301,2009-12,944.17,1
322637104142301,2010-02,944.09,1
322637104142301,2010-04,944.19,1
322637104142301,2010-06,943.9,1
322637104142301,2010-10,944.29,1
322637104142301,2012-11,944.22,1
322637104142301,2013-01,944.15,1
322637104142301,2013-06,943.81,1
322637104142301,2013-09,943.81,1
322637104142301,2013-12,944.57,1
322637104142301,2014-03,943.98,1
322637104142301,2014-06,944.28,1
322637104142301,2014-09,945.11,1
322637104142301,2014-12,944.92,1
322637104142301,2015-03,944.93,1
322637104142301,2015-05,944.84,1
322637104142301,2015-09,945.4,1
322637104142301,2015-12,945.3,1
322637104142301,2016-03,945.44,1
322637104142301,2016-06,944.85,1
322637104142301,2016-09,945.11,1
322637104142301,2016-12,944.98,1
322637104142301,2017-03,944.84,1
322637104142301,2017-06,944.57,1
322637104142301,2017-10,944.61,1
322637104142301,2017-12,944.48,1
322637104142301,2018-03,944.33,1
322637104142301,2018-06,944.26,1
322637104142301,2018-10,944.53,1
322637104142301,2019-02,944.41,1
322637104142301,2019-06,944.26,1
322637104142301,2019-10,944.56,1
322637104142301,2021-02,944.21,1
322637104142301,2021-04,944.14,1
322637104142301,2022-01,944.68,2
322637104142301,2022-04,944.48,1
322637104142301,2022-07,944.29,1
322637104142301,2023-01,944.4,1
322637104142301,2023-04,944.29,1
322637104142301,2024-02,944.38,1
322637104142301,2025-01,944.49,1
322637104142301,2026-02,944.33,1
324620104255001,2000-01,1012.29,1
324620104255001,2000-02,1013.05,1
324620104255001,2000-03,1007.55,1
324620104255001,2000-05,998.94,1
324620104255001,2000-06,995.96,1
324620104255001,2000-07,990.48,1
324620104255001,2000-08,987.83,1
324620104255001,2000-09,989.71,1
324620104255001,2000-10,1003.04,1
324620104255001,2000-11,1006.45,1
324620104255001,2000-12,1009.03,1
324620104255001,2001-01,1012.47,1
324620104255001,2001-02,1013.18,1
324620104255001,2001-03,1004.49,1
324620104255001,2001-04,1001.18,1
324620104255001,2001-05,1001.05,1
324620104255001,2001-06,991.65,1
324620104255001,2001-07,989.02,1
324620104255001,2001-10,996.42,1
324620104255001,2001-11,1005.98,1
324620104255001,2001-12,1007.84,1
324620104255001,2002-01,1010.61,1
324620104255001,2002-02,1009.5,1
324620104255001,2002-03,1002.63,1
324620104255001,2002-04,993.54,1
324620104255001,2002-05,991.03,1
324620104255001,2002-06,988.34,1
324620104255001,2002-07,988.14,1
324620104255001,2002-08,984.19,1
324620104255001,2002-09,993.09,1
324620104255001,2002-10,993.79,1
324620104255001,2002-11,1002.65,1
324620104255001,2002-12,1006.61,2
324620104255001,2003-01,1009.3,2
324620104255001,2003-02,1010.85,1
324620104255001,2003-03,1007.29,1
324620104255001,2003-04,993.09,1
324620104255001,2003-05,992.04,1
324620104255001,2003-06,990.09,1
324620104255001,2003-07,984.53,1
324620104255001,2003-08,981.41,1
324620104255001,2003-09,989.91,1
324620104255001,2003-10,1000.57,1
324620104255001,2003-11,1003.52,1
324620104255001,2003-12,1006.02,1
324620104255001,2004-01,1009.05,1
324620104255001,2004-02,1009.89,1
324620104255001,2004-03,1000.33,1
324620104255001,2004-04,1006.86,1
324620104255001,2004-05,998.58,1
324620104255001,2004-06,993.27,1
324620104255001,2004-07,990.55,1
324620104255001,2004-09,990.76,1
324620104255001,2004-10,1001.44,1
324620104255001,2004-11,1006.23,1
324620104255001,2004-12,1008.58,1
324620104255001,2005-02,1012.99,1
324620104255001,2005-03,1010.65,1
324620104255001,2005-04,1003.26,1
324620104255001,2005-05,1002.5,1
324620104255001,2005-06,1003.33,1
324620104255001,2005-08,990.48,1
324620104255001,2005-09,994.86,1
324620104255001,2005-10,999.05,1
324620104255001,2005-11,1004.97,1
324620104255001,2005-12,1007.89,1
324620104255001,2006-01,1009.82,1
324620104255001,2006-02,1010.67,1
324620104255001,2006-03,1005.56,1
324620104255001,2006-04,995.43,1
324620104255001,2006-05,998.85,1
324620104255001,2006-08,989.66,1
324620104255001,2006-09,998.33,1
324620104255001,2006-10,997.49,1
324620104255001,2006-11,1003.77,1
324620104255001,2006-12,1006.72,1
324620104255001,2007-01,1009.55,1
324620104255001,2007-02,1011.01,1
324620104255001,2007-03,1010.03,1
324620104255001,2007-04,1001.91,1
324620104255001,2007-05,1002.69,1
324620104255001,2007-06,1002.16,1
324620104255001,2007-07,997.33,1
324620104255001,2007-08,993.71,1
324620104255001,2007-09,991.72,1
324620104255001,2007-10,998.38,1
324620104255001,2007-11,1003.71,1
324620104255001,2007-12,1007.06,1
324620104255001,2008-01,1009.9,1
324620104255001,2008-02,1010.44,1
324620104255001,2008-03,1003.85,1
324620104255001,2008-05,997.37,1
324620104255001,2008-06,993.17,1
324620104255001,2008-07,994.72,1
324620104255001,2008-08,989.28,1
324620104255001,2008-10,993.8,1
324620104255001,2008-11,1002.16,1
324620104255001,2009-01,1007.0,1
324620104255001,2009-02,1008.08,1
324620104255001,2009-04,998.63,1
324620104255001,2009-05,995.07,1
324620104255001,2009-06,995.97,1
324620104255001,2009-07,991.46,1
324620104255001,2009-08,991.15,1
324620104255001,2009-10,993.29,1
324620104255001,2009-11,1001.31,1
324620104255001,2010-01,1006.89,1
324620104255001,2010-03,1010.11,1
324620104255001,2010-04,998.3,1
324620104255001,2010-06,996.44,1
324620104255001,2010-07,999.73,1
324620104255001,2010-08,990.63,1
324620104255001,2010-10,992.66,2
324620104255001,2010-11,1002.58,1
324620104255001,2011-01,1008.43,3
324620104255001,2011-04,996.81,1
324620104255001,2011-05,1001.96,1
324620104255001,2011-07,987.84,1
324620104255001,2011-08,983.62,1
324620104255001,2016-08,988.59,1
324620104255001,2017-07,986.24,1
324620104255001,2018-01,1005.57,1
324620104255001,2018-12,1001.41,1
324620104255001,2020-02,1006.02,1
324620104255001,2021-02,1003.13,1
325638104274801,2000-01,1033.38,1
325638104274801,2000-02,1033.41,1
325638104274801,2000-03,1033.17,1
325638104274801,2000-04,1032.7,1
325638104274801,2000-05,1032.68,1
325638104274801,2000-06,1032.47,1
325638104274801,2000-07,1032.32,1
325638104274801,2000-08,1032.08,1
325638104274801,2000-10,1032.12,1
325638104274801,2000-11,1032.25,1
325638104274801,2000-12,1032.39,1
325638104274801,2001-01,1032.56,1
325638104274801,2001-02,1032.63,1
325638104274801,2001-03,1032.42,1
325638104274801,2001-04,1032.19,1
325638104274801,2001-05,1031.95,1
325638104274801,2001-06,1031.81,1
325638104274801,2001-07,1031.69,2
325638104274801,2001-10,1031.51,1
325638104274801,2001-11,1031.6,1
325638104274801,2001-12,1031.69,1
325638104274801,2002-01,1031.88,1
325638104274801,2002-02,1031.78,1
325638104274801,2002-03,1031.63,1
325638104274801,2002-04,1031.3,1
325638104274801,2002-05,1031.09,1
325638104274801,2002-06,1030.92,1
325638104274801,2002-07,1030.95,1
325638104274801,2002-08,1031.0,1
325638104274801,2002-09,1031.13,1
325638104274801,2002-10,1031.13,1
325638104274801,2002-11,1031.32,1
325638104274801,2002-12,1031.55,1
325638104274801,2003-01,1031.76,2
325638104274801,2003-02,1031.86,1
325638104274801,2003-04,1031.45,1
325638104274801,2003-05,1031.15,1
325638104274801,2003-07,1031.16,1
325638104274801,2003-08,1031.18,1
325638104274801,2003-09,1031.21,1
325638104274801,2003-10,1031.36,1
325638104274801,2003-11,1031.42,1
325638104274801,2003-12,1031.52,1
325638104274801,2004-01,1031.58,1
325638104274801,2004-02,1031.6,1
325638104274801,2004-03,1031.21,1
325638104274801,2004-04,1031.16,1
325638104274801,2004-05,1030.92,1
325638104274801,2004-06,1030.63,1
325638104274801,2004-07,1030.44,1
325638104274801,2004-08,1030.16,1
325638104274801,2004-10,1030.06,1
325638104274801,2004-12,1030.22,1
325638104274801,2005-02,1030.4,1
325638104274801,2005-03,1030.39,1
325638104274801,2005-04,1030.04,1
325638104274801,2005-05,1029.89,1
325638104274801,2005-06,1029.71,1
325845104295501,2000-01,1082.68,3
325845104295501,2000-02,1083.16,3
325845104295501,2000-03,1074.53,1
325845104295501,2000-05,1067.29,1
325845104295501,2000-06,1060.5,1
325845104295501,2000-07,1057.66,1
325845104295501,2000-08,1060.41,1
325845104295501,2000-09,1063.83,1
325845104295501,2000-10,1081.19,1
325845104295501,2000-11,1082.42,1
325845104295501,2000-12,1082.59,1
325845104295501,2001-01,1082.77,1
325845104295501,2001-02,1080.31,1
325845104295501,2001-03,1064.47,1
325845104295501,2001-04,1065.32,1
325845104295501,2001-05,1062.36,1
325845104295501,2001-06,1059.36,1
325845104295501,2001-07,1063.77,1
325845104295501,2001-10,1073.79,1
325845104295501,2003-01,1079.31,4
325845104295501,2003-02,1079.29,4
325845104295501,2003-03,1071.19,2
325845104295501,2003-04,1064.36,2
325845104295501,2003-05,1063.8,2
325845104295501,2003-06,1059.04,2
325845104295501,2003-07,1058.12,2
325845104295501,2003-08,1062.42,2
325845104295501,2003-09,1070.61,2
325845104295501,2003-10,1076.72,3
325845104295501,2003-11,1077.94,4
325845104295501,2003-12,1078.41,4
325845104295501,2004-01,1077.52,4
325845104295501,2004-02,1079.81,3
325845104295501,2004-03,1070.61,4
325845104295501,2004-04,1073.63,3
325845104295501,2004-05,1068.98,3
325845104295501,2004-06,1062.08,3
325845104295501,2004-07,1065.54,4
325845104295501,2004-08,1065.56,4
325845104295501,2004-09,1068.21,3
325845104295501,2004-10,1078.27,3
325845104295501,2004-11,1079.2,4
325845104295501,2004-12,1079.15,4
325845104295501,2005-01,1080.02,3
325845104295501,2005-02,1080.36,4
325845104295501,2005-03,1079.04,1
325845104295501,2005-04,1070.77,1
325845104295501,2005-05,1065.87,1
325845104295501,2005-06,1065.73,1
331002104254701,2000-01,1073.16,3
331002104254701,2000-02,1069.58,3
331002104254701,2000-03,1052.7,3
331002104254701,2000-04,1039.13,3
331002104254701,2000-05,1032.21,3
331002104254701,2000-06,1025.98,3
331002104254701,2000-07,1029.05,3
331002104254701,2000-08,1028.42,3
331002104254701,2000-09,1040.83,3
331002104254701,2000-10,1058.81,3
331002104254701,2000-11,1069.61,3
331002104254701,2000-12,1072.53,3
331002104254701,2001-01,1074.03,3
331002104254701,2001-02,1074.19,3
331002104254701,2001-03,1065.56,3
331002104254701,2001-04,1040.95,3
331002104254701,2001-05,1050.48,3
331002104254701,2001-06,1029.47,3
331002104254701,2001-07,1022.12,4
331002104254701,2001-08,1036.51,3
331002104254701,2001-09,1049.6,3
331002104254701,2001-10,1057.88,3
331002104254701,2001-11,1063.62,3
331002104254701,2001-12,1070.12,3
331002104254701,2002-01,1072.61,3
331002104254701,2002-02,1070.55,3
331002104254701,2002-03,1057.08,3
331002104254701,2002-04,1039.91,3
331002104254701,2002-05,1034.12,3
331002104254701,2002-06,1025.1,2
331002104254701,2002-07,1026.32,3
331002104254701,2002-08,1026.68,3
331002104254701,2002-09,1043.42,2
331002104254701,2002-10,1057.08,3
331002104254701,2002-11,1067.02,3
331002104254701,2002-12,1070.85,3
331002104254701,2003-01,1072.88,4
331002104254701,2003-02,1068.99,3
331002104254701,2003-03,1049.97,3
331002104254701,2003-04,1033.95,3
331002104254701,2003-05,1032.3,3
331002104254701,2003-06,1025.37,3
331002104254701,2003-07,1017.98,3
331002104254701,2003-08,1023.08,3
331002104254701,2003-09,1038.93,3
331002104254701,2003-10,1056.38,3
331002104254701,2003-11,1063.79,3
331002104254701,2003-12,1066.94,3
331002104254701,2004-01,1068.17,3
331002104254701,2004-02,1068.15,3
331002104254701,2004-03,1060.2,3
331002104254701,2004-04,1054.56,3
331002104254701,2004-05,1048.42,3
331002104254701,2004-06,1029.35,3
331002104254701,2004-07,1026.93,3
331002104254701,2004-08,1036.69,3
331002104254701,2004-09,1044.44,3
331002104254701,2004-10,1064.56,3
331002104254701,2004-11,1067.53,3
331002104254701,2004-12,1071.14,3
331002104254701,2005-01,1071.5,4
331002104254701,2005-02,1070.2,3
331002104254701,2006-01,1065.32,1
331002104254701,2007-02,1070.93,1
331002104254701,2008-01,1070.85,1
331002104254701,2009-01,1068.27,1
331002104254701,2010-01,1071.09,1
331002104254701,2011-01,1065.94,1
331002104254701,2012-01,1069.96,1
331002104254701,2013-01,1065.13,1
331002104254701,2014-01,1069.46,1
331002104254701,2015-01,1070.74,1
331002104254701,2016-03,1066.6,1
331002104254701,2017-02,1068.98,1
331002104254701,2018-01,1067.87,1
331525104245201,2000-01,1075.87,2
331525104245201,2000-03,1061.66,1
331525104245201,2000-04,1050.9,1
331525104245201,2000-05,1051.48,1
331525104245201,2000-06,1041.35,1
331525104245201,2000-07,1034.43,1
331525104245201,2000-08,1037.96,1
331525104245201,2000-09,1046.6,1
331525104245201,2000-10,1067.71,2
331525104245201,2000-11,1072.48,1
331525104245201,2000-12,1074.31,1
331525104245201,2001-01,1076.2,1
331525104245201,2001-02,1073.39,1
331525104245201,2001-03,1064.22,1
331525104245201,2001-04,1052.08,1
331525104245201,2001-05,1048.22,1
331525104245201,2001-06,1040.08,1
331525104245201,2001-07,1037.81,1
331525104245201,2001-10,1058.72,2
331525104245201,2001-11,1069.88,1
331525104245201,2001-12,1072.7,1
331525104245201,2002-01,1073.87,1
331525104245201,2002-02,1070.02,1
331525104245201,2002-03,1056.85,1
331525104245201,2002-04,1047.76,1
331525104245201,2002-05,1036.34,1
331525104245201,2002-06,1037.28,1
331525104245201,2002-07,1033.97,1
331525104245201,2002-08,1043.13,1
331525104245201,2002-09,1062.42,1
331525104245201,2002-10,1058.79,1
331525104245201,2002-11,1070.44,1
331525104245201,2002-12,1073.36,1
331525104245201,2003-01,1074.77,1
331525104245201,2003-02,1073.09,1
331525104245201,2003-03,1061.53,1
331525104245201,2003-04,1047.54,1
331525104245201,2003-05,1043.62,1
331525104245201,2003-06,1037.1,1
331525104245201,2003-07,1035.59,1
331525104245201,2003-08,1038.91,1
331525104245201,2003-09,1050.55,1
331525104245201,2003-10,1064.75,1
331525104245201,2003-11,1070.31,1
331525104245201,2003-12,1070.58,1
331525104245201,2004-01,1071.68,1
331525104245201,2004-02,1070.72,1
331525104245201,2004-03,1055.55,1
331525104245201,2004-04,1056.59,1
331525104245201,2004-05,1053.84,1
331525104245201,2004-06,1045.24,1
331525104245201,2004-07,1034.56,1
331525104245201,2004-08,1050.57,1
331525104245201,2004-09,1064.61,1
331525104245201,2004-11,1070.32,2
331525104245201,2004-12,1072.49,1
331525104245201,2005-02,1073.0,1
331525104245201,2005-03,1070.24,1
331525104245201,2005-04,1051.69,1
331525104245201,2005-05,1063.66,1
331525104245201,2005-06,1056.43,1
331525104245201,2005-07,1033.01,1
331525104245201,2005-08,1040.18,1
331525104245201,2005-09,1055.28,1
331525104245201,2005-10,1059.3,1
331525104245201,2005-12,1068.89,1
331525104245201,2006-01,1069.9,1
331525104245201,2006-02,1065.49,1
331525104245201,2006-03,1061.42,1
331525104245201,2006-04,1040.37,1
331525104245201,2006-05,1043.1,1
331525104245201,2006-06,1037.89,1
331525104245201,2006-08,1046.45,1
331525104245201,2006-09,1065.84,1
331525104245201,2006-10,1054.56,1
331525104245201,2006-11,1067.9,1
331525104245201,2006-12,1071.59,1
331525104245201,2007-01,1074.6,1
331525104245201,2007-02,1075.05,1
331525104245201,2007-03,1070.6,1
331525104245201,2007-04,1049.76,1
331525104245201,2007-05,1066.89,1
331525104245201,2007-06,1047.2,1
331525104245201,2007-07,1040.48,1
331525104245201,2007-08,1036.85,1
331525104245201,2007-09,1052.87,1
331525104245201,2007-10,1053.4,1
331525104245201,2007-11,1062.76,1
331525104245201,2007-12,1071.57,1
331525104245201,2008-01,1072.42,1
331525104245201,2008-02,1067.26,1
331525104245201,2008-03,1053.04,1
331525104245201,2008-05,1054.63,1
331525104245201,2008-06,1040.69,1
331525104245201,2008-07,1043.47,1
331525104245201,2008-10,1063.74,1
331525104245201,2008-11,1068.37,1
331525104245201,2009-01,1069.87,1
331525104245201,2009-02,1066.67,1
331525104245201,2009-05,1049.44,1
331525104245201,2009-06,1036.19,1
331525104245201,2009-07,1037.55,1
331525104245201,2009-08,1034.81,1
331525104245201,2009-10,1054.0,1
331525104245201,2009-11,1068.18,1
331525104245201,2010-01,1073.86,1
331525104245201,2010-03,1073.45,1
331525104245201,2010-05,1060.39,1
331525104245201,2010-06,1039.23,2
331525104245201,2010-08,1040.88,2
331525104245201,2010-10,1058.61,1
331525104245201,2010-11,1066.67,1
331525104245201,2010-12,1070.11,1
331525104245201,2011-01,1072.6,2
331525104245201,2011-02,1068.28,1
331525104245201,2011-03,1048.63,1
331525104245201,2011-05,1051.64,1
331525104245201,2011-06,1034.8,1
331525104245201,2011-08,1031.7,3
331525104245201,2011-10,1048.01,1
331948105350101,2008-04,1909.37,1
331948105350101,2008-09,1909.77,1
331948105350101,2008-10,1909.75,1
331948105350101,2008-11,1909.6,1
331948105350101,2008-12,1909.47,1
331948105350101,2009-01,1909.38,1
331948105350101,2009-02,1909.34,1
331948105350101,2009-03,1909.91,2
331948105350101,2009-05,1909.96,1
331948105350101,2009-06,1910.13,1
331948105350101,2009-07,1909.82,1
331948105350101,2009-08,1909.55,1
331948105350101,2009-09,1909.33,1
331948105350101,2009-10,1909.2,1
331948105350101,2009-11,1909.15,1
331948105350101,2010-01,1908.9,1
331948105350101,2010-03,1908.84,1
331948105350101,2010-07,1909.76,1
331948105350101,2011-01,1908.71,1
331948105350101,2011-03,1908.66,1
331948105350101,2011-05,1908.63,1
331948105350101,2011-07,1908.75,1
331948105350101,2011-10,1908.18,1
331948105350101,2012-01,1907.96,1
331948105350101,2012-03,1907.85,1
331948105350101,2012-06,1908.57,1
331948105350101,2012-07,1908.31,1
331948105350101,2012-09,1907.72,1
331948105350101,2012-11,1907.52,1
331948105350101,2013-01,1907.41,1
331948105350101,2013-03,1907.31,1
331948105350101,2013-05,1907.88,1
331948105350101,2013-06,1907.46,1
331948105350101,2013-07,1907.48,1
331948105350101,2013-09,1907.65,1
331948105350101,2013-11,1908.13,1
331948105350101,2014-01,1908.61,1
331948105350101,2014-03,1908.71,1
331948105350101,2014-05,1908.3,1
331948105350101,2014-07,1908.68,1
331948105350101,2014-09,1909.02,1
331948105350101,2018-01,1908.22,1
331948105350101,2025-01,1908.72,1
332005105400201,2002-08,2046.35,1
332005105400201,2003-03,2045.69,1
332005105400201,2003-07,2045.61,1
332005105400201,2006-03,2045.5,1
332005105400201,2007-02,2047.55,1
332005105400201,2008-02,2046.51,1
332005105400201,2008-04,2046.34,1
332005105400201,2008-05,2046.49,2
332005105400201,2008-06,2046.55,1
332005105400201,2008-07,2047.38,1
332005105400201,2008-09,2047.56,1
332005105400201,2008-10,2047.31,1
332005105400201,2008-11,2047.1,1
332005105400201,2008-12,2046.87,1
332005105400201,2009-01,2046.62,2
332005105400201,2009-02,2046.34,1
332005105400201,2009-03,2046.01,2
332005105400201,2009-07,2046.82,1
332005105400201,2009-08,2047.01,1
332005105400201,2009-10,2046.78,1
332005105400201,2010-03,2046.88,1
332005105400201,2010-05,2046.68,1
332005105400201,2010-07,2047.12,1
332005105400201,2010-10,2046.93,1
332005105400201,2011-01,2045.87,1
332005105400201,2011-03,2045.06,3
332005105400201,2011-05,2045.33,2
332005105400201,2011-07,2045.41,1
332005105400201,2011-11,2045.92,1
332005105400201,2012-02,2045.86,1
332005105400201,2012-08,2046.07,1
332005105400201,2012-11,2046.17,1
332005105400201,2013-01,2046.03,1
332005105400201,2013-02,2046.03,1
332005105400201,2013-03,2046.05,1
332005105400201,2013-05,2045.88,2
332005105400201,2013-07,2046.03,1
332005105400201,2013-08,2046.63,1
332005105400201,2013-09,2047.91,1
332005105400201,2013-11,2047.09,1
332005105400201,2014-02,2046.02,1
332005105400201,2014-03,2046.03,1
332005105400201,2014-08,2046.98,1
332005105400201,2014-10,2047.9,1
332005105400201,2018-01,2045.69,1
332144105411901,2002-08,2145.82,1
332144105411901,2003-03,2146.0,1
332144105411901,2003-07,2145.52,1
332144105411901,2006-02,2144.89,1
332144105411901,2007-02,2146.4,1
332144105411901,2008-02,2145.73,1
332144105411901,2008-04,2145.66,1
332144105411901,2008-05,2145.65,1
332144105411901,2008-06,2145.62,1
332144105411901,2008-07,2146.81,1
332144105411901,2008-09,2146.13,1
332144105411901,2008-10,2145.94,1
332144105411901,2008-11,2145.83,1
332144105411901,2008-12,2145.75,1
332144105411901,2009-01,2145.69,2
332144105411901,2009-02,2145.65,1
332144105411901,2009-03,2145.64,2
332144105411901,2009-07,2145.64,1
332144105411901,2009-08,2145.64,1
332144105411901,2009-10,2145.6,1
332144105411901,2010-03,2145.64,2
332144105411901,2010-05,2145.89,1
332144105411901,2010-07,2145.72,1
332144105411901,2010-10,2145.69,1
332144105411901,2011-01,2145.57,1
332144105411901,2011-03,2145.57,3
332144105411901,2011-05,2145.54,1
332144105411901,2011-07,2145.52,1
332144105411901,2011-11,2145.58,1
332144105411901,2012-02,2145.55,1
332144105411901,2012-08,2145.49,1
332144105411901,2012-11,2145.49,1
332144105411901,2013-01,2145.49,2
332144105411901,2013-03,2145.56,1
332144105411901,2013-05,2145.48,1
332144105411901,2013-06,2145.42,1
332144105411901,2013-07,2145.18,1
332144105411901,2013-08,2145.53,1
332144105411901,2013-09,2146.19,1
332144105411901,2013-11,2146.04,1
332144105411901,2014-02,2145.74,1
332144105411901,2014-03,2145.68,1
332144105411901,2014-08,2145.88,1
332144105411901,2014-10,2146.84,1
332144105411901,2018-01,2145.68,1
332402105282201,2003-03,1773.31,1
332402105282201,2003-07,1773.2,1
332402105282201,2008-04,1773.95,1
332402105282201,2008-05,1774.03,1
332402105282201,2008-06,1773.95,1
332402105282201,2008-07,1774.65,1
332402105282201,2008-09,1774.37,1
332402105282201,2008-10,1774.28,1
332402105282201,2008-11,1774.26,1
332402105282201,2008-12,1774.25,1
332402105282201,2009-01,1774.2,1
332402105282201,2009-02,1774.23,1
332402105282201,2009-03,1774.31,2
332402105282201,2009-05,1774.33,1
332402105282201,2009-06,1774.31,1
332402105282201,2009-07,1774.25,1
332402105282201,2009-08,1774.17,1
332402105282201,2009-09,1774.1,1
332402105282201,2009-10,1774.13,1
332402105282201,2009-11,1773.09,1
332402105282201,2010-01,1774.03,1
332402105282201,2010-03,1774.11,1
332402105282201,2010-05,1774.69,1
332402105282201,2010-07,1774.23,1
332402105282201,2010-10,1774.09,1
332402105282201,2011-01,1773.88,1
332402105282201,2011-03,1773.87,1
332402105282201,2011-05,1773.58,1
332402105282201,2011-07,1773.83,1
332402105282201,2011-10,1774.29,1
332402105282201,2012-01,1773.09,1
332402105282201,2012-03,1773.7,1
332402105282201,2012-06,1773.7,1
332402105282201,2012-07,1773.5,1
332402105282201,2012-09,1773.36,1
332402105282201,2012-11,1773.48,1
332402105282201,2013-01,1773.34,1
332402105282201,2013-03,1773.11,1
332402105282201,2013-05,1772.5,1
332402105282201,2013-07,1772.63,1
332402105282201,2013-09,1773.43,1
332402105282201,2013-11,1773.25,1
332402105282201,2014-01,1772.91,1
332402105282201,2014-03,1773.22,1
332402105282201,2014-05,1772.43,1
332402105282201,2014-07,1773.28,1
332402105282201,2014-09,1773.38,1
332402105282201,2018-01,1773.47,1
332402105282201,2022-01,1773.51,1
332402105282201,2023-01,1773.25,1
332402105282201,2024-01,1773.25,1
332402105282201,2025-01,1773.32,1
332402105282201,2026-01,1772.52,1
332615104303601,2000-01,1082.38,3
332615104303601,2000-02,1082.38,2
332615104303601,2000-03,1081.92,3
332615104303601,2000-04,1081.2,3
332615104303601,2000-05,1080.39,3
332615104303601,2000-06,1079.88,3
332615104303601,2000-07,1079.43,3
332615104303601,2000-08,1078.9,3
332615104303601,2000-09,1079.22,3
332615104303601,2000-10,1080.07,3
332615104303601,2000-11,1081.06,3
332615104303601,2000-12,1081.58,3
332615104303601,2001-01,1081.97,3
332615104303601,2001-02,1082.21,3
332615104303601,2001-03,1082.23,3
332615104303601,2001-04,1081.34,3
332615104303601,2001-05,1080.84,3
332615104303601,2001-06,1080.14,3
332615104303601,2001-07,1079.13,3
332615104303601,2001-08,1078.91,3
332615104303601,2001-09,1079.25,3
332615104303601,2001-10,1079.79,3
332615104303601,2001-11,1080.54,3
332615104303601,2001-12,1081.13,3
332615104303601,2002-01,1081.54,3
332615104303601,2002-02,1081.65,3
332615104303601,2002-03,1081.26,3
332615104303601,2002-04,1080.22,3
332615104303601,2002-05,1079.61,3
332615104303601,2002-06,1078.95,3
332615104303601,2002-07,1078.8,3
332615104303601,2002-08,1078.14,3
332615104303601,2002-09,1078.6,3
332615104303601,2002-10,1079.15,3
332615104303601,2002-11,1080.2,3
332615104303601,2002-12,1080.69,3
332615104303601,2003-01,1081.04,4
332615104303601,2003-02,1081.22,3
332615104303601,2003-03,1080.39,2
332615104303601,2003-04,1079.81,3
332615104303601,2003-05,1079.22,2
332615104303601,2003-06,1078.75,3
332615104303601,2003-07,1077.47,3
332615104303601,2003-08,1077.51,3
332615104303601,2003-09,1077.68,3
332615104303601,2003-10,1078.48,3
332615104303601,2003-11,1079.06,2
332615104303601,2003-12,1079.7,3
332615104303601,2004-01,1080.08,3
332615104303601,2004-02,1080.16,3
332615104303601,2004-03,1080.04,3
332615104303601,2004-04,1079.88,3
332615104303601,2004-05,1078.99,3
332615104303601,2004-06,1078.2,3
332615104303601,2004-07,1077.68,3
332615104303601,2004-08,1077.63,3
332615104303601,2004-09,1077.74,3
332615104303601,2004-10,1078.78,3
332615104303601,2004-11,1079.32,3
332615104303601,2004-12,1079.78,3
332615104303601,2005-01,1080.06,3
332615104303601,2005-02,1080.32,3
332932105225901,2008-04,1729.72,1
332932105225901,2008-05,1729.69,1
332932105225901,2008-06,1729.81,1
332932105225901,2008-07,1730.72,1
332932105225901,2008-09,1730.77,1
332932105225901,2008-10,1730.55,1
332932105225901,2008-11,1730.58,1
332932105225901,2008-12,1730.54,1
332932105225901,2009-01,1730.49,1
332932105225901,2009-02,1730.44,1
332932105225901,2009-03,1730.35,2
332932105225901,2009-05,1730.23,1
332932105225901,2009-06,1730.22,1
332932105225901,2009-07,1730.25,1
332932105225901,2009-08,1730.21,1
332932105225901,2009-09,1730.15,1
332932105225901,2009-10,1730.11,1
332932105225901,2009-11,1729.35,1
332932105225901,2010-03,1730.34,1
332932105225901,2010-05,1730.6,1
332932105225901,2010-07,1730.6,1
332932105225901,2010-10,1730.29,1
332932105225901,2011-01,1730.21,1
332932105225901,2011-03,1730.06,1
332932105225901,2011-05,1730.02,1
332932105225901,2011-07,1729.84,1
332932105225901,2012-01,1731.29,1
332932105225901,2012-03,1730.34,1
332932105225901,2012-06,1730.36,1
332932105225901,2012-08,1730.39,1
332932105225901,2012-09,1730.68,1
332932105225901,2012-11,1730.02,1
332932105225901,2013-01,1730.02,1
332932105225901,2013-03,1730.88,1
332932105225901,2013-06,1730.28,1
332932105225901,2013-08,1730.05,1
332932105225901,2013-09,1730.31,1
332932105225901,2013-11,1730.15,1
332932105225901,2014-03,1729.99,1
332932105225901,2014-05,1729.82,1
332932105225901,2014-07,1730.04,1
332932105225901,2014-09,1730.01,1
332932105225901,2018-01,1730.03,1
332937105314501,2002-10,1886.74,1
332937105314501,2003-03,1886.74,1
332937105314501,2003-07,1886.4,1
332937105314501,2006-02,1886.96,1
332937105314501,2007-02,1887.71,1
332937105314501,2008-02,1887.3,1
332937105314501,2008-05,1887.07,1
332937105314501,2008-06,1886.88,1
332937105314501,2008-07,1888.39,1
332937105314501,2008-09,1888.19,1
332937105314501,2008-10,1888.06,1
332937105314501,2008-11,1887.98,1
332937105314501,2008-12,1887.9,1
332937105314501,2009-01,1888.32,2
332937105314501,2009-02,1888.18,1
332937105314501,2009-03,1888.05,2
332937105314501,2009-05,1887.98,1
332937105314501,2009-06,1887.8,1
332937105314501,2009-07,1887.4,1
332937105314501,2009-08,1887.29,1
332937105314501,2009-09,1887.0,1
332937105314501,2009-10,1886.89,1
332937105314501,2009-11,1886.88,1
332937105314501,2010-03,1887.39,2
332937105314501,2010-05,1888.27,1
332937105314501,2010-07,1887.53,1
332937105314501,2010-10,1887.16,1
332937105314501,2011-03,1887.61,3
332937105314501,2011-05,1887.92,1
332937105314501,2012-01,1887.85,1
332937105314501,2012-02,1886.82,1
332937105314501,2012-03,1886.74,1
332937105314501,2012-06,1886.57,1
332937105314501,2012-08,1887.02,1
332937105314501,2012-09,1889.03,1
332937105314501,2012-11,1886.91,1
332937105314501,2013-01,1887.06,2
332937105314501,2013-03,1886.95,1
332937105314501,2013-06,1889.03,1
332937105314501,2013-08,1887.01,1
332937105314501,2013-09,1888.67,1
332937105314501,2013-11,1887.23,1
332937105314501,2014-01,1887.53,2
332937105314501,2014-03,1887.59,1
332937105314501,2014-05,1887.3,1
332937105314501,2014-07,1886.99,1
332937105314501,2014-09,1887.0,1
332937105314501,2016-08,1886.87,1
332937105314501,2017-04,1887.15,2
332937105314501,2017-07,1886.87,1
332937105314501,2017-09,1886.79,1
332937105314501,2017-12,1886.98,1
332937105314501,2018-02,1887.05,1
332937105314501,2018-03,1887.25,1
332937105314501,2018-06,1886.83,1
332937105314501,2018-11,1887.09,1
332937105314501,2019-05,1887.16,1
332937105314501,2019-08,1886.96,1
332937105314501,2020-01,1887.12,1
332937105314501,2020-04,1887.52,1
332937105314501,2020-06,1886.91,1
332937105314501,2020-10,1886.75,1
332937105314501,2021-01,1887.05,1
332937105314501,2021-03,1887.11,1
332937105314501,2022-01,1887.07,1
332937105314501,2022-08,1886.9,1
332937105314501,2023-01,1887.05,1
332937105314501,2023-04,1887.31,1
332937105314501,2023-05,1887.18,1
332937105314501,2023-06,1887.06,2
332937105314501,2023-07,1886.86,1
332937105314501,2023-08,1886.79,1
332937105314501,2024-04,1887.24,1
332937105314501,2024-06,1886.95,1
332937105314501,2024-08,1886.77,2
332937105314501,2024-10,1886.76,1
332937105314501,2025-03,1887.06,2
332937105314501,2025-12,1887.01,1
332937105314501,2026-02,1887.05,1
332937105314501,2026-04,1887.14,1
332937105314501,2026-08,1886.77,1
352949105144301,2010-09,1916.07,1
352949105144301,2010-11,1915.31,1
352949105144301,2011-01,1913.2,1
352949105144301,2011-03,1911.07,1
352949105144301,2011-08,1906.16,1
352949105144301,2013-01,1899.53,1
352949105144301,2013-02,1899.26,1
352949105144301,2013-03,1898.67,1
352949105144301,2013-04,1897.93,1
352949105144301,2013-05,1897.75,1
352949105144301,2013-09,1897.89,1
352949105144301,2013-10,1905.14,1
352949105144301,2013-11,1900.62,1
352949105144301,2013-12,1900.55,1
352949105144301,2014-02,1900.41,1
352949105144301,2014-03,1900.49,1
352949105144301,2014-04,1900.7,1
352949105144301,2014-05,1901.15,1
352949105144301,2014-06,1900.74,1
352949105144301,2014-09,1906.12,2
352949105144301,2014-10,1906.82,1
352949105144301,2014-12,1908.18,1
352949105144301,2015-01,1909.15,1
352949105144301,2015-02,1909.52,2
352949105144301,2015-03,1910.15,1
352949105144301,2015-04,1911.07,1
352949105144301,2015-06,1912.99,1
352949105144301,2015-07,1914.29,1
352949105144301,2016-05,1919.96,1
352949105144301,2016-06,1920.39,1
352949105144301,2016-07,1920.76,1
352949105144301,2016-10,1921.54,1
352949105144301,2017-03,1922.52,1
352949105144301,2017-06,1923.04,1
352949105144301,2017-09,1925.06,1
352949105144301,2018-02,1931.14,1
352949105144301,2018-03,1931.38,1
352949105144301,2018-05,1931.69,1
352949105144301,2018-06,1931.75,1
352949105144301,2018-09,1932.72,1
352949105144301,2018-10,1932.73,1
352949105144301,2018-11,1933.6,1
352949105144301,2019-01,1933.18,1
352949105144301,2019-05,1933.49,1
352949105144301,2019-08,1933.55,1
352949105144301,2019-10,1933.35,1
352949105144301,2020-06,1932.51,1
352949105144301,2020-10,1932.44,1
352949105144301,2020-11,1932.32,1
352949105144301,2020-12,1932.23,1
352949105144301,2021-03,1931.96,1
352949105144301,2021-04,1931.86,1
352949105144301,2021-05,1931.74,1
352949105144301,2021-07,1931.96,2
352949105144301,2021-10,1932.6,1
352949105144301,2021-12,1932.52,1
352949105144301,2022-03,1932.23,1
352949105144301,2022-07,1931.75,1
352949105144301,2022-11,1931.98,1
352949105144301,2023-02,1931.71,1
352949105144301,2023-04,1931.58,1
352949105144301,2023-07,1932.23,1
352949105144301,2024-01,1931.97,1
352949105144301,2024-02,1931.78,1
352949105144301,2024-10,1932.24,1
352949105144301,2024-12,1933.98,1
352949105144301,2025-01,1934.88,1
352949105144301,2025-03,1935.48,1
352949105144301,2025-04,1935.85,1
352949105144301,2025-06,1936.37,1
352949105144301,2025-08,1937.2,1
352949105144301,2025-11,1937.92,1
352949105144301,2026-02,1937.74,1
352949105144301,2026-03,1937.66,1
352949105144301,2026-04,1937.36,1
352949105144301,2026-07,1936.76,1
TWDB_4525713,2025-11,762.01,10
TWDB_4525713,2025-12,762.03,31
TWDB_4525713,2026-01,762.03,31
TWDB_4525713,2026-02,762.06,28
TWDB_4525713,2026-03,762.04,31
TWDB_4525713,2026-04,762.05,30
TWDB_4525713,2026-05,762.04,31
TWDB_4525713,2026-06,762.05,30
TWDB_4525713,2026-07,762.04,31
TWDB_4525713,2026-08,762.05,16
TWDB_4525715,2012-05,762.35,10
TWDB_4525715,2012-06,762.1,30
TWDB_4525715,2012-07,761.81,31
TWDB_4525715,2012-08,761.62,30
TWDB_4525715,2012-09,761.49,30
TWDB_4525715,2012-10,761.41,31
TWDB_4525715,2012-11,761.35,29
TWDB_4525715,2012-12,761.31,26
TWDB_4525715,2013-01,761.3,31
TWDB_4525715,2013-02,761.25,26
TWDB_4525715,2013-03,761.26,16
TWDB_4525715,2013-04,761.27,2
TWDB_4525715,2013-05,761.26,30
TWDB_4525715,2013-06,761.25,30
TWDB_4525715,2013-07,761.23,30
TWDB_4525715,2013-08,761.21,31
TWDB_4525715,2013-09,761.18,18
TWDB_4525715,2013-10,761.17,31
TWDB_4525715,2013-11,761.15,30
TWDB_4525715,2013-12,761.14,31
TWDB_4525715,2014-01,761.16,31
TWDB_4525715,2014-02,761.19,28
TWDB_4525715,2014-03,761.21,31
TWDB_4525715,2014-04,761.21,30
TWDB_4525715,2014-05,761.2,31
TWDB_4525715,2014-06,761.19,30
TWDB_4525715,2014-07,761.19,31
TWDB_4525715,2014-08,761.2,31
TWDB_4525715,2014-09,761.19,30
TWDB_4525715,2014-10,761.19,31
TWDB_4525715,2014-11,761.2,30
TWDB_4525715,2014-12,761.21,31
TWDB_4525715,2015-01,761.23,30
TWDB_4525715,2015-02,761.25,28
TWDB_4525715,2015-03,761.29,31
TWDB_4525715,2015-04,761.31,30
TWDB_4525715,2015-05,761.33,31
TWDB_4525715,2015-06,761.35,30
TWDB_4525715,2015-07,761.37,31
TWDB_4525715,2015-08,761.38,31
TWDB_4525715,2015-09,761.42,30
TWDB_4525715,2015-10,761.46,31
TWDB_4525715,2015-11,761.5,30
TWDB_4525715,2015-12,761.54,31
TWDB_4525715,2016-01,761.58,31
TWDB_4525715,2016-02,761.62,29
TWDB_4525715,2016-03,761.67,31
TWDB_4525715,2016-04,761.69,30
TWDB_4525715,2016-05,761.71,31
TWDB_4525715,2016-06,761.72,30
TWDB_4525715,2016-07,761.73,31
TWDB_4525715,2016-08,761.74,31
TWDB_4525715,2016-09,761.74,30
TWDB_4525715,2016-10,761.76,31
TWDB_4525715,2016-11,761.77,30
TWDB_4525715,2016-12,761.79,30
TWDB_4525715,2017-01,761.82,31
TWDB_4525715,2017-02,761.86,28
TWDB_4525715,2017-03,761.88,31
TWDB_4525715,2017-04,761.89,30
TWDB_4525715,2017-05,761.9,31
TWDB_4525715,2017-06,761.9,30
TWDB_4525715,2017-07,761.9,31
TWDB_4525715,2017-08,761.92,31
TWDB_4525715,2017-09,761.92,27
TWDB_4525715,2017-10,761.92,30
TWDB_4525715,2017-11,761.92,30
TWDB_4525715,2017-12,761.93,31
TWDB_4525715,2018-01,761.93,31
TWDB_4525715,2018-02,762.02,28
TWDB_4525715,2018-03,762.04,31
TWDB_4525715,2018-04,762.05,30
TWDB_4525715,2018-05,762.06,31
TWDB_4525715,2018-06,762.07,30
TWDB_4525715,2018-07,762.07,31
TWDB_4525715,2018-08,762.16,31
TWDB_4525715,2018-09,762.2,30
TWDB_4525715,2018-10,762.22,31
TWDB_4525715,2018-11,762.24,30
TWDB_4525715,2018-12,762.26,31
TWDB_4525715,2019-01,762.27,31
TWDB_4525715,2019-02,762.3,28
TWDB_4525715,2019-03,762.32,31
TWDB_4525715,2019-04,762.27,25
TWDB_4525715,2019-05,762.3,30
TWDB_4525715,2019-06,762.29,30
TWDB_4525715,2019-07,762.29,31
TWDB_4525715,2019-08,762.32,31
TWDB_4525715,2019-09,762.31,30
TWDB_4525715,2019-10,762.3,31
TWDB_4525715,2019-11,762.3,30
TWDB_4525715,2019-12,762.32,31
TWDB_4525715,2020-01,762.33,31
TWDB_4525715,2020-02,762.37,29
TWDB_4525715,2020-03,762.42,5
TWDB_4525715,2022-06,762.48,22
TWDB_4525715,2022-07,762.51,31
TWDB_4525715,2022-08,762.52,31
TWDB_4525715,2022-09,762.55,30
TWDB_4525715,2022-10,762.56,31
TWDB_4525715,2022-11,762.58,30
TWDB_4525715,2022-12,762.59,31
TWDB_4525715,2023-01,762.6,31
TWDB_4525715,2023-02,762.6,28
TWDB_4525715,2023-03,762.6,31
TWDB_4525715,2023-04,762.59,30
TWDB_4525715,2023-05,762.59,31
TWDB_4525715,2023-06,762.59,30
TWDB_4525715,2023-07,762.58,31
TWDB_4525715,2023-08,762.57,31
TWDB_4525715,2023-09,762.56,30
TWDB_4525715,2023-10,762.56,31
TWDB_4525715,2023-11,762.55,30
TWDB_4525715,2023-12,762.55,31
TWDB_4525715,2024-01,762.55,31
TWDB_4525715,2024-02,762.53,29
TWDB_4525715,2024-03,762.55,31
TWDB_4525715,2024-04,762.52,30
TWDB_4525715,2024-05,762.51,31
TWDB_4525715,2024-06,762.55,30
TWDB_4525715,2024-07,762.53,31
TWDB_4525715,2024-08,762.52,31
TWDB_4525715,2024-09,762.51,30
TWDB_4525715,2024-10,762.5,31
TWDB_4525715,2024-11,762.48,30
TWDB_4525715,2024-12,762.46,28
TWDB_4525715,2025-01,762.46,31
TWDB_4525715,2025-02,762.47,28
TWDB_4525715,2025-03,762.47,31
TWDB_4525715,2025-04,762.47,30
TWDB_4525715,2025-05,762.41,15
TWDB_4526203,2024-08,814.5,18
TWDB_4526203,2024-09,814.51,19
TWDB_4526203,2024-11,814.48,25
TWDB_4526203,2024-12,814.49,31
TWDB_4526203,2025-01,814.48,31
TWDB_4526203,2025-02,814.48,27
TWDB_4526203,2025-03,814.47,31
TWDB_4526203,2025-04,814.47,30
TWDB_4526203,2025-05,814.46,27
TWDB_4526203,2025-06,814.44,30
TWDB_4526203,2025-07,814.46,31
TWDB_4526203,2025-08,814.44,31
TWDB_4526203,2025-09,814.42,30
TWDB_4526203,2025-10,814.41,31
TWDB_4526203,2025-11,814.4,30
TWDB_4526203,2025-12,814.4,31
TWDB_4526203,2026-01,814.4,31
TWDB_4526203,2026-02,814.4,28
TWDB_4526203,2026-03,814.4,31
TWDB_4526203,2026-04,814.38,30
TWDB_4526203,2026-05,814.36,31
TWDB_4526203,2026-06,814.36,30
TWDB_4526203,2026-07,814.36,31
TWDB_4526203,2026-08,814.36,16
TWDB_4557603,2008-04,815.88,29
TWDB_4557603,2008-05,815.66,31
TWDB_4557603,2008-06,815.54,30
TWDB_4557603,2008-07,815.65,29
TWDB_4557603,2008-08,815.67,31
TWDB_4557603,2008-09,815.66,30
TWDB_4557603,2008-10,815.74,31
TWDB_4557603,2008-11,815.71,30
TWDB_4557603,2008-12,815.75,31
TWDB_4557603,2009-01,815.7,31
TWDB_4557603,2009-02,815.66,28
TWDB_4557603,2009-03,815.45,31
TWDB_4557603,2009-04,815.55,30
TWDB_4557603,2009-05,815.52,31
TWDB_4557603,2009-06,815.59,30
TWDB_4557603,2009-07,815.6,31
TWDB_4557603,2009-08,815.42,31
TWDB_4557603,2009-09,815.3,30
TWDB_4557603,2009-10,815.76,31
TWDB_4557603,2009-11,815.75,30
TWDB_4557603,2009-12,815.79,31
TWDB_4557603,2010-01,815.8,31
TWDB_4557603,2010-02,815.83,28
TWDB_4557603,2010-03,815.78,31
TWDB_4557603,2010-04,816.05,30
TWDB_4557603,2010-05,815.96,31
TWDB_4557603,2010-06,815.35,30
TWDB_4557603,2010-07,815.57,31
TWDB_4557603,2010-08,815.53,31
TWDB_4557603,2010-09,815.78,30
TWDB_4557603,2010-10,815.9,7
TWDB_4557603,2010-11,815.98,2
TWDB_4557603,2010-12,816.1,31
TWDB_4557603,2011-01,816.21,31
TWDB_4557603,2011-02,816.31,28
TWDB_4557603,2011-03,816.35,31
TWDB_4557603,2011-04,816.04,30
TWDB_4557603,2011-05,815.99,31
TWDB_4557603,2011-06,815.94,30
TWDB_4557603,2011-07,815.83,31
TWDB_4557603,2011-08,815.68,31
TWDB_4557603,2011-09,815.4,30
TWDB_4557603,2011-10,815.35,31
TWDB_4557603,2011-11,815.13,30
TWDB_4557603,2011-12,815.27,31
TWDB_4557603,2012-01,815.36,31
TWDB_4557603,2012-02,815.37,29
TWDB_4557603,2012-03,815.19,31
TWDB_4557603,2012-04,814.78,30
TWDB_4557603,2012-05,814.61,31
TWDB_4557603,2012-06,814.75,30
TWDB_4557603,2012-07,814.52,31
TWDB_4557603,2012-08,814.68,31
TWDB_4557603,2012-09,814.44,30
TWDB_4557603,2012-10,814.54,31
TWDB_4557603,2012-11,814.54,30
TWDB_4557603,2012-12,814.6,31
TWDB_4557603,2013-01,814.67,31
TWDB_4557603,2013-02,814.74,28
TWDB_4557603,2013-03,814.68,31
TWDB_4557603,2013-04,814.67,30
TWDB_4557603,2013-05,814.53,31
TWDB_4557603,2013-06,814.3,30
TWDB_4557603,2013-07,814.11,31
TWDB_4557603,2013-08,814.29,31
TWDB_4557603,2013-09,814.33,30
TWDB_4557603,2013-10,814.35,2
TWDB_4563705,2008-04,684.37,7
TWDB_4563705,2008-05,684.29,31
TWDB_4563705,2008-06,684.32,30
TWDB_4563705,2008-07,684.28,31
TWDB_4563705,2008-08,684.21,31
TWDB_4563705,2008-09,684.28,30
TWDB_4563705,2008-10,684.38,31
TWDB_4563705,2008-11,684.37,30
TWDB_4563705,2008-12,684.48,31
TWDB_4563705,2009-01,684.52,31
TWDB_4563705,2009-02,684.54,28
TWDB_4563705,2009-03,684.47,31
TWDB_4563705,2009-04,684.34,30
TWDB_4563705,2009-05,684.43,31
TWDB_4563705,2009-06,684.45,30
TWDB_4563705,2009-07,684.39,31
TWDB_4563705,2009-08,684.31,31
TWDB_4563705,2009-09,684.33,30
TWDB_4563705,2009-10,684.54,31
TWDB_4563705,2009-11,684.54,30
TWDB_4563705,2009-12,684.57,31
TWDB_4563705,2010-01,684.59,31
TWDB_4563705,2010-02,684.61,28
TWDB_4563705,2010-03,684.63,31
TWDB_4563705,2010-04,684.6,30
TWDB_4563705,2010-05,684.55,31
TWDB_4563705,2010-06,684.58,30
TWDB_4563705,2010-07,684.6,31
TWDB_4563705,2010-08,684.61,31
TWDB_4563705,2010-09,684.65,30
TWDB_4563705,2010-10,684.68,31
TWDB_4563705,2010-11,684.71,30
TWDB_4563705,2010-12,684.74,31
TWDB_4563705,2011-01,684.76,31
TWDB_4563705,2011-02,684.77,28
TWDB_4563705,2011-03,684.86,31
TWDB_4563705,2011-04,684.85,30
TWDB_4563705,2011-05,684.79,31
TWDB_4563705,2011-06,684.71,30
TWDB_4563705,2011-07,684.6,31
TWDB_4563705,2011-08,684.33,28
TWDB_4563705,2011-09,684.1,30
TWDB_4563705,2011-10,684.14,31
TWDB_4563705,2011-11,684.11,30
TWDB_4563705,2011-12,684.1,31
TWDB_4563705,2012-01,684.11,31
TWDB_4563705,2012-02,684.12,29
TWDB_4563705,2012-03,684.11,31
TWDB_4563705,2012-04,684.05,30
TWDB_4563705,2012-05,684.08,31
TWDB_4563705,2012-06,684.13,30
TWDB_4563705,2012-07,684.08,31
TWDB_4563705,2012-08,683.92,31
TWDB_4563705,2012-09,683.89,30
TWDB_4563705,2012-10,683.89,31
TWDB_4563705,2012-11,683.87,30
TWDB_4563705,2012-12,683.88,31
TWDB_4563705,2013-01,683.87,31
TWDB_4563705,2013-02,683.9,28
TWDB_4563705,2013-03,683.93,31
TWDB_4563705,2013-04,683.93,30
TWDB_4563705,2013-05,683.85,31
TWDB_4563705,2013-06,683.73,30
TWDB_4563705,2013-07,683.72,31
TWDB_4563705,2013-08,683.63,31
TWDB_4563705,2013-09,683.34,30
TWDB_4563705,2013-10,683.1,9
TWDB_4615924,2013-01,821.6,2
TWDB_4615924,2013-02,821.51,28
TWDB_4615924,2013-03,820.94,31
TWDB_4615924,2013-04,819.83,30
TWDB_4615924,2013-05,818.6,31
TWDB_4615924,2013-06,817.86,30
TWDB_4615924,2013-07,818.18,31
TWDB_4615924,2013-08,817.53,31
TWDB_4615924,2013-09,818.03,30
TWDB_4615924,2013-10,819.01,31
TWDB_4615924,2013-11,819.7,30
TWDB_4615924,2013-12,820.78,31
TWDB_4615924,2014-01,821.21,31
TWDB_4615924,2014-02,820.55,28
TWDB_4615924,2014-03,820.22,31
TWDB_4615924,2014-04,819.64,30
TWDB_4615924,2014-05,818.79,31
TWDB_4615924,2014-06,818.24,30
TWDB_4615924,2014-07,817.18,31
TWDB_4615924,2014-08,817.17,31
TWDB_4615924,2014-09,818.72,30
TWDB_4615924,2014-10,819.5,31
TWDB_4615924,2014-11,820.45,30
TWDB_4615924,2014-12,821.1,31
TWDB_4615924,2015-01,821.22,31
TWDB_4615924,2015-02,821.22,28
TWDB_4615924,2015-03,821.17,31
TWDB_4615924,2015-04,819.72,30
TWDB_4615924,2015-05,819.62,31
TWDB_4615924,2015-06,818.85,30
TWDB_4615924,2015-07,817.7,31
TWDB_4615924,2015-08,816.99,31
TWDB_4615924,2015-09,818.7,30
TWDB_4615924,2015-10,820.32,31
TWDB_4615924,2015-11,821.3,30
TWDB_4615924,2015-12,821.6,31
TWDB_4615924,2016-01,822.04,31
TWDB_4615924,2016-02,821.58,29
TWDB_4615924,2016-03,820.21,31
TWDB_4615924,2016-04,820.61,30
TWDB_4615924,2016-05,820.09,31
TWDB_4615924,2016-06,819.35,30
TWDB_4615924,2016-07,818.52,31
TWDB_4615924,2016-08,818.44,31
TWDB_4615924,2016-09,819.95,30
TWDB_4615924,2016-10,820.49,31
TWDB_4615924,2016-11,821.49,30
TWDB_4615924,2016-12,821.45,30
TWDB_4615924,2017-01,821.74,31
TWDB_4615924,2017-02,821.3,28
TWDB_4615924,2017-03,821.02,31
TWDB_4615924,2017-04,820.4,30
TWDB_4615924,2017-05,819.65,31
TWDB_4615924,2017-06,818.52,30
TWDB_4615924,2017-07,818.42,31
TWDB_4615924,2017-08,819.47,31
TWDB_4615924,2017-09,819.38,30
TWDB_4615924,2017-10,820.41,31
TWDB_4615924,2017-11,821.13,30
TWDB_4615924,2017-12,821.58,31
TWDB_4615924,2018-01,821.54,31
TWDB_4615924,2018-02,821.53,28
TWDB_4615924,2018-03,821.01,31
TWDB_4615924,2018-04,818.97,30
TWDB_4615924,2018-05,818.34,31
TWDB_4615924,2018-06,817.98,30
TWDB_4615924,2018-07,818.2,11
TWDB_4615924,2018-08,817.33,23
TWDB_4615924,2018-09,817.9,30
TWDB_4615924,2018-10,819.24,31
TWDB_4615924,2018-11,819.63,30
TWDB_4615924,2018-12,820.06,31
TWDB_4615924,2019-01,820.41,31
TWDB_4615924,2019-02,820.24,28
TWDB_4615924,2019-03,819.87,12
TWDB_4615924,2019-04,819.31,28
TWDB_4615924,2019-05,819.06,31
TWDB_4615924,2019-06,818.6,30
TWDB_4615924,2019-07,817.74,31
TWDB_4615924,2019-08,816.92,31
TWDB_4615924,2019-09,817.45,30
TWDB_4615924,2019-10,817.64,10
TWDB_4615924,2019-12,820.03,23
TWDB_4615924,2020-01,820.4,31
TWDB_4615924,2020-02,820.08,29
TWDB_4615924,2020-03,819.34,31
TWDB_4615924,2020-04,818.53,30
TWDB_4615924,2020-05,817.83,31
TWDB_4615924,2020-06,817.12,30
TWDB_4615924,2020-07,816.58,31
TWDB_4615924,2020-08,816.54,31
TWDB_4615924,2020-09,817.2,30
TWDB_4615924,2020-10,817.77,31
TWDB_4615924,2020-11,818.69,30
TWDB_4615924,2020-12,819.17,31
TWDB_4615924,2021-01,819.58,31
TWDB_4615924,2021-02,819.46,28
TWDB_4615924,2021-03,819.23,31
TWDB_4615924,2021-04,818.76,30
TWDB_4615924,2021-05,818.14,31
TWDB_4615924,2021-06,817.6,30
TWDB_4615924,2021-07,817.64,31
TWDB_4615924,2021-08,817.65,31
TWDB_4615924,2021-09,817.38,30
TWDB_4615924,2021-10,817.85,31
TWDB_4615924,2021-11,818.54,30
TWDB_4615924,2021-12,818.78,31
TWDB_4615924,2022-01,818.85,31
TWDB_4615924,2022-02,818.73,28
TWDB_4615924,2022-03,818.5,31
TWDB_4615924,2022-04,817.45,30
TWDB_4615924,2022-05,816.86,8
TWDB_4615924,2022-06,816.93,22
TWDB_4615924,2022-07,816.74,31
TWDB_4615924,2022-08,816.68,31
TWDB_4615924,2022-09,817.31,30
TWDB_4615924,2022-10,817.54,31
TWDB_4615924,2022-11,818.41,30
TWDB_4615924,2022-12,819.0,31
TWDB_4615924,2023-01,819.23,31
TWDB_4615924,2023-02,819.23,28
TWDB_4615924,2023-03,818.78,31
TWDB_4615924,2023-04,818.06,30
TWDB_4615924,2023-05,817.63,31
TWDB_4615924,2023-06,817.01,30
TWDB_4615924,2023-07,816.51,31
TWDB_4615924,2023-08,816.02,31
TWDB_4615924,2023-09,816.57,7
TWDB_4615924,2023-11,818.32,2
TWDB_4615924,2023-12,818.49,31
TWDB_4615924,2024-01,818.68,28
TWDB_4615924,2024-02,818.65,29
TWDB_4615924,2024-03,817.97,31
TWDB_4615924,2024-04,817.38,30
TWDB_4615924,2024-05,816.92,31
TWDB_4615924,2024-06,816.13,30
TWDB_4615924,2024-07,816.07,31
TWDB_4615924,2024-08,816.06,31
TWDB_4615924,2024-09,816.64,30
TWDB_4615924,2024-10,816.8,31
TWDB_4615924,2024-11,817.69,30
TWDB_4615924,2024-12,818.42,31
TWDB_4615924,2025-01,818.58,29
TWDB_4615924,2025-02,818.35,27
TWDB_4615924,2025-03,817.78,31
TWDB_4615924,2025-04,817.35,30
TWDB_4615924,2025-05,817.05,31
TWDB_4615924,2025-06,816.7,30
TWDB_4615924,2025-07,816.84,31
TWDB_4615924,2025-08,816.21,31
TWDB_4615924,2025-09,816.43,30
TWDB_4615924,2025-10,816.86,31
TWDB_4615924,2025-11,817.7,30
TWDB_4615924,2025-12,818.19,31
TWDB_4615924,2026-01,818.21,31
TWDB_4615924,2026-02,817.9,28
TWDB_4615924,2026-03,817.54,31
TWDB_4615924,2026-04,817.1,30
TWDB_4615924,2026-05,816.92,31
TWDB_4615924,2026-06,816.5,30
TWDB_4615924,2026-07,816.38,31
TWDB_4615924,2026-08,815.65,17
TWDB_4644501,2000-01,763.32,31
TWDB_4644501,2000-02,763.55,29
TWDB_4644501,2000-03,763.89,31
TWDB_4644501,2000-04,763.4,30
TWDB_4644501,2000-05,763.24,31
TWDB_4644501,2000-06,763.55,30
TWDB_4644501,2000-07,763.26,31
TWDB_4644501,2000-08,762.77,31
TWDB_4644501,2000-09,763.01,30
TWDB_4644501,2000-10,763.33,31
TWDB_4644501,2000-11,763.67,23
TWDB_4644501,2001-09,763.35,25
TWDB_4644501,2001-10,764.43,31
TWDB_4644501,2001-11,764.46,30
TWDB_4644501,2001-12,764.5,31
TWDB_4644501,2002-01,764.82,31
TWDB_4644501,2002-02,764.99,28
TWDB_4644501,2002-03,765.03,31
TWDB_4644501,2002-04,764.87,30
TWDB_4644501,2002-05,763.79,29
TWDB_4644501,2002-06,764.0,30
TWDB_4644501,2002-07,764.02,31
TWDB_4644501,2002-08,763.87,31
TWDB_4644501,2002-09,764.88,30
TWDB_4644501,2002-10,764.49,31
TWDB_4644501,2002-11,766.65,30
TWDB_4644501,2002-12,767.41,28
TWDB_4644501,2003-01,762.85,31
TWDB_4644501,2003-02,763.02,28
TWDB_4644501,2003-03,763.07,31
TWDB_4644501,2003-04,762.91,30
TWDB_4644501,2003-05,762.33,31
TWDB_4644501,2003-06,762.05,21
TWDB_4644501,2003-07,761.84,31
TWDB_4644501,2003-08,761.44,31
TWDB_4644501,2003-09,761.76,30
TWDB_4644501,2003-10,761.87,31
TWDB_4644501,2003-11,762.11,28
TWDB_4644501,2003-12,762.54,31
TWDB_4644501,2004-01,762.82,28
TWDB_4644501,2004-02,763.05,29
TWDB_4644501,2004-03,762.92,31
TWDB_4644501,2004-04,762.63,30
TWDB_4644501,2004-05,762.18,13
TWDB_4644501,2004-07,760.94,31
TWDB_4644501,2004-08,761.25,31
TWDB_4644501,2004-09,761.11,30
TWDB_4644501,2004-10,761.76,31
TWDB_4644501,2004-11,762.14,30
TWDB_4644501,2004-12,762.55,31
TWDB_4644501,2005-01,762.75,31
TWDB_4644501,2005-02,762.83,28
TWDB_4644501,2005-03,762.35,31
TWDB_4644501,2005-04,762.04,30
TWDB_4644501,2005-05,761.66,31
TWDB_4644501,2005-06,761.16,30
TWDB_4644501,2005-07,760.23,31
TWDB_4644501,2005-08,760.38,31
TWDB_4644501,2005-09,760.53,30
TWDB_4644501,2005-10,761.61,30
TWDB_4644501,2005-11,761.74,29
TWDB_4644501,2005-12,761.74,31
TWDB_4644501,2006-01,762.51,31
TWDB_4644501,2006-02,762.79,28
TWDB_4644501,2006-03,762.3,30
TWDB_4644501,2006-04,761.89,25
TWDB_4644501,2006-07,760.21,5
TWDB_4644501,2006-08,761.09,31
TWDB_4644501,2006-09,761.47,30
TWDB_4644501,2006-10,761.68,31
TWDB_4644501,2006-11,762.2,30
TWDB_4644501,2006-12,762.45,31
TWDB_4644501,2007-01,762.76,31
TWDB_4644501,2007-02,762.91,28
TWDB_4644501,2007-03,762.23,31
TWDB_4644501,2007-04,762.15,30
TWDB_4644501,2007-05,762.37,31
TWDB_4644501,2007-06,761.83,30
TWDB_4644501,2007-07,761.15,31
TWDB_4644501,2007-08,761.61,8
TWDB_4644501,2007-09,761.69,5
TWDB_4644501,2007-10,761.21,31
TWDB_4644501,2007-11,761.43,11
TWDB_4644501,2008-01,762.95,1
TWDB_4644501,2008-02,762.99,29
TWDB_4644501,2008-03,762.65,11
TWDB_4644501,2008-04,761.99,6
TWDB_4644501,2008-06,760.86,26
TWDB_4644501,2008-07,760.95,31
TWDB_4644501,2008-08,760.56,29
TWDB_4644501,2008-09,760.99,29
TWDB_4644501,2008-10,760.92,30
TWDB_4644501,2008-11,761.46,29
TWDB_4644501,2008-12,762.15,23
TWDB_4644501,2009-01,762.46,29
TWDB_4644501,2009-02,762.45,14
TWDB_4644501,2009-03,761.48,31
TWDB_4644501,2009-04,761.5,30
TWDB_4644501,2009-05,761.25,31
TWDB_4644501,2009-06,760.73,30
TWDB_4644501,2009-07,761.13,6
TWDB_4644501,2009-08,759.97,4
TWDB_4644501,2009-09,760.46,14
TWDB_4644501,2009-10,760.48,31
TWDB_4644501,2009-11,761.36,27
TWDB_4644501,2009-12,761.97,31
TWDB_4644501,2010-01,762.35,31
TWDB_4644501,2010-02,762.4,26
TWDB_4644501,2010-03,761.49,31
TWDB_4644501,2010-04,761.57,30
TWDB_4644501,2010-05,760.97,31
TWDB_4644501,2010-06,759.53,30
TWDB_4644501,2010-07,760.09,31
TWDB_4644501,2010-08,759.1,31
TWDB_4644501,2010-09,759.9,30
TWDB_4644501,2010-10,759.94,31
TWDB_4644501,2010-11,760.52,30
TWDB_4644501,2010-12,761.1,31
TWDB_4644501,2011-01,761.65,31
TWDB_4644501,2011-02,761.77,27
TWDB_4644501,2011-03,760.52,31
TWDB_4644501,2011-04,760.53,29
TWDB_4644501,2011-05,760.14,21
TWDB_4644501,2011-06,759.31,23
TWDB_4644501,2011-07,758.6,31
TWDB_4644501,2011-08,758.07,31
TWDB_4644501,2011-09,758.12,30
TWDB_4644501,2011-10,758.36,31
TWDB_4644501,2011-11,759.42,30
TWDB_4644501,2011-12,760.29,31
TWDB_4644501,2012-01,760.54,30
TWDB_4644501,2012-02,760.63,29
TWDB_4644501,2012-03,759.95,24
TWDB_4644501,2012-04,759.41,30
TWDB_4644501,2012-05,759.49,30
TWDB_4644501,2012-06,759.24,30
TWDB_4644501,2012-07,758.93,31
TWDB_4644501,2012-08,758.79,30
TWDB_4644501,2012-09,759.09,30
TWDB_4644501,2012-10,759.33,31
TWDB_4644501,2012-11,759.59,29
TWDB_4644501,2012-12,760.15,27
TWDB_4644501,2013-01,760.47,31
TWDB_4644501,2013-02,760.49,28
TWDB_4644501,2013-03,759.94,31
TWDB_4644501,2013-04,759.31,30
TWDB_4644501,2013-05,758.53,30
TWDB_4644501,2013-06,757.72,30
TWDB_4644501,2013-07,757.84,31
TWDB_4644501,2013-08,757.48,31
TWDB_4644501,2013-09,757.23,30
TWDB_4644501,2013-10,757.33,31
TWDB_4644501,2013-11,757.53,30
TWDB_4644501,2013-12,758.58,31
TWDB_4644501,2014-01,759.73,31
TWDB_4644501,2014-02,759.43,28
TWDB_4644501,2014-03,758.09,31
TWDB_4644501,2014-04,757.86,30
TWDB_4644501,2014-05,756.93,31
TWDB_4644501,2014-06,756.49,30
TWDB_4644501,2014-07,755.87,31
TWDB_4644501,2014-08,755.47,31
TWDB_4644501,2014-09,756.31,30
TWDB_4644501,2014-10,756.5,31
TWDB_4644501,2014-11,757.27,30
TWDB_4644501,2014-12,758.09,31
TWDB_4644501,2015-01,758.82,31
TWDB_4644501,2015-02,758.61,28
TWDB_4644501,2015-03,758.3,31
TWDB_4644501,2015-04,757.38,30
TWDB_4644501,2015-05,756.95,31
TWDB_4644501,2015-06,756.48,30
TWDB_4644501,2015-07,755.88,31
TWDB_4644501,2015-08,755.21,31
TWDB_4644501,2015-09,755.04,30
TWDB_4644501,2015-10,756.65,31
TWDB_4644501,2015-11,757.36,30
TWDB_4644501,2015-12,757.93,31
TWDB_4644501,2016-01,758.44,31
TWDB_4644501,2016-02,758.13,29
TWDB_4644501,2016-03,756.87,31
TWDB_4644501,2016-04,756.72,30
TWDB_4644501,2016-05,755.4,31
TWDB_4644501,2016-06,755.01,30
TWDB_4644501,2016-07,754.57,31
TWDB_4644501,2016-08,754.68,31
TWDB_4644501,2016-09,755.8,30
TWDB_4644501,2016-10,755.72,31
TWDB_4644501,2016-11,756.17,30
TWDB_4644501,2016-12,756.8,27
TWDB_4644501,2017-01,757.01,31
TWDB_4644501,2017-02,756.37,28
TWDB_4644501,2017-03,755.39,31
TWDB_4644501,2017-04,754.83,30
TWDB_4644501,2017-05,754.41,31
TWDB_4644501,2017-06,754.27,30
TWDB_4644501,2017-07,753.8,31
TWDB_4644501,2017-08,753.93,31
TWDB_4644501,2017-09,753.67,30
TWDB_4644501,2017-10,754.27,31
TWDB_4644501,2017-11,754.3,30
TWDB_4644501,2017-12,755.13,31
TWDB_4644501,2018-01,756.23,31
TWDB_4644501,2018-02,756.12,15
TWDB_4644501,2018-03,755.08,31
TWDB_4644501,2018-04,754.61,30
TWDB_4644501,2018-05,753.59,31
TWDB_4644501,2018-06,753.38,30
TWDB_4644501,2018-07,752.61,31
TWDB_4644501,2018-08,751.99,31
TWDB_4644501,2018-09,752.61,19
TWDB_4644501,2018-10,752.78,31
TWDB_4644501,2018-11,753.44,30
TWDB_4644501,2018-12,754.96,31
TWDB_4644501,2019-01,754.37,31
TWDB_4644501,2019-02,755.81,28
TWDB_4644501,2019-03,755.17,31
TWDB_4644501,2019-04,755.06,30
TWDB_4644501,2019-05,755.16,31
TWDB_4644501,2019-06,755.21,30
TWDB_4644501,2019-07,754.81,31
TWDB_4644501,2019-08,754.51,31
TWDB_4644501,2019-09,754.48,10
TWDB_4644501,2019-12,756.22,22
TWDB_4644501,2020-01,756.67,31
TWDB_4644501,2020-02,756.0,29
TWDB_4644501,2020-03,756.31,31
TWDB_4644501,2020-04,755.56,30
TWDB_4644501,2020-05,755.44,31
TWDB_4644501,2020-06,755.11,30
TWDB_4644501,2020-07,754.97,31
TWDB_4644501,2020-08,754.76,31
TWDB_4644501,2020-09,754.88,9
TWDB_4644501,2021-07,756.42,19
TWDB_4644501,2021-08,756.37,31
TWDB_4644501,2021-09,756.29,30
TWDB_4644501,2021-10,756.32,17
TWDB_4644501,2022-04,757.43,16
TWDB_4644501,2022-05,756.45,31
TWDB_4644501,2022-06,756.34,30
TWDB_4644501,2022-07,756.72,29
TWDB_4644501,2022-08,756.79,30
TWDB_4644501,2022-09,757.17,30
TWDB_4644501,2022-10,757.24,31
TWDB_4644501,2022-11,757.23,15
TWDB_4644501,2023-02,757.75,1
TWDB_4644501,2023-03,757.73,31
TWDB_4644501,2023-04,757.75,30
TWDB_4644501,2023-05,757.7,31
TWDB_4644501,2023-06,757.64,30
TWDB_4644501,2023-07,757.62,31
TWDB_4644501,2023-08,757.6,23
TWDB_4644501,2023-11,756.97,1
TWDB_4644501,2023-12,756.46,31
TWDB_4644501,2024-01,756.99,22
TWDB_4644501,2024-02,758.33,23
TWDB_4644501,2024-03,759.39,31
TWDB_4644501,2024-04,757.43,30
TWDB_4644501,2024-05,757.84,31
TWDB_4644501,2024-06,756.95,30
TWDB_4644501,2024-07,756.98,31
TWDB_4644501,2024-08,756.7,31
TWDB_4644501,2024-09,757.51,30
TWDB_4644501,2024-10,757.6,31
TWDB_4644501,2024-11,757.9,30
TWDB_4644501,2024-12,758.43,31
TWDB_4644501,2025-01,759.18,31
TWDB_4644501,2025-02,757.71,28
TWDB_4644501,2025-03,757.31,31
TWDB_4644501,2025-04,757.27,30
TWDB_4644501,2025-05,757.16,31
TWDB_4644501,2025-06,757.61,30
TWDB_4644501,2025-07,757.99,31
TWDB_4644501,2025-08,758.58,31
TWDB_4644501,2025-09,758.65,30
TWDB_4644501,2025-10,758.28,31
TWDB_4644501,2025-11,760.02,30
TWDB_4644501,2025-12,759.69,31
TWDB_4644501,2026-01,759.89,31
TWDB_4644501,2026-02,759.23,28
TWDB_4644501,2026-03,758.96,31
TWDB_4644501,2026-04,759.76,30
TWDB_4644501,2026-05,760.28,31
TWDB_4644501,2026-06,760.32,30
TWDB_4644501,2026-07,759.57,31
TWDB_4644501,2026-08,758.52,17
TWDB_4648806,2012-02,699.75,1
TWDB_4648806,2012-03,699.48,31
TWDB_4648806,2012-04,699.43,30
TWDB_4648806,2012-05,699.33,31
TWDB_4648806,2012-06,699.27,30
TWDB_4648806,2012-07,699.12,31
TWDB_4648806,2012-08,699.0,29
TWDB_4648806,2012-09,698.92,30
TWDB_4648806,2012-10,698.96,31
TWDB_4648806,2012-11,698.95,29
TWDB_4648806,2012-12,699.07,26
TWDB_4648806,2013-01,699.25,31
TWDB_4648806,2013-02,699.38,28
TWDB_4648806,2013-03,699.38,31
TWDB_4648806,2013-04,699.39,30
TWDB_4648806,2013-05,699.2,31
TWDB_4648806,2013-06,699.05,30
TWDB_4648806,2013-07,699.06,31
TWDB_4648806,2013-08,698.98,31
TWDB_4648806,2013-09,698.83,30
TWDB_4648806,2013-10,698.96,31
TWDB_4648806,2013-11,699.09,29
TWDB_4648806,2013-12,699.28,31
TWDB_4648806,2014-01,699.37,31
TWDB_4648806,2014-02,699.38,28
TWDB_4648806,2014-03,699.34,31
TWDB_4648806,2014-04,699.2,30
TWDB_4648806,2014-05,699.07,31
TWDB_4648806,2014-06,698.99,30
TWDB_4648806,2014-07,698.92,31
TWDB_4648806,2014-08,698.87,31
TWDB_4648806,2014-09,698.83,30
TWDB_4648806,2014-10,698.86,31
TWDB_4648806,2014-11,698.93,30
TWDB_4648806,2014-12,698.99,31
TWDB_4648806,2015-01,699.11,31
TWDB_4648806,2015-02,699.24,28
TWDB_4648806,2015-03,699.34,31
TWDB_4648806,2015-04,699.41,30
TWDB_4648806,2015-05,699.35,31
TWDB_4648806,2015-06,699.29,29
TWDB_4648806,2015-07,699.43,31
TWDB_4648806,2015-08,699.63,31
TWDB_4648806,2015-09,699.61,30
TWDB_4648806,2015-10,699.52,31
TWDB_4648806,2015-11,699.47,18
TWDB_4648806,2015-12,699.66,18
TWDB_4648806,2016-01,699.83,31
TWDB_4648806,2016-02,699.86,29
TWDB_4648806,2016-03,699.72,31
TWDB_4648806,2016-04,699.73,30
TWDB_4648806,2016-05,699.53,31
TWDB_4648806,2016-06,699.52,29
TWDB_4648806,2016-07,699.6,31
TWDB_4648806,2016-08,699.38,30
TWDB_4648806,2016-09,699.32,30
TWDB_4648806,2016-10,699.55,31
TWDB_4648806,2016-11,699.72,30
TWDB_4648806,2016-12,699.79,30
TWDB_4648806,2017-01,699.78,31
TWDB_4648806,2017-02,699.89,28
TWDB_4648806,2017-03,699.82,31
TWDB_4648806,2017-04,699.66,30
TWDB_4648806,2017-05,699.57,31
TWDB_4648806,2017-06,699.49,30
TWDB_4648806,2017-07,699.49,31
TWDB_4648806,2017-08,699.34,31
TWDB_4648806,2017-09,699.3,30
TWDB_4648806,2017-10,699.46,31
TWDB_4648806,2017-11,699.54,30
TWDB_4648806,2017-12,699.62,31
TWDB_4648806,2018-01,699.96,31
TWDB_4648806,2018-02,700.19,28
TWDB_4648806,2018-03,699.64,31
TWDB_4648806,2018-04,698.8,30
TWDB_4648806,2018-05,698.58,31
TWDB_4648806,2018-06,698.59,30
TWDB_4648806,2018-07,698.66,31
TWDB_4648806,2018-08,698.64,31
TWDB_4648806,2018-09,698.53,30
TWDB_4648806,2018-10,698.7,31
TWDB_4648806,2018-11,698.86,30
TWDB_4648806,2019-04,699.52,23
TWDB_4648806,2019-05,699.76,31
TWDB_4648806,2019-06,699.81,1
TWDB_4648806,2019-07,699.65,8
TWDB_4648806,2019-08,699.59,31
TWDB_4648806,2019-09,699.4,25
TWDB_4648806,2019-12,699.75,22
TWDB_4648806,2020-01,699.68,31
TWDB_4648806,2020-02,699.71,29
TWDB_4648806,2020-03,699.8,31
TWDB_4648806,2020-04,699.79,30
TWDB_4648806,2020-05,699.77,31
TWDB_4648806,2020-06,699.73,30
TWDB_4648806,2020-07,699.71,31
TWDB_4648806,2020-08,699.48,31
TWDB_4648806,2020-09,699.34,30
TWDB_4648806,2020-10,699.38,31
TWDB_4648806,2020-11,699.48,30
TWDB_4648806,2020-12,699.57,31
TWDB_4648806,2021-01,699.65,31
TWDB_4648806,2021-02,699.71,28
TWDB_4648806,2021-03,699.7,31
TWDB_4648806,2021-04,699.6,30
TWDB_4648806,2021-05,699.47,31
TWDB_4648806,2021-06,699.34,30
TWDB_4648806,2021-07,699.28,31
TWDB_4648806,2021-08,699.12,31
TWDB_4648806,2021-09,698.88,30
TWDB_4648806,2021-10,698.91,31
TWDB_4648806,2021-11,698.86,30
TWDB_4648806,2021-12,698.98,31
TWDB_4648806,2022-01,699.07,31
TWDB_4648806,2022-02,699.13,28
TWDB_4648806,2022-03,698.77,31
TWDB_4648806,2022-04,698.86,30
TWDB_4648806,2022-05,698.94,31
TWDB_4648806,2022-06,698.75,30
TWDB_4648806,2022-07,698.57,30
TWDB_4648806,2023-02,698.87,19
TWDB_4648806,2023-03,698.93,2
TWDB_4648806,2023-12,698.18,4
TWDB_4648806,2024-02,698.37,16
TWDB_4648806,2024-03,698.27,31
TWDB_4648806,2024-04,698.15,30
TWDB_4648806,2024-05,698.07,31
TWDB_4648806,2024-06,697.91,20
TWDB_4648806,2024-08,696.68,19
TWDB_4648806,2024-09,696.42,30
TWDB_4648806,2024-10,696.8,31
TWDB_4648806,2024-11,697.11,30
TWDB_4648806,2024-12,697.37,31
TWDB_4648806,2025-01,697.25,25
TWDB_4648806,2025-02,697.05,27
TWDB_4648806,2025-03,696.67,31
TWDB_4648806,2025-04,696.41,4
TWDB_4648806,2025-05,696.77,18
TWDB_4648806,2025-06,697.08,30
TWDB_4648806,2025-07,697.36,31
TWDB_4648806,2025-08,697.07,31
TWDB_4648806,2025-09,696.63,30
TWDB_4648806,2025-10,696.9,31
TWDB_4648806,2025-11,697.09,30
TWDB_4648806,2025-12,697.24,31
TWDB_4648806,2026-01,697.47,25
TWDB_4648806,2026-02,697.85,6
TWDB_4648806,2026-03,697.86,31
TWDB_4648806,2026-04,697.88,30
TWDB_4648806,2026-05,697.99,31
TWDB_4648806,2026-06,698.01,30
TWDB_4648806,2026-07,698.03,31
TWDB_4648806,2026-08,697.6,16
TWDB_4655603,2008-04,756.13,29
TWDB_4655603,2008-05,755.83,31
TWDB_4655603,2008-06,755.54,30
TWDB_4655603,2008-07,755.31,31
TWDB_4655603,2008-08,755.14,12
TWDB_4655603,2008-09,754.98,13
TWDB_4655603,2008-10,755.23,31
TWDB_4655603,2008-11,755.53,30
TWDB_4655603,2008-12,755.78,31
TWDB_4655603,2009-01,755.98,9
TWDB_4655603,2009-02,756.23,27
TWDB_4655603,2009-03,756.03,31
TWDB_4655603,2009-04,755.84,25
TWDB_4655603,2009-05,755.36,25
TWDB_4655603,2009-06,755.15,18
TWDB_4655603,2009-07,754.97,24
TWDB_4655603,2009-08,754.81,31
TWDB_4655603,2009-09,754.68,14
TWDB_4655603,2009-10,754.77,31
TWDB_4655603,2009-11,755.04,30
TWDB_4655603,2009-12,755.3,31
TWDB_4655603,2010-01,755.55,31
TWDB_4655603,2010-02,755.79,28
TWDB_4655603,2010-03,755.84,23
TWDB_4655603,2010-04,755.6,14
TWDB_4655603,2011-04,755.4,11
TWDB_4655603,2011-05,755.16,31
TWDB_4655603,2011-06,754.93,30
TWDB_4655603,2011-07,754.69,31
TWDB_4655603,2011-08,754.54,31
TWDB_4655603,2011-09,754.43,30
TWDB_4655603,2011-10,754.48,31
TWDB_4655603,2011-11,754.75,30
TWDB_4655603,2011-12,755.0,31
TWDB_4655603,2012-01,755.25,31
TWDB_4655603,2012-02,755.49,29
TWDB_4655603,2012-03,755.43,31
TWDB_4655603,2012-04,755.57,30
TWDB_4655603,2012-05,755.54,31
TWDB_4655603,2012-06,755.32,30
TWDB_4655603,2012-07,754.86,31
TWDB_4655603,2012-08,754.6,31
TWDB_4655603,2012-09,754.45,30
TWDB_4655603,2012-10,754.61,31
TWDB_4655603,2012-11,754.8,30
TWDB_4655603,2012-12,754.98,31
TWDB_4655603,2013-01,755.07,31
TWDB_4655603,2013-02,755.1,28
TWDB_4655603,2013-03,755.2,31
TWDB_4655603,2013-04,755.0,30
TWDB_4655603,2013-05,754.51,31
TWDB_4655603,2013-06,754.26,30
TWDB_4655603,2013-07,754.11,31
TWDB_4655603,2013-08,754.01,31
TWDB_4655603,2013-09,754.0,30
TWDB_4655603,2013-10,753.99,31
TWDB_4655603,2013-11,753.91,30
TWDB_4655603,2013-12,754.14,31
TWDB_4655603,2014-01,754.31,14
TWDB_4656309,2008-04,734.59,29
TWDB_4656309,2008-05,734.63,31
TWDB_4656309,2008-06,734.58,30
TWDB_4656309,2008-07,734.54,29
TWDB_4656309,2008-08,734.48,31
TWDB_4656309,2008-09,734.39,30
TWDB_4656309,2008-10,734.39,31
TWDB_4656309,2008-11,734.43,30
TWDB_4656309,2008-12,734.47,31
TWDB_4656309,2009-01,734.53,31
TWDB_4656309,2009-02,734.58,28
TWDB_4656309,2009-03,734.56,31
TWDB_4656309,2009-04,734.49,30
TWDB_4656309,2009-05,734.39,31
TWDB_4656309,2009-06,734.3,30
TWDB_4656309,2009-07,734.2,31
TWDB_4656309,2009-08,734.15,31
TWDB_4656309,2009-09,734.09,30
TWDB_4656309,2009-10,734.01,1
TWDB_4656309,2009-11,733.61,19
TWDB_4656309,2009-12,733.52,31
TWDB_4656309,2010-01,733.56,18
TWDB_4656309,2010-02,733.55,8
TWDB_4656309,2010-03,734.58,13
TWDB_4656309,2010-04,733.81,30
TWDB_4656309,2010-05,733.11,31
TWDB_4656309,2010-06,732.91,30
TWDB_4656309,2010-07,732.82,31
TWDB_4656309,2010-08,732.81,31
TWDB_4656309,2010-09,732.75,30
TWDB_4656309,2010-10,732.71,31
TWDB_4656309,2010-11,732.72,30
TWDB_4656309,2010-12,732.74,31
TWDB_4656309,2011-01,732.77,31
TWDB_4656309,2011-02,732.81,28
TWDB_4656309,2011-03,732.82,31
TWDB_4656309,2011-04,732.77,30
TWDB_4656309,2011-05,732.69,31
TWDB_4656309,2011-06,732.61,30
TWDB_4656309,2011-07,732.53,31
TWDB_4656309,2011-08,732.44,31
TWDB_4656309,2011-09,732.35,30
TWDB_4656309,2011-10,732.29,31
TWDB_4656309,2011-11,732.4,30
TWDB_4656309,2011-12,732.39,31
TWDB_4656309,2012-01,732.28,31
TWDB_4656309,2012-02,732.17,29
TWDB_4656309,2012-03,732.19,31
TWDB_4656309,2012-04,732.17,30
TWDB_4656309,2012-05,732.23,31
TWDB_4656309,2012-06,732.28,30
TWDB_4656309,2012-07,732.09,31
TWDB_4656309,2012-08,732.0,31
TWDB_4656309,2012-09,731.93,30
TWDB_4656309,2012-10,731.83,31
TWDB_4656309,2012-11,731.79,30
TWDB_4656309,2012-12,731.81,31
TWDB_4656309,2013-01,731.83,31
TWDB_4656309,2013-02,731.87,26
TWDB_4656309,2013-03,731.74,31
TWDB_4656309,2013-04,732.04,30
TWDB_4656309,2013-05,732.02,31
TWDB_4656309,2013-06,731.98,30
TWDB_4656309,2013-07,731.91,31
TWDB_4656309,2013-08,731.83,31
TWDB_4656309,2013-09,731.76,30
TWDB_4656309,2013-10,731.68,31
TWDB_4656309,2013-11,731.64,30
TWDB_4656309,2013-12,731.65,23
TWDB_4662501,2013-10,837.39,29
TWDB_4662501,2013-11,837.27,30
TWDB_4662501,2013-12,837.35,31
TWDB_4662501,2014-01,837.33,10
TWDB_5124901,2011-09,1545.87,5
TWDB_5124901,2011-10,1545.7,31
TWDB_5124901,2011-11,1545.53,29
TWDB_5124901,2011-12,1545.97,31
TWDB_5124901,2012-01,1545.91,31
TWDB_5124901,2012-02,1545.89,29
TWDB_5124901,2012-03,1545.59,28
TWDB_5124901,2012-04,1545.37,30
TWDB_5124901,2012-05,1545.12,30
TWDB_5124901,2012-06,1545.22,30
TWDB_5124901,2012-07,1544.84,31
TWDB_5124901,2012-08,1544.61,30
TWDB_5124901,2012-09,1544.79,30
TWDB_5124901,2012-10,1544.73,31
TWDB_5124901,2012-11,1544.72,30
TWDB_5124901,2012-12,1544.92,28
TWDB_5124901,2013-01,1544.97,31
TWDB_5124901,2013-02,1545.08,28
TWDB_5124901,2013-03,1545.79,31
TWDB_5124901,2013-04,1545.64,30
TWDB_5124901,2013-05,1545.39,31
TWDB_5124901,2013-06,1545.52,30
TWDB_5124901,2013-07,1545.75,31
TWDB_5124901,2013-08,1545.96,31
TWDB_5124901,2013-09,1545.98,30
TWDB_5124901,2013-10,1545.93,31
TWDB_5124901,2013-11,1545.97,30
TWDB_5124901,2013-12,1545.98,31
TWDB_5124901,2014-01,1546.02,31
TWDB_5124901,2014-02,1546.14,28
TWDB_5124901,2014-03,1546.1,13
TWDB_5206604,2008-04,857.41,29
TWDB_5206604,2008-05,856.96,31
TWDB_5206604,2008-06,852.8,30
TWDB_5206604,2008-07,856.5,31
TWDB_5206604,2008-08,850.7,31
TWDB_5206604,2008-09,851.21,30
TWDB_5206604,2008-10,852.11,31
TWDB_5206604,2008-11,853.16,30
TWDB_5206604,2008-12,855.63,31
TWDB_5206604,2009-01,858.44,31
TWDB_5206604,2009-02,857.77,28
TWDB_5206604,2009-03,856.9,31
TWDB_5206604,2009-04,856.9,30
TWDB_5206604,2009-05,855.37,31
TWDB_5206604,2009-06,853.97,30
TWDB_5206604,2009-07,851.53,31
TWDB_5206604,2009-08,851.67,31
TWDB_5206604,2009-09,852.97,30
TWDB_5206604,2009-10,856.72,31
TWDB_5206604,2009-11,858.54,30
TWDB_5206604,2009-12,859.59,31
TWDB_5206604,2010-01,860.1,28
TWDB_5206604,2010-02,861.43,28
TWDB_5206604,2010-03,859.27,31
TWDB_5206604,2010-04,858.7,30
TWDB_5206604,2010-05,856.99,14
TWDB_5206604,2010-06,854.63,30
TWDB_5206604,2010-07,858.39,31
TWDB_5206604,2010-08,855.0,31
TWDB_5206604,2010-09,857.07,30
TWDB_5206604,2010-10,858.12,31
TWDB_5206604,2010-11,860.76,30
TWDB_5206604,2010-12,861.42,31
TWDB_5206604,2011-01,862.31,31
TWDB_5206604,2011-02,861.84,28
TWDB_5206604,2011-03,859.42,31
TWDB_5206604,2011-04,860.19,30
TWDB_5206604,2011-05,857.71,31
TWDB_5206604,2011-06,854.03,30
TWDB_5206604,2011-07,853.42,31
TWDB_5206604,2011-08,849.73,31
TWDB_5206604,2011-09,851.97,30
TWDB_5206604,2011-10,853.44,31
TWDB_5206604,2011-11,854.79,30
TWDB_5206604,2011-12,855.15,31
TWDB_5206604,2012-01,858.84,3
TWDB_5206604,2012-04,858.99,28
TWDB_5206604,2012-05,858.2,24
TWDB_5206604,2012-06,861.39,26
TWDB_5206604,2012-07,856.95,31
TWDB_5206604,2012-08,854.27,31
TWDB_5206604,2012-09,855.45,30
TWDB_5206604,2012-10,857.45,31
TWDB_5206604,2012-11,858.13,30
TWDB_5206604,2012-12,859.39,31
TWDB_5206604,2013-01,860.08,31
TWDB_5206604,2013-02,860.96,26
TWDB_5206604,2013-03,859.98,27
TWDB_5206604,2013-04,859.01,30
TWDB_5206604,2013-05,860.54,31
TWDB_5206604,2013-06,859.58,10
TWDB_5206604,2013-07,855.45,30
TWDB_5206604,2013-08,854.47,31
TWDB_5206604,2013-09,850.17,30
TWDB_5206604,2013-10,854.19,31
TWDB_5206604,2013-11,855.72,30
TWDB_5206604,2013-12,856.82,31
TWDB_5206604,2014-01,857.8,3
TWDB_5207304,2012-11,846.82,2
TWDB_5207304,2012-12,845.99,31
TWDB_5207304,2013-01,848.76,31
TWDB_5207304,2013-02,851.55,28
TWDB_5207304,2013-03,852.79,31
TWDB_5207304,2013-04,852.34,30
TWDB_5207304,2013-05,851.71,31
TWDB_5207304,2013-06,851.04,12
TWDB_5207304,2013-07,832.64,27
TWDB_5207304,2013-08,836.42,31
TWDB_5207304,2013-09,823.55,30
TWDB_5207304,2013-10,831.49,31
TWDB_5207304,2013-11,838.3,30
TWDB_5207304,2013-12,841.22,31
TWDB_5207304,2014-01,839.89,3
TWDB_5207905,2012-07,861.13,5
TWDB_5207905,2012-08,857.34,31
TWDB_5207905,2012-09,859.64,30
TWDB_5207905,2012-10,873.35,31
TWDB_5207905,2012-11,876.64,30
TWDB_5207905,2012-12,880.27,31
TWDB_5207905,2013-01,883.19,28
TWDB_5207905,2013-02,884.29,24
TWDB_5207905,2013-03,885.16,31
TWDB_5207905,2013-04,886.08,30
TWDB_5207905,2013-05,868.18,31
TWDB_5207905,2013-06,860.37,14
TWDB_5207905,2013-07,857.54,24
TWDB_5207905,2013-08,849.95,27
TWDB_5207905,2013-09,855.99,30
TWDB_5207905,2013-10,871.23,31
TWDB_5207905,2013-11,874.81,30
TWDB_5207905,2013-12,878.18,26
TWDB_5208802,2010-03,905.78,24
TWDB_5208802,2010-04,905.73,30
TWDB_5208802,2010-05,905.69,31
TWDB_5208802,2010-06,905.52,30
TWDB_5208802,2010-07,905.45,31
TWDB_5208802,2010-08,905.34,31
TWDB_5208802,2010-09,905.39,30
TWDB_5208802,2010-10,905.46,31
TWDB_5208802,2010-11,905.58,30
TWDB_5208802,2010-12,905.72,31
TWDB_5208802,2011-01,905.86,31
TWDB_5208802,2011-02,905.99,28
TWDB_5208802,2011-03,905.96,31
TWDB_5208802,2011-04,905.91,30
TWDB_5208802,2011-05,905.74,31
TWDB_5208802,2011-06,905.42,30
TWDB_5208802,2011-07,905.21,31
TWDB_5208802,2011-08,904.92,31
TWDB_5208802,2011-09,904.67,30
TWDB_5208802,2011-10,904.43,31
TWDB_5208802,2011-11,904.27,30
TWDB_5208802,2011-12,904.2,31
TWDB_5208802,2012-01,904.35,31
TWDB_5208802,2012-02,904.39,29
TWDB_5208802,2012-03,904.47,31
TWDB_5208802,2012-04,904.34,30
TWDB_5208802,2012-05,904.09,31
TWDB_5208802,2012-06,903.98,30
TWDB_5208802,2012-07,903.73,31
TWDB_5208802,2012-08,903.43,31
TWDB_5208802,2012-09,903.23,30
TWDB_5208802,2012-10,903.11,31
TWDB_5208802,2012-11,903.05,30
TWDB_5208802,2012-12,903.28,31
TWDB_5208802,2013-01,903.47,31
TWDB_5208802,2013-02,903.63,28
TWDB_5208802,2013-03,903.56,31
TWDB_5208802,2013-04,903.62,30
TWDB_5208802,2013-05,903.1,31
TWDB_5208802,2013-06,902.72,30
TWDB_5208802,2013-07,902.63,31
TWDB_5208802,2013-08,902.51,31
TWDB_5208802,2013-09,902.07,30
TWDB_5208802,2013-10,901.86,31
TWDB_5208802,2013-11,901.93,30
TWDB_5208802,2013-12,902.0,31
TWDB_5208802,2014-01,902.16,15
TWDB_5216311,2011-08,910.59,30
TWDB_5216311,2011-09,910.92,30
TWDB_5216311,2011-10,909.73,31
TWDB_5216311,2011-11,912.62,30
TWDB_5216311,2011-12,914.93,31
TWDB_5216311,2012-01,915.7,31
TWDB_5216311,2012-02,915.74,29
TWDB_5216311,2012-03,915.08,31
TWDB_5216311,2012-04,914.81,30
TWDB_5216311,2012-05,915.04,31
TWDB_5216311,2012-06,914.61,30
TWDB_5216311,2012-07,914.2,31
TWDB_5216311,2012-08,913.79,31
TWDB_5216311,2012-09,912.92,29
TWDB_5216311,2012-10,913.07,15
TWDB_5216311,2012-11,912.83,29
TWDB_5216311,2012-12,914.52,31
TWDB_5216311,2013-01,916.42,31
TWDB_5216311,2013-02,917.06,28
TWDB_5216311,2013-03,916.76,31
TWDB_5216311,2013-04,915.28,30
TWDB_5216311,2013-05,910.29,31
TWDB_5216311,2013-06,910.48,30
TWDB_5216311,2013-07,911.8,31
TWDB_5216311,2013-08,913.63,31
TWDB_5216311,2013-09,914.25,30
TWDB_5216311,2013-10,913.84,4
TWDB_5216802,2000-01,918.24,31
TWDB_5216802,2000-02,919.22,28
TWDB_5216802,2000-03,915.6,31
TWDB_5216802,2000-04,911.36,30
TWDB_5216802,2000-05,907.43,31
TWDB_5216802,2000-06,905.67,30
TWDB_5216802,2000-07,907.66,18
TWDB_5216802,2000-11,903.05,21
TWDB_5216802,2000-12,903.05,31
TWDB_5216802,2001-01,903.05,31
TWDB_5216802,2001-02,903.05,28
TWDB_5216802,2001-03,903.05,31
TWDB_5216802,2001-04,903.04,30
TWDB_5216802,2001-05,903.04,31
TWDB_5216802,2001-06,903.04,30
TWDB_5216802,2001-07,903.04,31
TWDB_5216802,2001-08,902.07,18
TWDB_5216802,2001-09,903.7,26
TWDB_5216802,2001-10,906.19,31
TWDB_5216802,2001-11,909.36,30
TWDB_5216802,2001-12,913.44,31
TWDB_5216802,2002-01,915.54,31
TWDB_5216802,2002-02,917.21,28
TWDB_5216802,2002-03,915.01,31
TWDB_5216802,2002-04,908.84,30
TWDB_5216802,2002-05,907.38,29
TWDB_5216802,2002-06,906.53,30
TWDB_5216802,2002-07,903.61,31
TWDB_5216802,2002-08,903.02,31
TWDB_5216802,2002-09,902.54,30
TWDB_5216802,2002-10,906.29,31
TWDB_5216802,2002-11,911.65,30
TWDB_5216802,2002-12,914.86,31
TWDB_5216802,2003-01,916.6,31
TWDB_5216802,2003-02,917.06,28
TWDB_5216802,2003-03,915.77,31
TWDB_5216802,2003-04,911.72,30
TWDB_5216802,2003-05,909.87,31
TWDB_5216802,2003-06,907.49,21
TWDB_5216802,2003-07,906.95,25
TWDB_5216802,2003-08,903.59,31
TWDB_5216802,2003-09,906.63,30
TWDB_5216802,2003-10,909.22,31
TWDB_5216802,2003-11,913.82,30
TWDB_5216802,2003-12,916.3,31
TWDB_5216802,2004-01,918.42,31
TWDB_5216802,2004-02,920.58,29
TWDB_5216802,2004-03,919.44,31
TWDB_5216802,2004-04,919.09,30
TWDB_5216802,2004-05,917.15,31
TWDB_5216802,2004-06,913.69,30
TWDB_5216802,2004-07,912.09,31
TWDB_5216802,2004-08,914.47,31
TWDB_5216802,2004-09,916.26,30
TWDB_5216802,2004-10,919.74,31
TWDB_5216802,2004-11,921.3,10
TWDB_5216802,2004-12,924.17,5
TWDB_5216802,2005-01,924.51,31
TWDB_5216802,2005-02,924.66,28
TWDB_5216802,2005-03,924.1,31
TWDB_5216802,2005-04,920.98,30
TWDB_5216802,2005-05,916.16,31
TWDB_5216802,2005-06,916.31,30
TWDB_5216802,2005-07,913.35,31
TWDB_5216802,2005-08,912.6,31
TWDB_5216802,2005-09,913.29,21
TWDB_5216802,2005-10,917.09,18
TWDB_5216802,2005-11,919.61,30
TWDB_5216802,2005-12,922.01,17
TWDB_5216802,2006-01,923.2,20
TWDB_5216802,2006-02,923.23,18
TWDB_5216802,2006-03,920.47,24
TWDB_5216802,2006-04,917.87,28
TWDB_5216802,2006-05,914.56,29
TWDB_5216802,2006-06,911.26,30
TWDB_5216802,2006-07,910.2,29
TWDB_5216802,2006-08,909.83,26
TWDB_5216802,2006-09,911.4,26
TWDB_5216802,2006-10,912.96,28
TWDB_5216802,2006-11,917.74,26
TWDB_5216802,2006-12,920.24,11
TWDB_5216802,2007-01,922.17,25
TWDB_5216802,2007-02,923.2,28
TWDB_5216802,2007-03,921.41,31
TWDB_5216802,2007-04,917.0,30
TWDB_5216802,2007-05,915.28,8
TWDB_5216802,2007-08,913.23,3
TWDB_5216802,2007-09,913.03,3
TWDB_5216802,2007-10,913.85,18
TWDB_5216802,2007-11,916.54,12
TWDB_5216802,2007-12,920.16,12
TWDB_5216802,2008-01,921.95,13
TWDB_5216802,2008-02,922.87,17
TWDB_5216802,2008-03,920.06,21
TWDB_5216802,2008-04,915.71,22
TWDB_5216802,2008-05,913.65,27
TWDB_5216802,2008-06,910.45,29
TWDB_5216802,2008-07,911.94,31
TWDB_5216802,2008-08,911.58,25
TWDB_5216802,2008-09,912.41,23
TWDB_5216802,2008-10,912.57,15
TWDB_5216802,2008-11,916.54,22
TWDB_5216802,2008-12,919.58,13
TWDB_5216802,2009-01,921.18,17
TWDB_5216802,2009-02,921.74,27
TWDB_5216802,2009-03,918.95,30
TWDB_5216802,2009-04,916.05,26
TWDB_5216802,2009-05,912.07,25
TWDB_5216802,2009-06,911.36,16
TWDB_5216802,2009-07,910.58,19
TWDB_5216802,2009-08,910.04,26
TWDB_5216802,2009-09,908.98,9
TWDB_5216802,2009-10,912.12,6
TWDB_5216802,2009-11,914.45,30
TWDB_5216802,2009-12,917.3,31
TWDB_5216802,2010-01,919.06,31
TWDB_5216802,2010-02,920.79,28
TWDB_5216802,2010-03,918.15,31
TWDB_5216802,2010-04,915.65,30
TWDB_5216802,2010-05,911.57,31
TWDB_5216802,2010-06,909.48,30
TWDB_5216802,2010-07,912.84,31
TWDB_5216802,2010-08,911.23,31
TWDB_5216802,2010-09,911.67,30
TWDB_5216802,2010-10,912.41,31
TWDB_5216802,2010-11,913.77,30
TWDB_5216802,2010-12,914.62,31
TWDB_5216802,2011-01,916.69,31
TWDB_5216802,2011-02,917.65,27
TWDB_5216802,2011-03,917.29,30
TWDB_5216802,2011-04,911.42,30
TWDB_5216802,2011-05,909.49,31
TWDB_5216802,2011-06,905.93,30
TWDB_5216802,2011-07,904.03,31
TWDB_5216802,2011-08,902.72,31
TWDB_5216802,2011-09,902.6,17
TWDB_5216802,2011-10,903.44,31
TWDB_5216802,2011-11,907.53,30
TWDB_5216802,2011-12,912.45,31
TWDB_5216802,2012-01,915.29,31
TWDB_5216802,2012-02,916.65,29
TWDB_5216802,2012-03,914.54,24
TWDB_5216802,2012-04,914.18,30
TWDB_5216802,2012-05,911.62,31
TWDB_5216802,2012-06,908.02,30
TWDB_5216802,2012-07,906.48,31
TWDB_5216802,2012-08,903.87,30
TWDB_5216802,2012-09,903.21,30
TWDB_5216802,2012-10,906.67,31
TWDB_5216802,2012-11,909.52,29
TWDB_5216802,2012-12,912.99,27
TWDB_5216802,2013-01,916.02,31
TWDB_5216802,2013-02,916.65,28
TWDB_5216802,2013-03,915.39,31
TWDB_5216802,2013-04,913.98,30
TWDB_5216802,2013-05,910.41,31
TWDB_5216802,2013-06,907.69,30
TWDB_5216802,2013-07,905.67,31
TWDB_5216802,2013-08,904.25,31
TWDB_5216802,2013-09,902.81,30
TWDB_5216802,2013-10,903.77,23
TWDB_5216802,2013-11,907.9,30
TWDB_5216802,2013-12,912.09,31
TWDB_5216802,2014-01,914.87,31
TWDB_5216802,2014-02,915.89,28
TWDB_5216802,2014-03,913.51,31
TWDB_5216802,2014-04,912.15,30
TWDB_5216802,2014-05,907.99,31
TWDB_5216802,2014-06,905.52,30
TWDB_5216802,2014-07,902.84,31
TWDB_5216802,2014-08,901.13,31
TWDB_5216802,2014-09,903.1,30
TWDB_5216802,2014-10,906.39,31
TWDB_5216802,2014-11,909.21,30
TWDB_5216802,2014-12,913.17,31
TWDB_5216802,2015-01,915.78,31
TWDB_5216802,2015-02,917.7,28
TWDB_5216802,2015-03,918.03,31
TWDB_5216802,2015-04,916.07,30
TWDB_5216802,2015-05,912.33,31
TWDB_5216802,2015-06,911.3,30
TWDB_5216802,2015-07,910.99,31
TWDB_5216802,2015-08,907.0,31
TWDB_5216802,2015-09,904.59,30
TWDB_5216802,2015-10,907.14,31
TWDB_5216802,2015-11,912.27,30
TWDB_5216802,2015-12,915.72,31
TWDB_5216802,2016-01,917.86,31
TWDB_5216802,2016-02,919.06,29
TWDB_5216802,2016-03,916.11,31
TWDB_5216802,2016-04,915.41,30
TWDB_5216802,2016-05,912.5,31
TWDB_5216802,2016-06,910.05,30
TWDB_5216802,2016-07,908.47,31
TWDB_5216802,2016-08,908.1,31
TWDB_5216802,2016-09,909.97,30
TWDB_5216802,2016-10,911.22,31
TWDB_5216802,2016-11,913.99,30
TWDB_5216802,2016-12,917.29,30
TWDB_5216802,2017-01,918.99,31
TWDB_5216802,2017-02,919.82,28
TWDB_5216802,2017-03,918.21,31
TWDB_5216802,2017-04,917.76,30
TWDB_5216802,2017-05,912.53,31
TWDB_5216802,2017-06,911.11,30
TWDB_5216802,2017-07,908.83,31
TWDB_5216802,2017-08,907.72,31
TWDB_5216802,2017-09,909.16,30
TWDB_5216802,2017-10,912.12,31
TWDB_5216802,2017-11,914.48,29
TWDB_5216802,2017-12,917.42,23
TWDB_5216802,2018-01,919.29,31
TWDB_5216802,2018-02,919.42,28
TWDB_5216802,2018-03,918.2,31
TWDB_5216802,2018-04,917.74,30
TWDB_5216802,2018-05,913.29,31
TWDB_5216802,2018-06,908.73,30
TWDB_5216802,2018-07,908.05,31
TWDB_5216802,2018-08,906.0,31
TWDB_5216802,2018-09,908.4,30
TWDB_5216802,2018-10,911.18,31
TWDB_5216802,2018-11,915.87,30
TWDB_5216802,2018-12,918.35,31
TWDB_5216802,2019-01,920.03,31
TWDB_5216802,2019-02,921.2,28
TWDB_5216802,2019-03,919.27,31
TWDB_5216802,2019-04,916.52,30
TWDB_5216802,2019-05,915.51,31
TWDB_5216802,2019-06,914.98,30
TWDB_5216802,2019-07,914.55,31
TWDB_5216802,2019-08,911.94,31
TWDB_5216802,2019-09,910.82,30
TWDB_5216802,2019-10,911.32,31
TWDB_5216802,2019-11,914.83,30
TWDB_5216802,2019-12,917.79,31
TWDB_5216802,2020-01,919.42,31
TWDB_5216802,2020-02,920.37,29
TWDB_5216802,2020-03,919.55,31
TWDB_5216802,2020-04,916.79,30
TWDB_5216802,2020-05,913.65,31
TWDB_5216802,2020-06,910.71,30
TWDB_5216802,2020-07,909.74,31
TWDB_5216802,2020-08,908.19,31
TWDB_5216802,2020-09,907.87,30
TWDB_5216802,2020-10,908.03,31
TWDB_5216802,2020-11,910.76,30
TWDB_5216802,2020-12,915.0,31
TWDB_5216802,2021-01,916.91,31
TWDB_5216802,2021-02,917.46,28
TWDB_5216802,2021-03,917.38,31
TWDB_5216802,2021-04,914.4,30
TWDB_5216802,2021-05,911.56,31
TWDB_5216802,2021-06,909.14,30
TWDB_5216802,2021-07,909.38,31
TWDB_5216802,2021-08,909.85,31
TWDB_5216802,2021-09,909.25,30
TWDB_5216802,2021-10,908.76,31
TWDB_5216802,2021-11,909.25,30
TWDB_5216802,2021-12,911.96,31
TWDB_5216802,2022-01,915.71,31
TWDB_5216802,2022-02,917.15,28
TWDB_5216802,2022-03,915.85,31
TWDB_5216802,2022-04,912.41,30
TWDB_5216802,2022-05,909.56,31
TWDB_5216802,2022-06,908.44,30
TWDB_5216802,2022-07,908.58,31
TWDB_5216802,2022-08,907.94,31
TWDB_5216802,2022-09,909.83,23
TWDB_5216802,2022-10,908.98,1
TWDB_5216802,2022-11,914.89,16
TWDB_5216802,2022-12,916.78,31
TWDB_5216802,2023-01,917.4,31
TWDB_5216802,2023-02,918.76,28
TWDB_5216802,2023-03,917.56,31
TWDB_5216802,2023-04,915.14,30
TWDB_5216802,2023-05,913.23,31
TWDB_5216802,2023-06,910.63,30
TWDB_5216802,2023-07,908.55,31
TWDB_5216802,2023-08,907.92,25
TWDB_5216802,2023-12,919.63,16
TWDB_5216802,2024-02,915.5,21
TWDB_5216802,2024-03,914.85,31
TWDB_5216802,2024-04,912.11,30
TWDB_5216802,2024-05,909.69,29
TWDB_5216802,2024-06,908.32,30
TWDB_5216802,2024-07,906.42,31
TWDB_5216802,2024-08,906.59,31
TWDB_5216802,2024-09,907.87,30
TWDB_5216802,2024-10,907.23,31
TWDB_5216802,2024-11,909.02,30
TWDB_5216802,2024-12,911.98,31
TWDB_5216802,2025-01,913.95,31
TWDB_5216802,2025-02,915.75,28
TWDB_5216802,2025-03,913.98,31
TWDB_5216802,2025-04,911.86,30
TWDB_5216802,2025-05,911.58,30
TWDB_5216802,2025-06,911.86,30
TWDB_5216802,2025-07,910.65,31
TWDB_5216802,2025-08,909.7,31
TWDB_5216802,2025-09,909.99,30
TWDB_5216802,2025-10,908.92,31
TWDB_5216802,2025-11,910.64,30
TWDB_5216802,2025-12,911.45,31
TWDB_5216802,2026-01,913.46,31
TWDB_5216802,2026-02,915.79,28
TWDB_5216802,2026-03,913.87,31
TWDB_5216802,2026-04,911.06,30
TWDB_5216802,2026-05,911.27,31
TWDB_5216802,2026-06,911.31,30
TWDB_5216802,2026-07,909.51,31
TWDB_5223603,2008-04,948.97,27
TWDB_5223603,2008-05,949.0,31
TWDB_5223603,2008-06,948.87,30
TWDB_5223603,2008-07,948.87,31
TWDB_5223603,2008-08,948.83,31
TWDB_5223603,2008-09,948.88,30
TWDB_5223603,2008-10,948.86,31
TWDB_5223603,2008-11,948.87,30
TWDB_5223603,2008-12,948.91,31
TWDB_5223603,2009-01,948.98,31
TWDB_5223603,2009-02,949.04,28
TWDB_5223603,2009-03,949.11,31
TWDB_5223603,2009-04,949.12,30
TWDB_5223603,2009-05,949.02,31
TWDB_5223603,2009-06,948.79,30
TWDB_5223603,2009-07,948.37,31
TWDB_5223603,2009-08,948.27,31
TWDB_5223603,2009-09,948.9,30
TWDB_5223603,2009-10,949.3,14
TWDB_5223603,2009-11,953.82,30
TWDB_5223603,2009-12,956.76,31
TWDB_5223603,2010-01,950.85,31
TWDB_5223603,2010-02,950.11,28
TWDB_5223603,2010-03,950.11,31
TWDB_5223603,2010-04,950.11,30
TWDB_5223603,2010-05,949.28,31
TWDB_5223603,2010-06,946.56,30
TWDB_5223603,2010-07,949.29,20
TWDB_5223603,2010-09,950.17,14
TWDB_5223603,2010-10,950.17,31
TWDB_5223603,2010-11,950.2,30
TWDB_5223603,2010-12,950.21,22
TWDB_5223603,2011-01,950.27,21
TWDB_5223603,2011-02,950.29,10
TWDB_5223603,2011-03,950.29,1
TWDB_5223603,2011-05,947.8,7
TWDB_5223603,2011-06,949.04,30
TWDB_5223603,2011-07,949.19,31
TWDB_5223603,2011-08,949.36,31
TWDB_5223603,2011-09,948.3,30
TWDB_5223603,2011-10,947.22,31
TWDB_5223603,2011-11,947.98,30
TWDB_5223603,2011-12,948.99,29
TWDB_5223603,2012-07,949.72,12
TWDB_5223603,2012-08,949.77,31
TWDB_5223603,2012-09,949.82,30
TWDB_5223603,2012-10,949.87,31
TWDB_5223603,2012-11,949.89,30
TWDB_5223603,2012-12,949.93,31
TWDB_5223603,2013-01,949.91,31
TWDB_5223603,2013-02,949.96,28
TWDB_5223603,2013-03,949.96,31
TWDB_5223603,2013-04,949.99,30
TWDB_5223603,2013-05,949.96,31
TWDB_5223603,2013-06,949.88,30
TWDB_5223603,2013-07,949.77,31
TWDB_5223603,2013-08,949.69,31
TWDB_5223603,2013-09,949.62,30
TWDB_5223603,2013-10,949.55,4
TWDB_5225209,2001-09,1508.21,26
TWDB_5225209,2001-10,1508.2,31
TWDB_5225209,2001-11,1508.2,30
TWDB_5225209,2001-12,1508.2,31
TWDB_5225209,2002-01,1508.19,31
TWDB_5225209,2002-02,1508.17,28
TWDB_5225209,2002-03,1508.15,31
TWDB_5225209,2002-04,1508.12,30
TWDB_5225209,2002-05,1508.09,31
TWDB_5225209,2002-06,1508.07,30
TWDB_5225209,2002-07,1508.06,31
TWDB_5225209,2002-08,1508.07,31
TWDB_5225209,2002-09,1508.06,30
TWDB_5225209,2002-10,1508.04,31
TWDB_5225209,2002-11,1508.0,30
TWDB_5225209,2002-12,1508.0,31
TWDB_5225209,2003-01,1507.98,31
TWDB_5225209,2003-02,1507.97,28
TWDB_5225209,2003-03,1507.93,31
TWDB_5225209,2003-04,1507.92,30
TWDB_5225209,2003-05,1507.89,31
TWDB_5225209,2003-06,1507.88,30
TWDB_5225209,2003-07,1507.85,31
TWDB_5225209,2003-08,1507.85,31
TWDB_5225209,2003-09,1507.84,30
TWDB_5225209,2003-10,1507.83,31
TWDB_5225209,2003-11,1507.83,30
TWDB_5225209,2003-12,1507.82,31
TWDB_5225209,2004-01,1507.81,31
TWDB_5225209,2004-02,1507.8,29
TWDB_5225209,2004-03,1507.77,31
TWDB_5225209,2004-04,1507.78,30
TWDB_5225209,2004-05,1507.77,31
TWDB_5225209,2004-06,1507.75,30
TWDB_5225209,2004-07,1507.75,31
TWDB_5225209,2004-08,1507.8,31
TWDB_5225209,2004-09,1507.85,30
TWDB_5225209,2004-10,1507.95,31
TWDB_5225209,2004-11,1508.01,30
TWDB_5225209,2004-12,1508.09,31
TWDB_5225209,2005-01,1508.12,31
TWDB_5225209,2005-02,1508.15,28
TWDB_5225209,2005-03,1508.17,31
TWDB_5225209,2005-04,1508.17,30
TWDB_5225209,2005-05,1508.17,31
TWDB_5225209,2005-06,1508.16,30
TWDB_5225209,2005-07,1508.14,31
TWDB_5225209,2005-08,1508.14,31
TWDB_5225209,2005-09,1508.12,1
TWDB_5225209,2005-10,1508.12,1
TWDB_5225209,2006-09,1508.0,10
TWDB_5225209,2006-10,1507.98,31
TWDB_5225209,2006-11,1507.94,30
TWDB_5225209,2006-12,1507.93,31
TWDB_5225209,2007-01,1507.91,31
TWDB_5225209,2007-02,1507.93,28
TWDB_5225209,2007-03,1507.92,31
TWDB_5225209,2007-04,1507.91,30
TWDB_5225209,2007-05,1507.89,31
TWDB_5225209,2007-06,1507.88,30
TWDB_5225209,2007-07,1507.86,31
TWDB_5225209,2007-08,1507.87,31
TWDB_5225209,2007-09,1507.88,30
TWDB_5225209,2007-10,1507.87,31
TWDB_5225209,2007-11,1507.88,30
TWDB_5225209,2007-12,1507.88,31
TWDB_5225209,2008-01,1507.87,31
TWDB_5225209,2008-02,1507.85,29
TWDB_5225209,2008-03,1507.83,31
TWDB_5225209,2008-04,1507.8,30
TWDB_5225209,2008-05,1507.77,31
TWDB_5225209,2008-06,1507.72,30
TWDB_5225209,2008-07,1507.7,31
TWDB_5225209,2008-08,1507.7,31
TWDB_5225209,2008-09,1507.75,25
TWDB_5225209,2008-10,1507.74,25
TWDB_5225209,2008-11,1507.75,29
TWDB_5225209,2008-12,1507.6,21
TWDB_5225209,2009-01,1507.57,29
TWDB_5225209,2009-02,1507.56,7
TWDB_5225209,2009-04,1507.63,28
TWDB_5225209,2009-05,1507.61,16
TWDB_5225209,2009-06,1507.63,1
TWDB_5225209,2009-07,1507.61,31
TWDB_5225209,2009-08,1507.59,22
TWDB_5225209,2009-11,1507.57,19
TWDB_5225209,2009-12,1507.56,30
TWDB_5225209,2010-01,1507.56,30
TWDB_5225209,2010-02,1507.57,26
TWDB_5225209,2010-03,1507.54,31
TWDB_5225209,2010-04,1507.53,30
TWDB_5225209,2010-05,1507.51,31
TWDB_5225209,2010-06,1507.49,30
TWDB_5225209,2010-07,1507.49,31
TWDB_5225209,2010-08,1507.49,31
TWDB_5225209,2010-09,1507.51,30
TWDB_5225209,2010-10,1507.5,31
TWDB_5225209,2010-11,1507.51,30
TWDB_5225209,2010-12,1507.51,31
TWDB_5225209,2011-01,1507.51,31
TWDB_5225209,2011-02,1507.49,28
TWDB_5225209,2011-03,1507.47,31
TWDB_5225209,2011-04,1507.46,30
TWDB_5225209,2011-05,1507.44,31
TWDB_5225209,2011-06,1507.44,30
TWDB_5225209,2011-07,1507.42,31
TWDB_5225209,2011-08,1507.42,31
TWDB_5225209,2011-09,1507.4,30
TWDB_5225209,2011-10,1507.39,30
TWDB_5225209,2011-11,1507.39,30
TWDB_5225209,2011-12,1507.38,30
TWDB_5225209,2012-01,1507.37,22
TWDB_5225209,2012-02,1507.34,23
TWDB_5225209,2012-03,1507.32,31
TWDB_5225209,2012-04,1507.3,30
TWDB_5225209,2012-05,1507.28,31
TWDB_5225209,2012-06,1507.28,30
TWDB_5225209,2012-07,1507.27,31
TWDB_5225209,2012-08,1507.26,30
TWDB_5225209,2012-09,1507.25,30
TWDB_5225209,2012-10,1507.24,31
TWDB_5225209,2012-11,1507.22,29
TWDB_5225209,2012-12,1507.23,26
TWDB_5225209,2013-01,1507.21,31
TWDB_5225209,2013-02,1507.22,28
TWDB_5225209,2013-03,1507.19,30
TWDB_5225209,2013-04,1507.18,30
TWDB_5225209,2013-05,1507.17,31
TWDB_5225209,2013-06,1507.14,30
TWDB_5225209,2013-07,1507.13,31
TWDB_5225209,2013-08,1507.11,31
TWDB_5225209,2013-09,1507.11,30
TWDB_5225209,2013-10,1507.09,31
TWDB_5225209,2013-11,1507.09,30
TWDB_5225209,2013-12,1507.09,31
TWDB_5225209,2014-01,1507.15,31
TWDB_5225209,2014-02,1507.32,28
TWDB_5225209,2014-03,1507.34,31
TWDB_5225209,2014-04,1507.32,30
TWDB_5225209,2014-05,1507.29,31
TWDB_5225209,2014-06,1507.32,30
TWDB_5225209,2014-07,1507.32,31
TWDB_5225209,2014-08,1507.28,29
TWDB_5225209,2014-09,1507.26,8
TWDB_5225209,2014-10,1507.22,31
TWDB_5225209,2014-11,1507.19,30
TWDB_5225209,2014-12,1507.16,31
TWDB_5225209,2015-01,1507.15,31
TWDB_5225209,2015-02,1507.14,28
TWDB_5225209,2015-03,1507.14,31
TWDB_5225209,2015-04,1507.14,30
TWDB_5225209,2015-05,1507.11,31
TWDB_5225209,2015-06,1507.08,30
TWDB_5225209,2015-07,1507.08,31
TWDB_5225209,2015-08,1507.1,31
TWDB_5225209,2015-09,1507.13,30
TWDB_5225209,2015-10,1507.15,31
TWDB_5225209,2015-11,1507.13,30
TWDB_5225209,2015-12,1507.07,31
TWDB_5225209,2016-01,1507.05,31
TWDB_5225209,2016-02,1507.04,29
TWDB_5225209,2016-03,1507.02,31
TWDB_5225209,2016-04,1507.02,30
TWDB_5225209,2016-05,1507.0,31
TWDB_5225209,2016-06,1506.98,30
TWDB_5225209,2016-07,1506.96,31
TWDB_5225209,2016-08,1506.94,31
TWDB_5225209,2016-09,1506.97,30
TWDB_5225209,2016-10,1506.97,31
TWDB_5225209,2016-11,1506.95,30
TWDB_5225209,2016-12,1506.97,27
TWDB_5225209,2017-01,1506.96,31
TWDB_5225209,2017-02,1506.96,28
TWDB_5225209,2017-03,1506.94,31
TWDB_5225209,2017-04,1506.93,30
TWDB_5225209,2017-05,1506.93,31
TWDB_5225209,2017-06,1506.94,30
TWDB_5225209,2017-07,1506.93,31
TWDB_5225209,2017-08,1506.96,31
TWDB_5225209,2017-09,1506.95,30
TWDB_5225209,2017-10,1506.99,31
TWDB_5225209,2017-11,1506.97,30
TWDB_5225209,2017-12,1506.97,31
TWDB_5225209,2018-01,1506.98,31
TWDB_5225209,2018-02,1506.98,28
TWDB_5225209,2018-03,1506.96,31
TWDB_5225209,2018-04,1506.93,30
TWDB_5225209,2018-05,1506.91,31
TWDB_5225209,2018-06,1506.88,30
TWDB_5225209,2018-07,1506.86,31
TWDB_5225209,2018-08,1506.85,31
TWDB_5225209,2018-09,1506.82,30
TWDB_5225209,2018-10,1506.83,31
TWDB_5225209,2018-11,1506.82,30
TWDB_5225209,2018-12,1506.81,31
TWDB_5225209,2019-01,1506.8,31
TWDB_5225209,2019-02,1506.8,28
TWDB_5225209,2019-03,1506.77,31
TWDB_5225209,2019-04,1506.77,25
TWDB_5225209,2019-05,1506.76,30
TWDB_5225209,2019-06,1506.74,30
TWDB_5225209,2019-07,1506.71,31
TWDB_5225209,2019-08,1506.7,31
TWDB_5225209,2019-09,1506.69,30
TWDB_5225209,2019-10,1506.71,31
TWDB_5225209,2019-11,1506.72,30
TWDB_5225209,2019-12,1506.71,31
TWDB_5225209,2020-01,1506.7,31
TWDB_5225209,2020-02,1506.66,20
TWDB_5225209,2020-03,1506.71,20
TWDB_5225209,2020-04,1506.68,30
TWDB_5225209,2020-05,1506.69,16
TWDB_5225209,2021-07,1506.55,19
TWDB_5225209,2021-08,1506.54,31
TWDB_5225209,2021-09,1506.54,30
TWDB_5225209,2021-10,1506.53,31
TWDB_5225209,2021-11,1506.52,30
TWDB_5225209,2021-12,1506.53,31
TWDB_5225209,2022-01,1506.52,31
TWDB_5225209,2022-02,1506.5,28
TWDB_5225209,2022-03,1506.49,31
TWDB_5225209,2022-04,1506.47,30
TWDB_5225209,2022-05,1506.45,31
TWDB_5225209,2022-06,1506.43,30
TWDB_5225209,2022-07,1506.44,31
TWDB_5225209,2022-08,1506.45,31
TWDB_5225209,2022-09,1506.45,30
TWDB_5225209,2022-10,1506.44,11
TWDB_5225209,2022-12,1506.47,25
TWDB_5225209,2023-01,1506.51,31
TWDB_5225209,2023-02,1506.51,28
TWDB_5225209,2023-03,1506.49,31
TWDB_5225209,2023-04,1506.54,30
TWDB_5225209,2023-05,1506.51,31
TWDB_5225209,2023-06,1506.45,30
TWDB_5225209,2023-07,1506.41,31
TWDB_5225209,2023-08,1506.39,31
TWDB_5225209,2023-09,1506.37,30
TWDB_5225209,2023-10,1506.35,31
TWDB_5225209,2023-11,1506.31,30
TWDB_5225209,2023-12,1506.29,31
TWDB_5225209,2024-01,1506.28,31
TWDB_5225209,2024-02,1506.36,29
TWDB_5225209,2024-03,1506.41,31
TWDB_5225209,2024-04,1506.38,30
TWDB_5225209,2024-05,1506.34,31
TWDB_5225209,2024-06,1506.29,30
TWDB_5225209,2024-07,1506.28,31
TWDB_5225209,2024-08,1506.25,31
TWDB_5225209,2024-09,1506.2,30
TWDB_5225209,2024-10,1506.16,31
TWDB_5225209,2024-11,1506.15,30
TWDB_5225209,2024-12,1506.03,31
TWDB_5225209,2025-01,1505.9,31
TWDB_5225209,2025-02,1506.08,28
TWDB_5225209,2025-03,1506.19,31
TWDB_5225209,2025-04,1506.18,30
TWDB_5225209,2025-05,1506.17,31
TWDB_5225209,2025-06,1506.13,30
TWDB_5225209,2025-07,1506.26,31
TWDB_5225209,2025-08,1506.27,31
TWDB_5225209,2025-09,1506.28,30
TWDB_5225209,2025-10,1506.3,31
TWDB_5225209,2025-11,1506.31,30
TWDB_5225209,2025-12,1506.31,31
TWDB_5225209,2026-01,1506.32,31
TWDB_5225209,2026-02,1506.32,28
TWDB_5225209,2026-03,1506.3,31
TWDB_5225209,2026-04,1506.29,30
TWDB_5225209,2026-05,1506.26,31
TWDB_5225209,2026-06,1506.25,30
TWDB_5225209,2026-07,1506.24,31
TWDB_5225209,2026-08,1506.23,16
TWDB_5225509,2009-02,1470.95,6
TWDB_5225509,2009-03,1469.42,31
TWDB_5225509,2009-04,1468.74,30
TWDB_5225509,2009-05,1468.3,31
TWDB_5225509,2009-06,1470.03,30
TWDB_5225509,2009-07,1473.75,31
TWDB_5225509,2009-08,1475.58,31
TWDB_5225509,2009-09,1472.26,30
TWDB_5225509,2009-10,1470.1,31
TWDB_5225509,2009-11,1470.23,27
TWDB_5225509,2009-12,1403.42,31
TWDB_5225509,2010-01,1467.83,31
TWDB_5225509,2010-02,1467.85,26
TWDB_5225509,2010-03,1468.59,31
TWDB_5225509,2010-04,1466.17,30
TWDB_5225509,2010-05,1465.22,8
TWDB_5230107,2014-06,1016.96,28
TWDB_5230107,2014-07,1016.93,31
TWDB_5230107,2014-08,1016.89,31
TWDB_5230107,2014-09,1016.84,30
TWDB_5230107,2014-10,1016.77,31
TWDB_5230107,2014-11,1016.74,30
TWDB_5230107,2014-12,1016.68,30
TWDB_5230107,2015-01,1016.66,29
TWDB_5230107,2015-02,1016.59,28
TWDB_5230107,2015-03,1016.56,31
TWDB_5230107,2015-04,1016.46,30
TWDB_5230107,2015-05,1016.38,31
TWDB_5230107,2015-06,1016.35,30
TWDB_5230107,2015-07,1016.31,31
TWDB_5230107,2015-08,1016.22,31
TWDB_5230107,2015-09,1016.21,30
TWDB_5230107,2015-10,1016.2,31
TWDB_5230107,2015-11,1016.17,30
TWDB_5230107,2015-12,1016.14,31
TWDB_5230107,2016-01,1016.08,31
TWDB_5230107,2016-02,1016.02,29
TWDB_5230107,2016-03,1015.92,31
TWDB_5230107,2016-04,1015.85,30
TWDB_5230107,2016-05,1015.81,31
TWDB_5230107,2016-06,1015.78,30
TWDB_5230107,2016-07,1015.7,31
TWDB_5230107,2016-08,1015.68,31
TWDB_5230107,2016-09,1015.69,30
TWDB_5230107,2016-10,1015.66,31
TWDB_5230107,2016-11,1015.56,30
TWDB_5230107,2016-12,1015.52,30
TWDB_5230107,2017-01,1015.51,31
TWDB_5230107,2017-02,1015.5,28
TWDB_5230107,2017-03,1015.47,31
TWDB_5230107,2017-04,1015.41,30
TWDB_5230107,2017-05,1015.36,31
TWDB_5230107,2017-06,1015.33,30
TWDB_5230107,2017-07,1015.3,31
TWDB_5230107,2017-08,1015.23,31
TWDB_5230107,2017-09,1015.22,20
TWDB_5230107,2017-10,1015.16,14
TWDB_5230107,2017-11,1015.08,30
TWDB_5230107,2017-12,1015.06,31
TWDB_5230107,2018-01,1015.03,31
TWDB_5230107,2018-02,1015.04,28
TWDB_5230107,2018-03,1014.98,31
TWDB_5230107,2018-04,1014.94,30
TWDB_5230107,2018-05,1014.87,31
TWDB_5230107,2018-06,1014.84,30
TWDB_5230107,2018-07,1014.68,31
TWDB_5230107,2018-08,1014.39,24
TWDB_5230107,2018-09,1014.19,16
TWDB_5230107,2018-10,1014.02,31
TWDB_5230107,2018-11,1013.85,30
TWDB_5230107,2018-12,1013.64,31
TWDB_5230107,2019-01,1013.44,31
TWDB_5230107,2019-02,1013.26,28
TWDB_5230107,2019-03,1013.11,31
TWDB_5230107,2019-04,1012.8,26
TWDB_5230107,2019-05,1012.6,31
TWDB_5230107,2019-06,1012.45,30
TWDB_5230107,2019-07,1012.29,31
TWDB_5230107,2019-08,1012.13,31
TWDB_5230107,2019-09,1012.0,30
TWDB_5230107,2019-10,1011.85,31
TWDB_5230107,2019-11,1011.73,30
TWDB_5230107,2019-12,1011.58,31
TWDB_5230107,2020-01,1011.45,31
TWDB_5230107,2020-02,1011.31,29
TWDB_5230107,2020-03,1011.19,30
TWDB_5230107,2020-04,1011.01,24
TWDB_5230107,2020-05,1010.9,31
TWDB_5230107,2020-06,1010.79,23
TWDB_5230107,2020-07,1010.68,31
TWDB_5230107,2020-08,1010.57,31
TWDB_5230107,2020-09,1010.5,30
TWDB_5230107,2020-10,1010.4,31
TWDB_5230107,2020-11,1010.3,30
TWDB_5230107,2020-12,1010.2,31
TWDB_5230107,2021-01,1010.09,31
TWDB_5230107,2021-02,1010.0,28
TWDB_5230107,2021-03,1009.97,31
TWDB_5230107,2021-04,1009.84,30
TWDB_5230107,2021-05,1009.74,31
TWDB_5230107,2021-06,1009.67,30
TWDB_5230107,2021-07,1009.58,31
TWDB_5230107,2021-08,1009.5,31
TWDB_5230107,2021-09,1009.38,30
TWDB_5230107,2021-10,1009.26,31
TWDB_5230107,2021-11,1009.25,4
TWDB_5230107,2022-01,1008.85,28
TWDB_5230107,2022-02,1008.42,28
TWDB_5230107,2022-03,1008.63,31
TWDB_5230107,2022-04,1008.6,30
TWDB_5230107,2022-05,1008.52,31
TWDB_5230107,2022-06,1008.43,30
TWDB_5230107,2022-07,1008.36,31
TWDB_5230107,2022-08,1008.32,31
TWDB_5230107,2022-09,1008.28,30
TWDB_5230107,2022-10,1008.21,31
TWDB_5230107,2022-11,1008.17,30
TWDB_5230107,2022-12,1008.12,22
TWDB_5230107,2023-05,1007.96,1
TWDB_5230107,2023-06,1007.91,30
TWDB_5230107,2023-07,1007.93,31
TWDB_5230107,2023-08,1007.95,31
TWDB_5230107,2023-09,1007.96,30
TWDB_5230107,2023-10,1007.86,31
TWDB_5230107,2023-11,1007.82,30
TWDB_5230107,2023-12,1007.68,31
TWDB_5230107,2024-01,1007.64,31
TWDB_5230107,2024-02,1007.6,29
TWDB_5230107,2024-03,1007.57,31
TWDB_5230107,2024-04,1007.52,30
TWDB_5230107,2024-05,1007.47,31
TWDB_5230107,2024-06,1007.42,30
TWDB_5230107,2024-07,1007.37,31
TWDB_5230107,2024-08,1007.33,31
TWDB_5230107,2024-09,1007.28,30
TWDB_5230107,2024-10,1007.23,31
TWDB_5230107,2024-11,1007.18,30
TWDB_5230107,2024-12,1007.13,31
TWDB_5230107,2025-01,1007.07,31
TWDB_5230107,2025-02,1007.02,27
TWDB_5230107,2025-03,1006.97,31
TWDB_5230107,2025-04,1006.91,30
TWDB_5230107,2025-05,1006.85,31
TWDB_5230107,2025-06,1006.79,30
TWDB_5230107,2025-07,1006.73,31
TWDB_5230107,2025-08,1006.68,31
TWDB_5230107,2025-09,1006.63,30
TWDB_5230107,2025-10,1006.57,31
TWDB_5230107,2025-11,1006.52,30
TWDB_5230107,2025-12,1006.47,31
TWDB_5230107,2026-01,1006.42,31
TWDB_5230107,2026-02,1006.39,28
TWDB_5230107,2026-03,1006.33,31
TWDB_5230107,2026-04,1006.3,30
TWDB_5230107,2026-05,1006.24,31
TWDB_5230107,2026-06,1006.2,30
TWDB_5230107,2026-07,1006.16,31
TWDB_5230107,2026-08,1006.12,16
TWDB_5234302,2009-02,1311.32,3
TWDB_5234302,2009-03,1311.34,31
TWDB_5234302,2009-04,1311.03,30
TWDB_5234302,2009-05,1308.41,31
TWDB_5234302,2009-06,1309.38,30
TWDB_5234302,2009-07,1308.06,31
TWDB_5234302,2009-08,1308.8,31
TWDB_5234302,2009-09,1305.65,30
TWDB_5234302,2009-10,1305.01,31
TWDB_5234302,2009-11,1305.22,27
TWDB_5234302,2009-12,1306.08,31
TWDB_5234302,2010-01,1306.46,31
TWDB_5234302,2010-02,1306.62,26
TWDB_5234302,2010-03,1304.78,31
TWDB_5234302,2010-04,1304.87,30
TWDB_5234302,2010-05,1302.89,31
TWDB_5234302,2010-06,1303.8,30
TWDB_5234302,2010-07,1304.5,31
TWDB_5234302,2010-08,1302.8,31
TWDB_5234302,2010-09,1302.81,30
TWDB_5234302,2010-10,1302.73,31
TWDB_5234302,2010-11,1304.96,30
TWDB_5234302,2010-12,1306.13,31
TWDB_5234302,2011-01,1306.81,31
TWDB_5234302,2011-02,1306.69,27
TWDB_5234302,2011-03,1303.31,28
TWDB_5234302,2011-04,1300.52,30
TWDB_5234302,2011-05,1300.51,29
TWDB_5234302,2011-06,1300.27,30
TWDB_5234302,2011-07,1300.29,31
TWDB_5234302,2011-08,1297.82,31
TWDB_5234302,2011-09,1298.15,30
TWDB_5234302,2011-10,1297.96,31
TWDB_5234302,2011-11,1298.93,29
TWDB_5234302,2011-12,1300.83,31
TWDB_5234302,2012-01,1301.14,31
TWDB_5234302,2012-02,1302.45,29
TWDB_5234302,2012-03,1300.37,28
TWDB_5234302,2012-04,1300.15,30
TWDB_5234302,2012-05,1300.17,30
TWDB_5234302,2012-06,1299.43,30
TWDB_5234302,2012-07,1299.27,10
TWDB_5235710,2009-03,1377.76,29
TWDB_5235710,2009-04,1376.14,30
TWDB_5235710,2009-05,1375.19,31
TWDB_5235710,2009-06,1374.99,30
TWDB_5235710,2009-07,1373.93,31
TWDB_5235710,2009-08,1373.98,31
TWDB_5235710,2009-09,1374.47,30
TWDB_5235710,2009-10,1376.58,31
TWDB_5235710,2009-11,1377.61,28
TWDB_5235710,2009-12,1375.26,30
TWDB_5235710,2010-01,1374.07,30
TWDB_5235710,2010-02,1373.38,26
TWDB_5235710,2010-03,1371.74,31
TWDB_5235710,2010-04,1369.86,9
TWDB_5301209,2010-03,829.88,24
TWDB_5301209,2010-04,828.89,30
TWDB_5301209,2010-05,828.15,31
TWDB_5301209,2010-06,827.23,30
TWDB_5301209,2010-07,828.0,31
TWDB_5301209,2010-08,827.52,31
TWDB_5301209,2010-09,827.63,30
TWDB_5301209,2010-10,827.76,31
TWDB_5301209,2010-11,828.37,30
TWDB_5301209,2010-12,828.99,31
TWDB_5301209,2011-01,829.5,31
TWDB_5301209,2011-02,830.04,28
TWDB_5301209,2011-03,829.9,31
TWDB_5301209,2011-04,828.67,30
TWDB_5301209,2011-05,827.32,31
TWDB_5301209,2011-06,826.24,30
TWDB_5301209,2011-07,825.02,31
TWDB_5301209,2011-08,824.25,31
TWDB_5301209,2011-09,823.63,30
TWDB_5301209,2011-10,823.41,31
TWDB_5301209,2011-11,823.87,30
TWDB_5301209,2011-12,825.97,31
TWDB_5301209,2012-01,827.13,31
TWDB_5301209,2012-02,827.76,29
TWDB_5301209,2012-03,828.07,31
TWDB_5301209,2012-04,827.68,30
TWDB_5301209,2012-05,826.88,31
TWDB_5301209,2012-06,825.39,30
TWDB_5301209,2012-07,824.1,31
TWDB_5301209,2012-08,822.75,31
TWDB_5301209,2012-09,821.79,30
TWDB_5301209,2012-10,822.45,31
TWDB_5301209,2012-11,823.89,30
TWDB_5301209,2012-12,825.41,31
TWDB_5301209,2013-01,826.82,31
TWDB_5301209,2013-02,827.96,28
TWDB_5301209,2013-03,827.84,31
TWDB_5301209,2013-04,826.94,30
TWDB_5301209,2013-05,826.2,31
TWDB_5301209,2013-06,824.53,30
TWDB_5301209,2013-07,823.57,31
TWDB_5301209,2013-08,821.79,31
TWDB_5301209,2013-09,821.09,20
TWDB_5301209,2013-10,821.12,31
TWDB_5301209,2013-11,822.4,30
TWDB_5301209,2013-12,824.89,31
TWDB_5301209,2014-01,826.13,8
TWDB_5306901,2008-03,714.98,1
TWDB_5306901,2008-04,714.99,30
TWDB_5306901,2008-05,715.0,31
TWDB_5306901,2008-06,715.0,30
TWDB_5306901,2008-07,714.97,31
TWDB_5306901,2008-08,714.93,31
TWDB_5306901,2008-09,714.91,30
TWDB_5306901,2008-10,714.91,31
TWDB_5306901,2008-11,714.95,30
TWDB_5306901,2008-12,715.0,31
TWDB_5306901,2009-01,715.03,31
TWDB_5306901,2009-02,715.08,28
TWDB_5306901,2009-03,715.1,31
TWDB_5306901,2009-04,715.1,30
TWDB_5306901,2009-05,715.09,31
TWDB_5306901,2009-06,715.09,30
TWDB_5306901,2009-07,715.06,31
TWDB_5306901,2009-08,715.03,31
TWDB_5306901,2009-09,715.01,30
TWDB_5306901,2009-10,715.3,31
TWDB_5306901,2009-11,715.32,30
TWDB_5306901,2009-12,715.33,31
TWDB_5306901,2010-01,715.34,31
TWDB_5306901,2010-02,715.36,28
TWDB_5306901,2010-03,715.37,31
TWDB_5306901,2010-04,715.36,30
TWDB_5306901,2010-05,715.33,31
TWDB_5306901,2010-06,715.29,30
TWDB_5306901,2010-07,715.27,31
TWDB_5306901,2010-08,715.26,31
TWDB_5306901,2010-09,715.25,30
TWDB_5306901,2010-10,715.27,31
TWDB_5306901,2010-11,715.32,30
TWDB_5306901,2010-12,715.34,31
TWDB_5306901,2011-01,715.36,31
TWDB_5306901,2011-02,715.36,28
TWDB_5306901,2011-03,715.37,31
TWDB_5306901,2011-04,715.38,13
TWDB_5306901,2011-05,715.37,28
TWDB_5306901,2011-06,715.35,15
TWDB_5306901,2011-07,715.24,19
TWDB_5306901,2011-08,715.19,31
TWDB_5306901,2011-09,715.11,30
TWDB_5306901,2011-10,715.08,31
TWDB_5306901,2011-11,715.06,30
TWDB_5306901,2011-12,715.09,31
TWDB_5306901,2012-01,715.31,31
TWDB_5306901,2012-02,715.5,29
TWDB_5306901,2012-03,715.62,31
TWDB_5306901,2012-04,715.71,30
TWDB_5306901,2012-05,715.83,31
TWDB_5306901,2012-06,715.81,30
TWDB_5306901,2012-07,715.74,31
TWDB_5306901,2012-08,715.65,31
TWDB_5306901,2012-09,715.66,30
TWDB_5306901,2012-10,715.75,31
TWDB_5306901,2012-11,715.89,30
TWDB_5306901,2012-12,716.38,31
TWDB_5306901,2013-01,716.51,31
TWDB_5306901,2013-02,716.64,28
TWDB_5306901,2013-03,716.08,31
TWDB_5306901,2013-04,715.69,30
TWDB_5306901,2013-05,715.5,31
TWDB_5306901,2013-06,715.36,30
TWDB_5306901,2013-07,715.24,31
TWDB_5306901,2013-08,715.15,28
TWDB_5306901,2013-09,715.17,16
TWDB_5306901,2013-10,715.03,23
TWDB_5306901,2013-11,715.01,30
TWDB_5306901,2013-12,715.0,31
TWDB_5306901,2014-01,715.03,27
TWDB_5309301,2021-04,889.63,16
TWDB_5309301,2021-05,889.15,31
TWDB_5309301,2021-06,887.82,30
TWDB_5309301,2021-07,887.24,31
TWDB_5309301,2021-08,886.55,31
TWDB_5309301,2021-09,885.95,30
TWDB_5309301,2021-10,885.47,31
TWDB_5309301,2021-11,885.34,30
TWDB_5309301,2021-12,885.46,31
TWDB_5309301,2022-01,886.19,31
TWDB_5309301,2022-02,889.22,28
TWDB_5309301,2022-03,890.19,31
TWDB_5309301,2022-04,889.4,30
TWDB_5309301,2022-05,888.24,31
TWDB_5309301,2022-06,887.21,30
TWDB_5309301,2022-07,886.15,31
TWDB_5309301,2022-08,885.51,31
TWDB_5309301,2022-09,885.49,30
TWDB_5309301,2022-10,885.79,31
TWDB_5309301,2022-11,886.76,30
TWDB_5309301,2022-12,889.18,31
TWDB_5309301,2023-01,890.36,31
TWDB_5309301,2023-02,890.72,28
TWDB_5309301,2023-03,890.73,31
TWDB_5309301,2023-04,890.37,30
TWDB_5309301,2023-05,889.76,31
TWDB_5309301,2023-06,888.71,25
TWDB_5309301,2023-07,887.57,31
TWDB_5309301,2023-08,886.64,31
TWDB_5309301,2023-09,886.28,30
TWDB_5309301,2023-10,886.11,31
TWDB_5309301,2023-11,886.19,30
TWDB_5309301,2023-12,886.52,31
TWDB_5309301,2024-01,887.82,31
TWDB_5309301,2024-02,889.41,29
TWDB_5309301,2024-03,890.23,31
TWDB_5309301,2024-04,889.77,30
TWDB_5309301,2024-05,888.68,31
TWDB_5309301,2024-06,887.36,30
TWDB_5309301,2024-07,886.13,31
TWDB_5309301,2024-08,885.35,31
TWDB_5309301,2024-09,885.12,30
TWDB_5309301,2024-10,884.8,31
TWDB_5309301,2024-11,884.79,30
TWDB_5309301,2024-12,884.88,31
TWDB_5309301,2025-01,885.41,31
TWDB_5309301,2025-02,887.36,28
TWDB_5309301,2025-03,888.9,31
TWDB_5309301,2025-04,888.31,30
TWDB_5309301,2025-05,887.74,31
TWDB_5309301,2025-06,887.3,30
TWDB_5309301,2025-07,887.33,31
TWDB_5309301,2025-08,886.77,31
TWDB_5309301,2025-09,886.25,30
TWDB_5309301,2025-10,885.96,31
TWDB_5309301,2025-11,885.84,30
TWDB_5309301,2025-12,885.81,31
TWDB_5309301,2026-01,885.92,31
TWDB_5309301,2026-02,886.79,28
TWDB_5309301,2026-03,887.54,31
TWDB_5309301,2026-04,886.94,30
TWDB_5309301,2026-05,886.07,31
TWDB_5309301,2026-06,885.57,30
TWDB_5309301,2026-07,885.02,31
TWDB_5309301,2026-08,884.56,17
TWDB_5312301,2014-05,817.19,12
TWDB_5312301,2014-06,817.31,13
TWDB_5312301,2015-02,817.21,11
TWDB_5312301,2015-03,817.26,31
TWDB_5312301,2015-04,817.3,30
TWDB_5312301,2015-05,817.38,31
TWDB_5312301,2015-06,817.49,30
TWDB_5312301,2015-07,817.49,31
TWDB_5312301,2015-08,817.72,31
TWDB_5312301,2015-09,817.25,30
TWDB_5312301,2015-10,817.46,31
TWDB_5312301,2015-11,817.31,30
TWDB_5312301,2015-12,817.26,30
TWDB_5312301,2016-01,817.41,7
TWDB_5312301,2016-02,817.47,29
TWDB_5312301,2016-03,817.47,31
TWDB_5312301,2016-04,817.49,30
TWDB_5312301,2016-05,817.51,31
TWDB_5312301,2016-06,817.07,30
TWDB_5312301,2016-07,817.42,31
TWDB_5312301,2016-08,817.29,31
TWDB_5312301,2016-09,817.29,30
TWDB_5312301,2016-10,817.3,31
TWDB_5312301,2016-11,817.31,30
TWDB_5312301,2016-12,817.32,31
TWDB_5312301,2017-01,817.34,31
TWDB_5312301,2017-02,817.32,28
TWDB_5312301,2017-03,817.33,31
TWDB_5312301,2017-04,815.98,30
TWDB_5312301,2017-05,817.43,31
TWDB_5312301,2017-06,816.29,30
TWDB_5312301,2017-07,815.26,31
TWDB_5312301,2017-08,815.8,31
TWDB_5312301,2017-09,817.6,30
TWDB_5312301,2017-10,817.66,31
TWDB_5312301,2017-11,817.7,30
TWDB_5312301,2017-12,817.77,31
TWDB_5312301,2018-01,817.84,26
TWDB_5312301,2018-02,817.7,28
TWDB_5312301,2018-03,817.21,31
TWDB_5312301,2018-04,817.21,30
TWDB_5312301,2018-05,817.14,31
TWDB_5312301,2018-06,817.08,30
TWDB_5312301,2018-07,817.06,31
TWDB_5312301,2018-08,816.98,31
TWDB_5312301,2018-09,816.7,19
TWDB_5312301,2018-10,817.48,5
TWDB_5312301,2018-11,817.49,7
TWDB_5312301,2019-05,817.66,2
TWDB_5312301,2019-06,817.74,30
TWDB_5312301,2019-07,817.7,31
TWDB_5312301,2019-08,817.56,31
TWDB_5312301,2019-09,817.39,30
TWDB_5312301,2019-10,817.33,13
TWDB_5312301,2019-11,817.3,30
TWDB_5312301,2019-12,817.29,31
TWDB_5312301,2020-01,817.32,25
TWDB_5312301,2020-02,817.31,16
TWDB_5312301,2020-03,817.4,15
TWDB_5312301,2020-04,817.41,25
TWDB_5312301,2023-11,816.45,1
TWDB_5312301,2023-12,816.44,31
TWDB_5312301,2024-01,816.48,31
TWDB_5312301,2024-02,816.54,29
TWDB_5312301,2024-03,816.59,31
TWDB_5312301,2024-04,816.58,30
TWDB_5312301,2024-05,816.55,31
TWDB_5312301,2024-06,816.48,30
TWDB_5312301,2024-07,816.42,31
TWDB_5312301,2024-08,816.37,31
TWDB_5312301,2024-09,816.3,30
TWDB_5312301,2024-10,816.24,31
TWDB_5312301,2024-11,816.21,30
TWDB_5312301,2024-12,816.22,31
TWDB_5312301,2025-01,816.25,31
TWDB_5312301,2025-02,816.31,28
TWDB_5312301,2025-03,816.34,31
TWDB_5312301,2025-04,816.34,30
TWDB_5312301,2025-05,816.35,31
TWDB_5312301,2025-06,816.5,30
TWDB_5312301,2025-07,816.7,31
TWDB_5312301,2025-08,816.68,31
TWDB_5312301,2025-09,816.64,30
TWDB_5312301,2025-10,816.62,31
TWDB_5312301,2025-11,816.65,30
TWDB_5312301,2025-12,816.67,31
TWDB_5312301,2026-01,816.7,31
TWDB_5312301,2026-02,816.74,28
TWDB_5312301,2026-03,816.77,31
TWDB_5312301,2026-04,816.8,30
TWDB_5312301,2026-05,816.78,31
TWDB_5312301,2026-06,817.02,30
TWDB_5312301,2026-07,817.06,31
TWDB_5312301,2026-08,817.02,16
TWDB_5312802,2009-05,839.21,19
TWDB_5312802,2009-06,839.47,30
TWDB_5312802,2009-07,837.74,31
TWDB_5312802,2009-08,837.15,31
TWDB_5312802,2009-09,837.73,30
TWDB_5312802,2009-10,838.29,31
TWDB_5312802,2009-11,838.99,28
TWDB_5312802,2009-12,839.54,31
TWDB_5312802,2010-01,839.58,31
TWDB_5312802,2010-02,839.87,26
TWDB_5312802,2010-03,838.99,31
TWDB_5312802,2010-04,838.27,30
TWDB_5312802,2010-05,837.97,31
TWDB_5312802,2010-06,837.89,30
TWDB_5312802,2010-07,839.13,31
TWDB_5312802,2010-08,838.09,31
TWDB_5312802,2010-09,838.88,30
TWDB_5312802,2010-10,838.76,31
TWDB_5312802,2010-11,839.16,30
TWDB_5312802,2010-12,839.68,31
TWDB_5312802,2011-01,839.7,31
TWDB_5312802,2011-02,839.74,27
TWDB_5312802,2011-03,838.59,1
TWDB_5316601,2008-03,710.17,1
TWDB_5316601,2008-04,710.15,30
TWDB_5316601,2008-05,710.14,31
TWDB_5316601,2008-06,710.12,30
TWDB_5316601,2008-07,710.12,31
TWDB_5316601,2008-08,710.09,31
TWDB_5316601,2008-09,710.27,30
TWDB_5316601,2008-10,710.65,31
TWDB_5316601,2008-11,710.63,30
TWDB_5316601,2008-12,710.6,31
TWDB_5316601,2009-01,710.59,31
TWDB_5316601,2009-02,710.56,28
TWDB_5316601,2009-03,710.53,31
TWDB_5316601,2009-04,710.5,30
TWDB_5316601,2009-05,710.54,31
TWDB_5316601,2009-06,710.63,30
TWDB_5316601,2009-07,710.58,31
TWDB_5316601,2009-08,710.54,31
TWDB_5316601,2009-09,710.5,30
TWDB_5316601,2009-10,710.4,31
TWDB_5316601,2009-11,710.35,30
TWDB_5316601,2009-12,710.32,31
TWDB_5316601,2010-01,710.31,31
TWDB_5316601,2010-02,710.34,28
TWDB_5316601,2010-03,710.31,31
TWDB_5316601,2010-04,710.29,30
TWDB_5316601,2010-05,710.26,31
TWDB_5316601,2010-06,710.23,30
TWDB_5316601,2010-07,710.17,31
TWDB_5316601,2010-08,710.13,31
TWDB_5316601,2010-09,710.11,30
TWDB_5316601,2010-10,710.1,31
TWDB_5316601,2010-11,710.08,30
TWDB_5316601,2010-12,710.06,31
TWDB_5316601,2011-01,710.04,31
TWDB_5316601,2011-02,710.03,28
TWDB_5316601,2011-03,710.02,22
TWDB_5316601,2011-06,709.98,21
TWDB_5316601,2011-07,709.96,31
TWDB_5316601,2011-08,709.95,31
TWDB_5316601,2011-09,709.93,30
TWDB_5316601,2011-10,709.92,31
TWDB_5316601,2011-11,709.91,30
TWDB_5316601,2011-12,709.89,31
TWDB_5316601,2012-01,709.85,14
TWDB_5316601,2012-02,709.85,29
TWDB_5316601,2012-03,709.84,31
TWDB_5316601,2012-04,709.83,30
TWDB_5316601,2012-05,709.85,31
TWDB_5316601,2012-06,709.88,30
TWDB_5316601,2012-07,709.83,31
TWDB_5316601,2012-08,709.79,31
TWDB_5316601,2012-09,709.77,30
TWDB_5316601,2012-10,709.77,31
TWDB_5316601,2012-11,709.76,30
TWDB_5316601,2012-12,709.75,31
TWDB_5316601,2013-01,709.76,31
TWDB_5316601,2013-02,709.75,28
TWDB_5316601,2013-03,709.73,31
TWDB_5316601,2013-04,709.72,30
TWDB_5316601,2013-05,709.71,31
TWDB_5316601,2013-06,709.69,30
TWDB_5316601,2013-07,709.68,31
TWDB_5316601,2013-08,709.68,31
TWDB_5316601,2013-09,709.66,30
TWDB_5316601,2013-10,709.64,8
TWDB_5320603,2009-09,818.13,16
TWDB_5320603,2009-10,818.18,31
TWDB_5320603,2009-11,818.15,28
TWDB_5320603,2009-12,818.18,1
TWDB_5320603,2010-03,817.98,3
TWDB_5320603,2010-04,817.95,30
TWDB_5320603,2010-05,817.93,31
TWDB_5320603,2010-06,817.94,30
TWDB_5320603,2010-07,817.99,31
TWDB_5320603,2010-08,817.97,31
TWDB_5320603,2010-09,817.93,30
TWDB_5320603,2010-10,817.99,27
TWDB_5320603,2010-11,817.92,29
TWDB_5320603,2010-12,817.91,31
TWDB_5320603,2011-01,817.88,31
TWDB_5320603,2011-02,817.86,27
TWDB_5320603,2011-03,817.82,31
TWDB_5320603,2011-04,817.74,30
TWDB_5320603,2011-05,817.74,31
TWDB_5320603,2011-06,817.74,30
TWDB_5320603,2011-07,817.75,31
TWDB_5320603,2011-08,817.73,31
TWDB_5320603,2011-09,817.73,30
TWDB_5320603,2011-10,817.7,31
TWDB_5320603,2011-11,817.43,28
TWDB_5320603,2011-12,817.42,31
TWDB_5320603,2012-01,817.4,31
TWDB_5320603,2012-02,817.37,28
TWDB_5320603,2012-03,817.66,26
TWDB_5320603,2012-04,817.63,30
TWDB_5320603,2012-05,817.62,30
TWDB_5320603,2012-06,817.6,30
TWDB_5320603,2012-07,817.63,31
TWDB_5320603,2012-08,817.6,30
TWDB_5320603,2012-09,817.6,30
TWDB_5320603,2012-10,817.57,31
TWDB_5320603,2012-11,817.6,30
TWDB_5320603,2012-12,817.51,27
TWDB_5320603,2013-01,817.55,31
TWDB_5320603,2013-02,817.47,28
TWDB_5320603,2013-03,817.49,31
TWDB_5320603,2013-04,817.41,30
TWDB_5320603,2013-05,817.41,31
TWDB_5320603,2013-06,817.4,30
TWDB_5320603,2013-07,817.47,31
TWDB_5320603,2013-08,817.6,31
TWDB_5320603,2013-09,817.53,30
TWDB_5320603,2013-10,817.53,31
TWDB_5320603,2013-11,817.58,30
TWDB_5320603,2013-12,817.54,31
TWDB_5320603,2014-01,817.54,31
TWDB_5320603,2014-02,817.34,28
TWDB_5320603,2014-03,817.32,31
TWDB_5320603,2014-04,817.27,30
TWDB_5320603,2014-05,817.28,31
TWDB_5320603,2014-06,817.23,30
TWDB_5320603,2014-07,817.3,31
TWDB_5320603,2014-08,817.26,31
TWDB_5320603,2014-09,817.3,13
TWDB_5320603,2014-10,817.33,31
TWDB_5320603,2014-11,817.35,30
TWDB_5320603,2014-12,817.32,31
TWDB_5320603,2015-01,817.37,31
TWDB_5320603,2015-02,817.29,28
TWDB_5320603,2015-03,817.28,31
TWDB_5320603,2015-04,817.19,30
TWDB_5320603,2015-05,817.19,31
TWDB_5320603,2015-06,817.3,30
TWDB_5320603,2015-07,817.37,31
TWDB_5320603,2015-08,817.3,31
TWDB_5320603,2015-09,817.22,30
TWDB_5320603,2015-10,817.21,31
TWDB_5320603,2015-11,817.19,30
TWDB_5320603,2015-12,817.13,31
TWDB_5320603,2016-01,817.16,31
TWDB_5320603,2016-02,817.26,29
TWDB_5320603,2016-03,817.4,31
TWDB_5320603,2016-04,817.4,29
TWDB_5320603,2016-05,817.39,31
TWDB_5320603,2016-06,817.42,30
TWDB_5320603,2016-07,817.4,31
TWDB_5320603,2016-08,817.39,31
TWDB_5320603,2016-09,817.39,30
TWDB_5320603,2016-10,817.37,31
TWDB_5320603,2016-11,817.38,30
TWDB_5320603,2016-12,817.35,30
TWDB_5320603,2017-01,817.3,31
TWDB_5320603,2017-02,817.22,28
TWDB_5320603,2017-03,817.21,31
TWDB_5320603,2017-04,817.12,30
TWDB_5320603,2017-05,817.1,31
TWDB_5320603,2017-06,817.14,27
TWDB_5320603,2017-07,817.23,31
TWDB_5320603,2017-08,817.19,31
TWDB_5320603,2017-09,817.16,28
TWDB_5320603,2017-10,817.17,31
TWDB_5320603,2017-11,817.18,30
TWDB_5320603,2017-12,817.18,31
TWDB_5320603,2018-01,817.19,31
TWDB_5320603,2018-02,817.07,28
TWDB_5320603,2018-03,816.99,31
TWDB_5320603,2018-04,816.97,30
TWDB_5320603,2018-05,816.95,17
TWDB_5320603,2018-06,817.12,13
TWDB_5320603,2018-07,817.2,31
TWDB_5320603,2018-08,817.16,31
TWDB_5320603,2018-09,817.14,30
TWDB_5320603,2018-10,817.18,31
TWDB_5320603,2018-11,817.18,25
TWDB_5320603,2018-12,817.04,27
TWDB_5320603,2019-01,817.04,31
TWDB_5320603,2019-02,816.97,28
TWDB_5320603,2019-03,817.06,31
TWDB_5320603,2019-04,816.94,30
TWDB_5320603,2019-05,816.93,24
TWDB_5320603,2022-08,816.78,20
TWDB_5320603,2022-09,816.79,30
TWDB_5320603,2022-10,816.8,31
TWDB_5320603,2022-11,816.81,30
TWDB_5320603,2022-12,816.81,31
TWDB_5320603,2023-01,816.8,31
TWDB_5320603,2023-02,816.79,27
TWDB_5320603,2023-03,816.78,31
TWDB_5320603,2023-04,816.78,30
TWDB_5320603,2023-05,816.78,10
TWDB_5320603,2023-11,816.73,1
TWDB_5320603,2023-12,816.71,28
TWDB_5320603,2024-02,816.71,17
TWDB_5320603,2024-03,816.69,31
TWDB_5320603,2024-04,816.67,30
TWDB_5320603,2024-05,816.66,31
TWDB_5320603,2024-06,816.68,26
TWDB_5320603,2024-07,816.71,31
TWDB_5320603,2024-08,816.7,31
TWDB_5320603,2024-09,816.7,30
TWDB_5320603,2024-10,816.69,31
TWDB_5320603,2024-11,816.68,30
TWDB_5320603,2024-12,816.67,31
TWDB_5320603,2025-01,816.66,31
TWDB_5320603,2025-02,816.65,27
TWDB_5320603,2025-03,816.64,31
TWDB_5320603,2025-04,816.63,30
TWDB_5320603,2025-05,816.62,31
TWDB_5320603,2025-06,816.61,30
TWDB_5320603,2025-07,816.64,31
TWDB_5320603,2025-08,816.63,31
TWDB_5320603,2025-09,816.62,30
TWDB_5320603,2025-10,816.6,31
TWDB_5320603,2025-11,816.51,16
TWDB_5320603,2025-12,816.47,31
TWDB_5320603,2026-01,816.46,31
TWDB_5320603,2026-02,816.45,28
TWDB_5320603,2026-03,816.43,30
TWDB_5320603,2026-04,816.43,30
TWDB_5320603,2026-05,816.41,31
TWDB_5320603,2026-06,816.41,30
TWDB_5320603,2026-07,816.4,31
TWDB_5320603,2026-08,816.4,16
TWDB_5320903,2010-08,816.04,25
TWDB_5320903,2010-09,816.02,28
TWDB_5320903,2010-10,816.03,30
TWDB_5320903,2010-11,816.0,30
TWDB_5320903,2010-12,815.99,27
TWDB_5320903,2011-01,815.97,31
TWDB_5320903,2011-02,815.96,28
TWDB_5320903,2011-03,815.94,31
TWDB_5320903,2011-04,815.9,30
TWDB_5320903,2011-05,815.89,31
TWDB_5320903,2011-06,815.89,30
TWDB_5320903,2011-07,815.88,31
TWDB_5320903,2011-08,815.87,31
TWDB_5320903,2011-09,815.84,30
TWDB_5320903,2011-10,815.8,31
TWDB_5320903,2011-11,815.77,30
TWDB_5320903,2011-12,815.76,31
TWDB_5320903,2012-01,815.74,31
TWDB_5320903,2012-02,815.71,29
TWDB_5320903,2012-03,815.51,31
TWDB_5320903,2012-04,815.5,30
TWDB_5320903,2012-05,815.49,31
TWDB_5320903,2012-06,815.47,14
TWDB_5320903,2012-07,815.53,21
TWDB_5320903,2012-08,815.52,30
TWDB_5320903,2012-09,815.51,30
TWDB_5320903,2012-10,815.46,31
TWDB_5320903,2012-11,815.47,30
TWDB_5320903,2012-12,815.44,27
TWDB_5320903,2013-01,815.45,31
TWDB_5320903,2013-02,815.43,28
TWDB_5320903,2013-03,815.43,31
TWDB_5320903,2013-04,815.4,30
TWDB_5320903,2013-05,815.42,31
TWDB_5320903,2013-06,815.42,30
TWDB_5320903,2013-07,815.44,31
TWDB_5320903,2013-08,815.5,31
TWDB_5320903,2013-09,815.48,10
TWDB_5320903,2013-10,815.43,31
TWDB_5320903,2013-11,815.44,30
TWDB_5320903,2013-12,815.42,31
TWDB_5320903,2014-01,815.42,16
TWDB_5320903,2014-02,815.43,17
TWDB_5320903,2014-03,815.41,31
TWDB_5320903,2014-04,815.4,30
TWDB_5320903,2014-05,815.41,31
TWDB_5320903,2014-06,815.4,30
TWDB_5320903,2014-07,815.43,31
TWDB_5320903,2014-08,815.42,21
TWDB_5320903,2014-09,815.31,8
TWDB_5320903,2014-10,815.28,31
TWDB_5320903,2014-11,815.28,30
TWDB_5320903,2014-12,815.26,31
TWDB_5320903,2015-01,815.27,31
TWDB_5320903,2015-02,815.26,28
TWDB_5320903,2015-03,815.26,31
TWDB_5320903,2015-04,815.23,27
TWDB_5320903,2015-10,815.42,18
TWDB_5320903,2015-11,815.41,30
TWDB_5320903,2015-12,815.4,31
TWDB_5320903,2016-01,815.4,31
TWDB_5320903,2016-02,815.4,29
TWDB_5320903,2016-03,815.34,31
TWDB_5320903,2016-04,815.32,30
TWDB_5320903,2016-05,815.3,31
TWDB_5320903,2016-06,815.31,30
TWDB_5320903,2016-07,815.29,31
TWDB_5320903,2016-08,815.28,31
TWDB_5320903,2016-09,815.27,30
TWDB_5320903,2016-10,815.26,31
TWDB_5320903,2016-11,815.28,30
TWDB_5320903,2016-12,815.26,30
TWDB_5320903,2017-01,815.24,31
TWDB_5320903,2017-02,815.24,28
TWDB_5320903,2017-03,815.27,25
TWDB_5320903,2017-04,815.1,18
TWDB_5320903,2017-05,815.09,31
TWDB_5320903,2017-06,815.08,30
TWDB_5320903,2017-07,815.11,31
TWDB_5320903,2017-08,815.1,31
TWDB_5320903,2017-09,815.09,30
TWDB_5320903,2017-10,815.09,31
TWDB_5320903,2017-11,815.08,30
TWDB_5320903,2017-12,815.1,31
TWDB_5320903,2018-01,815.11,31
TWDB_5320903,2018-02,815.13,28
TWDB_5320903,2018-03,815.25,31
TWDB_5320903,2018-04,815.24,30
TWDB_5320903,2018-05,815.21,31
TWDB_5320903,2018-06,815.19,30
TWDB_5320903,2018-07,815.22,31
TWDB_5320903,2018-08,815.21,31
TWDB_5320903,2018-09,815.2,30
TWDB_5320903,2018-10,815.2,31
TWDB_5320903,2018-11,815.21,30
TWDB_5320903,2018-12,815.19,31
TWDB_5320903,2019-01,815.2,31
TWDB_5320903,2019-02,815.18,28
TWDB_5320903,2019-03,815.23,31
TWDB_5320903,2019-04,815.18,26
TWDB_5320903,2019-05,815.16,5
TWDB_5320903,2020-01,814.88,3
TWDB_5320903,2020-02,814.86,29
TWDB_5320903,2020-03,814.85,31
TWDB_5320903,2020-04,814.8,30
TWDB_5320903,2020-05,814.79,31
TWDB_5320903,2020-06,814.78,30
TWDB_5320903,2020-07,814.76,31
TWDB_5320903,2020-08,814.75,31
TWDB_5320903,2020-09,814.74,30
TWDB_5320903,2020-10,814.73,31
TWDB_5320903,2020-11,814.74,30
TWDB_5320903,2020-12,814.73,31
TWDB_5320903,2021-01,814.72,31
TWDB_5320903,2021-02,814.7,28
TWDB_5320903,2021-03,814.7,31
TWDB_5320903,2021-04,814.68,30
TWDB_5320903,2021-05,814.7,31
TWDB_5320903,2021-06,814.7,30
TWDB_5320903,2021-07,814.72,31
TWDB_5320903,2021-08,814.71,31
TWDB_5320903,2021-09,814.7,30
TWDB_5320903,2021-10,814.69,31
TWDB_5320903,2021-11,814.7,30
TWDB_5320903,2021-12,814.67,31
TWDB_5320903,2022-01,814.68,31
TWDB_5320903,2022-02,814.72,28
TWDB_5320903,2022-03,814.72,31
TWDB_5320903,2022-04,814.68,30
TWDB_5320903,2022-05,814.67,31
TWDB_5320903,2022-06,814.67,30
TWDB_5320903,2022-07,814.68,31
TWDB_5320903,2022-08,814.66,31
TWDB_5320903,2022-09,814.66,30
TWDB_5320903,2022-10,814.64,31
TWDB_5320903,2022-11,814.65,30
TWDB_5320903,2022-12,814.65,31
TWDB_5320903,2023-01,814.63,31
TWDB_5320903,2023-02,814.65,28
TWDB_5320903,2023-03,814.62,31
TWDB_5320903,2023-04,814.61,30
TWDB_5320903,2023-05,814.6,31
TWDB_5320903,2023-06,814.57,30
TWDB_5320903,2023-07,814.59,31
TWDB_5320903,2023-08,814.57,31
TWDB_5320903,2023-09,814.55,30
TWDB_5320903,2023-10,814.53,31
TWDB_5320903,2023-11,814.56,30
TWDB_5320903,2023-12,814.55,31
TWDB_5320903,2024-01,814.52,31
TWDB_5320903,2024-02,814.51,29
TWDB_5320903,2024-03,814.49,31
TWDB_5320903,2024-04,814.49,30
TWDB_5320903,2024-05,814.45,31
TWDB_5320903,2024-06,814.47,30
TWDB_5320903,2024-07,814.5,31
TWDB_5320903,2024-08,814.5,31
TWDB_5320903,2024-09,814.48,30
TWDB_5320903,2024-10,814.49,31
TWDB_5320903,2024-11,814.45,30
TWDB_5320903,2024-12,814.49,31
TWDB_5320903,2025-01,814.49,31
TWDB_5320903,2025-02,814.46,28
TWDB_5320903,2025-03,814.43,31
TWDB_5320903,2025-04,814.42,30
TWDB_5320903,2025-05,814.41,31
TWDB_5320903,2025-06,814.42,30
TWDB_5320903,2025-07,814.43,31
TWDB_5320903,2025-08,814.43,31
TWDB_5320903,2025-09,814.42,30
TWDB_5320903,2025-10,814.41,31
TWDB_5320903,2025-11,814.41,30
TWDB_5320903,2025-12,814.4,31
TWDB_5320903,2026-01,814.41,31
TWDB_5320903,2026-02,814.4,28
TWDB_5320903,2026-03,814.36,31
TWDB_5320903,2026-04,814.35,30
TWDB_5320903,2026-05,814.32,31
TWDB_5320903,2026-06,814.32,30
TWDB_5320903,2026-07,814.33,31
TWDB_5320903,2026-08,814.31,16
TWDB_5321704,2010-10,813.7,4
TWDB_5321704,2010-11,813.69,30
TWDB_5321704,2010-12,813.69,31
TWDB_5321704,2011-01,813.68,31
TWDB_5321704,2011-02,813.68,27
TWDB_5321704,2011-03,813.65,31
TWDB_5321704,2011-04,813.61,30
TWDB_5321704,2011-05,813.61,31
TWDB_5321704,2011-06,813.61,30
TWDB_5321704,2011-07,813.61,31
TWDB_5321704,2011-08,813.6,31
TWDB_5321704,2011-09,813.61,30
TWDB_5321704,2011-10,813.6,27
TWDB_5321704,2011-11,813.62,27
TWDB_5321704,2011-12,813.65,31
TWDB_5321704,2012-01,813.63,31
TWDB_5321704,2012-02,813.59,25
TWDB_5321704,2012-03,813.43,27
TWDB_5321704,2012-04,813.39,30
TWDB_5321704,2012-05,813.39,30
TWDB_5321704,2012-06,813.36,30
TWDB_5321704,2012-07,813.38,31
TWDB_5321704,2012-08,813.37,30
TWDB_5321704,2012-09,813.37,30
TWDB_5321704,2012-10,813.34,31
TWDB_5321704,2012-11,813.35,30
TWDB_5321704,2012-12,813.33,27
TWDB_5321704,2013-01,813.35,31
TWDB_5321704,2013-02,813.28,28
TWDB_5321704,2013-03,813.29,31
TWDB_5321704,2013-04,813.26,30
TWDB_5321704,2013-05,813.26,31
TWDB_5321704,2013-06,813.26,27
TWDB_5321704,2013-07,813.23,20
TWDB_5321704,2013-08,813.1,21
TWDB_5321704,2013-11,813.22,13
TWDB_5321704,2013-12,813.25,31
TWDB_5321704,2014-01,813.26,31
TWDB_5321704,2014-02,813.23,28
TWDB_5321704,2014-03,813.2,31
TWDB_5321704,2014-04,813.19,30
TWDB_5321704,2014-05,813.19,31
TWDB_5321704,2014-06,813.18,30
TWDB_5321704,2014-07,813.19,31
TWDB_5321704,2014-08,813.17,31
TWDB_5321704,2014-09,813.2,30
TWDB_5321704,2014-10,813.16,31
TWDB_5321704,2014-11,813.22,30
TWDB_5321704,2014-12,813.21,31
TWDB_5321704,2015-01,813.26,31
TWDB_5321704,2015-02,813.2,28
TWDB_5321704,2015-03,813.16,31
TWDB_5321704,2015-04,813.09,30
TWDB_5321704,2015-05,813.09,31
TWDB_5321704,2015-06,813.07,30
TWDB_5321704,2015-07,813.04,31
TWDB_5321704,2015-08,813.02,31
TWDB_5321704,2015-09,813.01,30
TWDB_5321704,2015-10,813.04,31
TWDB_5321704,2015-11,813.05,30
TWDB_5321704,2015-12,813.02,27
TWDB_5321704,2016-01,813.12,3
TWDB_5321704,2016-02,813.06,1
TWDB_5321704,2016-06,813.24,4
TWDB_5321704,2016-08,812.94,15
TWDB_5321704,2016-09,812.94,30
TWDB_5321704,2016-10,812.93,31
TWDB_5321704,2016-11,812.92,30
TWDB_5321704,2016-12,812.89,30
TWDB_5321704,2017-01,812.88,31
TWDB_5321704,2017-02,812.88,28
TWDB_5321704,2017-03,812.88,31
TWDB_5321704,2017-04,812.85,30
TWDB_5321704,2017-05,812.85,31
TWDB_5321704,2017-06,812.86,30
TWDB_5321704,2017-07,812.87,31
TWDB_5321704,2017-08,812.86,31
TWDB_5321704,2017-09,812.85,30
TWDB_5321704,2017-10,812.83,31
TWDB_5321704,2017-11,812.82,30
TWDB_5321704,2017-12,812.82,31
TWDB_5321704,2018-01,812.82,6
TWDB_5321704,2018-06,812.69,2
TWDB_5321704,2018-07,812.9,31
TWDB_5321704,2018-08,812.97,17
TWDB_5321704,2019-02,812.64,11
TWDB_5321704,2019-03,812.68,31
TWDB_5321704,2019-04,812.35,30
TWDB_5321704,2019-05,812.31,31
TWDB_5321704,2019-06,812.4,30
TWDB_5321704,2019-07,812.52,31
TWDB_5321704,2019-08,812.49,31
TWDB_5321704,2019-09,812.51,30
TWDB_5321704,2019-10,812.62,31
TWDB_5321704,2019-11,812.73,30
TWDB_5321704,2019-12,812.73,31
TWDB_5321704,2020-01,812.72,31
TWDB_5321704,2020-02,812.69,29
TWDB_5321704,2020-03,812.5,31
TWDB_5321704,2020-04,812.32,30
TWDB_5321704,2020-05,811.83,31
TWDB_5321704,2020-06,810.8,30
TWDB_5321704,2020-07,811.39,31
TWDB_5321704,2020-08,811.68,31
TWDB_5321704,2020-09,811.89,30
TWDB_5321704,2020-10,811.91,10
TWDB_5321704,2022-01,812.21,25
TWDB_5321704,2022-08,812.19,21
TWDB_5321704,2022-09,812.19,30
TWDB_5321704,2022-10,812.2,31
TWDB_5321704,2022-11,812.2,30
TWDB_5321704,2022-12,812.19,31
TWDB_5321704,2023-01,812.18,31
TWDB_5321704,2023-02,812.19,28
TWDB_5321704,2023-03,812.17,31
TWDB_5321704,2023-04,812.17,30
TWDB_5321704,2023-05,812.16,31
TWDB_5321704,2023-06,812.15,30
TWDB_5321704,2023-07,812.14,31
TWDB_5321704,2023-08,812.14,31
TWDB_5321704,2023-09,812.13,30
TWDB_5321704,2023-10,812.12,31
TWDB_5321704,2023-11,812.12,30
TWDB_5321704,2023-12,812.1,31
TWDB_5321704,2024-01,812.1,31
TWDB_5321704,2024-02,812.09,29
TWDB_5321704,2024-03,812.09,31
TWDB_5321704,2024-04,812.07,30
TWDB_5321704,2024-05,812.06,31
TWDB_5321704,2024-06,812.05,30
TWDB_5321704,2024-07,812.05,31
TWDB_5321704,2024-08,812.04,31
TWDB_5321704,2024-09,812.04,30
TWDB_5321704,2024-10,812.02,31
TWDB_5321704,2024-11,812.02,30
TWDB_5321704,2024-12,812.01,31
TWDB_5321704,2025-01,812.0,31
TWDB_5321704,2025-02,812.0,28
TWDB_5321704,2025-03,811.99,31
TWDB_5321704,2025-04,811.98,30
TWDB_5321704,2025-05,811.97,31
TWDB_5321704,2025-06,811.96,30
TWDB_5321704,2025-07,811.95,31
TWDB_5321704,2025-08,811.9,31
TWDB_5321704,2025-09,811.88,30
TWDB_5321704,2025-10,811.89,31
TWDB_5321704,2025-11,811.87,30
TWDB_5321704,2025-12,811.87,31
TWDB_5321704,2026-01,811.86,31
TWDB_5321704,2026-02,811.87,28
TWDB_5321704,2026-03,811.84,31
TWDB_5321704,2026-04,811.85,30
TWDB_5321704,2026-05,811.83,31
TWDB_5321704,2026-06,811.82,30
TWDB_5321704,2026-07,811.81,31
TWDB_5321704,2026-08,811.81,17
TWDB_5334401,2008-02,1195.73,1
TWDB_5334401,2008-03,1194.83,29
TWDB_5334401,2008-04,1194.54,30
TWDB_5334401,2008-05,1194.09,31
TWDB_5334401,2008-06,1193.61,30
TWDB_5334401,2008-07,1193.43,31
TWDB_5334401,2008-08,1193.0,31
TWDB_5334401,2008-09,1192.87,30
TWDB_5334401,2008-10,1196.37,22
TWDB_5334401,2008-11,1198.42,12
TWDB_5334401,2008-12,1198.09,31
TWDB_5334401,2009-01,1197.48,31
TWDB_5334401,2009-02,1196.97,28
TWDB_5334401,2009-03,1196.5,31
TWDB_5334401,2009-04,1196.02,30
TWDB_5334401,2009-05,1195.55,31
TWDB_5334401,2009-06,1195.09,30
TWDB_5334401,2009-07,1194.66,31
TWDB_5334401,2009-08,1194.25,31
TWDB_5334401,2009-09,1193.88,30
TWDB_5334401,2009-10,1193.86,31
TWDB_5334401,2009-11,1193.49,30
TWDB_5334401,2009-12,1193.17,31
TWDB_5334401,2010-01,1192.86,31
TWDB_5334401,2010-02,1192.59,28
TWDB_5334401,2010-03,1192.33,31
TWDB_5334401,2010-04,1192.18,30
TWDB_5334401,2010-05,1191.98,31
TWDB_5334401,2010-06,1192.17,30
TWDB_5334401,2010-07,1195.26,31
TWDB_5334401,2010-08,1195.84,31
TWDB_5334401,2010-09,1193.85,30
TWDB_5334401,2010-10,1192.43,31
TWDB_5334401,2010-11,1191.12,30
TWDB_5334401,2010-12,1190.25,31
TWDB_5334401,2011-01,1189.73,31
TWDB_5334401,2011-02,1188.69,28
TWDB_5334401,2011-03,1188.07,31
TWDB_5334401,2011-04,1187.57,30
TWDB_5334401,2011-05,1187.16,31
TWDB_5334401,2011-06,1187.96,30
TWDB_5334401,2011-07,1189.73,31
TWDB_5334401,2011-08,1190.26,31
TWDB_5334401,2011-09,1190.31,30
TWDB_5334401,2011-10,1190.2,31
TWDB_5334401,2011-11,1189.97,30
TWDB_5334401,2011-12,1189.69,31
TWDB_5334401,2012-01,1189.34,31
TWDB_5334401,2012-02,1189.01,29
TWDB_5334401,2012-03,1188.83,31
TWDB_5334401,2012-04,1188.42,30
TWDB_5334401,2012-05,1188.02,31
TWDB_5334401,2012-06,1187.69,30
TWDB_5334401,2012-07,1187.34,31
TWDB_5334401,2012-08,1186.95,31
TWDB_5334401,2012-09,1186.71,30
TWDB_5334401,2012-10,1188.12,31
TWDB_5334401,2012-11,1187.9,30
TWDB_5334401,2012-12,1186.92,31
TWDB_5334401,2013-01,1186.35,31
TWDB_5334401,2013-02,1186.29,28
TWDB_5334401,2013-03,1185.89,31
TWDB_5334401,2013-04,1185.6,30
TWDB_5334401,2013-05,1185.31,31
TWDB_5334401,2013-06,1184.95,29
TWDB_5334401,2013-07,1184.65,16
TWDB_5334401,2013-08,1184.61,31
TWDB_5334401,2013-09,1184.51,29
TWDB_5334401,2013-10,1184.24,29
TWDB_5334401,2013-11,1184.15,1
TWDB_5418510,2008-03,624.99,1
TWDB_5418510,2008-04,624.88,30
TWDB_5418510,2008-05,624.66,31
TWDB_5418510,2008-06,624.52,30
TWDB_5418510,2008-07,624.86,31
TWDB_5418510,2008-08,625.7,31
TWDB_5418510,2008-09,627.33,30
TWDB_5418510,2008-10,630.52,31
TWDB_5418510,2008-11,631.36,30
TWDB_5418510,2008-12,631.42,31
TWDB_5418510,2009-01,631.25,31
TWDB_5418510,2009-02,630.96,28
TWDB_5418510,2009-03,630.62,31
TWDB_5418510,2009-04,630.29,30
TWDB_5418510,2009-05,630.14,31
TWDB_5418510,2009-06,629.99,30
TWDB_5418510,2009-07,629.64,31
TWDB_5418510,2009-08,629.27,31
TWDB_5418510,2009-09,628.92,30
TWDB_5418510,2009-10,628.63,31
TWDB_5418510,2009-11,628.25,30
TWDB_5418510,2009-12,627.87,31
TWDB_5418510,2010-01,627.44,31
TWDB_5418510,2010-02,627.2,28
TWDB_5418510,2010-03,627.06,31
TWDB_5418510,2010-04,626.79,30
TWDB_5418510,2010-05,626.43,31
TWDB_5418510,2010-06,626.08,30
TWDB_5418510,2010-07,627.52,31
TWDB_5418510,2010-08,630.68,31
TWDB_5418510,2010-09,631.28,30
TWDB_5418510,2010-10,631.27,21
TWDB_5418510,2010-11,631.09,27
TWDB_5418510,2010-12,630.78,31
TWDB_5418510,2011-01,630.4,31
TWDB_5418510,2011-02,630.02,28
TWDB_5418510,2011-03,629.53,31
TWDB_5418510,2011-04,629.06,30
TWDB_5418510,2011-05,628.64,31
TWDB_5418510,2011-06,628.2,30
TWDB_5418510,2011-07,627.73,31
TWDB_5418510,2011-08,627.3,31
TWDB_5418510,2011-09,626.88,30
TWDB_5418510,2011-10,626.44,31
TWDB_5418510,2011-11,626.11,30
TWDB_5418510,2011-12,625.86,31
TWDB_5418510,2012-01,625.57,31
TWDB_5418510,2012-02,625.32,29
TWDB_5418510,2012-03,625.06,31
TWDB_5418510,2012-04,624.94,30
TWDB_5418510,2012-05,625.91,31
TWDB_5418510,2012-06,627.29,30
TWDB_5418510,2012-07,627.61,31
TWDB_5418510,2012-08,627.32,31
TWDB_5418510,2012-09,627.02,30
TWDB_5418510,2012-10,626.91,31
TWDB_5418510,2012-11,627.11,30
TWDB_5418510,2012-12,626.98,31
TWDB_5418510,2013-01,626.72,31
TWDB_5418510,2013-02,626.39,28
TWDB_5418510,2013-03,625.97,31
TWDB_5418510,2013-04,625.53,30
TWDB_5418510,2013-05,625.12,31
TWDB_5418510,2013-06,624.79,30
TWDB_5418510,2013-07,624.66,31
TWDB_5418510,2013-08,624.71,31
TWDB_5418510,2013-09,625.09,30
TWDB_5418510,2013-10,626.44,8
TWDB_5425401,2024-08,666.39,27
TWDB_5425401,2024-09,666.26,30
TWDB_5425401,2024-10,666.13,31
TWDB_5425401,2024-11,666.01,30
TWDB_5425401,2024-12,665.89,31
TWDB_5425401,2025-01,665.8,26
TWDB_5425401,2025-02,665.73,22
TWDB_5425401,2025-03,665.65,31
TWDB_5425401,2025-04,665.6,30
TWDB_5425401,2025-05,665.59,31
TWDB_5425401,2025-06,665.7,30
TWDB_5425401,2025-07,665.75,31
TWDB_5425401,2025-08,665.75,31
TWDB_5425401,2025-09,665.76,30
TWDB_5425401,2025-10,665.71,31
TWDB_5425401,2025-11,665.66,29
TWDB_5425401,2025-12,665.65,31
TWDB_5425401,2026-01,665.61,24
TWDB_5425401,2026-02,665.56,28
TWDB_5425401,2026-03,665.51,31
TWDB_5425401,2026-04,665.47,30
TWDB_5425401,2026-05,665.43,31
TWDB_5425401,2026-06,665.41,30
TWDB_5425401,2026-07,665.47,31
TWDB_5425401,2026-08,665.58,16
TWDB_5434501,2024-08,609.31,27
TWDB_5434501,2024-09,608.96,30
TWDB_5434501,2024-10,608.56,31
TWDB_5434501,2024-11,607.85,27
TWDB_5434501,2024-12,607.9,27
TWDB_5434501,2025-01,607.92,29
TWDB_5434501,2025-02,608.31,28
TWDB_5434501,2025-03,608.18,27
TWDB_5434501,2025-04,608.06,27
TWDB_5434501,2025-05,608.42,27
TWDB_5434501,2025-06,608.39,29
TWDB_5434501,2025-07,608.48,31
TWDB_5434501,2025-08,608.77,16
TWDB_5434501,2025-09,609.0,23
TWDB_5434501,2025-10,609.1,31
TWDB_5434501,2025-11,608.76,29
TWDB_5434501,2025-12,608.67,31
TWDB_5434501,2026-01,608.41,31
TWDB_5434501,2026-02,608.41,28
TWDB_5434501,2026-03,607.63,31
TWDB_5434501,2026-04,608.38,30
TWDB_5434501,2026-05,607.62,31
TWDB_5434501,2026-06,608.99,20
TWDB_5434501,2026-07,609.13,31
TWDB_5434501,2026-08,609.29,17
