id,desc,source,lat,lon,type_cd,n_samples,n_tds,n_cond,n_ion_samples,n_iso_samples,tds_min,tds_max,tds_mean,date_oldest,date_newest
NM0023477,FORT SUMNER WASTEWATER PLANT DISCHARGE - NM0023477,NMED,34.44,-104.23,ST,15,1,0,2,0,974.0,974.0,974.0,1999-09-28,2013-10-08
NM0026395-M,Carlsbad WWTP effluent - NM0026395,NMED,32.41,-104.17,ST,9,1,0,1,0,1580.0,1580.0,1580.0,2004-11-17,2013-10-30
08382650,"Pecos River above Santa Rosa Lake, N Mex",NWIS_NM,35.05,-104.76,ST,225,53,124,111,6,128.7,1975.8,539.1,1976-02-27,2015-02-22
08383500,"Pecos River near Puerto de Luna, N Mex",NWIS_NM,34.73,-104.52,ST,889,342,399,321,0,192.0,2871.8,1990.2,1959-09-16,2014-09-29
08396500,"Pecos River near Artesia, N Mex",NWIS_NM,32.84,-104.32,ST,2198,1098,1157,1091,2,461.0,18000.0,5084.5,1959-10-01,2015-02-24
08412500,"Pecos River near Orla, Tex",NWIS_TX,31.87,-103.83,ST,360,171,345,347,2,1190.0,19700.0,9070.1,1969-10-01,2015-02-25
08405200,"Pecos River below Dark Canyon at Carlsbad , N Mex",NWIS_NM,32.4,-104.21,ST,443,11,227,104,2,1300.0,2811.3,2445.6,1969-12-23,2015-02-24
08406500,"Pecos River near Malaga, N Mex",NWIS_NM,32.2,-104.02,ST,1321,775,891,798,1,13.8,25700.0,4999.7,1959-08-03,2015-02-26
08407000,"Pecos River at Pierce Canyon Crossing, N Mex",NWIS_NM,32.18,-103.97,ST,1542,954,1061,1032,1,0.6,54000.0,10389.2,1959-10-01,2015-02-25
08384500,"Pecos River below Sumner Dam, N Mex",NWIS_NM,34.6,-104.38,ST,2311,174,1897,143,15,536.0,2770.0,1497.9,1907-03-23,2011-05-04
08387000,"Rio Ruidoso at Hollywood, N Mex",NWIS_NM,33.32,-105.62,ST,482,28,105,98,1,252.0,884.0,618.5,1960-02-18,2013-11-05
08377900,"Rio Mora near Terrero, N. Mex",NWIS_NM,35.77,-105.65,ST,463,311,260,211,3,20.0,138.0,63.7,1962-11-06,2014-10-08
08404000,"Pecos River below Avalon Dam, N Mex",NWIS_NM,32.48,-104.26,ST,65,1,4,4,0,3420.0,3420.0,3420.0,1960-07-15,2010-11-05
08385522,"Pecos River below Taiban Creek near Fort Sunmer,N Mex",NWIS_NM,34.33,-104.18,ST,75,1,29,29,1,2152.1,2152.1,2152.1,1992-12-14,2015-02-25
08385000,"Fort Sumner Main Canal near Fort Sumner, N Mex",NWIS_NM,34.5,-104.27,ST-CA,305,0,1,1,0,,,,1959-09-17,2011-05-04
08401500,"Pecos River below Brantley Dam near Carlsbad , N Mex",NWIS_NM,32.54,-104.37,ST,343,19,142,98,0,2750.0,6130.0,4063.2,1959-10-07,2011-02-04
08380500,"Gallinas Creek near Montezuma, N Mex",NWIS_NM,35.65,-105.31,ST,94,47,72,72,0,94.0,187.0,142.8,1900-07-01,2009-02-11
08386505,"Rio Ruidoso at Ruidoso, N Mex",NWIS_NM,33.33,-105.72,ST,46,3,3,3,1,171.7,259.7,209.6,2003-04-08,2013-11-05
08399500,"Pecos River (Kaiser Channel) near Lakewood, N Mex",NWIS_NM,32.68,-104.29,ST,590,9,44,44,0,1920.0,10500.0,7130.0,1960-02-01,2009-09-16
08395500,"Pecos River near Lake Arthur, N Mex",NWIS_NM,32.98,-104.32,ST,625,0,3,2,0,,,,1960-01-28,2012-09-14
08379500,"Pecos River near Anton Chico, N Mex",NWIS_NM,35.17,-105.1,ST,509,158,124,121,0,98.0,426.0,174.5,1959-08-31,2010-08-31
08406000,"Black River at MALAGA, N Mex",NWIS_NM,32.24,-104.06,ST,66,0,1,0,0,,,,2003-01-15,2015-02-25
08385630,"Pecos River near Dunlap, N Mex",NWIS_NM,34.06,-104.3,ST,42,0,1,0,0,,,,2003-02-03,2015-02-25
08408500,"Delaware River near Red Bluff , N Mex",NWIS_NM,32.02,-104.05,ST,64,1,1,1,0,1980.0,1980.0,1980.0,1966-08-24,2011-02-01
08402000,"Pecos River at damsite 3 near Carlsbad , N Mex",NWIS_NM,32.51,-104.33,ST,788,17,388,389,0,467.0,4590.0,3117.2,1959-08-03,2011-02-04
08407500,"Pecos River at Red Bluff , N Mex",NWIS_NM,32.07,-104.03,ST,1242,905,804,754,10,66.9,32800.0,10253.7,1959-03-14,2015-02-25
08378500,"Pecos River near Pecos, N Mex",NWIS_NM,35.7,-105.68,ST,90,0,59,3,0,,,,1963-05-15,2011-02-28
08386000,"Pecos River near Acme, N Mex",NWIS_NM,33.57,-104.37,ST,1489,729,806,776,1,1.8,11600.0,2881.3,1900-07-01,2015-02-23
08405450,"BLUE SpringS above DIVERSIONS near WhiteS CITY, N Mex",NWIS_NM,32.18,-104.28,ST,117,2,48,41,0,1060.0,1120.0,1090.0,1974-01-04,2011-02-07
08382500,"Gallinas River near Colonias, N Mex",NWIS_NM,35.18,-104.9,ST,166,3,3,3,0,331.8,715.9,565.9,1959-08-31,2010-08-31
08394024,"Pecos River north boundary (BLM wetlands) near Dexter, N Mex",NWIS_NM,33.31,-104.36,ST,37,0,1,0,0,,,,2003-01-07,2015-02-24
08394033,"Pecos River south boundary (BLM wetlands) near Dexter, N Mex",NWIS_NM,33.26,-104.35,ST,39,1,1,1,1,5526.6,5526.6,5526.6,2003-10-24,2015-02-24
08387600,"EAGLE CREEK BELOW SOUTH FORK near ALTO, N Mex",NWIS_NM,33.39,-105.72,ST,173,2,2,2,0,232.8,458.2,345.5,1957-01-24,2013-07-22
08398500,"Rio Penasco at Dayton, N Mex",NWIS_NM,32.74,-104.41,ST,42,1,1,1,0,225.0,225.0,225.0,1960-07-09,2006-09-05
08401900,"Rocky Arroyo at HWY BRD near Carlsbad , N Mex",NWIS_NM,32.5,-104.37,ST,35,2,2,2,0,104.0,702.0,403.0,1965-04-27,2007-05-08
08390500,"Rio Hondo at Diamon A Ranch near Roswell , N Mex",NWIS_NM,33.34,-104.85,ST,176,6,6,6,0,292.0,1450.0,840.3,1960-06-10,2007-12-05
332413105441601,10S.12E.36.121A Projected MW1A,NWIS_NM,33.4,-105.73,GW,2,1,1,2,1,166.8,166.8,166.8,2007-06-19,2008-09-04
332419105441901,10S.12E.25.343A Projected MW1B,NWIS_NM,33.4,-105.73,GW,5,4,5,5,4,192.3,207.4,199.9,2007-06-22,2009-03-19
332419105441902,10S.12E.25.343B Projected MW1C,NWIS_NM,33.4,-105.73,GW,5,4,5,5,4,225.5,234.7,228.8,2007-06-21,2009-03-19
332410105441501,10S.12E.36.124A Projected MW2A,NWIS_NM,33.4,-105.73,GW,1,0,1,1,0,,,,2007-06-19,2007-06-19
332405105441201,10S.12E.36.124B Projected MW3A,NWIS_NM,33.4,-105.73,GW,2,1,2,2,1,169.9,169.9,169.9,2007-06-20,2008-09-06
332357105440401,10S.12E.36.234A Projected MW5A,NWIS_NM,33.39,-105.73,GW,3,2,3,3,1,195.3,357.7,276.5,2007-06-20,2008-11-18
08387575,"South Fork Eagle Creek near Alto, N Mex",NWIS_NM,33.39,-105.72,ST,1,1,1,1,0,503.7,503.7,503.7,2008-06-12,2008-06-12
08387550,"North Fork Eagle Creek near Alto, N Mex",NWIS_NM,33.4,-105.74,ST,8,4,4,4,4,117.6,171.6,141.0,2008-02-06,2009-05-04
332402105441402,10S.12E.36.124D Projected MW4C,NWIS_NM,33.4,-105.73,GW,4,4,4,4,4,549.1,612.3,592.9,2008-06-19,2009-03-18
332402105441201,10S.12E.36.231 NF-4,NWIS_NM,33.4,-105.73,GW,4,4,4,4,4,680.1,796.7,723.7,2008-06-12,2009-03-18
332413105441801,10S.12E..36.121B Projected,NWIS_NM,33.4,-105.73,GW,2,2,2,2,2,373.1,417.3,395.2,2008-06-12,2008-09-04
332402105441401,10S.12E.36.124C Projected MW4B,NWIS_NM,33.4,-105.73,GW,3,3,3,3,3,442.0,539.3,490.1,2008-09-05,2009-03-17
332402105441410,Carleton Canyon near MW4,NWIS_NM,33.4,-105.73,ST,1,1,1,1,1,423.8,423.8,423.8,2008-09-05,2008-09-05
332720105450410,10S.11E.12 Rio Bonito at West Fork Campground,NWIS_NM,33.45,-105.75,ST,4,4,4,4,1,266.1,423.9,345.6,2012-07-11,2013-11-04
08388500,"Rio Bonito at Highway 48 bridge near Alto, N Mex",NWIS_NM,33.44,-105.66,ST,4,4,4,4,1,501.8,659.6,597.8,2012-07-11,2013-11-05
332206105320510,11S.14E.12.323 Rio Ruidoso at GLENCOE,NWIS_NM,33.36,-105.53,ST,3,3,3,3,1,1121.4,1469.6,1263.2,2012-07-11,2013-11-05
08388000,"Rio Ruidoso at Hondo, N Mex",NWIS_NM,33.38,-105.27,ST,3,3,3,3,1,1066.2,1623.9,1400.8,2012-07-11,2013-11-06
08389500,"Rio Bonito at Hondo, N Mex",NWIS_NM,33.38,-105.27,ST,4,4,4,4,1,884.5,1515.8,1146.2,2012-07-12,2013-11-06
08389055,"Rio Bonito near Lincoln, N Mex",NWIS_NM,33.52,-105.46,ST,1,1,1,1,0,718.1,718.1,718.1,2012-07-12,2012-07-12
08390020,"Rio Hondo above Chavez Canyon near Hondo, N Mex",NWIS_NM,33.37,-105.25,ST,3,3,3,3,0,1244.2,1319.7,1284.1,2013-04-03,2013-11-06
332635105401001,Camp Nazarene Canyon Well,NWIS_NM,33.44,-105.66,GW,1,1,1,1,1,1509.3,1509.3,1509.3,2013-05-07,2013-05-07
333149105302601,VILLAGE of CAPITAN BACKUP well,NWIS_NM,33.53,-105.5,GW,1,1,1,1,1,989.7,989.7,989.7,2013-05-08,2013-05-08
332929105232501,Lincoln Community Well,NWIS_NM,33.49,-105.39,GW,1,1,1,1,1,1537.7,1537.7,1537.7,2013-05-09,2013-05-09
332437105170301,10S.17E.29.423,NWIS_NM,33.41,-105.28,GW,1,1,1,1,1,1634.0,1634.0,1634.0,2013-05-09,2013-05-09
332355105472301,Ski Apache Big,NWIS_NM,33.39,-105.78,GW,1,1,1,1,1,496.8,496.8,496.8,2013-06-25,2013-06-25
332437105265601,Glencoe Deep,NWIS_NM,33.41,-105.44,GW,1,1,1,1,1,1179.6,1179.6,1179.6,2013-06-25,2013-06-25
332247105383401,11S.13E.02.44111,NWIS_NM,33.37,-105.64,GW,1,1,1,1,1,2492.3,2492.3,2492.3,2013-06-26,2013-06-26
333118105282001,Government Springs Upper,NWIS_NM,33.52,-105.47,SP,1,1,1,1,0,1938.3,1938.3,1938.3,2013-06-26,2013-06-26
332123105405201,Cedar Creek USFS Lincoln,NWIS_NM,33.35,-105.68,GW,1,1,1,1,1,1041.0,1041.0,1041.0,2013-06-24,2013-06-24
331937105350701,11S.14E.28.321 HALE SP,NWIS_NM,33.32,-105.58,SP,3,1,2,2,1,1190.0,1190.0,1190.0,1955-04-27,2013-11-07
332430104235610,Bitter Lake NWR south weir inflow,NWIS_NM,33.4,-104.39,ST,1,1,1,1,1,6847.4,6847.4,6847.4,2015-02-23,2015-02-23
345701104422710,"Pecos River abv. Santa Rosa, N Mex",NWIS_NM,34.95,-104.7,ST,1,1,1,1,1,2561.6,2561.6,2561.6,2015-02-22,2015-02-22
331856104195310,Lea Lake Outflow,NWIS_NM,33.31,-104.33,ST,1,1,1,1,1,8522.4,8522.4,8522.4,2015-02-24,2015-02-24
332322104235610,Rio Hondo new channel near Hwy 380,NWIS_NM,33.38,-104.39,ST,1,1,1,1,1,7644.3,7644.3,7644.3,2015-02-23,2015-02-23
335054103550001,Elida Well 1,NWIS_NM,33.84,-103.91,GW,2,1,1,1,1,1154.0,1154.0,1154.0,2015-03-26,2015-03-26
08379187,"Tecolote Creek BL Wright Canyon near El Porvenir , N Mex",NWIS_NM,35.67,-105.46,ST,333,30,327,32,0,80.0,166.0,129.7,1900-05-24,1992-10-08
333648104223901,08S.25E.22,NWIS_NM,33.61,-104.37,SP,1,1,0,1,0,8360.0,8360.0,8360.0,1923-12-18,1923-12-18
325557105164801,16S.16E.11.342 Paul Springs,NWIS_NM,32.93,-105.28,SP,1,1,0,1,0,220.0,220.0,220.0,1925-08-19,1925-08-19
330845104574901,13S.20E.33.230,NWIS_NM,33.14,-104.96,GW,1,2,0,1,0,597.0,616.0,606.5,1927-01-05,1927-01-05
332311104415001,11S.22E.02.13 well 1658,NWIS_NM,33.38,-104.69,GW,1,1,0,1,0,1121.0,1121.0,1121.0,1926-12-28,1926-12-28
332337104321601,10S.24E.31.4 C ALSTON,NWIS_NM,33.41,-104.54,GW,1,2,0,1,0,928.0,975.0,951.5,1926-12-28,1926-12-28
332616104060601,10S.28E.21,NWIS_NM,33.43,-104.1,GW,1,2,0,1,0,1737.0,1885.0,1811.0,1927-04-05,1927-04-05
332916104353601,09S.23E.35.13 CA MORLEY,NWIS_NM,33.49,-104.59,GW,1,2,0,1,0,3226.0,3530.0,3378.0,1926-11-12,1926-11-12
333102104381201,09S.23E.20.14 CA MORLEY,NWIS_NM,33.51,-104.64,GW,1,2,0,1,0,1354.0,1421.0,1387.5,1927-01-26,1927-01-26
325540104445001,16S.21E.12.34 DW RUNYAN,NWIS_NM,32.93,-104.75,GW,1,0,0,1,0,,,,1927-01-28,1927-01-28
324521104223401,18S.26E.10.33 WORLEY,NWIS_NM,32.75,-104.37,GW,1,0,0,1,0,,,,1927-04-09,1927-04-09
324228103565701,18S.30E.26.3,NWIS_NM,32.71,-103.94,GW,1,0,0,1,0,,,,1927-02-02,1927-02-02
323658104484601,19S.21E.32.32 WHITAKER WL,NWIS_NM,32.61,-104.81,GW,1,0,0,1,0,,,,1927-03-26,1927-03-26
323736103524601,19S.31E.28.331 LUSK Ranch,NWIS_NM,32.62,-103.88,GW,2,1,1,2,0,855.0,855.0,855.0,1927-01-25,1950-05-01
323542104385501,20S.23E.12.11 JOYCE JF,NWIS_NM,32.59,-104.65,GW,1,1,0,1,0,2646.0,2646.0,2646.0,1927-04-16,1927-04-16
323448103570201,20S.30E.10 WATER HOLE well,NWIS_NM,32.58,-103.95,GW,1,1,0,1,0,2292.0,2292.0,2292.0,1927-01-25,1927-01-25
322938104495901,21S.21E.07.42 FRNSWRTH,NWIS_NM,32.49,-104.83,GW,1,1,0,1,0,384.0,384.0,384.0,1927-03-23,1927-03-23
324654104220401,18S.26E.03.21111,NWIS_NM,32.78,-104.36,GW,1,2,0,1,0,4635.0,5359.0,4997.0,1928-05-21,1928-05-21
332231104273301,11S.24E.12.21333 JP White,NWIS_NM,33.37,-104.45,GW,4,1,3,4,0,1840.0,1840.0,1840.0,1928-05-10,1956-04-20
332336104280401,11S.24E.01.11113,NWIS_NM,33.39,-104.46,GW,6,4,5,6,0,1801.0,2164.0,1927.2,1928-05-10,1957-06-24
332522104280801,10S.24E.25.13133 GARROD J A,NWIS_NM,33.42,-104.46,GW,1,2,0,1,0,5630.0,5668.0,5649.0,1928-05-10,1928-05-10
332523104291001,10S.24E.23.331421 CNTRY CLB,NWIS_NM,33.42,-104.48,GW,2,3,1,2,0,3314.0,3900.0,3514.0,1928-05-10,1939-02-09
332536104280901,10S.24E.23.424 URTON,NWIS_NM,33.42,-104.47,GW,3,5,2,3,0,5160.0,6980.0,6008.4,1928-05-10,1940-07-24
332616104291102,10S.24E.15. IRA PARKA,NWIS_NM,33.43,-104.48,GW,1,2,0,1,0,4650.0,4699.0,4674.5,1928-05-10,1928-05-10
332616104321401,10S.24E.17.33333 B.IRR.FRMS,NWIS_NM,33.43,-104.53,GW,5,2,4,5,0,1210.0,1260.0,1235.0,1928-05-10,1964-03-02
332628104294001,10S.24E.15.431 MARSHALL,NWIS_NM,33.44,-104.49,GW,4,2,3,4,0,2290.0,2340.0,2315.0,1928-05-10,1964-08-04
332628104294101,10S.24E.15.342121,NWIS_NM,33.44,-104.49,GW,7,6,6,7,0,1850.0,2190.0,2072.8,1928-05-10,1964-08-07
332655104291101,10S.24E.15.32121 BEN AMES,NWIS_NM,33.44,-104.48,GW,5,3,4,5,0,1457.0,1550.0,1505.3,1928-05-10,1952-05-12
325640104274601,16S.25E.02.3 Pearson O,NWIS_NM,32.95,-104.45,GW,1,1,0,1,0,2134.0,2134.0,2134.0,1928-05-21,1928-05-21
325639104315401,16S.25E.07.11 Worley,NWIS_NM,32.94,-104.53,GW,1,1,0,1,0,890.0,890.0,890.0,1928-05-21,1928-05-21
325719104283401,16S.25E.03.114 O'Bannon,NWIS_NM,32.96,-104.47,GW,1,1,0,1,0,2157.0,2157.0,2157.0,1928-05-21,1928-05-21
325640104305201,16S.25E.05.3 Krumm,NWIS_NM,32.94,-104.51,GW,1,1,0,1,0,1364.0,1364.0,1364.0,1928-05-21,1928-05-21
325101104221001,17S.26E.10.433A SULLIVAN,NWIS_NM,32.84,-104.36,GW,4,1,4,4,0,902.0,902.0,902.0,1928-05-21,1957-09-18
324654104233501,18S.26E.04.111B F WATKINS,NWIS_NM,32.78,-104.39,GW,2,1,1,2,0,847.0,847.0,847.0,1928-05-21,1944-02-11
324559104223401,18S.26E.10.13 FRISCH,NWIS_NM,32.76,-104.37,GW,2,1,0,1,0,1262.0,1262.0,1262.0,1928-05-21,1939-02-06
324509104204901,18S.26E.14.23,NWIS_NM,32.74,-104.35,GW,1,1,0,1,0,1382.0,1382.0,1382.0,1928-05-21,1928-05-21
324457104223401,18S.26E.15.13,NWIS_NM,32.74,-104.37,GW,1,1,0,1,0,949.0,949.0,949.0,1928-05-21,1928-05-21
324419104225001,18S.26E.21.223 #1308FIEDLER,NWIS_NM,32.73,-104.38,GW,1,1,0,1,0,3494.0,3494.0,3494.0,1928-05-21,1928-05-21
323734104220901,19S.26E.34.12,NWIS_NM,32.62,-104.37,GW,2,1,1,2,0,1300.0,1300.0,1300.0,1928-05-21,1929-02-06
323616104251101,20S.26E.26.23 BUSS,NWIS_NM,32.54,-104.35,GW,2,1,1,2,0,1250.0,1250.0,1250.0,1928-05-21,1939-02-02
323718103225801,19S.36E.32.110,NWIS_NM,32.62,-103.38,GW,1,1,0,1,0,668.0,668.0,668.0,1929-11-20,1929-11-20
323237103395801,20S.33E.28.23,NWIS_NM,32.54,-103.66,GW,4,4,0,4,0,430.0,1224.0,819.8,1931-11-05,1931-11-05
334959103450301,05S.30E.26.,NWIS_NM,33.84,-103.76,GW,2,4,1,2,0,884.0,981.0,933.2,1931-11-10,1940-11-29
343524103431101,04N.31E.06.4,NWIS_NM,34.59,-103.72,GW,1,2,0,1,0,369.0,388.0,378.5,1931-11-12,1931-11-12
322717104291801,Seven Rivers Hills,NWIS_NM,32.45,-104.48,SP,1,0,1,1,0,,,,1938-04-24,1938-04-24
323812103183501,19S.36E.25.123+DUP,NWIS_NM,32.63,-103.31,GW,1,0,1,1,0,,,,1938-04-09,1938-04-09
323813103183801,19S.36E.25.123,NWIS_NM,32.63,-103.31,SP,1,0,1,1,0,,,,1938-04-09,1938-04-09
332858103554401,09S.30E.36 J BEADLE,NWIS_NM,33.48,-103.92,GW,1,0,1,1,0,,,,1938-07-13,1938-07-13
325705104305201,16S.25E.05.311 Krumm,NWIS_NM,32.95,-104.51,GW,1,0,1,1,0,,,,1938-02-08,1938-02-08
323400104234201,20S.26E.21.CARPENTER well,NWIS_NM,32.56,-104.39,GW,3,0,3,3,0,,,,1938-05-26,1940-07-11
322759104161201,21S.26E.23.13333 J BOYD,NWIS_NM,32.46,-104.27,GW,12,3,12,12,0,1180.0,3510.0,2503.3,1938-07-13,1956-01-27
322645104151101,21S.26E.25.331,NWIS_NM,32.44,-104.25,SP,3,2,3,3,0,3312.0,3350.0,3331.0,1939-08-25,1964-12-31
332431104235001,10S.25E.28. SP OPPOSITE BITR CK,NWIS_NM,33.4,-104.39,SP,1,0,1,1,0,,,,1939-04-19,1939-04-19
332500105210001,10S.16E.27.0 GROUSE SP,NWIS_NM,33.41,-105.35,SP,1,2,1,1,0,1326.0,1417.0,1371.5,1939-04-16,1939-04-16
332616104234901,10S.25E.3 SEEP,NWIS_NM,33.43,-104.39,SP,1,1,1,1,0,12800.0,12800.0,12800.0,1939-04-19,1939-04-19
332616104234902,10S.25E.3 SEEPA,NWIS_NM,33.43,-104.39,SP,1,1,1,1,0,16970.0,16970.0,16970.0,1939-04-19,1939-04-19
332642104314401,10S.24E.17.233 PERRINE,NWIS_NM,33.44,-104.52,GW,4,2,4,4,0,1890.0,2330.0,2110.0,1939-02-10,1964-08-05
332648104305001,10S.24E.16.231,NWIS_NM,33.44,-104.51,SP,1,1,0,1,0,1650.0,1650.0,1650.0,1939-02-10,1939-02-10
332654104304201,10S.24E.16.231 ARMSTRNG,NWIS_NM,33.44,-104.51,GW,3,1,3,3,0,1650.0,1650.0,1650.0,1939-02-10,1958-01-30
332728104222801,10S.25E.11.3 BTR LKS,NWIS_NM,33.45,-104.37,SP,1,1,1,1,0,95000.0,95000.0,95000.0,1939-05-13,1939-05-13
334530104150401,06S.26E.25.43 Bosque Spring,NWIS_NM,33.76,-104.24,SP,4,1,4,4,0,3300.0,3300.0,3300.0,1939-03-10,1956-12-13
334544104142301,06S.27E.30.313 Bosque Spring,NWIS_NM,33.76,-104.24,SP,1,0,1,1,0,,,,1939-03-10,1939-03-10
334932104155401,05S.25E.36.423 Crockett Spring,NWIS_NM,33.82,-104.26,SP,1,0,1,1,0,,,,1939-03-13,1939-03-13
335104104154601,05S.25E.24.444 Six Mile Spring,NWIS_NM,33.85,-104.26,SP,1,0,1,1,0,,,,1939-03-13,1939-03-13
335618104112701,04S.26E.23. HERNANDZ LK,NWIS_NM,33.93,-104.19,ST,1,0,1,1,0,,,,1939-04-22,1939-04-22
335708104102701,04S.26E.21. WEST Well,NWIS_NM,33.95,-104.17,GW,1,0,1,1,0,,,,1939-03-16,1939-03-16
335851104102701,04S.26E.02. SALT LK,NWIS_NM,33.98,-104.17,ST,1,0,1,1,0,,,,1939-04-22,1939-04-22
340713104173501,02S.25E.22.422 Bar V,NWIS_NM,34.12,-104.29,GW,1,1,1,1,0,915.0,915.0,915.0,1939-03-16,1939-03-16
345531104413301,08N.21E.10.444+DUP,NWIS_NM,34.92,-104.69,SP,5,5,5,5,0,2410.0,2980.0,2600.0,1939-07-21,1951-03-20
345555104404201,08N.21E.11.412,NWIS_NM,34.93,-104.67,SP,1,0,1,1,0,,,,1939-07-22,1939-07-22
345625104402101,08N.21E.01.333 Blue Hole Spring,NWIS_NM,34.94,-104.67,SP,18,22,18,18,0,2410.0,2790.0,2495.0,1939-07-22,1959-11-13
325548104293601,16S.25E.09.334,NWIS_NM,32.93,-104.49,GW,6,0,6,6,0,,,,1939-02-08,1959-03-03
325624104254201,16S.27E.07.131,NWIS_NM,32.94,-104.32,GW,1,0,1,1,0,,,,1939-02-09,1939-02-09
325638104071101,16S.28E.12.,NWIS_NM,32.94,-104.12,SP,1,0,1,1,0,,,,1939-05-03,1939-05-03
324849104261801,17S.25E.24.344,NWIS_NM,32.81,-104.43,GW,1,0,0,1,0,,,,1939-02-09,1939-02-09
325032104254601,17S.26E.07.333A,NWIS_NM,32.84,-104.42,GW,1,0,0,1,0,,,,1939-02-09,1939-02-09
324914104220901,17S.26E.22.233 MORGAN,NWIS_NM,32.82,-104.36,GW,1,0,1,1,0,,,,1939-02-06,1939-02-06
323456104234201,20S.26E.08. A WEISTMAN,NWIS_NM,32.58,-104.39,GW,1,0,1,1,0,,,,1939-03-25,1939-03-25
322913104232901,21S.25E.09 ROCKY ARROYO,NWIS_NM,32.48,-104.39,GW,1,1,1,1,0,1266.0,1266.0,1266.0,1939-03-09,1939-03-09
322627104152801,21S.26E.35.214 PIPKIN RL,NWIS_NM,32.44,-104.25,GW,1,0,1,1,0,,,,1939-09-25,1939-09-25
322637104152701,21S.26E.35.223A NORM HARRIS,NWIS_NM,32.44,-104.25,GW,1,0,1,1,0,,,,1939-09-25,1939-09-25
322637104152702,21S.26E.35.223B EDWARDS#40,NWIS_NM,32.44,-104.25,GW,1,0,1,1,0,,,,1939-09-25,1939-09-25
322626104152801,21S.26E.35.232A S JONES,NWIS_NM,32.43,-104.25,GW,1,0,1,1,0,,,,1939-09-25,1939-09-25
322626104152802,21S.26E.35.232B MH HOLLEY,NWIS_NM,32.43,-104.25,GW,1,0,1,1,0,,,,1939-09-25,1939-09-25
322614104152801,21S.26E.35.234A EL RUPERT,NWIS_NM,32.43,-104.25,GW,1,0,1,1,0,,,,1939-09-25,1939-09-25
322614104152802,21S.26E.35.234B WC BRANDON,NWIS_NM,32.43,-104.25,GW,1,0,1,1,0,,,,1939-09-25,1939-09-25
322626104152701,21S.26E.35.241 F COX #37,NWIS_NM,32.43,-104.25,GW,1,0,1,1,0,,,,1939-09-25,1939-09-25
322613104152801,21S.26E.35.412 P KENNEDY #44,NWIS_NM,32.43,-104.26,GW,1,0,1,1,0,,,,1939-09-25,1939-09-25
322601104152801,21S.26E.35.414 H BUSE #45,NWIS_NM,32.43,-104.25,GW,1,0,1,1,0,,,,1939-09-25,1939-09-25
322600104152801,21S.26E.35.432 DICKSON IRR,NWIS_NM,32.43,-104.25,GW,1,0,1,1,0,,,,1939-09-25,1939-09-25
322548104151301,21S.26E.35.444 T MCKINNEY,NWIS_NM,32.42,-104.25,GW,1,0,1,1,0,,,,1939-09-26,1939-09-26
321052104175201,24S.26E.28.344 BLUE SP,NWIS_NM,32.18,-104.29,SP,3,1,3,3,0,1060.0,1060.0,1060.0,1940-07-23,1957-10-14
323403104204201,20S.26E.14. BREWER OIL TEST,NWIS_NM,32.56,-104.34,GW,3,5,3,3,0,2394.0,3370.0,2878.8,1940-09-09,1940-10-16
324612104213301,18S.26E.02.33333,NWIS_NM,32.77,-104.35,GW,1,2,1,1,0,2200.0,2444.0,2322.0,1940-07-23,1940-07-23
325920104192301,15S.26E.27.232,NWIS_NM,32.98,-104.32,SP,1,0,1,1,0,,,,1940-06-04,1940-06-04
331756104241901,12S.25E.02 well 397 ORCHARD PARK,NWIS_NM,33.29,-104.4,GW,1,2,1,1,0,2279.0,2580.0,2429.5,1940-07-23,1940-07-23
331918104214701,11S.25E.26.444,NWIS_NM,33.32,-104.36,SP,1,1,1,1,0,3620.0,3620.0,3620.0,1940-04-04,1940-04-04
331953104310901,11S.24E.28.113 ROCKY ARROYO SCHOOL,NWIS_NM,33.33,-104.52,GW,1,2,1,1,0,1520.0,1708.0,1614.0,1940-07-23,1940-07-23
332004104195501,11S.26E.27.321,NWIS_NM,33.33,-104.33,SP,1,0,1,1,0,,,,1939-10-25,1939-10-25
332116104235501,11S.25E.15.313,NWIS_NM,33.35,-104.39,SP,1,1,1,1,0,4070.0,4070.0,4070.0,1940-04-10,1940-04-10
332125104285001,11S.24E.14.143334 First National Bank,NWIS_NM,33.35,-104.48,GW,1,2,1,1,0,838.0,900.0,869.0,1940-05-30,1940-05-30
332243104300701,11S.24E.10.11,NWIS_NM,33.37,-104.5,GW,1,2,1,1,0,1190.0,1248.0,1219.0,1940-05-30,1940-05-30
332349104301101,10S.24E.34.331 512ATKNSN,NWIS_NM,33.39,-104.5,GW,1,1,1,1,0,1170.0,1170.0,1170.0,1940-03-25,1940-03-25
332429104280901,10S.24E.35.222113A HAG.DEV,NWIS_NM,33.4,-104.46,GW,10,11,10,10,0,4700.0,11020.0,6750.0,1940-02-07,1963-05-01
332429104311401,10S.24E.35.22,NWIS_NM,33.4,-104.47,SP,2,4,2,2,0,3170.0,3392.0,3263.0,1940-03-25,1941-03-31
332430104281601,10S.24E.35.220,NWIS_NM,33.4,-104.47,SP,2,3,2,2,0,3170.0,3392.0,3267.3,1940-03-25,1941-03-31
332439104280903,10S.24E.35.222C HAG.DEV,NWIS_NM,33.4,-104.47,GW,12,13,12,12,0,3450.0,5650.0,4452.3,1940-03-08,1951-05-01
332456104284001,10S.24E.26.14 EARICKSON,NWIS_NM,33.41,-104.48,GW,1,2,1,1,0,3620.0,3850.0,3735.0,1940-07-24,1940-07-24
332457104253801,10S.25E.29.134 L LUDLOW,NWIS_NM,33.41,-104.42,GW,1,2,1,1,0,7080.0,7400.0,7240.0,1940-07-24,1940-07-24
332522104260501,10S.25E.30.11113 MURRELL,NWIS_NM,33.42,-104.43,GW,1,2,1,1,0,5840.0,6010.0,5925.0,1940-07-24,1940-07-24
332522104294101,10S.24E.27.12121 LMCFADDEN,NWIS_NM,33.42,-104.49,GW,1,2,1,1,0,2110.0,2324.0,2217.0,1940-07-24,1940-07-24
332548104285401,10S.24E.23.32114 URTN BRS,NWIS_NM,33.43,-104.48,GW,1,2,1,1,0,3740.0,3830.0,3785.0,1940-07-24,1940-07-24
332549104262301,10S.25E.19.413,NWIS_NM,33.42,-104.44,GW,1,2,1,1,0,6920.0,7160.0,7040.0,1940-07-29,1940-07-29
332603104284001,10S.24E.23.124 KILSWRTH,NWIS_NM,33.43,-104.47,GW,6,2,6,6,0,2710.0,2756.0,2733.0,1940-03-25,1961-03-02
332616104060602,10S.28E.21.111Windmill WL,NWIS_NM,33.43,-104.1,GW,1,2,1,1,0,1845.0,2004.0,1924.5,1940-08-22,1940-08-22
332639104311301,10S.24E.16.313 ARMSTRNG,NWIS_NM,33.44,-104.52,GW,8,6,8,8,0,1460.0,1634.0,1550.2,1940-03-25,1962-03-07
332642104311301,10S.24E.16.133 ARMSTRNG,NWIS_NM,33.44,-104.52,GW,1,2,1,1,0,1670.0,1848.0,1759.0,1940-07-24,1940-07-24
332707104252301,10S.25E.17.122 HARNER,NWIS_NM,33.45,-104.42,GW,3,2,3,3,0,2320.0,2494.0,2407.0,1940-07-28,1964-08-14
332708104301101,10S.24E.15.111A,NWIS_NM,33.45,-104.5,GW,1,2,1,1,0,2750.0,2990.0,2870.0,1940-07-24,1940-07-24
332839104262401,10S.25E.06.142 HEINHOLD,NWIS_NM,33.47,-104.44,GW,5,2,5,5,0,1360.0,1438.0,1399.0,1940-07-24,1960-08-26
332857103554301,09S.29E.36. J BEADLE WL,NWIS_NM,33.48,-103.92,GW,1,0,1,1,0,,,,1940-03-11,1940-03-11
332857103564501,09S.29E.35. Winsor Well,NWIS_NM,33.48,-103.94,GW,1,1,1,1,0,14040.0,14040.0,14040.0,1940-07-15,1940-07-15
333132103574701,09S.29E.22. BOZART Well,NWIS_NM,33.52,-103.96,GW,1,1,1,1,0,6340.0,6340.0,6340.0,1940-07-15,1940-07-15
333133103574801,09S.29E.22. JESS BEADLE,NWIS_NM,33.52,-103.96,GW,1,2,1,1,0,36100.0,38400.0,37250.0,1940-06-19,1940-06-19
333409104025701,08S.28E.35. W O'BRIEN,NWIS_NM,33.56,-104.04,GW,1,2,1,1,0,3450.0,3770.0,3610.0,1940-08-22,1940-08-22
333411104310501,08S.24E.33 BUCKS Well,NWIS_NM,33.56,-104.51,GW,2,3,2,2,0,2020.0,2240.0,2110.0,1940-06-11,1947-07-26
333554104202801,08S.26E.30.11 GYP SP DR,NWIS_NM,33.59,-104.34,SP,1,2,1,1,0,3250.0,3600.0,3425.0,1940-06-05,1940-06-05
333555104193501,08S.26E.20.333 SMITH,NWIS_NM,33.59,-104.32,GW,1,1,1,1,0,2880.0,2880.0,2880.0,1940-06-05,1940-06-05
333900104254301,08S.25E.05.311 STEWART,NWIS_NM,33.65,-104.43,GW,2,3,2,2,0,4750.0,5690.0,5263.3,1940-01-31,1940-11-19
334125104232001,07S.25E.22.323 TAYLOR,NWIS_NM,33.69,-104.39,GW,1,2,1,1,0,2670.0,2886.0,2778.0,1940-01-31,1940-01-31
334253104373801,07S.23E.08. F MCKNIGHT,NWIS_NM,33.71,-104.62,GW,1,2,1,1,0,738.0,772.0,755.0,1940-09-12,1940-09-12
334323104213201,07S.25E.12.133 P SAVAGE,NWIS_NM,33.72,-104.36,GW,1,2,1,1,0,2970.0,3270.0,3120.0,1940-01-31,1940-01-31
334416104193101,07S.26E.06.42 E.B.DAVIS,NWIS_NM,33.73,-104.33,GW,1,1,1,1,0,3576.0,3576.0,3576.0,1940-01-31,1940-01-31
334417104183301,07S.26E.04.133 HUGHES WL,NWIS_NM,33.73,-104.3,GW,1,2,1,1,0,1298.0,1364.0,1331.0,1939-12-18,1939-12-18
334530104173301,06S.26E.28.,NWIS_NM,33.75,-104.29,GW,1,2,1,1,0,2680.0,2888.0,2784.0,1939-12-18,1939-12-18
334703104213201,06S.25E.13.,NWIS_NM,33.78,-104.35,GW,1,2,1,1,0,2820.0,3070.0,2945.0,1940-01-31,1940-01-31
335345104153401,05S.25E.01. BLY Well,NWIS_NM,33.89,-104.25,GW,1,2,1,1,0,5560.0,6100.0,5830.0,1940-01-31,1940-01-31
335711104194201,04S.25E.17.0,NWIS_NM,33.95,-104.32,GW,1,2,1,1,0,2425.0,2644.0,2534.5,1940-01-31,1940-01-31
335940104282701,04S.23E.01. T.A.SACRA WL,NWIS_NM,33.99,-104.47,GW,1,2,1,1,0,2970.0,3259.0,3114.5,1940-01-31,1940-01-31
335944104273701,03S.24E.31.43 Walt Box,NWIS_NM,33.99,-104.46,GW,1,1,1,1,0,2492.0,2492.0,2492.0,1940-01-31,1940-01-31
340104104190901,03S.25E.28.14 15FTWNDML,NWIS_NM,34.01,-104.31,GW,1,1,1,1,0,2956.0,2956.0,2956.0,1940-01-31,1940-01-31
340414104260501,03S.24E.05.42200,NWIS_NM,34.07,-104.43,GW,1,2,1,1,0,3469.0,3470.0,3469.5,1939-12-14,1939-12-14
340414104271501,03S.24E.06.11421,NWIS_NM,34.07,-104.45,GW,1,2,1,1,0,3280.0,3572.0,3426.0,1939-12-14,1939-12-14
340502104193801,02S.25E.33.4,NWIS_NM,34.08,-104.32,SP,1,0,1,1,0,,,,1939-12-14,1939-12-14
340552104193601,02S.25E.33.111 Salt Spring,NWIS_NM,34.09,-104.32,SP,2,3,2,2,0,13500.0,13700.0,13600.0,1939-12-14,1940-10-19
340726104260301,02S.24E.28.133 Lovelady Spring,NWIS_NM,34.12,-104.43,SP,1,1,1,1,0,3044.0,3044.0,3044.0,1939-12-15,1939-12-15
340730104535501,02S.19E.24.200,NWIS_NM,34.12,-104.89,GW,1,1,1,1,0,2870.0,2870.0,2870.0,1940-07-30,1940-07-30
340740104213801,02S.25E.18.343 Blanco 2 Spring,NWIS_NM,34.12,-104.36,SP,1,1,1,1,0,3116.0,3116.0,3116.0,1939-12-12,1939-12-12
340743104260201,02S.24E.21.12341 Tom Deck We,NWIS_NM,34.12,-104.43,GW,2,3,2,2,0,2530.0,2790.0,2638.7,1939-12-15,1940-10-19
340815104222201,02S.24E.13.231 Blanco Spring,NWIS_NM,34.13,-104.37,SP,1,1,1,1,0,3508.0,3508.0,3508.0,1939-12-12,1939-12-12
340915105002001,02S.18E.12.000,NWIS_NM,34.15,-105.0,GW,1,1,1,1,0,2630.0,2630.0,2630.0,1940-07-30,1940-07-30
340944104183701,02S.25E.03.312 Shaw Spring,NWIS_NM,34.16,-104.31,SP,1,1,1,1,0,3220.0,3220.0,3220.0,1939-12-12,1939-12-12
341100104572101,01S.19E.33.320,NWIS_NM,34.18,-104.95,GW,1,2,1,1,0,2560.0,2890.0,2725.0,1940-07-30,1940-07-30
341115104294401,01S.23E.26.344 Windmill,NWIS_NM,34.18,-104.49,GW,1,0,1,1,0,,,,1939-12-09,1939-12-09
341212104261301,01S.24E.20.442 Mum Spring,NWIS_NM,34.2,-104.43,SP,1,1,1,1,0,3348.0,3348.0,3348.0,1939-12-11,1939-12-11
341257104225001,01S.24E.13.South Baily,NWIS_NM,34.21,-104.38,GW,2,1,2,2,0,4410.0,4410.0,4410.0,1939-12-15,1940-06-11
341336104254101,01S.24E.16.123 Walker,NWIS_NM,34.22,-104.42,GW,1,1,1,1,0,3936.0,3936.0,3936.0,1939-12-15,1939-12-15
341443104280901,01S.23E.12.22133,NWIS_NM,34.24,-104.46,GW,1,2,1,1,0,3020.0,3288.0,3154.0,1939-12-11,1939-12-11
341454104290801,01S.23E.01.313 Conejos Spring,NWIS_NM,34.24,-104.48,SP,1,1,1,1,0,558.0,558.0,558.0,1939-12-11,1939-12-11
341815104143101,01N.26E.18.13113,NWIS_NM,34.3,-104.24,GW,1,1,1,1,0,586.0,586.0,586.0,1940-06-11,1940-06-11
341841104143001,01N.26E.17.13400 Windmill,NWIS_NM,34.31,-104.24,GW,1,0,1,1,0,,,,1939-12-15,1939-12-15
342106104102301,02N.26E.36.313,NWIS_NM,34.35,-104.17,SP,2,3,2,2,0,1690.0,1980.0,1823.3,1940-06-10,1941-04-01
342339104114501,02N.26E.23.241123,NWIS_NM,34.39,-104.19,GW,3,4,3,3,0,2429.0,2550.0,2504.8,1940-02-27,1944-02-01
342412104115001,02N.26E.15.214,NWIS_NM,34.4,-104.19,SP,2,1,2,2,0,3910.0,3910.0,3910.0,1939-12-15,1940-02-26
342522104114601,02N.26E.10.431333,NWIS_NM,34.42,-104.19,GW,2,2,2,2,0,2126.0,2218.0,2172.0,1940-02-27,1940-06-10
342525104493101,02N.20E.10.22 Perez Ranch,NWIS_NM,34.42,-104.82,GW,1,2,1,1,0,4660.0,4830.0,4745.0,1940-07-30,1940-07-30
342613104124801,02N.26E.03. Windmill,NWIS_NM,34.43,-104.21,GW,1,2,1,1,0,2510.0,2720.0,2615.0,1940-02-27,1940-02-27
342740104400801,03N.22E.32.4444 Windmill,NWIS_NM,34.46,-104.66,GW,1,2,1,1,0,1709.0,1944.0,1826.5,1940-07-30,1940-07-30
342800104074001,03N.27E.32.211121,NWIS_NM,34.46,-104.12,GW,1,2,1,1,0,413.0,426.0,419.5,1940-06-11,1940-06-11
342832104355501,03N.22E.24.3 2 miles northeast Yeso,NWIS_NM,34.47,-104.59,GW,1,2,1,1,0,2473.0,2780.0,2626.5,1940-07-29,1940-07-29
342849104135501,03N.26E.20.,NWIS_NM,34.48,-104.23,GW,1,2,1,1,0,1806.0,1860.0,1833.0,1940-02-27,1940-02-27
342940104135401,03N.26E.21.43323,NWIS_NM,34.49,-104.23,GW,1,2,1,1,0,1790.0,1904.0,1847.0,1940-02-27,1940-02-27
342942104194101,03N.25E.16.43STEELRanch,NWIS_NM,34.49,-104.32,GW,1,2,1,1,0,682.0,782.0,732.0,1940-07-26,1940-07-26
343203104222701,04N.24E.36.211 Sand Spring,NWIS_NM,34.53,-104.37,SP,2,2,2,2,0,457.0,500.0,478.5,1940-02-27,1965-07-19
343315104145301,04N.26E.29.33343 STOCKWL,NWIS_NM,34.55,-104.24,GW,1,2,1,1,0,558.0,576.0,567.0,1940-08-20,1940-08-20
343704104224801,04N.24E.01.123121 BUR REC,NWIS_NM,34.61,-104.38,GW,1,0,1,1,0,,,,1940-01-26,1940-01-26
343704104231801,04N.24E.01.1 CCC Well,NWIS_NM,34.61,-104.38,GW,1,2,1,1,0,1069.0,1070.0,1069.5,1939-10-24,1939-10-24
343704104231901,04N.24E.02.2 near CCC,NWIS_NM,34.61,-104.38,SP,1,2,1,1,0,931.0,932.0,931.5,1939-10-24,1939-10-24
343717104235701,05N.24E.34.33 Seep in tunnel,NWIS_NM,34.62,-104.39,SP,1,2,1,1,0,1091.0,1095.0,1093.0,1939-10-24,1939-10-24
345505104403501,08N.21E.14.243,NWIS_NM,34.91,-104.67,SP,2,1,2,2,0,2790.0,2790.0,2790.0,1940-06-11,1960-07-25
345532104413001,08N.21E.10.444,NWIS_NM,34.92,-104.69,SP,1,1,1,1,0,2630.0,2630.0,2630.0,1940-06-11,1940-06-11
345545104403401,08N.21E.11.424,NWIS_NM,34.92,-104.67,SP,1,1,1,1,0,3180.0,3180.0,3180.0,1940-06-11,1940-06-11
345548104395501,08N.21E.12.320 Twin Lake,NWIS_NM,34.93,-104.66,SP,1,1,1,1,0,3730.0,3730.0,3730.0,1940-06-11,1940-06-11
350353104455801,10N.20E.25.243,NWIS_NM,35.06,-104.76,SP,1,1,1,1,0,2274.0,2274.0,2274.0,1940-09-19,1940-09-19
325505104254201,16S.26E.18.331 H Monroe,NWIS_NM,32.91,-104.42,GW,1,0,1,1,0,,,,1940-07-23,1940-07-23
324850104441501,17S.23E.30.1 HOPE SCH.,NWIS_NM,32.8,-104.73,GW,1,0,1,1,0,,,,1940-08-01,1940-08-01
325020104273401,17S.25E.14.141,NWIS_NM,32.83,-104.45,GW,1,0,1,1,0,,,,1940-07-23,1940-07-23
325216104232601,17S.26E.04.121,NWIS_NM,32.87,-104.38,GW,1,1,1,1,0,2060.0,2060.0,2060.0,1940-07-22,1940-07-22
325151104235801,17S.26E.05.234 HILLARD,NWIS_NM,32.86,-104.39,GW,1,0,1,1,0,,,,1940-09-03,1940-09-03
325111104234201,17S.26E.09.113 GARRETT,NWIS_NM,32.85,-104.39,GW,1,0,1,1,0,,,,1940-09-03,1940-09-03
325111104225501,17S.26E.09.223 JACKSON,NWIS_NM,32.85,-104.38,GW,1,0,1,1,0,,,,1940-09-03,1940-09-03
325032104231201,17S.26E.09.344 E.E.COLL,NWIS_NM,32.84,-104.38,GW,1,0,1,1,0,,,,1940-09-03,1940-09-03
325101104221003,17S.26E.10.433C,NWIS_NM,32.84,-104.36,GW,1,1,1,1,0,920.0,920.0,920.0,1940-03-14,1940-03-14
325032104213801,17S.26E.11.333,NWIS_NM,32.84,-104.35,GW,1,0,1,1,0,,,,1940-07-22,1940-07-22
325006104213801,17S.26E.14.133 Holderman,NWIS_NM,32.83,-104.35,GW,1,0,1,1,0,,,,1940-07-22,1940-07-22
325005104210701,17S.26E.14.411,NWIS_NM,32.83,-104.35,GW,1,0,1,1,0,,,,1940-07-22,1940-07-22
324940104205101,17S.26E.14.443 J.C.Mills,NWIS_NM,32.82,-104.34,GW,1,0,1,1,0,,,,1940-07-22,1940-07-22
325006104221001,17S.26E.15.233 J.M.Vogle,NWIS_NM,32.83,-104.36,GW,1,0,1,1,0,,,,1940-07-22,1940-07-22
325005104220701,17S.26E.15.411,NWIS_NM,32.83,-104.36,GW,1,0,1,1,0,,,,1940-07-22,1940-07-22
324912104234201,17S.26E.21.311 J DEAN,NWIS_NM,32.81,-104.39,GW,1,0,1,1,0,,,,1940-07-23,1940-07-23
324939104210701,17S.26E.23.21,NWIS_NM,32.82,-104.35,GW,2,0,2,2,0,,,,1940-07-22,1954-06-25
324807104213801,17S.26E.26.331 L MARTIN,NWIS_NM,32.8,-104.35,GW,1,0,1,1,0,,,,1940-07-23,1940-07-23
324834104244401,17S.26E.29.131,NWIS_NM,32.8,-104.41,GW,1,0,1,1,0,,,,1940-07-23,1940-07-23
324754104234202,17S.26E.33.111,NWIS_NM,32.79,-104.39,GW,1,0,1,1,0,,,,1940-07-26,1940-07-26
324703104234201,17S.26E.33.333,NWIS_NM,32.78,-104.39,GW,1,0,1,1,0,,,,1940-05-30,1940-05-30
324847104152701,17S.27E.23.33 oiltest,NWIS_NM,32.81,-104.25,GW,1,0,1,1,0,,,,1940-01-11,1940-01-11
324510104245201,18S.26E.18.223,NWIS_NM,32.75,-104.41,GW,1,0,1,1,0,,,,1940-07-23,1940-07-23
324419104213301,18S.26E.23.213,NWIS_NM,32.73,-104.35,GW,1,0,1,1,0,,,,1940-07-23,1940-07-23
323747104225401,19S.26E.28.441 SULLIVAN,NWIS_NM,32.62,-104.38,GW,5,2,5,5,0,1590.0,1620.0,1605.0,1940-03-23,1944-05-29
323549104253601,20S.26E.06.MOUTRY HUGH,NWIS_NM,32.59,-104.42,GW,2,1,2,2,0,2590.0,2590.0,2590.0,1940-07-11,1941-09-29
323548104251101,20S.26E.07.21 ED MONTE,NWIS_NM,32.59,-104.41,GW,1,0,1,1,0,,,,1940-07-11,1940-07-11
322731104161201,21S.26E.26.1 near BOYD&CCC,NWIS_NM,32.45,-104.26,GW,1,0,1,1,0,,,,1940-01-15,1940-01-15
322639104161201,21S.26E.35.1 ED HOOSE,NWIS_NM,32.43,-104.26,GW,1,0,1,1,0,,,,1940-01-15,1940-01-15
325035104210502,17S.26E.11.433B Haynes,NWIS_NM,32.84,-104.35,GW,1,0,1,1,0,,,,1940-07-22,1940-07-22
321940103593501,23S.29E.04.430,NWIS_NM,32.32,-103.98,SP,2,0,2,2,0,,,,1940-10-23,1975-04-19
323350104232201,20S.26E.21.112 BUBBLING SP,NWIS_NM,32.56,-104.39,SP,1,1,1,1,0,4030.0,4030.0,4030.0,1941-03-10,1941-03-10
332508104052601,08S.23E.10.,NWIS_NM,33.41,-104.09,GW,1,2,1,1,0,1529.0,1636.0,1582.5,1940-11-19,1940-11-19
332533104321401,10S.24E.20.33 ALDEN WL,NWIS_NM,33.42,-104.53,GW,2,3,2,2,0,1960.0,3830.0,3133.3,1940-10-07,1941-03-31
332615104311301,10S.24E.21. R H GODDARD,NWIS_NM,33.43,-104.52,GW,1,1,1,1,0,4750.0,4750.0,4750.0,1940-12-13,1940-12-13
332616104242101,10S.25E.16.34 SANDBOIL,NWIS_NM,33.44,-104.4,SP,1,1,1,1,0,3590.0,3590.0,3590.0,1940-10-21,1940-10-21
332709104301201,10S.24E.09.,NWIS_NM,33.45,-104.5,GW,1,2,1,1,0,2500.0,2670.0,2585.0,1940-11-19,1940-11-19
333650104313501,08S.24E.17.433,NWIS_NM,33.61,-104.52,GW,1,2,1,1,0,2048.0,2214.0,2131.0,1940-11-19,1940-11-19
333743104322601,08S.24E.07.,NWIS_NM,33.62,-104.54,GW,1,2,1,1,0,1880.0,1962.0,1921.0,1940-11-19,1940-11-19
333756104313501,08S.24E.08.413 White Ranch,NWIS_NM,33.63,-104.52,GW,3,4,3,3,0,2240.0,2660.0,2510.0,1940-11-19,1960-04-05
333901104313601,08S.24E.05.,NWIS_NM,33.65,-104.52,GW,1,2,1,1,0,3240.0,3600.0,3420.0,1940-11-19,1940-11-19
333902104313601,08S.24E.05.144 J CORN,NWIS_NM,33.65,-104.52,GW,2,2,2,2,0,3380.0,3400.0,3390.0,1940-11-19,1955-06-08
342106104102302,02N.26E.36.313B seep,NWIS_NM,34.35,-104.17,SP,1,1,1,1,0,1870.0,1870.0,1870.0,1940-10-18,1940-10-18
342321104104301,02N.26E.14.22,NWIS_NM,34.4,-104.17,GW,1,2,1,1,0,2175.0,2324.0,2249.5,1940-10-18,1940-10-18
325638104173001,16S.27E.05.444,NWIS_NM,32.94,-104.29,GW,1,0,1,1,0,,,,1940-10-03,1940-10-03
320654103112601,25S.37E.20.31,NWIS_NM,32.11,-103.19,GW,1,1,1,1,0,781.0,781.0,781.0,1942-07-18,1942-07-18
320655103112701,25S.37E.20.311,NWIS_NM,32.11,-103.19,GW,2,2,2,2,0,751.0,759.0,755.0,1942-07-18,1958-09-08
322628103102701,21S.37E.33.110,NWIS_NM,32.44,-103.17,GW,1,1,1,1,0,537.0,537.0,537.0,1942-07-18,1942-07-18
322629103095901,21S.37E.33.21,NWIS_NM,32.44,-103.16,GW,1,2,1,1,0,1902.0,1936.0,1919.0,1942-08-01,1942-08-01
331605105082501,12S.18E.14.310,NWIS_NM,33.26,-105.14,GW,1,0,1,1,0,,,,1942-01-01,1942-01-01
331615105083201,12S.18E.14.311,NWIS_NM,33.27,-105.14,GW,2,0,2,2,0,,,,1941-12-17,1942-01-01
332338104255301,10S.25E.32.3,NWIS_NM,33.39,-104.43,GW,1,2,1,1,0,2100.0,2250.0,2175.0,1942-07-10,1942-07-10
332523104314401,10S.24E.20.433 GODFREY,NWIS_NM,33.42,-104.53,GW,6,2,6,6,0,1490.0,1625.0,1557.5,1942-09-04,1959-01-14
332533104311301,10S.24E.21.33 BASE GAS,NWIS_NM,33.42,-104.52,GW,3,1,3,3,0,4820.0,4820.0,4820.0,1942-07-23,1945-08-29
332548104311301,10S.24E.21.31 VAN ELAM,NWIS_NM,33.42,-104.52,GW,2,3,2,2,0,3340.0,3800.0,3646.7,1942-06-29,1943-04-01
332549104311301,10S.24E.21.13333 HSTR&WGN,NWIS_NM,33.43,-104.52,GW,5,1,5,5,0,1410.0,1410.0,1410.0,1942-07-23,1960-08-31
332615104311302,10S.24E.21. VON ELAM WL,NWIS_NM,33.42,-104.52,GW,1,1,1,1,0,4200.0,4200.0,4200.0,1942-07-23,1942-07-23
332642104315901,10S.24E.17.143 PERRINE,NWIS_NM,33.44,-104.53,GW,5,2,5,5,0,1900.0,1996.0,1948.0,1942-07-23,1960-08-23
332709104294001,10S.24E.10.433 GODFREY,NWIS_NM,33.45,-104.49,GW,1,2,1,1,0,1445.0,1518.0,1481.5,1942-08-14,1942-08-14
332801104255301,10S.25E.05.3 BTR Lake HDQ,NWIS_NM,33.46,-104.43,GW,1,2,1,1,0,3630.0,3930.0,3780.0,1942-07-09,1942-07-09
323402104234201,20S.26E.20.WNDML WL near SPRGS,NWIS_NM,32.56,-104.39,GW,55,1,55,54,0,2367.0,2367.0,2367.0,1942-06-25,1962-06-19
323027104225701,21S.25E.03.21 HAMILTON,NWIS_NM,32.52,-104.38,GW,4,2,4,4,0,863.0,1130.0,996.5,1941-10-25,1953-11-24
323310104231201,20S.26E.21.43,NWIS_NM,32.55,-104.38,GW,1,1,1,1,0,3340.0,3340.0,3340.0,1943-08-03,1943-08-03
322618104134801,21S.27E.31.142,NWIS_NM,32.43,-104.23,SP,1,1,1,1,0,3040.0,3040.0,3040.0,1944-02-04,1944-02-04
332231104290701,11S.24E.10.22434,NWIS_NM,33.37,-104.48,GW,1,1,1,1,0,619.0,619.0,619.0,1944-02-09,1944-02-09
332533104291101,10S.24E.22.44 CNTRYCLUB,NWIS_NM,33.42,-104.49,GW,1,1,1,1,0,4040.0,4040.0,4040.0,1944-01-18,1944-01-18
332616104294001,10S.24E.15.43 J SCHMID,NWIS_NM,33.43,-104.49,GW,1,1,1,1,0,3010.0,3010.0,3010.0,1944-01-18,1944-01-18
325654104322601,16S.24E.01.12 F Nellson,NWIS_NM,32.96,-104.54,GW,1,1,1,1,0,673.0,673.0,673.0,1944-01-19,1944-01-19
325614104274602,16S.25E.11.133A JJ Terry,NWIS_NM,32.93,-104.46,GW,1,1,1,1,0,694.0,694.0,694.0,1944-02-11,1944-02-11
325006104220901,17S.26E.15.23,NWIS_NM,32.83,-104.36,GW,1,1,1,1,0,1070.0,1070.0,1070.0,1944-01-20,1944-01-20
323802104264301,19S.25E.25.13,NWIS_NM,32.63,-104.44,GW,1,1,1,1,0,1050.0,1050.0,1050.0,1944-01-20,1944-01-20
323642104274501,19S.25E.34 HARDESTY well,NWIS_NM,32.61,-104.46,GW,1,1,1,1,0,1840.0,1840.0,1840.0,1944-03-22,1944-03-22
324105104234101,19S.26E.08.222,NWIS_NM,32.68,-104.39,GW,2,1,2,2,0,1370.0,1370.0,1370.0,1944-03-22,1953-08-29
323801104220801,19S.26E.27.233 LAKEWD SCHOOL,NWIS_NM,32.63,-104.36,GW,1,0,1,1,0,,,,1944-02-11,1944-02-11
323735104244201,19S.26E.30. PRICE well,NWIS_NM,32.62,-104.41,GW,2,1,2,2,0,1540.0,1540.0,1540.0,1944-05-04,1944-05-22
323548104251201,20S.26E.07.122 GAS STATION,NWIS_NM,32.59,-104.42,GW,1,1,1,1,0,1380.0,1380.0,1380.0,1944-02-11,1944-02-11
323133104234201,20S.26E.33. 2MI N RKY ARROYO,NWIS_NM,32.52,-104.39,GW,1,0,1,1,0,,,,1944-05-03,1944-05-03
323430104143401,20S.27E.14.244 PLAYA WNDML,NWIS_NM,32.57,-104.24,GW,2,1,2,2,0,2580.0,2580.0,2580.0,1944-05-03,1955-06-21
323219104173901,20S.27E.29 ROY MCLANE,NWIS_NM,32.53,-104.29,GW,1,1,1,1,0,1750.0,1750.0,1750.0,1944-05-03,1944-05-03
322917104181501,21S.26E.08. A LEWIS Ranch,NWIS_NM,32.48,-104.3,GW,1,1,1,1,0,503.0,503.0,503.0,1944-05-03,1944-05-03
322732104161201,21S.26E.23 SWIGART,NWIS_NM,32.45,-104.27,GW,1,1,1,1,0,3280.0,3280.0,3280.0,1943-10-31,1943-10-31
322732104141201,21S.26E.24. RALPH BRYAN,NWIS_NM,32.45,-104.23,GW,1,1,1,1,0,2690.0,2690.0,2690.0,1944-03-22,1944-03-22
322639104192501,21S.26E.31 C BELL,NWIS_NM,32.44,-104.32,GW,1,1,1,1,0,791.0,791.0,791.0,1943-10-31,1943-10-31
322627104152802,21S.26E.35.214B PIPKIN RL,NWIS_NM,32.44,-104.25,GW,2,2,2,2,0,1040.0,1070.0,1055.0,1944-02-03,1944-03-22
332125104285002,11S.24E.14.143 GOODWIN G38,NWIS_NM,33.35,-104.48,GW,1,0,1,1,0,,,,1945-05-18,1945-05-18
342640104345101,02N.22E.01.22 Santa Fe,NWIS_NM,34.44,-104.58,SP,1,1,1,1,0,2140.0,2140.0,2140.0,1944-12-07,1944-12-07
323311104112001,20S.28E.21.3 NIPPER well,NWIS_NM,32.55,-104.18,GW,1,1,1,1,0,2330.0,2330.0,2330.0,1945-01-01,1945-01-01
322825104181501,21S.26E.17. Windmill,NWIS_NM,32.47,-104.3,GW,1,1,1,1,0,370.0,370.0,370.0,1944-12-03,1944-12-03
350034105400701,09N.12E.16.213,NWIS_NM,35.0,-105.66,GW,3,1,2,2,0,2290.0,2290.0,2290.0,1946-05-13,1947-12-04
331919104404901,11S.22E.25.331142,NWIS_NM,33.32,-104.68,GW,1,1,1,1,0,954.0,954.0,954.0,1947-06-02,1947-06-02
331928104353201,11S.23E.27.424,NWIS_NM,33.32,-104.59,GW,1,1,1,1,0,657.0,657.0,657.0,1947-07-19,1947-07-19
332101104425201,11S.22E.22.111,NWIS_NM,33.34,-104.71,GW,1,1,1,1,0,866.0,866.0,866.0,1947-06-02,1947-06-02
332243104373501,11S.23E.08.232222,NWIS_NM,33.37,-104.62,GW,1,1,1,1,0,720.0,720.0,720.0,1947-06-02,1947-06-02
332245104404901,11S.22E.01.3,NWIS_NM,33.37,-104.68,GW,1,1,1,1,0,807.0,807.0,807.0,1947-06-02,1947-06-02
332336104415001,11S.22E.02.1,NWIS_NM,33.39,-104.69,GW,1,0,1,1,0,,,,1947-06-30,1947-06-30
333409104373901,08S.23E.33. OSC. White,NWIS_NM,33.56,-104.62,GW,1,1,1,1,0,1440.0,1440.0,1440.0,1947-07-26,1947-07-26
333410104315001,09S.24E.05. OSCAR White,NWIS_NM,33.56,-104.53,GW,4,2,4,4,0,2570.0,2700.0,2635.0,1947-07-26,1964-08-04
350203105302201,09N.13E.01.000,NWIS_NM,35.03,-105.5,GW,1,1,1,1,0,815.0,815.0,815.0,1947-08-12,1947-08-12
351457105290101,12N.14E.20.313,NWIS_NM,35.24,-105.48,SP,1,1,1,1,0,240.0,240.0,240.0,1947-08-08,1947-08-08
351545104554801,Anton Chico and Preston Beck Grant,NWIS_NM,35.26,-104.93,SP,1,1,1,1,0,621.0,621.0,621.0,1947-05-22,1947-05-22
352218105153501,Telcolote Grant Lagunita Springs,NWIS_NM,35.37,-105.26,SP,1,1,1,1,0,369.0,369.0,369.0,1947-09-04,1947-09-04
353225105182001,Las Vegas Grant,NWIS_NM,35.54,-105.3,SP,1,1,1,1,0,284.0,284.0,284.0,1947-06-27,1947-06-27
353245105175801,Las Vegas Grant Ojito Frio No. 1,NWIS_NM,35.54,-105.3,SP,1,1,1,1,0,500.0,500.0,500.0,1947-06-27,1947-06-27
322639104144201,21S.26E.36.12 CARTER AE,NWIS_NM,32.44,-104.24,GW,3,2,3,3,0,763.0,822.0,792.5,1946-10-10,1946-10-22
320008104343801,26S.23E.35.121 GEYSER SP,NWIS_NM,32.0,-104.57,SP,1,1,1,1,0,263.0,263.0,263.0,1948-01-26,1948-01-26
320022104364801,26S.23E.29.332 XT SP,NWIS_NM,32.0,-104.62,SP,1,1,1,1,0,274.0,274.0,274.0,1948-01-26,1948-01-26
320302104281801,26S.24E.11.341,NWIS_NM,32.05,-104.47,SP,1,1,1,0,0,2390.0,2390.0,2390.0,1948-01-22,1948-01-22
320340104281001,26S.24E.11.122,NWIS_NM,32.06,-104.46,SP,1,1,1,1,0,2390.0,2390.0,2390.0,1948-01-22,1948-01-22
320635104281501,25S.24E.23.343 Rattlesnake Springs,NWIS_NM,32.1,-104.47,SP,2,1,2,2,0,401.0,401.0,401.0,1948-01-26,1952-04-06
321115104043501,24S.28E.27.4111,NWIS_NM,32.18,-104.07,SP,1,1,1,1,0,3140.0,3140.0,3140.0,1947-10-22,1947-10-22
321438104223501,24S.25E.03.422 ROBB SP,NWIS_NM,32.24,-104.37,SP,1,1,1,1,0,748.0,748.0,748.0,1948-03-08,1948-03-08
322442104192201,22S.26E.08.111 LANCASTER SP,NWIS_NM,32.41,-104.32,SP,1,1,1,1,0,374.0,374.0,374.0,1948-04-11,1948-04-11
331810105400801,12S.13E.03.121 CARIZZO SPR,NWIS_NM,33.3,-105.66,SP,2,4,0,2,0,909.0,1330.0,1118.2,1947-12-19,1947-12-22
331814105401001,12S.13E.03.121 Carrizo Spring,NWIS_NM,33.3,-105.66,SP,1,0,1,1,0,,,,1947-12-22,1947-12-22
332350104280801,10S.24E.36.313 JP White,NWIS_NM,33.39,-104.46,GW,5,1,5,5,0,2730.0,2730.0,2730.0,1948-03-08,1955-08-26
332549104295701,10S.24E.22.134 CRANDALL,NWIS_NM,33.43,-104.5,GW,7,0,7,7,0,,,,1948-01-20,1957-09-15
332549104312801,10S.24E.20.243 FRESQUEZ,NWIS_NM,33.43,-104.52,GW,1,0,1,1,0,,,,1948-01-20,1948-01-20
332552104292802,10S.24E.22.243 FRESQUES,NWIS_NM,33.43,-104.49,GW,5,1,5,5,0,1920.0,1920.0,1920.0,1948-03-08,1960-08-31
342048105233801,01N.15E.05.111,NWIS_NM,34.34,-105.39,GW,1,1,1,1,0,3680.0,3680.0,3680.0,1948-08-15,1948-08-15
342558103575401,02N.28E.02. Spring 60,NWIS_NM,34.43,-103.96,SP,1,2,1,1,0,1050.0,1060.0,1055.0,1948-04-02,1948-04-02
351947105435001,13N.11E.25.241,NWIS_NM,35.32,-105.73,GW,1,1,1,1,0,520.0,520.0,520.0,1947-10-21,1947-10-21
322121104353501,22S.23E.27.333333,NWIS_NM,32.35,-104.59,GW,1,1,1,1,0,485.0,485.0,485.0,1948-02-06,1948-02-06
320450104213001,25S.25E.35.444 COTTONWOOD SP,NWIS_NM,32.08,-104.35,SP,1,1,1,1,0,2690.0,2690.0,2690.0,1949-01-25,1949-01-25
321051104392701,24S.22E.25.343 Dark Canyon Headwaters Springs,NWIS_NM,32.18,-104.65,SP,1,1,1,1,0,319.0,319.0,319.0,1949-05-01,1949-05-01
321455104243501,24S.25E.05.220 MOSLEY SP,NWIS_NM,32.25,-104.41,SP,1,1,1,1,0,519.0,519.0,519.0,1949-05-01,1949-05-01
322450104211001,22S.25E.12.120 McKittrick Springs,NWIS_NM,32.41,-104.35,SP,1,1,1,1,0,288.0,288.0,288.0,1949-05-27,1949-05-27
323123104194301,20S.26E.36. Windmill,NWIS_NM,32.52,-104.32,GW,2,2,2,2,0,3.8,720.0,361.9,1948-12-06,1949-02-01
323216104194301,20S.26E.25.4 C ENG R-39,NWIS_NM,32.54,-104.33,GW,1,0,1,1,0,,,,1948-12-06,1948-12-06
323216104204201,20S.26E.26.444 OIL TEST,NWIS_NM,32.53,-104.34,GW,6,2,6,6,0,1940.0,3300.0,2620.0,1948-12-15,1958-08-12
323216104224201,20S.26E.28.4 C ENG R-23,NWIS_NM,32.54,-104.38,GW,1,1,1,1,0,818.0,818.0,818.0,1948-12-15,1948-12-15
323309104234201,20S.26E.28.1 C ENG R-40,NWIS_NM,32.54,-104.39,GW,1,0,1,1,0,,,,1948-12-15,1948-12-15
323312104230901,20S.26E.21.433 FLAT RK SP,NWIS_NM,32.55,-104.38,SP,2,1,2,2,0,2790.0,2790.0,2790.0,1949-05-05,1964-12-30
323337104173801,20S.27E.21.13 C ENG F43,NWIS_NM,32.56,-104.29,GW,1,1,1,1,0,2590.0,2590.0,2590.0,1949-02-03,1949-02-03
323402104173801,20S.27E.21.111 DARROW FANNING,NWIS_NM,32.56,-104.29,GW,8,1,8,8,0,2140.0,2140.0,2140.0,1949-02-03,1961-07-27
323403104214202,20S.26E.14.3 C ENG R-30,NWIS_NM,32.56,-104.35,GW,1,1,1,1,0,2500.0,2500.0,2500.0,1948-12-15,1948-12-15
323521104170701,20S.27E.09.41 C ENG FANNING,NWIS_NM,32.58,-104.28,GW,1,1,1,1,0,2990.0,2990.0,2990.0,1949-02-03,1949-02-03
323522104241301,20S.26E.08.321131,NWIS_NM,32.58,-104.4,GW,1,1,1,1,0,1950.0,1950.0,1950.0,1949-02-07,1949-02-07
332429104280902,10S.24E.35.222B HAG.DEV,NWIS_NM,33.4,-104.47,GW,6,2,6,6,0,4620.0,4980.0,4800.0,1949-05-02,1963-05-01
332634104573801,10S.20E.16.313 ARMST 31,NWIS_NM,33.43,-104.96,GW,1,0,1,1,0,,,,1948-12-08,1948-12-08
345705105264201,08N.14E.03.214,NWIS_NM,34.95,-105.44,GW,1,1,1,1,0,12100.0,12100.0,12100.0,1949-05-31,1949-05-31
325648103501501,16S.31E.02.122Boyle Ranch,NWIS_NM,32.96,-103.84,GW,1,1,1,1,0,478.0,478.0,478.0,1948-12-09,1948-12-09
325555103484401,16S.31E.12.24,NWIS_NM,32.93,-103.81,GW,1,1,1,1,0,382.0,382.0,382.0,1948-12-06,1948-12-06
324940104275101,17S.25E.22.22 GISSLER,NWIS_NM,32.82,-104.46,GW,1,1,1,1,0,528.0,528.0,528.0,1949-05-24,1949-05-24
325032104145701,17S.27E.11.134,NWIS_NM,32.84,-104.25,GW,2,1,2,2,0,2690.0,2690.0,2690.0,1948-12-21,1957-04-30
325033104081801,17S.28E.14.22 Diamond A,NWIS_NM,32.84,-104.14,GW,1,1,1,1,0,3920.0,3920.0,3920.0,1948-12-06,1948-12-06
324649103504201,17S.31E.34,NWIS_NM,32.78,-103.84,GW,1,1,1,1,0,893.0,893.0,893.0,1948-12-06,1948-12-06
323943104142901,19S.27E.13.31 #3 CORPS ENG,NWIS_NM,32.65,-104.23,GW,1,1,1,1,0,412.0,412.0,412.0,1949-02-03,1949-02-03
323944104143001,19S.27E.14.24 C ENG #2NEATHERL,NWIS_NM,32.66,-104.24,GW,1,1,1,1,0,322.0,322.0,322.0,1949-02-03,1949-02-03
324156104085101,19S.28E.02.122 H A LINDLEY,NWIS_NM,32.69,-104.14,GW,1,1,1,1,0,4740.0,4740.0,4740.0,1948-12-13,1948-12-13
324010104132801,19S.28E.18.1 C ENG#4NEATHERLYN,NWIS_NM,32.66,-104.21,GW,1,1,1,1,0,257.0,257.0,257.0,1949-02-03,1949-02-03
323913104051401,19S.29E.20.22,NWIS_NM,32.65,-104.09,GW,1,1,1,1,0,2400.0,2400.0,2400.0,1948-12-21,1948-12-21
323449104254201,20S.25E.12.4 well16,NWIS_NM,32.58,-104.43,GW,1,1,1,1,0,2010.0,2010.0,2010.0,1949-02-05,1949-02-05
323448104264201,20S.25E.13.11 well 108,NWIS_NM,32.58,-104.44,GW,1,1,1,1,0,1640.0,1640.0,1640.0,1949-02-05,1949-02-05
323356104274301,20S.25E.23.1 well 17,NWIS_NM,32.56,-104.46,GW,1,1,1,1,0,1790.0,1790.0,1790.0,1949-02-05,1949-02-05
323523104251101,20S.26E.07.23 C ENG 118,NWIS_NM,32.58,-104.41,GW,1,1,1,1,0,1480.0,1480.0,1480.0,1949-02-07,1949-02-07
323456104253601,20S.26E.07.3 C ENG 15,NWIS_NM,32.58,-104.42,GW,1,1,1,1,0,1990.0,1990.0,1990.0,1949-02-05,1949-02-05
323522104244201,20S.26E.07.42 C ENG 117,NWIS_NM,32.58,-104.41,GW,1,1,1,1,0,1970.0,1970.0,1970.0,1949-03-12,1949-03-12
323455104241301,20S.26E.17.12 C ENG 115,NWIS_NM,32.57,-104.4,GW,1,1,1,1,0,2120.0,2120.0,2120.0,1949-02-07,1949-02-07
323429104241201,20S.26E.17.23 C ENG 114,NWIS_NM,32.57,-104.4,GW,1,1,1,1,0,2590.0,2590.0,2590.0,1949-02-07,1949-02-07
323403104244201,20S.26E.17.3 C ENG 13,NWIS_NM,32.56,-104.4,GW,1,1,1,1,0,2590.0,2590.0,2590.0,1949-02-05,1949-02-05
323400104244001,20S.26E.17.33,NWIS_NM,32.56,-104.41,GW,1,1,1,1,0,2530.0,2530.0,2530.0,1949-05-24,1949-05-24
323403104234201,20S.26E.17.4 C ENG 27,NWIS_NM,32.56,-104.39,GW,1,1,1,1,0,2250.0,2250.0,2250.0,1948-12-15,1948-12-15
323310104234201,20S.26E.20.4 C ENG R25,NWIS_NM,32.55,-104.39,GW,1,1,1,1,0,1220.0,1220.0,1220.0,1948-12-15,1948-12-15
323322104221301,20S.26E.22.3 C ENG R10,NWIS_NM,32.55,-104.37,GW,7,3,7,7,0,2210.0,2750.0,2413.3,1948-12-15,1955-09-22
323310104204201,20S.26E.23.4 R-26,NWIS_NM,32.55,-104.35,GW,1,0,1,1,0,,,,1949-02-02,1949-02-02
323310104194301,20S.26E.24. C ENG R-38,NWIS_NM,32.55,-104.32,GW,1,1,1,1,0,3030.0,3030.0,3030.0,1948-12-21,1948-12-21
323219104173902,20S.27E.29.4 WALLART,NWIS_NM,32.54,-104.29,GW,2,2,2,2,0,1650.0,1850.0,1750.0,1948-12-08,1949-02-01
323126104194201,20S.27E.31.3 C ENG R22,NWIS_NM,32.52,-104.32,GW,1,1,1,1,0,2100.0,2100.0,2100.0,1948-12-06,1948-12-06
323544104034101,20S.29E.03.43 STOCK WL,NWIS_NM,32.59,-104.06,GW,2,2,2,2,0,2180.0,2360.0,2270.0,1948-12-13,1950-04-29
323355104000601,20S.30E.17.33 HOUSE,NWIS_NM,32.56,-104.0,GW,1,1,1,1,0,3230.0,3230.0,3230.0,1948-12-22,1948-12-22
323354104000601,20S.30E.20.11 STOCK well,NWIS_NM,32.57,-104.0,GW,1,1,1,1,0,2740.0,2740.0,2740.0,1948-12-22,1948-12-22
323354103484101,20S.31E.13.44 STOCK well,NWIS_NM,32.56,-103.81,GW,1,1,1,1,0,7080.0,7080.0,7080.0,1948-12-22,1948-12-22
323354103514401,20S.31E.16.444 STOCK,NWIS_NM,32.56,-103.86,GW,1,1,1,1,0,3220.0,3220.0,3220.0,1948-12-22,1948-12-22
322726104310601,21S.24E.20.34 C ENG 105,NWIS_NM,32.45,-104.52,GW,1,1,1,1,0,1220.0,1220.0,1220.0,1949-02-04,1949-02-04
322752104270001,21S.24E.24.23 C ENG 104 HOWARD,NWIS_NM,32.46,-104.44,GW,1,1,1,1,0,992.0,992.0,992.0,1949-02-04,1949-02-04
323027104202701,21S.25E.01.2 HENRYS well,NWIS_NM,32.51,-104.34,GW,1,1,1,1,0,1040.0,1040.0,1040.0,1948-12-07,1948-12-07
323006104202701,21S.25E.01.4 C ENG R19,NWIS_NM,32.5,-104.34,GW,4,3,4,4,0,1660.0,2830.0,2433.3,1948-12-07,1949-02-06
323028104222701,21S.25E.02.1 C ENG R20,NWIS_NM,32.51,-104.37,GW,2,1,2,2,0,750.0,750.0,750.0,1948-12-07,1949-02-06
323027104212701,21S.25E.02.2 C ENG R21,NWIS_NM,32.51,-104.35,GW,2,1,2,2,0,3050.0,3050.0,3050.0,1948-12-15,1949-02-06
323006104222701,21S.25E.02.3 C ENG R18,NWIS_NM,32.5,-104.37,GW,2,1,2,2,0,803.0,803.0,803.0,1948-12-07,1949-02-07
323913104242801,21S.25E.09.33 ELMORE #25,NWIS_NM,32.48,-104.4,GW,1,1,1,1,0,1180.0,1180.0,1180.0,1949-02-04,1949-02-04
323005104212701,21S.25E.11.2 C ENG R16,NWIS_NM,32.49,-104.36,GW,1,1,1,1,0,1050.0,1050.0,1050.0,1948-12-07,1948-12-07
322912104252901,21S.25E.17.1 EMERSON #24,NWIS_NM,32.48,-104.42,GW,1,1,1,1,0,900.0,900.0,900.0,1949-02-04,1949-02-04
322735104221301,21S.25E.33.24 well 33,NWIS_NM,32.43,-104.39,GW,1,1,1,1,0,700.0,700.0,700.0,1949-02-05,1949-02-05
323035104141201,21S.26E.01.24 well 35,NWIS_NM,32.51,-104.23,GW,1,1,1,1,0,660.0,660.0,660.0,1949-02-05,1949-02-05
323030104191501,21S.26E.05.1 C ENG R42,NWIS_NM,32.51,-104.32,GW,4,3,4,4,0,1410.0,3790.0,2986.7,1948-12-08,1949-02-05
323030104191601,21S.26E.06.2 C ENG HOLE 3A,NWIS_NM,32.51,-104.32,GW,1,1,1,1,0,4450.0,4450.0,4450.0,1948-12-06,1948-12-06
322850104183001,21S.26E.17.412,NWIS_NM,32.47,-104.31,GW,15,2,15,15,0,391.0,395.0,393.0,1949-02-04,1956-01-27
322757104161201,21S.26E.23.31 J BOYD HOUSE,NWIS_NM,32.46,-104.26,GW,4,1,4,4,0,1300.0,1300.0,1300.0,1949-05-23,1955-05-13
322640104151101,21S.26E.25.3 RVRSD CNTRY CLUB,NWIS_NM,32.44,-104.25,GW,1,0,1,1,0,,,,1949-07-20,1949-07-20
322652104151101,21S.26E.25.331 CRLSBD SP,NWIS_NM,32.44,-104.25,SP,1,1,1,1,0,3350.0,3350.0,3350.0,1949-03-10,1949-03-10
322640104151301,21S.26E.26CRLSBD CCC CAMP,NWIS_NM,32.44,-104.25,GW,1,1,1,1,0,2820.0,2820.0,2820.0,1949-05-24,1949-05-24
322706104161201,21S.26E.26.13 DOMESTIC,NWIS_NM,32.45,-104.26,GW,1,0,1,1,0,,,,1949-05-24,1949-05-24
322548104181501,21S.26E.32.4 TRUITT #18,NWIS_NM,32.43,-104.31,GW,1,1,1,1,0,472.0,472.0,472.0,1949-02-05,1949-02-05
322614104154201,21S.26E.35.23 BLAKELEY C ENG 4,NWIS_NM,32.43,-104.26,GW,1,1,1,1,0,786.0,786.0,786.0,1949-02-05,1949-02-05
322613104151301,21S.26E.35.42 SPRUILL well,NWIS_NM,32.43,-104.25,GW,1,0,1,1,0,,,,1949-05-22,1949-05-22
320212104183601,26S.26E.17.440 JUMPING SP,NWIS_NM,32.03,-104.3,SP,1,1,1,1,0,2410.0,2410.0,2410.0,1949-11-25,1949-11-25
323333104232501,20S.26E.21.143 TWIN BOILS,NWIS_NM,32.55,-104.39,SP,2,1,2,2,0,3190.0,3190.0,3190.0,1949-10-11,1964-12-30
332337104280801,10S.24E.26.333 T White,NWIS_NM,33.41,-104.48,GW,3,0,3,3,0,,,,1950-07-18,1963-03-01
332338104263901,10S.25E.31.34 POTTER CO,NWIS_NM,33.39,-104.44,GW,4,1,4,4,0,8570.0,8570.0,8570.0,1950-06-06,1957-05-23
332708104301102,10S.24E.15.111B,NWIS_NM,33.45,-104.5,GW,8,1,8,8,0,1430.0,1430.0,1430.0,1950-06-06,1964-03-02
332725104583901,10S.20E.08.120,NWIS_NM,33.45,-104.97,GW,1,1,1,1,0,420.0,420.0,420.0,1950-05-06,1950-05-06
333226104290001,09S.24E.11.3 JC WIGGINS,NWIS_NM,33.54,-104.48,GW,1,1,1,1,0,2140.0,2140.0,2140.0,1950-05-23,1950-05-23
333345104310401,09S.24E.04.13 SHORTRIDG,NWIS_NM,33.56,-104.51,GW,1,1,1,1,0,2440.0,2440.0,2440.0,1950-05-17,1950-05-17
333716104323801,08S.24E.18.144 A HILL,NWIS_NM,33.62,-104.55,GW,5,1,4,5,0,2580.0,2580.0,2580.0,1950-03-15,1968-08-04
333742104300301,08S.24E.15.111 J CORN,NWIS_NM,33.62,-104.5,GW,1,1,1,1,0,6830.0,6830.0,6830.0,1950-05-17,1950-05-17
334039104415501,07S.22E.26.311 T.CORN,NWIS_NM,33.67,-104.69,GW,1,1,1,1,0,1520.0,1520.0,1520.0,1950-02-07,1950-02-07
334920104525401,05S.20E.31.34,NWIS_NM,33.82,-104.88,GW,1,1,1,1,0,743.0,743.0,743.0,1950-02-24,1950-02-24
340415105122001,03S.17E.07.110,NWIS_NM,34.07,-105.2,GW,1,1,1,1,0,1690.0,1690.0,1690.0,1950-03-31,1950-03-31
340610105061001,02S.18E.30.330,NWIS_NM,34.1,-105.1,GW,1,1,1,1,0,2650.0,2650.0,2650.0,1950-03-16,1950-03-16
340750105372101,02S.13E.18.300,NWIS_NM,34.13,-105.62,GW,1,1,1,1,0,2550.0,2550.0,2550.0,1950-03-17,1950-03-17
340837105415501,02S.12E.09.330,NWIS_NM,34.14,-105.69,GW,1,1,1,1,0,2490.0,2490.0,2490.0,1950-03-16,1950-03-16
340840105372601,02S.13E.07.333,NWIS_NM,34.14,-105.62,GW,1,1,1,1,0,1440.0,1440.0,1440.0,1950-03-17,1950-03-17
341125105143501,01N.16E.27.444,NWIS_NM,34.19,-105.24,GW,1,1,1,1,0,1780.0,1780.0,1780.0,1950-04-06,1950-04-06
341251105360701,01S.13E.20.100,NWIS_NM,34.21,-105.6,GW,2,1,2,2,0,647.0,647.0,647.0,1950-03-17,1951-04-05
341305105380501,01S.12E.13.400,NWIS_NM,34.21,-105.63,GW,1,1,1,1,0,1140.0,1140.0,1140.0,1950-03-17,1950-03-17
341340105331001,01S.13E.14.143,NWIS_NM,34.22,-105.55,GW,1,1,1,1,0,799.0,799.0,799.0,1950-03-22,1950-03-22
341410105384501,01S.12E.12.314,NWIS_NM,34.23,-105.64,GW,1,1,1,1,0,4900.0,4900.0,4900.0,1950-03-17,1950-03-17
341415105344301,01S.13E.09.411,NWIS_NM,34.23,-105.57,GW,1,1,1,1,0,3600.0,3600.0,3600.0,1950-03-16,1950-03-16
341549105324501,01N.13E.35.432,NWIS_NM,34.26,-105.54,GW,1,1,1,1,0,1060.0,1060.0,1060.0,1950-03-17,1950-03-17
341628105334801,01N.13E.34.211,NWIS_NM,34.27,-105.56,GW,1,1,1,1,0,3390.0,3390.0,3390.0,1950-03-17,1950-03-17
342055105325101,02N.13E.35.344+DUP,NWIS_NM,34.34,-105.54,GW,1,1,1,1,0,3150.0,3150.0,3150.0,1950-07-18,1950-07-18
342318105191001,02N.15E.24.212,NWIS_NM,34.38,-105.32,GW,1,1,1,1,0,1480.0,1480.0,1480.0,1950-09-07,1950-09-07
342650105261701,03N.14E.35.212,NWIS_NM,34.44,-105.43,GW,1,1,1,1,0,2520.0,2520.0,2520.0,1950-09-19,1950-09-19
342708105221801,03N.15E.28.441c,NWIS_NM,34.45,-105.37,GW,2,1,2,2,0,440.0,440.0,440.0,1950-09-07,1953-06-08
342708105221802,03N.15E.28.441A,NWIS_NM,34.45,-105.37,GW,5,2,5,4,0,655.0,701.0,678.0,1950-09-07,1956-04-21
344758105261701,07N.14E.27.442,NWIS_NM,34.79,-105.43,GW,1,1,1,1,0,2800.0,2800.0,2800.0,1950-07-14,1950-07-14
344923105321001,07N.13E.23.131,NWIS_NM,34.82,-105.53,GW,1,1,1,1,0,427.0,427.0,427.0,1950-07-14,1950-07-14
345054105375801,07N.12E.11.411,NWIS_NM,34.84,-105.63,SP,1,1,1,1,0,150.0,150.0,150.0,1950-07-12,1950-07-12
345319105382601,08N.12E.26.332,NWIS_NM,34.88,-105.64,GW,2,1,2,2,0,656.0,656.0,656.0,1950-07-19,1951-05-26
345428105330902,08N.13E.22.130A,NWIS_NM,34.9,-105.55,GW,2,2,2,2,0,1130.0,2430.0,1780.0,1950-07-17,1951-05-26
345511105393701,08N.12E.15.311,NWIS_NM,34.91,-105.66,GW,1,1,1,1,0,600.0,600.0,600.0,1950-07-19,1950-07-19
345554105352401,08N.13E.08.331,NWIS_NM,34.93,-105.59,GW,1,1,1,1,0,1450.0,1450.0,1450.0,1950-07-14,1950-07-14
345732105410201,09N.12E.32.430,NWIS_NM,34.95,-105.68,GW,2,2,2,2,0,840.0,1020.0,930.0,1950-07-17,1951-05-26
345801105214901,09N.15E.32.241,NWIS_NM,34.96,-105.36,GW,1,1,1,1,0,417.0,417.0,417.0,1950-07-11,1950-07-11
345824105264701,09N.14E.27.331,NWIS_NM,34.97,-105.44,GW,1,1,1,1,0,1790.0,1790.0,1790.0,1950-07-11,1950-07-11
350023105192101,09N.15E.14.134,NWIS_NM,35.0,-105.32,GW,1,1,1,1,0,443.0,443.0,443.0,1950-07-12,1950-07-12
350036105400501,09N.12E.16.210,NWIS_NM,35.01,-105.66,GW,1,1,1,1,0,1700.0,1700.0,1700.0,1950-07-11,1950-07-11
350038105341501,09N.13E.16.220,NWIS_NM,35.01,-105.57,GW,1,1,1,1,0,546.0,546.0,546.0,1950-07-13,1950-07-13
325303104472101,16S.21E.33.2 ROBT.PARKS,NWIS_NM,32.88,-104.79,GW,2,1,2,2,0,565.0,565.0,565.0,1950-01-11,1955-05-12
325453104213601,16S.26E.15.DEKOLB#1BOGLE,NWIS_NM,32.91,-104.36,GW,1,1,1,1,0,1670.0,1670.0,1670.0,1950-01-04,1950-01-04
324943104322801,17S.24E.24.21 R COLLINS,NWIS_NM,32.82,-104.53,GW,1,1,1,1,0,351.0,351.0,351.0,1950-01-11,1950-01-11
324335104020701,18S.29E.24.3 MILLMAN Ranch,NWIS_NM,32.72,-104.03,GW,1,1,1,1,0,1730.0,1730.0,1730.0,1950-04-28,1950-04-28
324010104074801,19S.28E.13..21,NWIS_NM,32.66,-104.12,GW,1,1,1,1,0,2570.0,2570.0,2570.0,1950-04-28,1950-04-28
324010104125801,19S.28E.18.12,NWIS_NM,32.66,-104.21,GW,1,1,1,1,0,350.0,350.0,350.0,1950-01-20,1950-01-20
323939104013601,19S.29E.13.41 N LAKE well,NWIS_NM,32.65,-104.02,GW,1,1,1,1,0,3010.0,3010.0,3010.0,1950-04-28,1950-04-28
323900104052901,19S.29E.20.24111 RATLSNAKE,NWIS_NM,32.65,-104.09,GW,1,1,1,1,0,2280.0,2280.0,2280.0,1950-04-28,1950-04-28
323724103523601,19S.31E.33.11 LUSK Ranch SE WE,NWIS_NM,32.62,-103.88,GW,1,1,1,1,0,3340.0,3340.0,3340.0,1950-05-01,1950-05-01
323310104102001,20S.28E.28.2,NWIS_NM,32.54,-104.17,GW,1,1,1,1,0,3110.0,3110.0,3110.0,1950-01-20,1950-01-20
323633103570201,20S.30E.03.22 CLAYTON 20,NWIS_NM,32.6,-103.95,GW,1,1,1,1,0,2400.0,2400.0,2400.0,1950-05-01,1950-05-01
323607103570201,20S.30E.03.42 CLAYTON STOCK,NWIS_NM,32.6,-103.95,GW,1,1,1,1,0,2930.0,2930.0,2930.0,1950-05-01,1950-05-01
323421103580401,20S.30E.16.42 STOCK well,NWIS_NM,32.57,-103.97,GW,1,1,1,1,0,3370.0,3370.0,3370.0,1950-05-01,1950-05-01
323342103593601,20S.30E.20.124 STOCK well,NWIS_NM,32.56,-103.99,GW,1,1,1,1,0,3050.0,3050.0,3050.0,1950-05-01,1950-05-01
323117103580401,20S.30E.33.44 STOCK well,NWIS_NM,32.52,-103.97,GW,1,1,1,1,0,3860.0,3860.0,3860.0,1950-05-01,1950-05-01
322906104363601,21S.23E.09.33 STOCK well,NWIS_NM,32.48,-104.61,GW,1,1,1,1,0,1090.0,1090.0,1090.0,1950-01-25,1950-01-25
322718104141201,21S.26E.25.142GAMEFRM WEST,NWIS_NM,32.45,-104.24,GW,2,1,2,2,0,3530.0,3530.0,3530.0,1949-11-25,1954-06-01
322706104141301,21S.26E.25.24GAMEFRM EASTwell,NWIS_NM,32.45,-104.23,GW,1,1,1,1,0,3060.0,3060.0,3060.0,1949-11-25,1949-11-25
322614104193001,21S.26E.31.243 BABBIT STOCK,NWIS_NM,32.43,-104.32,GW,12,2,12,12,0,688.0,820.0,754.0,1949-11-25,1955-05-17
322548104155701,21S.26E.35.343,NWIS_NM,32.43,-104.26,GW,1,1,1,1,0,886.0,886.0,886.0,1949-11-25,1949-11-25
322851104070401,21S.28E.18.13333,NWIS_NM,32.48,-104.11,GW,1,1,1,1,0,6090.0,6090.0,6090.0,1950-01-30,1950-01-30
332348104355201,10S.23E.34.432 RSWL 10,NWIS_NM,33.39,-104.6,GW,4,4,4,4,0,886.0,1070.0,979.8,1951-05-11,1961-08-02
332523104280801,10S.24E.24.333 PVACD,NWIS_NM,33.42,-104.46,GW,5,2,4,5,0,2190.0,4960.0,3575.0,1950-11-28,1964-08-17
332647104582601,10S.20E.17.134 PERRINE,NWIS_NM,33.44,-104.97,GW,1,0,1,1,0,,,,1951-07-26,1951-07-26
332708104311301,10S.24E.16.11 ARMSTRONG,NWIS_NM,33.45,-104.52,GW,2,0,2,2,0,,,,1950-10-10,1952-05-12
332734104240601,10S.25E.09.412441 USF&W,NWIS_NM,33.45,-104.4,GW,5,0,5,5,0,,,,1951-03-26,1964-03-03
332840104253701,10S.25E.05.123 USF&W,NWIS_NM,33.48,-104.42,GW,2,1,2,2,0,3510.0,3510.0,3510.0,1951-03-26,1954-01-25
341420105180501,01N.16E.07.410,NWIS_NM,34.23,-105.3,GW,1,0,1,1,0,,,,1950-12-18,1950-12-18
342756104125301,03N.26E.28.4 CA SCHWAB,NWIS_NM,34.46,-104.21,GW,1,1,1,1,0,2300.0,2300.0,2300.0,1951-03-15,1951-03-15
345428105330901,08N.13E.22.130,NWIS_NM,34.9,-105.55,GW,1,1,1,1,0,1130.0,1130.0,1130.0,1951-05-26,1951-05-26
345511105390401,08N.12E.15.411,NWIS_NM,34.91,-105.65,GW,1,1,1,1,0,533.0,533.0,533.0,1951-05-26,1951-05-26
345554105353001,08N.13E.08.332,NWIS_NM,34.93,-105.59,GW,1,0,1,1,0,,,,1951-05-26,1951-05-26
324850104440001,17S.23E.30.121 L.COX,NWIS_NM,32.81,-104.73,GW,1,1,1,1,0,609.0,609.0,609.0,1951-01-09,1951-01-09
325045104241301,17S.26E.08.413 ArtesiaP.S.,NWIS_NM,32.84,-104.4,GW,5,1,5,5,0,767.0,767.0,767.0,1951-05-10,1964-03-25
325031104210701,17S.26E.14.21 E.P.Bach,NWIS_NM,32.84,-104.34,GW,1,1,1,1,0,3110.0,3110.0,3110.0,1951-07-01,1951-07-01
323027104212601,21S.25E.01.1,NWIS_NM,32.51,-104.35,GW,1,1,1,1,0,2290.0,2290.0,2290.0,1951-07-24,1951-07-24
320355104283801,26S.24E.03.423,NWIS_NM,32.06,-104.48,SP,1,0,1,1,0,,,,1952-05-14,1952-05-14
320845104265001,25S.24E.12.324,NWIS_NM,32.14,-104.45,SP,1,0,1,1,0,,,,1952-09-04,1952-09-04
321226104012210,Malaga Pierce Canyon gain,NWIS_NM,32.2,-104.02,ST,26,0,0,26,0,,,,1952-01-01,1977-01-01
332138104271801,11S.24E.13.223 Campbell South,NWIS_NM,33.36,-104.45,GW,3,0,3,3,0,,,,1952-08-21,1959-03-04
332204104273301,11S.24E.12.431 PHINZY,NWIS_NM,33.36,-104.45,GW,4,0,4,4,0,,,,1952-08-21,1960-08-23
332218104295201,11S.24E.10.143,NWIS_NM,33.37,-104.49,GW,3,0,3,3,0,,,,1952-08-15,1959-08-05
332230104295201,11S.24E.10.141,NWIS_NM,33.37,-104.5,GW,2,0,2,2,0,,,,1952-08-21,1958-08-26
332244104275001,11S.24E.01.334 TOM White,NWIS_NM,33.38,-104.46,GW,3,0,3,3,0,,,,1952-08-21,1959-03-06
332257104290601,11S.24E.02.331,NWIS_NM,33.38,-104.48,GW,5,0,5,5,0,,,,1952-08-13,1963-08-01
332310104294301,11S.24E.03.441,NWIS_NM,33.38,-104.49,GW,6,0,6,6,0,,,,1952-08-21,1970-08-17
332322104180701,11S.26E.02.442 COMANCHE 30 FT N of bridge,NWIS_NM,33.38,-104.3,SP,2,1,1,2,0,4790.0,4790.0,4790.0,1952-07-31,1971-06-07
332323104300701,11S.24E.03.131,NWIS_NM,33.38,-104.5,GW,2,0,2,2,0,,,,1952-08-21,1954-01-22
332336104290601,11S.24E.02.111 COZY COURTS,NWIS_NM,33.39,-104.48,GW,5,0,5,5,0,,,,1952-08-21,1963-08-01
332338104262301,10S.25E.31.433,NWIS_NM,33.39,-104.44,GW,2,0,2,2,0,,,,1952-07-21,1956-02-10
332349104285401,10S.24E.35.341321 JP White,NWIS_NM,33.39,-104.48,GW,8,0,8,8,0,,,,1952-08-18,1961-03-02
332350104252201,10S.25E.32.431113,NWIS_NM,33.39,-104.42,GW,4,0,4,4,0,,,,1952-07-24,1959-08-11
332350104273701,10S.24E.36.413 T White,NWIS_NM,33.39,-104.46,GW,3,0,3,3,0,,,,1952-08-19,1954-01-22
332350104295701,10S.24E.34.314 D N POPE,NWIS_NM,33.39,-104.5,GW,2,0,2,2,0,,,,1952-08-18,1958-02-01
332350104301101,10S.24E.34.313 D N POPE,NWIS_NM,33.39,-104.5,GW,5,0,5,5,0,,,,1952-08-18,1964-08-03
332351104262301,10S.25E.31.413 BARRINGR,NWIS_NM,33.39,-104.44,GW,4,0,4,4,0,,,,1952-08-19,1959-08-11
332403104282301,10S.24E.35.421 LFRAZIER,NWIS_NM,33.4,-104.47,GW,5,0,5,5,0,,,,1952-08-18,1964-03-09
332427104292701,10S.24E.34.221A,NWIS_NM,33.4,-104.49,SP,4,0,4,4,0,,,,1952-07-23,1957-09-13
332427104292703,10S.24E.34.22112C LANDER,NWIS_NM,33.4,-104.49,GW,4,0,4,4,0,,,,1952-08-18,1958-09-02
332428104304601,10S.24E.33.211122,NWIS_NM,33.4,-104.51,GW,5,0,5,5,0,,,,1952-08-20,1970-08-27
332442104301101,10S.24E.27.33111 HERRING,NWIS_NM,33.41,-104.5,GW,5,0,5,5,0,,,,1952-08-20,1964-03-09
332443104291001,10S.24E.26.313 T.LVSTKCO,NWIS_NM,33.41,-104.48,GW,8,0,8,8,0,,,,1952-08-18,1964-08-04
332446104313401,10S.24E.29.423333,NWIS_NM,33.41,-104.52,GW,8,0,8,8,0,,,,1952-08-20,1970-08-24
332456104264001,10S.25E.30.312 EJ JAMES,NWIS_NM,33.41,-104.44,GW,5,0,5,5,0,,,,1952-08-19,1963-03-06
332456104280801,10S.24E.25.133 HEINE BF,NWIS_NM,33.41,-104.46,GW,1,0,2,0,0,,,,1952-08-18,1952-08-18
332456104285401,10S.24E.26.143 J NELSN,NWIS_NM,33.41,-104.48,GW,5,0,5,5,0,,,,1952-08-18,1958-08-01
332457104184001,10S.26E.28.133,NWIS_NM,33.41,-104.31,GW,2,0,2,2,0,,,,1952-07-31,1954-02-26
332510104255401,10S.25E.30.224 BROWNING,NWIS_NM,33.42,-104.43,GW,3,0,3,3,0,,,,1952-07-21,1957-01-21
332510104302701,10S.24E.28.223313 L H BASS,NWIS_NM,33.41,-104.5,GW,5,0,5,5,0,,,,1952-08-20,1961-03-02
332510104305501,10S.24E.28.114 CE KELLY,NWIS_NM,33.42,-104.52,GW,7,0,7,7,0,,,,1952-08-20,1958-09-04
332510104305502,10S.24E.28.114A C KELLY,NWIS_NM,33.42,-104.52,GW,3,0,3,3,0,,,,1952-08-20,1959-03-03
332522104292601,10S.24E.27.212331 J ISLERA,NWIS_NM,33.42,-104.49,GW,6,0,5,6,0,,,,1952-08-20,1960-08-23
332522104312801,10S.24E.29.221 L DAVIS,NWIS_NM,33.42,-104.52,GW,2,0,2,2,0,,,,1952-08-20,1954-01-23
332523104314501,10S.24E.20.34440 CROCKETT,NWIS_NM,33.42,-104.52,GW,3,0,3,3,0,,,,1952-08-15,1954-01-23
332534104292501,10S.24E.22.441,NWIS_NM,33.42,-104.49,SP,1,0,1,1,0,,,,1952-08-15,1952-08-15
332535104260501,10S.25E.19.331,NWIS_NM,33.42,-104.45,GW,3,0,3,3,0,,,,1952-07-30,1958-08-27
332535104291001,10S.24E.23.331 WJONES,NWIS_NM,33.42,-104.48,GW,4,0,4,4,0,,,,1952-08-20,1959-03-02
332535104292501,10S.24E.22.441 CNTRYCLB,NWIS_NM,33.42,-104.49,SP,5,0,5,5,0,,,,1952-08-15,1961-08-28
332535104304201,10S.24E.21.431 W WAGNER,NWIS_NM,33.42,-104.51,GW,2,0,2,2,0,,,,1952-08-20,1954-01-25
332535104321401,10S.24E.20.33131 SAUNDERS,NWIS_NM,33.42,-104.53,GW,3,0,3,3,0,,,,1952-08-20,1958-01-30
332535104323001,10S.24E.19.441 W CLARDY,NWIS_NM,33.42,-104.54,GW,3,0,3,3,0,,,,1952-08-20,1958-01-30
332549104324501,10S.24E.19.233 CLARDY'S,NWIS_NM,33.43,-104.54,GW,5,0,5,5,0,,,,1952-08-20,1963-03-01
332552104314902,10S.24E.20.223333 L HOWARD,NWIS_NM,33.43,-104.53,GW,3,0,3,3,0,,,,1952-08-20,1958-01-30
332602104284001,10S.24E.23.142 LEONARD,NWIS_NM,33.43,-104.47,GW,5,0,5,5,0,,,,1952-08-20,1959-03-02
332603104311301,10S.24E.21.113 BA OWENS,NWIS_NM,33.43,-104.52,GW,4,0,4,4,0,,,,1952-08-20,1957-09-15
332603104323001,10S.24E.19.223 BUCHANAN,NWIS_NM,33.43,-104.54,GW,3,0,3,3,0,,,,1952-08-20,1958-01-30
332616104330201,10S.24E.18.334 SEED&FD,NWIS_NM,33.43,-104.55,GW,4,0,4,4,0,,,,1952-08-20,1959-03-06
332642104324501,10S.24E.18.233332 LT LEWIS,NWIS_NM,33.44,-104.54,GW,5,0,5,5,0,,,,1952-08-20,1964-03-03
332654104285501,10S.24E.14.132,NWIS_NM,33.44,-104.48,GW,7,0,7,7,0,,,,1952-08-20,1960-03-09
332709104311301,10S.24E.09.333 ARMSTRNG,NWIS_NM,33.45,-104.52,GW,6,0,6,6,0,,,,1952-08-19,1964-08-04
332709104314401,10S.24E.08.43333 IR THOMAS,NWIS_NM,33.45,-104.52,GW,4,0,4,4,0,,,,1952-08-20,1959-08-04
332709104321401,10S.24E.08.333322 IRA LEE,NWIS_NM,33.45,-104.53,GW,5,0,5,5,0,,,,1952-08-20,1962-02-23
332722104315901,10S.24E.08.323 HRDCSTL,NWIS_NM,33.45,-104.53,GW,3,0,3,3,0,,,,1952-08-20,1959-03-02
332734104305701,10S.24E.09.321 ARMSTRNG,NWIS_NM,33.45,-104.51,GW,1,0,1,1,0,,,,1952-08-19,1952-08-19
332748104292501,10S.24E.10.223 MCFADIN,NWIS_NM,33.46,-104.49,GW,4,0,4,4,0,,,,1952-07-31,1959-08-04
332800104270801,10S.24E.12.22243 HARGROVE,NWIS_NM,33.46,-104.45,GW,2,0,2,2,0,,,,1952-07-30,1959-03-02
332801104284001,10S.24E.02.344 LT LEWIS,NWIS_NM,33.46,-104.47,GW,5,0,5,5,0,,,,1952-07-30,1959-03-02
332815104301201,10S.24E.04.424134 LEWIS,NWIS_NM,33.47,-104.5,GW,2,0,2,2,0,,,,1952-07-31,1954-01-25
332827104210001,10S.25E.01.243,NWIS_NM,33.47,-104.34,GW,2,0,2,2,0,,,,1952-07-25,1954-02-26
332840104263901,10S.25E.06.123 IRA LEE,NWIS_NM,33.48,-104.44,GW,2,0,2,2,0,,,,1952-08-19,1957-09-13
332915104343501,09S.23E.35.422 MARLEY&M,NWIS_NM,33.48,-104.57,GW,2,0,2,2,0,,,,1952-08-04,1953-01-19
332945104244501,09S.25E.32. LOST RVR&CK,NWIS_NM,33.49,-104.41,SP,1,0,1,1,0,,,,1952-08-19,1952-08-19
344045103540401,05N.29E.06.444,NWIS_NM,34.67,-103.9,GW,1,1,1,1,0,405.0,405.0,405.0,1952-09-25,1952-09-25
323304104284401,20S.25E.27.1 HARDESTY,NWIS_NM,32.54,-104.47,GW,1,1,1,1,0,2240.0,2240.0,2240.0,1951-11-21,1951-11-21
323401104214201,20S.26E.22. #1CARPER DRLG CO,NWIS_NM,32.56,-104.36,GW,10,0,10,10,0,,,,1951-11-01,1951-11-01
323402104214202,20S.26E.22 N&W #2CARPER,NWIS_NM,32.56,-104.36,GW,4,0,4,4,0,,,,1951-11-01,1951-11-01
320720103114101,25S.37E.19.22,NWIS_NM,32.12,-103.19,GW,1,1,1,1,0,825.0,825.0,825.0,1953-02-05,1953-02-05
320800103083901,25S.37E.15.223,NWIS_NM,32.13,-103.14,GW,1,1,1,1,0,2160.0,2160.0,2160.0,1953-02-26,1953-02-26
321405103091101,24S.37E.10.123,NWIS_NM,32.23,-103.15,GW,1,1,1,1,0,1950.0,1950.0,1950.0,1953-03-11,1953-03-11
321536103180501,23S.36E.31.233,NWIS_NM,32.26,-103.3,GW,1,1,1,1,0,620.0,620.0,620.0,1953-03-13,1953-03-13
323149104201201,20S.26E.36.411442,NWIS_NM,32.53,-104.33,GW,26,1,26,26,0,1640.0,1640.0,1640.0,1953-03-05,1957-01-24
323309104202701,20S.26E.25.121412,NWIS_NM,32.55,-104.34,GW,3,1,4,2,0,1190.0,1190.0,1190.0,1953-03-05,1961-05-23
323402104173901,20S.27E.20.2 FANNING DARROW,NWIS_NM,32.56,-104.29,GW,17,0,17,17,0,,,,1953-03-05,1955-08-30
332218104273301,11S.24E.12.233,NWIS_NM,33.37,-104.45,GW,4,0,4,4,0,,,,1953-08-12,1958-09-17
332218104273302,11S.24E.12.233A,NWIS_NM,33.37,-104.45,GW,3,0,3,3,0,,,,1953-08-12,1958-09-02
332218104273303,11S.24E.12.233B PATTERSON,NWIS_NM,33.37,-104.45,GW,1,0,1,1,0,,,,1953-09-06,1953-09-06
332300105300001,11S.15E.05.3 FOX CAVE SP,NWIS_NM,33.38,-105.5,SP,1,0,1,1,0,,,,1953-03-25,1953-03-25
332427104292702,10S.24E.34.221B LANDER,NWIS_NM,33.4,-104.49,GW,2,0,2,2,0,,,,1953-08-21,1954-01-26
332443104292501,10S.24E.27.423,NWIS_NM,33.41,-104.49,GW,3,0,3,3,0,,,,1952-12-16,1959-03-03
332456104264002,10S.25E.30.312A,NWIS_NM,33.41,-104.44,GW,1,0,1,1,0,,,,1953-07-17,1953-07-17
332457104245101,10S.25E.28.133 USF&W,NWIS_NM,33.41,-104.41,GW,3,0,3,3,0,,,,1953-08-10,1954-01-25
332522104213101,10S.25E.25.121 R RICE,NWIS_NM,33.42,-104.35,GW,1,0,1,1,0,,,,1953-01-14,1953-01-14
332522104292602,10S.24E.27.21212A ISLERA,NWIS_NM,33.42,-104.49,GW,1,0,1,1,0,,,,1953-06-25,1953-06-25
332615104312801,10S.24E.20.221 L HOWARD,NWIS_NM,33.43,-104.52,GW,3,0,3,3,0,,,,1953-01-16,1959-03-04
332616104291103,10S.24E.15. B.I.F.CO.,NWIS_NM,33.43,-104.48,GW,1,0,1,1,0,,,,1953-09-01,1953-09-01
332734104305702,10S.24E.09.321A ARMSTRG,NWIS_NM,33.45,-104.51,GW,2,0,2,2,0,,,,1953-01-16,1953-08-12
332854104251601,09S.25E.32.344 US F&W,NWIS_NM,33.48,-104.42,GW,2,0,2,2,0,,,,1953-08-10,1954-01-26
332915104343401,09S.23E.36.311 MARLEY,NWIS_NM,33.48,-104.57,GW,1,0,1,1,0,,,,1953-01-16,1953-01-16
332946104242801,09S.25E.28.343 REFUGE,NWIS_NM,33.49,-104.4,GW,1,0,0,1,0,,,,1953-08-10,1953-08-10
342400105223201,02N.15E.10.141,NWIS_NM,34.4,-105.37,GW,1,0,1,1,0,,,,1953-06-26,1953-06-26
342444105234101,02N.15E.08.312,NWIS_NM,34.41,-105.39,GW,1,0,1,1,0,,,,1953-06-09,1953-06-09
342559105250001,02N.15E.06.112,NWIS_NM,34.43,-105.41,GW,1,0,1,1,0,,,,1953-06-09,1953-06-09
342630105214001,03N.15E.22.333,NWIS_NM,34.44,-105.36,GW,1,0,1,1,0,,,,1953-06-08,1953-06-08
342743105204101,03N.15E.26.111,NWIS_NM,34.46,-105.34,GW,1,0,1,1,0,,,,1953-06-08,1953-06-08
342813105234801,03N.15E.20.311,NWIS_NM,34.47,-105.39,GW,1,0,1,1,0,,,,1953-06-09,1953-06-09
345447104405701,08N.21E.14.342 Bass Lake,NWIS_NM,34.91,-104.68,SP,1,0,1,1,0,,,,1953-01-19,1953-01-19
345636104362801,08N.22E.04.414,NWIS_NM,34.94,-104.6,SP,1,0,1,1,0,,,,1953-01-19,1953-01-19
323231104175401,20S.27E.29.441 H GREENWOOD,NWIS_NM,32.54,-104.29,GW,26,1,26,26,0,1920.0,1920.0,1920.0,1953-03-05,1961-08-08
322853104335201,21S.23E.14.214 FORREST LEE WL,NWIS_NM,32.48,-104.56,GW,1,0,1,1,0,,,,1953-01-13,1953-01-13
322722104343601,21S.23E.23. FORREST LEE #2,NWIS_NM,32.45,-104.57,GW,1,0,1,1,0,,,,1953-01-11,1953-01-11
323009104164401,21S.26E.03.344 HARRIS well,NWIS_NM,32.5,-104.27,GW,1,1,1,1,0,2620.0,2620.0,2620.0,1953-09-29,1953-09-29
320746103071001,25S.37E.13.312A,NWIS_NM,32.12,-103.12,GW,3,1,3,3,0,458.0,458.0,458.0,1954-07-27,1958-09-08
321150104153001,24S.26E.23.441 Castle Springs,NWIS_NM,32.19,-104.25,SP,1,0,1,1,0,,,,1953-10-20,1953-10-20
321510103302601,23S.34E.31.34,NWIS_NM,32.25,-103.51,GW,1,1,1,1,0,635.0,635.0,635.0,1953-12-04,1953-12-04
322243103072501,22S.37E.24.133,NWIS_NM,32.37,-103.12,GW,3,0,3,3,0,,,,1954-07-31,1958-09-08
322436103133401,22S.36E.11.224,NWIS_NM,32.41,-103.22,GW,3,0,3,3,0,,,,1954-07-31,1958-09-09
322446103062501,22S.37E.01.44,NWIS_NM,32.41,-103.11,GW,2,1,2,2,0,2280.0,2280.0,2280.0,1953-10-14,1958-09-08
322449103133301,22S.36E.01.333,NWIS_NM,32.41,-103.22,GW,1,0,1,1,0,,,,1953-11-12,1953-11-12
322500104281101,22S.24E.02.324 LIT WALT SP,NWIS_NM,32.41,-104.46,SP,1,0,1,1,0,,,,1954-08-09,1954-08-09
322502103141801,22S.36E.02.323,NWIS_NM,32.41,-103.23,GW,1,1,1,1,0,15300.0,15300.0,15300.0,1953-11-12,1953-11-12
322515103140401,22S.36E.02.144,NWIS_NM,32.42,-103.23,GW,1,1,1,1,0,6880.0,6880.0,6880.0,1953-11-12,1953-11-12
322614103095801,21S.37E.33.233,NWIS_NM,32.43,-103.16,GW,1,1,1,1,0,454.0,454.0,454.0,1954-07-31,1954-07-31
323001103153501,21S.36E.09.222,NWIS_NM,32.49,-103.26,GW,2,0,2,2,0,,,,1954-07-27,1958-09-08
323018103310701,21S.33E.02.422.01,NWIS_NM,32.5,-103.53,GW,2,0,2,2,0,,,,1954-06-28,1955-06-22
323046103062201,21S.38E.06.133.01,NWIS_NM,32.51,-103.1,GW,2,0,2,2,0,,,,1953-12-07,1958-09-09
323046103062202,21S.38E.06.133.02,NWIS_NM,32.51,-103.1,GW,2,0,2,2,0,,,,1953-12-07,1958-09-09
323328103113501,20S.38E.19.320,NWIS_NM,32.55,-103.18,GW,2,0,2,2,0,,,,1954-04-02,1958-09-09
323350104173901,20S.27E.20.244 CLAYTON,NWIS_NM,32.56,-104.29,GW,12,0,12,12,0,,,,1954-03-15,1955-06-17
323420103200901,20S.36E.15.421,NWIS_NM,32.57,-103.33,GW,2,0,2,2,0,,,,1954-03-30,1958-09-09
323628103154501,20S.37E.04.111,NWIS_NM,32.6,-103.26,GW,3,0,3,3,0,,,,1954-04-02,1958-09-09
323738103163001,19S.37E.29.344.01,NWIS_NM,32.62,-103.27,GW,3,0,3,3,0,,,,1954-07-15,1958-09-09
324955103421501,17S.33E.18.322,NWIS_NM,32.83,-103.7,GW,1,0,1,1,0,,,,1954-07-19,1954-07-19
325145103452001,17S.32E.03.140,NWIS_NM,32.86,-103.75,GW,1,0,1,1,0,,,,1954-07-21,1954-07-21
325230103440501,16S.32E.35.400,NWIS_NM,32.87,-103.73,GW,1,0,1,1,0,,,,1954-07-19,1954-07-19
325610105162901,16S.16E.11.243,NWIS_NM,32.93,-105.27,SP,1,0,1,1,0,,,,1954-08-04,1954-08-04
325638105173501,16S.16E.03.434,NWIS_NM,32.94,-105.29,SP,1,1,1,1,0,693.0,693.0,693.0,1954-08-04,1954-08-04
325832105252701,15S.15E.36.211,NWIS_NM,32.97,-105.42,GW,1,0,1,1,0,,,,1954-08-04,1954-08-04
330543106241201,14S.16E.18.424,NWIS_NM,33.09,-105.4,GW,1,0,1,1,0,,,,1954-06-25,1954-06-25
332138104271802,11S.24E.13.233B CMPBL north,NWIS_NM,33.36,-104.45,GW,3,0,3,3,0,,,,1954-01-22,1958-02-01
332549104242001,10S.25E.21.411 BITR LKS,NWIS_NM,33.43,-104.4,GW,1,0,1,1,0,,,,1954-01-25,1954-01-25
350337104460801,10N.20E.25.413,NWIS_NM,35.06,-104.76,SP,1,0,1,1,0,,,,1954-08-11,1954-08-11
325005104203601,17S.26E.13.31 E.P.Bach,NWIS_NM,32.83,-104.34,GW,1,0,1,1,0,,,,1954-06-25,1954-06-25
324939104203701,17S.26E.23.2 E.P.BACH,NWIS_NM,32.82,-104.34,GW,1,0,1,1,0,,,,1954-06-26,1954-06-26
324939104183301,17S.27E.18 E.P.Bach,NWIS_NM,32.82,-104.3,GW,1,0,1,1,0,,,,1954-06-27,1954-06-27
323732104183501,19S.27E.31.222 Lake MCMLN well,NWIS_NM,32.62,-104.31,GW,5,0,5,5,0,,,,1954-09-28,1955-05-24
322637104212701,21S.25E.26. THAYER S well,NWIS_NM,32.44,-104.35,GW,1,0,1,1,0,,,,1954-01-11,1954-01-11
322728104245801,21S.25E.29.21,NWIS_NM,32.45,-104.41,GW,1,0,1,1,0,,,,1954-03-22,1954-03-22
322611104260001,21S.25E.31.14 G ELMORE,NWIS_NM,32.43,-104.43,GW,1,0,1,1,0,,,,1954-03-22,1954-03-22
322624104232901,21S.25E.33.224 DENNY Ranch,NWIS_NM,32.44,-104.39,GW,1,0,1,1,0,,,,1954-01-11,1954-01-11
322719104145701,21S.26E.25.114,NWIS_NM,32.45,-104.25,GW,1,0,1,1,0,,,,1954-06-01,1954-06-01
322640104144202,21S.26E.25.344B,NWIS_NM,32.44,-104.24,GW,1,1,1,1,0,2460.0,2460.0,2460.0,1954-05-07,1954-05-07
322613104200101,21S.26E.31.312 BOBBIT,NWIS_NM,32.43,-104.33,GW,1,0,1,1,0,,,,1954-08-31,1954-08-31
322639104154301,21S.26E.35.122 BOYKEN,NWIS_NM,32.44,-104.26,GW,11,2,11,11,0,878.0,879.0,878.5,1953-11-24,1955-07-12
321410104420501,24S.22E.09.214 SIT BULL SP,NWIS_NM,32.23,-104.7,SP,1,1,1,1,0,382.0,382.0,382.0,1954-11-23,1954-11-23
322230104495501,22S.20E.23.24,NWIS_NM,32.37,-104.87,GW,1,0,1,1,0,,,,1955-07-13,1955-07-13
322454103134102,22S.36E.02.4441,NWIS_NM,32.41,-103.22,GW,1,0,1,1,0,,,,1955-04-22,1955-04-22
322621104134201,21S.27E.31.213 CARLS #29,NWIS_NM,32.43,-104.22,SP,1,0,1,1,0,,,,1955-02-01,1955-02-01
322623104145901,21S.26E.36.114,NWIS_NM,32.44,-104.25,SP,1,0,1,1,0,,,,1955-04-19,1955-04-19
322636104150001,21S.26E.25.343 CARLS.#9,NWIS_NM,32.44,-104.24,SP,1,0,1,1,0,,,,1955-01-31,1955-01-31
322643104151001,21S.26E.25.333 CARLS #14,NWIS_NM,32.44,-104.25,SP,1,0,1,1,0,,,,1955-02-01,1955-02-01
323018103310702,21S.33E.02.422.02,NWIS_NM,32.5,-103.53,GW,2,0,2,2,0,,,,1955-04-22,1958-09-04
323309104211201,20S.26E.26.21111,NWIS_NM,32.55,-104.35,GW,2,0,2,2,0,,,,1955-09-22,1955-09-22
323337104173901,20S.27E.21.133 CLAYTON,NWIS_NM,32.55,-104.29,GW,7,0,7,7,0,,,,1955-07-26,1961-07-27
323456104214201,20S.26E.10 CRILE-BOETZ,NWIS_NM,32.58,-104.36,GW,2,0,2,2,0,,,,1955-07-01,1955-08-23
323630103150501,20S.37E.04.221,NWIS_NM,32.6,-103.25,GW,2,0,1,2,0,,,,1955-04-22,1958-09-09
324444104204801,18S.26E.14.423,NWIS_NM,32.74,-104.34,GW,1,0,1,1,0,,,,1955-06-07,1955-06-07
331712104290001,12S.25E.07.14444 HAMILL E,NWIS_NM,33.28,-104.48,GW,1,0,1,1,0,,,,1955-05-02,1955-05-02
331908105055101,11S.19E.31.212313,NWIS_NM,33.31,-105.09,GW,1,0,1,1,0,,,,1955-05-11,1955-05-11
331931105025901,11S.19E.27.143,NWIS_NM,33.32,-105.05,GW,1,0,1,1,0,,,,1955-05-10,1955-05-10
331950105030101,11S.19E.27.114,NWIS_NM,33.33,-105.05,GW,1,0,1,1,0,,,,1955-05-10,1955-05-10
332001105181501,11S.17E.30.212,NWIS_NM,33.33,-105.3,GW,1,0,1,1,0,,,,1955-05-18,1955-05-18
332036105083201,11S.18E.23.131,NWIS_NM,33.34,-105.14,GW,1,0,1,1,0,,,,1955-05-12,1955-05-12
332042105174801,11S.17E.20.131312,NWIS_NM,33.34,-105.29,GW,1,0,1,1,0,,,,1955-05-18,1955-05-18
332054105170901,11S.17E.20.212343A,NWIS_NM,33.34,-105.28,GW,1,0,1,1,0,,,,1955-05-18,1955-05-18
332111105171101,11S.17E.17.44322,NWIS_NM,33.35,-105.28,GW,1,0,1,1,0,,,,1955-05-18,1955-05-18
332112105164701,11S.17E.16.31324,NWIS_NM,33.35,-105.28,GW,1,0,1,1,0,,,,1955-05-18,1955-05-18
332112105164702,11S.17E.16.313A,NWIS_NM,33.35,-105.28,GW,1,0,1,1,0,,,,1955-05-17,1955-05-17
332113105180301,11S.17E.18.42441,NWIS_NM,33.35,-105.29,GW,1,0,1,1,0,,,,1955-05-17,1955-05-17
332118105165501,11S.17E.17.424,NWIS_NM,33.35,-105.28,GW,1,0,1,1,0,,,,1955-05-18,1955-05-18
332146105133201,11S.17E.12.334,NWIS_NM,33.36,-105.22,GW,1,0,1,1,0,,,,1955-05-16,1955-05-16
332150104353201,11S.23E.15.22223,NWIS_NM,33.36,-104.59,GW,1,0,1,1,0,,,,1955-06-03,1955-06-03
332158105105901,11S.18E.08.432A,NWIS_NM,33.36,-105.18,GW,1,0,1,1,0,,,,1955-05-12,1955-05-12
332200105124001,11S.18E.07.313,NWIS_NM,33.36,-105.21,GW,1,0,1,1,0,,,,1955-05-12,1955-05-12
332204105141201,11S.17E.11.413,NWIS_NM,33.36,-105.23,GW,1,0,1,1,0,,,,1955-06-21,1955-06-21
332221105114501,11S.18E.07.24242,NWIS_NM,33.37,-105.19,GW,1,0,1,1,0,,,,1955-09-28,1955-09-28
332309105145201,11S.17E.03.244,NWIS_NM,33.38,-105.24,GW,1,0,1,1,0,,,,1955-05-18,1955-05-18
332324104290601,11S.24E.02.113,NWIS_NM,33.39,-104.48,GW,2,0,2,2,0,,,,1955-08-25,1957-01-24
332416104311401,10S.24E.32.242 ROSWell,NWIS_NM,33.4,-104.52,GW,4,2,3,4,0,969.0,1160.0,1064.5,1955-06-09,1961-08-02
332417104264001,10S.25E.31.132 J BIRD,NWIS_NM,33.4,-104.44,GW,2,1,2,2,0,2230.0,2230.0,2230.0,1954-10-27,1959-03-03
332430105200801,10S.16E.26.441,NWIS_NM,33.4,-105.33,SP,1,0,1,1,0,,,,1955-08-23,1955-08-23
332431104260501,10S.25E.30.333,NWIS_NM,33.41,-104.44,GW,1,0,1,1,0,,,,1955-06-22,1955-06-22
332434105151901,10S.17E.27.112,NWIS_NM,33.4,-105.25,GW,1,0,1,1,0,,,,1955-05-23,1955-05-23
332438105171101,10S.17E.29.414 COL FRITZ SP,NWIS_NM,33.41,-105.28,SP,1,0,1,1,0,,,,1955-05-23,1955-05-23
332440105172601,10S.17E.29.324,NWIS_NM,33.41,-105.29,GW,1,0,1,1,0,,,,1955-05-23,1955-05-23
332442104312801,10S.24E.29.441 N.M.M.I.,NWIS_NM,33.41,-104.52,GW,1,0,1,1,0,,,,1955-08-26,1955-08-26
332509105182001,10S.17E.30.224,NWIS_NM,33.41,-105.3,GW,1,0,1,1,0,,,,1955-05-25,1955-05-25
332519104353701,10S.23E.27.222 EM HALEY,NWIS_NM,33.42,-104.59,GW,1,0,1,1,0,,,,1955-04-25,1955-04-25
332548104295601,10S.24E.22.321 CARPENTR,NWIS_NM,33.43,-104.49,GW,1,0,1,1,0,,,,1955-06-22,1955-06-22
332607104564301,10S.20E.16.444,NWIS_NM,33.43,-104.94,GW,2,0,2,2,0,,,,1955-01-01,1955-01-02
332610105161701,10S.17E.16.43343,NWIS_NM,33.43,-105.27,GW,1,0,1,1,0,,,,1955-05-23,1955-05-23
332644105164901,10S.17E.16.131,NWIS_NM,33.44,-105.28,GW,1,0,1,1,0,,,,1955-05-23,1955-05-23
332716105193201,10S.16E.12.322 EMIL FRITZ SP,NWIS_NM,33.45,-105.32,SP,1,0,1,1,0,,,,1955-09-29,1955-09-29
332744104371001,10S.23E.09.124 McKNIGHT,NWIS_NM,33.46,-104.62,GW,1,0,1,1,0,,,,1955-03-30,1955-03-30
332919105225501,09S.16E.33.111,NWIS_NM,33.48,-105.38,GW,1,0,1,1,0,,,,1955-07-22,1955-07-22
332935105225701,09S.16E.28.332,NWIS_NM,33.49,-105.38,ST,3,0,3,3,0,,,,1955-05-25,1956-05-01
333118105282901,09S.15E.16.441,NWIS_NM,33.52,-105.47,ST,3,0,3,3,0,,,,1955-05-24,1956-05-01
333120105280601,09S.15E.15.33133,NWIS_NM,33.52,-105.47,GW,1,0,1,1,0,,,,1955-05-23,1955-05-23
333204105352401,09S.14E.17.222,NWIS_NM,33.53,-105.59,ST,3,0,3,3,0,,,,1955-05-24,1956-04-30
333241105341101,09S.14E.10.13221,NWIS_NM,33.54,-105.57,GW,1,1,1,1,0,2660.0,2660.0,2660.0,1955-04-27,1955-04-27
333438104310401,08S.24E.33.133 B SPURRI,NWIS_NM,33.57,-104.51,GW,2,0,2,2,0,,,,1955-06-08,1962-08-07
334148104343101,07S.23E.23.242 J CORN,NWIS_NM,33.69,-104.57,GW,3,0,3,3,0,,,,1955-06-08,1958-09-08
340701105401101,02S.12E.22.444,NWIS_NM,34.11,-105.67,GW,1,1,1,1,0,718.0,718.0,718.0,1954-12-14,1954-12-14
343905103421701,05N.31E.18.33113,NWIS_NM,34.65,-103.7,GW,1,0,1,1,0,,,,1955-08-20,1955-08-20
344318104043501,06N.27E.21.444443,NWIS_NM,34.72,-104.07,GW,1,0,1,1,0,,,,1955-08-24,1955-08-24
344755105054801,07N.17E.26.442,NWIS_NM,34.79,-105.09,SP,1,0,1,1,0,,,,1955-04-12,1955-04-12
344917103581801,07N.28E.21.224141,NWIS_NM,34.82,-103.97,GW,1,0,1,1,0,,,,1955-08-25,1955-08-25
344921104395701,07N.21E.24.122,NWIS_NM,34.82,-104.66,SP,1,0,1,1,0,,,,1955-05-23,1955-05-23
345354104171301,08N.25E.22.313 VALENCIA SP,NWIS_NM,34.89,-104.28,SP,1,0,1,1,0,,,,1955-02-12,1955-02-12
345625104404301,08N.21E.02.434 Park Lake,NWIS_NM,34.94,-104.67,SP,1,0,1,1,0,,,,1955-06-28,1955-06-28
345755104411901,09N.21E.35.131A,NWIS_NM,34.96,-104.68,SP,1,1,1,1,0,2230.0,2230.0,2230.0,1954-12-16,1954-12-16
351254104405101,Anton Chico Grant,NWIS_NM,35.21,-104.68,SP,1,0,1,1,0,,,,1955-09-27,1955-09-27
325245104281701,16S.25E.34.233,NWIS_NM,32.87,-104.47,GW,1,0,1,1,0,,,,1955-06-24,1955-06-24
325452104251101,16S.26E.19.211A Parker,NWIS_NM,32.91,-104.42,GW,2,0,2,2,0,,,,1955-07-07,1956-08-22
325321104230801,16S.26E.28.431A R Horner,NWIS_NM,32.88,-104.38,GW,5,0,5,5,0,,,,1955-07-07,1959-03-03
325308104230801,16S.26E.33.211 Coleman,NWIS_NM,32.88,-104.38,GW,2,0,2,2,0,,,,1955-06-07,1958-08-12
324944104322901,17S.24E.13.344,NWIS_NM,32.82,-104.54,GW,1,0,1,1,0,,,,1955-06-06,1955-06-06
325034104302401,17S.25E.08.433 ART.P.S.,NWIS_NM,32.84,-104.5,GW,1,0,1,1,0,,,,1955-06-06,1955-06-06
325046104295501,17S.25E.08.442,NWIS_NM,32.84,-104.49,GW,1,1,1,1,0,776.0,776.0,776.0,1955-06-06,1955-06-06
325125104261801,17S.25E.12.12 COLLINS J,NWIS_NM,32.85,-104.44,GW,1,0,1,1,0,,,,1955-04-25,1955-04-25
325101104221002,17S.26E.10.433B SULLIVAN,NWIS_NM,32.84,-104.36,GW,1,0,1,1,0,,,,1955-09-07,1955-09-07
325031104210702,17S.26E.14.21B G.Sharp,NWIS_NM,32.84,-104.36,GW,1,0,1,1,0,,,,1954-11-08,1954-11-08
324914104213901,17S.26E.22.24 H.L.GREER,NWIS_NM,32.82,-104.36,GW,1,0,1,1,0,,,,1954-11-08,1954-11-08
324914104213801,17S.26E.23.13 G DUNCAN,NWIS_NM,32.82,-104.35,GW,1,0,1,1,0,,,,1954-11-08,1954-11-08
325058104190301,17S.27E.07.23 E.P.BLACK,NWIS_NM,32.85,-104.31,GW,1,0,1,1,0,,,,1954-11-08,1954-11-08
324131104233901,19S.26E.04.311 HEAVENHILL,NWIS_NM,32.68,-104.39,GW,1,0,1,1,0,,,,1955-08-31,1955-08-31
323615104221301,20S.26E.03.322 Windmill,NWIS_NM,32.6,-104.37,GW,1,0,1,1,0,,,,1955-06-01,1955-06-01
323615104245701,20S.26E.06.412 MOUTRAY,NWIS_NM,32.6,-104.41,GW,2,0,2,2,0,,,,1955-08-03,1955-08-03
323402104214203,20S.26E.22.222 GRNWDS CORRAL,NWIS_NM,32.56,-104.36,GW,9,0,9,9,0,,,,1954-10-18,1956-01-28
323311104110401,20S.28E.21.343 ANGEL SOUTH,NWIS_NM,32.55,-104.18,GW,1,0,1,1,0,,,,1955-06-21,1955-06-21
322931104380601,21S.23E.07.32 TATEMAN,NWIS_NM,32.49,-104.64,GW,1,0,1,1,0,,,,1954-10-26,1954-10-26
322925104242801,21S.25E.29.331 COX DOMESTIC,NWIS_NM,32.44,-104.42,GW,1,0,1,1,0,,,,1955-09-29,1955-09-29
322917104184401,21S.26E.08.43,NWIS_NM,32.48,-104.31,GW,1,0,1,1,0,,,,1955-08-31,1955-08-31
322745104193001,21S.26E.19.423 EATON DOM well,NWIS_NM,32.46,-104.32,GW,1,0,1,1,0,,,,1955-09-29,1955-09-29
322757104191602,21S.26E.19.42 EATON,NWIS_NM,32.46,-104.32,GW,1,0,1,1,0,,,,1954-11-14,1954-11-14
322639104151101,21S.26E.36.1 CNTRY CLUB,NWIS_NM,32.43,-104.25,SP,1,0,1,1,0,,,,1955-04-18,1955-04-18
323509104165301,20S.27E.09.414A,NWIS_NM,32.58,-104.28,GW,6,0,6,6,0,,,,1955-09-22,1961-07-27
323509104170801,20S.27E.09.324 DAGGER DRAW,NWIS_NM,32.58,-104.28,GW,8,0,8,8,0,,,,1954-12-31,1955-07-26
325621105450201,16S.12E.06.322,NWIS_NM,32.93,-105.75,GW,1,2,1,1,0,434.0,445.0,439.5,1956-03-27,1956-03-27
325704105421202,16S.12E.03.142A,NWIS_NM,32.95,-105.7,GW,2,2,2,2,0,346.0,359.0,352.5,1956-03-20,1961-09-27
325707105422001,16S.12E.03.144,NWIS_NM,32.94,-105.7,SP,1,0,1,1,0,,,,1956-03-29,1956-03-29
325855105414801,15S.13E.29.144,NWIS_NM,32.98,-105.69,SP,1,2,1,1,0,333.0,349.0,341.0,1956-03-20,1956-03-20
325858105415801,15S.13E.29.144 Silver Spring,NWIS_NM,32.98,-105.69,SP,1,1,1,1,0,333.0,333.0,333.0,1956-03-20,1956-03-20
331149104541801,13S.20E.13.222,NWIS_NM,33.19,-104.9,GW,1,0,1,1,0,,,,1955-12-08,1955-12-08
331149104541802,13S.20E.13.222  A,NWIS_NM,33.19,-104.9,GW,1,0,1,1,0,,,,1955-11-26,1955-11-26
331852105082201,11S.18E.35.132,NWIS_NM,33.31,-105.13,GW,1,0,1,1,0,,,,1955-10-26,1955-10-26
331856104195301,11S.26E.34.343,NWIS_NM,33.31,-104.33,SP,1,0,1,1,0,,,,1956-06-14,1956-06-14
331935105021101,11S.19E.26.31120,NWIS_NM,33.32,-105.03,GW,1,0,1,1,0,,,,1955-10-10,1955-10-10
331940105071001,11S.18E.25.143,NWIS_NM,33.32,-105.11,GW,1,0,1,1,0,,,,1955-10-26,1955-10-26
332005105400201,11S.13E.22.34213,NWIS_NM,33.33,-105.66,GW,1,0,1,1,0,,,,1956-04-30,1956-04-30
332058104283601,11S.24E.23.12222 EAST SHAL,NWIS_NM,33.34,-104.47,GW,2,0,2,2,0,,,,1956-09-26,1957-09-13
332058104283602,11S.24E.23.122A WEST SHALLOW,NWIS_NM,33.34,-104.47,GW,2,0,2,2,0,,,,1956-09-26,1957-09-13
332059104282001,11S.24E.14.443,NWIS_NM,33.35,-104.47,GW,4,0,4,4,0,,,,1956-09-26,1959-03-04
332109104283201,11S.24E.14.313 near OASIS,NWIS_NM,33.35,-104.48,GW,2,0,2,2,0,,,,1956-09-26,1957-09-13
332124104285001,11S.24E.14.32131,NWIS_NM,33.35,-104.48,GW,3,0,3,3,0,,,,1956-09-26,1957-09-27
332205104271901,11S.24E.12.414,NWIS_NM,33.36,-104.45,GW,2,0,2,2,0,,,,1956-09-25,1957-09-11
332207105422901,11S.13E.08.311,NWIS_NM,33.36,-105.7,GW,1,0,1,1,0,,,,1956-05-15,1956-05-15
332218104273304,11S.24E.12.233C PATTERSON S of HIWAY,NWIS_NM,33.37,-104.45,GW,2,0,2,2,0,,,,1956-09-25,1957-09-11
332257104273301,11S.24E.01.431 JP White CO,NWIS_NM,33.38,-104.45,GW,3,0,2,3,0,,,,1956-02-23,1957-07-31
332338104250601,10S.25E.32.44332 F PAYTON,NWIS_NM,33.39,-104.41,GW,3,0,3,3,0,,,,1956-09-25,1964-08-17
332350104330201,10S.25E.31.314 BUCHNER,NWIS_NM,33.39,-104.44,GW,3,0,3,3,0,,,,1956-02-26,1959-03-03
332456104285402,10S.24E.26.143A J NELSN,NWIS_NM,33.41,-104.48,GW,5,0,5,5,0,,,,1956-02-20,1963-03-06
332617104483401,10S.21E.16.222 PVACD,NWIS_NM,33.45,-104.82,GW,2,0,2,2,0,,,,1956-01-31,1956-03-15
332654104125901,10S.27E.17.142 Perrine,NWIS_NM,33.44,-104.21,GW,1,0,1,1,0,,,,1956-08-23,1956-08-23
332801104092001,10S.27E.01.3 Windmill,NWIS_NM,33.46,-104.15,GW,1,0,1,1,0,,,,1956-08-10,1956-08-10
332801105391601,10S.13E.02.31414,NWIS_NM,33.46,-105.65,GW,1,2,1,1,0,1330.0,1380.0,1355.0,1955-12-01,1955-12-01
333117105280501,09S.15E.15.331,NWIS_NM,33.52,-105.46,SP,1,0,1,1,0,,,,1955-10-06,1955-10-06
333345105112001,09S.18E.05.123 BLUEWATER SP,NWIS_NM,33.56,-105.18,SP,1,0,1,1,0,,,,1956-04-13,1956-04-13
333437105243801,Lincoln National Forest Lower Padilla Spring,NWIS_NM,33.57,-105.41,SP,1,0,1,1,0,,,,1956-05-08,1956-05-08
333524105283201,08S.15E.28.211,NWIS_NM,33.59,-105.47,GW,1,0,1,1,0,,,,1956-03-06,1956-03-06
333525105245501,08S.16E.30.342 PADILLA?,NWIS_NM,33.59,-105.41,SP,1,0,1,1,0,,,,1956-05-08,1956-05-08
333545105253001,08S.15E.24.242 PEPPIN ?,NWIS_NM,33.59,-105.42,SP,1,0,1,1,0,,,,1956-05-08,1956-05-08
333605105250401,Lincoln National Forest Upper Padilla Spring,NWIS_NM,33.6,-105.41,SP,1,0,1,1,0,,,,1956-05-08,1956-05-08
334023103595001,07S.29E.29 Windmill,NWIS_NM,33.67,-103.99,GW,1,0,1,1,0,,,,1956-08-14,1956-08-14
334114103574501,07S.27E.19 WNDML near SPR,NWIS_NM,33.68,-103.96,GW,1,0,1,1,0,,,,1956-08-15,1956-08-15
335528104184001,04S.25E.28.444 S SP RIVR,NWIS_NM,33.92,-104.31,ST,1,0,1,1,0,,,,1956-02-26,1956-02-26
342634105242501,03N.15E.31.231,NWIS_NM,34.44,-105.4,GW,2,2,2,2,0,3690.0,3890.0,3790.0,1956-04-21,1956-04-21
342708105221803,03N.15E.28.441B,NWIS_NM,34.45,-105.37,GW,4,0,4,1,0,,,,1955-11-08,1956-04-21
342809105234501,03N.15E.20.310,NWIS_NM,34.46,-105.39,GW,1,0,1,1,0,,,,1956-04-04,1956-04-04
342826105240001,03N.15E.19.220,NWIS_NM,34.47,-105.4,GW,1,2,1,1,0,2930.0,3220.0,3075.0,1956-05-09,1956-05-09
324249104193201,18S.26E.25.444 PRC WEATHER,NWIS_NM,32.71,-104.32,GW,2,0,2,2,0,,,,1956-03-28,1956-03-29
323842104283101,19S.25E.22.314 TAYLOR ROSS,NWIS_NM,32.64,-104.47,GW,1,0,1,1,0,,,,1956-07-13,1956-07-13
323855104274401,19S.25E.23.133 TAYLOR ROSS,NWIS_NM,32.64,-104.46,GW,1,0,1,1,0,,,,1956-07-13,1956-07-13
323919104234101,19S.26E.20.222 R.I.FLOYD,NWIS_NM,32.65,-104.39,GW,1,0,1,1,0,,,,1956-07-13,1956-07-13
323318104301601,20S.25E.20.324,NWIS_NM,32.55,-104.5,GW,1,0,1,1,0,,,,1955-11-16,1955-11-16
323508104252801,20S.26E.07.332,NWIS_NM,32.58,-104.42,GW,1,0,1,1,0,,,,1955-11-16,1955-11-16
323402104232801,20S.26E.21.112 HERNANDEZ,NWIS_NM,32.56,-104.39,GW,1,0,1,0,0,,,,1956-05-18,1956-05-18
322850104192501,21S.26E.18.311 EATON N STOCK W,NWIS_NM,32.47,-104.33,GW,1,1,1,0,0,21.0,21.0,21.0,1955-10-12,1955-10-12
322639104154302,21S.26E.35.122B EM HOUSE,NWIS_NM,32.44,-104.26,GW,1,0,1,1,0,,,,1956-01-27,1956-01-27
325709105410501,16S.12E.02.231,NWIS_NM,32.95,-105.68,SP,1,0,1,1,0,,,,1957-08-07,1957-08-07
331316105165501,12S.17E.32.443,NWIS_NM,33.22,-105.28,GW,1,0,1,1,0,,,,1957-05-14,1957-05-14
331346105143001,12S.17E.35.141,NWIS_NM,33.22,-105.24,GW,1,0,1,1,0,,,,1957-05-14,1957-05-14
331629105101901,12S.18E.16.124,NWIS_NM,33.27,-105.17,GW,1,0,1,1,0,,,,1957-05-14,1957-05-14
331639105115901,12S.18E.18.221,NWIS_NM,33.27,-105.2,GW,3,0,2,2,0,,,,1957-05-14,1957-08-27
331642105181001,12S.17E.07.441,NWIS_NM,33.27,-105.3,GW,1,0,1,1,0,,,,1957-05-15,1957-05-15
331659105292101,12S.15E.08.443,NWIS_NM,33.28,-105.48,GW,1,0,1,1,0,,,,1957-05-09,1957-05-09
331802105140001,12S.17E.02.241,NWIS_NM,33.3,-105.23,GW,1,0,1,1,0,,,,1957-05-14,1957-05-14
331823104373401,11S.23E.33 well 1 WALKER AFB,NWIS_NM,33.3,-104.62,GW,1,2,1,1,0,658.0,669.0,663.5,1957-06-13,1957-06-13
331849105274501,11S.15E.34.142,NWIS_NM,33.31,-105.46,GW,1,0,1,1,0,,,,1957-05-09,1957-05-09
331928105115201,11S.18E.30.423,NWIS_NM,33.32,-105.19,GW,1,0,1,1,0,,,,1957-05-14,1957-05-14
332015105195901,11S.16E.24.331,NWIS_NM,33.33,-105.33,GW,1,0,1,1,0,,,,1957-05-09,1957-05-09
332030105214901,11S.16E.22.321,NWIS_NM,33.34,-105.36,GW,1,0,1,1,0,,,,1957-05-09,1957-05-09
332033105245901,11S.16E.19.144,NWIS_NM,33.34,-105.41,GW,1,0,1,1,0,,,,1957-05-09,1957-05-09
332124104292101,11S.24E.15.42131,NWIS_NM,33.35,-104.48,GW,1,0,1,1,0,,,,1957-05-01,1957-05-01
332142104205801,11S.25E.13.223,NWIS_NM,33.36,-104.34,SP,1,1,1,1,0,5490.0,5490.0,5490.0,1957-02-27,1957-02-27
332150105234001,11S.16E.08.344,NWIS_NM,33.36,-105.39,GW,1,0,1,1,0,,,,1957-05-09,1957-05-09
332152104211601,11S.25E.12.43 Spring 15,NWIS_NM,33.36,-104.35,SP,1,0,1,1,0,,,,1957-02-27,1957-02-27
332152104250801,11S.25E.08.434334 A5 PAYTON,NWIS_NM,33.36,-104.41,GW,1,0,1,1,0,,,,1957-06-04,1957-06-04
332152104250802,11S.25E.08.434A A6 PAYTON,NWIS_NM,33.36,-104.42,GW,1,0,1,1,0,,,,1957-06-04,1957-06-04
332206104245301,11S.25E.08.424,NWIS_NM,33.36,-104.41,GW,1,0,1,1,0,,,,1957-06-04,1957-06-04
332206104245302,11S.25E.08.424A,NWIS_NM,33.36,-104.41,GW,1,0,1,1,0,,,,1957-06-04,1957-06-04
332206104245303,11S.25E.08.424B A4,NWIS_NM,33.36,-104.41,GW,1,0,1,1,0,,,,1957-06-04,1957-06-04
332213104214201,11S.25E.12.111,NWIS_NM,33.37,-104.36,SP,1,0,1,1,0,,,,1957-02-27,1957-02-27
332230104273301,11S.24E.12.231,NWIS_NM,33.37,-104.45,GW,2,0,2,2,0,,,,1957-06-03,1960-08-25
332239105260001,11S.15E.12.112,NWIS_NM,33.37,-105.43,GW,2,0,2,2,0,,,,1957-05-09,1957-08-27
332243104274901,11S.24E.12.121 JP White,NWIS_NM,33.37,-104.46,GW,1,0,1,1,0,,,,1957-06-24,1957-06-24
332244104335901,11S.23E.01.433,NWIS_NM,33.37,-104.56,GW,1,0,1,1,0,,,,1957-05-01,1957-05-01
332307104251701,11S.25E.05.400,NWIS_NM,33.38,-104.42,SP,1,1,1,1,0,5790.0,5790.0,5790.0,1957-05-14,1957-05-14
332336104282101,11S.24E.02.21224 RA-73 JP,NWIS_NM,33.39,-104.47,GW,2,0,2,2,0,,,,1957-04-23,1959-03-06
332336104285001,11S.24E.02.121 JP White,NWIS_NM,33.39,-104.48,GW,1,0,1,1,0,,,,1957-06-25,1957-06-25
332337104283901,10S.24E.35.443 JP White,NWIS_NM,33.39,-104.47,GW,3,3,3,3,0,2960.0,5650.0,4653.3,1957-04-23,1957-05-13
332350104240601,10S.25E.33.432 JP White,NWIS_NM,33.39,-104.4,GW,2,2,2,2,0,3880.0,4010.0,3945.0,1956-12-17,1958-08-12
332350104240602,10S.25E.33.432422A #5A,NWIS_NM,33.39,-104.4,GW,1,0,1,1,0,,,,1956-12-27,1956-12-27
332350104242001,10S.25E.33.431422 JP White,NWIS_NM,33.39,-104.4,GW,3,2,3,3,0,10000.0,10200.0,10100.0,1956-12-27,1958-08-12
332350104243601,10S.25E.33.342311 JP White,NWIS_NM,33.39,-104.41,GW,2,0,2,2,0,,,,1956-12-27,1957-09-12
332350104245101,10S.25E.33.331 JP White,NWIS_NM,33.39,-104.41,GW,2,0,2,2,0,,,,1957-09-09,1958-08-12
332350104253801,10S.25E.32.332 FITZGRLD,NWIS_NM,33.39,-104.42,GW,1,0,1,1,0,,,,1957-06-04,1957-06-04
332350104253802,10S.25E.32.332A FITZGRL,NWIS_NM,33.39,-104.42,GW,1,0,1,1,0,,,,1957-06-04,1957-06-04
332350104255301,10S.25E.32.331 FITZGRLD,NWIS_NM,33.39,-104.43,GW,1,0,1,1,0,,,,1957-06-04,1957-06-04
332350104255302,10S.25E.32.331A FITZGRL,NWIS_NM,33.39,-104.43,GW,1,0,1,1,0,,,,1957-06-04,1957-06-04
332350104330202,10S.25E.31.314A BUCHNER,NWIS_NM,33.39,-104.44,GW,2,0,2,2,0,,,,1956-10-25,1957-06-24
332352104160601,10S.26E.35.324,NWIS_NM,33.39,-104.26,GW,1,0,1,1,0,,,,1957-04-24,1957-04-24
332442104273701,10S24E.25.431 H RUSSELL,NWIS_NM,33.41,-104.46,GW,2,0,2,2,0,,,,1956-10-25,1958-09-16
332457104085001,10S.27E.25.144 L E Ranch,NWIS_NM,33.41,-104.14,GW,1,0,1,1,0,,,,1957-04-23,1957-04-23
332509104151801,10S.26E.25.141,NWIS_NM,33.41,-104.25,GW,1,0,1,1,0,,,,1957-04-23,1957-04-23
332535104224801,10S.25E.23.331 SALVAGE,NWIS_NM,33.42,-104.38,GW,1,0,1,1,0,,,,1957-09-12,1957-09-12
332549104262302,10S.25E.19.411 L BROWN,NWIS_NM,33.43,-104.44,GW,1,0,1,1,0,,,,1957-01-21,1957-01-21
332605105080101,10S.18E.23.124,NWIS_NM,33.43,-105.13,GW,1,0,1,1,0,,,,1957-05-07,1957-05-07
332616104253801,10S.25E.17.334 OW BOX,NWIS_NM,33.43,-104.43,GW,1,0,1,1,0,,,,1957-05-01,1957-05-01
332628104294002,10S.24E.15.431A MARSHALL SAM,NWIS_NM,33.44,-104.49,GW,2,0,2,2,0,,,,1957-05-31,1958-01-29
332641104110901,10S.27E.15.32141 L E Ranch,NWIS_NM,33.44,-104.18,GW,1,0,1,1,0,,,,1957-04-23,1957-04-23
332704105024501,10S.19E.10.343,NWIS_NM,33.45,-105.04,GW,1,0,1,1,0,,,,1957-05-16,1957-05-16
332707104245201,10S.25E.17.222,NWIS_NM,33.45,-104.41,GW,1,0,1,1,0,,,,1957-01-21,1957-01-21
332708104184001,10S.26E.09.333,NWIS_NM,33.45,-104.31,GW,1,0,1,1,0,,,,1957-04-23,1957-04-23
332708104224801,10S.25E.11.33 BTR LKS,NWIS_NM,33.45,-104.37,GW,3,0,3,3,0,,,,1957-01-21,1959-03-04
332709104321402,10S.24E.08.333A IRALEE,NWIS_NM,33.45,-104.53,GW,3,2,3,3,0,1590.0,1630.0,1610.0,1957-06-18,1961-03-03
332716105115001,10S.18E.07.423,NWIS_NM,33.45,-105.19,GW,1,0,1,1,0,,,,1957-05-07,1957-05-07
332730104143101,10S.27E.07.331,NWIS_NM,33.45,-104.24,GW,1,0,1,1,0,,,,1957-04-23,1957-04-23
332733104165201,10S.26E.10.41231,NWIS_NM,33.45,-104.28,GW,1,0,1,1,0,,,,1957-04-23,1957-04-23
332800104321401,10S.24E.08.11111 STOCKTON,NWIS_NM,33.46,-104.53,GW,3,0,3,3,0,,,,1957-05-02,1960-08-23
332915105152201,09S.17E.34.212,NWIS_NM,33.48,-105.25,GW,1,0,1,1,0,,,,1957-05-08,1957-05-08
332921105143901,09S.17E.26.334,NWIS_NM,33.48,-105.24,GW,1,0,1,1,0,,,,1957-05-08,1957-05-08
332925105230901,09S.16E.28.33313,NWIS_NM,33.49,-105.38,GW,2,2,2,2,0,1020.0,1100.0,1060.0,1957-09-12,1961-08-26
332945104255501,09S.25E.31. US F&W,NWIS_NM,33.49,-104.43,GW,1,0,1,1,0,,,,1957-04-23,1957-04-23
332945105073001,09S.18E.25.334,NWIS_NM,33.49,-105.12,GW,1,0,1,1,0,,,,1957-05-08,1957-05-08
332946104290101,09S.24E.34.2,NWIS_NM,33.49,-104.48,GW,1,0,1,1,0,,,,1957-01-21,1957-01-21
333017105190301,09S.16E.25.222,NWIS_NM,33.5,-105.31,GW,1,0,1,1,0,,,,1957-05-10,1957-05-10
333019105024301,09S.19E.27.213,NWIS_NM,33.5,-105.04,GW,1,0,1,1,0,,,,1957-05-16,1957-05-16
333125105084801,09S.18E.15.43212,NWIS_NM,33.52,-105.14,GW,1,0,1,1,0,,,,1957-05-08,1957-05-08
333230105101101,09S.18E.09.314442,NWIS_NM,33.54,-105.17,GW,1,0,1,1,0,,,,1957-05-08,1957-05-08
333238105223001,09S.16E.09.214,NWIS_NM,33.54,-105.37,GW,1,0,1,1,0,,,,1957-05-10,1957-05-10
333650104310401,08S.24E.16.33333 PVACD,NWIS_NM,33.61,-104.51,GW,1,0,1,1,0,,,,1957-07-16,1957-07-16
333755104312101,08S.24E.08.432 BUCK S#7,NWIS_NM,33.63,-104.52,GW,1,0,1,1,0,,,,1957-08-29,1957-08-29
333927104183201,07S.26E.32.444 6 MI DRAW,NWIS_NM,33.65,-104.31,SP,1,0,1,1,0,,,,1956-10-13,1956-10-13
334416104183401,07S.26E.04.133,NWIS_NM,33.73,-104.3,GW,1,0,1,1,0,,,,1956-10-13,1956-10-13
335532104450901,04S.21E.33.111 PVACD,NWIS_NM,33.92,-104.75,GW,1,2,1,1,0,2020.0,2130.0,2075.0,1957-06-17,1957-06-17
325639104305201,16S.25E.08.111 Pearson,NWIS_NM,32.94,-104.51,GW,1,0,1,1,0,,,,1957-04-30,1957-04-30
325455104284801,16S.25E.15.333 C Manda,NWIS_NM,32.91,-104.48,GW,1,0,1,1,0,,,,1957-04-30,1957-04-30
325452104251102,16S.26E.19.211B Salvage,NWIS_NM,32.91,-104.42,GW,1,0,1,1,0,,,,1957-09-18,1957-09-18
325229104251101,16S.26E.31.431 Sammons,NWIS_NM,32.87,-104.42,GW,1,0,1,1,0,,,,1957-04-30,1957-04-30
325256104213501,16S.26E.35.113A Fulton,NWIS_NM,32.88,-104.36,GW,2,0,2,2,0,,,,1957-04-30,1964-03-19
325308104134101,16S.27E.36.212 Diamond A,NWIS_NM,32.88,-104.22,GW,1,0,1,1,0,,,,1957-05-01,1957-05-01
325110104254601,17S.26E.07.131 COLLINS,NWIS_NM,32.85,-104.42,GW,1,0,1,1,0,,,,1957-04-30,1957-04-30
324952104174601,17S.27E.17.423 RVRSD STA,NWIS_NM,32.83,-104.29,GW,1,0,1,1,0,,,,1957-04-30,1957-04-30
324903104091901,17S.28E.22.442 Diamond A,NWIS_NM,32.81,-104.15,GW,1,0,1,1,0,,,,1957-04-30,1957-04-30
324521104213401,18S.26E.10. OIL TEST,NWIS_NM,32.75,-104.35,GW,1,0,1,1,0,,,,1957-04-23,1957-04-23
324627104110401,18S.28E.04.341 IBEX OIL CO,NWIS_NM,32.77,-104.18,GW,1,0,1,1,0,,,,1957-04-30,1957-04-30
323126104143401,20S.27E.35. NEW WNDML,NWIS_NM,32.52,-104.24,GW,1,0,1,1,0,,,,1957-01-24,1957-01-24
320720103112601,25S.37E.20.11,NWIS_NM,32.12,-103.19,GW,1,0,1,1,0,,,,1958-09-08,1958-09-08
322449103133401,22S.36E.02.444,NWIS_NM,32.41,-103.22,GW,1,0,1,1,0,,,,1958-09-09,1958-09-09
322629103103001,21S.37E.33.111,NWIS_NM,32.44,-103.17,GW,1,0,1,1,0,,,,1958-09-09,1958-09-09
323040103322801,21S.33E.02.231,NWIS_NM,32.51,-103.54,GW,1,0,1,1,0,,,,1958-09-04,1958-09-04
323309104241201,20S.26E.29 WILLSHIRE OIL TEST,NWIS_NM,32.55,-104.4,GW,6,0,6,6,0,,,,1957-10-02,1958-04-15
324807104205101,17S.26E.26.441 ANDEY,NWIS_NM,32.8,-104.34,GW,1,0,1,1,0,,,,1958-09-16,1958-09-16
325644104213301,18S.26E.02.111113,NWIS_NM,32.94,-104.35,GW,5,0,5,2,0,,,,1958-08-12,1961-09-15
331925104274901,11S.24E.25.341,NWIS_NM,33.32,-104.46,GW,2,0,2,2,0,,,,1958-08-14,1961-08-29
331953104310902,11S.24E.28.113B SKINNER SALVAGE,NWIS_NM,33.33,-104.52,GW,1,0,1,1,0,,,,1958-09-16,1958-09-16
332019104283501,11S.24E.23.413,NWIS_NM,33.33,-104.47,GW,1,0,1,1,0,,,,1958-09-05,1958-09-05
332046104273301,11S.24E.24.213 J KELLY,NWIS_NM,33.34,-104.45,GW,3,0,3,3,0,,,,1958-08-14,1963-03-05
332059104285001,11S.24E.14.343,NWIS_NM,33.35,-104.48,GW,2,0,2,2,0,,,,1958-09-05,1960-08-24
332125104290701,11S.24E.15.244,NWIS_NM,33.35,-104.48,GW,1,0,1,1,0,,,,1958-08-06,1958-08-06
332137104303901,11S.24E.16.142 #12 Roswell,NWIS_NM,33.36,-104.51,GW,2,2,2,2,0,1060.0,1110.0,1085.0,1957-11-30,1963-08-06
332257104275001,11S.24E.01.332 White CO,NWIS_NM,33.38,-104.46,GW,3,0,3,3,0,,,,1958-09-16,1960-02-29
332349104355301,10S.23E.34.432A RSWL 11,NWIS_NM,33.39,-104.6,GW,7,4,7,7,0,989.0,1080.0,1027.2,1957-11-30,1964-08-06
332350104320001,10S.24E.32.314 Roswell,NWIS_NM,33.39,-104.53,GW,3,4,3,3,0,1230.0,1310.0,1275.0,1957-11-30,1964-08-06
332417104305801,10S.24E.33.114 Roswell,NWIS_NM,33.4,-104.52,GW,4,4,4,4,0,1340.0,1450.0,1395.0,1957-11-30,1963-08-06
332430104284001,10S.24E.26.344 ROSWell,NWIS_NM,33.41,-104.48,GW,4,2,4,4,0,2100.0,2190.0,2145.0,1957-11-30,1960-08-23
332430104321601,10S.24E.30.444 ROSWell,NWIS_NM,33.41,-104.54,GW,3,1,3,3,0,1270.0,1270.0,1270.0,1958-09-23,1961-08-02
332537104262301,10S.25E.19.413 C GLASS,NWIS_NM,33.42,-104.44,GW,2,0,1,2,0,,,,1958-08-24,1959-08-04
332629104233401,10S.25E.15.323 TR-3,NWIS_NM,33.44,-104.39,GW,2,0,2,2,0,,,,1958-04-05,1958-08-11
332642104124301,10S.27E.17.234 Perrine house well,NWIS_NM,33.44,-104.21,GW,1,0,1,1,0,,,,1958-01-30,1958-01-30
332642104321401,10S.24E.17.133 J.WAGNER,NWIS_NM,33.44,-104.53,GW,1,0,1,1,0,,,,1958-09-08,1958-09-08
332654104252301,10S.25E.17.142 SALVAGE,NWIS_NM,33.44,-104.42,GW,1,0,1,1,0,,,,1957-10-07,1957-10-07
332722104314501,10S.24E.08.324 HRDCSTL,NWIS_NM,33.45,-104.53,GW,1,0,1,1,0,,,,1958-07-02,1958-07-02
332925104343401,09S.23E.36.133111,NWIS_NM,33.49,-104.57,GW,13,2,11,13,0,2230.0,2450.0,2340.0,1958-08-13,1970-08-17
333040104291701,09S.24E.22.434 JPMcLEAN,NWIS_NM,33.51,-104.48,GW,3,0,3,3,0,,,,1958-08-13,1959-08-03
333344104320501,09S.24E.05.311 L SHORTR,NWIS_NM,33.56,-104.53,GW,3,0,3,3,0,,,,1958-08-13,1959-08-03
333428104482801,08S.21E.34.24 P THOMPSN,NWIS_NM,33.57,-104.8,GW,1,0,1,1,0,,,,1958-03-28,1958-03-28
333430104552001,08S.20E.35.333,NWIS_NM,33.57,-104.92,GW,1,0,1,1,0,,,,1958-04-04,1958-04-04
333902104313501,08S.24E.05.233 J CORN,NWIS_NM,33.65,-104.52,GW,5,0,5,5,0,,,,1958-08-13,1959-08-03
333928104245401,07S.25E.32.434 SACRARANC,NWIS_NM,33.65,-104.42,GW,5,2,5,5,0,5260.0,5670.0,5465.0,1958-08-13,1959-05-25
334636104343201,06S.23E.24.31 BRUNSON WL,NWIS_NM,33.77,-104.57,GW,1,0,1,1,0,,,,1958-04-03,1958-04-03
342024104124101,01N.26E.04.23311,NWIS_NM,34.34,-104.21,GW,1,2,1,1,0,1670.0,1700.0,1685.0,1958-02-12,1958-02-12
342338104132001,02N.26E.28.122 Grizzle,NWIS_NM,34.39,-104.22,GW,1,2,1,1,0,3110.0,3260.0,3185.0,1958-02-12,1958-02-12
342338104140701,02N.26E.29.221111 Vaughan,NWIS_NM,34.39,-104.23,GW,1,2,1,1,0,1350.0,1390.0,1370.0,1958-02-13,1958-02-13
325640104302101,16S.25E.05.433 Pearson,NWIS_NM,32.94,-104.5,GW,4,0,4,4,0,,,,1958-08-11,1961-07-01
325625104235401,16S.26E.08.223 Johnson,NWIS_NM,32.94,-104.39,GW,5,0,4,5,0,,,,1958-08-12,1959-03-03
325612104233901,16S.26E.09.133 Taylor,NWIS_NM,32.93,-104.39,GW,3,0,3,3,0,,,,1958-09-09,1985-08-12
325505104210501,16S.26E.14.342Hal Bogle,NWIS_NM,32.91,-104.35,GW,5,0,5,5,0,,,,1958-08-12,1961-09-05
325401104244101,16S.26E.20.333 Ava Buel,NWIS_NM,32.9,-104.41,GW,4,0,4,4,0,,,,1958-08-12,1959-08-06
325321104233901,16S.26E.28.331 Homer,NWIS_NM,32.88,-104.39,GW,2,0,2,2,0,,,,1958-09-17,1959-03-03
325217104213501,16S.26E.35.,NWIS_NM,32.87,-104.36,SP,1,0,1,1,0,,,,1958-08-12,1958-08-12
325256104213502,16S.26E.35.113B Coleman,NWIS_NM,32.88,-104.36,GW,4,0,4,4,0,,,,1958-08-12,1959-03-03
325032104224001,17S.26E.10.333 A.B.HARRIS,NWIS_NM,32.84,-104.37,GW,5,0,5,2,0,,,,1958-08-12,1959-08-06
325032104224002,17S.26E.10.333A HARRIS,NWIS_NM,32.84,-104.37,GW,5,0,5,5,0,,,,1958-08-12,1959-08-06
324741104244401,17S.26E.32.131 SHERRAL,NWIS_NM,32.79,-104.41,GW,4,0,4,3,0,,,,1958-08-12,1959-08-06
324703104232601,17S.26E.33.343,NWIS_NM,32.78,-104.39,GW,3,0,2,3,0,,,,1958-08-11,1959-03-03
324547104240601,18S.26E.08.233 CHUMBLEY,NWIS_NM,32.76,-104.4,GW,4,0,4,4,0,,,,1958-08-12,1959-03-03
324533104223401,18S.26E.10.331 AARON&JOHNSON,NWIS_NM,32.75,-104.37,GW,2,0,2,2,0,,,,1958-08-12,1958-09-09
324431104204801,18S.26E.14.443 FANNING,NWIS_NM,32.74,-104.34,GW,4,0,4,4,0,,,,1958-08-12,1959-08-06
324522104245301,18S.26E.18.212 T.VANDEVEER,NWIS_NM,32.75,-104.41,GW,6,0,6,6,0,,,,1958-09-09,1964-08-05
324223104222001,18S.26E.34.312,NWIS_NM,32.7,-104.37,GW,3,0,3,3,0,,,,1958-08-12,1961-09-15
325035104210501,17S.26E.11.433,NWIS_NM,32.84,-104.35,GW,5,0,5,5,0,,,,1958-08-12,1970-08-19
08383000,"Pecos River atSanta Rosa,  N Mex",NWIS_NM,34.94,-104.69,ST,789,18,101,70,0,239.0,2500.0,1444.9,1959-08-31,1998-09-10
320250103184501,26S.35E.13.222,NWIS_NM,32.05,-103.31,GW,1,0,1,1,0,,,,1958-12-12,1958-12-12
322653103213301,21S.35E.27.321,NWIS_NM,32.44,-103.35,GW,1,0,0,1,0,,,,1958-12-08,1958-12-08
323429104194201,20S.27E.18.311 OIL TEST,NWIS_NM,32.57,-104.32,GW,5,0,5,5,0,,,,1959-09-28,1959-09-28
323509104211201,20S.26E.11.413,NWIS_NM,32.58,-104.35,GW,57,0,57,56,0,,,,1959-01-27,1962-06-19
324035103340001,19S.34E.09.114,NWIS_NM,32.67,-103.56,GW,1,1,1,1,0,3680.0,3680.0,3680.0,1958-12-09,1958-12-09
324046103464101,19S.32E.08.2,NWIS_NM,32.67,-103.78,GW,1,1,1,1,0,426.0,426.0,426.0,1958-12-10,1958-12-10
324319103255601,18S.35E.26.11,NWIS_NM,32.72,-103.43,GW,1,0,1,1,0,,,,1958-11-13,1958-11-13
324503103272901,18S.35E.16.211,NWIS_NM,32.75,-103.46,GW,1,0,1,1,0,,,,1958-11-13,1958-11-13
325355103472001,16S.32E.20.332,NWIS_NM,32.9,-103.79,GW,1,0,0,1,0,,,,1959-07-23,1959-07-23
325554103470501,16S.32E.08.14,NWIS_NM,32.93,-103.79,GW,1,0,1,1,0,,,,1958-11-14,1958-11-14
331925104293601,11S.24E.27.431 M TWEEDY,NWIS_NM,33.32,-104.49,GW,1,0,1,1,0,,,,1959-08-05,1959-08-05
332013104294901,11S.24E.22.34444,NWIS_NM,33.33,-104.49,GW,2,0,2,2,0,,,,1959-03-05,1970-03-13
332019104282101,11S.24E.23.414,NWIS_NM,33.33,-104.47,GW,1,0,1,1,0,,,,1959-03-05,1959-03-05
332045104300701,11S.24E.22.131,NWIS_NM,33.34,-104.5,GW,1,0,1,1,0,,,,1959-03-05,1959-03-05
332205104303801,11S.24E.09.413,NWIS_NM,33.36,-104.51,GW,1,0,1,1,0,,,,1959-03-03,1959-03-03
332231104271801,11S.24E.12.223,NWIS_NM,33.37,-104.45,GW,1,0,1,1,0,,,,1959-08-05,1959-08-05
332244104285101,11S.24E.02.334,NWIS_NM,33.38,-104.48,GW,1,0,1,1,0,,,,1959-08-05,1959-08-05
332407104314501,10S.24E.34.443 PVACD,NWIS_NM,33.39,-104.49,GW,3,0,3,3,0,,,,1959-08-05,1962-08-01
332430104294101,10S.24E.27.344 ROSWell,NWIS_NM,33.4,-104.49,GW,1,0,1,1,0,,,,1959-08-05,1959-08-05
332430104305801,10S.24E.28.332,NWIS_NM,33.41,-104.52,GW,1,0,1,1,0,,,,1959-03-03,1959-03-03
332510104255402,10S.25E.30.224A BLKWLL,NWIS_NM,33.42,-104.43,GW,2,0,2,2,0,,,,1959-01-13,1960-03-10
332641104291101,10S.24E.15.422 T E ELAM,NWIS_NM,33.44,-104.48,GW,3,0,3,3,0,,,,1959-08-04,1960-08-31
332642104273701,10S.24E.13.233,NWIS_NM,33.44,-104.45,GW,1,0,1,1,0,,,,1959-03-03,1959-03-03
332654104292601,10S.24E.15.232 F WEBB,NWIS_NM,33.44,-104.49,GW,2,0,2,2,0,,,,1959-04-02,1959-08-04
332815104305701,10S.24E.04.323 GLENALTO,NWIS_NM,33.47,-104.51,GW,2,0,2,2,0,,,,1959-01-12,1962-08-01
332840104324601,10S.24E.06.142 HEINHOLD,NWIS_NM,33.47,-104.55,GW,1,0,1,1,0,,,,1959-08-04,1959-08-04
332854104260101,09S.25E.31.443,NWIS_NM,33.48,-104.43,GW,2,0,2,2,0,,,,1958-11-06,1961-09-14
332921104313401,09S.24E.32.233324 F MARTIN,NWIS_NM,33.48,-104.52,GW,1,2,1,1,0,1450.0,1520.0,1485.0,1959-05-27,1959-05-27
333052104305201,09S.24E.19.332 R CORN,NWIS_NM,33.51,-104.55,GW,3,0,3,3,0,,,,1959-01-12,1960-08-22
333053104313401,09S.24E.20.413 R MESSAR,NWIS_NM,33.51,-104.52,GW,2,2,2,2,0,3080.0,3410.0,3245.0,1959-05-26,1960-04-05
333145104283001,09S.24E.14.34222 B PETTY,NWIS_NM,33.52,-104.47,GW,3,2,3,3,0,3060.0,3230.0,3145.0,1959-05-28,1961-06-07
333221105320301,09S.14E.12.314,NWIS_NM,33.53,-105.53,GW,1,0,1,1,0,,,,1959-02-19,1959-02-19
333225104284501,09S.24E.14.121 WIGGINS,NWIS_NM,33.54,-104.47,GW,2,2,2,2,0,2380.0,2510.0,2445.0,1959-05-29,1960-04-04
333252104290001,09S.24E.11.133 B PETTY,NWIS_NM,33.54,-104.48,GW,3,2,3,3,0,2430.0,2590.0,2510.0,1959-05-28,1962-08-06
333304104284501,09S.24E.11.141 B PETTY,NWIS_NM,33.55,-104.47,GW,4,2,4,4,0,2890.0,3180.0,3035.0,1959-05-21,1962-08-06
333304104303301,09S.24E.09.231 J CONNER,NWIS_NM,33.55,-104.5,GW,1,0,1,1,0,,,,1959-08-03,1959-08-03
333304104303401,09S.24E.09.142,NWIS_NM,33.55,-104.51,GW,1,0,1,1,0,,,,1959-01-12,1959-01-12
333332104281401,09S.24E.02.42312 WIGGINS,NWIS_NM,33.55,-104.47,GW,5,2,5,5,0,3690.0,4030.0,3860.0,1959-05-28,1962-08-06
333332104315101,09S.24E.05.314 L SHORTR,NWIS_NM,33.55,-104.53,GW,3,2,3,3,0,2690.0,2790.0,2740.0,1959-05-26,1963-08-20
333345104315101,09S.24E.05.134 SHORTRID,NWIS_NM,33.56,-104.53,GW,5,2,5,5,0,2800.0,3160.0,2980.0,1959-05-26,1963-08-20
333411104310401,08S.24E.33.33311 SANCHEZ,NWIS_NM,33.56,-104.51,GW,3,2,3,3,0,2290.0,2380.0,2335.0,1959-05-26,1963-08-20
333437104313501,08S.24E.32.411 O White,NWIS_NM,33.57,-104.52,GW,3,2,3,3,0,2160.0,2320.0,2240.0,1959-05-21,1962-08-08
333447104265001,08S.25E.31.131,NWIS_NM,33.58,-104.44,GW,5,2,5,5,0,6280.0,6660.0,6470.0,1959-05-25,1970-08-25
333503104322201,08S.24E.31.221 O White,NWIS_NM,33.58,-104.53,GW,3,2,3,3,0,2450.0,2670.0,2560.0,1959-05-26,1960-08-16
333504104293201,08S.24E.27.433431 C PATTON,NWIS_NM,33.58,-104.49,GW,8,3,8,8,0,2610.0,3100.0,2873.3,1959-05-26,1964-08-05
333517104303401,08S.24E.28.413321 D PATTON,NWIS_NM,33.58,-104.5,GW,3,2,3,3,0,1940.0,2160.0,2050.0,1959-05-26,1963-08-20
333517104312101,08S.24E.29.414 SPURRIER,NWIS_NM,33.58,-104.52,GW,2,2,2,2,0,1850.0,1980.0,1915.0,1959-05-26,1960-04-05
333556104300401,08S.24E.28.222431 BREWTON,NWIS_NM,33.59,-104.5,GW,2,2,2,2,0,2920.0,3260.0,3090.0,1959-05-26,1960-04-05
333557104293201,08S.24E.22.43313 DOYLE,NWIS_NM,33.59,-104.49,GW,3,2,3,3,0,3380.0,3780.0,3580.0,1959-05-26,1961-08-09
333609104294701,08S.24E.22.341314 BREWTON,NWIS_NM,33.6,-104.49,GW,3,2,3,3,0,3520.0,3810.0,3665.0,1959-05-27,1961-08-09
333609104310601,08S.24E.20.44223 C CORN,NWIS_NM,33.6,-104.51,GW,2,2,2,2,0,4060.0,4230.0,4145.0,1959-05-26,1960-04-05
333628104313701,08S.24E.20.233113,NWIS_NM,33.6,-104.52,GW,3,2,3,3,0,4220.0,4490.0,4355.0,1959-05-26,1970-08-25
333636104291801,08S.24E.22.232423 J CORN,NWIS_NM,33.61,-104.48,GW,1,2,1,1,0,6840.0,7330.0,7085.0,1959-05-26,1959-05-26
333636104294701,08S.24E.22.142113 J CORN,NWIS_NM,33.61,-104.49,GW,3,2,3,3,0,4140.0,4320.0,4230.0,1959-05-26,1960-09-16
333648104360501,08S.23E.15.433 H CORN,NWIS_NM,33.61,-104.6,GW,2,2,2,2,0,2230.0,2360.0,2295.0,1959-05-27,1962-08-21
333716104315101,08S.24E.17.143 P CORN,NWIS_NM,33.62,-104.53,GW,1,2,1,1,0,4230.0,4500.0,4365.0,1959-05-27,1959-05-27
333716104323701,08S.24E.18.233 CHAVES,NWIS_NM,33.62,-104.54,GW,3,2,3,3,0,2850.0,3130.0,2990.0,1959-05-27,1960-09-16
333728104322201,08S.24E.18.241 P CORN,NWIS_NM,33.62,-104.54,GW,2,2,2,2,0,3590.0,3910.0,3750.0,1959-05-28,1960-04-05
333751104310801,08S.24E.09.331134,NWIS_NM,33.63,-104.51,GW,3,2,3,3,0,4390.0,4630.0,4510.0,1959-05-26,1970-08-31
333755104334401,08S.23E.12.42323,NWIS_NM,33.63,-104.56,GW,3,3,3,3,0,2680.0,3160.0,2876.7,1959-05-27,1964-08-04
333756104322201,08S.24E.07.423 E CORN,NWIS_NM,33.63,-104.53,GW,2,2,2,2,0,3680.0,4040.0,3860.0,1959-05-27,1960-04-05
333834104322601,08S.24E.07.111 H CORN,NWIS_NM,33.64,-104.55,GW,2,2,2,2,0,1690.0,1890.0,1790.0,1959-05-21,1964-08-04
333834104325301,08S.24E.07.121 H CORN,NWIS_NM,33.64,-104.55,GW,3,2,3,3,0,2900.0,3130.0,3015.0,1959-05-27,1960-09-16
333900104340001,08S.23E.01.322 P CORN,NWIS_NM,33.64,-104.56,GW,3,3,3,3,0,2230.0,2620.0,2383.3,1959-05-27,1964-08-04
333902104315101,08S.24E.05.143 J CORN,NWIS_NM,33.65,-104.53,GW,2,2,2,2,0,3630.0,3840.0,3735.0,1959-05-27,1960-04-05
334032104200101,07S.26E.30.431 BLANTON,NWIS_NM,33.67,-104.33,GW,2,2,2,2,0,6010.0,6740.0,6375.0,1959-05-25,1960-04-06
334136104344601,07S.23E.23.243 J CORN,NWIS_NM,33.69,-104.57,GW,3,2,3,3,0,2200.0,3060.0,2630.0,1959-05-27,1964-08-04
334138104322601,07S.24E.19.133 J HAVENS,NWIS_NM,33.69,-104.55,GW,2,0,2,2,0,,,,1959-08-03,1959-08-03
334138104325001,07S.24E.19.143,NWIS_NM,33.69,-104.55,GW,1,0,1,1,0,,,,1959-01-12,1959-01-12
334139104194601,07S.26E.19.243 BLANTON,NWIS_NM,33.69,-104.33,GW,2,2,2,2,0,4550.0,4880.0,4715.0,1959-05-25,1960-04-06
334139104344201,07S.23E.23.244,NWIS_NM,33.69,-104.57,GW,4,0,4,4,0,,,,1959-01-12,1970-07-25
334203104322601,07S.24E.19.1. HAVINS,NWIS_NM,33.69,-104.55,GW,2,2,2,2,0,3480.0,3660.0,3570.0,1959-05-27,1960-04-06
334416104181801,07S.26E.04.312 W MARTIN,NWIS_NM,33.73,-104.3,GW,1,2,1,1,0,5370.0,5730.0,5550.0,1959-05-21,1959-05-21
334429104193101,07S.26E.06.242 NEWTON,NWIS_NM,33.73,-104.32,GW,2,2,2,2,0,2670.0,2880.0,2775.0,1959-05-28,1960-04-06
334439104320401,06S.24E.31.43343 EL PASO N,NWIS_NM,33.74,-104.53,GW,1,2,1,1,0,5220.0,5730.0,5475.0,1959-05-27,1959-05-27
334553104292901,06S.24E.27.233 BRUNSON,NWIS_NM,33.76,-104.49,GW,2,2,2,2,0,1180.0,1240.0,1210.0,1959-05-28,1960-04-06
340438104324201,03S.23E.05.243 JW Kilgo,NWIS_NM,34.07,-104.54,GW,1,2,1,1,0,2890.0,3080.0,2985.0,1958-12-03,1958-12-03
344130103424001,05N.30E.01.212233,NWIS_NM,34.69,-103.71,GW,1,2,1,1,0,294.0,299.0,296.5,1958-12-10,1958-12-10
344354103590301,06N.28E.21.132441,NWIS_NM,34.73,-103.98,GW,1,0,0,1,0,,,,1958-12-09,1958-12-09
324211104223401,18S.26E.34.313,NWIS_NM,32.7,-104.38,GW,2,0,2,2,0,,,,1959-01-21,1959-03-03
323416104224201,20S.26E.15.313 TEST well,NWIS_NM,32.57,-104.37,GW,53,0,52,53,0,,,,1959-01-27,1962-10-03
08400500,"Lake McMillian near Lakewood, N. Mex",NWIS_NM,32.59,-104.34,LK,136,15,133,136,0,3030.0,6750.0,4539.3,1959-10-07,1979-05-01
08401000,"Pecos River below McMillian Dam, N Mex",NWIS_NM,32.59,-104.35,ST,195,3,37,38,0,4920.0,6620.0,5610.0,1960-04-07,1979-04-25
08405000,"Pecos River at Carlsbad , N Mex",NWIS_NM,32.41,-104.21,ST,530,471,497,492,0,252.0,4680.0,2403.9,1959-10-01,1987-09-09
08405400,"Black River at Harkley near Malaga, N Mex",NWIS_NM,32.23,-104.19,ST,62,0,62,62,0,,,,1959-10-13,1966-12-07
324423105284701,18S.14E.14.410,NWIS_NM,32.74,-105.47,GW,1,0,1,1,0,,,,1960-03-23,1960-03-23
324543105273201,18S.14E.12.233,NWIS_NM,32.75,-105.46,GW,1,0,1,1,0,,,,1960-03-23,1960-03-23
330539105290401,14S.15E.16.320,NWIS_NM,33.09,-105.48,GW,1,1,1,1,0,465.0,465.0,465.0,1960-08-11,1960-08-11
330637105341701,14S.14E.10.310,NWIS_NM,33.11,-105.57,GW,1,1,1,1,0,441.0,441.0,441.0,1960-08-04,1960-08-04
331409105344301,12S.14E.28.432 Whitetail Spring,NWIS_NM,33.23,-105.57,SP,1,2,1,1,0,526.0,554.0,540.0,1960-09-29,1960-09-29
331508105395501,12S.13E.34.440,NWIS_NM,33.22,-105.65,GW,1,2,1,1,0,636.0,663.0,649.5,1960-09-29,1960-09-29
332257104275002,11S.24E.01.332A JP White CO,NWIS_NM,33.38,-104.46,GW,1,0,1,1,0,,,,1960-08-23,1960-08-23
332257104283501,11S.24E.02.431,NWIS_NM,33.38,-104.47,GW,1,0,1,1,0,,,,1960-02-23,1960-02-23
332258104275001,11S.24E.01.314,NWIS_NM,33.38,-104.46,GW,1,0,1,1,0,,,,1960-04-19,1960-04-19
332258104280401,11S.24E.01.31333 RA-42,NWIS_NM,33.38,-104.46,GW,1,0,1,1,0,,,,1960-04-19,1960-04-19
332311104280401,11S.24E.01.133 RA-?,NWIS_NM,33.38,-104.46,GW,1,0,1,1,0,,,,1960-04-19,1960-04-19
332351104250601,10S.25E.32.424333 OSW#2,NWIS_NM,33.39,-104.41,GW,4,7,4,4,0,21600.0,27200.0,23271.4,1960-08-19,1962-06-30
332431104250601,10S.25E.29.443333 PVACDOSW,NWIS_NM,33.4,-104.41,GW,4,8,4,4,0,8710.0,22700.0,13225.0,1960-07-18,1962-04-04
332456104324501,10S.24E.30.233 W CLARDY,NWIS_NM,33.41,-104.54,GW,1,0,1,1,0,,,,1960-03-18,1960-03-18
332522104282501,10S.24E.26.212 CITY SUP,NWIS_NM,33.42,-104.47,GW,1,0,1,1,0,,,,1960-08-23,1960-08-23
332535104301101,10S.24E.22.331 WAGNER,NWIS_NM,33.42,-104.5,GW,3,0,3,3,0,,,,1960-03-18,1963-08-05
332536104111001,10S.27E.22.332 US Army Corps of Engineers site K,NWIS_NM,33.42,-104.18,GW,1,0,1,0,0,,,,1960-05-02,1960-05-02
332616104294002,10S.24E.15.43A MARSHALL,NWIS_NM,33.43,-104.49,GW,1,0,1,1,0,,,,1960-03-03,1960-03-03
332628104295601,10S.24E.15.341A,NWIS_NM,33.44,-104.49,GW,1,0,1,1,0,,,,1960-08-23,1960-08-23
332640104294301,10S.24E.15.411 JW JONES,NWIS_NM,33.44,-104.49,GW,2,0,2,2,0,,,,1959-10-19,1970-08-27
333517104273001,08S.24E.25.324 US F&W,NWIS_NM,33.58,-104.45,GW,1,0,1,1,0,,,,1960-03-02,1960-03-02
333900104313601,08S.24E.05.233A J CORN,NWIS_NM,33.65,-104.52,GW,2,0,2,2,0,,,,1960-08-22,1961-03-10
344006103515401,05N.29E.09.42111,NWIS_NM,34.66,-103.86,GW,1,0,1,1,0,,,,1960-06-08,1960-06-08
325321104144201,16S.27E.26.432 Hitch #2,NWIS_NM,32.88,-104.24,GW,1,0,1,1,0,,,,1960-04-26,1960-04-26
324205104034101,18S.29E.34.3244 MCKEE,NWIS_NM,32.7,-104.06,GW,1,0,1,1,0,,,,1960-02-01,1960-02-01
324152104035601,18S.29E.34.334 MCKEE,NWIS_NM,32.69,-104.06,GW,1,0,1,1,0,,,,1960-02-01,1960-02-01
322640104141201,21S.26E.25.LOT8BLOCK10,NWIS_NM,32.44,-104.23,GW,1,0,1,1,0,,,,1960-01-25,1960-01-25
322640104141202,21S.26E.25.LOT9BLOCK10,NWIS_NM,32.44,-104.23,GW,1,0,1,1,0,,,,1960-01-25,1960-01-25
322640104144201,21S.26E.25.344 R LIGHT,NWIS_NM,32.44,-104.24,GW,1,0,1,1,0,,,,1960-06-17,1960-06-17
08401300,"Pecos River at Ford Crossing above Major Johnson Springs, N Mex",NWIS_NM,32.57,-104.38,ST,66,0,66,66,0,,,,1961-05-01,1969-06-03
320603104371801,25S.23E.29.411,NWIS_NM,32.09,-104.62,SP,1,1,1,1,0,416.0,416.0,416.0,1961-08-02,1961-08-02
320932104305001,25S.24E.05.421,NWIS_NM,32.15,-104.51,SP,1,0,1,1,0,,,,1961-09-15,1961-09-15
321055104273001,24S.24E.25.333 OAK Spring NO. 2,NWIS_NM,32.18,-104.45,SP,1,0,1,1,0,,,,1961-09-15,1961-09-15
322620104140801,21S.27E.31.131 CARLS #5,NWIS_NM,32.43,-104.23,SP,1,1,1,1,0,1150.0,1150.0,1150.0,1961-01-17,1961-01-17
322640104150301,21S.26E.25.334 CARLS.#16,NWIS_NM,32.44,-104.25,SP,1,1,1,1,0,2480.0,2480.0,2480.0,1961-01-18,1961-01-18
323216104214201,20S.26E.27.41343,NWIS_NM,32.53,-104.36,GW,1,1,1,1,0,2180.0,2180.0,2180.0,1961-02-26,1961-02-26
323509104211202,20S.26E.11.413A FED M7 HONDO,NWIS_NM,32.58,-104.35,GW,5,3,5,4,0,3430.0,8760.0,5920.0,1961-07-28,1961-10-15
325704105421201,16S.12E.03.142,NWIS_NM,32.95,-105.7,GW,1,0,1,1,0,,,,1961-09-27,1961-09-27
330410106255301,14S.15E.25.14,NWIS_NM,33.06,-105.43,GW,1,1,1,1,0,393.0,393.0,393.0,1960-10-04,1960-10-04
330548105371301,14S.14E.18.312 Elk Spring,NWIS_NM,33.09,-105.62,SP,1,2,1,1,0,435.0,445.0,440.0,1960-10-04,1960-10-04
330756105251701,14S.15E.01.200,NWIS_NM,33.13,-105.42,GW,1,2,1,1,0,1360.0,1430.0,1395.0,1960-10-03,1960-10-03
331020105253301,13S.15E.24.230,NWIS_NM,33.17,-105.42,GW,1,2,1,1,0,572.0,599.0,585.5,1960-10-03,1960-10-03
331037105200201,13S.15E.19.120,NWIS_NM,33.17,-105.51,GW,1,2,1,1,0,483.0,491.0,487.0,1960-10-03,1960-10-03
331119105401801,17S.13E.15.130,NWIS_NM,32.83,-105.6,GW,1,2,1,1,0,884.0,938.0,911.0,1960-10-19,1960-10-19
331309105262301,13S.15E.02.220,NWIS_NM,33.21,-105.43,GW,1,1,1,1,0,1500.0,1500.0,1500.0,1960-10-13,1960-10-13
331335105371501,12S.14E.31.31,NWIS_NM,33.22,-105.62,GW,1,2,1,1,0,657.0,679.0,668.0,1960-10-03,1960-10-03
331509105430601,12S.13E.19.230,NWIS_NM,33.25,-105.71,GW,1,1,1,1,0,1920.0,1920.0,1920.0,1960-10-02,1960-10-02
331739105202301,12S.16E.02.430,NWIS_NM,33.29,-105.33,GW,1,1,1,1,0,2210.0,2210.0,2210.0,1960-10-13,1960-10-13
332007104361701,11S.23E.22.343,NWIS_NM,33.33,-104.6,GW,1,0,1,1,0,,,,1961-07-11,1961-07-11
332219104433801,11S.22E.09.321,NWIS_NM,33.37,-104.73,GW,1,0,1,1,0,,,,1961-07-11,1961-07-11
332244104283601,11S.24E.02.344,NWIS_NM,33.37,-104.47,GW,3,0,3,3,0,,,,1961-08-07,1963-08-01
332258104273501,11S.24E.01.324 White T,NWIS_NM,33.38,-104.46,GW,1,0,1,1,0,,,,1961-03-02,1961-03-02
332351104240501,10S.25E.33.423 Roswell,NWIS_NM,33.39,-104.4,GW,4,8,4,4,0,6960.0,7420.0,7155.0,1960-10-18,1962-04-04
332404104245201,10S.25E.32.42 AUGER #5,NWIS_NM,33.4,-104.41,GW,1,2,1,1,0,58300.0,61600.0,59950.0,1960-10-07,1960-10-07
332405104252201,10S.25E.32.23 AUGER #3,NWIS_NM,33.4,-104.42,GW,2,2,2,2,0,14900.0,15300.0,15100.0,1960-10-07,1962-04-03
332430105414301,10S.13E.29.400,NWIS_NM,33.4,-105.69,GW,1,0,1,1,0,,,,1960-10-12,1960-10-12
332431104245201,10S.25E.29.44 AUGER #1,NWIS_NM,33.4,-104.41,GW,2,2,2,2,0,31700.0,32400.0,32050.0,1960-10-07,1962-04-03
332641104223301,10S.25E.14.312 PVACD,NWIS_NM,33.44,-104.37,GW,2,2,2,2,0,31700.0,32200.0,31950.0,1961-07-06,1961-07-19
332947104290101,09S.24E.27.44443 McLEAN,NWIS_NM,33.49,-104.48,GW,1,0,1,1,0,,,,1961-08-10,1961-08-10
333411104284601,08S.24E.35.343 ELAM,NWIS_NM,33.57,-104.47,GW,2,0,2,2,0,,,,1961-08-10,1962-08-06
333421104374001,08S.23E.32.442 HILT Well,NWIS_NM,33.57,-104.63,GW,1,0,1,1,0,,,,1961-09-19,1961-09-19
333504104274401,08S.24E.25.343113 US F&W,NWIS_NM,33.58,-104.46,GW,2,0,2,2,0,,,,1961-06-07,1961-08-09
340840105392501,02S.12E.11.430,NWIS_NM,34.14,-105.65,GW,1,2,1,1,0,1510.0,1630.0,1570.0,1961-09-14,1961-09-14
325437104492201,16S.21E.19.22 R.J.PARKS,NWIS_NM,32.91,-104.82,GW,1,0,1,1,0,,,,1961-09-12,1961-09-12
325421104452101,16S.21E.23.42 RUNYUN DW,NWIS_NM,32.9,-104.75,GW,1,0,1,1,0,,,,1961-09-12,1961-09-12
325708104353001,16S.24E.04.23 C&M Ranch,NWIS_NM,32.95,-104.59,GW,1,0,1,1,0,,,,1961-09-15,1961-09-15
324838104440001,17S.23E.30.123 HOPE P.S.,NWIS_NM,32.81,-104.73,GW,1,0,1,1,0,,,,1961-09-12,1961-09-12
324944104353201,17S.24E.16.433 CLEMENTS,NWIS_NM,32.82,-104.59,GW,1,0,1,1,0,,,,1961-09-12,1961-09-12
324939104170001,17S.27E.16.344 EMPIRE W.S.,NWIS_NM,32.82,-104.28,GW,1,0,1,1,0,,,,1961-09-20,1961-09-20
323755104433401,19S.23E.30.144 BUNTING Ranch,NWIS_NM,32.63,-104.73,GW,1,0,1,1,0,,,,1961-09-19,1961-09-19
324023104320601,19S.24E.12.414 NEDS well,NWIS_NM,32.67,-104.53,GW,1,0,1,1,0,,,,1961-09-20,1961-09-20
323656104280001,19S.25E.34.423,NWIS_NM,32.61,-104.46,GW,1,0,1,1,0,,,,1961-09-15,1961-09-15
323708104222401,19S.26E.34.312 HNULIK,NWIS_NM,32.61,-104.37,GW,1,0,1,1,0,,,,1961-09-15,1961-09-15
323303104405701,20S.23E.27.111 FOSTER L.,NWIS_NM,32.55,-104.68,GW,1,0,1,1,0,,,,1961-09-19,1961-09-19
320150103235501,26S.35E.19.142,NWIS_NM,32.03,-103.4,GW,1,2,1,1,0,592.0,598.0,595.0,1961-12-20,1961-12-20
320812103072401,25S.37E.13.1,NWIS_NM,32.13,-103.12,GW,1,2,1,1,0,624.0,638.0,631.0,1961-12-20,1961-12-20
320821104330401,25S.23E.12.440,NWIS_NM,32.13,-104.54,SP,1,0,1,1,0,,,,1962-04-30,1962-04-30
320839103065301,25S.37E.12.233,NWIS_NM,32.14,-103.11,GW,1,2,1,1,0,682.0,688.0,685.0,1961-12-20,1961-12-20
320930103075501,25S.37E.02.32,NWIS_NM,32.15,-103.13,GW,1,2,1,1,0,495.0,500.0,497.5,1961-12-20,1961-12-20
323010103244001,26S.35E.18.311,NWIS_NM,32.04,-103.41,GW,1,2,1,1,0,708.0,730.0,719.0,1961-12-20,1961-12-20
323525103101001,20S.38E.08.000,NWIS_NM,32.59,-103.16,GW,1,2,1,1,0,504.0,508.0,506.0,1961-12-13,1961-12-13
332338104245201,10S.25E.32.4 AUGER #6,NWIS_NM,33.39,-104.41,GW,2,0,2,2,0,,,,1962-02-13,1962-04-03
332351104250602,10S.25E.32.423B OSW#3,NWIS_NM,33.39,-104.41,GW,1,0,1,1,0,,,,1962-08-28,1962-08-28
332404104245202,10S.25E.32.42 AUGER #4,NWIS_NM,33.4,-104.41,GW,2,0,2,2,0,,,,1962-02-13,1962-04-03
332430104245201,10S.25E.32.2 AUGER #8,NWIS_NM,33.4,-104.41,GW,1,0,1,1,0,,,,1962-02-13,1962-02-13
332430104245202,10S.25E.32.22 AUGER#9,NWIS_NM,33.4,-104.41,GW,1,0,1,1,0,,,,1962-02-13,1962-02-13
332430104245203,10S.25E.32.22 AUGER#2,NWIS_NM,33.4,-104.41,GW,2,0,2,2,0,,,,1962-02-13,1962-04-03
332431104252201,10S.25E.29.43 AUGER 13,NWIS_NM,33.4,-104.42,GW,2,0,2,2,0,,,,1962-02-13,1962-04-03
332456104255301,10S.25E.29.311 BLCKwell,NWIS_NM,33.41,-104.43,GW,1,0,1,1,0,,,,1962-08-28,1962-08-28
332523104210001,10S.25E.24.443 OSW-1 ROSWL,NWIS_NM,33.42,-104.34,GW,1,0,1,1,0,,,,1962-03-13,1962-03-13
332537104232001,10S.25E.22.324SPRS#1ELK,NWIS_NM,33.42,-104.39,GW,3,2,3,3,0,6860.0,7160.0,7010.0,1962-03-13,1962-08-27
332642104324601,10S.24E.18.144 ALX HILL,NWIS_NM,33.44,-104.54,GW,1,0,1,1,0,,,,1962-03-05,1962-03-05
333319104282901,09S.24E.02.433 WIGGINS,NWIS_NM,33.55,-104.47,GW,1,0,1,1,0,,,,1962-08-06,1962-08-06
333610104283101,08S.24E.23.32434 B CORN,NWIS_NM,33.6,-104.47,GW,1,0,1,1,0,,,,1962-08-07,1962-08-07
334005104343001,07S.23E.36.131144 J CORN,NWIS_NM,33.66,-104.57,GW,2,0,2,2,0,,,,1962-08-08,1964-08-04
342941104145701,03N.26E.18.423313 FT SUMNER4,NWIS_NM,34.49,-104.24,GW,1,2,1,1,0,442.0,447.0,444.5,1962-03-14,1962-03-14
343042104135401,03N.26E.09.3313FTSUMnear 9,NWIS_NM,34.51,-104.23,GW,1,2,1,1,0,981.0,997.0,989.0,1962-03-14,1962-03-14
345543104400901,08N.21E.12.300,NWIS_NM,34.92,-104.66,SP,1,1,1,1,0,351.0,351.0,351.0,1962-03-13,1962-03-13
324850104434501,17S.23E.30.12 HOPE P.S.,NWIS_NM,32.81,-104.73,GW,1,0,1,1,0,,,,1962-02-06,1962-02-06
325006104241301,17S.26E.17.233 Hospital well,NWIS_NM,32.83,-104.4,GW,1,0,1,1,0,,,,1962-03-08,1962-03-08
324940104251501,17S.26E.18.433 ArtesiaP.S.,NWIS_NM,32.82,-104.42,GW,1,0,1,1,0,,,,1962-03-08,1962-03-08
324549104113501,18S.28E.08.243 OIL TEST,NWIS_NM,32.76,-104.19,GW,1,0,1,1,0,,,,1962-05-29,1962-05-29
08381000,"Gallinas Creek at Montezuma, N Mex",NWIS_NM,35.65,-105.27,ST,15,0,15,14,0,,,,1963-09-25,1964-07-27
332337104273701,10S.24E.36.43333 T White,NWIS_NM,33.39,-104.46,GW,1,0,1,1,0,,,,1963-08-07,1963-08-07
332350104252301,10S.25E.32.3422 RUSSELL,NWIS_NM,33.39,-104.42,GW,1,0,1,1,0,,,,1963-08-07,1963-08-07
332357104294301,10S.24E.34.433,NWIS_NM,33.39,-104.49,GW,3,0,3,3,0,,,,1963-03-07,1970-03-16
332428104404701,10S.22E.35.222A HAGERMA,NWIS_NM,33.4,-104.68,GW,2,0,2,2,0,,,,1963-06-05,1964-08-11
332613104353701,10S.23E.15.444 LGBONHON,NWIS_NM,33.43,-104.59,GW,2,0,2,2,0,,,,1963-03-06,1964-08-06
332903104343501,09S.23E.35.42422 E SONS,NWIS_NM,33.48,-104.57,GW,1,0,1,1,0,,,,1963-08-20,1963-08-20
332955104343401,09S.23E.25.331 E SONS,NWIS_NM,33.49,-104.57,GW,1,0,1,1,0,,,,1963-08-20,1963-08-20
332956104340401,09S.23E.25.324 E SONS,NWIS_NM,33.5,-104.56,GW,1,0,1,1,0,,,,1963-08-20,1963-08-20
333040104323001,09S.24E.19.143431 C CORN,NWIS_NM,33.51,-104.54,GW,1,0,1,1,0,,,,1963-08-20,1963-08-20
333041104323101,09S.24E.19. C CORN,NWIS_NM,33.51,-104.54,GW,2,0,2,2,0,,,,1963-08-20,1964-08-04
340716104291101,02S.23E.24.31,NWIS_NM,34.12,-104.48,GW,1,0,1,1,0,,,,1963-01-21,1963-01-21
343832103534501,05N.29E.20.13130,NWIS_NM,34.64,-103.89,GW,1,2,1,1,0,589.0,628.0,608.5,1963-06-27,1963-06-27
325523104431301,16S.23E.17.13YATES#1ESTILL,NWIS_NM,32.92,-104.72,GW,1,0,1,1,0,,,,1963-01-23,1963-01-23
323908104310401,19S.25E.19.232 PARISH,NWIS_NM,32.64,-104.52,GW,1,0,1,1,0,,,,1963-03-12,1963-03-12
322640104151102,21S.26E.25.33 CNTRY CLUB,NWIS_NM,32.44,-104.25,GW,3,0,3,3,0,,,,1963-04-29,1963-05-07
08401200,"South Seven Rivers near Lakewood, N Mex",NWIS_NM,32.58,-104.42,ST,18,1,2,1,0,371.0,371.0,371.0,1964-09-15,1974-10-23
332350104240502,10S.25E.33.441 OSW#3,NWIS_NM,33.39,-104.4,GW,1,0,1,1,0,,,,1963-12-12,1963-12-12
332414104360801,10S.23E.34.142 RSWL 12,NWIS_NM,33.4,-104.6,GW,1,0,1,1,0,,,,1964-03-04,1964-03-04
332428104404801,10S.22E.35.222B HAGERMA,NWIS_NM,33.4,-104.68,GW,1,0,1,1,0,,,,1964-08-11,1964-08-11
332442104304201,10S.24E.28.431 MARSHALL,NWIS_NM,33.41,-104.51,GW,3,1,3,3,0,2440.0,2440.0,2440.0,1964-01-17,1964-01-17
332455104280801,10S.24E.25.311 HEINE B,NWIS_NM,33.41,-104.46,GW,1,0,0,1,0,,,,1964-08-17,1964-08-17
332546104340201,10S.23E.24.23 FEATHERST,NWIS_NM,33.43,-104.56,GW,2,0,2,2,0,,,,1964-03-03,1964-08-04
332642104294001,10S.24E.15.233 MARSHALL,NWIS_NM,33.44,-104.49,GW,1,0,1,1,0,,,,1964-03-02,1964-03-02
333304104300201,09S.24E.10.131 McCOLLOU,NWIS_NM,33.55,-104.5,GW,1,0,1,1,0,,,,1964-08-04,1964-08-04
333424104303401,08S.24E.33.431121 SPURRIER,NWIS_NM,33.57,-104.5,GW,1,1,1,1,0,4180.0,4180.0,4180.0,1964-08-05,1964-08-05
333449104255601,08S.25E.31.13142 D HATCH,NWIS_NM,33.58,-104.43,GW,1,0,1,1,0,,,,1964-08-05,1964-08-05
333954104322601,07S.24E.31.13333 E CORN,NWIS_NM,33.66,-104.54,GW,1,1,1,1,0,2880.0,2880.0,2880.0,1964-08-04,1964-08-04
334137104323501,07S.24E.19.411 J CORN,NWIS_NM,33.69,-104.54,GW,1,0,1,1,0,,,,1964-08-04,1964-08-04
334138104323601,07S.24E.19.144 J HAVENS,NWIS_NM,33.69,-104.54,GW,1,0,1,1,0,,,,1964-08-04,1964-08-04
343317104123901,04N.26E.34.12123 J GOOD,NWIS_NM,34.55,-104.21,GW,1,2,1,1,0,2210.0,2250.0,2230.0,1964-05-26,1964-05-26
343406104125401,04N.26E.27.11323 GRIZZLE,NWIS_NM,34.56,-104.21,GW,1,2,1,1,0,999.0,1010.0,1004.5,1964-05-19,1964-05-19
343417104103401,04N.26E.24.343131 J GOOD,NWIS_NM,34.57,-104.17,GW,1,2,1,1,0,892.0,898.0,895.0,1964-05-26,1964-05-26
344214103540101,06N.29E.32.113,NWIS_NM,34.7,-103.9,GW,1,0,1,1,0,,,,1964-06-08,1964-06-08
344126103534501,05N.29E.06.22222,NWIS_NM,34.69,-103.89,GW,1,0,1,1,0,,,,1964-01-23,1964-01-23
323454104091901,20S.28E.15.2 INTEX TRIGG FED1,NWIS_NM,32.57,-104.16,GW,1,0,1,1,0,,,,1964-01-07,1964-01-07
08393800,"Hagerman Canal at Dexter, N. Mex",NWIS_NM,33.2,-104.39,ST-CA,21,0,21,21,0,,,,1964-10-21,1966-12-06
325454104251401,16S.26E.19.21111,NWIS_NM,32.91,-104.42,GW,1,0,1,1,0,,,,1965-08-20,1965-08-20
325754104230901,04152631333,NWIS_NM,32.96,-104.38,GW,1,0,1,1,0,,,,1965-08-20,1965-08-20
331957104312101,04112428113,NWIS_NM,33.33,-104.52,GW,1,0,1,1,0,,,,1965-08-20,1965-08-20
335036104220200,05S.25E.00.000,NWIS_NM,33.84,-104.36,GW,1,0,1,1,0,,,,1965-08-20,1965-08-20
340320104360401,03S.22E.14.211 Mora Springs,NWIS_NM,34.05,-104.6,SP,1,1,1,1,0,2510.0,2510.0,2510.0,1965-09-30,1965-09-30
341945104193000,01N.25E.09.112423,NWIS_NM,34.32,-104.32,GW,1,1,1,1,0,1080.0,1080.0,1080.0,1965-07-27,1965-07-27
342125104195500,02N.25E.13.311230,NWIS_NM,34.35,-104.33,GW,1,1,1,1,0,768.0,768.0,768.0,1965-07-26,1965-07-26
342240104094000,02N.26E.24.342433,NWIS_NM,34.37,-104.16,GW,1,1,1,1,0,4450.0,4450.0,4450.0,1965-07-21,1965-07-21
342345104132000,02N.26E.16.312334,NWIS_NM,34.39,-104.22,GW,1,1,1,1,0,1820.0,1820.0,1820.0,1965-07-29,1965-07-29
342840104151000,03N.26E.19.341412,NWIS_NM,34.47,-104.25,GW,1,1,1,1,0,1040.0,1040.0,1040.0,1965-08-30,1965-08-30
343005104181500,03N.25E.10.23134,NWIS_NM,34.5,-104.3,GW,1,1,1,1,0,561.0,561.0,561.0,1965-07-19,1965-07-19
343200104223501,04N.24E.36.211,NWIS_NM,34.53,-104.37,GW,1,1,1,1,0,457.0,457.0,457.0,1965-07-19,1965-07-19
343255104214501,04N.25E.30.112321,NWIS_NM,34.54,-104.36,GW,1,1,1,1,0,567.0,567.0,567.0,1965-07-21,1965-07-21
343405104192000,04N.25E.00.000,NWIS_NM,34.56,-104.32,GW,1,1,1,1,0,710.0,710.0,710.0,1965-07-20,1965-07-20
343550104175500,04N.25E.02.331142,NWIS_NM,34.59,-104.29,GW,1,1,1,1,0,698.0,698.0,698.0,1965-07-15,1965-07-15
343605104163000,04N.25E.00.000A,NWIS_NM,34.6,-104.27,GW,1,1,1,1,0,500.0,500.0,500.0,1965-07-20,1965-07-20
343650104253500,05N.24E.32.133312,NWIS_NM,34.61,-104.42,GW,1,1,1,1,0,628.0,628.0,628.0,1965-07-20,1965-07-20
341220104060001,01S.27E.22.333 Cibolo Spring,NWIS_NM,34.2,-104.1,SP,1,1,1,1,0,432.0,432.0,432.0,1966-03-01,1966-03-01
343155104160001,04N.25E.36.232,NWIS_NM,34.53,-104.26,SP,1,1,1,1,0,415.0,415.0,415.0,1966-02-24,1966-02-24
343200104163001,04N.25E.36.123 Carretas Spring,NWIS_NM,34.53,-104.27,SP,1,1,1,1,0,585.0,585.0,585.0,1966-02-24,1966-02-24
343310103581001,04N.28E.23.441,NWIS_NM,34.55,-103.96,SP,1,1,1,1,0,503.0,503.0,503.0,1965-12-09,1965-12-09
08394080,"Pecos River above Dexter bridge, river mile 58.1, N Mex",NWIS_NM,33.2,-104.33,ST,4,0,4,4,0,,,,1967-06-30,1968-02-01
08386010,"Pecos River at pipeline Crossing, river mile 91.7, N Mex",NWIS_NM,33.52,-104.38,ST,1,0,1,1,0,,,,1968-01-31,1968-01-31
08386020,"Pecos River above Bitter Lakes, river mile 89.1, N Mex",NWIS_NM,33.5,-104.38,ST,1,0,1,1,0,,,,1968-01-31,1968-01-31
08386030,"Pecos River at Bitter Lakes, river mile 84.9, N Mex",NWIS_NM,33.45,-104.37,ST,1,0,1,1,0,,,,1968-01-31,1968-01-31
08386050,"Pecos River above mouth of Bitter Creek, river mile 78.4, N Mex",NWIS_NM,33.4,-104.39,ST,2,0,2,2,0,,,,1968-01-31,1968-01-31
08386060,"Bitter Creek 0.9 miles above mouth, N Mex",NWIS_NM,33.41,-104.4,ST,1,0,1,1,0,,,,1968-01-31,1968-01-31
08386062,"Bitter Creek  at mouth, river mile 78.4, N Mex",NWIS_NM,33.4,-104.39,ST,1,0,1,1,0,,,,1968-01-31,1968-01-31
08386063,"Pecos River below Bitter Creek, river mile 78.4, N Mex",NWIS_NM,33.4,-104.38,ST,1,0,1,1,0,,,,1968-01-31,1968-01-31
08386070,"Pecos River at Tatum bridge near Roswell, N Mex",NWIS_NM,33.39,-104.39,ST,21,0,2,2,0,,,,1968-01-31,1975-06-04
08386090,"Pecos River above Rio Hondo, river mile 74.7, N Mex",NWIS_NM,33.37,-104.39,ST,2,0,2,2,0,,,,1968-01-31,1968-01-31
08393930,"Hagerman Canal at Head, N Mex",NWIS_NM,33.39,-104.44,ST-CA,1,0,1,1,0,,,,1968-01-31,1968-01-31
08393935,"Roswell DRNGE DST X-LINE, at ENTR TO Hagerman , N Mex",NWIS_NM,33.38,-104.42,ST,1,0,1,1,0,,,,1968-01-31,1968-01-31
08393940,"South Spring Creek, N Mex",NWIS_NM,33.36,-104.41,ST,1,0,1,1,0,,,,1968-01-31,1968-01-31
08393945,"Pamona  Drain at entrance Hagerman Canal, N Mex",NWIS_NM,33.35,-104.39,ST,1,0,1,1,0,,,,1968-01-31,1968-01-31
08393970,"Rio Hondo at US 380 bridge , N Mex",NWIS_NM,33.39,-104.42,ST,1,0,1,1,0,,,,1968-01-31,1968-01-31
08393980,"South Spring Drain, N Mex",NWIS_NM,33.36,-104.41,ST,1,0,1,1,0,,,,1968-01-31,1968-01-31
08393990,"Rio Hondo at mouth, N Mex",NWIS_NM,33.37,-104.39,ST,1,0,1,1,0,,,,1968-01-31,1968-01-31
08394005,"E GRAND PLAINS DRANGE DIST ""D"" LINE, at MOUTH, N Mex",NWIS_NM,33.36,-104.39,ST,1,0,1,1,0,,,,1968-01-31,1968-01-31
08394010,"E GRAND PLAINS DRNG DIST ""A-B-C"" LINE, at MOU, N Mex",NWIS_NM,33.36,-104.38,ST,1,0,1,1,0,,,,1968-01-31,1968-01-31
08394015,"Gravel pit drain, at mouth, N Mex",NWIS_NM,33.35,-104.36,ST,1,0,1,1,0,,,,1968-01-31,1968-01-31
08394020,"Pecos River below gravel pit drain, river mile 71.4, N Mex",NWIS_NM,33.35,-104.35,ST,1,0,1,1,0,,,,1968-01-31,1968-01-31
08394025,"Pecos River below Oasis Miller Drain, N Mex",NWIS_NM,33.31,-104.35,ST,1,0,1,1,0,,,,1968-01-31,1968-01-31
08394030,"Pecos River at Transwestern Pipeline Crossing, river mile 64, N Mex",NWIS_NM,33.28,-104.35,ST,1,0,1,1,0,,,,1968-01-31,1968-01-31
08394040,"Pecos River above Nine Mile Draw, river mile 61.7, N Mex",NWIS_NM,33.24,-104.35,ST,1,0,1,1,0,,,,1968-01-31,1968-01-31
08394050,"Nine Mile Draw at mouth, river mile 61.4, N. Mex",NWIS_NM,33.24,-104.35,ST,1,0,1,1,0,,,,1968-01-31,1968-01-31
08394060,"Pecos River below Nine Mile Draw, river mile 60.9, N Mex",NWIS_NM,33.23,-104.35,ST,1,0,1,1,0,,,,1968-01-31,1968-01-31
08394070,"Zuber Hollow Wasteway at mouth river mile 58.4, N. Mex",NWIS_NM,33.21,-104.33,ST,1,0,1,1,0,,,,1968-01-31,1968-01-31
08394090,"Pecos River above Berry Drain , river mile 55.4, N Mex",NWIS_NM,33.19,-104.31,ST,1,0,1,1,0,,,,1968-01-31,1968-01-31
08394100,"Pecos River near Hagerman , N Mex",NWIS_NM,33.16,-104.3,ST,233,0,1,1,0,,,,1968-01-29,1976-12-20
08394110,"Pecos River above Rio Felix, river mile 50.7, N Mex",NWIS_NM,33.14,-104.31,ST,1,0,1,1,0,,,,1968-01-31,1968-01-31
08395010,"Rio Felix 3/4 mile above mouth, N Mex",NWIS_NM,33.12,-104.34,ST,1,0,1,1,0,,,,1968-01-31,1968-01-31
08395020,"Pecos River below Rio Felix , river mile 49.2, N Mex",NWIS_NM,33.13,-104.31,ST,1,0,1,1,0,,,,1968-01-31,1968-01-31
08395030,"Pecos River at Hagerman bridge, river mile 46.7, N Mex",NWIS_NM,33.12,-104.28,ST,6,0,6,6,0,,,,1967-10-18,1968-06-26
08395040,"Pecos River above Hagerman DIST ""A"" LINE, river mile 44.2, N Mex",NWIS_NM,33.09,-104.29,ST,1,0,1,1,0,,,,1968-01-31,1968-01-31
08395050,"Pecos River below Lathrop pump near Hagerman , river mile 43., N Mex",NWIS_NM,33.08,-104.29,ST,1,0,1,1,0,,,,1968-01-31,1968-01-31
08395060,"Pecos River below Pritchard Lakes, river mile 41.9, N Mex",NWIS_NM,33.06,-104.29,ST,2,0,2,2,0,,,,1968-01-31,1968-02-01
08395070,"Pecos River above Buffalo Valley pump, river mile 39.8, N Mex",NWIS_NM,33.05,-104.27,ST,1,0,1,1,0,,,,1968-02-01,1968-02-01
08395080,"Steve Mason drain at mouth river mile,35.1, N Mex",NWIS_NM,33.01,-104.28,ST,1,0,1,1,0,,,,1968-02-01,1968-02-01
08395090,"Pecos River above Lake Arthur, river mile 34.7, N Mex",NWIS_NM,33.01,-104.29,ST,1,0,1,1,0,,,,1968-02-01,1968-02-01
08395570,"Pecos River, at Eddy-Chaves County, river mile 26, N Mex",NWIS_NM,32.96,-104.35,ST,2,0,2,2,0,,,,1968-02-01,1968-02-01
08395590,"Pecos River above Cottonwood Creek, river mile 20.65, N Mex",NWIS_NM,32.89,-104.35,ST,1,0,1,1,0,,,,1968-02-01,1968-02-01
08396010,"Cottonwood Creek at mouth, river mile 20.6, N. Mex",NWIS_NM,32.88,-104.35,ST,1,0,1,1,0,,,,1968-02-01,1968-02-01
08396030,"Pecos River above Artesia sewage, river mile 16.0, N Mex",NWIS_NM,32.85,-104.34,ST,1,0,1,1,0,,,,1968-02-01,1968-02-01
08396510,"Pecos River(Kaiser channel) above REG gage , N Mex",NWIS_NM,32.76,-104.31,ST,1,0,1,1,0,,,,1968-02-01,1968-02-01
08399510,"Pecos River above Lake Mc Millan, N Mex",NWIS_NM,32.65,-104.31,ST,1,2,1,1,0,7030.0,7420.0,7225.0,1968-02-01,1968-02-01
08382700,"Pecos River near Colonias, N Mex",NWIS_NM,35.05,-104.75,ST,119,4,4,4,0,650.0,828.0,745.0,1970-08-12,1976-12-18
320215104004201,24S.29E.20.134,NWIS_NM,32.2,-104.01,GW,9,0,9,9,0,,,,1970-01-23,1976-06-29
320632104281801,25S.24E.23.343D,NWIS_NM,32.1,-104.47,GW,1,0,1,1,0,,,,1970-08-10,1970-08-10
320735104280701,25S.24E.14.43134,NWIS_NM,32.12,-104.46,GW,1,1,1,1,0,2130.0,2130.0,2130.0,1969-12-30,1969-12-30
321057104001801,24S.29E.29.433,NWIS_NM,32.18,-104.0,GW,9,0,8,9,0,,,,1970-02-20,1976-06-29
321108104001801,24S.29E.29.413,NWIS_NM,32.18,-104.0,GW,9,0,9,9,0,,,,1970-02-20,1976-06-29
321122104003301,24S.29E.29.143,NWIS_NM,32.18,-104.0,GW,10,0,10,10,0,,,,1970-02-20,1976-06-29
321128104000201,24S.29E.29.241,NWIS_NM,32.19,-104.0,GW,9,0,9,9,0,,,,1970-03-13,1976-06-29
321128104003301,24S.29E.29.141,NWIS_NM,32.19,-104.0,GW,9,0,9,9,0,,,,1970-02-20,1976-06-29
321129104005601,24S.29E.30.242A,NWIS_NM,32.19,-104.01,GW,6,0,6,6,0,,,,1970-06-05,1976-06-29
321130104005601,24S.29E.30.242,NWIS_NM,32.19,-104.01,GW,11,0,11,11,0,,,,1970-03-13,1976-06-29
321134104001701,24S.29E.29.213,NWIS_NM,32.19,-104.0,GW,9,0,9,9,0,,,,1970-03-13,1976-06-29
321142104005601,24S.29E.30.222A,NWIS_NM,32.19,-104.01,GW,8,0,8,8,0,,,,1970-06-05,1976-06-29
321143104005601,24S.29E.30.222,NWIS_NM,32.19,-104.01,GW,9,0,9,9,0,,,,1970-03-13,1976-06-29
321157104000601,24S.29E.20.432A,NWIS_NM,32.19,-104.0,GW,7,0,7,7,0,,,,1970-01-23,1975-07-14
321157104001501,24S.29E.20.431,NWIS_NM,32.19,-104.0,GW,9,0,9,9,0,,,,1970-01-23,1976-06-29
321209104002101,24S.29E.20.322,NWIS_NM,32.2,-104.0,GW,8,0,8,8,0,,,,1970-01-23,1976-01-12
321209104010401,24S.29E.19.421,NWIS_NM,32.2,-104.01,GW,4,0,4,4,0,,,,1970-01-23,1972-11-13
321210104001501,24S.29E.20.412,NWIS_NM,32.2,-104.0,GW,8,0,8,8,0,,,,1970-01-23,1976-01-12
321222104003501,24S.29E.20.141,NWIS_NM,32.2,-104.01,GW,3,0,3,3,0,,,,1970-01-23,1972-05-12
321234104002601,24S.29E.20.122,NWIS_NM,32.2,-104.0,GW,7,0,7,7,0,,,,1970-06-05,1976-01-12
321234104005401,24S.29E.19.222,NWIS_NM,32.2,-104.01,GW,6,0,6,6,0,,,,1970-06-05,1975-07-14
321305103595101,24S.29E.16.133 USGS NO 8,NWIS_NM,32.21,-103.99,GW,12,0,12,12,0,,,,1970-03-23,1976-07-17
324449104215201,18S.26E.15.4211,NWIS_NM,32.74,-104.36,GW,1,0,1,1,0,,,,1970-08-27,1970-08-27
330512104213301,14S.26E.20.322212,NWIS_NM,33.08,-104.35,GW,1,0,1,1,0,,,,1970-08-18,1970-08-18
330936104263401,13S.25E.28.42114,NWIS_NM,33.16,-104.44,GW,1,0,1,1,0,,,,1970-08-19,1970-08-19
331002104235401,13S.25E.25.121,NWIS_NM,33.16,-104.39,GW,1,0,1,1,0,,,,1970-08-17,1970-08-17
331155104215801,13S.26E.08.343,NWIS_NM,33.19,-104.36,GW,1,0,1,1,0,,,,1970-08-17,1970-08-17
331508104320401,12S.24E.27.21333,NWIS_NM,33.25,-104.53,GW,1,2,1,1,0,610.0,658.0,634.0,1970-01-22,1970-01-22
331534104320401,12S.24E.22.41333,NWIS_NM,33.25,-104.53,GW,2,4,2,2,0,576.0,742.0,663.2,1969-12-21,1970-02-26
331558104221001,12S.26E.32.133,NWIS_NM,33.26,-104.36,GW,1,0,1,1,0,,,,1970-08-07,1970-08-07
331558104315501,12S.24E.22.23111,NWIS_NM,33.26,-104.53,GW,1,2,1,1,0,658.0,666.0,662.0,1970-01-07,1970-01-07
331625104315401,12S.24E.15.43111,NWIS_NM,33.27,-104.53,GW,1,2,1,1,0,672.0,764.0,718.0,1970-01-12,1970-01-12
331729104271101,12S.25E.09.321143,NWIS_NM,33.29,-104.45,GW,1,0,1,1,0,,,,1970-08-17,1970-08-17
332131104274201,11S.24E.13.144444,NWIS_NM,33.35,-104.46,GW,1,0,1,1,0,,,,1970-04-06,1970-04-06
332222104294401,11S.24E.10.233,NWIS_NM,33.37,-104.49,GW,1,0,1,1,0,,,,1970-08-19,1970-08-19
332223104254301,11S.25E.08.143 GRANTHAM VIRGIL,NWIS_NM,33.37,-104.42,GW,1,0,1,1,0,,,,1970-08-17,1970-08-17
332223104255201,11S.25E.08.133,NWIS_NM,33.37,-104.43,GW,1,0,1,1,0,,,,1970-03-31,1970-03-31
332249104285601,11S.24E.02.343,NWIS_NM,33.38,-104.48,GW,1,0,1,1,0,,,,1970-08-21,1970-08-21
332315104301501,11S.24E.03.133,NWIS_NM,33.38,-104.5,GW,1,0,1,1,0,,,,1970-08-27,1970-08-27
332356104290201,10S.24E.35.314,NWIS_NM,33.39,-104.48,GW,1,0,1,1,0,,,,1970-03-13,1970-03-13
332455104304701,10S.24E.28.441,NWIS_NM,33.41,-104.5,GW,1,0,1,1,0,,,,1970-08-12,1970-08-12
332500104301501,10S.24E.27.133,NWIS_NM,33.41,-104.5,GW,1,0,1,1,0,,,,1970-03-31,1970-03-31
332550104284001,10S.24E.23.411,NWIS_NM,33.43,-104.47,GW,1,0,1,1,0,,,,1970-03-07,1970-03-07
332552104292801,10S.24E.22.243,NWIS_NM,33.43,-104.49,GW,1,0,1,1,0,,,,1970-04-03,1970-04-03
332552104314901,10S.24E.20.223,NWIS_NM,33.43,-104.52,GW,1,0,1,1,0,,,,1970-08-27,1970-08-27
332557104335301,10S.23E.24.243,NWIS_NM,33.43,-104.56,GW,1,0,1,1,0,,,,1970-08-27,1970-08-27
332628104292601,10S.24E.15.432,NWIS_NM,33.44,-104.49,GW,1,0,1,1,0,,,,1970-03-23,1970-03-23
332646104315001,10S.24E.17.233,NWIS_NM,33.44,-104.53,GW,1,0,1,1,0,,,,1970-04-01,1970-04-01
332714104322101,10S.24E.08.333,NWIS_NM,33.45,-104.53,GW,2,0,2,2,0,,,,1970-03-24,1970-08-12
333000103442401,09S.31E.26.440,NWIS_NM,33.49,-104.74,GW,1,2,1,1,0,420.0,454.0,437.0,1970-05-25,1970-05-25
333548104290101,08S.24E.26.113,NWIS_NM,33.59,-104.48,GW,1,0,1,1,0,,,,1970-08-25,1970-08-25
345243104413000,Aqua Negra C at Aqua Negra Ranch,NWIS_NM,34.87,-104.69,ST,1,1,1,1,0,3470.0,3470.0,3470.0,1970-05-23,1970-05-23
345428104400900,Rock Lake inflow near Santa Rosa,NWIS_NM,34.9,-104.66,ST,2,2,2,2,0,2610.0,2750.0,2680.0,1970-05-23,1970-05-23
345443104401200,"Post Lake near Santa Rosa,N Mex",NWIS_NM,34.91,-104.67,LK,1,1,1,1,0,3310.0,3310.0,3310.0,1970-05-23,1970-05-23
345451104405600,"Bass Lake near Santa Rosa, N Mex",NWIS_NM,34.91,-104.68,LK,1,1,1,1,0,3150.0,3150.0,3150.0,1970-05-23,1970-05-23
345534104393700,"Perch Lake near Santa Rosa, N Mex",NWIS_NM,34.92,-104.66,LK,1,1,1,1,0,2920.0,2920.0,2920.0,1970-05-23,1970-05-23
345547104395400,"Twin Lake at Santa Rosa, N Mex",NWIS_NM,34.92,-104.66,LK,1,1,1,1,0,4300.0,4300.0,4300.0,1970-05-23,1970-05-23
345600104395700,"Hidden Lake at Santa Rosa, N. Mex",NWIS_NM,34.93,-104.66,LK,1,1,1,1,0,3150.0,3150.0,3150.0,1970-05-23,1970-05-23
345621104402100,Blue Hole Lake outflow at Santa,NWIS_NM,34.93,-104.67,ST,1,1,1,1,0,2400.0,2400.0,2400.0,1970-05-23,1970-05-23
345636104415500,"Pecos River at Santa Rosa, N Mex (river mile 257.1)",NWIS_NM,34.94,-104.69,ST,3,3,3,3,0,324.0,1190.0,795.0,1970-05-25,1970-06-24
345640104403300,EL RITO C at I-40 bridge at SANT,NWIS_NM,34.94,-104.67,ST,1,1,1,1,0,2500.0,2500.0,2500.0,1970-05-23,1970-05-23
350234104425100,"Pecos River at river mile 275.6,N Mex (river mile 275.6)",NWIS_NM,35.04,-104.71,ST,2,2,2,2,0,262.0,826.0,544.0,1970-05-28,1970-06-16
350234104425101,Jose Perea Grant,NWIS_NM,35.04,-104.71,SP,1,1,1,1,0,906.0,906.0,906.0,1970-05-27,1970-05-27
350234104425102,Preston Beck Grant,NWIS_NM,35.04,-104.71,SP,1,1,1,1,0,1140.0,1140.0,1140.0,1970-05-28,1970-05-28
350236104423500,"Pecos River at river mile 275.3,N Mex (river mile 275.3)",NWIS_NM,35.04,-104.71,ST,1,1,1,1,0,246.0,246.0,246.0,1970-05-27,1970-05-27
350300104432100,"Pecos River below River Ranch,N Mex (RM 276.3)",NWIS_NM,35.05,-104.72,ST,10,10,10,10,0,209.0,745.0,550.6,1970-05-25,1970-07-08
350320104443300,"Pecos River above River Ranch Ford,N Mex (RM278.1)",NWIS_NM,35.05,-104.74,ST,12,12,12,12,0,207.0,761.0,530.7,1970-05-25,1970-09-10
350352104403500,"Pecos River above mouth Los Esteros Creek ,N Mex (river mile 272)",NWIS_NM,35.06,-104.67,ST,5,5,5,5,0,243.0,802.0,465.2,1970-05-25,1970-06-17
350457104473800,"Pecos River below Canon de Uta,N Mex (RM283.6)",NWIS_NM,35.08,-104.79,ST,1,1,1,1,0,135.0,135.0,135.0,1970-05-24,1970-05-24
350858104552100,"Pecos River above Colonias,N Mex (river mile 295)",NWIS_NM,35.14,-104.92,ST,5,5,5,5,0,115.0,272.0,160.0,1970-05-24,1970-06-15
351020105025900,ACEQUIA DEL BODO J.PAIZ at DILIA,NWIS_NM,35.17,-105.05,ST,1,1,1,1,0,151.0,151.0,151.0,1970-06-03,1970-06-03
351123105000700,"Spring Creek at mouth near Dilla, N Mex",NWIS_NM,35.18,-105.0,ST,1,1,1,1,0,536.0,536.0,536.0,1970-05-24,1970-05-24
351134104581800,"Pecos River near Dilia,N Mex (river mile 305)",NWIS_NM,35.19,-104.97,ST,1,1,1,1,0,122.0,122.0,122.0,1970-05-24,1970-05-24
321410103591501,24S.29E.16.133,NWIS_NM,32.21,-103.99,GW,1,1,0,1,0,279000.0,279000.0,279000.0,1971-05-21,1971-05-21
331426104153101,12S.27E.32.12222,NWIS_NM,33.24,-104.25,GW,1,1,1,1,0,2870.0,2870.0,2870.0,1971-06-06,1971-06-06
331441104173601,12S.26E.25.34221,NWIS_NM,33.24,-104.29,GW,1,1,1,1,0,3110.0,3110.0,3110.0,1971-06-06,1971-06-06
331615104151201,12S.27E.17.44334,NWIS_NM,33.27,-104.25,GW,1,1,1,1,0,3170.0,3170.0,3170.0,1971-06-07,1971-06-07
331801104155901,12S.27E.05.3331,NWIS_NM,33.3,-104.26,GW,1,1,1,1,0,3020.0,3020.0,3020.0,1971-06-06,1971-06-06
331851104194801,11S.26E.34.34344,NWIS_NM,33.31,-104.33,GW,1,1,1,1,0,4480.0,4480.0,4480.0,1971-06-08,1971-06-08
331902104194801,"11S.26E.LEA LAKE,N Mex",NWIS_NM,33.31,-104.33,LK,2,2,2,2,0,10100.0,12200.0,11150.0,1971-06-03,1978-03-24
331927104151401,11S.27E.32.241321,NWIS_NM,33.32,-104.25,GW,1,1,1,1,0,3470.0,3470.0,3470.0,1971-06-07,1971-06-07
331949104175801,11S.26E.25.33411,NWIS_NM,33.33,-104.29,GW,1,1,1,1,0,3310.0,3310.0,3310.0,1971-06-06,1971-06-06
331952104194401,"11S.26E. PASTURE LK,N Mex",NWIS_NM,33.33,-104.32,GW,1,1,1,1,0,5030.0,5030.0,5030.0,1971-06-03,1971-06-03
332001104195301,"11S.26E.S FIGURE 8 LK,N Mex",NWIS_NM,33.33,-104.33,GW,1,1,1,1,0,25600.0,25600.0,25600.0,1971-06-03,1971-06-03
332007104195401,11S.26E.DEVIL INKwell LK,NWIS_NM,33.33,-104.33,GW,1,1,1,1,0,4820.0,4820.0,4820.0,1971-06-03,1971-06-03
332012104195701,"11S.26E.S MIRROR LAKE,N Mex",NWIS_NM,33.33,-104.33,GW,1,1,1,1,0,11400.0,11400.0,11400.0,1971-06-03,1971-06-03
332020104195901,"11S.26E.COTTONWOOD LK,N Mex",NWIS_NM,33.33,-104.33,GW,1,1,1,1,0,10100.0,10100.0,10100.0,1971-06-03,1971-06-03
332034104174701,11S.26E.26.22243,NWIS_NM,33.34,-104.3,GW,1,1,1,1,0,3590.0,3590.0,3590.0,1971-06-06,1971-06-06
332047104160001,11S.27E.20.331124,NWIS_NM,33.34,-104.26,GW,1,1,1,1,0,2360.0,2360.0,2360.0,1971-06-07,1971-06-07
332113104202501,11S.25E.N LAZY LAGOON LK,NWIS_NM,33.35,-104.34,GW,1,1,1,1,0,27300.0,27300.0,27300.0,1971-06-03,1971-06-03
332128104170201,11S.27E.18.33334,NWIS_NM,33.35,-104.28,GW,1,1,1,1,0,2590.0,2590.0,2590.0,1971-06-07,1971-06-07
332139104182201,11S.26E.14.44114,NWIS_NM,33.36,-104.3,SP,2,2,2,2,0,2710.0,2710.0,2710.0,1971-06-07,1971-06-07
332200104193301,11S.26E.15.23222,NWIS_NM,33.36,-104.32,GW,1,1,1,1,0,3200.0,3200.0,3200.0,1971-06-07,1971-06-07
332257104222301,"11S.25E.BRITT LAKE,N Mex",NWIS_NM,33.38,-104.37,GW,1,1,1,1,0,6340.0,6340.0,6340.0,1971-06-03,1971-06-03
332322104180901,11S.26E.24.4224,NWIS_NM,33.38,-104.3,GW,1,1,1,1,0,4790.0,4790.0,4790.0,1971-06-07,1971-06-07
333318104191401,"09S.26E.DIMITT LAKE,N Mex",NWIS_NM,33.55,-104.32,GW,1,1,1,1,0,5680.0,5680.0,5680.0,1971-06-03,1971-06-03
350945104551000,"Pecos River near Gallinas River, N Mex",NWIS_NM,35.16,-104.91,ST,1,1,1,1,0,700.0,700.0,700.0,1970-11-17,1970-11-17
08383350,"Rio Agua Negra at mouth near SR, New Mexico",NWIS_NM,34.87,-104.47,ST,1,2,1,1,0,2400.0,2540.0,2470.0,1972-01-18,1972-01-18
321042103595010,"Pecos River at first ford ,N Mex",NWIS_NM,32.17,-103.99,ST,108,0,108,108,0,,,,1972-02-07,1976-09-07
321305104000810,"Pecos River at Fishing Rock Crossing,N Mex",NWIS_NM,32.21,-104.0,ST,124,0,123,123,0,,,,1972-02-07,1976-09-07
321609103445901,23S.31E.26.34411,NWIS_NM,32.26,-103.75,GW,1,1,1,1,0,3070.0,3070.0,3070.0,1972-09-20,1972-09-20
321627103321601,23S.33E.26.421A,NWIS_NM,32.27,-103.53,GW,1,0,1,0,0,,,,1972-09-21,1972-09-21
321648103482101,23S.31E.29.11333,NWIS_NM,32.28,-103.8,GW,1,1,1,1,0,3140.0,3140.0,3140.0,1972-09-20,1972-09-20
321735103402501,23S.32E.21.241A,NWIS_NM,32.29,-103.67,GW,1,1,1,1,0,427.0,427.0,427.0,1972-09-21,1972-09-21
321742103552601,23S.30E.19.123421,NWIS_NM,32.29,-103.92,GW,1,0,1,0,0,,,,1972-09-20,1972-09-20
321750103531101,23S.30E.21.12222,NWIS_NM,32.29,-103.88,GW,1,1,1,1,0,3900.0,3900.0,3900.0,1972-09-20,1972-09-20
321805103352301,23S.33E.17.423,NWIS_NM,32.3,-103.59,GW,1,0,1,0,0,,,,1972-09-21,1972-09-21
321809103481801,23S.31E.17.31141,NWIS_NM,32.3,-103.8,GW,1,0,1,0,0,,,,1972-09-20,1972-09-20
321903103314901,23S.33E.12.312,NWIS_NM,32.31,-103.53,GW,1,0,1,0,0,,,,1972-09-21,1972-09-21
321913103483701,23S.31E.07.240A,NWIS_NM,32.32,-103.81,GW,1,1,1,1,0,1000.0,1000.0,1000.0,1972-09-20,1972-09-20
321937103503701,23S.30E.02.44414 A,NWIS_NM,32.32,-103.84,GW,1,1,1,1,0,3860.0,3860.0,3860.0,1972-09-20,1972-09-20
322320103384901,22S.32E.14.323,NWIS_NM,32.38,-103.64,GW,2,1,1,1,0,330.0,330.0,330.0,1972-09-13,1972-09-13
322335103461701,22S.31E.15.130,NWIS_NM,32.39,-103.77,GW,1,1,1,1,0,1170.0,1170.0,1170.0,1972-09-12,1972-09-12
322338103313101,22S.33E.13.231,NWIS_NM,32.39,-103.52,GW,1,1,1,1,0,1740.0,1740.0,1740.0,1972-09-21,1972-09-21
322418103523201,22S.30E.10.31131,NWIS_NM,32.4,-103.87,GW,1,1,1,1,0,2260.0,2260.0,2260.0,1972-09-12,1972-09-12
322450103544401,22S.30E.06.444222,NWIS_NM,32.41,-103.91,GW,1,1,1,1,0,9650.0,9650.0,9650.0,1972-09-19,1972-09-19
322502103540801,22S.30E.05.431,NWIS_NM,32.41,-103.9,GW,1,1,1,1,0,21300.0,21300.0,21300.0,1972-09-19,1972-09-19
322836103485801,21S.31E.18.41133,NWIS_NM,32.47,-103.81,GW,1,1,1,1,0,1870.0,1870.0,1870.0,1972-09-14,1972-09-14
322902103370001,21S.33E.18.114,NWIS_NM,32.48,-103.61,GW,1,1,1,1,0,323.0,323.0,323.0,1972-09-12,1972-09-12
322913103492701,21S.31E.07.333113,NWIS_NM,32.48,-103.82,GW,1,1,1,1,0,3260.0,3260.0,3260.0,1972-09-14,1972-09-14
323022103321001,21S.33E.02.420,NWIS_NM,32.5,-103.53,GW,1,1,1,1,0,341.0,341.0,341.0,1972-09-22,1972-09-22
323105103441601,21S.31E.01.131,NWIS_NM,32.51,-103.73,GW,1,1,1,1,0,554.0,554.0,554.0,1972-08-18,1972-08-18
323115103431801,21S.32E.06.111,NWIS_NM,32.52,-103.72,GW,1,0,1,0,0,,,,1972-09-18,1972-09-18
323121103593001,20S.30E.32.000,NWIS_NM,32.52,-103.99,GW,1,2,1,1,0,41900.0,43000.0,42450.0,1971-12-29,1971-12-29
323204103425701,20S.32E.36.214,NWIS_NM,32.53,-103.71,GW,1,1,1,1,0,1270.0,1270.0,1270.0,1972-09-18,1972-09-18
323302103433901,20S.32E.24.333,NWIS_NM,32.55,-103.72,GW,1,1,1,1,0,493.0,493.0,493.0,1972-09-11,1972-09-11
323348103370801,20S.33E.24.124,NWIS_NM,32.56,-103.61,GW,1,1,1,1,0,892.0,892.0,892.0,1972-09-22,1972-09-22
323419103491401,20S.31E.13.412,NWIS_NM,32.57,-103.81,GW,1,0,1,0,0,,,,1972-09-18,1972-09-18
323712103355001,19S.34E.31.232,NWIS_NM,32.62,-103.59,GW,1,1,1,1,0,2000.0,2000.0,2000.0,1972-09-25,1972-09-25
323749103373301,19S.33E.26.244,NWIS_NM,32.63,-103.62,GW,1,1,1,1,0,1700.0,1700.0,1700.0,1972-09-25,1972-09-25
324315103573701,18S.30E.22.34421,NWIS_NM,32.72,-103.96,GW,1,1,1,1,0,10900.0,10900.0,10900.0,1971-12-21,1971-12-21
324315103573702,18S.30E.00.000,NWIS_NM,32.72,-103.96,GW,1,1,1,1,0,13400.0,13400.0,13400.0,1971-12-21,1971-12-21
343038104103401,03N.26E.02.424423,NWIS_NM,34.51,-104.17,GW,1,1,1,1,0,1930.0,1930.0,1930.0,1972-05-16,1972-05-16
343445104124001,04N.26E.16.22222,NWIS_NM,34.57,-104.21,GW,1,1,1,1,0,795.0,795.0,795.0,1972-05-15,1972-05-15
343554104170901,04N.25E.02.41441,NWIS_NM,34.59,-104.28,GW,1,1,1,1,0,701.0,701.0,701.0,1972-05-16,1972-05-16
343621104221101,05N.24E.35.343,NWIS_NM,34.6,-104.37,GW,1,1,1,1,0,475.0,475.0,475.0,1972-07-29,1972-07-29
343651104232501,05N.24E.34.133,NWIS_NM,34.61,-104.39,GW,1,1,1,1,0,974.0,974.0,974.0,1972-07-29,1972-07-29
343708104211101,05N.24E.36.112,NWIS_NM,34.61,-104.35,GW,1,1,1,1,0,486.0,486.0,486.0,1972-07-29,1972-07-29
343724104134601,05N.26E.30.30000,NWIS_NM,34.62,-104.22,GW,1,1,1,1,0,491.0,491.0,491.0,1972-05-15,1972-05-15
343908104210701,05N.24E.13.341111,NWIS_NM,34.65,-104.35,GW,1,1,1,1,0,973.0,973.0,973.0,1972-05-16,1972-05-16
303032103111600,SEC 82 BLake 331 GC-SF SUR,NWIS_NM,30.5,-103.18,GW,1,1,1,1,0,306.0,306.0,306.0,1972-11-05,1972-11-05
320640103135000,25S.36E.24.31214,NWIS_NM,32.11,-103.22,GW,1,1,1,1,0,615.0,615.0,615.0,1972-10-26,1972-10-26
323002103342701,21S.33E.04.434,NWIS_NM,32.5,-103.57,GW,1,1,1,1,0,528.0,528.0,528.0,1972-10-02,1972-10-02
323130103324101,20S.34E.34.432,NWIS_NM,32.52,-103.54,GW,1,1,1,1,0,297.0,297.0,297.0,1972-10-02,1972-10-02
323350103322801,20S.34E.22.224,NWIS_NM,32.56,-103.54,GW,1,1,1,1,0,2530.0,2530.0,2530.0,1972-10-02,1972-10-02
323359103351501,20S.34E.17.334,NWIS_NM,32.56,-103.58,GW,1,1,1,1,0,2930.0,2930.0,2930.0,1972-10-02,1972-10-02
323422103321701,20S.34E.14.133,NWIS_NM,32.57,-103.53,GW,1,1,1,1,0,2670.0,2670.0,2670.0,1972-10-02,1972-10-02
323543103332901,20S.34E.04.444,NWIS_NM,32.59,-103.55,GW,1,1,1,1,0,7280.0,7280.0,7280.0,1972-10-02,1972-10-02
08397405,"Aqua Chiquita C near Weed, N Mex",NWIS_NM,32.8,-105.47,ST,5,7,5,5,0,219.0,714.0,405.1,1974-04-23,1974-07-19
321105104170010,"Blue Springs near White City,N Mex",NWIS_NM,32.18,-104.28,ST,1,1,1,1,0,1230.0,1230.0,1230.0,1973-10-31,1973-10-31
321105104170510,"Blue SpringS above diversions,N Mex",NWIS_NM,32.18,-104.28,ST,4,0,4,4,0,,,,1974-01-25,1974-03-07
321155104003510,"ANDERSON LAKE near MALAGA,N Mex",NWIS_NM,32.19,-104.01,LK,20,0,19,20,0,,,,1974-02-25,1976-09-21
321320104005010,"Harroun Canal at Fishing Rock Crossing, N Mex",NWIS_NM,32.22,-104.01,ST-CA,8,1,8,8,0,5660.0,5660.0,5660.0,1974-06-06,1975-03-04
321340104090001,24S.27E.12.300,NWIS_NM,32.22,-104.14,GW,1,1,1,1,0,2460.0,2460.0,2460.0,1974-05-30,1974-05-30
321944103593510,Surprise Springa at PD near mouth N Mex,NWIS_NM,32.32,-103.99,SP,1,2,0,1,0,30000.0,32200.0,31100.0,1974-02-19,1974-02-19
321945103593510,Surprise SpringS above PD near mouth N Mex,NWIS_NM,32.32,-103.99,ST,1,2,1,1,0,27600.0,27900.0,27750.0,1974-02-19,1974-02-19
322005103585010,"Nash Draw north of Laguna Del Sol, N Mex",NWIS_NM,32.33,-103.98,ST,1,2,0,1,0,207000.0,214000.0,210500.0,1974-02-19,1974-02-19
322705104180201,21S.26E.28.143,NWIS_NM,32.45,-104.3,GW,1,1,1,1,0,1480.0,1480.0,1480.0,1974-06-01,1974-06-01
325026104192310,"Pipe Leak above Pecos River near Artesia, N Mex",NWIS_NM,32.84,-104.32,ST,1,2,1,1,0,1570.0,1580.0,1575.0,1974-03-01,1974-03-01
334803105282901,08397405 AGUA CHIQUITA at bridge near WEED N M,NWIS_NM,33.8,-105.47,ST,2,2,2,2,0,421.0,714.0,567.5,1974-07-10,1974-07-19
334803105282910,"08397405 AQUA CHIQUITA C near WEED,N Mex",NWIS_NM,33.8,-105.47,ST,1,2,1,1,0,221.0,233.0,227.0,1974-04-23,1974-04-23
350125104435301,09N.21E.08.231 E-3,NWIS_NM,35.02,-104.73,GW,2,1,2,2,0,3930.0,3930.0,3930.0,1974-09-30,1982-09-28
353352105443701,15N.11E.02.211,NWIS_NM,35.56,-105.74,GW,1,2,1,1,0,489.0,505.0,497.0,1974-03-21,1974-03-21
353457105461101,16N.11E.27.3313,NWIS_NM,35.58,-105.77,GW,1,2,1,1,0,878.0,899.0,888.5,1974-03-20,1974-03-20
353520105461401,16N.11E.28.2442,NWIS_NM,35.58,-105.77,GW,1,2,1,1,0,413.0,413.0,413.0,1974-03-20,1974-03-20
353526105440401,16N.11E.25.13132,NWIS_NM,35.59,-105.73,GW,1,2,1,1,0,298.0,300.0,299.0,1974-04-06,1974-04-06
08405260,"Pecos River below 6 Mile Dam near Carlsbad , N Mex",NWIS_NM,32.38,-104.14,ST,23,46,23,23,0,1530.0,5720.0,2793.0,1975-07-17,1977-06-30
320118104574401,26S.29E.22.330,NWIS_NM,32.02,-103.97,GW,1,0,1,1,0,,,,1975-03-25,1975-03-25
321305103594901,24S.29E.16.133A,NWIS_NM,32.21,-103.99,GW,1,0,1,1,0,,,,1974-12-16,1974-12-16
321900103593010,23S.29E.09.00LAGUNAGRAND,NWIS_NM,32.31,-103.99,LK,1,0,1,1,0,,,,1975-04-17,1975-04-17
322015103551010,23S.30E.06.21,NWIS_NM,32.33,-103.91,LK,1,0,1,1,0,,,,1975-04-16,1975-04-16
322100103574010,22S.29E.35.14,NWIS_NM,32.35,-103.96,LK,1,0,1,1,0,,,,1975-04-18,1975-04-18
322150103570010,22S.29E.26.4,NWIS_NM,32.36,-103.95,LK,1,0,1,1,0,,,,1975-04-18,1975-04-18
322200103551010,22S.30E.06,NWIS_NM,32.36,-103.91,LK,1,0,1,1,0,,,,1975-04-16,1975-04-16
322340103554501,22S.30E.18.110,NWIS_NM,32.39,-103.92,SP,1,0,1,1,0,,,,1975-04-18,1975-04-18
322340103560510,22S.29E.13.21,NWIS_NM,32.39,-103.93,ST,1,0,1,1,0,,,,1975-04-18,1975-04-18
322559103443401,21S.31E.35.4214,NWIS_NM,32.43,-103.74,GW,4,4,4,4,0,324000.0,337000.0,330250.0,1975-09-14,1975-09-14
322755104081401,21S.27E.24.23243,NWIS_NM,32.46,-104.13,GW,3,3,3,3,0,4280.0,35200.0,14673.3,1975-04-09,1975-06-05
322815103564010,23S.29E.01.20,NWIS_NM,32.47,-103.94,LK,1,0,1,1,0,,,,1975-04-16,1975-04-16
322900103472010,21S.31E.16.1,NWIS_NM,32.48,-103.78,LK,2,0,2,2,0,,,,1975-04-22,1975-04-22
322925103562001,21S.29E.12.400,NWIS_NM,32.49,-103.93,GW,1,0,1,1,0,,,,1975-04-18,1975-04-18
322925103562010,21S.29E.12.4,NWIS_NM,32.49,-103.93,ST,1,0,1,1,0,,,,1975-04-18,1975-04-18
323210103571010,20S.30E.34.2,NWIS_NM,32.53,-103.95,LK,1,0,1,1,0,,,,1975-04-19,1975-04-19
323410103575010,20S.30E.15.3,NWIS_NM,32.56,-103.96,LK,1,0,1,1,0,,,,1975-04-19,1975-04-19
323420103484010,20S.32E.18,NWIS_NM,32.57,-103.81,LK,1,0,1,1,0,,,,1975-04-18,1975-04-18
323430103491010,20S.31E.13.00,NWIS_NM,32.57,-103.81,LK,1,0,1,1,0,,,,1975-04-18,1975-04-18
323540103591510,20S.30E.05.4,NWIS_NM,32.59,-103.98,LK,1,0,1,1,0,,,,1975-04-20,1975-04-20
323810103560010,19S.30E.25.22,NWIS_NM,32.63,-103.93,LK,1,0,1,1,0,,,,1975-04-20,1975-04-20
323920103562010,19S.30E.14.4,NWIS_NM,32.65,-103.93,LK,1,0,1,1,0,,,,1975-04-19,1975-04-19
355703105361101,20N.07W.20.140,NWIS_NM,35.95,-105.6,GW,1,1,1,1,0,5130.0,5130.0,5130.0,1975-09-22,1975-09-22
320209104183010,"26S.26E.17.443 JUMPING Spring near White CITY, N Mex",NWIS_NM,32.03,-104.3,ST,1,1,1,1,0,2350.0,2350.0,2350.0,1976-06-09,1976-06-09
320518104185410,25S.26E.32.142 Cottonwood Spring near White CITY,NWIS_NM,32.08,-104.31,ST,1,1,1,1,0,2950.0,2950.0,2950.0,1976-06-09,1976-06-09
321040104155810,24S.26E.35.12 BLACK R AB MOUTH of BLUE Spring,NWIS_NM,32.17,-104.26,ST,1,1,1,1,0,2020.0,2020.0,2020.0,1976-06-09,1976-06-09
321118104370210,24S.23E.29.342 DARK CANYON SPR near X-BAR Ranch,NWIS_NM,32.18,-104.61,ST,1,1,1,1,0,327.0,327.0,327.0,1976-06-10,1976-06-10
321155103595310,"Pecos River at first bar near Malaga,N Mex",NWIS_NM,32.19,-103.99,ST,6,0,6,6,0,,,,1976-07-16,1976-09-21
08405490,"24S.26E.24.441CASTLE SP AB DIV DAM at M 15.4,N Mex",NWIS_NM,32.19,-104.25,SP,17,1,15,10,0,1560.0,1560.0,1560.0,1976-06-09,1982-03-17
321234103595710,"Pecos River at Livingston Crossing near Malaga,N Mex",NWIS_NM,32.2,-103.99,ST,6,0,6,6,0,,,,1976-07-16,1976-09-21
321258103585710,"Pecos River at Dogtown drain,N Mex",NWIS_NM,32.21,-103.98,ST,5,0,5,5,0,,,,1976-07-16,1976-09-21
321443104414010,24S.22E.03.213A Sitting Bull Spring B,NWIS_NM,32.24,-104.69,SP,1,1,1,1,0,336.0,336.0,336.0,1976-06-10,1976-06-10
321707104054801,"23S.28E.21.341 LOVING,N Mex H2O SUPPLY",NWIS_NM,32.28,-104.09,GW,1,1,1,1,0,361.0,361.0,361.0,1976-05-30,1976-05-30
322046103460301,22S.31E.34.321,NWIS_NM,32.34,-103.76,GW,1,1,0,1,0,180000.0,180000.0,180000.0,1975-12-18,1975-12-18
322136103473001,22S.31E.29.4224 H-3,NWIS_NM,32.36,-103.79,GW,6,6,6,6,0,14700.0,327000.0,86883.3,1976-08-08,1979-05-10
322204103474001,22S.31E.29.2213 H-1,NWIS_NM,32.36,-103.79,GW,8,8,8,8,0,15600.0,327000.0,73637.5,1976-06-01,1979-03-13
330017105391801,15S.13E.15.444 SILVER SPR CAN 6 MI NE CLOUDCRof T,NWIS_NM,33.0,-105.65,GW,1,0,1,1,0,,,,1976-06-16,1976-06-16
332209105415310,"Cedar Creek, south fork, 3 miles northwest Ruidoso PO, Ruidoso, N Mex",NWIS_NM,33.36,-105.69,ST,1,0,1,1,0,,,,1976-06-24,1976-06-24
332332105432610,"South fork Eagle Creek at mouth 2.6 miles west of Alto,N Mex",NWIS_NM,33.39,-105.72,ST,1,0,1,1,0,,,,1976-06-17,1976-06-17
332511105422410,"Little Creek at gravel pit 1 mile east Villa Madonna,N Mex",NWIS_NM,33.41,-105.7,ST,1,0,1,1,0,,,,1976-06-24,1976-06-24
332516105434901,10S.12E.24 LITTLE CR SPR 0.1 MI W VILLA MADONNA,NWIS_NM,33.42,-105.73,GW,1,0,1,1,0,,,,1976-06-24,1976-06-24
333016105380510,"Magado Creek 4 miles southwest of Capitan, N Mex near State Highway 48",NWIS_NM,33.5,-105.63,ST,1,0,1,1,0,,,,1976-06-17,1976-06-17
333058105373910,"Magado Creek Tributary 3 miles southwest of Capitan, N. Mex near Highway 48",NWIS_NM,33.51,-105.62,ST,1,0,1,1,0,,,,1976-06-17,1976-06-17
321557103472301,23S.31E.04.3134 P-17,NWIS_NM,32.33,-103.78,GW,2,2,2,2,0,92500.0,269000.0,180750.0,1977-05-10,1979-05-11
321605103520201,"23S.30E.34.2111ERDA10,INTERVAL 4140-4431",NWIS_NM,32.26,-103.86,GW,1,1,1,1,0,249000.0,249000.0,249000.0,1977-09-30,1977-09-30
321929104204501,23S.25E.12.210 Carlsbad CITY well 6,NWIS_NM,32.32,-104.34,GW,1,1,1,1,0,401.0,401.0,401.0,1977-06-16,1977-06-16
321939104212501,23S.25E.01.330 Carlsbad CITY well 3,NWIS_NM,32.32,-104.35,GW,1,1,1,1,0,487.0,487.0,487.0,1977-06-16,1977-06-16
321942104203401,23S.25E.01.440 Carlsbad CITY well 1,NWIS_NM,32.32,-104.34,GW,1,1,1,1,0,501.0,501.0,501.0,1977-06-16,1977-06-16
321950104205301,23S.25E.12.120 Carlsbad CITY well 7,NWIS_NM,32.33,-104.34,GW,1,1,1,1,0,333.0,333.0,333.0,1977-06-16,1977-06-16
322031103492801,22S.31E.31.3331 P-15,NWIS_NM,32.34,-103.82,GW,3,3,1,3,0,23700.0,92300.0,61133.3,1977-05-10,1979-04-11
322035104214401,23S.25E.02.340 Carlsbad CITY well 5,NWIS_NM,32.32,-104.36,GW,1,1,1,1,0,343.0,343.0,343.0,1977-06-16,1977-06-16
322035104215001,23S.25E.02.44322,NWIS_NM,32.32,-104.35,GW,1,1,1,1,0,442.0,442.0,442.0,1977-06-16,1977-06-16
322048104211901,23S.25E.01.310 Carlsbad CITY well 2,NWIS_NM,32.34,-104.35,GW,1,1,1,1,0,498.0,498.0,498.0,1977-06-16,1977-06-16
322121103405501,22S.31E.26.4434 P-18,NWIS_NM,32.35,-103.74,GW,3,4,3,3,0,118000.0,412000.0,306750.0,1977-05-10,1980-05-20
322205103480701,22S.31E.29.1232 H-2A,NWIS_NM,32.36,-103.8,GW,1,1,1,1,0,10300.0,10300.0,10300.0,1977-02-22,1977-02-22
322205103480702,22S.31E.29.1232 H-2B,NWIS_NM,32.36,-103.8,GW,2,2,2,2,0,7270.0,8890.0,8080.0,1977-02-22,1979-02-17
322205103480703,22S.31E.29.1232 H-2C,NWIS_NM,32.36,-103.8,GW,3,3,3,3,0,12500.0,396000.0,239833.3,1977-02-23,1979-02-24
322215103502701,22S.30E.24.3334 P-14,NWIS_NM,32.37,-103.84,GW,2,2,2,2,0,33700.0,313000.0,173350.0,1977-02-24,1977-03-14
322345103450201,22S.31E.11.1232 AEC-8,NWIS_NM,32.4,-103.75,GW,4,3,4,3,0,87800.0,189000.0,140600.0,1977-08-22,1977-09-27
351639105420001,"12N.12E.07.4243 HUDDLESTON,EAST well",NWIS_NM,35.27,-105.7,GW,1,1,1,1,0,751.0,751.0,751.0,1977-08-18,1977-08-18
351824105451301,13N.11E.34.4423,NWIS_NM,35.3,-105.75,GW,1,1,1,1,0,2640.0,2640.0,2640.0,1977-08-18,1977-08-18
322342103452403,22S.31E.15.2244 H-5C,NWIS_NM,32.39,-103.75,GW,2,2,2,2,0,1200.0,412000.0,206600.0,1978-05-24,1979-05-16
321817103250001,23S.35E.18.1434,NWIS_NM,32.3,-103.4,GW,1,1,1,1,0,1220.0,1220.0,1220.0,1979-03-12,1979-03-12
322023103482001,23S.31E.5.1123 H-4A,NWIS_NM,32.33,-103.8,GW,3,1,3,1,0,22300.0,22300.0,22300.0,1978-12-05,1978-12-14
322023103482002,23S.31E.5.1123 H-4B,NWIS_NM,32.33,-103.8,GW,3,1,3,1,0,18100.0,18100.0,18100.0,1978-12-05,1978-12-14
322023103482003,23S.31E.05.1123 H-4C,NWIS_NM,32.33,-103.8,GW,1,1,1,1,0,322000.0,322000.0,322000.0,1979-03-16,1979-03-16
322342103452401,22S.31E.15.2244 H-5A,NWIS_NM,32.39,-103.75,GW,1,1,1,1,0,6090.0,6090.0,6090.0,1978-12-14,1978-12-14
322342103452402,22S.31E.15.2244 H-5B,NWIS_NM,32.39,-103.75,GW,2,1,2,1,0,144000.0,144000.0,144000.0,1978-12-10,1978-12-19
322352103503601,22S.31E.18.111 H-6A,NWIS_NM,32.39,-103.82,GW,2,1,2,1,0,5760.0,5760.0,5760.0,1978-12-15,1978-12-20
322352103503602,22S.31E.18.111 H-6B,NWIS_NM,32.39,-103.82,GW,2,1,2,1,0,52600.0,52600.0,52600.0,1978-12-18,1978-12-20
322352103503603,22S.31E.18.111 H-6C,NWIS_NM,32.39,-103.82,GW,1,1,0,1,0,316000.0,316000.0,316000.0,1979-04-09,1979-04-09
322610103424201,21S.32E.31.2332,NWIS_NM,32.43,-103.71,GW,2,2,1,2,0,179000.0,180000.0,179500.0,1979-04-27,1979-04-29
331855104212101,11S.25E.36.144 GW SAMPLE FROM BACK HOE TRENCH,NWIS_NM,33.31,-104.35,GW,1,1,1,1,0,13700.0,13700.0,13700.0,1979-04-03,1979-04-03
331857104211201,11N.25W.36.14234,NWIS_NM,33.31,-104.35,GW,1,1,1,1,0,12600.0,12600.0,12600.0,1979-07-19,1979-07-19
331857104211202,11N.25W.36.14234A,NWIS_NM,33.31,-104.35,GW,1,1,1,1,0,16500.0,16500.0,16500.0,1979-07-11,1979-07-11
331905104211201,11S.25E.36.213 PVACD-1,NWIS_NM,33.31,-104.35,GW,1,1,1,1,0,2530.0,2530.0,2530.0,1979-04-04,1979-04-04
321218103504901,24S.30E.23.2423 H-8A,NWIS_NM,32.2,-103.84,GW,1,2,1,1,0,8990.0,9410.0,9200.0,1980-02-12,1980-02-12
321218103504902,24S.30E.23.2423 H-8B,NWIS_NM,32.2,-103.84,GW,1,2,1,1,0,2950.0,3200.0,3075.0,1980-02-11,1980-02-11
321218103504903,24S.30E.23.2423 H-8C,NWIS_NM,32.2,-103.84,GW,1,2,1,1,0,124000.0,130000.0,127000.0,1980-09-06,1980-09-06
321443103472401,24S.31E.04.1341 H-9A,NWIS_NM,32.24,-103.78,GW,1,2,1,1,0,5030.0,5460.0,5245.0,1980-02-05,1980-02-05
321443103472402,24S.31E.04.1341 H-9B,NWIS_NM,32.24,-103.78,GW,1,2,1,1,0,3350.0,3590.0,3470.0,1980-02-05,1980-02-05
321443103472403,24S.31E.04.1341 H-9C,NWIS_NM,32.24,-103.78,GW,1,2,1,1,0,321000.0,326000.0,323500.0,1980-05-20,1980-05-20
321701103413901,23S.32E.20.3442 H-10A,NWIS_NM,32.28,-103.69,GW,1,2,1,1,0,261000.0,270000.0,265500.0,1980-03-21,1980-03-21
321701103413902,23S.32E.20.3442 H-10B,NWIS_NM,32.28,-103.69,GW,1,2,1,1,0,65800.0,69200.0,67500.0,1980-03-21,1980-03-21
321701103413903,23S.32E.20.3442 H-10C,NWIS_NM,32.28,-103.69,GW,1,2,1,1,0,310000.0,323000.0,316500.0,1980-05-19,1980-05-19
321820103510502,23S.30E.14.1333 H-7B,NWIS_NM,32.3,-103.85,GW,1,2,1,1,0,3290.0,3610.0,3450.0,1980-03-20,1980-03-20
321820103510503,23S.30E.14.1333 H-7C,NWIS_NM,32.3,-103.85,GW,1,2,1,1,0,69700.0,79800.0,74750.0,1980-03-20,1980-03-20
322037103580901,22S.29E.34.3423 WIPP-29,NWIS_NM,32.34,-103.97,GW,2,4,2,2,0,97000.0,239000.0,159250.0,1980-03-18,1980-08-20
322200103524801,22S.30E.29.2322 WIPP-26,NWIS_NM,32.36,-103.89,GW,2,4,2,2,0,15800.0,153000.0,78400.0,1980-03-18,1980-08-18
322336103522401,22S.30E.15.1433 WIPP-25,NWIS_NM,32.39,-103.87,GW,3,6,3,3,0,11900.0,252000.0,93316.7,1980-03-19,1980-09-04
322632103472201,21S.31E.33.1113 WIPP-30,NWIS_NM,32.44,-103.79,GW,3,6,3,3,0,18500.0,302000.0,137750.0,1980-03-19,1980-09-24
322814103531501,21S.31E.21.1211 WIPP-27,NWIS_NM,32.47,-103.78,GW,4,8,4,4,0,106000.0,363000.0,192000.0,1980-05-21,1980-09-20
322912103485701,21S.31E.18.2111 WIPP-28,NWIS_NM,32.48,-103.81,GW,2,4,2,2,0,56400.0,337000.0,167600.0,1980-03-20,1980-08-21
325041104193701,17S.26E.12.331 Pecos Tensiometer site,NWIS_NM,32.84,-104.34,GW,1,1,1,1,0,7720.0,7720.0,7720.0,1980-06-24,1980-06-24
325217104205501,17S.26E.02.21243,NWIS_NM,32.87,-104.34,GW,1,1,1,1,0,6360.0,6360.0,6360.0,1980-05-13,1980-05-13
353340105430601,"15N.11E.12.242 Sweeney well in Pecos Grant, N Mex",NWIS_NM,35.56,-105.71,GW,1,0,1,1,0,,,,1980-08-20,1980-08-20
08379178,"Tecolote Creek at Wright Canyon near El Porvenir, N Mex",NWIS_NM,35.68,-105.48,ST,157,27,150,28,0,67.0,150.0,90.4,1980-05-01,1990-09-26
08380090,"Porvenir Canyon at mouth near El Porvenir, N Mex",NWIS_NM,35.68,-105.37,ST,24,23,24,23,0,68.0,134.0,99.0,1980-08-30,1990-10-02
320052104204601,26S.25E.25. HAY HOLLOW Spring,NWIS_NM,32.01,-104.34,SP,1,2,1,1,0,2420.0,2740.0,2580.0,1981-07-31,1981-07-31
320550104240801,25S.25E.28. Chosa Spring,NWIS_NM,32.09,-104.4,SP,1,2,1,1,0,2530.0,2890.0,2710.0,1981-07-31,1981-07-31
322251104281501,22S.24E.23. ENDLESS CAVE,NWIS_NM,32.38,-104.47,SP,1,2,1,1,0,414.0,430.0,422.0,1981-08-13,1981-08-13
322727104480501,21S.21E.21.BOX SHACK well,NWIS_NM,32.45,-104.8,GW,1,2,1,1,0,561.0,575.0,568.0,1981-08-13,1981-08-13
322757104350101,21S.23E.22,NWIS_NM,32.46,-104.58,GW,1,2,1,1,0,437.0,450.0,443.5,1981-08-13,1981-08-13
322923104410301,21S.22E.10. GISLER well,NWIS_NM,32.48,-104.68,GW,1,0,1,0,0,,,,1981-08-18,1981-08-18
322928104382501,21S.23E.07 GISLER HQ,NWIS_NM,32.49,-104.64,GW,2,3,1,2,0,455.0,977.0,786.7,1981-08-18,1981-08-18
330300104405101,15S.23E.06.22222,NWIS_NM,33.05,-104.68,GW,1,2,1,1,0,614.0,651.0,632.5,1981-07-23,1981-07-23
330400105010501,14S.20E.29 Cherry well,NWIS_NM,33.06,-105.01,GW,1,2,1,1,0,416.0,442.0,429.0,1981-08-10,1981-08-10
331814104444210,Hondo River,NWIS_NM,33.3,-104.74,ST,1,2,1,1,0,713.0,753.0,733.0,1981-08-11,1981-08-11
332209104572401,11S.20E.09 NUNEZ well,NWIS_NM,33.36,-104.95,GW,1,2,1,1,0,988.0,1080.0,1034.0,1981-08-11,1981-08-11
332718105330601,10S.14E.11.FT. STANTON MESA Well,NWIS_NM,33.45,-105.55,GW,1,2,1,1,0,2330.0,2490.0,2410.0,1981-07-30,1981-07-30
332742104200801,10S.26E.07.230,NWIS_NM,33.46,-104.33,GW,1,2,1,1,0,3860.0,4280.0,4070.0,1981-07-23,1981-07-23
332750105350010,Bonito Creek at picnic area,NWIS_NM,33.46,-105.58,ST,1,2,1,1,0,890.0,935.0,912.5,1981-07-30,1981-07-30
332830104240101,10S.25E.01.,NWIS_NM,33.47,-104.4,GW,1,1,1,1,0,2910.0,2910.0,2910.0,1981-07-23,1981-07-23
333030105293601,09S.15E.20. FT. STANTO CAVE,NWIS_NM,33.5,-105.49,SP,1,2,1,1,0,488.0,504.0,496.0,1981-08-14,1981-08-14
333115105282001,09S.15E.16 GOVT SPS FT STANTON,NWIS_NM,33.52,-105.47,SP,1,2,1,1,0,1120.0,1190.0,1155.0,1981-08-14,1981-08-14
333643104421201,08S.22E.22 DICK CORN HQ,NWIS_NM,33.61,-104.7,GW,1,2,1,1,0,1230.0,1330.0,1280.0,1981-08-20,1981-08-20
333731104401101,08S.22E.13. DICK CORN Ranch,NWIS_NM,33.62,-104.67,GW,1,2,1,1,0,1410.0,1430.0,1420.0,1981-08-20,1981-08-20
333952104394801,07S.22E.36. BAJILLO Well,NWIS_NM,33.66,-104.66,GW,1,2,0,1,0,1600.0,3240.0,2420.0,1981-08-20,1981-08-20
330223104002801,15S.29E.03. Little Lucky well,NWIS_NM,33.03,-104.0,GW,1,1,1,1,0,614.0,614.0,614.0,1982-08-06,1982-08-06
330805103535301,14S.30E.02. Scott Wells Bogles Ranch,NWIS_NM,33.13,-103.89,GW,1,1,1,1,0,5050.0,5050.0,5050.0,1982-08-06,1982-08-06
330833104570001,13S.20E.34.32 Corn Charlie,NWIS_NM,33.14,-104.95,GW,1,1,1,1,0,621.0,621.0,621.0,1982-08-30,1982-08-30
331238104500601,13S.21E.11.111,NWIS_NM,33.21,-104.83,GW,1,1,1,1,0,437.0,437.0,437.0,1982-08-30,1982-08-30
331705103574801,12S.30E.07. Culp Ranch,NWIS_NM,33.28,-103.96,GW,1,1,1,1,0,711.0,711.0,711.0,1982-08-13,1982-08-13
331803103542101,12S.30E.31.Culp Ranch well,NWIS_NM,33.3,-103.9,GW,1,1,1,1,0,239.0,239.0,239.0,1982-08-13,1982-08-13
331813104201510,12S.26E.04.410 Bottomless Lakes overflow,NWIS_NM,33.3,-104.33,ST,1,1,0,1,0,11400.0,11400.0,11400.0,1982-03-22,1982-03-22
331857104185701,11S.26E.35.334,NWIS_NM,33.31,-104.31,SP,1,1,0,1,0,3430.0,3430.0,3430.0,1982-08-26,1982-08-26
331948104180301,11S.26E.25.334,NWIS_NM,33.33,-104.3,GW,1,1,0,1,0,3440.0,3440.0,3440.0,1982-08-26,1982-08-26
333014103442201,09S.31E.26. Camino Well,NWIS_NM,33.5,-103.73,GW,1,1,1,1,0,469.0,469.0,469.0,1982-08-13,1982-08-13
333731103473801,08S.31E.17. DAVID BILBREY Well,NWIS_NM,33.62,-103.79,GW,1,1,1,1,0,4150.0,4150.0,4150.0,1982-08-11,1982-08-11
333858104420201,08S.22E.02. TOM CORN Ranch SOUTH Well,NWIS_NM,33.64,-104.7,GW,1,1,1,1,0,3080.0,3080.0,3080.0,1982-08-03,1982-08-03
333912103463201,08S.31E.04. EMMET MCCOMBS Well,NWIS_NM,33.65,-103.77,GW,1,1,1,1,0,1370.0,1370.0,1370.0,1982-08-11,1982-08-11
333917103481301,08S.31E.05. EMMET MCCOMBS HEADQUARTERS Well,NWIS_NM,33.65,-103.8,GW,1,1,1,1,0,654.0,654.0,654.0,1982-08-11,1982-08-11
334056104415501,07S.22E.26. TOM CORN HEADQUARTERS Well,NWIS_NM,33.68,-104.69,GW,1,1,1,1,0,1500.0,1500.0,1500.0,1982-08-03,1982-08-03
334134104460701,07S.22E.19. MAX STEVENSON SOUTH Well,NWIS_NM,33.69,-104.76,GW,1,1,1,1,0,1940.0,1940.0,1940.0,1982-08-04,1982-08-04
334244104413801,07S.22E.14.123,NWIS_NM,33.71,-104.69,GW,1,1,1,1,0,1340.0,1340.0,1340.0,1982-08-04,1982-08-04
334312104524401,07S.21E.07.412,NWIS_NM,33.71,-104.87,GW,1,1,0,1,0,681.0,681.0,681.0,1982-08-27,1982-08-27
334907104004701,06S.29E.05. Sam Moorhead Salt Windmill,NWIS_NM,33.81,-104.01,GW,1,1,1,1,0,6060.0,6060.0,6060.0,1982-08-12,1982-08-12
335008103581501,05S.28E.26. SAM Moorhead north Well,NWIS_NM,33.83,-103.97,GW,1,1,1,1,0,2290.0,2290.0,2290.0,1982-08-12,1982-08-12
335009104031501,05S.27E.25. Cedar Windmill,NWIS_NM,33.83,-104.05,GW,1,1,1,1,0,1050.0,1050.0,1050.0,1982-08-12,1982-08-12
335015103581401,05S.28E.26.432111 EDWIN DENT,NWIS_NM,33.83,-103.97,GW,1,1,1,1,0,2190.0,2190.0,2190.0,1982-08-11,1982-08-11
345852104431701,09N.21E.28.1233 E-6,NWIS_NM,34.98,-104.72,GW,1,1,1,1,0,7830.0,7830.0,7830.0,1982-09-29,1982-09-29
345916104390701,09N.22E.19.3144 E-1,NWIS_NM,34.98,-104.65,GW,1,1,1,1,0,17800.0,17800.0,17800.0,1982-09-28,1982-09-28
350007104433301,09N.21E.16.3133 E-2,NWIS_NM,35.0,-104.72,GW,1,1,1,1,0,38400.0,38400.0,38400.0,1982-09-29,1982-09-29
350057104470601,09N.20E.11.432 E-5,NWIS_NM,35.01,-104.78,GW,1,1,1,1,0,15300.0,15300.0,15300.0,1982-09-29,1982-09-29
350148104442201,09N.21E.05.3322 CH-33,NWIS_NM,35.03,-104.73,GW,1,1,1,1,0,138.0,138.0,138.0,1982-09-28,1982-09-28
350207104433501,09N.21E.05.2444 CH-32,NWIS_NM,35.03,-104.72,GW,1,0,1,1,0,,,,1982-09-28,1982-09-28
350224104445201,09N.21E.06.2231 CH-20,NWIS_NM,35.04,-104.74,GW,1,0,1,1,0,,,,1982-09-28,1982-09-28
320002104171101,26S.26E.34.131 OWL DRAW Spring,NWIS_NM,32.0,-104.28,SP,1,0,1,1,0,,,,1983-09-02,1983-09-02
320252104202001,26S.26E.18.113 BEN SLAUGHTER Spring,NWIS_NM,32.04,-104.33,SP,1,0,1,1,0,,,,1983-08-05,1983-08-05
320450104212801,25S.25E.35.222 Cottonwood Spring,NWIS_NM,32.08,-104.35,SP,1,0,1,1,0,,,,1983-08-05,1983-08-05
320452104281001,26S.24E.02.121142,NWIS_NM,32.07,-104.47,GW,1,0,1,1,0,,,,1983-08-03,1983-08-03
320729104275101,25S.24E.14.4332,NWIS_NM,32.12,-104.46,GW,1,0,0,1,0,,,,1983-08-03,1983-08-03
320740103583001,25S.29E.15.323 BRANTLEY well,NWIS_NM,32.12,-103.97,GW,1,0,1,1,0,,,,1983-08-04,1983-08-04
321912104295301,22S.24E.09.241 W.P. MURRAY well NO. 4,NWIS_NM,32.32,-104.49,GW,1,0,1,1,0,,,,1983-08-05,1983-08-05
323232104395101,20S.23E.26.323 SOUTH well BOX CANYON Ranch,NWIS_NM,32.54,-104.66,GW,1,1,1,1,0,2670.0,2670.0,2670.0,1982-10-15,1982-10-15
324329104541501,18S.20E.28.121 unamed well,NWIS_NM,32.72,-104.9,GW,1,0,1,1,0,,,,1983-08-03,1983-08-03
332644104205701,10S.25E.13.421,NWIS_NM,33.44,-104.34,SP,1,0,1,1,0,,,,1983-07-13,1983-07-13
332902105261101,09S.15E.35.244 FT STANTON PRIEST CYN Well,NWIS_NM,33.48,-105.43,GW,1,0,1,1,0,,,,1983-05-13,1983-05-13
332916105281601,09S.15E.33.221 FT STANTON RED TAIL Well,NWIS_NM,33.48,-105.47,GW,1,0,1,1,0,,,,1983-05-18,1983-05-18
332948105360301,09S.14E.29.321,NWIS_NM,33.49,-105.6,SP,1,0,1,1,0,,,,1983-05-04,1983-05-04
333002105353101,09S.14E.29.241 WEST PASTURE Well,NWIS_NM,33.5,-105.59,GW,1,0,1,1,0,,,,1983-06-08,1983-06-08
333008105342401,09S.14E.28.224,NWIS_NM,33.5,-105.57,SP,1,0,1,1,0,,,,1983-06-23,1983-06-23
333012105295610,09S.15E.20.341 Rio Bonito SITE 1A,NWIS_NM,33.5,-105.49,ST,1,0,1,1,0,,,,1983-05-13,1983-05-13
333032105295901,09S.15E.20.314 Rio Bonito CORRAL Well,NWIS_NM,33.5,-105.5,GW,1,0,1,1,0,,,,1983-05-18,1983-05-18
333048104211301,09S.25E.24.431,NWIS_NM,33.51,-104.35,SP,1,0,1,1,0,,,,1983-07-13,1983-07-13
333120105280401,09S.15E.15.331 Government Spring,NWIS_NM,33.52,-105.46,SP,1,0,1,1,0,,,,1983-05-13,1983-05-13
333217105292001,09S.15E.08.422 EAST PASTURE Well,NWIS_NM,33.53,-105.48,GW,1,0,1,1,0,,,,1983-06-08,1983-06-08
333315104095901,09S.27E.11.121,NWIS_NM,33.55,-104.16,GW,1,0,1,1,0,,,,1983-07-12,1983-07-12
333458104184301,08S.26E.32.22210,NWIS_NM,33.58,-104.31,GW,1,0,1,1,0,,,,1983-07-12,1983-07-12
335106104243301,05S.24E.22.433 HIGH POINT Well BLM ID NO. 40071,NWIS_NM,33.85,-104.4,GW,1,1,1,1,0,2790.0,2790.0,2790.0,1982-12-22,1982-12-22
323439103455601,20S.32E.16.223 Laguna Plata Brine Spring,NWIS_NM,32.57,-103.76,SP,1,0,1,1,0,,,,1987-04-30,1987-04-30
323510103453910,"Laguna Plata 31 miles northeast of Carlsbad, N. Mex",NWIS_NM,32.58,-103.76,LK,1,0,1,1,0,,,,1987-04-30,1987-04-30
08379185,"Wright Canyon at mile .55 near El Porvenir, N. Mex",NWIS_NM,35.69,-105.47,ST,80,26,74,27,0,166.0,336.0,196.5,1987-05-01,1991-07-19
08380075,"Porvenir Canyon near El Porvenir, N Mex",NWIS_NM,35.71,-105.41,ST,24,24,24,24,0,68.0,120.0,93.2,1987-06-04,1990-10-02
08380000,"Gallinas Creek near El Porvenir, N Mex",NWIS_NM,35.69,-105.41,ST,24,24,24,24,0,76.0,122.0,93.6,1987-06-04,1990-10-02
08379940,"Gallinas Creek above Burro Canyon near El Porvenir, N Mex",NWIS_NM,35.72,-105.5,ST,24,24,24,24,0,64.0,104.0,77.9,1987-06-04,1990-10-02
08379182,"Wright Canyon at mile 1.2 near El Porvenir, N. Mex",NWIS_NM,35.7,-105.48,ST,154,22,149,22,0,112.0,216.0,173.0,1987-06-17,1990-09-29
08379175,"Tecolote Creek near El Porvenir, N Mex",NWIS_NM,35.69,-105.5,ST,173,28,168,28,0,30.0,80.0,48.6,1987-06-17,1990-09-26
354120105284601,17N.14E.20.4212 Grindstone Spring,NWIS_NM,35.68,-105.48,SP,2,2,2,2,0,212.0,240.0,226.0,1987-09-10,1989-06-22
323429103420910,Laguna Gatuna No. 1,NWIS_NM,32.57,-103.7,ST,1,0,0,1,0,,,,1988-05-25,1988-05-25
323433103412810,Laguna Gatuna No. 2,NWIS_NM,32.57,-103.69,ST,1,0,1,1,0,,,,1988-05-25,1988-05-25
354140105284010,"Wright Canyon at mile 0.40 (below road) near El Porvenir, N. Mex",NWIS_NM,35.69,-105.47,ST,2,0,1,0,0,,,,1989-07-26,1991-07-19
88350012,"Pecos River pumpage, Acme-Artesia",NWIS_NM,32.83,-104.31,ST,5,0,5,0,0,,,,1991-07-25,1991-09-26
331056104242001,13S.25E.24.11131,NWIS_NM,33.18,-104.4,GW,1,0,1,1,0,,,,1997-05-22,1997-05-22
08447410,"Pecos River near Langtry, Tex",NWIS_TX,29.8,-101.44,ST,335,409,335,328,33,381.0,5940.0,1985.7,1971-03-01,2007-08-14
305502103504101,PS-52-02-404,NWIS_TX,30.91,-103.84,GW,2,1,1,1,1,270.6,270.6,270.6,2000-01-10,2010-08-16
08427000,"Giffin springs at Toyahvale, Tex",NWIS_TX,30.94,-103.78,SP,13,0,13,0,0,,,,1999-11-08,2001-08-28
08425500,"Phantom Lake Spring near Toyahvale, Tex",NWIS_TX,30.93,-103.84,SP,14,4,14,4,0,2250.0,2270.0,2260.0,1967-02-15,2001-05-22
305723102015801,US-53-08-601,NWIS_TX,30.95,-102.03,GW,2,0,1,1,0,,,,1987-04-29,2000-03-14
08446500,"Pecos River near Girvin, Tex",NWIS_TX,31.11,-102.41,ST,253,215,241,226,1,639.0,42300.0,14001.4,1960-01-01,2011-06-20
08427500,"San Solomon springs at Toyahvale, Tex",NWIS_TX,30.94,-103.78,SP,6,1,6,1,1,1564.8,1564.8,1564.8,2001-01-22,2010-08-18
305859102571001,US-53-01-210,NWIS_TX,30.98,-102.95,GW,1,1,1,1,1,963.1,963.1,963.1,2010-08-05,2010-08-05
305949102552301,US-53-01-208,NWIS_TX,30.99,-102.92,GW,1,1,1,1,1,1278.9,1278.9,1278.9,2010-08-04,2010-08-04
305559103154101,US-52-06-603,NWIS_TX,30.93,-103.26,GW,2,1,2,2,1,443.7,443.7,443.7,1987-06-23,2010-08-06
305419102545301,US-53-01-907,NWIS_TX,30.9,-102.91,GW,2,1,2,2,1,2321.6,2321.6,2321.6,1987-04-29,2010-08-06
08446600,"Diamond Y Springs near Ft Stockton, Tex",NWIS_TX,31.0,-102.92,SP,1,1,1,1,1,5124.9,5124.9,5124.9,2010-08-08,2010-08-08
303852102432902,US-53-19-7xx (PC QW),NWIS_TX,30.64,-102.72,GW,1,1,1,1,1,328.6,328.6,328.6,2010-08-10,2010-08-10
305140102521101,US-53-09-306,NWIS_TX,30.87,-102.88,GW,1,1,1,1,1,2262.0,2262.0,2262.0,2010-08-10,2010-08-10
311235103000901,US-46-56-309,NWIS_TX,31.2,-103.0,GW,1,1,1,1,1,1027.3,1027.3,1027.3,2010-08-11,2010-08-11
311422102555101,US-45-49-203,NWIS_TX,31.23,-102.93,GW,1,1,1,1,1,4156.3,4156.3,4156.3,2010-08-11,2010-08-11
311610103050901,US-46-48-701,NWIS_TX,31.26,-103.08,GW,2,1,2,2,1,1057.7,1057.7,1057.7,1987-04-07,2010-08-12
305836102131701,US-53-07-105,NWIS_TX,30.97,-102.22,GW,1,1,1,1,1,994.4,994.4,994.4,2010-08-13,2010-08-13
305112102265901,US-53-13-208,NWIS_TX,30.85,-102.44,GW,1,1,1,1,1,2190.8,2190.8,2190.8,2010-08-13,2010-08-13
305132103015701,US-52-16-3xx (S-21),NWIS_TX,30.85,-103.03,GW,1,1,1,1,1,2033.8,2033.8,2033.8,2010-08-16,2010-08-16
304646103013401,US-52-16-910,NWIS_TX,30.77,-103.02,GW,1,1,1,1,1,1304.2,1304.2,1304.2,2010-08-16,2010-08-16
305331103020501,US-52-08-909,NWIS_TX,30.89,-103.03,GW,1,1,1,1,1,2772.8,2772.8,2772.8,2010-08-17,2010-08-17
304950103013401,US-52-16-603,NWIS_TX,30.83,-103.02,GW,1,1,1,1,1,1549.1,1549.1,1549.1,2010-08-17,2010-08-17
311602102400601,US-45-43-807,NWIS_TX,31.26,-102.67,GW,1,1,1,1,1,10032.7,10032.7,10032.7,2010-08-17,2010-08-17
311602102400901,US-45-43-8xx (PA 1),NWIS_TX,31.26,-102.68,GW,1,1,1,1,1,12068.4,12068.4,12068.4,2010-08-18,2010-08-18
304805103013301,US-52-16-609,NWIS_TX,30.8,-103.02,GW,1,1,1,1,1,1761.9,1761.9,1761.9,2010-08-19,2010-08-19
304807103025301,US-52-16-504,NWIS_TX,30.8,-103.04,GW,1,1,1,1,1,1483.7,1483.7,1483.7,2010-08-20,2010-08-20
304802103003901,US-52-16-611,NWIS_TX,30.8,-103.01,GW,2,1,2,2,1,1665.4,1665.4,1665.4,1987-04-30,2010-08-20
303941103175001,US-52-22-8xx (Farm Well 3),NWIS_TX,30.66,-103.29,GW,1,1,1,1,1,862.5,862.5,862.5,2010-08-25,2010-08-25
304117102560101,US-53-17-501,NWIS_TX,30.68,-102.93,GW,1,1,1,1,1,1784.0,1784.0,1784.0,2010-08-25,2010-08-25
310136102311601,US-45-60-903,NWIS_TX,31.02,-102.52,GW,1,1,1,1,1,3667.7,3667.7,3667.7,2010-08-26,2010-08-26
303342103064001,US-52-07-502,NWIS_TX,30.93,-103.18,GW,1,1,1,1,1,789.6,789.6,789.6,2010-08-27,2010-08-27
310718102484801,US-45-58-2xx (Hargus Windmill),NWIS_TX,31.12,-102.81,GW,1,1,1,1,1,5344.7,5344.7,5344.7,2010-08-27,2010-08-27
304715103263501,US-52-13-801,NWIS_TX,30.78,-103.44,GW,1,1,1,1,1,432.8,432.8,432.8,2010-08-28,2010-08-28
310806103171901,WD-46-54-901,NWIS_TX,31.13,-103.28,GW,1,1,1,1,1,705.9,705.9,705.9,2010-08-30,2010-08-30
310949103090401,US-46-55-9xx (Weatherby Ranch),NWIS_TX,31.16,-103.15,GW,1,1,1,1,1,508.4,508.4,508.4,2010-08-31,2010-08-31
305529102560601,US-53-01-5xx (Apache 3),NWIS_TX,30.92,-102.93,GW,1,1,1,1,1,3852.3,3852.3,3852.3,2010-08-31,2010-08-31
304020103025202,US-52-24-501,NWIS_TX,30.67,-103.05,GW,1,1,1,1,1,1297.1,1297.1,1297.1,2010-09-01,2010-09-01
305509103510101,PS-52-02-4xx (Balmerea),NWIS_TX,30.91,-103.85,GW,2,1,1,1,2,255.7,255.7,255.7,2010-09-01,2010-09-01
303222103263701,BK-52-29-8xx (Brewster County ET Well),NWIS_TX,30.53,-103.44,GW,1,1,1,1,1,365.2,365.2,365.2,2010-09-02,2010-09-02
302955103451101,PS-52-34-303,NWIS_TX,30.49,-103.75,GW,1,1,1,1,1,270.1,270.1,270.1,2010-09-02,2010-09-02
310625103175201,WD-46-62-201,NWIS_TX,31.1,-103.29,GW,1,1,1,1,1,504.2,504.2,504.2,2010-09-02,2010-09-02
08444500,"Comanche Springs at Ft Stockton, Tex",NWIS_TX,30.88,-102.87,SP,1,1,1,1,1,2645.3,2645.3,2645.3,2011-01-25,2011-01-25
08437000,"Santa Rosa Spring near Grandfalls, Tex",NWIS_TX,31.26,-102.95,SP,1,1,1,1,1,4523.3,4523.3,4523.3,2011-01-25,2011-01-25
08441500,"Pecos River below Grandfalls, Tex",NWIS_TX,31.28,-102.74,ST,1,0,1,1,1,,,,2011-06-21,2011-06-21
305354102373501,US-53-03-9xx,NWIS_TX,30.89,-102.62,GW,1,1,1,1,1,1027.2,1027.2,1027.2,2011-06-21,2011-06-21
305531103474201,WD-52-02-507,NWIS_TX,30.92,-103.79,GW,3,1,1,1,1,1785.6,1785.6,1785.6,2011-06-22,2011-06-22
304605103444601,PS-52-11-702,NWIS_TX,30.77,-103.74,GW,3,1,1,1,1,233.0,233.0,233.0,2011-06-22,2011-06-22
304006103315601,PS-52-20-601,NWIS_TX,30.66,-103.53,GW,3,1,1,1,1,858.7,858.7,858.7,2011-06-23,2011-06-23
310204102131500,"Pecos River at Ranch Road 1901 near McCamey, Tex",NWIS_TX,31.03,-102.22,ST,1,1,1,1,1,16875.4,16875.4,16875.4,2015-02-23,2015-02-23
315300103550900,"Salt Creek at Red Bluff Lake Road near Orla, Tex",NWIS_TX,31.88,-103.91,ST,1,1,1,1,1,22042.9,22042.9,22042.9,2015-02-25,2015-02-25
08446550,"Pecos River near Girvin, Tex (Flood gage )",NWIS_TX,31.11,-102.41,ST,1,1,1,1,1,16787.2,16787.2,16787.2,2015-02-24,2015-02-24
304718101500600,"Pecos River at Crockett County Road 306 near Iraan, Tex",NWIS_TX,30.78,-101.83,ST,1,1,1,1,1,15070.6,15070.6,15070.6,2015-02-23,2015-02-23
311402102285400,"Pecos River at Horsehead Rd near Imperial, Tex",NWIS_TX,31.23,-102.48,ST,1,1,1,1,1,16323.5,16323.5,16323.5,2015-02-24,2015-02-24
311557102355600,"Pecos River at Old Crane Road near Imperial, Tex",NWIS_TX,31.26,-102.59,ST,1,1,1,1,1,16217.5,16217.5,16217.5,2015-02-25,2015-02-25
313256103294600,"Pecos River at Barstow Dam near Barstow, Tex",NWIS_TX,31.54,-103.49,ST,1,1,1,1,1,13206.3,13206.3,13206.3,2015-02-26,2015-02-26
311820102523900,"Pecos River at Hwy 18 near Grandfalls, Tex",NWIS_TX,31.3,-102.87,ST,1,1,1,1,1,15009.3,15009.3,15009.3,2015-02-24,2015-02-24
08437710,"Pecos River at Ranch Road 1776 near Grandfalls, Tex",NWIS_TX,31.36,-103.0,ST,1,1,1,1,1,14999.4,14999.4,14999.4,2015-02-24,2015-02-24
305849101582900,"Pecos River at SH 349 near Iraan, Tex",NWIS_TX,30.98,-101.97,ST,1,1,1,1,1,16101.7,16101.7,16101.7,2015-02-22,2015-02-22
311323102435200,"Artesian Well SE of FM 1053 near Imperial, Tex",NWIS_TX,31.22,-102.73,GW,1,1,1,1,1,91560.6,91560.6,91560.6,2015-02-25,2015-02-25
311418102432601,"Artesian well MRK East near Imperial, Tex",NWIS_TX,31.23,-102.72,GW,1,1,1,1,1,7534.1,7534.1,7534.1,2015-02-25,2015-02-25
08414000,"Pecos River near Mentone, Tex",NWIS_TX,31.66,-103.62,ST,77,76,77,76,0,2840.0,17500.0,9731.7,1968-09-25,2015-02-26
305253102524401,US-53-01-906,NWIS_TX,30.88,-102.87,SP,10,0,2,10,0,,,,1932-04-07,1991-01-25
305344103080401,US-52-07-903,NWIS_TX,30.89,-103.13,GW,1,0,0,1,0,,,,1956-07-17,1956-07-17
305100103011201,US-52-16-302,NWIS_TX,30.85,-103.02,GW,1,0,0,1,0,,,,1956-03-06,1956-03-06
303936103193001,US-52-22-801,NWIS_TX,30.66,-103.32,GW,1,0,0,1,0,,,,1956-03-05,1956-03-05
303750103193601,US-52-22-802,NWIS_TX,30.62,-103.33,GW,1,0,0,1,0,,,,1956-03-05,1956-03-05
304650103035201,US-52-16-801,NWIS_TX,30.78,-103.06,GW,1,0,0,1,0,,,,1958-04-10,1958-04-10
08410100,"Pecos River belowRed Bluff Dam near Orla, Tex",NWIS_TX,31.9,-103.91,ST,145,146,145,145,0,84.5,14400.0,7595.8,1959-10-01,1969-09-01
08431800,"Limpia Creek below Ft Davis, Tex",NWIS_TX,30.68,-103.79,ST,7,5,7,7,0,122.0,231.0,203.2,1965-05-14,1967-10-18
08435800,"Coyanosa Draw near Ft Stockton, Tex",NWIS_TX,31.04,-103.13,ST,2,2,2,2,0,170.0,219.0,194.5,1965-05-13,1967-06-16
08431700,"Limpia Creek above Ft Davis, Tex",NWIS_TX,30.61,-104.0,ST,36,40,34,34,1,62.0,152.0,113.3,1967-08-01,1986-06-26
08447000,"Pecos River near Sheffield, Tex",NWIS_TX,30.65,-101.77,ST,74,73,74,74,0,255.0,12400.0,7123.4,1968-10-14,1977-08-08
08435600,"Toronto Creek near Alpine, Tex",NWIS_TX,30.35,-103.71,ST,38,18,36,27,0,43.0,152.0,78.9,1972-05-30,1976-08-29
08435660,"Moss Ck near Alpine, Tex",NWIS_TX,30.34,-103.64,ST,40,13,40,20,0,48.0,331.0,110.0,1972-05-27,1976-07-15
08435620,"Alpine Ck at Alpine, Tex",NWIS_TX,30.35,-103.66,ST,12,10,12,10,0,61.0,359.0,177.0,1973-07-14,1975-06-24
304830103002001,US-52-16-608,NWIS_TX,30.8,-103.0,GW,1,0,0,1,0,,,,1979-07-11,1979-07-11
305810103085001,US-52-07-301,NWIS_TX,30.96,-103.14,GW,1,0,0,1,0,,,,1979-07-11,1979-07-11
305132103053201,US-52-16-101,NWIS_TX,30.85,-103.09,GW,1,0,0,1,0,,,,1979-07-11,1979-07-11
304840103072401,US-52-16-401,NWIS_TX,30.81,-103.12,GW,1,0,0,1,0,,,,1979-07-11,1979-07-11
304309103122901,US-52-23-201,NWIS_TX,30.71,-103.2,GW,1,0,0,1,0,,,,1979-07-11,1979-07-11
310015103100401,US-46-63-802,NWIS_TX,31.0,-103.16,GW,1,0,1,1,0,,,,1987-04-07,1987-04-07
311340103040101,US-46-56-201,NWIS_TX,31.22,-103.06,GW,1,0,1,1,0,,,,1987-04-07,1987-04-07
303751102404401,US-53-19-801,NWIS_TX,30.63,-102.67,GW,1,0,1,1,0,,,,1987-04-11,1987-04-11
304305102442901,US-53-19-101,NWIS_TX,30.71,-102.74,GW,1,0,1,1,0,,,,1987-04-11,1987-04-11
302835102444801,US-53-35-102,NWIS_TX,30.47,-102.74,GW,1,0,1,1,0,,,,1987-04-12,1987-04-12
303651102111401,US-53-31-201,NWIS_TX,30.61,-102.18,GW,1,0,1,1,0,,,,1987-04-13,1987-04-13
304141101494501,US-54-18-506,NWIS_TX,30.69,-101.82,GW,1,0,1,1,0,,,,1987-04-13,1987-04-13
310307102225201,US-45-61-607,NWIS_TX,31.05,-102.38,GW,1,0,1,1,0,,,,1987-04-09,1987-04-09
305020102265801,US-53-13-203,NWIS_TX,30.83,-102.45,GW,1,0,1,1,0,,,,1987-04-10,1987-04-10
310017102135501,US-45-63-703,NWIS_TX,31.0,-102.23,GW,1,0,1,1,0,,,,1987-04-09,1987-04-09
310810102310201,US-45-52-901,NWIS_TX,31.13,-102.51,GW,1,0,1,1,0,,,,1987-04-09,1987-04-09
310430102401201,US-45-59-501,NWIS_TX,31.07,-102.67,GW,1,0,1,1,0,,,,1987-04-09,1987-04-09
310002102551101,US-45-57-801,NWIS_TX,31.0,-102.92,SP,2,0,1,2,0,,,,1987-04-09,1991-01-25
304107102573901,US-54-17-402,NWIS_TX,30.68,-102.96,GW,1,0,1,1,0,,,,1987-04-29,1987-04-29
304953102103601,US-53-15-502,NWIS_TX,30.83,-102.17,GW,1,0,1,1,0,,,,1987-04-29,1987-04-29
305415102222801,US-53-06-703,NWIS_TX,30.9,-102.37,GW,1,0,1,1,0,,,,1987-04-29,1987-04-29
305858103095401,US-52-07-303,NWIS_TX,30.98,-103.16,GW,1,0,1,1,0,,,,1987-04-30,1987-04-30
305318103080401,US-52-07-902,NWIS_TX,30.88,-103.13,GW,1,0,1,1,0,,,,1987-04-29,1987-04-29
305100102345301,US-53-12-204,NWIS_TX,30.85,-102.58,GW,1,0,1,1,0,,,,1987-04-28,1987-04-28
304159102320101,US-53-20-601,NWIS_TX,30.69,-102.53,GW,1,0,1,1,0,,,,1987-04-28,1987-04-28
303637103215601,BK-52-30-104,NWIS_TX,30.61,-103.36,GW,1,0,1,1,0,,,,1987-06-24,1987-06-24
305615103183001,US-52-06-503,NWIS_TX,30.93,-103.3,GW,1,0,1,1,0,,,,1987-06-23,1987-06-23
304317103204901,US-52-22-101,NWIS_TX,30.72,-103.34,GW,1,0,1,1,0,,,,1987-06-24,1987-06-24
304353103063201,US-52-24-101,NWIS_TX,30.73,-103.1,GW,1,0,1,1,0,,,,1987-06-24,1987-06-24
304516103233101,US-52-13-901,NWIS_TX,30.75,-103.39,GW,1,0,1,1,0,,,,1987-06-24,1987-06-24
304511103095501,US-52-15-901,NWIS_TX,30.75,-103.16,GW,1,0,1,1,0,,,,1987-06-24,1987-06-24
PECO_GZJ_G1,Glorieta Creek at USFS Boundary 1500M above GCC,STORET,35.6,-105.76,ST,23,4,11,4,0,166.0,283.2,214.3,1995-03-31,1997-03-27
PECO_GZJ_G2,Glorieta Creek - 800M Downstream from GCC STP,STORET,35.57,-105.75,ST,38,6,18,6,0,230.0,574.0,394.3,1995-03-31,1997-03-27
PECO_GZJ_G3,Glorieta Creek 300M West of County Line,STORET,35.56,-105.72,ST,39,7,19,7,0,246.0,638.0,461.1,1995-03-31,1997-03-27
CAVE_CSM_OKSP,Oak Spring,STORET,32.18,-104.44,SP,1,0,0,1,0,,,,1995-07-25,1995-07-25
NM0026395,Carlsbad WWTP,STORET,32.42,-104.17,FA-WWTP,19,10,10,7,0,902.0,1550.0,1109.2,2000-01-19,2003-12-02
50PECOSR575.0,Pecos River below Santa Rosa Dam,STORET,35.02,-104.68,ST,9,9,9,5,0,622.0,2370.0,1479.6,2001-03-28,2001-10-18
50SANTARINLET,Santa Rosa Reservoir inlet,STORET,35.05,-104.7,LK,3,4,3,3,0,392.0,516.0,434.0,2001-04-03,2001-10-30
NM0028088,LifeWay Glorieta Conference Center/WWTP - NM0028088,STORET,35.58,-105.76,ST,16,10,13,5,0,442.0,616.0,518.4,2001-05-15,2010-12-01
50PECOSR512.6,Pecos River at Puerta de Luna bridge,STORET,34.73,-104.52,ST,8,7,8,5,0,2370.0,2790.0,2488.6,2001-06-05,2001-10-18
50PECOSR529.1,Pecos River below confluence with El Rito Creek,STORET,34.92,-104.68,ST,9,8,8,4,0,2310.0,2710.0,2462.5,2001-06-05,2001-10-18
50ELRITO000.3,EL RITO CREEK upstream of SANTA ROSA WWTF,STORET,34.92,-104.68,ST,8,8,8,4,0,2340.0,2690.0,2490.0,2001-06-05,2001-10-18
NM0024988,Santa Rosa Wastewater Plant - NM0024988,STORET,34.92,-104.68,ST,13,10,8,6,0,634.0,1480.0,882.4,2001-06-05,2010-07-13
50PECOSR529.2,Pecos River upstream of El Rito Creek,STORET,34.92,-104.68,ST,8,9,8,4,0,1990.0,2680.0,2330.0,2001-06-05,2001-10-18
50PECOSR593.1,"Pecos River near Colonias, N Mex",STORET,35.05,-104.75,ST,3,3,3,1,0,132.0,194.0,162.7,2001-06-05,2001-06-07
50ORTEGA000.1,Ortega ditch below Rock Lake Fish Hatchery,STORET,34.91,-104.66,ST,1,1,1,0,0,2480.0,2480.0,2480.0,2001-06-06,2001-06-06
50GALLIN000.1,Gallinas River above Pecos at Park Springs,STORET,35.16,-104.92,ST,3,3,3,1,0,528.0,790.0,688.7,2001-06-06,2001-10-17
50BLUEHOLEMID,Blue Hole middle,STORET,34.94,-104.67,Lk,1,2,1,1,0,2520.0,2630.0,2575.0,2001-07-10,2001-07-10
NM0029165,Ruidoso/Ruidoso Downs WWTP,STORET,33.33,-105.54,FA-WWTP,18,10,8,6,0,914.0,1280.0,1158.8,2002-05-21,2003-10-23
59RPENAS176.0,Rio Penasco near Farm Road 6563,STORET,32.84,-105.78,ST,16,8,8,3,0,360.0,468.0,411.0,2003-03-05,2003-10-16
60PECOSR011.3,Pecos River near Red Bluff at County Road 725,STORET,32.06,-104.0,ST,10,9,10,6,0,5140.0,24200.0,11661.6,2003-03-10,2003-12-01
60BLACKR052.0,Black River above Rattlesnake Spring,STORET,32.09,-104.46,ST,10,9,10,6,0,1450.0,2220.0,2047.6,2003-03-10,2003-12-01
60BLACKR005.7,Black River at Higby Hole,STORET,32.23,-104.09,ST,11,9,11,6,0,2320.0,5552.0,4482.4,2003-03-10,2003-12-02
60PECOSR050.2,Pecos River below Black River Harroun Crossing,STORET,32.24,-104.04,ST,12,8,12,5,0,4020.0,7760.0,6106.5,2003-03-10,2003-12-01
60PECOSR061.5,Pecos River below Harroun (ten-mile) Dam,STORET,32.31,-104.05,ST,9,9,9,6,0,3660.0,8170.0,5992.0,2003-03-11,2003-12-02
60PECOSR088.4,Pecos River below Carlsbad WWTP near Otis,STORET,32.4,-104.17,ST,10,9,10,6,0,1820.0,3350.0,2525.3,2003-03-11,2003-12-02
60PECOSR125.0,Pecos River below Brantley Dam at THE USGS gage,STORET,32.54,-104.36,ST,11,11,12,7,0,3300.0,15900.0,6120.9,2003-03-11,2003-12-02
56PECOSR194.6,"Pecos River near Lake Arthur, N Mex",STORET,32.98,-104.32,ST,11,9,11,6,0,4100.0,11000.0,7669.6,2003-03-11,2003-12-02
58RFELIX002.1,"Rio Felix near Hagerman, N Mex",STORET,33.13,-104.32,ST,2,1,2,1,0,6670.0,6670.0,6670.0,2003-03-11,2003-06-19
56PECOSR257.2,Pecos River west of Bottomless Lakes State Park,STORET,33.32,-104.35,ST,8,8,8,6,0,2930.0,8180.0,6010.0,2003-03-11,2003-12-02
57RHONDO009.4,Rio Hondo above Hagerman Canal,STORET,33.41,-104.45,ST,1,1,1,1,0,4930.0,4930.0,4930.0,2003-03-12,2003-03-12
56PECOSR301.0,Pecos River at Bitter Lake Refuge at US Highway 70/railroad crossing,STORET,33.57,-104.36,ST,11,7,10,4,0,2220.0,6310.0,3933.1,2003-03-12,2003-12-03
52PECOSR483.8,Pecos River below Sumner Dam at USGS Gage,STORET,34.6,-104.38,ST,12,8,10,6,0,1690.0,3082.0,2519.5,2003-03-12,2003-12-04
57RRUIDO042.3,Rio Ruidoso at USGS gaging station at Hollywood,STORET,33.32,-105.62,ST,11,9,9,5,0,410.0,1040.0,855.3,2003-03-18,2003-10-23
57RRUIDO001.3,Rio Ruidoso 1 MI above Rio Bonito at San Patricio,STORET,33.38,-105.28,ST,16,9,7,4,0,1600.0,1770.0,1658.4,2003-03-18,2003-10-23
57RHONDO105.8,Rio Hondo below Riverside on Rio Hondo Land and Cattle prope,STORET,33.33,-105.06,ST,14,8,9,4,0,1310.0,1580.0,1439.5,2003-03-19,2003-10-21
60BRANTLEYSHA,BRANTLEY RESERVOIR SHALLOW,STORET,32.56,-104.39,LK,3,3,0,3,0,1900.0,5060.0,3206.7,2003-03-25,2003-10-28
60PECOSR099.7,Carlsbad SpringS at Carlsbad PARK,STORET,32.44,-104.25,SP,11,7,9,5,0,2730.0,5840.0,4110.0,2003-03-11,2003-12-02
59RPENAS144.3,Rio Penasco at Miller Flats Road bridge (Farm Road 212),STORET,32.87,-105.49,ST,4,3,3,3,0,572.0,602.0,590.0,2003-04-24,2003-10-16
60SITTIN000.1,Sitting Bull Creek below recreation area,STORET,32.25,-104.69,ST,4,3,3,3,0,344.0,374.0,360.0,2003-05-06,2003-10-09
60BLACKR051.0,Rattlesnake Springs,STORET,32.1,-104.47,SP,4,3,3,3,0,470.0,546.0,518.0,2003-05-06,2003-10-08
57SPRING002.0,Spring River above Rio Hondo,STORET,33.4,-104.5,ST,1,1,0,1,0,2180.0,2180.0,2180.0,2003-05-07,2003-05-07
57NRUIDO008.4,North fork Rio Ruidoso below ski lodge,STORET,33.39,-105.78,ST,3,3,2,3,0,178.0,200.0,192.0,2003-05-20,2003-10-21
56BOTTOMLESSL,12S.26E.04.410 Bottomless Lakes overflow,STORET,33.3,-104.33,ST,7,6,7,5,0,8160.0,8790.0,8495.3,2003-05-13,2003-12-02
60SITTIN000.3,Sitting Bull Creek at the base of the falls,STORET,32.25,-104.69,ST,2,1,1,1,0,356.0,356.0,356.0,2003-07-29,2003-10-09
NM0029165-M,Ruidoso New WWTP outfall pipe - NM0029165,STORET,33.35,-105.54,FA-OF,20,7,8,1,0,1080.0,1580.0,1441.4,2004-04-21,2012-11-07
57RRuido031.0,Rio Ruidoso 10 feet above WWTP outfall - 57RRuido031.0,STORET,33.36,-105.54,ST,1,1,0,1,0,500.0,500.0,500.0,2004-04-21,2004-04-21
57RRuido030.2,"Rio Ruidoso below new WWTP, mile-marker 267.5, Hwy 70 - 57RRuido030.2",STORET,33.36,-105.53,ST,1,1,0,1,0,570.0,570.0,570.0,2004-04-21,2004-04-21
FW08NM018,Unknown,STORET,32.36,-104.18,ST,1,0,1,1,0,,,,2008-07-29,2008-07-29
FW08NM027,Rio Hondo,STORET,33.41,-104.45,ST,1,0,1,1,0,,,,2009-05-18,2009-05-18
FW08NM039,Pecos River,STORET,34.44,-104.23,ST,1,0,1,1,0,,,,2009-05-19,2009-05-19
FW08NM023,Pecos River,STORET,34.0,-104.31,ST,1,0,1,1,0,,,,2009-05-20,2009-05-20
FW08NM010,Penasco River,STORET,32.91,-105.33,ST,1,0,1,1,0,,,,2009-05-21,2009-05-21
FW08NM042,Pecos River,STORET,32.51,-104.31,ST,1,0,1,1,0,,,,2009-05-25,2009-05-25
50SantaRLkMid,Santa Rosa Lake DP. STA. midchannel Buoy at Dam - 50SantaRLkMid,STORET,35.02,-104.68,LK,5,0,60,0,0,,,,2010-04-06,2010-10-26
50SantaRosaSH,Santa Rosa Lake shallow near inflow - 50SantaRosaSH,STORET,35.04,-104.66,LK,3,1,24,1,0,262.0,262.0,262.0,2010-04-06,2010-10-26
50PecosR651.0,Pecos River near Anton Chico at gage # 8379500 - 50PecosR651.0,STORET,35.17,-105.1,ST,10,10,10,10,0,118.0,860.0,261.2,2010-04-07,2010-11-10
50SumnerLkDam,Sumner Lake Dam at Spillway Canyon opening - 50SumnerLkDam,STORET,34.6,-104.37,LK,3,0,33,0,0,,,,2010-04-07,2010-10-27
50SumnerReser,Sumner Lake shallow at Rock Bluff near Bass CN - 50SumnerReser,STORET,34.63,-104.39,LK,3,0,10,0,0,,,,2010-04-07,2010-10-27
50PecosR540.8,Pecos River at Puerto de Luna - 50PecosR540.8,STORET,34.82,-104.62,ST,8,7,7,7,0,2530.0,2680.0,2618.6,2010-04-14,2010-11-23
50PecosR550.5,Pecos River at Hinker Crossing - 50PecosR550.5,STORET,34.89,-104.65,ST,5,5,5,5,0,2560.0,2780.0,2658.0,2010-04-14,2010-11-10
50PecosR559.3,Pecos River at Parker Ave Bridge in Santa Rosa - 50PecosR559.3,STORET,34.93,-104.69,ST,7,6,6,6,0,288.0,2530.0,1959.7,2010-04-14,2010-10-27
50PecosR601.2,Pecos River at gage near Colonias - 50PecosR601.2,STORET,35.09,-104.79,ST,5,5,5,5,0,102.0,252.0,174.0,2010-04-14,2010-07-02
50Gallin004.0,Gallinas River near Colonias at gage # 8382500 - 50Gallin004.0,STORET,35.18,-104.9,ST,10,7,10,6,0,350.0,756.0,515.7,2010-04-14,2010-11-10
50Glorie013.5,Glorieta Creek below Glorieta Conference Center WWTP - 50Glorie013.5,STORET,35.58,-105.76,ST,7,0,3,0,0,,,,2010-04-27,2010-06-17
50Glorie014.0,Glorieta Creek above Glorieta Conference Center WWTP - 50Glorie014.0,STORET,35.58,-105.76,ST,3,0,2,0,0,,,,2010-04-28,2010-05-19
50ElRito000.2,EL RITO CREEK downstream of THE SANTA ROSA WWTF - 50ElRito000.2,STORET,34.92,-104.68,ST,5,5,5,5,0,2340.0,2590.0,2486.0,2010-05-25,2010-11-10
50Glorie012.6,Glorieta Creek at Cur Trail - 50Glorie012.6,STORET,35.57,-105.75,ST,12,3,3,2,0,536.0,644.0,600.7,2010-09-22,2010-12-01
50RockLkHatch,Rock Lake Fish Hatchery Effluent - 50RockLkHatch,STORET,34.91,-104.67,ST,1,1,1,1,0,2780.0,2780.0,2780.0,2010-11-10,2010-11-10
57RBonit053.4,Rio Bonito at Highway 48 bridge -USGS Gage 0838850 - 57RBonit053.4,STORET,33.44,-105.66,ST,8,4,7,0,0,452.0,5540.0,1817.5,2012-04-03,2012-10-23
57RBonit061.1,Rio Bonito at FR 107 - 57RBonit061.1,STORET,33.45,-105.75,ST,5,3,5,0,0,424.0,510.0,464.7,2012-04-03,2012-07-25
57RRuido019.8,Rio Ruidoso at Glencoe-FR 443 - 57RRuido019.8,STORET,33.41,-105.44,ST,24,6,17,0,0,1000.0,1320.0,1151.7,2012-04-03,2012-10-23
57RRuido030.5,Rio Ruidoso at CR E002 - 57RRuido030.5,STORET,33.36,-105.53,ST,25,5,15,0,0,1060.0,1410.0,1220.0,2012-04-03,2012-11-07
57RRuido031.5,Rio Ruidoso abv Hwy 70 bridge - 57RRuido031.5,STORET,33.35,-105.54,ST,26,5,19,0,0,882.0,1180.0,1018.4,2012-04-03,2012-11-07
57Carriz000.1,Carrizo Creek above The Rio Ruidoso - 57Carriz000.1,STORET,33.32,-105.65,ST,15,5,14,0,0,1010.0,1040.0,1022.0,2012-04-04,2012-10-10
57Carriz003.0,Carrizo Creek at Mescalero Boundary - 57Carriz003.0,STORET,33.3,-105.66,ST,6,5,6,0,0,946.0,990.0,968.4,2012-04-04,2012-08-07
57Grinds001.3,Grindstone Canyon below Grindstone Reservoir - 57Grinds001.3,STORET,33.32,-105.68,ST,9,6,9,0,0,600.0,694.0,647.0,2012-04-04,2012-09-20
57RBonit027.7,Rio Bonito at BLM Apple Orchard Site - 57RBonit027.7,STORET,33.52,-105.45,ST,10,4,7,0,0,824.0,1290.0,1103.5,2012-04-04,2012-10-23
57RHondo131.1,Rio Hondo 100 yards below confluence - 57RHondo131.1,STORET,33.38,-105.27,ST,19,5,8,0,0,852.0,1580.0,1354.4,2012-04-04,2012-10-23
57RRuido039.4,Rio Ruidoso below Ruidoso Downs Racetrack at Joe Welch Dr - 57RRuido039.4,STORET,33.33,-105.59,ST,11,5,8,0,0,696.0,928.0,790.8,2012-04-04,2012-09-12
57RRuido045.3,Rio Ruidoso above Carrizo Creek - 57RRuido045.3,STORET,33.32,-105.65,ST,18,5,14,0,0,288.0,450.0,374.8,2012-04-04,2012-10-10
57RRuido052.4,Rio Ruidoso at Mescalero boundary at USGS Gage 08386505 - 57RRuido052.4,STORET,33.33,-105.72,ST,8,5,10,0,0,154.0,294.0,194.4,2012-04-04,2012-09-12
59AguaCh029.0,Agua Chiquita between Weed and Sacramento - 59AguaCh029.0,STORET,32.8,-105.54,ST,18,5,11,0,0,216.0,352.0,272.8,2012-04-05,2012-09-26
59RPenas090.0,Rio Penasco at Helena Road below USGS Gage 08397620 - 59RPenas090.0,STORET,32.84,-105.03,ST,19,5,12,0,0,458.0,552.0,497.2,2012-04-05,2012-10-24
59RPenas108.4,Rio Penasco at NM 24-USGS Gage 08397600 - 59RPenas108,STORET,32.88,-105.17,ST,26,6,13,0,0,536.0,608.0,561.3,2012-04-05,2012-10-24
59RPenas140.2,Rio Penasco on USFS (below Mayhill) - 59RPenas140.2,STORET,32.92,-105.41,ST,18,5,6,0,0,456.0,536.0,502.8,2012-04-05,2012-10-10
59RPenas170.4,Rio Penasco at BLUFF SpringS - 59RPenas170.4,STORET,32.83,-105.73,ST,21,6,8,0,0,234.0,280.0,258.0,2012-04-05,2012-10-24
57EagleC030.0,Eagle Creek below Alto Lake - 57EagleC030.0,STORET,33.39,-105.67,ST,4,2,4,0,0,716.0,830.0,773.0,2012-05-08,2012-07-25
57AltoLake,Alto Lake - 57AltoLake,STORET,33.39,-105.67,LK,4,4,24,0,0,530.0,556.0,539.5,2012-05-16,2012-09-20
57BonitoLakeD,50M FROM DAM BETWEEN CENTER AND north WEST SHORE - 57BonitoLakeD,STORET,33.45,-105.73,LK,2,2,33,0,0,328.0,354.0,341.0,2012-05-16,2012-06-20
57RBonit059.9,Rio Bonito below Dam - 57RBonit059.9,STORET,33.45,-105.72,ST,7,3,6,0,0,340.0,650.0,545.3,2012-05-16,2012-10-23
57GrindCanRes,Grindstone Canyon Reservoir deep  - 57GrindCanRes,STORET,33.32,-105.68,LK,4,4,62,0,0,298.0,338.0,322.5,2012-05-17,2012-09-19
57SEagle000.1,South Fork Eagle Creek abv Eagle Creek- 57SEagle000.1,STORET,33.39,-105.72,ST,2,2,2,0,0,462.0,2100.0,1281.0,2012-07-10,2012-08-07
57RBonit001.0,Rio Bonito above HWY 70 bridge - 57RBonit001.0,STORET,33.38,-105.27,ST,2,1,2,0,0,1130.0,1130.0,1130.0,2012-08-07,2012-10-23
56PECOSR282.5,"Pecos River at Bitter Lakes, river mile 84.9 (USGS 8386030)",STORET,33.45,-104.37,ST,1,0,1,0,0,,,,2003-04-29,2003-04-29
52PECOSR311.7,Pecos River at pipeline upstream of Salt Creek,STORET,33.64,-104.35,ST,1,0,1,0,0,,,,2003-04-29,2003-04-29
52PECOSR328.2,Pecos River at Bosque Draw,STORET,33.75,-104.3,ST,2,0,2,0,0,,,,2003-04-29,2003-06-18
52PECOSR430.0,Pecos River at USGS gage below Taiban Creek,STORET,34.33,-104.18,ST,1,0,1,0,0,,,,2003-05-27,2003-05-27
52PECOSR353.0,Pecos River at Pump Flat,STORET,33.91,-104.27,ST,1,0,1,0,0,,,,2003-06-17,2003-06-17
PECO_NURE_0130,N12166,STORET,35.56,-105.73,ST,5,0,1,1,0,,,,1977-09-19,1977-09-19
PECO_NURE_0126,N12158,STORET,35.6,-105.76,ST,2,0,0,1,0,,,,1977-09-19,1977-09-19
PECO_NURE_0132,N12170,STORET,35.59,-105.73,ST,2,0,0,1,0,,,,1977-09-20,1977-09-20
PECO_NURE_0133,N12172,STORET,35.65,-105.76,ST,2,0,0,1,0,,,,1977-09-20,1977-09-20
PECO_NURE_0183,N13864,STORET,35.59,-105.76,ST,2,0,0,1,0,,,,1977-10-01,1977-10-01
PECO_NURE_0188,N13887,STORET,35.56,-105.72,ST,2,0,0,1,0,,,,1977-10-03,1977-10-03
CAVE_NURE_0007,020149,STORET,32.17,-104.44,SP,4,0,1,0,0,,,,1976-10-28,1976-10-28
CAVE_NURE_0046,020469,STORET,32.24,-104.69,ST,5,0,1,1,0,,,,1976-10-31,1976-10-31
CAVE_NURE_0051,020506,STORET,32.18,-104.43,SP,4,0,1,1,0,,,,1976-10-31,1976-10-31
CAVE_NURE_0066,020522,STORET,32.24,-104.37,SP,5,0,1,1,0,,,,1976-11-02,1976-11-02
CAVE_NURE_0067,020523,STORET,32.23,-104.38,SP,5,0,1,1,0,,,,1976-11-02,1976-11-02
CAVE_NURE_0070,020526,STORET,32.2,-104.4,SP,5,0,1,1,0,,,,1976-11-02,1976-11-02
CAVE_NURE_0083,020545,STORET,32.08,-104.31,ST,5,0,1,1,0,,,,1976-11-04,1976-11-04
CAVE_NURE_0084,020546,STORET,32.08,-104.35,SP,5,0,1,1,0,,,,1976-11-04,1976-11-04
CAVE_NURE_0082,020544,STORET,32.04,-104.33,SP,5,0,1,1,0,,,,1976-11-04,1976-11-04
CAVE_NURE_0108,020576,STORET,32.23,-104.68,SP,4,0,1,1,0,,,,1976-11-06,1976-11-06
CAVE_NURE_0118,020587,STORET,32.2,-104.58,SP,4,0,1,1,0,,,,1976-11-06,1976-11-06
CAVE_NURE_0119,020588,STORET,32.21,-104.56,SP,4,0,1,1,0,,,,1976-11-06,1976-11-06
CAVE_NURE_0126,020595,STORET,32.22,-104.5,SP,4,0,1,1,0,,,,1976-11-06,1976-11-06
CAVE_NURE_0128,020597,STORET,32.2,-104.5,SP,4,0,1,1,0,,,,1976-11-06,1976-11-06
CAVE_NURE_0137,020751,STORET,32.24,-104.66,SP,3,0,0,1,0,,,,1976-11-06,1976-11-06
CAVE_NURE_0129,020598,STORET,32.22,-104.54,SP,4,0,1,1,0,,,,1976-11-06,1976-11-06
CAVE_NURE_0130,020599,STORET,32.24,-104.59,SP,4,0,1,1,0,,,,1976-11-06,1976-11-06
CAVE_NURE_0111,020580,STORET,32.17,-104.64,SP,4,0,1,1,0,,,,1976-11-06,1976-11-06
CAVE_NURE_0114,020583,STORET,32.15,-104.64,SP,4,0,1,1,0,,,,1976-11-06,1976-11-06
CAVE_NURE_0153,020773,STORET,32.04,-104.69,SP,4,0,1,1,0,,,,1976-11-07,1976-11-07
CAVE_USGS_S1,Rattlesnake Spring-USGS Station 320635104281501,STORET,32.1,-104.47,SP,99,0,48,48,0,,,,1942-01-09,1958-02-25
CAVE_USGS_W41,Well 26.24.11.314,STORET,32.05,-104.47,GW,1,0,1,1,0,,,,1948-01-22,1948-01-22
CAVE_USGS_W42,Well 26.24.28.413,STORET,32.0,-104.49,GW,1,1,1,1,0,400.0,400.0,400.0,1948-01-22,1948-01-22
CAVE_USGS_W14,Well 23.23.16.133,STORET,32.3,-104.6,GW,1,1,1,1,0,277.0,277.0,277.0,1948-03-08,1948-03-08
CAVE_USGS_W10,Well 23.22.24.222,STORET,32.29,-104.66,GW,2,1,2,2,0,648.0,648.0,648.0,1948-03-12,1954-06-01
CAVE_USGS_W11,Well 23.22.36.113,STORET,32.26,-104.65,GW,1,1,1,1,0,314.0,314.0,314.0,1948-03-17,1948-03-17
CAVE_USGS_W29,Well 25.24.27.421,STORET,32.1,-104.48,GW,2,1,2,2,0,1266.0,1266.0,1266.0,1952-04-06,1953-07-15
CAVE_USGS_W38,Well 26.24.10.243,STORET,32.05,-104.48,GW,1,0,1,1,0,,,,1952-04-24,1952-04-24
CAVE_USGS_W27,Well 25.24.26.334,STORET,32.09,-104.47,GW,1,0,1,1,0,,,,1952-05-15,1952-05-15
CAVE_USGS_W30,Well 25.24.31.331,STORET,32.08,-104.54,GW,1,0,1,1,0,,,,1952-05-15,1952-05-15
CAVE_USGS_W24,Well 25.24.16.410,STORET,32.13,-104.49,GW,1,0,1,1,0,,,,1952-05-16,1952-05-16
CAVE_USGS_W25,Well 25.24.19.421,STORET,32.11,-104.53,GW,1,0,1,1,0,,,,1952-05-16,1952-05-16
CAVE_USGS_W34,Well 26.24.3.341,STORET,32.06,-104.48,GW,1,1,1,1,0,1770.0,1770.0,1770.0,1952-06-18,1952-06-18
CAVE_USGS_W46,Well 23.26.25.420,STORET,32.27,-104.24,GW,3,1,2,3,0,670.0,670.0,670.0,1952-07-03,1954-04-09
CAVE_USGS_W36,Well 26.24.9.441,STORET,32.04,-104.49,GW,1,1,1,1,0,1829.0,1829.0,1829.0,1952-07-30,1952-07-30
CAVE_USGS_W23,Well 25.24.11.211,STORET,32.15,-104.46,GW,1,0,1,1,0,,,,1952-09-04,1952-09-04
CAVE_USGS_W35,Well 26.24.9.111,STORET,32.06,-104.49,GW,2,2,2,2,0,1380.0,1390.0,1385.0,1952-09-11,1954-07-13
CAVE_USGS_W26,Well 25.24.26.121,STORET,32.1,-104.46,GW,1,0,1,1,0,,,,1952-10-01,1952-10-01
CAVE_USGS_W40,Well 26.24.10.341,STORET,32.04,-104.48,GW,1,1,1,1,0,3027.0,3027.0,3027.0,1953-02-06,1953-02-06
CAVE_USGS_W19,Well 24.25.34.221,STORET,32.18,-104.38,GW,2,0,1,2,0,,,,1953-07-15,1955-01-17
CAVE_USGS_W28,Well 25.24.27.124,STORET,32.1,-104.48,GW,1,1,1,1,0,505.0,505.0,505.0,1953-07-15,1953-07-15
CAVE_USGS_W31,Well 25.24.34.112a,STORET,32.09,-104.48,GW,1,1,1,1,0,1072.0,1072.0,1072.0,1953-07-15,1953-07-15
CAVE_USGS_W37,Well 26.24.10.131,STORET,32.05,-104.48,GW,1,1,1,1,0,2011.0,2011.0,2011.0,1953-07-15,1953-07-15
CAVE_USGS_W39,Well 26.24.10.321,STORET,32.05,-104.49,GW,1,1,1,1,0,2423.0,2423.0,2423.0,1953-07-15,1953-07-15
CAVE_USGS_W48,Well 24.26.24.111,STORET,32.2,-104.23,GW,1,1,1,1,0,2514.0,2514.0,2514.0,1953-07-15,1953-07-15
CAVE_USGS_W49,Well 24.26.24.113,STORET,32.2,-104.24,GW,1,1,1,1,0,2000.0,2000.0,2000.0,1953-07-15,1953-07-15
CAVE_USGS_17A,Black River downstream of Mayes Ranch,STORET,32.06,-104.47,ST,100,0,50,49,0,,,,1953-09-21,1958-02-25
CAVE_USGS_17B,Black River downstreamof Upper Diversion Dam,STORET,32.08,-104.47,ST,38,0,19,19,0,,,,1953-09-21,1955-06-29
CAVE_USGS_17C,Black River upstream of lower diversion dam,STORET,32.1,-104.45,ST,38,0,19,19,0,,,,1953-09-21,1955-06-29
CAVE_USGS_17D,Black River upstream of Blue Spring Creek mouth,STORET,32.17,-104.26,ST,40,0,20,20,0,,,,1953-09-21,1955-06-29
CAVE_USGS_17E,Blue Spring Creek upstream of all diversions,STORET,32.18,-104.28,ST,98,0,49,48,0,,,,1953-09-21,1958-02-25
CAVE_USGS_17F,Castle Spring at diversion dam,STORET,32.19,-104.25,SP,40,0,20,20,0,,,,1953-09-21,1955-06-29
CAVE_USGS_W33,Well 25.25.16.141,STORET,32.13,-104.39,GW,1,0,1,1,0,,,,1953-11-06,1953-11-06
CAVE_USGS_W32,Well 25.25.12.342,STORET,32.14,-104.35,GW,1,0,1,1,0,,,,1953-11-20,1953-11-20
CAVE_USGS_17H,Black river at Harkey Crossing,STORET,32.23,-104.19,ST,25,0,24,24,0,,,,1954-01-12,1957-03-12
CAVE_USGS_W45,Well 23.26.19.233,STORET,32.28,-104.33,GW,1,0,1,1,0,,,,1954-01-14,1954-01-14
CAVE_USGS_W20,Well 24.26.8.344,STORET,32.22,-104.31,GW,1,0,1,1,0,,,,1954-02-12,1954-02-12
CAVE_USGS_W47,Well 23.26.35.114,STORET,32.26,-104.25,GW,1,0,1,1,0,,,,1954-02-12,1954-02-12
CAVE_USGS_W18,Well 23.25.10.331,STORET,32.31,-104.39,GW,1,1,1,1,0,319.0,319.0,319.0,1954-04-11,1954-04-11
CAVE_USGS_W13,Well 23.23.14.234,STORET,32.3,-104.57,GW,1,0,1,1,0,,,,1954-05-27,1954-05-27
CAVE_USGS_W09,well 23.22.23.130,STORET,32.29,-104.67,GW,1,0,1,1,0,,,,1954-06-01,1954-06-01
CAVE_USGS_W12,Well 23.23.9.344,STORET,32.31,-104.6,GW,1,0,1,1,0,,,,1954-06-01,1954-06-01
CAVE_USGS_W16,Well 23.24.14.442,STORET,32.29,-104.46,GW,1,0,1,1,0,,,,1954-06-03,1954-06-03
CAVE_USGS_W15,Well 23.23.28.440,STORET,32.27,-104.59,GW,1,0,1,1,0,,,,1954-06-20,1954-06-20
CAVE_USGS_17G,Black River northeast of Black River Village,STORET,32.2,-104.24,ST,2,0,1,1,0,,,,1954-07-26,1954-07-26
CAVE_USGS_17I,Black River downstream from Lookout Crosssing,STORET,32.22,-104.11,ST,3,0,2,2,0,,,,1954-07-26,1954-07-27
CAVE_USGS_17J,Black River near confluence with Pecos River,STORET,32.24,-104.04,ST,5,0,3,3,0,,,,1954-07-26,1956-07-23
CAVE_USGS_W22,Well 24.26.32.123,STORET,32.17,-104.31,GW,1,0,1,1,0,,,,1954-08-03,1954-08-03
CAVE_USGS_W21,Well 24.26.10.322,STORET,32.23,-104.28,GW,1,1,1,1,0,1390.0,1390.0,1390.0,1955-01-17,1955-01-17
CAVE_USGS_W43,Well 23.25.24.232,STORET,32.29,-104.35,GW,1,0,1,1,0,,,,1955-07-26,1955-07-26
CAVE_USGS_W17,Well 23.25.8.222,STORET,32.32,-104.42,GW,1,0,1,1,0,,,,1957-05-07,1957-05-07
CAVE_NPS_RS,Rattlesnake Springs,STORET,32.1,-104.47,SP,9,5,4,5,0,458.0,603.0,516.0,1968-01-30,1996-02-07
CAVE_HUFF_W29,Well 23.25.02.44322,STORET,32.32,-104.36,GW,2,1,1,1,0,442.0,442.0,442.0,1977-06-16,1977-06-16
CAVE_JF_DS,Devil's Spring,STORET,32.17,-104.44,SB,15,3,6,3,0,571.0,630.0,592.7,1984-10-08,1995-11-12
CAVE_CSU_RSS,Rattlesnake Springs,STORET,32.1,-104.47,SP,4,2,2,2,0,334.0,338.0,336.0,1988-08-08,1989-03-12
CAVE_CB_LOTC,Lake of the Clouds,STORET,32.17,-104.43,SB,4,0,0,2,0,,,,1989-07-04,1994-06-26
CAVE_CB_NMP1,New Mexico Room Pool 1 (Chenille Pool),STORET,32.17,-104.44,SB,6,0,0,3,0,,,,1990-07-26,1994-06-26
CAVE_CB_NMP2,New Mexico Room Pool 2 (Aragonite Pool),STORET,32.17,-104.44,SB,4,0,0,2,0,,,,1990-07-26,1994-06-26
CAVE_NYU_SCP,Sugarlands Chenille Pool,STORET,32.19,-104.49,SB,2,0,0,1,0,,,,1990-07-24,1990-07-24
CAVE_NYU_SEHP,Sugarlands End of Helictite Pool,STORET,32.19,-104.5,SB,2,0,0,1,0,,,,1990-07-24,1990-07-24
CAVE_CB_NMP3,New Mexico Room Pool 3 (between 1 and 2),STORET,32.17,-104.44,SB,4,0,0,2,0,,,,1992-09-18,1994-06-26
CAVE_CB_NMP4,New Mexico Room Pool 4,STORET,32.17,-104.44,SB,2,0,0,1,0,,,,1992-09-18,1992-09-18
CAVE_NMED_RASP,Rattlesnake Spring well 25.24.23.343A,STORET,32.1,-104.47,GW,11,0,1,2,0,,,,1993-11-17,1998-01-26
CAVE_CB_NMP5,New Mexico Room Pool 5,STORET,32.17,-104.44,SB,2,0,0,1,0,,,,1994-06-26,1994-06-26
CAVE_CB_NMP6,New Mexico Room Pool 6,STORET,32.17,-104.44,SB,2,0,0,1,0,,,,1994-06-26,1994-06-26
CAVE_CB_NMP7,New Mexico Room Pool 7 (West of Pool 6),STORET,32.17,-104.44,SB,2,0,0,1,0,,,,1994-06-26,1994-06-26
CAVE_CB_NMP5D,New Mexico Room drip from stalactite above Pool 5,STORET,32.17,-104.44,SB,2,0,0,1,0,,,,1994-06-28,1994-06-28
CAVE_CB_NMP5D2M,New Mexico Room drip below stalactite above Pool 5,STORET,32.17,-104.44,SB,2,0,0,1,0,,,,1994-06-28,1994-06-28
CAVE_JF_IP,Iron Pool,STORET,32.17,-104.43,SB,18,4,7,4,0,3637.0,5971.0,4615.0,1994-03-12,1995-11-12
CAVE_JF_GL,Green Lake,STORET,32.17,-104.44,SB,15,3,6,3,0,385.0,447.0,417.3,1994-08-06,1995-11-12
CAVE_JF_GRP,Guadalupe Room Pool,STORET,32.17,-104.44,SB,2,1,1,1,0,439.0,439.0,439.0,1994-08-06,1994-08-06
CAVE_JF_HP,Horsehead Pool,STORET,32.17,-104.44,SB,12,3,4,3,0,327.0,406.0,370.7,1994-08-06,1995-04-08
CAVE_JF_LB,Longfellow's Bathtub,STORET,32.17,-104.44,SB,16,3,6,3,0,2277.0,2671.0,2465.0,1994-08-07,1995-11-12
CAVE_JF_LC,Lake of the Clouds,STORET,32.17,-104.43,SB,13,3,5,3,0,299.0,327.0,310.3,1994-08-07,1995-11-12
CAVE_JF_LE,Ledge Pool,STORET,32.17,-104.44,SB,3,1,1,1,0,456.0,456.0,456.0,1994-08-07,1994-08-07
CAVE_JF_RP,Rockery Pool,STORET,32.17,-104.44,SB,16,3,6,3,0,332.0,411.0,378.3,1994-08-07,1998-11-12
CAVE_JF_ML,Mirror Lake,STORET,32.17,-104.44,SB,13,2,5,2,0,241.0,298.0,269.5,1994-10-08,1995-11-12
CAVE_NYU_SHP,Sugarlands Helictite Pool,STORET,32.19,-104.49,SB,2,0,0,1,0,,,,1994-06-28,1994-06-28
CAVE_NYU_SHYP,Sugarlands Highest Yellow Pool,STORET,32.19,-104.49,SB,2,0,0,1,0,,,,1994-06-28,1994-06-28
CAVE_NYU_HPLL,Helictite Pool Below Lake Lebarge,STORET,32.18,-104.49,SB,2,0,0,1,0,,,,1994-06-30,1994-06-30
CAVE_NYU_LC,Lake Chandelar,STORET,32.18,-104.49,SB,2,0,0,1,0,,,,1994-06-30,1994-06-30
CAVE_NYU_LW,Last Water,STORET,32.18,-104.5,SB,2,0,0,1,0,,,,1994-06-30,1994-06-30
CAVE_NYU_PBLC,Pool Below Lake Chandelar,STORET,32.18,-104.49,SB,2,0,0,1,0,,,,1994-06-30,1994-06-30
CAVE_NYU_TPLL,Deep Turquoise Pool Above Lake Lebarge,STORET,32.18,-104.49,SB,2,0,0,1,0,,,,1994-06-30,1994-06-30
CAVE_NYU_UPLL,Upper Part of Lake Lebarge,STORET,32.18,-104.49,SB,2,0,0,1,0,,,,1994-06-30,1994-06-30
CAVE_NYU_YBR,Yellow Brick Road,STORET,32.18,-104.5,SB,2,0,0,1,0,,,,1994-06-30,1994-06-30
CAVE_CSM_CH1,Drip going into a Pool in Chocolate High,STORET,32.17,-104.44,SB,2,0,0,1,0,,,,1995-07-26,1995-07-26
CAVE_CSM_CH2,Drip in Chocolate High,STORET,32.17,-104.44,SB,2,0,0,1,0,,,,1995-07-26,1995-07-26
CAVE_CSM_CH3,Pool #1 in Chocolate High,STORET,32.17,-104.44,SB,2,0,0,1,0,,,,1995-07-26,1995-07-26
CAVE_CSM_CH4,Pool #2 in Chocolate High,STORET,32.17,-104.44,SB,2,0,0,1,0,,,,1995-07-26,1995-07-26
CAVE_CSM_LHT1,Iron Pool,STORET,32.17,-104.43,SB,2,0,0,1,0,,,,1995-07-26,1995-07-26
CAVE_CSM_LHT10,Pool at the end of the right hand fork,STORET,32.17,-104.43,SB,2,0,0,1,0,,,,1995-07-26,1995-07-26
CAVE_CSM_LHT11,Pool 130 feet  from hydromagnesite pool,STORET,32.17,-104.43,SB,2,0,0,1,0,,,,1995-07-26,1995-07-26
CAVE_CSM_LHT12,Pool beyond station LHT11,STORET,32.17,-104.43,SB,2,0,0,1,0,,,,1995-07-26,1995-07-26
CAVE_CSM_LHT13,Pool behind station LHT12,STORET,32.17,-104.43,SB,2,0,0,1,0,,,,1995-07-26,1995-07-26
CAVE_CSM_LHT14,Pool 6 inches west of station LHT12,STORET,32.17,-104.43,SB,2,0,0,1,0,,,,1995-07-26,1995-07-26
CAVE_CSM_LHT15,Pool above Iron Pool,STORET,32.17,-104.43,SB,2,0,0,1,0,,,,1995-07-26,1995-07-26
CAVE_CSM_LHT2,Middle Pool,STORET,32.17,-104.43,SB,2,0,0,1,0,,,,1995-07-26,1995-07-26
CAVE_CSM_LHT3,Hydromagnesite Pool,STORET,32.17,-104.43,SB,2,0,0,1,0,,,,1995-07-26,1995-07-26
CAVE_CSM_LHT4,Drapery Pool,STORET,32.17,-104.43,SB,2,0,0,1,0,,,,1995-07-26,1995-07-26
CAVE_CSM_LHT5,Shelfstone Trail pool,STORET,32.17,-104.43,SB,2,0,0,1,0,,,,1995-07-26,1995-07-26
CAVE_CSM_LHT6,Small pool parrallel to the draperies,STORET,32.17,-104.43,SB,2,0,0,1,0,,,,1995-07-26,1995-07-26
CAVE_CSM_LHT7,Pool left of Quintessential right climb,STORET,32.17,-104.43,SB,2,0,0,1,0,,,,1995-07-26,1995-07-26
CAVE_CSM_LHT8,Styrofoam bridge Pool,STORET,32.17,-104.43,SB,2,0,0,1,0,,,,1995-07-26,1995-07-26
CAVE_CSM_LHT9,Rusty pipe pool,STORET,32.17,-104.43,SB,2,0,0,1,0,,,,1995-07-26,1995-07-26
CAVE_CSM_MC1,Drip in MAIN CORRIDOR near THE TRAIL,STORET,32.17,-104.44,SB,2,0,0,1,0,,,,1995-07-26,1995-07-26
CAVE_CSM_MC2,Graffiti Pool,STORET,32.17,-104.44,SB,2,0,0,1,0,,,,1995-07-26,1995-07-26
CAVE_CSM_MC3,Shelf fungus pool,STORET,32.17,-104.44,SB,2,0,0,1,0,,,,1995-07-26,1995-07-26
CAVE_CSM_NM1,Texas Pool,STORET,32.17,-104.44,SB,2,0,0,1,0,,,,1995-07-27,1995-07-27
CAVE_CSM_NM2,Pool 0.5 feet lower than Texas Pool,STORET,32.17,-104.44,SB,2,0,0,1,0,,,,1995-07-27,1995-07-27
CAVE_CSM_NM3,Horsehead Pool,STORET,32.17,-104.44,SB,2,0,0,1,0,,,,1995-07-27,1995-07-27
CAVE_CSM_NM4,Pool in the lower westen maze,STORET,32.17,-104.44,SB,2,0,0,1,0,,,,1995-07-27,1995-07-27
CAVE_CSM_NM5,Pool at Base of the Lower Western Maze,STORET,32.17,-104.44,SB,2,0,0,1,0,,,,1995-07-27,1995-07-27
CAVE_CSM_NM6,First pool above the Leap of Faith,STORET,32.17,-104.44,SB,2,0,0,1,0,,,,1995-07-27,1995-07-27
CAVE_CSM_NM7,Pool above Pool on Ranger Room Trail,STORET,32.17,-104.44,SB,2,0,0,1,0,,,,1995-07-27,1995-07-27
CAVE_CSM_NM8,Pool on the trail to the Ranger Room,STORET,32.17,-104.44,SB,2,0,0,1,0,,,,1995-07-27,1995-07-27
CAVE_CSM_NS1,Lowest drip on the flowstone,STORET,32.17,-104.44,SB,2,0,0,1,0,,,,1995-07-28,1995-07-28
CAVE_CSM_NS10,Pool recharged by new section drip,STORET,32.17,-104.43,SB,2,0,0,1,0,,,,1995-07-28,1995-07-28
CAVE_CSM_NS11,Drip recharging new section pool,STORET,32.17,-104.43,SB,2,0,0,1,0,,,,1995-07-28,1995-07-28
CAVE_CSM_NS12,DRIP ON TRAIL TO THE TUNNEL TO THE HALL,STORET,32.17,-104.44,SB,2,0,0,1,0,,,,1995-07-28,1995-07-28
CAVE_CSM_NS2,Drip midway on a stalagmite,STORET,32.17,-104.44,SB,2,0,0,1,0,,,,1995-07-28,1995-07-28
CAVE_CSM_NS3,Highest drip in new section,STORET,32.17,-104.44,SB,2,0,0,1,0,,,,1995-07-28,1995-07-28
CAVE_CSM_NS4,Pool in flowstone room,STORET,32.17,-104.44,SB,2,0,0,1,0,,,,1995-07-28,1995-07-28
CAVE_CSM_NS5,Pool #1 in new section,STORET,32.17,-104.44,SB,2,0,0,1,0,,,,1995-07-28,1995-07-28
CAVE_CSM_NS6,Pool #2 in new section,STORET,32.17,-104.43,SB,2,0,0,1,0,,,,1995-07-28,1995-07-28
CAVE_CSM_NS7,Pool in the upper room,STORET,32.17,-104.43,SB,2,0,0,1,0,,,,1995-07-28,1995-07-28
CAVE_CSM_NS8,Pool in wall above upper room pool,STORET,32.17,-104.43,SB,2,0,0,1,0,,,,1995-07-28,1995-07-28
CAVE_CSM_NS9,Pool #3 in new section,STORET,32.17,-104.43,SB,2,0,0,1,0,,,,1995-07-28,1995-07-28
CAVE_CSM_BR1,Easternmost drip on edge of big room,STORET,32.17,-104.44,SB,2,0,0,1,0,,,,1995-07-29,1995-07-29
CAVE_CSM_BR2,Drip inTHE MIDDLE of THE TRAIL,STORET,32.17,-104.44,SB,2,0,0,1,0,,,,1995-07-29,1995-07-29
CAVE_CSM_BR3,DRIP BELOW THE RAILING,STORET,32.17,-104.44,SB,2,0,0,1,0,,,,1995-07-29,1995-07-29
CAVE_CSM_BR4,DRIP BESIDE THE LUNCHROOM TRAIL,STORET,32.17,-104.44,SB,2,0,0,1,0,,,,1995-07-29,1995-07-29
CAVE_CSM_FP1,Fossil Passage Pool,STORET,32.17,-104.44,SB,2,0,0,1,0,,,,1995-07-29,1995-07-29
CAVE_CSM_LC1,Lower Cave Pool near ladder,STORET,32.17,-104.44,SB,2,0,0,1,0,,,,1995-07-29,1995-07-29
CAVE_CSM_MBR1,SMALL POOL near BALCONY IN MABEL'S ROOM,STORET,32.17,-104.44,SB,2,0,0,1,0,,,,1995-07-29,1995-07-29
CAVE_CSM_MBR2,Large Pool near balcony in Mabel's Room,STORET,32.17,-104.44,SB,2,0,0,1,0,,,,1995-07-29,1995-07-29
CAVE_CSM_MR1,Pool on western side of Mystery Room,STORET,32.17,-104.44,SB,2,0,0,1,0,,,,1995-07-29,1995-07-29
CAVE_CSM_MR2,Drip recharging Mystery Room Pool,STORET,32.17,-104.44,SB,2,0,0,1,0,,,,1995-07-29,1995-07-29
CAVE_CSM_MR3,Pool at apex of mystery room,STORET,32.17,-104.44,SB,2,0,0,1,0,,,,1995-07-29,1995-07-29
CAVE_CSM_MR4,Pool 4 feet  below the apex pool (MR3),STORET,32.17,-104.44,SB,2,0,0,1,0,,,,1995-07-29,1995-07-29
CAVE_CSM_MR5,Mystery Pool,STORET,32.17,-104.44,SB,2,0,0,1,0,,,,1995-07-29,1995-07-29
CAVE_CSM_MR6,Pool below the mystery pool,STORET,32.17,-104.44,SB,2,0,0,1,0,,,,1995-07-29,1995-07-29
CAVE_CSM_MR7,Pool near entrance to the mystery room,STORET,32.17,-104.44,SB,2,0,0,1,0,,,,1995-07-29,1995-07-29
CAVE_CSM_BLR1,Pool with bat bones,STORET,32.17,-104.43,SB,2,0,0,1,0,,,,1995-07-30,1995-07-30
CAVE_CSM_BLR2,SMALL POOL above POOL WITH Bat BONES,STORET,32.17,-104.43,SB,2,0,0,1,0,,,,1995-07-30,1995-07-30
CAVE_CSM_TT1,Pool below the left hand tunnel,STORET,32.17,-104.43,SB,2,0,0,1,0,,,,1995-07-30,1995-07-30
CAVE_CSM_TT2,Drip east of Troll Town Pool,STORET,32.17,-104.43,SB,2,0,0,1,0,,,,1995-07-30,1995-07-30
CAVE_CSM_MC4,Constant stream from natural entrance,STORET,32.17,-104.44,SB,2,0,0,1,0,,,,1995-08-01,1995-08-01
CAVE_CSM_TP1,Pool #1 in Talcum Passage,STORET,32.17,-104.44,SB,2,0,0,1,0,,,,1995-08-02,1995-08-02
CAVE_CSM_TP2,Pool #2 in Talcum Passage,STORET,32.17,-104.44,SB,2,0,0,1,0,,,,1995-08-02,1995-08-02
CAVE_CSM_NS13,Pool #4 in new section,STORET,32.17,-104.43,SB,2,0,0,1,0,,,,1995-08-06,1995-08-06
CAVE_CSM_NS14,Pool #2 in new section,STORET,32.17,-104.43,SB,2,0,0,1,0,,,,1995-08-06,1995-08-06
CAVE_CSM_NS15,Drip in NEW SECTION,STORET,32.17,-104.43,SB,2,0,0,1,0,,,,1995-08-06,1995-08-06
CAVE_CSM_CVEN,Carlsbad Cavern natural entrance,STORET,32.17,-104.44,LA,2,0,0,1,0,,,,1995-08-13,1995-08-13
CAVE_CSM_PKLT,Carlsbad Cavern Visitor Center parking lot,STORET,32.17,-104.44,LA,2,0,0,1,0,,,,1995-08-13,1995-08-13
CAVE_CSM_BR5,DRIP near THE TRAP DOOR TO LOWER CAVE,STORET,32.17,-104.44,SB,2,0,0,1,0,,,,1995-08-16,1995-08-16
CAVE_CSM_BR6,DRIP near THE ROCK of AGES,STORET,32.17,-104.44,SB,2,0,0,1,0,,,,1995-08-16,1995-08-16
CAVE_CSM_BR7,DRIP near THE TWIN DOMES,STORET,32.17,-104.44,SB,2,0,0,1,0,,,,1995-08-16,1995-08-16
CAVE_CSM_QR1,Pool #1 IN Quintessential right,STORET,32.17,-104.43,SB,2,0,0,1,0,,,,1995-08-26,1995-08-26
CAVE_CSM_QR2,Pool #2 in Quintessential right,STORET,32.17,-104.43,SB,2,0,0,1,0,,,,1995-08-26,1995-08-26
CAVE_CSM_QR3,Pool #3 in Quintessential right,STORET,32.17,-104.43,SB,2,0,0,1,0,,,,1995-08-26,1995-08-26
CAVE_CSM_QR4,Pool #4 in Quintessential right,STORET,32.17,-104.43,SB,2,0,0,1,0,,,,1995-08-26,1995-08-26
CAVE_JF_BP,Balcony Pool,STORET,32.17,-104.43,SB,10,1,4,1,0,348.0,348.0,348.0,1995-01-22,1995-11-12
CAVE_JF_GP,Guano Pool,STORET,32.17,-104.44,SB,3,1,1,1,0,274.0,274.0,274.0,1995-01-22,1995-01-22
CAVE_JF_BSP,Big Shelf Pool,STORET,32.17,-104.44,SB,4,0,3,0,0,,,,1995-04-08,1995-11-12
CAVE_JF_SD,Sword of Damocles,STORET,32.17,-104.44,SB,4,0,3,0,0,,,,1995-04-08,1995-11-12
CAVE_CSM_MC5,DRIP 10 feet  FROM MAIN CORRIDOR TRAIL,STORET,32.17,-104.44,SB,2,0,0,1,0,,,,1996-01-12,1996-01-12
CAVE_CSM_MC6,DRIP ON THE MAIN CORRIDOR SERVICE TRAIL,STORET,32.17,-104.44,SB,2,0,0,1,0,,,,1996-01-12,1996-01-12
CAVE_CSM_BC1,Pool at the base of the Bell Cord room,STORET,32.17,-104.43,SB,2,0,0,1,0,,,,1996-01-17,1996-01-17
CAVE_CSM_BC2,Pool east of the Bell Cord Lake,STORET,32.17,-104.43,SB,2,0,0,1,0,,,,1996-01-17,1996-01-17
CAVE_CSM_BC3,Pool on a balcony,STORET,32.17,-104.43,SB,2,0,0,1,0,,,,1996-01-17,1996-01-17
CAVE_CSM_LOC1,Main pool at Lake of the Clouds,STORET,32.17,-104.43,SB,2,0,0,1,0,,,,1996-01-17,1996-01-17
CAVE_CSM_LOC2,Pool 40 feet  north of Lake of the Clouds,STORET,32.17,-104.43,SB,2,0,0,1,0,,,,1996-01-17,1996-01-17
CAVE_CSM_LOC3,Mid-level pool at Lake of the Clouds,STORET,32.17,-104.43,SB,2,0,0,1,0,,,,1996-01-17,1996-01-17
CAVE_CSM_QR5,DRIP DOWN QUINTESSENTIAL RIGHT CLIMB,STORET,32.17,-104.43,SB,2,0,0,1,0,,,,1996-01-17,1996-01-17
CAVE_CSM_QR6,DRIP DOWN QUINTESSENTIAL RIGHT CLIMB,STORET,32.17,-104.43,SB,2,0,0,1,0,,,,1996-01-17,1996-01-17
CAVE_CSM_LHT16,Pool #2 in left hand tunnel passageway,STORET,32.17,-104.43,SB,2,0,0,1,0,,,,1996-01-18,1996-01-18
CAVE_CSM_LC2,Rookery Pool in the lower cave,STORET,32.17,-104.44,SB,2,0,0,1,0,,,,1996-01-19,1996-01-19
CAVE_CSM_LHT1A,Iron Pool at 28 inches deep,STORET,32.17,-104.43,SB,2,0,0,1,0,,,,1996-01-19,1996-01-19
CAVE_NMED_1,Rattlesnake Springs,STORET,32.1,-104.47,SP,1,1,1,1,0,340.0,340.0,340.0,1996-02-15,1996-02-15
GUMO_LIND_CS,Spring on North McKittrick Creek in New Mexico,STORET,32.0,-104.81,SP,7,0,1,1,0,,,,1959-05-15,1972-11-15
GUMO_LIND_CSP,"Spring Pool, North McKittrick Creek, N. Mex",STORET,32.0,-104.81,SP,5,0,1,1,0,,,,1959-05-15,1971-04-15
PECO_GZJ_G2A,Glorieta Creek Above Highway 50 Bridge Crossing,STORET,35.57,-105.75,ST,6,1,3,1,0,510.0,510.0,510.0,1996-05-20,1996-11-05
PECO_GZJ_G2B,Glorieta Creek at 2.0 Mile Marker,STORET,35.56,-105.73,ST,7,1,3,1,0,538.0,538.0,538.0,1996-05-20,1996-11-05
CAVE_HJT_JT_BP,Briny Pool in Lechuguilla Cave,STORET,32.18,-104.5,SB,2,1,1,1,0,46483.1,46483.1,46483.1,1995-02-04,1995-02-04
CAVE_HJT_JT_LC,Lake Chandalar in Lechuguilla Cave,STORET,32.18,-104.5,SB,2,1,1,1,0,299.3,299.3,299.3,1995-02-04,1995-02-04
CAVE_HJT_JT_LM,Lake Margaret in Lechuguilla Cave,STORET,32.18,-104.5,SB,2,1,1,1,0,338.9,338.9,338.9,1995-02-04,1995-02-04
CAVE_HJT_JT_BV,Blue Velvet in Lechuguilla Cave,STORET,32.18,-104.5,SB,2,1,1,1,0,336.2,336.2,336.2,1995-02-05,1995-02-05
CAVE_HJT_JT_VS,Vesuvius in Lechuguilla Cave,STORET,32.18,-104.5,SB,2,1,1,1,0,379.9,379.9,379.9,1995-02-05,1995-02-05
CAVE_HJT_JT_BG,Blue Giants in Lechuguilla Cave,STORET,32.18,-104.5,SB,2,1,1,1,0,395.8,395.8,395.8,1995-02-06,1995-02-06
CAVE_HJT_JT_LTH,Lower Tag Hall in Lechuguilla Cave,STORET,32.18,-104.5,SB,2,1,1,1,0,272.3,272.3,272.3,1995-02-06,1995-02-06
CAVE_HJT_JT_STD,Stud Lake in Lechuguilla Cave,STORET,32.18,-104.5,SB,2,1,1,1,0,411.4,411.4,411.4,1995-02-06,1995-02-06
CAVE_HJT_WW_MPD,Mother of Pearl Dome in Lechuguilla Cave,STORET,32.18,-104.5,SB,4,2,0,2,0,326.7,379.8,353.2,1989-10-09,1990-02-19
CAVE_HJT_WW_BVL,Blue Velvet Lake in Lechuguilla Cave,STORET,32.18,-104.5,SB,4,2,0,2,0,351.5,351.6,351.6,1989-10-09,1990-02-20
CAVE_HJT_WW_WR,White Roses in Lechuguilla Cave,STORET,32.18,-104.5,SB,2,1,0,1,0,122.5,122.5,122.5,1990-02-20,1990-02-20
CAVE_HJT_WW_BW,Boundary Waters in Lechuguilla Cave,STORET,32.18,-104.5,SB,2,1,0,1,0,179.8,179.8,179.8,1990-02-22,1990-02-22
CAVE_HJT_WW_LPR,Lost Pecos River in Lechuguilla Cave,STORET,32.18,-104.5,SB,2,1,0,1,0,189.5,189.5,189.5,1990-02-22,1990-02-22
CAVE_HJT_WW_BP,Bitter Pool (Briny Pool) in Lechuguilla Cave,STORET,32.18,-104.5,SB,2,1,0,1,0,43100.0,43100.0,43100.0,1990-02-25,1990-02-25
CAVE_HJT_JT_FS,F-Survey in Lechuguilla Cave,STORET,32.18,-104.5,SB,4,2,2,2,0,310.8,320.6,315.7,1993-03-07,1994-04-19
CAVE_HJT_JT_HH,High Hopes in Lechuguilla Cave,STORET,32.18,-104.5,SB,3,1,1,1,0,322.8,322.8,322.8,1993-03-08,1993-03-08
CAVE_HJT_JT_UTP,Upper Tower Place Pool in Lechuguilla Cave,STORET,32.18,-104.5,SB,2,1,1,1,0,359.6,359.6,359.6,1993-03-08,1993-03-08
CAVE_HJT_JT_LBD,Liberty Bell Drip in Lechuguilla Cave,STORET,32.18,-104.5,SB,2,1,1,1,0,329.2,329.2,329.2,1993-03-09,1993-03-09
CAVE_HJT_JT_LBP,Liberty Bell Pool in Lechuguilla Cave,STORET,32.18,-104.5,SB,4,2,2,2,0,284.3,299.2,291.8,1993-03-09,1994-04-19
CAVE_HJT_JT_GT,Ghost Town in Lechuguilla Cave,STORET,32.18,-104.5,SB,2,1,1,1,0,339.4,339.4,339.4,1993-03-11,1993-03-11
CAVE_HJT_JT_LPR,Lost Pecos River in Lechuguilla Cave,STORET,32.18,-104.5,SB,2,1,1,1,0,507.3,507.3,507.3,1994-04-17,1994-04-17
CAVE_HJT_JT_QL,Quasimodo's Lair in Lechuguilla Cave,STORET,32.18,-104.5,SB,2,1,1,1,0,506.1,506.1,506.1,1994-04-17,1994-04-17
CAVE_HJT_JT_N,Nirvana in Lechuguilla Cave,STORET,32.18,-104.5,SB,2,1,1,1,0,386.3,386.3,386.3,1994-04-19,1994-04-19
CAVE_HJT_JT_WCW,Whites City Well,STORET,32.17,-104.37,GW,2,1,1,1,0,517.8,517.8,517.8,1994-04-20,1994-04-20
CAVE_HJT_JT_OA,Oasis in Lechuguilla Cave,STORET,32.18,-104.5,SB,4,2,2,2,0,444.1,448.9,446.5,1992-06-05,1999-11-12
CAVE_HJT_JT_SL,Sugarlands in Lechuguilla Cave,STORET,32.18,-104.5,SB,2,1,1,1,0,286.5,286.5,286.5,1992-06-06,1992-06-06
CAVE_HJT_DN_HB,Hudson Bay in Lechuguilla Cave,STORET,32.18,-104.5,SB,2,1,0,1,0,144.7,144.7,144.7,1991-07-22,1991-07-22
CAVE_HJT_DN_HBN,"Hudson Bay, along northwest wall in Lechuguilla Cave",STORET,32.18,-104.5,SB,2,1,0,1,0,350.4,350.4,350.4,1991-07-22,1991-07-22
CAVE_HJT_DN_PD,"Pink Dot Pool, Near Deep Sea Camp in Lechuguilla Cave",STORET,32.18,-104.5,SB,2,1,0,1,0,243.9,243.9,243.9,1991-07-22,1991-07-22
CAVE_HJT_WW_TP,Tower Place in Lechuguilla Cave,STORET,32.18,-104.5,SB,2,1,0,1,0,408.0,408.0,408.0,1989-10-09,1989-10-09
CAVE_HJT_JT_GRP,Golden Road Pit in Lechuguilla Cave,STORET,32.18,-104.5,SB,2,1,1,1,0,359.1,359.1,359.1,1999-11-11,1999-11-11
CAVE_HJT_JT_RS,Red Seas in Lechuguilla Cave,STORET,32.18,-104.5,SB,2,1,1,1,0,320.7,320.7,320.7,1999-11-11,1999-11-11
CAVE_HJT_JT_LLO,Lake Louise in Lechuguilla Cave,STORET,32.18,-104.5,SB,2,1,1,1,0,328.6,328.6,328.6,1999-11-12,1999-11-12
CAVE_HJT_JT_UZ,Upper Zanzibar in Lechuguilla Cave,STORET,32.18,-104.5,SB,2,1,1,1,0,398.6,398.6,398.6,1999-11-12,1999-11-12
CAVE_HJT_JT_LLL,Little Lake Lechuguilla in Lechuguilla Cave,STORET,32.18,-104.5,SB,2,1,1,1,0,330.8,330.8,330.8,1999-11-13,1999-11-13
CAVE_PAL_CRYS,Crystal Lined Pool in Pellucidar Room in Lechuguilla Cave,STORET,32.18,-104.5,SB,3,0,0,1,0,,,,1988-08-12,1988-08-12
CAVE_PAL_DRIP,Drip from Stalactite in Pellucidar Room in Lechuguilla Cave,STORET,32.18,-104.5,SB,3,0,0,1,0,,,,1988-08-12,1988-08-12
CAVE_PAL_DSP,First Rimstone Pool in Deep Secrets in Lechuguilla Cave,STORET,32.18,-104.5,SB,3,0,0,1,0,,,,1988-08-12,1988-08-12
CAVE_PAL_HELC,Helictite Pool in Pellucidar Room in Lechuguilla Cave,STORET,32.18,-104.5,SB,3,0,0,1,0,,,,1988-08-12,1988-08-12
WQ 1311,Silver Lake Shallow,STORET,33.01,-105.63,Lk,17,0,11,3,0,,,,2009-08-13,2013-09-12
WQ441,Ruidoso South Fork at the Y,STORET,33.34,-105.76,ST,7,0,1,5,0,,,,2003-10-22,2007-06-27
WQQ431,Rio Ruidoso Middle Fork Proper,STORET,33.34,-105.76,ST,6,0,0,6,0,,,,2003-10-22,2007-12-06
WQ41,Ruidoso Reservation Boundary,STORET,33.33,-105.75,ST,160,162,123,28,0,162.0,792.0,242.9,2004-08-11,2014-03-19
WQ461,Carrizo Creek @ Mescalero Inn,STORET,33.3,-105.66,ST,165,59,189,26,0,1.3,970.0,793.5,2004-08-11,2014-03-19
WQ471,Mescalero Lake Shallow,STORET,33.29,-105.69,Lk,22,0,16,12,0,,,,2004-08-11,2013-09-12
WQ481,Turkey Springs,STORET,33.28,-105.57,SP,104,54,131,4,0,340.0,673.0,613.9,2004-08-18,2014-03-14
WQ482,Turkey Springs 2,STORET,33.28,-105.57,SP,3,0,3,2,0,,,,2004-08-18,2010-08-20
WQ472,Sago Dam,STORET,33.3,-105.7,Lk,4,0,4,4,0,,,,2005-03-14,2007-04-10
WQ452,Eagle Lake 1,STORET,33.38,-105.74,Lk,11,3,8,2,0,397.0,400.0,398.7,2005-07-08,2012-03-14
WQ453,Eagle Lake 2,STORET,33.38,-105.75,Lk,3,0,2,1,0,,,,2005-07-08,2013-03-18
WQ462,Mescalero Lake Deep,STORET,33.29,-105.68,Lk,18,0,15,8,0,,,,2005-07-08,2013-09-12
WQ451,Eagle Creek Reservation Line,STORET,33.39,-105.73,ST,125,118,137,13,0,307.0,642.0,440.5,2005-08-17,2014-03-19
WQ474,Cienegita Lake 2,STORET,33.3,-105.73,Lk,2,0,1,1,0,,,,2006-06-12,2013-03-18
WQ 1312,Silver Lake Deep,STORET,33.01,-105.63,Lk,15,0,10,6,0,,,,2009-08-26,2013-09-12
CAVE_GO_LLB,Lake Lebarge in Lechuguilla Cave,STORET,32.18,-104.5,SB,3,1,1,1,0,210.0,210.0,210.0,1988-03-27,1988-03-27
CAVE_GO_LLEC,Lake Lechuguilla in Lechuguilla Cave,STORET,32.18,-104.5,SB,15,5,5,5,0,310.0,460.0,362.0,1986-06-01,1990-04-07
CAVE_GO_LLOU,Lake Louise in Lechuguilla Cave,STORET,32.18,-104.5,SB,3,1,1,1,0,250.0,250.0,250.0,1988-03-30,1988-03-30
CAVE_GO_MOP,Main Oasis Pool in Lechuguilla Cave,STORET,32.18,-104.5,SB,3,1,1,1,0,350.0,350.0,350.0,1988-03-30,1988-03-30
CAVE_GO_GPP,Gorilla Piss Pool (Briny Pool) in Lechuguilla Cave,STORET,32.18,-104.5,SB,3,1,1,1,0,39600.0,39600.0,39600.0,1988-03-31,1988-03-31
CAVE_GO_PB4YA,Pool Before Rope to Yo Acres in Lechuguilla Cave,STORET,32.18,-104.5,SB,3,1,1,1,0,220.0,220.0,220.0,1990-04-02,1990-04-02
CAVE_GO_PBHR,Pool Behind First Rope to Yo Acres in Lechuguilla Cave,STORET,32.18,-104.5,SB,3,1,1,1,0,200.0,200.0,200.0,1990-04-02,1990-04-02
CAVE_GO_PGMP,Pearlsian Gulf Main Pool in Lechuguilla Cave,STORET,32.18,-104.5,SB,3,1,1,1,0,220.0,220.0,220.0,1990-04-02,1990-04-02
CAVE_GO_PGUP,Pearlsian Gulf Upper Pool at Dipper in Lechuguilla Cave,STORET,32.18,-104.5,SB,3,1,1,1,0,210.0,210.0,210.0,1990-04-02,1990-04-02
CAVE_GO_POPG,Pool Outside Pearlsian Gulf in Lechuguilla Cave,STORET,32.18,-104.5,SB,3,1,1,1,0,250.0,250.0,250.0,1990-04-02,1990-04-02
CAVE_GO_YAKP7,Yo Acres Pool below KP-7 in Lechuguilla Cave,STORET,32.18,-104.5,SB,3,1,1,1,0,210.0,210.0,210.0,1990-04-02,1990-04-02
CAVE_GO_YKP12,Yo Acres Pool below KP-12 in Lechuguilla Cave,STORET,32.18,-104.5,SB,3,1,1,1,0,250.0,250.0,250.0,1990-04-02,1990-04-02
CAVE_GO_1TE,First Pool on Trail from Entrance in Lechuguilla Cave,STORET,32.18,-104.5,SB,3,1,1,1,0,280.0,280.0,280.0,1990-04-07,1990-04-07
CAVE_GO_LBPAB,Pool at Bottom of Rope Liberty Bell Room in Lechuguilla Cave,STORET,32.18,-104.5,SB,3,1,1,1,0,400.0,400.0,400.0,1990-04-07,1990-04-07
CAVE_GO_LBPOR,Pool on Flowstone Liberty Bell Room in Lechuguilla Cave,STORET,32.18,-104.5,SB,3,1,1,1,0,220.0,220.0,220.0,1990-04-07,1990-04-07
CAVE_GO_LBSP,Shelf Pool Flowstone Liberty Bell Room in Lechuguilla Cave,STORET,32.18,-104.5,SB,3,1,1,1,0,200.0,200.0,200.0,1990-04-07,1990-04-07
CAVE_GO_MB4,Eastern Area Pool at MBF-4 in Lechuguilla Cave,STORET,32.18,-104.5,SB,3,1,1,1,0,220.0,220.0,220.0,1990-04-07,1990-04-07
CAVE_GO_MNBX39,Eastern Area Pool at MNBX-39 in Lechuguilla Cave,STORET,32.18,-104.5,SB,3,1,1,1,0,280.0,280.0,280.0,1990-04-07,1990-04-07
CAVE_GO_VSP,Vesuvius Pool in Lechuguilla Cave,STORET,32.18,-104.5,SB,3,1,1,1,0,210.0,210.0,210.0,1990-04-07,1990-04-07
CAVE_GO_ATP,Atlantis Pool in Lechuguilla Cave,STORET,32.18,-104.5,SB,3,1,1,1,0,220.0,220.0,220.0,1990-04-07,1990-04-07
CAVE_GO_AVP,Aqua Velvet Pool in Lechuguilla Cave,STORET,32.18,-104.5,SB,3,1,1,1,0,220.0,220.0,220.0,1990-04-07,1990-04-07
CAVE_GO_DCP,Dilithium Crystal Pool in Lechuguilla Cave,STORET,32.18,-104.5,SB,3,1,1,1,0,2370.0,2370.0,2370.0,1990-04-07,1990-04-07
CAVE_GO_DSA,Liberty Bell Drip A in Lechuguilla Cave,STORET,32.18,-104.5,SB,3,1,1,1,0,210.0,210.0,210.0,1990-04-07,1990-04-07
CAVE_GO_DSB,Liberty Bell Drip B in Lechuguilla Cave,STORET,32.18,-104.5,SB,3,1,1,1,0,200.0,200.0,200.0,1990-04-07,1990-04-07
CAVE_GO_DSLB,Drip below the Liberty Bell in Lechuguilla Cave,STORET,32.18,-104.5,SB,3,1,1,1,0,190.0,190.0,190.0,1990-04-07,1990-04-07
CAVE_GO_DSP,Drip at Pearls at Liberty Bell in Lechuguilla Cave,STORET,32.18,-104.5,SB,3,1,1,1,0,200.0,200.0,200.0,1990-04-07,1990-04-07
CAVE_GO_LBD,Drip Pool at Liberty Bell Room in Lechuguilla Cave,STORET,32.18,-104.5,SB,3,1,1,1,0,210.0,210.0,210.0,1990-04-07,1990-04-07
CAVE_GO_RS,Local Water - Rattlesnake Springs,STORET,32.1,-104.47,SP,3,1,1,1,0,370.0,370.0,370.0,1990-04-08,1990-04-08
CAVE_GO_DBALL,Deep Blue Pool Above Lake Lebarge in Lechuguilla Cave,STORET,32.18,-104.5,SB,3,1,1,1,0,200.0,200.0,200.0,1989-05-29,1989-05-29
CAVE_GO_ETP,Entering Tower Place at Rope in Lechuguilla Cave,STORET,32.18,-104.5,SB,3,1,1,1,0,270.0,270.0,270.0,1989-05-29,1989-05-29
CAVE_GO_LCH,Lake Chandalar in Lechuguilla Cave,STORET,32.18,-104.5,SB,3,1,1,1,0,240.0,240.0,240.0,1989-05-29,1989-05-29
CAVE_GO_SS,Sulfur Shores in Lechuguilla Cave,STORET,32.18,-104.5,SB,3,1,1,1,0,290.0,290.0,290.0,1989-05-29,1989-05-29
CAVE_GO_TPMP,Tower Place main pool in Lechuguilla Cave,STORET,32.18,-104.5,SB,3,1,1,1,0,250.0,250.0,250.0,1989-05-29,1989-05-29
CAVE_GO_UTP,Upper Tower Place Pool in Lechuguilla Cave,STORET,32.18,-104.5,SB,3,1,1,1,0,240.0,240.0,240.0,1989-05-29,1989-05-29
CAVE_GO_CAS1,Castrovalva Pool 1 at Raft in Lechuguilla Cave,STORET,32.18,-104.5,SB,3,1,1,1,0,250.0,250.0,250.0,1989-06-01,1989-06-01
CAVE_GO_CAS2,Castrovalva Pool 2 in Lechuguilla Cave,STORET,32.18,-104.5,SB,3,1,1,1,0,290.0,290.0,290.0,1989-06-01,1989-06-01
CAVE_GO_CAS3,Castrovalva Pool 3 in Lechuguilla Cave,STORET,32.18,-104.5,SB,3,1,1,1,0,300.0,300.0,300.0,1989-06-01,1989-06-01
CAVE_GO_CASR,Castrovalva Raised Pool in Lechuguilla Cave,STORET,32.18,-104.5,SB,3,1,1,1,0,210.0,210.0,210.0,1989-06-01,1989-06-01
CAVE_GO_SPBLC,Shallow Pool just Below Lake Chandalar in Lechuguilla Cave,STORET,32.18,-104.5,SB,3,1,1,1,0,340.0,340.0,340.0,1989-06-01,1989-06-01
CAVE_GO_LBG,Lake of the Blue Giants in Lechuguilla Cave,STORET,32.18,-104.5,SB,3,1,1,1,0,275.0,275.0,275.0,1989-06-03,1989-06-03
CAVE_GO_STUD,Stud Lake in Lechuguilla Cave,STORET,32.18,-104.5,SB,3,1,1,1,0,300.0,300.0,300.0,1989-06-03,1989-06-03
CAVE_GO_UOP,Upper Oasis Pool in Lechuguilla Cave,STORET,32.18,-104.5,SB,3,1,1,1,0,360.0,360.0,360.0,1988-10-23,1988-10-23
CAVE_GO_SUP,Sea Urchin Pool Upper Oasis in Lechuguilla Cave,STORET,32.18,-104.5,SB,3,1,1,1,0,370.0,370.0,370.0,1988-10-24,1988-10-24
CAVE_GO_CPF26,Candlestick Pool at F-26 in Lechuguilla Cave,STORET,32.18,-104.5,SB,3,1,1,1,0,230.0,230.0,230.0,1988-10-26,1988-10-26
CAVE_GO_F26/27,Pool at F-27/28 in Lechuguilla Cave,STORET,32.18,-104.5,SB,3,1,1,1,0,220.0,220.0,220.0,1988-10-26,1988-10-26
CAVE_GO_F30A,Pool at F-30A in Lechuguilla Cave,STORET,32.18,-104.5,SB,3,1,1,1,0,220.0,220.0,220.0,1988-10-26,1988-10-26
CAVE_GO_LBMP,Main Pool in Liberty Bell Room in Lechuguilla Cave,STORET,32.18,-104.5,SB,3,1,1,1,0,270.0,270.0,270.0,1988-10-26,1988-10-26
CAVE_GO_DELL,Deep Expectations Little Lake of Clouds in Lechuguilla Cave,STORET,32.18,-104.5,SB,3,1,1,1,0,255.0,255.0,255.0,1988-10-30,1988-10-30
CAVE_GO_DEM,Deep Expectations Mammillary Pool in Lechuguilla Cave,STORET,32.18,-104.5,SB,3,1,1,1,0,255.0,255.0,255.0,1988-10-30,1988-10-30
CAVE_GO_LWT,Last Water Tinseltown in Lechuguilla Cave,STORET,32.18,-104.5,SB,3,1,1,1,0,500.0,500.0,500.0,1988-10-30,1988-10-30
CAVE_GO_NRP,Nirvana Red Pool in Lechuguilla Cave,STORET,32.18,-104.5,SB,3,1,1,1,0,220.0,220.0,220.0,1988-10-30,1988-10-30
CAVE_GO_RLNO,Red Lake near Oasis IG-6 in Lechuguilla Cave,STORET,32.18,-104.5,SB,3,1,1,1,0,390.0,390.0,390.0,1988-10-30,1988-10-30
CAVE_GO_TVP,Void Pool in Lechuguilla Cave,STORET,32.18,-104.5,SB,3,1,1,1,0,260.0,260.0,260.0,1988-10-30,1988-10-30
CAVE_GO_GA6,Eastern Area Pool at GA-6 in Lechuguilla Cave,STORET,32.18,-104.5,SB,3,1,1,1,0,240.0,240.0,240.0,1988-12-31,1988-12-31
CAVE_GO_GM7,Eastern Area Pool at GM-7 in Lechuguilla Cave,STORET,32.18,-104.5,SB,3,1,1,1,0,220.0,220.0,220.0,1988-12-31,1988-12-31
CAVE_HJT_HD_LB1,Liberty Bell Rm: 1st Pool From Entrance in Lechuguilla Cave,STORET,32.18,-104.5,SB,1,1,0,0,0,510.5,510.5,510.5,1996-01-15,1996-01-15
CAVE_HJT_HD_LB2,Liberty Bell Room: Main Pool in Lib Room in Lechuguilla Cave,STORET,32.18,-104.5,SB,2,1,0,0,0,546.6,546.6,546.6,1996-01-15,1996-06-09
CAVE_HJT_HD_LB3,Liberty Bell Room: Pool on Flowstone in Lechuguilla Cave,STORET,32.18,-104.5,SB,1,1,0,0,0,355.7,355.7,355.7,1996-01-15,1996-01-15
CAVE_HJT_HD_LB4,Liberty Bell Room: Flowstone Pool in Lechuguilla Cave,STORET,32.18,-104.5,SB,1,1,0,0,0,388.4,388.4,388.4,1996-01-15,1996-01-15
CAVE_HJT_HD_LB5,Liberty Bell Room: Drip in Lechuguilla Cave,STORET,32.18,-104.5,SB,1,1,0,0,0,385.6,385.6,385.6,1996-01-15,1996-01-15
CAVE_HJT_HD_LL1,Lake Lechuguilla Pool w/ Batteries in Lechuguilla Cave,STORET,32.18,-104.5,SB,2,1,0,0,0,427.3,427.3,427.3,1996-01-15,1996-06-09
CAVE_HJT_HD_BP,WB: Below Pellucidar Room in Lechuguilla Cave,STORET,32.18,-104.5,SB,2,1,0,0,0,393.7,393.7,393.7,1996-01-18,1996-06-13
CAVE_HJT_HD_DEM,WB: Deep Expectations: Mammalary Pool in Lechuguilla Cave,STORET,32.18,-104.5,SB,2,1,0,0,0,395.1,395.1,395.1,1996-01-18,1996-06-13
CAVE_HJT_HD_DS1,WB: Deep Seas Camp: Pool w/ White Dots in Lechuguilla Cave,STORET,32.18,-104.5,SB,2,1,0,0,0,392.9,392.9,392.9,1996-01-18,1996-06-13
CAVE_HJT_HD_DS2,WB: Deep Seas Camp: 2'x3'x6'' Pool in Lechuguilla Cave,STORET,32.18,-104.5,SB,2,1,0,0,0,393.5,393.5,393.5,1996-01-18,1996-06-13
CAVE_HJT_HD_DSP,WB: Deep Secrets Drinking Water Supply in Lechuguilla Cave,STORET,32.18,-104.5,SB,2,1,0,0,0,431.7,431.7,431.7,1996-01-18,1996-06-13
CAVE_HJT_HD_LLC,WB: Little Lake of the Clouds in Lechuguilla Cave,STORET,32.18,-104.5,SB,2,1,0,0,0,355.0,355.0,355.0,1996-01-18,1996-06-13
CAVE_HJT_HD_LLM,WB: Lake Louise: Mammalary Pool in Lechuguilla Cave,STORET,32.18,-104.5,SB,2,1,0,0,0,427.3,427.3,427.3,1996-01-18,1996-06-13
CAVE_HJT_DN_P,Pellucidar in Lechuguilla Cave,STORET,32.18,-104.5,SB,2,1,1,1,0,399.2,399.2,399.2,1991-10-15,1992-01-29
CAVE_HJT_DN_SL,Sugarlands in Lechuguilla Cave,STORET,32.18,-104.5,SB,2,1,1,1,0,209.4,209.4,209.4,1991-10-15,1992-01-29
CAVE_HJT_DN_WHB,Watto (Hudson Bay) in Lechuguilla Cave,STORET,32.18,-104.5,SB,1,1,1,1,0,81.1,81.1,81.1,1992-01-29,1992-01-29
CAVE_HJT_DN_GR,Ghost Riders in Lechuguilla Cave,STORET,32.18,-104.5,SB,1,1,1,1,0,120.2,120.2,120.2,1992-02-03,1992-02-03
CAVE_HJT_DN_BW,Boundary Waters in Lechuguilla Cave,STORET,32.18,-104.5,SB,2,1,1,1,0,198.3,198.3,198.3,1991-10-14,1992-03-15
CAVE_HJT_DN_WR,Lake of the White Roses in Lechuguilla Cave,STORET,32.18,-104.5,SB,2,1,1,1,0,181.9,181.9,181.9,1991-10-15,1992-03-15
CAVE_HJT_DN_LPR,Lost Pecos River in Lechuguilla Cave,STORET,32.18,-104.5,SB,2,1,1,1,0,182.8,182.8,182.8,1991-10-14,1992-03-16
CAVE_HJT_KC_LC,Lake Chandalar in Lechuguilla Cave,STORET,32.18,-104.5,SB,1,0,0,1,0,,,,1989-04-16,1989-04-16
CAVE_HJT_KC_LLB,Lake Lebarge in Lechuguilla Cave,STORET,32.18,-104.5,SB,1,0,0,1,0,,,,1989-04-16,1989-04-16
CAVE_HJT_KC_SS,Sulfur Shores in Lechuguilla Cave,STORET,32.18,-104.5,SB,1,0,0,1,0,,,,1989-04-16,1989-04-16
CAVE_HJT_KC_BG,Lake of the Blue Giants in Lechuguilla Cave,STORET,32.18,-104.5,SB,1,0,0,1,0,,,,1989-04-18,1989-04-18
CAVE_HJT_KC_NEN,NE Nirvana in Lechuguilla Cave,STORET,32.18,-104.5,SB,1,0,0,1,0,,,,1989-04-18,1989-04-18
CAVE_HJT_KC_SN,South of Nirvana in Lechuguilla Cave,STORET,32.18,-104.5,SB,1,0,0,1,0,,,,1989-04-18,1989-04-18
CAVE_DAW_HD_LB1,"1st Pool from Entrance to Liberty Bell Room, Lechuguilla Cave",STORET,32.18,-104.5,SB,2,3,0,2,0,222.0,265.0,237.3,1996-01-15,1997-04-03
CAVE_DAW_HD_LB2,Main Pool in Liberty Bell Room in Lechuguilla Cave,STORET,32.18,-104.5,SB,3,3,0,2,0,211.0,245.0,226.0,1996-01-15,1997-04-03
CAVE_DAW_HD_LB3,Pool on Liberty Bell Flowstone in Lechuguilla Cave,STORET,32.18,-104.5,SB,2,2,0,2,0,169.0,204.0,186.5,1996-01-15,1997-04-03
CAVE_DAW_HD_LB4,"Flowstone Pool by Rope in Liberty Bell Rm, Lechuguilla Cave",STORET,32.18,-104.5,SB,1,1,0,1,0,204.0,204.0,204.0,1996-01-15,1996-01-15
CAVE_DAW_HD_LB5,Drip onto Cave Pearls in Liberty Bell Room Lechuguilla Cave,STORET,32.18,-104.5,SB,1,1,0,1,0,184.0,184.0,184.0,1996-01-15,1996-01-15
CAVE_DAW_HD_ALB,Pool below Pellucidar in Western Borehole Lechuguilla Cave,STORET,32.18,-104.5,SB,3,3,0,3,0,169.0,180.0,174.3,1996-01-18,1997-04-03
CAVE_DAW_HD_DEM,"Pool in Deep Expectations, Western Borehole Lechuguilla Cave",STORET,32.18,-104.5,SB,3,3,0,3,0,179.0,190.0,184.3,1996-01-18,1997-04-03
CAVE_DAW_HD_DS1,"White Dot Pool Deep Seas Camp, W. Borehole Lechuguilla Cave",STORET,32.18,-104.5,SB,3,3,0,3,0,201.0,222.0,212.3,1996-01-18,1997-04-03
CAVE_DAW_HD_DS2,"Pool Deep Seas Camp, Western Borehole Lechuguilla Cave",STORET,32.18,-104.5,SB,3,3,0,3,0,194.0,201.0,198.7,1996-01-18,1997-04-03
CAVE_DAW_HD_DSP,"Deep Secrets Water Supply, Western Borehole Lechuguilla Cave",STORET,32.18,-104.5,SB,3,3,0,3,0,190.0,201.0,195.0,1996-01-18,1997-04-03
CAVE_DAW_HD_LLC,Little Lake of the Clouds Western Borehole Lechuguilla Cave,STORET,32.18,-104.5,SB,3,3,0,3,0,179.0,190.0,184.3,1996-01-18,1997-04-03
CAVE_DAW_HD_LLM,Lake Louise in the Western Borehole Lechuguilla Cave,STORET,32.18,-104.5,SB,3,3,0,3,0,201.0,212.0,205.7,1996-01-18,1997-04-03
CAVE_DAW_HD_OPW,Oasis Pool Prior Water Supply in Lechuguilla Cave,STORET,32.18,-104.5,SB,2,2,0,2,0,264.0,275.0,269.5,1996-06-13,1997-04-03
CAVE_DAW_HD_RLW,Red Lakes Water Supply in Lechuguilla Cave,STORET,32.18,-104.5,SB,2,2,0,2,0,264.0,286.0,275.0,1996-06-13,1997-04-03
CAVE_DAW_HD_LL1,Pool with Batteries at Lake Lechuguilla in Lechuguilla Cave,STORET,32.18,-104.5,SB,2,2,0,2,0,201.0,212.0,206.5,1996-06-09,1997-04-03
CAVE_DAW_HD_ANP,Northeast Lechuguilla Cave Pool with Pink Dots,STORET,32.18,-104.5,SB,2,2,0,2,0,158.0,169.0,163.5,1996-06-12,1997-04-04
CAVE_DAW_HD_BP,Northeast Lechuguilla Cave Pool above Nirvana,STORET,32.18,-104.5,SB,2,2,0,2,0,211.0,222.0,216.5,1996-06-12,1997-04-04
CAVE_DAW_HD_BPD,Northeast Lechuguilla Cave Pool beyond Pink Dot Pool,STORET,32.18,-104.5,SB,2,2,0,2,0,169.0,169.0,169.0,1996-06-12,1997-04-04
CAVE_DAW_HD_N1P,1st Pool Entering Nirvana Area Northeast Lechuguilla Cave,STORET,32.18,-104.5,SB,2,2,0,2,0,169.0,180.0,174.5,1996-06-12,1997-04-04
CAVE_DAW_HD_NP,Nirvana Pool Water Supply Northeast Lechuguilla Cave,STORET,32.18,-104.5,SB,2,2,0,2,0,222.0,233.0,227.5,1996-06-12,1997-04-04
CAVE_DAW_HD_NSS,Pool with Shelfstone in Nirvana Area Northeast Lechuguilla Cave,STORET,32.18,-104.5,SB,2,2,0,2,0,211.0,212.0,211.5,1996-06-12,1997-04-04
CAVE_DAW_HD_PGP,Pearlsian Gulf Pool Southwest Lechuguilla Cave,STORET,32.18,-104.5,SB,1,1,0,1,0,201.0,201.0,201.0,1996-06-09,1996-06-09
CAVE_DAW_HD_PGW,Water Supply for Big Sky Camp Southwest Lechuguilla Cave,STORET,32.18,-104.5,SB,1,1,0,1,0,222.0,222.0,222.0,1996-06-09,1996-06-09
CAVE_DAW_HD_LCP,Southwest Lechuguilla Cave Water Supply at Lake Chandelar,STORET,32.18,-104.5,SB,1,1,0,1,0,201.0,201.0,201.0,1996-06-10,1996-06-10
CAVE_DAW_HD_LLB,Southwest Lechuguilla Cave Lake LeBarge,STORET,32.18,-104.5,SB,1,1,0,1,0,360.0,360.0,360.0,1996-06-10,1996-06-10
CAVE_DAW_HD_LMP,Lake Margaret Southwest Lechuguilla Cave,STORET,32.18,-104.5,SB,1,1,0,1,0,201.0,201.0,201.0,1996-06-10,1996-06-10
CAVE_DAW_HD_PD,Pool above Lake LeBarge Southwest Lechuguilla Cave,STORET,32.18,-104.5,SB,1,1,0,1,0,190.0,190.0,190.0,1996-06-10,1996-06-10
CAVE_DAW_HD_UAT,High Hope Camp Water Supply Southwest Lechuguilla Cave,STORET,32.18,-104.5,SB,1,1,0,1,0,201.0,201.0,201.0,1996-06-10,1996-06-10
OWW04440-0429,Pecos River,STORET,31.41,-103.34,ST,3,0,3,0,0,,,,2004-08-10,2004-08-10
GUMO_LIND_1,Main McKittrick Creek 1 mile east of Pratt Lodge,STORET,31.98,-104.76,ST,4,0,1,1,0,,,,1959-05-15,1971-04-15
GUMO_LIND_2,Main McKittrick Creek 3/4 mile east of Pratt Lodge,STORET,31.98,-104.76,ST,4,0,1,1,0,,,,1959-05-15,1971-04-15
GUMO_LIND_3,South McKittrick Creek 1/2 mile south of Pratt Lodge,STORET,31.97,-104.78,ST,6,0,1,1,0,,,,1959-05-15,1971-07-15
GUMO_LIND_4,South McKittrick Creek 1 mile south of Pratt Lodge,STORET,31.97,-104.78,ST,4,0,1,1,0,,,,1959-05-15,1971-04-15
GUMO_LIND_5,South McKittrick Creek 1.25 mile south of Pratt Lodge,STORET,31.96,-104.78,ST,6,0,1,1,0,,,,1959-05-15,1971-07-15
GUMO_LIND_8,South McKittrick Creek 3 miles southwest of Pratt Lodge,STORET,31.95,-104.82,ST,5,0,0,1,0,,,,1959-05-15,1971-07-15
GUMO_LIND_B,North McKittrick Creek 1.5 miles northwest of Pratt Lodge,STORET,32.0,-104.79,ST,5,0,1,1,0,,,,1959-05-15,1971-04-15
GUMO_MD_UPPER,UPPER PINE Spring (BEAR Spring),STORET,31.9,-104.81,SP,35,0,7,16,0,,,,1970-08-08,1987-07-29
GUMO_MD_SMITH,Smith Spring northwest of Frijole Ranch,STORET,31.91,-104.8,SP,99,0,10,21,0,,,,1971-01-18,1987-07-29
GUMO_MD_MANZAN,Manzanita Spring northeast of Frijole Ranch,STORET,31.91,-104.79,SP,44,0,10,21,0,,,,1971-03-09,1987-07-29
GUMO_MD_FRIJOLE,FRIJOLE Spring at FRIJOLE Ranch,STORET,31.9,-104.8,SP,43,0,10,21,0,,,,1972-02-11,1987-07-29
GUMO_NPS_CHOZA,CHOZA Spring SOUTHEAST of NIPPLE HILL,STORET,31.9,-104.78,SP,213,0,10,121,0,,,,1975-06-26,1997-03-25
GUMO_NPS_MK-4,South McKittrick Creek site #4,STORET,31.97,-104.78,ST,225,0,6,124,0,,,,1978-11-22,1997-03-31
GUMO_NPS_MK-5,South McKittrick Creek site #5,STORET,31.97,-104.78,ST,44,0,6,15,0,,,,1978-11-22,1987-07-29
GUMO_NPS_MK-8,Main McKittrick Creek site #8,STORET,31.98,-104.76,ST,225,0,6,121,0,,,,1978-11-22,1997-03-31
GUMO_DD_PRATT,Pratt Lodge  well,STORET,31.98,-104.78,GW,34,0,5,11,0,,,,1979-05-27,1980-10-16
GUMO_NPS_MK-3,South McKittrick Creek site #3,STORET,31.96,-104.78,ST,48,0,6,18,0,,,,1979-01-12,1987-07-29
GUMO_NPS_MK-2,South McKittrick Creek site #2,STORET,31.96,-104.78,ST,219,0,6,120,0,,,,1979-03-23,1997-03-31
GUMO_NPS_MK-1,South McKittrick Creek site #1,STORET,31.96,-104.78,ST,42,0,5,15,0,,,,1979-05-27,1987-07-29
GUMO_NPS_MK-6,South McKittrick Creek site #6,STORET,31.98,-104.78,ST,216,0,6,117,0,,,,1979-05-27,1997-03-31
GUMO_NPS_MK-7,Main McKittrick Creek site #7,STORET,31.98,-104.77,ST,42,0,6,14,0,,,,1979-05-27,1987-07-29
GUMO_NPS_BURN,Control burn 1 mile east of Pratt Lodge,STORET,31.98,-104.75,ST,1,0,0,1,0,,,,1997-03-31,1997-03-31
13240,Pecos River at gaging station  7.4 miles east of Langtry 15.0 miles upstream from confluence with Rio Grande,TCEQ,29.8,-101.44,ST,437,317,427,341,0,387.0,5940.0,2044.9,1968-10-17,2007-10-04
13251,Pecos River 2 miles downstream of Iraan at first low water crossing,TCEQ,30.88,-101.88,ST,86,7,89,32,0,4954.0,13436.0,9447.0,1986-04-28,1992-12-02
13249,Upper Pecos River at bridge on state highway 290 southeast of Sheffield CAMS 0735,TCEQ,30.65,-101.77,ST,252,35,224,147,0,3008.0,13600.0,8764.9,1969-06-27,2015-01-20
13246,Pecos River 7.52 kilometer upstream from the Val Verde/Terrell/Crockett County line convergence,TCEQ,30.33,-101.71,ST,212,62,132,86,0,10.0,18200.0,3385.5,1986-12-04,2008-07-08
13109,Independence Creek 0.5 MI downstream from John Chandler Ranch Headquarters,TCEQ,30.45,-101.73,ST,305,70,126,111,0,10.0,3450.0,686.0,1976-07-29,2015-01-29
13260,Pecos River at FM 1776 southwest of Monahans CAMS 709,TCEQ,31.36,-103.0,ST,280,88,119,139,0,5740.0,42200.0,11156.9,1987-10-13,2014-12-09
13269,Red Bluff Reservoir 1/2 mile sourth of Texas-New Mexico border,TCEQ,31.99,-103.98,LK,410,38,315,69,0,322.0,8920.0,5327.3,1979-01-04,2014-08-06
13267,Red Bluff Reservoir upstream dam north of Orla,TCEQ,31.9,-103.91,LK,760,46,678,113,0,2400.0,14096.0,6792.9,1972-01-24,2014-08-06
13265,Pecos River at FM 652 bridge northeast of Orla,TCEQ,31.87,-103.83,ST,386,90,306,249,0,1.0,18783.0,8448.1,1968-09-04,2014-11-19
13257,Pecos River at US 67 northeast of Girvin,TCEQ,31.07,-102.35,ST,402,99,266,228,0,5216.0,30000.0,13665.2,1968-09-05,2014-12-09
13122,Diamond Y Draw 10 meters upstream of OIL FIELD RD 7.7 kilometer north northwest of Fort Stockton,TCEQ,31.0,-102.92,ST,19,0,22,15,0,,,,1986-02-21,1993-01-27
14162,Limpia Creek at Davis Mountain Resorts located approximately 10 miles west of Fort Davis,TCEQ,30.62,-104.09,ST,2,0,1,1,0,,,,1992-09-30,1992-09-30
13133,Delaware River 2.5 kilometer upstream of County Road Crossing and 22 kilometer downstream of SH 652,TCEQ,31.93,-104.15,ST,18,4,8,10,0,2420.0,2640.0,2505.0,1992-01-22,1995-07-11
14164,Pecos River approximately 2 miles upstream of the confluence with Independence Creek,TCEQ,30.46,-101.72,ST,18,6,6,6,0,5620.0,8830.0,6768.3,1994-04-26,1995-07-25
14163,Pecos River approximately 0.5 miles downstream from the confluence with Independence Creek,TCEQ,30.44,-101.72,ST,21,8,8,8,0,2404.0,6030.0,4391.8,1994-04-26,2014-08-12
15114,Pecos River 1.6 miles upstream of SH 290 bridge SE of Sheffield,TCEQ,30.68,-101.77,ST,128,51,75,52,0,2820.0,12100.0,8473.3,1996-08-15,2013-07-23
13110,Independence Creek at SH 349 25.7 kilometer 16 miles south Sheffield,TCEQ,30.45,-101.82,ST,26,1,25,2,0,824.0,824.0,824.0,1990-08-28,1999-07-29
16379,Pecos River 0.7 MI downstream from US90 west in Val Verde County,TCEQ,29.7,-101.36,ST,65,24,30,34,0,668.0,2190.0,1319.5,1999-12-07,2014-09-16
13255,Pecos River at FM 1901 SW of McCamey,TCEQ,31.03,-102.22,ST,2,1,1,1,0,1000.0,1000.0,1000.0,1989-08-08,2002-04-24
18801,Lower Pecos River west bank 3.56 KM/2.3 MI upstream of Terrell/Val Verde/Crockett County line convergence CAMS 0729 on Brotherton Ranch,TCEQ,30.31,-101.74,ST,78,11,45,29,0,2470.0,4720.0,3689.1,2008-11-04,2014-10-21
13261,Pecos River at US 80 northeast of Peocs CAMS 710,TCEQ,31.43,-103.46,ST,46,36,19,42,0,2157.0,20932.0,8019.4,1987-10-13,2010-08-11
13259,Pecos River at SH 18 south southwest of Grandfalls,TCEQ,31.3,-102.87,ST,68,23,41,27,0,2810.0,12700.0,9880.4,1989-10-24,2010-08-11
13258,Pecos River at FM 1053 NE of Imperial,TCEQ,31.31,-102.65,ST,35,25,8,31,0,3240.0,15700.0,11121.6,1987-10-13,2010-08-12
20399,Pecos River 62 meters north and 17 meters east to the end of Horsehead Road and 5.02 kilometers north and 927 meters east to the intersection of Ranch Road 11 and Horse Head Road,TCEQ,31.23,-102.48,ST,26,23,0,26,0,5390.0,17500.0,12023.9,2008-06-16,2010-08-12
13264,Pecos River at SH 302 northwest of Pecos and southwest of Mentone,TCEQ,31.66,-103.62,ST,59,14,58,17,0,687.0,14200.0,7005.9,1987-06-26,2005-04-28
20558,Kokernot Springs 105 meters south 20 meters east from the intersection of Alpine Creek and Hendryx Drive/Harrison Street/SH 223 and 40 meters east of the KokernotLodge on Sul Ross University Campus in Alpine,TCEQ,30.37,-103.65,SP,16,9,8,10,0,410.0,453.0,434.6,2009-10-07,2014-08-27
13248,Pecos River 0.1 kilometer upstream of the confluence with Independence Creek Chandler Ranch,TCEQ,30.44,-101.72,ST,32,3,38,19,0,3478.0,5400.0,4729.3,1986-04-28,2014-08-12
13268,Red Bluff Reservoir mid lake approximately 2.00 mile north of dam near US bank,TCEQ,31.92,-103.91,LK,8,0,5,0,0,,,,1985-04-25,2001-06-07
13247,Pecos River 0.25 MI downstream of Richland Creek at 1st low water crossing Banner Ranch,TCEQ,30.37,-101.68,ST,14,0,12,8,0,,,,1985-11-06,1996-08-01
13105,Salt Creek at FM 652 bridge west of Orla,TCEQ,31.82,-104.0,ST,58,1,76,34,0,12220.0,12220.0,12220.0,1968-10-08,1979-10-02
13106,Limpia Creek bridge ON SH 17 north of Fort Davis,TCEQ,30.68,-103.79,ST,63,5,55,23,0,206.0,279.0,233.8,1970-05-01,1986-02-26
13111,Live Oak Creek at US 290 8.4 miles southeast of Sheffield,TCEQ,30.66,-101.7,ST,3,1,4,2,0,2000.0,2000.0,2000.0,1977-07-14,1979-07-05
13112,Live Oak Creek at IH 10 43.4 kilometers (27 miles) west Ozona,TCEQ,30.74,-101.67,ST,25,1,25,1,0,1794.0,1794.0,1794.0,1990-08-29,1990-08-30
13168,Richland Canyon Springs on Banner Ranch behind Banner Ranch house 38.6 kilometers south southeast of Sheffield,TCEQ,30.37,-101.69,SP,1,1,2,1,0,688.0,688.0,688.0,1989-10-25,1989-10-25
13169,Seep to right bank of Pecos River 30 miles upstream of Pecos River and 20 miles downstream of Crossing 2 miles downstream from Iraan,TCEQ,30.88,-101.88,SP,2,1,3,1,0,998.0,998.0,998.0,1989-10-24,1989-10-25
13170,"Imperial Reservoir outfall at Farm to Market Road 2593, 42 kilometers north of Fort Stockton",TCEQ,31.26,-102.84,LK,3,1,3,1,0,9000.0,9000.0,9000.0,1989-08-09,1989-10-24
13171,Salt Creek at road to Red Bluff community approximately 5 river kilometers upstream from Pecos River 66 kilometers northwest of Pecos,TCEQ,31.88,-103.91,ST,1,1,2,1,0,27640.0,27640.0,27640.0,1989-10-24,1989-10-24
13172,Tardy Springs on Everett Ranch 4.2 river kilometers downstream from Pandale Crossing 109 kilometer northwest of Del Rio,TCEQ,30.12,-101.53,SP,2,1,2,1,0,444.0,444.0,444.0,1989-10-24,1989-10-24
13216,Amistad Reservoir Pecos River arm of lake 200 M downstream of US 90 bridge at MID RESERVOIR END of BOAT DOCK,TCEQ,29.7,-101.35,LK,2,0,1,0,0,,,,1986-12-11,1986-12-13
13217,Amistad Reservoir Pecos River arm of lake mid reservoir underneath Southern Pacific Railroad bridge,TCEQ,29.75,-101.35,LK,18,0,18,0,0,,,,1986-12-13,1986-12-14
13218,Amistad Reservoir Pecos River arm of lake mid reservoir at confluence with mouth of Dead Man's Canyon,TCEQ,29.78,-101.34,LK,19,1,20,1,0,1216.0,1216.0,1216.0,1986-12-11,1986-12-14
13219,Amistad Reservoir Pecos River arm of lake mid reservoir 7.1 RIVER kilometer upstream of the Southern Pacific Railroad bridge,TCEQ,29.8,-101.37,LK,16,1,17,2,0,1642.0,1642.0,1642.0,1986-12-09,1986-12-14
13220,Amistad Reservoir Pecos River arm of lake mid reservoir 9.0 RIVER kilometer upstream of the Southern Pacific Railroad bridge,TCEQ,29.79,-101.38,LK,18,1,21,6,0,3040.0,3040.0,3040.0,1986-12-09,1986-12-14
13221,Amistad Reservoir Pecos River arm of lake mid reservoir 10.3 RIVER kilometer upstream of the Southern Pacific Railroad bridge,TCEQ,29.79,-101.39,LK,6,0,5,2,0,,,,1986-12-09,1986-12-14
13222,Amistad Reservoir Pecos River arm of lake north shoreline 11.5 river kilometer upstream of the Southern Pacific Railroad bridge,TCEQ,29.79,-101.4,LK,1,0,1,0,0,,,,1986-12-11,1986-12-11
13241,Pecos River at Bill Chamberlains Ranch 6.5 miles north northeast from downtown Langtry,TCEQ,29.88,-101.51,ST,1,0,1,0,0,,,,1986-12-11,1986-12-11
13242,Pecos River 2.57 kilometer downstream of Harkell Canyon 49.78 kilometer downstream of Pandale bridge,TCEQ,29.89,-101.53,ST,1,0,2,1,0,,,,1987-10-15,1987-10-15
13243,Pecos River 1.0 kilometer upstream of Everett Canyon AND 29.4 kilometer downstream of Pandale bridge,TCEQ,30.0,-101.51,ST,1,0,2,1,0,,,,1987-10-15,1987-10-15
13244,Pecos River at low-water crossing RR 1024 near Pandale 22.5 miles north of downtown Langtry,TCEQ,30.12,-101.57,ST,18,6,20,10,0,3410.0,4940.0,3955.0,1986-12-02,1990-04-25
13245,Pecos River on Mr Henry Mills Ranch 7.4 river kilometers upstream of the Pandale Crossing at Ford 115 kilometers northwest of Del Rio,TCEQ,30.18,-101.59,ST,38,0,37,0,0,,,,1989-10-23,1989-10-25
13250,Pecos River at Texas Rock Road 8.4 kilometer downstream of US 190 bridge southeast of Iraan,TCEQ,30.78,-101.83,ST,12,7,12,7,0,4800.0,20816.0,10226.7,1987-01-15,1989-10-25
13252,Pecos River at US 190 bridge southeast of Iraan,TCEQ,30.9,-101.88,ST,11,6,11,6,0,4983.0,14053.0,9314.8,1987-02-19,1989-10-25
13253,Pecos River at SH 349 northwest of Iraan,TCEQ,30.98,-101.97,ST,24,6,32,23,0,4976.0,13904.0,9129.7,1986-04-28,1989-08-08
13254,Pecos River at FM 305 SE of McCamey,TCEQ,31.0,-102.12,ST,10,1,7,3,0,13100.0,13100.0,13100.0,1989-05-24,1989-10-25
13256,Pecos River atow-water crossing 4.8 river kilometer upstream of FM 1901 southwest of McCamey,TCEQ,31.04,-102.25,ST,49,1,49,1,0,12830.0,12830.0,12830.0,1989-08-08,1989-10-25
13262,Pecos River at FM 3398 north of Pecos,TCEQ,31.48,-103.48,ST,1,0,1,0,0,,,,1989-10-25,1989-10-25
13263,Pecos River at point 24.2 river kilometer downstream of SH 302 3.4 kilometer ast of FM 1216 and  21.7 kilometer north of county seat in Pecos,TCEQ,31.61,-103.51,ST,1,0,1,0,0,,,,1989-10-25,1989-10-25
13266,Pecos River from walkway 2 meters downstream from dam for Red Bluff Reservoir,TCEQ,31.9,-103.9,ST,1,1,2,1,0,7260.0,7260.0,7260.0,1989-10-24,1989-10-24
2640601,Waste Control,TWDB,32.42,-103.03,GW,2,2,2,2,0,292.0,302.0,297.0,1974-08-01,1980-10-09
2656601,R. W. Cowden,TWDB,32.17,-103.04,GW,5,4,4,4,0,626.0,926.0,763.8,1980-10-13,2000-04-26
4441908,Upton County,TWDB,31.25,-101.89,GW,1,1,1,1,0,1709.0,1709.0,1709.0,1987-04-30,1987-04-30
4533812,City of Grandfalls,TWDB,31.38,-102.95,GW,9,9,9,9,0,1301.0,1461.0,1376.4,1964-06-01,1995-05-17
4441909,Upton County,TWDB,31.25,-101.89,GW,1,1,1,1,0,1344.0,1344.0,1344.0,1987-04-30,1987-04-30
4533815,W.E. Anderson Estate,TWDB,31.38,-102.93,GW,2,1,2,1,0,1056.0,1056.0,1056.0,1963-08-26,2004-04-21
4533821,Forest Oil Corporation,TWDB,31.39,-102.92,GW,1,0,0,1,0,,,,1958-05-30,1958-05-30
4441914,Upton County Water,TWDB,31.26,-101.89,GW,4,3,3,3,0,1157.0,1262.0,1207.0,2003-04-22,2011-05-04
4533825,City of Grandfalls,TWDB,31.39,-102.94,GW,1,1,1,1,0,1474.0,1474.0,1474.0,1987-07-16,1987-07-16
4533826,City of Grandfalls,TWDB,31.39,-102.95,GW,3,3,3,3,0,1660.0,2050.0,1817.0,1986-05-19,1987-07-16
4533827,Donald Howell,TWDB,31.39,-102.94,GW,2,1,1,1,0,599.0,599.0,599.0,2002-10-09,2002-10-09
4533901,City of Grandfalls,TWDB,31.38,-102.91,GW,3,3,1,3,0,1358.0,3874.0,2210.0,1949-08-26,1961-04-17
4533902,City of Grandfalls,TWDB,31.38,-102.91,GW,5,5,2,5,0,1409.0,10736.0,3320.4,1949-08-26,1966-02-28
4533903,City of Grandfalls,TWDB,31.38,-102.91,GW,1,1,1,1,0,1501.0,1501.0,1501.0,1961-04-17,1961-04-17
4533908,City of Grandfalls,TWDB,31.38,-102.91,GW,2,2,2,2,0,1100.0,1180.0,1140.0,1964-06-01,1965-01-22
4533912,Forest Oil Corp.,TWDB,31.39,-102.91,GW,1,0,0,1,0,,,,1958-03-06,1958-03-06
4534103,David Armstrong,TWDB,31.48,-102.86,GW,2,2,2,2,0,841.0,845.0,843.0,2007-03-27,2011-06-15
4534302,W.I. Winger,TWDB,31.48,-102.77,GW,1,1,1,1,0,2377.0,2377.0,2377.0,1983-06-09,1983-06-09
4534401,David Armstrong,TWDB,31.45,-102.83,GW,1,1,1,1,0,1134.0,1134.0,1134.0,2007-03-27,2007-03-27
4534402,Texas Department of Transportation,TWDB,31.42,-102.87,GW,3,3,3,3,0,1674.0,3127.0,2287.3,1970-08-24,1987-07-16
4534701,Clay Wristen,TWDB,31.39,-102.84,GW,3,3,2,3,0,2674.0,4020.0,3296.7,1974-07-22,1995-05-17
4449104,Shankle Bloxom,TWDB,31.22,-101.96,GW,2,2,2,2,0,1464.0,1557.0,1510.5,1979-07-12,1985-06-26
4534802,Clay Wristen,TWDB,31.41,-102.79,GW,1,1,1,1,0,3752.0,3752.0,3752.0,1988-10-19,1988-10-19
4534804,Clay Wristen,TWDB,31.39,-102.79,GW,4,3,3,3,0,3865.0,4336.0,4035.3,1999-10-26,2007-03-21
4534901,Jess M. Wristen,TWDB,31.38,-102.76,GW,1,1,1,1,0,4761.0,4761.0,4761.0,1978-08-15,1978-08-15
4535202,City of Crane,TWDB,31.46,-102.67,GW,2,2,1,2,0,148.0,190.0,169.0,1982-02-24,1987-07-23
4535203,City of Crane,TWDB,31.46,-102.67,GW,1,0,0,1,0,,,,1982-11-16,1982-11-16
4535204,City of Crane,TWDB,31.46,-102.67,GW,1,1,0,1,0,104.0,104.0,104.0,1982-02-24,1982-02-24
4535205,City of Crane,TWDB,31.45,-102.66,GW,1,1,0,1,0,190.0,190.0,190.0,1982-02-26,1982-02-26
4535206,City of Crane,TWDB,31.46,-102.67,GW,2,2,1,2,0,196.0,330.0,263.0,1982-02-26,1987-07-23
4535208,City of Crane,TWDB,31.46,-102.67,GW,2,2,1,2,0,112.0,211.0,161.5,1982-08-04,1987-07-23
4535209,City of Crane,TWDB,31.47,-102.67,GW,1,1,0,1,0,155.0,155.0,155.0,1982-08-11,1982-08-11
4535210,City of Crane,TWDB,31.47,-102.67,GW,2,2,1,2,0,203.0,800.0,501.5,1982-08-31,1999-10-18
4535301,City of Crane,TWDB,31.46,-102.66,GW,5,5,4,5,0,163.0,1620.0,704.4,1959-06-10,1985-06-24
4449105,Shankle Bloxom,TWDB,31.22,-101.96,GW,2,1,1,1,0,1834.0,1834.0,1834.0,2003-04-10,2003-04-10
4535302,City of Crane,TWDB,31.46,-102.66,GW,1,1,0,1,0,408.0,408.0,408.0,1982-03-10,1982-03-10
4535303,City of Crane,TWDB,31.46,-102.65,GW,1,1,0,1,0,310.0,310.0,310.0,1982-02-26,1982-02-26
4535304,City of Crane,TWDB,31.45,-102.65,GW,1,1,0,1,0,454.0,454.0,454.0,1982-02-26,1982-02-26
4535313,City of Crane,TWDB,31.45,-102.66,GW,2,1,1,2,0,374.0,374.0,374.0,1982-03-25,1987-07-23
4535314,City of Crane,TWDB,31.45,-102.64,GW,1,1,0,1,0,1140.0,1140.0,1140.0,1982-08-13,1982-08-13
4535315,Energy Equity Company,TWDB,31.48,-102.64,GW,5,4,4,4,0,5451.0,8117.0,6881.5,1995-09-23,2012-08-07
4535504,City of Crane,TWDB,31.45,-102.66,GW,1,1,0,1,0,372.0,372.0,372.0,1982-02-26,1982-02-26
4535505,City of Crane,TWDB,31.45,-102.67,GW,1,1,0,1,0,182.0,182.0,182.0,1982-02-26,1982-02-26
4535506,City of Crane,TWDB,31.45,-102.66,GW,7,5,5,5,0,147.0,253.0,203.8,1982-02-26,2011-05-25
4535508,City of Crane,TWDB,31.44,-102.67,GW,1,1,0,1,0,116.0,116.0,116.0,1982-03-31,1982-03-31
4535603,City of Crane,TWDB,31.45,-102.66,GW,1,1,0,1,0,158.0,158.0,158.0,1982-03-10,1982-03-10
4535605,City of Crane,TWDB,31.45,-102.66,GW,1,1,0,1,0,286.0,286.0,286.0,1982-02-26,1982-02-26
4535606,City of Crane,TWDB,31.45,-102.66,GW,1,1,0,1,0,192.0,192.0,192.0,1982-02-26,1982-02-26
4535607,City of Crane,TWDB,31.45,-102.66,GW,1,1,0,1,0,174.0,174.0,174.0,1982-03-10,1982-03-10
4535702,"Annie Long, Dobie",TWDB,31.39,-102.72,GW,1,1,1,1,0,4398.0,4398.0,4398.0,1978-08-16,1978-08-16
4449107,Shankle Bloxom,TWDB,31.24,-101.96,GW,2,1,1,1,0,409.0,409.0,409.0,2003-04-10,2003-04-10
4536109,City of Crane,TWDB,31.46,-102.61,GW,1,1,1,1,0,532.0,532.0,532.0,2002-10-09,2002-10-09
4536301,Calvin Smith,TWDB,31.49,-102.53,GW,1,1,1,1,0,1443.0,1443.0,1443.0,1995-09-23,1995-09-23
4536406,Exxon,TWDB,31.45,-102.61,GW,1,1,1,1,0,607.0,607.0,607.0,1983-05-18,1983-05-18
4536502,Billy Ira Butler,TWDB,31.41,-102.55,GW,2,1,1,1,0,1842.0,1842.0,1842.0,2004-03-23,2004-03-23
4536802,T.C. Barnsley,TWDB,31.4,-102.56,GW,1,1,1,1,0,703.0,703.0,703.0,1974-09-12,1974-09-12
4537101,Arco,TWDB,31.48,-102.46,GW,1,1,1,1,0,481.0,481.0,481.0,1995-04-26,1995-04-26
4537102,Previously Arco well,TWDB,31.48,-102.46,GW,2,2,2,2,0,304.0,453.0,378.5,1983-05-19,1999-10-20
4537203,Arco,TWDB,31.47,-102.44,GW,2,2,2,2,0,915.0,1009.0,962.0,1974-09-12,1978-08-16
4537602,"Groundwater well in Crane County, Tex",TWDB,31.45,-102.41,GW,1,1,1,1,0,1015.0,1015.0,1015.0,1999-10-18,1999-10-18
4537701,Exxon Field Office,TWDB,31.37,-102.49,GW,1,1,1,1,0,3144.0,3144.0,3144.0,1999-10-19,1999-10-19
4538302,McElroy Ranch,TWDB,31.48,-102.27,GW,1,1,0,1,0,6170.0,6170.0,6170.0,1953-08-10,1953-08-10
4539802,Windham Ranch,TWDB,31.37,-102.2,GW,1,1,1,1,0,906.0,906.0,906.0,1999-03-17,1999-03-17
4539803,Windham Ranch,TWDB,31.37,-102.2,GW,3,3,3,3,0,635.0,810.0,751.0,1974-10-16,1984-10-09
4539902,Windham Ranch,TWDB,31.4,-102.15,GW,1,1,1,1,0,956.0,956.0,956.0,1985-06-26,1985-06-26
4449108,Tom Bloxom,TWDB,31.22,-101.96,GW,2,2,2,2,0,1771.0,1863.0,1817.0,1999-03-19,2011-05-05
4541401,Roger Harrison,TWDB,31.3,-102.96,GW,6,5,5,5,0,755.0,795.0,775.4,1989-09-25,2002-09-06
4541701,Roger Harrison,TWDB,31.28,-102.97,GW,4,4,4,4,0,3217.0,3897.0,3642.2,1995-04-20,2007-10-24
4449110,Tom Bloxom,TWDB,31.22,-101.96,GW,3,2,2,2,0,1560.0,1924.0,1742.0,2003-04-10,2011-05-05
4541802,Santa Rosa Springs,TWDB,31.26,-102.95,GW,2,1,1,1,0,4255.0,4255.0,4255.0,2002-09-08,2002-09-08
4541902,"Groundwater well in Pecos County, Tex",TWDB,31.28,-102.88,GW,1,1,0,1,0,5776.0,5776.0,5776.0,1995-04-20,1995-04-20
4542507,Unknown,TWDB,31.3,-102.81,GW,1,1,1,1,0,10738.0,10738.0,10738.0,1974-09-13,1974-09-13
4542700,Imperial Reservoir,TWDB,31.26,-102.84,LK,2,2,2,2,0,8199.0,8500.0,8349.5,1989-09-26,1990-09-26
4542703,Walbet Inc.,TWDB,31.25,-102.86,GW,1,1,0,1,0,54649.0,54649.0,54649.0,1995-04-20,1995-04-20
4542802,Signal Oil & Gas Co,TWDB,31.28,-102.81,GW,1,1,0,1,0,74303.0,74303.0,74303.0,1958-02-04,1958-02-04
4543404,Pecos County WID #3,TWDB,31.29,-102.72,GW,1,1,1,1,0,8830.0,8830.0,8830.0,1994-04-20,1994-04-20
4543700,Pecos River Sample #8 ,TWDB,31.28,-102.74,ST,1,1,1,1,0,7402.0,7402.0,7402.0,1989-09-25,1989-09-25
4449111,Tom Bloxom,TWDB,31.23,-101.96,GW,2,2,2,2,0,604.0,1255.0,929.5,2007-07-10,2011-05-05
4543806,Bart Reid - Well #2,TWDB,31.27,-102.67,GW,2,1,1,1,0,10419.0,10419.0,10419.0,2002-10-06,2002-10-06
4543905,Pecos County WID #3,TWDB,31.26,-102.64,GW,4,3,2,3,0,6868.0,13791.0,10837.7,1999-07-30,2002-10-07
4544301,Jax Cowden Est.,TWDB,31.36,-102.5,GW,2,2,2,2,0,8319.0,8343.0,8331.0,1978-08-10,1995-04-26
4544601,Jax Cowden Est.,TWDB,31.3,-102.52,GW,2,2,2,2,0,114562.0,118857.0,116709.5,1974-07-18,1978-08-10
4544700,Pecos River Sample #7 ,TWDB,31.26,-102.59,ST,2,2,2,2,0,2674.0,7057.0,4865.5,1989-09-29,1990-09-24
4545501,Hallie C. Day Estate,TWDB,31.3,-102.45,GW,1,1,1,1,0,3052.0,3052.0,3052.0,1974-07-16,1974-07-16
4545802,Cowden Ranch,TWDB,31.28,-102.42,GW,3,3,3,3,0,4752.0,5984.0,5368.7,1974-09-12,1985-06-25
4546101,American Legion,TWDB,31.34,-102.34,GW,1,1,1,1,0,969.0,969.0,969.0,1974-07-17,1974-07-17
4546301,J. L. Damron,TWDB,31.33,-102.27,GW,1,1,1,1,0,1351.0,1351.0,1351.0,1979-07-12,1979-07-12
4546601,Jacob Livestock Company,TWDB,31.3,-102.26,GW,3,3,3,3,0,639.0,654.0,646.3,1979-07-12,1993-07-13
4449201,Upton County,TWDB,31.23,-101.93,GW,2,2,2,2,0,1530.0,1648.0,1589.0,1999-03-20,2011-05-05
4546701,State of Texas,TWDB,31.28,-102.34,GW,2,2,2,2,0,5631.0,9238.0,7434.5,1984-11-13,1984-11-14
4547602,Jim O'Harrow,TWDB,31.29,-102.13,GW,1,1,1,1,0,1215.0,1215.0,1215.0,1993-07-13,1993-07-13
4548403,Robert Eaves,TWDB,31.33,-102.09,GW,4,4,4,4,0,664.0,752.0,718.2,1979-07-12,1999-03-19
4548804,Tom Bloxom,TWDB,31.27,-102.04,GW,4,3,3,3,0,1203.0,1490.0,1380.3,1999-03-22,2007-08-13
4449202,City of Rankin,TWDB,31.22,-101.93,GW,4,4,0,4,0,1551.0,1718.0,1650.5,1939-01-13,1943-02-20
4548901,Tom Bloxom,TWDB,31.28,-102.03,GW,1,1,1,1,0,1910.0,1910.0,1910.0,2007-07-10,2007-07-10
4548902,Shankle Bloxom,TWDB,31.27,-102.01,GW,1,1,1,1,0,2093.0,2093.0,2093.0,1999-03-19,1999-03-19
4549103,R. C. Crabb,TWDB,31.24,-102.97,GW,4,4,4,4,0,3064.0,3676.0,3342.2,1972-06-27,2000-03-23
4549203,Enstor-Waha WW Site,TWDB,31.23,-102.93,GW,2,2,2,2,0,3963.0,5652.0,4807.5,2007-12-03,2010-08-17
4549204,Enstor-Waha WW Site,TWDB,31.24,-102.92,GW,1,1,1,1,0,3856.0,3856.0,3856.0,2012-08-09,2012-08-09
4549205,Enstor-Waha WW Site,TWDB,31.24,-102.91,GW,1,1,0,1,0,6816.0,6816.0,6816.0,2005-08-12,2005-08-12
4549403,City of Imperial,TWDB,31.2,-102.99,GW,1,1,1,1,0,2279.0,2279.0,2279.0,1987-03-24,1987-03-24
4549901,Elizabeth Reed,TWDB,31.13,-102.9,GW,3,3,3,3,0,3582.0,4769.0,4328.0,1946-10-23,1998-09-17
4549902,Richard Tanner,TWDB,31.12,-102.88,GW,2,2,1,2,0,4459.0,6751.0,5605.0,1993-07-21,2004-10-13
4550301,"G.C. Holladay, Jr.",TWDB,31.21,-102.75,GW,1,1,1,1,0,16581.0,16581.0,16581.0,1999-10-12,1999-10-12
4550604,"G.C. Holladay, Jr.",TWDB,31.19,-102.76,GW,3,3,3,3,0,4850.0,5055.0,4979.3,1989-09-29,1999-10-12
4551103,Western Cotton Oil Company,TWDB,31.23,-102.73,GW,2,2,2,2,0,7089.0,7167.0,7128.0,1995-05-09,1999-10-13
4551104,Heagy and Grammer,TWDB,31.21,-102.73,GW,3,3,3,3,0,4896.0,5210.0,5029.3,1989-09-29,1999-10-13
4551106,Regal Shrimp Farms,TWDB,31.24,-102.74,GW,2,1,1,1,0,11979.0,11979.0,11979.0,2002-10-08,2002-10-08
4551206,Unknown,TWDB,31.23,-102.68,GW,2,2,2,2,0,8305.0,10161.0,9233.0,1995-04-19,1999-10-13
4551701,Kenneth Heritage,TWDB,31.13,-102.73,GW,3,2,1,2,0,4968.0,5514.0,5241.0,1995-04-18,2002-10-03
4552202,Four C Oil & Gas Corp.,TWDB,31.24,-102.56,GW,2,1,1,1,0,10552.0,10552.0,10552.0,2002-10-07,2002-10-07
4553303,Randall Capp,TWDB,31.22,-102.4,GW,8,7,8,7,0,2447.0,2690.0,2583.0,1974-09-12,2008-04-23
4554501,George Hogg,TWDB,31.2,-102.31,GW,9,8,8,8,0,3107.0,4549.0,3886.4,1966-02-24,2008-08-21
4554801,C.W. Hobbs Est.,TWDB,31.14,-102.3,GW,1,1,1,1,0,3702.0,3702.0,3702.0,1983-05-19,1983-05-19
4555402,Mrs. J. C. Lyles,TWDB,31.17,-102.24,GW,1,1,1,1,0,3040.0,3040.0,3040.0,1983-06-02,1983-06-02
4555601,Larry Howard,TWDB,31.19,-102.13,GW,3,3,3,3,0,1256.0,1441.0,1372.7,1974-10-17,1984-10-09
4555702,R. L. Leuschner,TWDB,31.13,-102.23,GW,3,3,3,3,0,3421.0,3923.0,3754.7,1974-10-18,1984-10-09
4555705,Arlene Brown,TWDB,31.15,-102.24,GW,2,1,1,1,0,3543.0,3543.0,3543.0,2004-03-22,2004-03-22
4555805,Frank Robbins,TWDB,31.13,-102.17,GW,3,2,2,3,0,2628.0,3021.0,2824.5,1979-07-12,1999-10-13
4555901,Harry Howard,TWDB,31.16,-102.14,GW,1,1,1,1,0,4324.0,4324.0,4324.0,1983-06-01,1983-06-01
4555902,Pip Petroleum Company ,TWDB,31.15,-102.16,GW,2,2,2,2,0,6062.0,6071.0,6066.5,1974-10-18,1985-06-25
4449216,Upton County,TWDB,31.23,-101.94,GW,4,3,3,3,0,1043.0,1491.0,1198.3,2004-10-25,2011-05-05
4556801,Eugene Kelton,TWDB,31.13,-102.06,GW,1,1,1,1,0,1760.0,1760.0,1760.0,1977-06-28,1977-06-28
4556804,Eugene Kelton,TWDB,31.13,-102.07,GW,1,1,1,1,0,1743.0,1743.0,1743.0,1977-06-28,1977-06-28
4557101,Clarence Stephan,TWDB,31.11,-102.99,GW,1,1,0,1,0,2643.0,2643.0,2643.0,1988-09-13,1988-09-13
4557601,Bill Hargus,TWDB,31.06,-102.89,GW,4,3,4,4,0,1098.0,1225.0,1141.0,1975-04-15,1998-10-08
4557602,Bill Hargus,TWDB,31.06,-102.88,GW,1,1,1,1,0,1173.0,1173.0,1173.0,1993-04-21,1993-04-21
4557801,Texas-Diamond Y Spring,TWDB,31.0,-102.92,SP,5,4,3,4,0,5127.0,5247.0,5191.8,1992-03-11,2007-04-11
4557806,Nature Conservancy of Texas,TWDB,31.0,-102.92,SP,1,1,1,1,0,6352.0,6352.0,6352.0,1999-05-18,1999-05-18
4557901,M. R. Gonzalez,TWDB,31.03,-102.9,GW,2,2,2,2,0,1272.0,1304.0,1288.0,1973-05-03,1979-07-12
4557903,Euphrasia Spring,TWDB,31.03,-102.89,SP,1,1,1,1,0,8367.0,8367.0,8367.0,2007-08-23,2007-08-23
4557905,M.R. Gonzales,TWDB,31.03,-102.9,GW,2,1,1,1,0,16378.0,16378.0,16378.0,2003-04-06,2003-04-06
4557906,Grant Griffin,TWDB,31.0,-102.91,SP,1,1,1,1,0,5964.0,5964.0,5964.0,2009-04-30,2009-04-30
4558603,Farmland Industries,TWDB,31.06,-102.75,GW,1,0,0,1,0,,,,1975-01-06,1975-01-06
4558604,Farmland Industries,TWDB,31.06,-102.75,GW,1,0,0,1,0,,,,1977-07-25,1977-07-25
4559302,Buena Vista Ranch,TWDB,31.12,-102.65,GW,2,2,2,2,0,7519.0,7575.0,7547.0,1995-04-20,1999-10-14
4559502,Buena Vista Ranch,TWDB,31.04,-102.66,GW,2,2,2,2,0,1825.0,2350.0,2087.5,1995-04-20,1998-10-08
4449217,Upton County,TWDB,31.23,-101.94,GW,1,1,1,1,0,1405.0,1405.0,1405.0,1987-04-30,1987-04-30
4560302,Bruce Grady,TWDB,31.1,-102.52,GW,1,0,1,1,0,,,,1993-05-25,1993-05-25
4560303,Bruce Grady,TWDB,31.1,-102.52,GW,2,2,2,2,0,3365.0,9062.0,6213.5,1993-05-25,1998-10-08
4449303,Upton County,TWDB,31.24,-101.9,GW,1,1,0,1,0,1850.0,1850.0,1850.0,1953-08-20,1953-08-20
4560701,Neal and Ratliff,TWDB,31.03,-102.59,GW,1,1,1,1,0,2841.0,2841.0,2841.0,1985-06-06,1985-06-06
4560902,Gore Sun Valley Farms ,TWDB,31.02,-102.52,GW,2,2,2,2,0,3136.0,4048.0,3592.0,1993-05-25,1998-09-17
4560903,Gore Sun Valley Farms ,TWDB,31.02,-102.52,GW,2,1,1,1,0,3075.0,3075.0,3075.0,2002-10-04,2002-10-04
4561404,Grady's Fresh Water,TWDB,31.06,-102.48,GW,1,1,1,1,0,6168.0,6168.0,6168.0,2002-10-08,2002-10-08
4561701,Gore Sun Valley Farms ,TWDB,31.03,-102.47,GW,3,2,2,2,0,4270.0,4400.0,4335.0,1998-09-17,2002-10-04
4449304,Upton County,TWDB,31.24,-101.89,GW,3,3,2,3,0,1749.0,2047.0,1852.3,1953-08-31,1987-04-30
4561703,Gore Sun Valley Farms ,TWDB,31.03,-102.47,GW,1,1,1,1,0,4420.0,4420.0,4420.0,1993-05-25,1993-05-25
4562102,Tommy Johnson,TWDB,31.08,-102.34,GW,2,2,2,2,0,770.0,809.0,789.5,1962-12-11,1975-07-15
4562201,C. W. Hobbs Estate,TWDB,31.12,-102.29,GW,1,1,1,1,0,3489.0,3489.0,3489.0,1983-06-02,1983-06-02
4562402,Caroline Runge,TWDB,31.05,-102.37,GW,1,1,1,1,0,1949.0,1949.0,1949.0,2010-08-18,2010-08-18
4563202,Bill Teas,TWDB,31.11,-102.19,GW,1,1,1,1,0,2156.0,2156.0,2156.0,1995-04-27,1995-04-27
4563501,Velma T. Anacker,TWDB,31.08,-102.17,GW,1,1,1,1,0,2266.0,2266.0,2266.0,1962-12-11,1962-12-11
4564201,J. Kelton,TWDB,31.11,-102.07,GW,2,2,2,2,0,741.0,764.0,752.5,1977-06-28,1985-06-26
4564202,Bert Kinkaid,TWDB,31.12,-102.05,GW,1,1,1,1,0,2195.0,2195.0,2195.0,1977-06-28,1977-06-28
4564204,Eugene Kelton,TWDB,31.11,-102.07,GW,5,5,5,5,0,996.0,1058.0,1020.0,1977-06-28,2011-05-05
4564304,University Lands Noelke Estates,TWDB,31.09,-102.03,GW,4,3,3,3,0,2138.0,2163.0,2148.0,1983-06-02,2004-03-08
4564501,Jack Mann,TWDB,31.05,-102.06,GW,1,1,1,1,0,473.0,473.0,473.0,1962-12-10,1962-12-10
4564602,Nolke Estate,TWDB,31.08,-102.02,GW,1,1,1,1,0,2132.0,2132.0,2132.0,1962-12-06,1962-12-06
4564603,Nolke Estate,TWDB,31.07,-102.01,GW,1,1,1,1,0,2213.0,2213.0,2213.0,1962-12-06,1962-12-06
4564604,Nolke Estate,TWDB,31.04,-102.02,GW,1,1,1,1,0,2135.0,2135.0,2135.0,1962-12-06,1962-12-06
4564905,Nolke Estate,TWDB,31.02,-102.02,GW,1,1,1,1,0,2081.0,2081.0,2081.0,1962-12-06,1962-12-06
4601202,W. D. Johnson Est.,TWDB,31.99,-103.93,GW,1,1,0,1,0,3504.0,3504.0,3504.0,1995-04-19,1995-04-19
4601301,W. D. Johnson Est.,TWDB,31.98,-103.91,GW,2,2,1,2,0,7432.0,7766.0,7599.0,1978-08-17,1995-04-19
4449305,Upton County,TWDB,31.23,-101.89,GW,1,0,1,1,0,,,,1993-07-28,1993-07-28
4601701,Jack Camp Estate,TWDB,31.9,-103.96,GW,7,6,5,6,0,3137.0,3862.0,3359.8,1972-06-27,2003-03-18
4601702,Jeff Lindsay,TWDB,31.9,-103.97,GW,2,2,2,2,0,2955.0,3038.0,2996.5,2004-09-14,2007-06-13
4601900,Red Bluff Reservoir,TWDB,31.9,-103.9,LK,2,2,2,2,0,7021.0,9079.0,8050.0,1989-09-21,1990-09-25
4449306,Upton County,TWDB,31.24,-101.89,GW,1,1,1,1,0,1386.0,1386.0,1386.0,1993-07-28,1993-07-28
4601990,Salt Creek,TWDB,31.87,-103.88,ST,1,1,1,1,0,16523.0,16523.0,16523.0,1990-09-25,1990-09-25
4602305,R. Lindsay,TWDB,31.96,-103.75,GW,1,1,1,1,0,704.0,704.0,704.0,1990-01-10,1990-01-10
4602401,Johnson Ranch,TWDB,31.92,-103.87,GW,3,3,1,3,0,2397.0,2628.0,2521.0,1984-09-26,1995-04-19
4602601,R. Lindsay,TWDB,31.95,-103.77,GW,2,2,2,2,0,737.0,767.0,752.0,1974-10-17,1995-04-19
4602603,R. Lindsay,TWDB,31.92,-103.77,GW,2,2,2,2,0,4841.0,5150.0,4995.5,1974-10-17,1978-08-17
4449308,Hamp Carter,TWDB,31.24,-101.91,GW,1,1,0,1,0,1238.0,1238.0,1238.0,1985-10-10,1985-10-10
4603401,Oliver Kiehne,TWDB,31.94,-103.7,GW,7,5,6,5,0,1556.0,1687.0,1626.6,1988-10-20,2008-04-22
4603803,Kyle Ranch,TWDB,31.89,-103.68,GW,1,1,1,1,0,596.0,596.0,596.0,1974-10-22,1974-10-22
4603901,"Groundwater well in Loving County, Tex",TWDB,31.9,-103.65,GW,1,1,1,1,0,1803.0,1803.0,1803.0,1974-10-22,1974-10-22
4604201,M. Madera,TWDB,31.97,-103.55,GW,1,1,1,1,0,3977.0,3977.0,3977.0,1974-10-22,1974-10-22
4604401,Kyle Ranch,TWDB,31.94,-103.62,GW,2,2,2,2,0,3144.0,3235.0,3189.5,1974-10-22,1978-08-17
4604501,Brunson Ranch,TWDB,31.92,-103.55,GW,1,1,1,1,0,3022.0,3022.0,3022.0,1974-10-22,1974-10-22
4604502,"Groundwater well in Loving County, Tex",TWDB,31.94,-103.58,GW,2,2,2,2,0,627.0,956.0,791.5,1974-10-22,1978-08-17
4604503,M. Madera,TWDB,31.94,-103.58,GW,1,1,0,1,0,1397.0,1397.0,1397.0,1990-03-13,1990-03-13
4604702,Johnson Ranch,TWDB,31.88,-103.61,GW,2,2,2,2,0,1303.0,1626.0,1464.5,1990-01-09,1999-10-19
4604901,Brunson Ranch,TWDB,31.9,-103.51,GW,1,1,0,1,0,1419.0,1419.0,1419.0,1990-03-12,1990-03-12
4605401,Brunson Ranch,TWDB,31.94,-103.47,GW,2,2,2,2,0,1205.0,1736.0,1470.5,1974-10-21,1978-08-23
4605402,Brunson Ranch,TWDB,31.94,-103.47,GW,1,1,1,1,0,956.0,956.0,956.0,1974-10-21,1974-10-21
4605404,Brunson Ranch,TWDB,31.94,-103.47,GW,1,1,0,1,0,1595.0,1595.0,1595.0,1990-03-12,1990-03-12
4449403,N G Adams,TWDB,31.2,-101.96,GW,1,1,1,1,0,1770.0,1770.0,1770.0,1993-07-27,1993-07-27
4606301,City of Midland,TWDB,31.98,-103.25,GW,3,3,3,3,0,685.0,736.0,717.7,1975-07-16,1988-10-19
4606801,Tom Lineberry,TWDB,31.89,-103.29,GW,2,2,2,2,0,762.0,806.0,784.0,1975-07-16,1995-09-20
4606901,Evelyn Lineberry,TWDB,31.9,-103.25,GW,2,2,2,2,0,937.0,1304.0,1120.5,1975-07-16,1979-07-31
4449505,Hamp Carter,TWDB,31.19,-101.91,GW,1,1,0,1,0,945.0,945.0,945.0,1985-10-10,1985-10-10
4607401,J.B. Walton,TWDB,31.93,-103.24,GW,5,4,4,4,0,723.0,941.0,812.5,1985-06-19,2011-05-24
4607402,Tom Lineberry Frying pan,TWDB,31.93,-103.21,GW,3,3,3,3,0,1243.0,1266.0,1253.0,1975-07-16,1985-06-19
4607501,J B Walton Est,TWDB,31.91,-103.19,GW,1,1,1,1,0,609.0,609.0,609.0,1968-12-10,1968-12-10
4607602,Amerada Petr. Copr.,TWDB,31.92,-103.15,GW,1,1,1,1,0,1736.0,1736.0,1736.0,1968-12-17,1968-12-17
4607802,Pan American Petr.,TWDB,31.87,-103.17,GW,1,1,1,1,0,486.0,486.0,486.0,1968-12-10,1968-12-10
4607804,J B Walton Estate,TWDB,31.87,-103.16,GW,3,3,3,3,0,1694.0,2985.0,2477.7,1968-12-19,1979-07-31
4449702,Dewayne Lindsey,TWDB,31.15,-101.96,GW,1,0,0,1,0,,,,1995-06-27,1995-06-27
4607805,J B Walton,TWDB,31.88,-103.19,GW,1,1,1,1,0,443.0,443.0,443.0,1969-05-01,1969-05-01
4607902,D.H. Bolin Oil Co,TWDB,31.9,-103.14,GW,1,1,1,1,0,1175.0,1175.0,1175.0,1968-12-17,1968-12-17
4607903,Texas Pacific Oil Company,TWDB,31.91,-103.15,GW,1,1,1,1,0,556.0,556.0,556.0,1968-12-17,1968-12-17
4607906,Mobil Oil Corporation,TWDB,31.91,-103.14,GW,1,1,1,1,0,549.0,549.0,549.0,1968-12-19,1968-12-19
4607908,Mobil Oil Company,TWDB,31.91,-103.13,GW,1,1,1,1,0,6296.0,6296.0,6296.0,1968-12-20,1968-12-20
4607909,Mobil Oil Company,TWDB,31.91,-103.13,GW,1,1,1,1,0,1167.0,1167.0,1167.0,1968-12-20,1968-12-20
4607911,Mobil Oil Corporation ,TWDB,31.91,-103.13,GW,1,1,1,1,0,484.0,484.0,484.0,1968-12-20,1968-12-20
4607916,J B Walton,TWDB,31.88,-103.14,GW,1,1,1,1,0,500.0,500.0,500.0,1969-01-03,1969-01-03
4607918,Humble Oil and Refining Company,TWDB,31.9,-103.12,GW,1,1,1,1,0,282.0,282.0,282.0,1968-12-19,1968-12-19
4607920,Humble Oil and Refining Company,TWDB,31.9,-103.12,GW,1,1,1,1,0,5681.0,5681.0,5681.0,1968-12-19,1968-12-19
4607923,Gulf Oil Corporation,TWDB,31.88,-103.12,GW,1,1,1,1,0,153.0,153.0,153.0,1969-02-20,1969-02-20
4607925,D.H. Bolin Oil Company,TWDB,31.89,-103.14,GW,1,1,1,1,0,1160.0,1160.0,1160.0,1968-12-18,1968-12-18
4607927,Cabot Gasoline Plant,TWDB,31.89,-103.14,GW,1,1,1,1,0,690.0,690.0,690.0,1968-12-20,1968-12-20
4607928,Cabot Oil Corp.,TWDB,31.89,-103.14,GW,1,1,1,1,0,561.0,561.0,561.0,1968-12-20,1968-12-20
4607929,Transwestern Pipeline ,TWDB,31.9,-103.14,GW,1,1,1,1,0,329.0,329.0,329.0,1967-12-18,1967-12-18
4607931,Sun Production Company,TWDB,31.87,-103.12,GW,1,1,1,1,0,7408.0,7408.0,7408.0,1969-02-18,1969-02-18
4607932,Humble Oil and Refining Company,TWDB,31.87,-103.13,GW,1,1,1,1,0,1020.0,1020.0,1020.0,1969-01-06,1969-01-06
4607933,Humble Oil and Refining Company,TWDB,31.87,-103.13,GW,1,1,1,1,0,2403.0,2403.0,2403.0,1969-01-06,1969-01-06
4607936,Ryder-Scott Management,TWDB,31.88,-103.14,GW,1,1,1,1,0,1236.0,1236.0,1236.0,1969-01-03,1969-01-03
4607942,Mrs.J.B. Walton,TWDB,31.88,-103.13,GW,1,1,1,1,0,228.0,228.0,228.0,1969-05-01,1969-05-01
4607943,Mrs. J.B. Walton,TWDB,31.88,-103.12,GW,1,1,1,1,0,112.0,112.0,112.0,1969-05-01,1969-05-01
4607947,Mrs J B Walton,TWDB,31.9,-103.16,GW,1,1,1,1,0,615.0,615.0,615.0,1968-12-10,1968-12-10
4608201,Sid Richardson,TWDB,31.96,-103.04,GW,1,0,1,1,0,,,,1982-06-22,1982-06-22
4608301,Sid Richardson,TWDB,31.95,-103.04,GW,1,0,1,1,0,,,,1982-06-22,1982-06-22
4450101,Norman Elrod,TWDB,31.21,-101.84,GW,4,4,3,4,0,570.0,627.0,600.2,1974-10-19,1985-10-10
4608302,Sid Richardson,TWDB,31.96,-103.04,GW,1,0,1,1,0,,,,1982-06-22,1982-06-22
4608303,Sid Richardson,TWDB,31.95,-103.04,GW,1,0,1,1,0,,,,1982-06-22,1982-06-22
4608402,El Paso Natural Gas,TWDB,31.94,-103.1,GW,2,2,2,2,0,419.0,435.0,427.0,1971-12-07,1985-06-19
4608403,Mobil Oil Corporation ,TWDB,31.92,-103.11,GW,4,4,4,4,0,698.0,3110.0,1713.8,1968-12-20,1985-06-19
4608405,El Paso Natural Gas,TWDB,31.93,-103.1,GW,1,1,1,1,0,357.0,357.0,357.0,1969-01-14,1969-01-14
4608406,Mrs J B Walton Est.,TWDB,31.91,-103.09,GW,2,1,2,1,0,369.0,369.0,369.0,1969-01-10,2004-04-20
4608408,Cabot Oil Company,TWDB,31.92,-103.08,GW,1,1,1,1,0,191.0,191.0,191.0,1969-02-28,1969-02-28
4608409,Cabot Oil Company,TWDB,31.92,-103.08,GW,1,1,1,1,0,256.0,256.0,256.0,1969-02-28,1969-02-28
4608417,El Paso Natural Gas,TWDB,31.95,-103.11,GW,2,2,2,2,0,388.0,397.0,392.5,1995-09-20,2004-04-28
4608501,Devin Oil Company,TWDB,31.92,-103.06,GW,2,2,2,2,0,109.0,795.0,452.0,1969-02-19,1971-12-07
4608502,Gulf Oil Company,TWDB,31.92,-103.06,GW,2,2,2,2,0,4806.0,5775.0,5290.5,1969-02-19,1974-08-06
4608503,Mrs. J.B. Walton,TWDB,31.92,-103.07,GW,1,1,1,1,0,167.0,167.0,167.0,1969-01-10,1969-01-10
2664501,Allen Cowden,TWDB,32.07,-103.05,GW,1,1,1,1,0,1536.0,1536.0,1536.0,1956-11-01,1956-11-01
4608504,Carter Foundation,TWDB,31.93,-103.06,GW,2,2,2,2,0,236.0,797.0,516.5,1969-01-15,1985-06-19
4608506,Carter Foundation,TWDB,31.92,-103.07,GW,1,1,1,1,0,1758.0,1758.0,1758.0,1969-01-15,1969-01-15
4608507,Perry R. Bass,TWDB,31.92,-103.08,GW,1,1,1,1,0,173.0,173.0,173.0,1969-02-19,1969-02-19
4608508,El Paso Natural Gas,TWDB,31.94,-103.05,GW,2,2,2,2,0,445.0,592.0,518.5,1981-07-17,1982-01-18
4608509,El Paso Natural Gas,TWDB,31.94,-103.05,GW,1,1,1,1,0,531.0,531.0,531.0,1981-01-06,1981-01-06
4450103,J. D. Poage,TWDB,31.23,-101.85,GW,1,1,0,1,0,682.0,682.0,682.0,1985-10-10,1985-10-10
4608511,El Paso Natural Gas,TWDB,31.94,-103.05,GW,3,3,3,3,0,433.0,534.0,478.0,1981-01-06,1982-01-18
4608512,El Paso Natural Gas,TWDB,31.94,-103.05,GW,2,2,1,2,0,512.0,527.0,519.5,1981-01-06,1981-07-17
4608513,El Paso Natural Gas,TWDB,31.94,-103.05,GW,3,3,2,3,0,288.0,523.0,379.0,1981-01-06,1982-01-18
4450105,Upton County,TWDB,31.24,-101.87,GW,1,1,1,1,0,935.0,935.0,935.0,1987-04-30,1987-04-30
4608514,El Paso Natural Gas,TWDB,31.94,-103.05,GW,3,3,1,3,0,288.0,367.0,327.0,1981-01-06,1982-01-18
4608515,El Paso Natural Gas,TWDB,31.94,-103.05,GW,3,3,1,3,0,325.0,432.0,383.3,1981-01-06,1982-01-18
4608516,El Paso Natural Gas,TWDB,31.94,-103.05,GW,3,3,2,3,0,481.0,564.0,512.0,1981-01-06,1982-01-14
4608601,Sid Richardson,TWDB,31.94,-103.03,GW,1,0,1,1,0,,,,1982-06-22,1982-06-22
4608603,Sid Richardson,TWDB,31.95,-103.04,GW,1,0,1,1,0,,,,1982-06-22,1982-06-22
4608701,Cabot Oil Company,TWDB,31.91,-103.1,GW,1,1,1,1,0,116.0,116.0,116.0,1969-01-14,1969-01-14
4608702,Mrs J B Walton,TWDB,31.9,-103.09,GW,1,1,1,1,0,193.0,193.0,193.0,1969-01-10,1969-01-10
4450108,Upton County Water,TWDB,31.23,-101.84,GW,1,0,1,1,0,,,,1993-07-28,1993-07-28
4608703,Standard of Texas,TWDB,31.89,-103.09,GW,1,1,1,1,0,138.0,138.0,138.0,1969-02-19,1969-02-19
4608706,Sinclair Oil Company,TWDB,31.87,-103.11,GW,1,1,1,1,0,7446.0,7446.0,7446.0,1969-02-18,1969-02-18
4608707,Bashara & Prothro Oil ,TWDB,31.87,-103.08,GW,5,5,5,5,0,159.0,280.0,209.4,1969-01-17,1985-06-19
4608708,Standard Oil of Texas ,TWDB,31.89,-103.08,GW,1,1,1,1,0,137.0,137.0,137.0,1969-01-15,1969-01-15
4608710,John Walton,TWDB,31.87,-103.1,GW,7,6,6,6,0,155.0,387.0,225.5,1969-01-16,2011-05-24
4608711,Mrs J B Walton,TWDB,31.89,-103.12,GW,1,1,1,1,0,318.0,318.0,318.0,1969-01-09,1969-01-09
4608803,W. E. Baird,TWDB,31.9,-103.06,GW,2,1,2,1,0,158.0,158.0,158.0,1969-01-15,2004-04-20
4450109,Texas Department of Transportation,TWDB,31.23,-101.84,GW,6,5,5,5,0,949.0,2593.0,1450.4,1993-07-28,2011-05-04
4608804,Mrs J B Walton,TWDB,31.89,-103.06,GW,2,2,2,2,0,3938.0,9658.0,6798.0,1969-01-10,1974-08-06
4608807,Standard of Texas,TWDB,31.9,-103.06,GW,1,1,1,1,0,338.0,338.0,338.0,1969-01-15,1969-01-15
4608809,Texaco Inc.,TWDB,31.88,-103.05,GW,1,1,1,1,0,205.0,205.0,205.0,1969-01-16,1969-01-16
4608810,Texaco Inc.,TWDB,31.88,-103.05,GW,1,1,1,1,0,205.0,205.0,205.0,1969-01-16,1969-01-16
4608811,Texaco Inc.,TWDB,31.88,-103.04,GW,1,1,1,1,0,176.0,176.0,176.0,1969-01-16,1969-01-16
4608812,Texaco Inc.,TWDB,31.87,-103.06,GW,6,6,6,6,0,179.0,208.0,196.2,1969-01-16,1985-06-20
4608901,Seth Campbell Estate,TWDB,31.87,-103.03,GW,1,1,1,1,0,273.0,273.0,273.0,1969-02-27,1969-02-27
4609301,Jeff Lindsay,TWDB,31.85,-103.91,GW,4,2,3,2,0,4457.0,4765.0,4611.0,2004-09-14,2008-04-22
4609601,Jeff Lindsay,TWDB,31.81,-103.87,GW,2,1,2,1,0,2898.0,2898.0,2898.0,2007-07-12,2008-04-22
4609901,Jack Camp Estate,TWDB,31.78,-103.88,GW,3,3,2,3,0,2822.0,3103.0,2977.0,1972-06-27,2000-03-21
4610101,Jeff Lindsay,TWDB,31.86,-103.84,GW,1,1,1,1,0,10508.0,10508.0,10508.0,2004-09-14,2004-09-14
2664801,Tom Lineberry,TWDB,32.01,-103.05,GW,3,3,3,3,0,1163.0,2015.0,1449.3,1974-10-22,1988-10-17
4610200,Pecos River Sample #5 ,TWDB,31.87,-103.83,ST,2,2,2,2,0,8080.0,11667.0,9873.5,1989-09-21,1990-09-25
4610301,Lindley Ranch,TWDB,31.84,-103.78,GW,1,1,1,1,0,6383.0,6383.0,6383.0,1990-01-11,1990-01-11
4610701,John Camp Estate,TWDB,31.77,-103.85,GW,5,5,3,5,0,3909.0,4142.0,4003.4,1975-04-24,1999-10-20
4610801,"Groundwater well in Reeves County, Tex",TWDB,31.76,-103.81,GW,1,1,1,1,0,3885.0,3885.0,3885.0,2003-03-18,2003-03-18
4611101,Lindley Ranch,TWDB,31.84,-103.74,GW,2,2,2,2,0,2211.0,2395.0,2303.0,1974-10-23,1978-08-18
4611201,S. Kyle,TWDB,31.86,-103.67,GW,1,1,1,1,0,2426.0,2426.0,2426.0,1974-10-23,1974-10-23
4611301,Johnson Ranch,TWDB,31.86,-103.64,GW,4,4,3,4,0,1255.0,1287.0,1272.2,1974-10-23,1995-04-18
4611501,Lindley Ranch,TWDB,31.82,-103.69,GW,3,2,2,2,0,2190.0,2390.0,2290.0,1985-06-18,2002-10-10
4611502,Lindley Ranch,TWDB,31.82,-103.69,GW,1,1,1,1,0,2601.0,2601.0,2601.0,1988-10-20,1988-10-20
4611701,Lindley Ranch,TWDB,31.78,-103.71,GW,2,2,2,2,0,3008.0,3307.0,3157.5,1974-10-23,1990-01-11
4611702,Lindley Ranch,TWDB,31.78,-103.72,GW,3,3,3,3,0,2088.0,2194.0,2137.0,1974-10-23,1985-06-18
4611901,Johnson Ranch,TWDB,31.79,-103.62,GW,1,1,1,1,0,787.0,787.0,787.0,1974-10-16,1974-10-16
4611902,Johnson Ranch,TWDB,31.79,-103.62,GW,4,4,2,4,0,783.0,1248.0,950.2,1985-08-05,1999-10-19
4612301,Johnson Ranch,TWDB,31.87,-103.52,GW,1,1,1,1,0,2040.0,2040.0,2040.0,1978-08-23,1978-08-23
4612402,Johnson Ranch,TWDB,31.81,-103.62,GW,2,2,2,2,0,2290.0,2342.0,2316.0,1974-10-16,1978-08-11
4612502,Johnson Ranch,TWDB,31.8,-103.54,GW,2,1,2,2,0,3133.0,3133.0,3133.0,1985-06-18,1995-09-19
4612702,Atlantic Richfield Company,TWDB,31.75,-103.61,GW,1,1,1,1,0,2953.0,2953.0,2953.0,1990-01-11,1990-01-11
4612802,Johnson Ranch,TWDB,31.76,-103.57,GW,5,5,3,5,0,1592.0,2499.0,2072.4,1974-10-21,1995-09-19
4450201,Norman Elrod,TWDB,31.23,-101.8,GW,1,1,1,1,0,560.0,560.0,560.0,1974-10-21,1974-10-21
4612902,Elgin Jones,TWDB,31.76,-103.5,GW,3,3,3,3,0,439.0,511.0,466.0,1999-10-19,2008-08-20
4613401,Anderson Ranch,TWDB,31.8,-103.45,GW,3,3,3,3,0,2983.0,3091.0,3051.7,1974-10-21,1985-06-18
4613402,B. K. Boyd,TWDB,31.82,-103.46,GW,2,2,1,2,0,2712.0,89716.0,46214.0,1990-01-16,2012-08-08
4613403,Tom Lineberry,TWDB,31.82,-103.48,GW,2,2,2,2,0,2743.0,5291.0,4017.0,1990-01-17,2012-08-08
4450203,Upton County Water,TWDB,31.23,-101.83,GW,1,1,1,1,0,1962.0,1962.0,1962.0,1993-07-28,1993-07-28
4613601,John Haley,TWDB,31.8,-103.4,GW,5,4,5,5,0,845.0,870.0,853.2,1974-10-23,1995-09-20
4613701,Anderson Ranch,TWDB,31.75,-103.47,GW,2,2,0,2,0,2533.0,2700.0,2616.5,1990-01-17,1995-06-23
4450402,Tommy Workman,TWDB,31.17,-101.85,GW,1,1,0,1,0,1133.0,1133.0,1133.0,1985-10-10,1985-10-10
4613901,Anderson Ranch,TWDB,31.78,-103.4,GW,1,1,1,1,0,833.0,833.0,833.0,1999-10-20,1999-10-20
4614301,Tom Lineberry,TWDB,31.87,-103.25,GW,1,0,1,1,0,,,,1995-09-20,1995-09-20
4614601,Gene Haley,TWDB,31.79,-103.28,GW,1,1,1,1,0,482.0,482.0,482.0,1975-07-15,1975-07-15
4614604,Darby Haley,TWDB,31.82,-103.28,GW,5,4,4,4,0,495.0,551.0,516.5,1995-09-21,2008-08-19
4615201,F.M. Roark,TWDB,31.84,-103.17,GW,2,2,2,2,0,3429.0,3463.0,3446.0,1968-12-13,1974-08-15
4615202,F.M. Roark,TWDB,31.87,-103.19,GW,1,1,1,1,0,667.0,667.0,667.0,1969-02-27,1969-02-27
4615301,Mrs. J.B. Walton,TWDB,31.87,-103.14,GW,1,1,1,1,0,2086.0,2086.0,2086.0,1968-12-11,1968-12-11
4615304,Anadarko Prod. Company,TWDB,31.86,-103.13,GW,1,1,1,1,0,1734.0,1734.0,1734.0,1969-01-08,1969-01-08
4615309,Mrs. J.B. Walton,TWDB,31.85,-103.12,GW,2,2,2,2,0,1439.0,3328.0,2383.5,1969-01-08,1974-08-08
4615313,Texas Pacific Coal and Gas Company,TWDB,31.84,-103.13,GW,1,1,1,1,0,3169.0,3169.0,3169.0,1969-01-21,1969-01-21
4450501,Mrs. Tommy Workman,TWDB,31.17,-101.81,GW,2,2,2,2,0,978.0,996.0,987.0,1999-03-20,2007-07-09
4615314,J.L. Slaughter,TWDB,31.84,-103.13,GW,1,1,1,1,0,1276.0,1276.0,1276.0,1969-01-22,1969-01-22
4615315,KERB Radio Station,TWDB,31.83,-103.13,GW,4,4,4,4,0,604.0,2534.0,1302.8,1969-02-18,1985-06-19
4615316,C.B. Gilliam,TWDB,31.83,-103.13,GW,1,1,1,1,0,2016.0,2016.0,2016.0,1969-01-21,1969-01-21
4615317,C.C. Gallager,TWDB,31.84,-103.13,GW,1,1,1,1,0,4075.0,4075.0,4075.0,1969-02-20,1969-02-20
4615318,B. Drake,TWDB,31.84,-103.13,GW,1,1,1,1,0,4961.0,4961.0,4961.0,1969-02-20,1969-02-20
4615319,E.D. Jackson,TWDB,31.84,-103.13,GW,2,2,2,2,0,253.0,521.0,387.0,1969-02-20,1985-06-19
4615320,C.M. Farmer,TWDB,31.84,-103.12,GW,2,2,2,2,0,3210.0,3451.0,3330.5,1969-02-21,1974-08-09
4615326,Maxwell Oil Company,TWDB,31.86,-103.13,GW,1,1,1,1,0,4197.0,4197.0,4197.0,1969-01-07,1969-01-07
4615328,D.E. Huff,TWDB,31.83,-103.12,GW,1,1,1,1,0,338.0,338.0,338.0,1969-02-28,1969-02-28
4615329,Troy L. Ladin,TWDB,31.83,-103.12,GW,4,4,4,4,0,527.0,3772.0,1587.5,1969-02-28,1985-06-19
4615332,Marcell Sledge,TWDB,31.83,-103.12,GW,1,1,1,1,0,1097.0,1097.0,1097.0,1969-02-27,1969-02-27
4615334,B. Autry,TWDB,31.84,-103.12,GW,3,3,3,3,0,341.0,687.0,499.7,1969-02-27,1979-08-01
4615335,Travis Marshall,TWDB,31.84,-103.13,GW,1,1,0,1,0,1528.0,1528.0,1528.0,1995-04-12,1995-04-12
4615401,Winkler County,TWDB,31.83,-103.2,GW,1,1,1,1,0,823.0,823.0,823.0,1969-02-18,1969-02-18
4615402,Winkler County,TWDB,31.83,-103.21,GW,6,6,4,6,0,1498.0,2087.0,1897.7,1968-12-12,1995-05-23
4615501,F.M. Roark,TWDB,31.81,-103.2,GW,1,1,1,1,0,905.0,905.0,905.0,1968-12-12,1968-12-12
4615502,F.M. Roark,TWDB,31.81,-103.17,GW,2,2,2,2,0,549.0,568.0,558.5,1969-04-23,1974-08-15
4615503,F.M. Roark,TWDB,31.79,-103.19,GW,1,1,1,1,0,1288.0,1288.0,1288.0,1969-04-23,1969-04-23
4615601,Sinclair Oil & Gas Company,TWDB,31.82,-103.16,GW,1,1,1,1,0,1693.0,1693.0,1693.0,1969-04-23,1969-04-23
4615602,Shell Pipeline Company,TWDB,31.79,-103.14,GW,2,2,2,2,0,5376.0,5635.0,5505.5,1968-12-12,1970-10-15
4615604,Kermit Saddle Club,TWDB,31.81,-103.12,GW,1,1,1,1,0,4958.0,4958.0,4958.0,1969-02-21,1969-02-21
4615605,Humble Oil and Refining Company,TWDB,31.82,-103.12,GW,1,1,1,1,0,2155.0,2155.0,2155.0,1969-04-24,1969-04-24
4450701,Tommy Workman,TWDB,31.15,-101.84,GW,1,1,0,1,0,1717.0,1717.0,1717.0,1985-10-10,1985-10-10
4615610,F.M. Roark,TWDB,31.82,-103.13,GW,1,1,1,1,0,1691.0,1691.0,1691.0,1969-04-23,1969-04-23
4615803,Chevron Pipe Line Company,TWDB,31.76,-103.17,GW,2,2,2,2,0,425.0,450.0,437.5,1968-12-12,1983-05-20
4615903,Lewis Gray,TWDB,31.76,-103.15,GW,2,2,2,2,0,359.0,375.0,367.0,1969-04-24,1970-10-15
4615904,U.V. Carman,TWDB,31.76,-103.15,GW,1,1,1,1,0,314.0,314.0,314.0,1969-04-24,1969-04-24
4615905,L.Z. Nobles,TWDB,31.76,-103.16,GW,1,1,1,1,0,319.0,319.0,319.0,1969-04-24,1969-04-24
4615906,Mrs. C.T. Helms,TWDB,31.75,-103.15,GW,2,2,2,2,0,3739.0,3969.0,3854.0,1969-04-24,1970-10-15
4615909,City of Wink #5 well,TWDB,31.75,-103.16,GW,3,3,3,3,0,283.0,346.0,318.0,1966-12-14,1968-05-17
4615910,City of Wink #6 well,TWDB,31.75,-103.15,GW,4,4,4,4,0,287.0,349.0,310.5,1969-04-28,1987-07-20
4615911,Winkler County,TWDB,31.75,-103.16,GW,1,1,1,1,0,1932.0,1932.0,1932.0,1969-04-29,1969-04-29
4615913,Wink-Loving Independent School District,TWDB,31.75,-103.15,GW,2,2,1,2,0,500.0,744.0,622.0,1969-04-29,1995-04-25
4615915,F.M. Roark,TWDB,31.77,-103.16,GW,2,2,2,2,0,8031.0,12606.0,10318.5,1969-04-23,1970-10-15
4615918,City of Wink 8th Dixon well,TWDB,31.75,-103.16,GW,7,6,5,6,0,302.0,329.0,315.7,1987-07-20,2011-05-24
4451703,University of Texas,TWDB,31.13,-101.72,GW,4,3,3,3,0,1213.0,1756.0,1514.0,2003-05-16,2010-09-17
4615919,City of Wink #2 well,TWDB,31.75,-103.15,GW,1,1,1,1,0,293.0,293.0,293.0,1978-05-01,1978-05-01
4615920,City of Wink Alsups well,TWDB,31.76,-103.15,GW,3,3,2,3,0,313.0,692.0,484.0,1987-07-20,2000-03-30
4615921,City of Wink School well,TWDB,31.75,-103.14,GW,2,2,1,2,0,549.0,656.0,602.5,1987-07-20,1995-04-25
4615922,City of Wink Carter well,TWDB,31.75,-103.15,GW,2,2,1,2,0,388.0,431.0,409.5,1987-07-20,1995-04-11
4615923,The Texas Pipeline Company,TWDB,31.78,-103.12,GW,1,1,1,1,0,4111.0,4111.0,4111.0,1968-12-12,1968-12-12
4615924,City of Wink seventh or short well,TWDB,31.75,-103.15,GW,1,1,0,1,0,601.0,601.0,601.0,1995-04-13,1995-04-13
4615925,Winkler County,TWDB,31.75,-103.16,GW,1,1,0,1,0,398.0,398.0,398.0,1995-05-23,1995-05-23
4615926,City of Wink block 10 well,TWDB,31.75,-103.15,GW,1,1,0,1,0,1073.0,1073.0,1073.0,2002-11-26,2002-11-26
4616101,City of Kermit,TWDB,31.84,-103.1,GW,9,8,9,9,0,163.0,515.0,353.5,1969-05-01,2012-08-08
4616102,City of Kermit,TWDB,31.84,-103.09,GW,10,9,8,9,0,191.0,776.0,597.9,1971-12-07,2012-08-08
4616103,City of Kermit,TWDB,31.84,-103.09,GW,4,4,4,4,0,189.0,587.0,360.0,1969-05-01,1985-06-20
4616104,City of Kermit,TWDB,31.85,-103.08,GW,6,6,6,6,0,189.0,369.0,282.8,1969-05-02,1987-07-20
4616105,City of Kermit,TWDB,31.84,-103.1,GW,2,2,2,2,0,145.0,357.0,251.0,1969-05-02,1974-08-12
4616110,Humble Oil and Refining Company,TWDB,31.86,-103.1,GW,1,1,1,1,0,697.0,697.0,697.0,1969-01-17,1969-01-17
4616111,Humble Oil and Refining Company,TWDB,31.86,-103.1,GW,3,3,3,3,0,242.0,602.0,478.0,1969-01-17,1970-10-15
4616113,Humble Oil and Refining Company,TWDB,31.86,-103.11,GW,2,2,2,2,0,129.0,206.0,167.5,1970-03-10,1970-10-15
4616114,Reynolds,TWDB,31.86,-103.09,GW,5,5,4,5,0,177.0,206.0,195.4,1969-02-21,1995-05-23
4616115,Maxwell Oil Company,TWDB,31.86,-103.11,GW,5,5,5,5,0,4765.0,49295.0,13814.8,1969-01-22,1979-08-01
4616116,Shennadoah Oil Company,TWDB,31.85,-103.11,GW,5,5,5,5,0,251.0,372.0,291.8,1969-02-21,1979-08-01
4616117,J.B. Walton,TWDB,31.85,-103.11,GW,4,4,4,4,0,231.0,255.0,242.5,1969-01-21,1974-08-08
4616118,Maxwell Oil Company,TWDB,31.84,-103.11,GW,4,4,4,4,0,164.0,223.0,186.8,1969-02-21,1974-08-08
4616120,City of Kermit,TWDB,31.84,-103.09,GW,2,2,1,2,0,186.0,314.0,250.0,1939-10-09,1987-07-20
4616121,Texas Department of Transportation,TWDB,31.84,-103.1,GW,5,5,5,5,0,187.0,209.0,198.2,1969-02-27,1979-07-31
4616122,P & N Truck Company,TWDB,31.84,-103.1,GW,3,3,3,3,0,452.0,1343.0,906.7,1969-02-27,1979-07-31
4616125,L.S. Bogart,TWDB,31.84,-103.08,GW,1,1,1,1,0,230.0,230.0,230.0,1969-02-28,1969-02-28
4616126,Rapid Transport,TWDB,31.83,-103.08,GW,2,1,2,1,0,256.0,256.0,256.0,1969-02-28,2004-04-20
4616127,City of Kermit,TWDB,31.84,-103.09,GW,2,2,1,2,0,335.0,350.0,342.5,1987-07-20,1995-04-12
4616128,City of Kermit,TWDB,31.84,-103.09,GW,5,4,4,4,0,262.0,459.0,344.8,1987-07-20,2008-08-19
4616129,City of Kermit,TWDB,31.85,-103.08,GW,1,1,1,1,0,258.0,258.0,258.0,1987-07-20,1987-07-20
4616130,City of Kermit,TWDB,31.85,-103.08,GW,4,4,3,4,0,230.0,280.0,263.0,1969-05-02,2000-03-28
4616135,C.B. Atwood,TWDB,31.84,-103.08,GW,1,1,1,1,0,266.0,266.0,266.0,1969-05-01,1969-05-01
4616138,Kermit Public School,TWDB,31.85,-103.09,GW,1,1,1,1,0,286.0,286.0,286.0,1969-05-02,1969-05-02
4616141,Sinclair Oil & Gas,TWDB,31.87,-103.11,GW,1,1,1,1,0,1688.0,1688.0,1688.0,1968-01-09,1968-01-09
4616142,Getty Oil Company,TWDB,31.87,-103.12,GW,1,1,1,1,0,225.0,225.0,225.0,1969-01-07,1969-01-07
4616144,Humble Oil and Refining Company,TWDB,31.86,-103.12,GW,1,1,1,1,0,2859.0,2859.0,2859.0,1969-02-21,1969-02-21
4616145,George L. Buckles Oil ,TWDB,31.84,-103.12,GW,3,3,3,3,0,929.0,1510.0,1313.3,1969-02-20,1970-10-15
4616146,George L. Buckles Oil ,TWDB,31.83,-103.12,GW,1,1,1,1,0,805.0,805.0,805.0,1969-02-20,1969-02-20
4616147,Maxwell Oil Company,TWDB,31.84,-103.12,GW,2,2,2,2,0,236.0,262.0,249.0,1969-02-21,1974-08-09
4616149,Humble Oil and Refining Company,TWDB,31.86,-103.12,GW,1,1,1,1,0,4411.0,4411.0,4411.0,1969-02-19,1969-02-19
4616153,Skelly Oil Company,TWDB,31.83,-103.12,GW,1,1,1,1,0,966.0,966.0,966.0,1969-02-20,1969-02-20
4616154,Roy Carter,TWDB,31.86,-103.08,GW,2,2,2,2,0,211.0,214.0,212.5,1970-03-10,1970-10-15
4616155,S.A. Weaver,TWDB,31.84,-103.09,GW,1,1,1,1,0,348.0,348.0,348.0,1975-07-16,1975-07-16
4616201,City of Kermit,TWDB,31.85,-103.07,GW,10,9,8,9,0,189.0,812.0,425.0,1969-05-02,2008-08-19
4451903,University of Texas,TWDB,31.12,-101.63,GW,4,2,2,3,0,2402.0,2502.0,2452.0,1995-06-28,2004-04-08
4616202,Video Independent,TWDB,31.86,-103.07,GW,5,5,5,5,0,208.0,274.0,223.8,1969-02-21,1979-07-27
4616203,George Spiller,TWDB,31.85,-103.07,GW,1,1,1,1,0,231.0,231.0,231.0,1969-02-25,1969-02-25
4616207,Sam A. Cate,TWDB,31.84,-103.07,GW,1,1,1,1,0,239.0,239.0,239.0,1968-02-27,1968-02-27
4616208,Dr. C.A. Robinson,TWDB,31.85,-103.07,GW,4,4,4,4,0,239.0,264.0,251.5,1969-02-28,1985-06-20
2664901,B F Jenkins,TWDB,32.0,-103.02,GW,1,1,1,1,0,758.0,758.0,758.0,1957-01-13,1957-01-13
4616209,H.B. Kiethley,TWDB,31.85,-103.07,GW,1,1,1,1,0,225.0,225.0,225.0,1969-02-27,1969-02-27
4616210,Seth Campbell Estate,TWDB,31.86,-103.05,GW,1,1,1,1,0,186.0,186.0,186.0,1969-02-27,1969-02-27
4616211,L.B. Eddins,TWDB,31.85,-103.07,GW,1,1,1,1,0,225.0,225.0,225.0,1969-02-28,1969-02-28
4616214,Kewanee Oil Company,TWDB,31.84,-103.07,GW,1,1,1,1,0,306.0,306.0,306.0,1969-04-30,1969-04-30
4616216,Viedo Independent,TWDB,31.86,-103.07,GW,1,1,1,1,0,105.0,105.0,105.0,1969-02-21,1969-02-21
4616301,Seth Campbell Estate,TWDB,31.83,-103.03,GW,3,3,3,3,0,250.0,270.0,259.0,1969-02-25,1979-07-31
4616303,Seth Campbell Estate,TWDB,31.85,-103.04,GW,1,1,1,1,0,241.0,241.0,241.0,1985-06-20,1985-06-20
4616304,Seth Campbell Estate,TWDB,31.85,-103.04,GW,2,2,2,2,0,246.0,264.0,255.0,1969-02-25,1985-06-20
4616401,George L. Buckles Oil ,TWDB,31.82,-103.11,GW,1,1,1,1,0,851.0,851.0,851.0,1969-02-20,1969-02-20
4616402,Earl Vest,TWDB,31.81,-103.08,GW,1,1,1,1,0,304.0,304.0,304.0,1969-04-25,1969-04-25
4616403,Humble Oil and Refining Company,TWDB,31.81,-103.11,GW,1,1,1,1,0,761.0,761.0,761.0,1969-04-22,1969-04-22
4616404,Amerada Petroleum Company,TWDB,31.81,-103.1,GW,2,2,2,2,0,406.0,409.0,407.5,1969-04-22,1974-08-15
4616405,Humble Oil and Refining Company,TWDB,31.81,-103.1,GW,1,1,1,1,0,592.0,592.0,592.0,1969-04-22,1969-04-22
4616406,Humble Oil and Refining Company,TWDB,31.81,-103.1,GW,1,1,1,1,0,304.0,304.0,304.0,1969-04-22,1969-04-22
4616501,West Texas Gathering,TWDB,31.8,-103.06,GW,4,4,4,4,0,341.0,350.0,343.5,1969-04-30,1985-06-21
4616503,Northern Natural Gas,TWDB,31.81,-103.07,GW,1,1,1,1,0,231.0,231.0,231.0,1964-04-13,1964-04-13
4616504,Northern Natural Gas,TWDB,31.81,-103.07,GW,4,4,4,4,0,261.0,287.0,277.0,1969-04-25,1985-06-20
4616505,Humble Oil and Refining Company,TWDB,31.79,-103.07,GW,1,1,1,1,0,506.0,506.0,506.0,1969-04-30,1969-04-30
4616507,Seth Campbell Estate,TWDB,31.81,-103.05,GW,1,1,1,1,0,206.0,206.0,206.0,1969-04-25,1969-04-25
4616509,Home Trailer Court,TWDB,31.83,-103.08,GW,5,4,5,5,0,227.0,636.0,422.2,1969-04-30,1995-09-25
4616510,Earl Vest,TWDB,31.83,-103.07,GW,1,1,1,1,0,283.0,283.0,283.0,1969-04-25,1969-04-25
4616601,Seth Campbell Estate,TWDB,31.82,-103.03,GW,1,1,1,1,0,269.0,269.0,269.0,1969-02-25,1969-02-25
4616602,Seth Campbell Estate,TWDB,31.81,-103.01,GW,2,2,2,2,0,288.0,300.0,294.0,1969-02-25,1974-08-14
4616702,Bates-Reading Oil Company,TWDB,31.78,-103.11,GW,1,1,1,1,0,4366.0,4366.0,4366.0,1969-09-25,1969-09-25
4616704,Phillips Petroleum Corporation,TWDB,31.78,-103.1,GW,1,1,1,1,0,2640.0,2640.0,2640.0,1969-04-29,1969-04-29
4616705,Earl Vest,TWDB,31.78,-103.09,GW,1,1,0,1,0,597.0,597.0,597.0,1960-05-19,1960-05-19
4616707,Earl Vest,TWDB,31.78,-103.09,GW,3,3,3,3,0,1236.0,3498.0,2327.0,1969-04-29,1985-06-20
4616802,Earl Vest,TWDB,31.76,-103.05,GW,1,1,1,1,0,656.0,656.0,656.0,1969-04-25,1969-04-25
4616806,Trojan Pipeline,TWDB,31.75,-103.06,GW,1,0,1,0,0,,,,2004-04-20,2004-04-20
4618201,Cole Armstrong,TWDB,31.7,-103.82,GW,7,6,6,6,0,2748.0,3094.0,2985.7,1988-09-24,2011-08-02
4457304,Tom Vandervanter,TWDB,31.09,-101.88,GW,3,3,3,3,0,921.0,943.0,934.0,2003-05-13,2011-05-05
4618801,Cole Armstrong,TWDB,31.66,-103.82,GW,3,3,2,3,0,1964.0,2241.0,2067.7,1972-06-27,2000-03-21
4618802,Cole Armstrong,TWDB,31.66,-103.82,GW,3,2,3,2,0,2050.0,2179.0,2114.5,2002-10-16,2008-04-22
4618901,R. F. Kelton,TWDB,31.65,-103.76,GW,1,1,1,1,0,2640.0,2640.0,2640.0,2000-03-23,2000-03-23
2750102,University of Texas Lands,TWDB,32.24,-102.87,GW,5,5,5,5,0,1320.0,2102.0,1701.0,1967-10-06,1996-05-23
4619600,Pecos River Sample #3 ,TWDB,31.66,-103.62,ST,2,2,1,2,0,6255.0,7440.0,6847.5,1989-09-29,2007-06-21
4620102,F. Hubbard,TWDB,31.72,-103.6,GW,3,3,3,3,0,2369.0,3041.0,2766.0,1974-10-16,1985-06-18
4620104,E. Dewees,TWDB,31.73,-103.62,GW,1,1,0,1,0,4265.0,4265.0,4265.0,1990-01-16,1990-01-16
4620202,E. Dewees,TWDB,31.74,-103.58,GW,1,1,1,1,0,3463.0,3463.0,3463.0,1990-01-16,1990-01-16
4620203,B. Blair,TWDB,31.74,-103.57,GW,1,1,0,1,0,3531.0,3531.0,3531.0,1995-04-18,1995-04-18
4620405,E. Jones,TWDB,31.7,-103.59,GW,1,1,1,1,0,4103.0,4103.0,4103.0,1990-01-12,1990-01-12
4620406,Loving County,TWDB,31.7,-103.59,GW,2,2,1,2,0,4526.0,4675.0,4600.5,1990-01-12,1995-04-18
4620407,F. Busby,TWDB,31.7,-103.59,GW,1,1,1,1,0,4473.0,4473.0,4473.0,1990-01-15,1990-01-15
4620408,K. Smith,TWDB,31.7,-103.6,GW,1,1,1,1,0,4014.0,4014.0,4014.0,1990-01-15,1990-01-15
4620410,Mansell Brine Sales,TWDB,31.68,-103.61,GW,1,1,0,1,0,13555.0,13555.0,13555.0,1989-09-23,1989-09-23
4620411,Elgin Jones,TWDB,31.67,-103.59,GW,2,1,1,1,0,7866.0,7866.0,7866.0,2002-10-10,2002-10-10
4457401,Dwayne Lindsey,TWDB,31.05,-101.99,GW,1,1,1,1,0,1926.0,1926.0,1926.0,1962-12-10,1962-12-10
4620601,J. Wheat Estate,TWDB,31.69,-103.51,GW,2,2,1,2,0,571.0,642.0,606.5,1990-03-14,1995-09-22
4620602,Louise N Wheat Trust,TWDB,31.69,-103.51,GW,2,2,2,2,0,661.0,1095.0,878.0,1999-10-20,2004-04-28
4457402,S. N. Beck,TWDB,31.06,-101.96,GW,1,1,1,1,0,890.0,890.0,890.0,1962-12-10,1962-12-10
4620800,Pecos River Sample #1 ,TWDB,31.62,-103.56,ST,1,1,1,1,0,7434.0,7434.0,7434.0,1989-09-20,1989-09-20
4620802,"Groundwater well in Reeves County, Tex",TWDB,31.62,-103.56,GW,2,2,2,2,0,6675.0,7813.0,7244.0,1989-09-23,2000-03-22
4621101,J. Wheat Est.,TWDB,31.74,-103.5,GW,1,1,0,1,0,327.0,327.0,327.0,1990-03-14,1990-03-14
4621601,Anderson Ranch,TWDB,31.69,-103.41,GW,1,1,1,1,0,290.0,290.0,290.0,1990-01-17,1990-01-17
4457601,Nolke Estate,TWDB,31.05,-101.91,GW,1,1,1,1,0,567.0,567.0,567.0,1962-12-06,1962-12-06
4621702,Mobil Oil Company,TWDB,31.64,-103.47,GW,1,0,0,1,0,,,,1966-02-03,1966-02-03
4621703,Mobil Oil Company,TWDB,31.65,-103.48,GW,1,1,0,1,0,1196.0,1196.0,1196.0,1966-02-03,1966-02-03
4621804,J. Wheat Est.,TWDB,31.65,-103.45,GW,3,3,2,3,0,328.0,396.0,353.0,1974-10-23,1990-03-14
4457702,Nolke Estate,TWDB,31.01,-101.99,GW,2,2,2,2,0,4059.0,4309.0,4184.0,1962-12-06,1975-07-15
4622401,Anderson Ranch,TWDB,31.69,-103.36,GW,5,5,4,5,0,409.0,425.0,418.2,1974-10-17,1995-06-23
4622601,Anderson Ranch,TWDB,31.69,-103.27,GW,1,1,1,1,0,830.0,830.0,830.0,1975-07-15,1975-07-15
4457801,Nolke Estate,TWDB,31.02,-101.93,GW,1,1,1,1,0,361.0,361.0,361.0,1962-12-06,1962-12-06
4623302,City of Wink Martin well,TWDB,31.74,-103.15,GW,8,7,5,7,0,258.0,829.0,561.9,1966-12-14,2002-10-08
4457901,O. W. Parker,TWDB,31.0,-101.89,GW,1,1,1,1,0,573.0,573.0,573.0,1962-12-06,1962-12-06
4623303,City of Wink #9 well,TWDB,31.74,-103.15,GW,7,7,7,7,0,260.0,553.0,368.0,1966-12-14,1985-06-20
4623304,M.E. Hammer,TWDB,31.74,-103.15,GW,1,1,1,1,0,534.0,534.0,534.0,1969-04-29,1969-04-29
4623305,City of Wink Stanolind well,TWDB,31.74,-103.16,GW,1,1,1,1,0,560.0,560.0,560.0,1969-04-28,1969-04-28
4457902,Nolke Estate,TWDB,31.03,-101.88,GW,1,1,1,1,0,422.0,422.0,422.0,1962-12-06,1962-12-06
4623306,F. M. Jones,TWDB,31.75,-103.16,GW,1,1,0,1,0,515.0,515.0,515.0,1995-04-25,1995-04-25
4623604,Anderson Ranch,TWDB,31.69,-103.16,GW,1,1,1,1,0,371.0,371.0,371.0,2000-03-29,2000-03-29
4623701,Anderson Ranch,TWDB,31.65,-103.23,GW,7,6,6,6,0,513.0,677.0,576.7,1975-07-15,2004-04-27
4458101,E. F. Noelke Estate,TWDB,31.09,-101.85,GW,2,2,2,2,0,1039.0,1111.0,1075.0,1974-10-21,1979-07-18
4623803,Anderson Ranch,TWDB,31.62,-103.2,GW,1,1,1,1,0,1300.0,1300.0,1300.0,2000-03-14,2000-03-14
4623904,R.B. Leck,TWDB,31.64,-103.15,GW,1,1,1,1,0,2054.0,2054.0,2054.0,1974-09-14,1974-09-14
4624201,Earl Vest,TWDB,31.74,-103.06,GW,4,4,4,4,0,240.0,2330.0,764.8,1969-04-25,1985-06-21
4624202,Vest & Pigman Ranch,TWDB,31.74,-103.06,GW,4,4,4,4,0,579.0,1746.0,1170.5,1969-04-25,2002-10-10
4458401,Nolke Estate,TWDB,31.06,-101.86,GW,1,1,1,1,0,513.0,513.0,513.0,1962-12-06,1962-12-06
4624301,G.P. Mitchell,TWDB,31.73,-103.0,GW,2,2,2,2,0,547.0,678.0,612.5,1971-12-07,1985-06-20
4624702,City of Monahans,TWDB,31.62,-103.08,GW,6,6,5,6,0,330.0,352.0,340.5,1964-09-16,1972-08-29
4458702,Nolke Estate,TWDB,31.01,-101.83,GW,1,1,1,1,0,364.0,364.0,364.0,1962-12-06,1962-12-06
4624703,City of Monahans,TWDB,31.63,-103.08,GW,5,5,4,5,0,312.0,358.0,343.0,1964-09-16,1969-09-13
4458902,Wayne Harris,TWDB,31.01,-101.77,GW,1,1,1,1,0,401.0,401.0,401.0,1962-11-28,1962-11-28
4624704,City of Monahans,TWDB,31.63,-103.08,GW,9,9,8,9,0,349.0,515.0,405.1,1959-04-03,1987-07-15
4458903,Wayne Harris,TWDB,31.01,-101.75,GW,1,1,1,1,0,629.0,629.0,629.0,1962-11-28,1962-11-28
4624705,City of Monahans,TWDB,31.63,-103.09,GW,6,6,6,6,0,274.0,362.0,293.3,1966-12-28,1972-08-29
4624711,City of Monahans,TWDB,31.64,-103.09,GW,1,1,1,1,0,257.0,257.0,257.0,1972-08-29,1972-08-29
4624712,City of Monahans,TWDB,31.64,-103.08,GW,1,1,1,1,0,801.0,801.0,801.0,1973-03-20,1973-03-20
4624714,City of Monahans,TWDB,31.64,-103.09,GW,2,2,1,2,0,259.0,580.0,419.5,1977-11-19,1977-12-13
4624715,City of Monahans,TWDB,31.62,-103.08,GW,6,5,5,5,0,342.0,613.0,420.0,1987-07-15,2011-06-15
4624716,City of Monahans,TWDB,31.63,-103.09,GW,1,1,1,1,0,570.0,570.0,570.0,1987-07-15,1987-07-15
4624717,City of Monahans,TWDB,31.63,-103.09,GW,1,1,1,1,0,389.0,389.0,389.0,1987-07-15,1987-07-15
4624718,City of Monahans,TWDB,31.64,-103.1,GW,2,2,1,2,0,343.0,371.0,357.0,1987-07-15,1995-04-26
4624719,City of Monahans,TWDB,31.63,-103.1,GW,3,3,3,3,0,392.0,595.0,525.0,1987-07-15,2011-06-15
4624802,G.W. O'Brien Estate,TWDB,31.63,-103.06,GW,2,2,2,2,0,335.0,369.0,352.0,1971-12-08,1974-09-15
4624810,Chevron USA Inc.,TWDB,31.63,-103.05,GW,1,1,1,1,0,5611.0,5611.0,5611.0,1995-05-19,1995-05-19
4459401,Wayne Harris,TWDB,31.07,-101.74,GW,1,1,1,1,0,1296.0,1296.0,1296.0,1962-12-05,1962-12-05
4624815,Chevron USA Inc.,TWDB,31.65,-103.06,GW,3,3,3,3,0,4055.0,7327.0,5672.3,1995-04-25,2007-10-25
4624819,Texas Electric Service Company,TWDB,31.63,-103.06,GW,1,1,1,1,0,361.0,361.0,361.0,1978-12-14,1978-12-14
4624820,Texas Utilities Electric Company,TWDB,31.63,-103.07,GW,1,1,1,1,0,473.0,473.0,473.0,1979-03-29,1979-03-29
4624821,Texas Utilities Electric Company,TWDB,31.63,-103.06,GW,1,1,1,1,0,379.0,379.0,379.0,1979-04-12,1979-04-12
4459501,Leasel Harris,TWDB,31.07,-101.7,GW,1,1,1,1,0,1931.0,1931.0,1931.0,1962-11-29,1962-11-29
4625302,Cole Armstrong,TWDB,31.6,-103.88,GW,2,2,2,2,0,2959.0,3006.0,2982.5,1999-10-21,2002-10-15
4625501,Shannon Ranches,TWDB,31.57,-103.94,GW,1,1,1,1,0,4385.0,4385.0,4385.0,1974-09-16,1974-09-16
4626401,Roddy Harrison,TWDB,31.57,-103.87,GW,7,6,6,6,0,5228.0,6145.0,5631.0,1974-09-16,2011-08-02
4459601,Leasel Harris,TWDB,31.05,-101.65,GW,1,1,1,1,0,615.0,615.0,615.0,1962-11-29,1962-11-29
4626601,Bill Mack Jobe,TWDB,31.58,-103.78,GW,4,4,4,4,0,1779.0,1824.0,1797.5,2000-03-27,2011-08-02
4459701,Ted Harris,TWDB,31.03,-101.71,GW,1,1,1,1,0,552.0,552.0,552.0,1962-11-28,1962-11-28
4626701,Doug Miller,TWDB,31.5,-103.85,GW,5,4,4,4,0,2053.0,2495.0,2370.5,1995-04-25,2007-06-17
4459702,Wayne Harris,TWDB,31.0,-101.74,GW,1,1,1,1,0,756.0,756.0,756.0,1962-11-28,1962-11-28
4627302,R. F. Kelton,TWDB,31.59,-103.64,GW,1,1,1,1,0,4103.0,4103.0,4103.0,1988-10-12,1988-10-12
4627303,R. F. Kelton,TWDB,31.61,-103.62,GW,4,4,4,4,0,2500.0,3189.0,2763.2,1949-06-29,2000-03-23
4459703,Ted Harris,TWDB,31.0,-101.71,GW,1,1,1,1,0,714.0,714.0,714.0,1962-11-28,1962-11-28
4628803,Chance Properties,TWDB,31.53,-103.56,GW,3,3,3,3,0,2802.0,2839.0,2819.0,1989-09-27,2007-07-11
4459801,Ted Harris,TWDB,31.03,-101.69,GW,1,1,1,1,0,1856.0,1856.0,1856.0,1962-11-28,1962-11-28
4629101,John Forrester,TWDB,31.6,-103.47,GW,4,4,4,4,0,3726.0,4488.0,4013.5,1974-09-15,1988-10-14
4629201,Cole Bremblett,TWDB,31.61,-103.42,GW,4,3,3,3,0,856.0,1450.0,1243.3,1999-10-22,2011-06-14
4459805,Ted Harris,TWDB,31.0,-101.67,GW,1,1,1,1,0,1422.0,1422.0,1422.0,1962-11-28,1962-11-28
4629302,John Forrester,TWDB,31.62,-103.4,GW,4,3,3,3,0,684.0,860.0,777.0,1995-06-21,2004-03-10
4459806,Ted Harris,TWDB,31.0,-101.68,GW,1,1,1,1,0,753.0,753.0,753.0,1962-11-28,1962-11-28
4459902,Leasel Harris,TWDB,31.0,-101.64,GW,1,1,1,1,0,835.0,835.0,835.0,1962-11-29,1962-11-29
4629705,"M.I. Vida Farms, Inc. ",TWDB,31.52,-103.47,GW,1,1,1,1,0,9233.0,9233.0,9233.0,1983-05-17,1983-05-17
4459903,Joe F. Bean,TWDB,31.02,-101.65,GW,1,1,1,1,0,593.0,593.0,593.0,1962-11-29,1962-11-29
4629717,C. J. Collom,TWDB,31.52,-103.48,GW,1,1,1,1,0,8511.0,8511.0,8511.0,2008-04-24,2008-04-24
4630101,John Forrester,TWDB,31.58,-103.35,GW,1,1,0,1,0,3209.0,3209.0,3209.0,1995-06-22,1995-06-22
4459904,Joe F. Bean,TWDB,31.02,-101.65,GW,3,2,2,2,0,805.0,868.0,836.5,1998-09-17,2004-10-12
4630201,Anderson Ranch,TWDB,31.62,-103.3,GW,1,1,1,1,0,371.0,371.0,371.0,1995-05-20,1995-05-20
4630301,Anderson Ranch,TWDB,31.6,-103.25,GW,4,4,4,4,0,440.0,536.0,480.2,1974-09-15,1995-05-20
4630302,Anderson Ranch,TWDB,31.6,-103.25,GW,1,1,1,1,0,509.0,509.0,509.0,1999-10-21,1999-10-21
4630403,Anderson Ranch,TWDB,31.54,-103.33,GW,1,1,1,1,0,586.0,586.0,586.0,1979-07-26,1979-07-26
4630501,Anderson Ranch,TWDB,31.55,-103.33,GW,2,2,2,2,0,655.0,704.0,679.5,1974-07-23,1985-06-21
4630801,Wilson Ranch,TWDB,31.5,-103.29,GW,1,1,1,1,0,1070.0,1070.0,1070.0,1995-06-20,1995-06-20
4631101,Anderson Ranch,TWDB,31.6,-103.21,GW,1,1,1,1,0,535.0,535.0,535.0,1995-05-20,1995-05-20
4631305,Anderson Ranch,TWDB,31.58,-103.16,GW,1,1,1,1,0,4183.0,4183.0,4183.0,2000-03-16,2000-03-16
4631401,Anderson Ranch,TWDB,31.56,-103.22,GW,2,2,2,2,0,2250.0,2999.0,2624.5,1974-07-23,1985-06-21
4631402,Anderson Ranch,TWDB,31.54,-103.22,GW,1,1,1,1,0,1059.0,1059.0,1059.0,1999-10-21,1999-10-21
4460305,University of Texas,TWDB,31.08,-101.5,GW,3,2,2,2,0,1667.0,1824.0,1745.5,2003-05-05,2010-09-14
4631702,Wilson Ranch,TWDB,31.5,-103.23,GW,9,8,8,8,0,363.0,611.0,467.5,1974-07-24,2012-08-08
4632101,Texas Utilities Electric Company,TWDB,31.6,-103.09,GW,6,6,6,6,0,475.0,4827.0,2006.7,1969-03-11,1969-03-22
4632102,City of Monahans,TWDB,31.62,-103.08,GW,1,1,0,1,0,634.0,634.0,634.0,1977-12-13,1977-12-13
4632103,Texas Utilities Electric Company,TWDB,31.59,-103.1,GW,4,4,4,4,0,1190.0,2071.0,1519.8,1969-09-06,1969-09-16
4460401,University of Texas,TWDB,31.06,-101.59,GW,4,4,4,4,0,1815.0,2519.0,2211.5,1962-11-29,1985-05-14
4632206,Texas Electric Service Company,TWDB,31.58,-103.07,GW,3,0,0,3,0,,,,1955-10-07,1955-10-29
4632208,Chevron USA Inc.,TWDB,31.61,-103.04,GW,1,1,0,1,0,7029.0,7029.0,7029.0,1965-10-21,1965-10-21
4632211,Texas Utilities Electric Company,TWDB,31.6,-103.05,GW,1,1,1,1,0,479.0,479.0,479.0,1978-11-11,1978-11-11
4632212,Texas Utilities Electric Company,TWDB,31.61,-103.05,GW,1,1,0,1,0,413.0,413.0,413.0,1978-12-08,1978-12-08
4632213,Texas Utilities Electric Company,TWDB,31.61,-103.06,GW,1,1,1,1,0,489.0,489.0,489.0,1979-03-14,1979-03-14
4632214,Texas Utilities Electric Company,TWDB,31.6,-103.08,GW,1,1,1,1,0,650.0,650.0,650.0,1979-01-11,1979-01-11
4632215,Texas Utilities Electric Company,TWDB,31.59,-103.07,GW,1,1,1,1,0,483.0,483.0,483.0,1979-01-25,1979-01-25
4632216,Texas Utilities Electric Company,TWDB,31.59,-103.06,GW,1,1,1,1,0,436.0,436.0,436.0,1979-03-01,1979-03-01
4632217,Texas Utilities Electric Company,TWDB,31.61,-103.08,GW,1,1,1,1,0,478.0,478.0,478.0,1979-02-22,1979-02-22
4632220,Texas Utilities Electric Company,TWDB,31.61,-103.07,GW,1,1,1,1,0,366.0,366.0,366.0,1979-04-26,1979-04-26
4632221,Texas Utilities Electric Company,TWDB,31.59,-103.04,GW,2,2,2,2,0,473.0,589.0,531.0,1978-11-02,1999-10-23
4632222,Texas Utilities Electric Company,TWDB,31.58,-103.06,GW,1,1,1,1,0,559.0,559.0,559.0,1979-02-05,1979-02-05
4632223,Texas Utilities Electric Company,TWDB,31.6,-103.05,GW,3,3,3,3,0,417.0,477.0,445.0,1969-04-03,1969-04-08
4632224,Texas Utilities Electric Company,TWDB,31.6,-103.07,GW,2,2,2,2,0,818.0,2276.0,1547.0,1969-10-08,1969-10-10
4632225,Chevron USA Inc.,TWDB,31.62,-103.05,GW,1,1,1,1,0,7263.0,7263.0,7263.0,1995-04-25,1995-04-25
4632226,TXU Electric C-18A,TWDB,31.58,-103.04,GW,2,1,1,1,0,503.0,503.0,503.0,2002-10-24,2002-10-24
4460502,University of Texas,TWDB,31.06,-101.57,GW,2,2,2,2,0,1727.0,2615.0,2171.0,1962-11-29,1985-05-14
4632306,Chevron USA Inc.,TWDB,31.58,-103.03,GW,1,1,0,1,0,18278.0,18278.0,18278.0,1965-10-21,1965-10-21
4632307,Chevron USA Inc.,TWDB,31.59,-103.03,GW,3,3,3,3,0,6188.0,13310.0,8621.7,1995-04-25,2007-10-25
4632310,Chevron USA Inc.,TWDB,31.61,-103.03,GW,1,1,0,1,0,6875.0,6875.0,6875.0,1965-10-21,1965-10-21
4632405,"J.A. Pebsworth, Jr.",TWDB,31.55,-103.11,GW,3,3,3,3,0,3088.0,3141.0,3111.3,1971-12-08,1974-09-14
4460701,Leasel Harris,TWDB,31.03,-101.62,GW,1,1,1,1,0,2090.0,2090.0,2090.0,1962-11-29,1962-11-29
4632413,Texas Utilities Electric Company,TWDB,31.57,-103.1,GW,4,4,4,4,0,1478.0,5742.0,3084.8,1969-09-25,1969-10-01
4460702,Leasel Harris,TWDB,31.0,-101.61,GW,1,1,1,1,0,909.0,909.0,909.0,1962-11-29,1962-11-29
4460703,Virgil Powell,TWDB,31.02,-101.6,GW,2,2,2,2,0,526.0,9159.0,4842.5,1962-11-29,1970-02-10
4632503,Texas Electric Service Company,TWDB,31.55,-103.07,GW,1,0,1,0,0,,,,2004-09-10,2004-09-10
4460704,Quinette & Leiderman,TWDB,31.02,-101.58,GW,1,1,1,1,0,769.0,769.0,769.0,1963-01-15,1963-01-15
4460801,Joe Bean,TWDB,31.02,-101.57,GW,1,1,1,1,0,1668.0,1668.0,1668.0,1962-11-29,1962-11-29
4460802,Virgil Powell,TWDB,31.02,-101.55,GW,1,1,1,1,0,3155.0,3155.0,3155.0,1962-11-29,1962-11-29
4632516,Colorado River Municipal Water District,TWDB,31.54,-103.06,GW,5,4,4,4,0,670.0,800.0,744.5,1995-05-18,2011-05-26
4460803,Joe Bean,TWDB,31.04,-101.56,GW,6,5,4,5,0,2054.0,2133.0,2092.2,1962-11-29,2004-03-08
4632517,Texas Utilities Electric Company,TWDB,31.56,-103.04,GW,3,3,3,3,0,610.0,1954.0,1208.7,1969-10-22,1969-10-28
4632518,Texas Utilities Electric Company,TWDB,31.57,-103.05,GW,3,3,3,3,0,475.0,1810.0,1071.7,1969-04-15,1969-04-18
4632603,City of Wickett,TWDB,31.56,-103.01,GW,5,4,3,4,0,443.0,461.0,450.0,1965-06-24,2004-04-21
4632604,City of Wickett,TWDB,31.56,-103.01,GW,3,2,2,2,0,651.0,660.0,655.5,1999-10-22,2002-10-09
4632611,Chevron USA Inc.,TWDB,31.57,-103.02,GW,1,1,0,1,0,21722.0,21722.0,21722.0,1965-10-21,1965-10-21
4632623,Colorado River Municipal Water District Wickett,TWDB,31.54,-103.01,GW,1,1,1,1,0,454.0,454.0,454.0,1987-07-15,1987-07-15
4632626,Colorado River Municipal Water District Wickett,TWDB,31.55,-103.01,GW,1,1,1,1,0,506.0,506.0,506.0,1987-07-15,1987-07-15
4632627,Colorado River Municipal Water District,TWDB,31.54,-103.01,GW,3,3,3,3,0,467.0,520.0,489.0,1987-07-14,2011-05-26
4632628,Colorado River Municipal Water District Wickett,TWDB,31.55,-103.0,GW,2,2,1,2,0,755.0,777.0,766.0,1987-07-14,1995-05-18
4632629,Colorado River Municipal Water District Wickett,TWDB,31.54,-103.0,GW,1,1,1,1,0,495.0,495.0,495.0,1987-07-14,1987-07-14
4632630,City of Wickett,TWDB,31.56,-103.01,GW,4,3,2,3,0,502.0,518.0,511.3,1981-02-12,2004-03-09
4632631,Colorado River Municipal Water District,TWDB,31.55,-103.0,GW,1,1,0,1,0,639.0,639.0,639.0,2004-07-27,2004-07-27
2750103,University of Texas Lands,TWDB,32.24,-102.87,GW,4,4,4,4,0,2621.0,3082.0,2744.0,2004-03-24,2012-07-11
4460804,Joe Bean,TWDB,31.04,-101.56,GW,2,2,2,2,0,2018.0,3691.0,2854.5,1962-11-29,1970-02-10
4632809,Bluford Thornton,TWDB,31.52,-103.06,GW,2,1,2,1,0,822.0,822.0,822.0,2004-04-22,2007-03-21
4632906,Colorado River Municipal Water District,TWDB,31.52,-103.01,GW,1,1,1,1,0,1236.0,1236.0,1236.0,1987-07-14,1987-07-14
4632907,Colorado River Municipal Water District,TWDB,31.51,-103.0,GW,1,1,1,1,0,565.0,565.0,565.0,1987-07-14,1987-07-14
4632908,Colorado River Municipal Water District,TWDB,31.52,-103.01,GW,1,1,1,1,0,530.0,530.0,530.0,1987-07-14,1987-07-14
4460901,Joe Strauss,TWDB,31.03,-101.51,GW,1,1,1,1,0,2929.0,2929.0,2929.0,1962-10-16,1962-10-16
4632912,Colorado River Municipal Water District,TWDB,31.53,-103.0,GW,1,1,1,1,0,500.0,500.0,500.0,1995-05-18,1995-05-18
4632917,Colorado River Municipal Water District,TWDB,31.51,-103.0,GW,1,1,1,1,0,915.0,915.0,915.0,1987-07-15,1987-07-15
4632919,Colorado River Municipal Water District,TWDB,31.53,-103.02,GW,1,1,1,1,0,1207.0,1207.0,1207.0,1987-07-14,1987-07-14
4632920,Colorado River Municipal Water District Wickett,TWDB,31.53,-103.0,GW,1,1,1,1,0,485.0,485.0,485.0,1987-07-14,1987-07-14
4632921,Colorado River Municipal Water District,TWDB,31.5,-103.0,GW,1,1,1,1,0,1022.0,1022.0,1022.0,1987-07-15,1987-07-15
4633301,Buck Miller,TWDB,31.47,-103.87,GW,1,1,1,1,0,1637.0,1637.0,1637.0,2003-03-20,2003-03-20
4633501,Buck Miller,TWDB,31.45,-103.93,GW,2,2,2,2,0,2834.0,2837.0,2835.5,1988-10-12,1998-10-12
4460902,Joe Strauss,TWDB,31.01,-101.51,GW,1,1,1,1,0,1652.0,1652.0,1652.0,1962-10-16,1962-10-16
4633801,Mackie McAlpin,TWDB,31.38,-103.95,GW,1,1,1,1,0,3514.0,3514.0,3514.0,1970-08-06,1970-08-06
4633901,Mackie McAlpin,TWDB,31.38,-103.91,GW,2,2,1,2,0,2263.0,5228.0,3745.5,1970-08-06,1975-04-23
4634401,Buck Miller,TWDB,31.43,-103.85,GW,2,2,1,2,0,3906.0,3924.0,3915.0,1972-06-27,1995-04-26
4634701,"J. A. Burchard, et al ",TWDB,31.4,-103.84,GW,3,3,3,3,0,3355.0,3685.0,3478.0,1975-04-23,2007-06-19
4460903,Virgil Powell,TWDB,31.0,-101.53,GW,2,2,2,2,0,2620.0,5455.0,4037.5,1962-11-29,1970-02-10
4634903,Billy Mack Jobe,TWDB,31.38,-103.75,GW,2,2,2,2,0,3762.0,3804.0,3783.0,2007-06-21,2010-10-12
4635503,James Sears,TWDB,31.44,-103.68,GW,2,2,2,2,0,3966.0,3998.0,3982.0,1975-06-19,1979-06-25
4635801,Tom Bell,TWDB,31.4,-103.69,GW,1,1,1,1,0,3569.0,3569.0,3569.0,1972-06-28,1972-06-28
4635902,P. McKinney,TWDB,31.4,-103.63,GW,1,1,1,1,0,3385.0,3385.0,3385.0,1975-01-22,1975-01-22
4635905,Texas A & M University,TWDB,31.37,-103.63,GW,7,7,5,7,0,2757.0,3168.0,2883.7,1988-08-30,2011-08-04
4635906,Texas A & M University,TWDB,31.38,-103.62,GW,1,1,0,1,0,2261.0,2261.0,2261.0,1998-03-27,1998-03-27
4461205,William Strauss,TWDB,31.09,-101.43,GW,2,2,2,2,0,1335.0,1875.0,1605.0,2007-07-04,2010-10-06
4635907,Texas A&M Research Center,TWDB,31.37,-103.63,GW,3,2,2,2,0,2521.0,2890.0,2705.5,1999-10-12,2004-09-29
4636205,C. J. Anderson,TWDB,31.49,-103.58,GW,2,2,2,2,0,4292.0,4363.0,4327.5,1972-06-27,1975-06-19
4636302,Ruby Jenson (deceased),TWDB,31.48,-103.52,GW,6,5,5,5,0,3070.0,3216.0,3157.8,1989-09-19,2008-04-23
4636303,John Clark,TWDB,31.47,-103.51,GW,2,2,2,2,0,3937.0,3953.0,3945.0,1989-09-19,2007-07-13
4636404,P. McKinney,TWDB,31.42,-103.58,GW,1,1,1,1,0,4647.0,4647.0,4647.0,1970-03-17,1970-03-17
4636508,Jim Blanchard,TWDB,31.42,-103.56,GW,3,2,3,2,0,2812.0,4211.0,3511.5,2002-10-17,2008-04-23
4636509,Mike Murphy,TWDB,31.45,-103.57,GW,1,1,1,1,0,3304.0,3304.0,3304.0,2004-09-28,2004-09-28
4636707,Texas A & M University,TWDB,31.37,-103.62,GW,4,4,4,4,0,3377.0,3472.0,3405.8,1999-10-20,2011-08-04
4636809,Kyle Taylor,TWDB,31.4,-103.54,GW,3,2,2,2,0,492.0,3509.0,2000.5,2004-09-29,2007-07-13
4636905,J. Davis,TWDB,31.4,-103.53,GW,1,1,1,1,0,3186.0,3186.0,3186.0,1972-06-29,1972-06-29
4636906,Trey Miller,TWDB,31.39,-103.53,GW,2,2,0,2,0,2261.0,3476.0,2868.5,1988-08-30,1998-03-27
4636907,Trey Miller,TWDB,31.39,-103.53,GW,2,2,2,2,0,3168.0,3273.0,3220.5,2004-04-29,2007-07-12
4461401,University of Texas,TWDB,31.07,-101.48,GW,1,1,1,1,0,1535.0,1535.0,1535.0,1962-10-10,1962-10-10
4636908,James McCormick,TWDB,31.4,-103.5,GW,2,2,2,2,0,7598.0,7669.0,7633.5,1995-04-27,2007-07-12
4636909,Reeves County Detention,TWDB,31.39,-103.54,GW,4,4,4,4,0,2496.0,2907.0,2765.0,1995-04-26,2007-06-12
4461402,University of Texas,TWDB,31.05,-101.47,GW,1,1,1,1,0,2009.0,2009.0,2009.0,1962-10-30,1962-10-30
4636911,Kyle Taylor,TWDB,31.4,-103.52,GW,2,2,2,2,0,5950.0,6195.0,6072.5,2004-09-29,2007-06-20
4637100,Pecos River Sample #2 ,TWDB,31.48,-103.48,ST,2,2,2,2,0,8064.0,8867.0,8465.5,1989-09-20,1990-09-25
4637116,Rodney Oaks (original owner),TWDB,31.48,-103.47,GW,1,1,1,1,0,5588.0,5588.0,5588.0,1989-09-20,1989-09-20
4461403,Bill Strauss,TWDB,31.06,-101.46,GW,4,4,3,4,0,1791.0,1973.0,1886.2,1962-10-16,1993-05-24
4637301,Ward County Parks,TWDB,31.46,-103.39,GW,5,5,3,5,0,9000.0,9640.0,9260.4,1983-05-17,2007-03-22
4461503,Joe Strauss,TWDB,31.04,-101.44,GW,3,3,2,3,0,1287.0,1939.0,1653.0,1957-07-03,1970-02-16
4637324,Barstow ISD,TWDB,31.46,-103.4,GW,5,4,3,4,0,8269.0,9388.0,8871.8,1995-05-22,2011-06-14
4637334,Bob Allgood,TWDB,31.45,-103.4,GW,1,1,1,1,0,9644.0,9644.0,9644.0,1989-09-27,1989-09-27
4637408,Pecos River Sample #4 ,TWDB,31.43,-103.46,ST,1,1,0,1,0,7603.0,7603.0,7603.0,2007-06-17,2007-06-17
4461601,University of Texas,TWDB,31.04,-101.39,GW,1,1,1,1,0,1228.0,1228.0,1228.0,1962-10-15,1962-10-15
4638102,Raul Garay,TWDB,31.47,-103.33,GW,3,2,2,2,0,2433.0,2604.0,2518.5,1999-10-25,2004-03-10
4461602,University of Texas,TWDB,31.05,-101.4,GW,1,1,1,1,0,426.0,426.0,426.0,1962-10-12,1962-10-12
4461701,Joe Strauss,TWDB,31.03,-101.46,GW,1,1,1,1,0,1995.0,1995.0,1995.0,1962-10-16,1962-10-16
4638204,City of Barstow,TWDB,31.47,-103.32,GW,1,1,1,1,0,940.0,940.0,940.0,1995-06-21,1995-06-21
4461702,Joe Strauss,TWDB,31.02,-101.48,GW,1,1,1,1,0,1949.0,1949.0,1949.0,1962-10-16,1962-10-16
4639104,Mr. Shine Avary,TWDB,31.49,-103.22,GW,3,2,2,2,0,1112.0,1121.0,1116.5,1995-06-21,2004-03-09
4461703,Joe Strauss,TWDB,31.01,-101.49,GW,1,1,1,1,0,1955.0,1955.0,1955.0,1962-10-16,1962-10-16
4639201,Mrs. Shine Avary   .,TWDB,31.48,-103.19,GW,4,2,3,3,0,1725.0,1795.0,1760.0,1995-06-21,2011-06-14
4639205,Jim Sample,TWDB,31.46,-103.17,GW,1,1,1,1,0,837.0,837.0,837.0,1983-05-17,1983-05-17
4461705,Mack Siegenthaler,TWDB,31.01,-101.45,GW,2,1,2,1,0,2315.0,2315.0,2315.0,1995-09-26,2000-03-30
4639605,Mrs. Anna Herring,TWDB,31.44,-103.13,GW,1,1,1,1,0,1272.0,1272.0,1272.0,1974-09-14,1974-09-14
4639802,Mrs. Alice Lasater,TWDB,31.41,-103.17,GW,1,1,1,1,0,1209.0,1209.0,1209.0,1983-05-17,1983-05-17
4640101,"D.H. Brewster, Jr",TWDB,31.48,-103.12,GW,1,1,0,1,0,3297.0,3297.0,3297.0,1959-09-07,1959-09-07
4640202,Bluford Thornton,TWDB,31.47,-103.06,GW,1,1,0,1,0,295.0,295.0,295.0,1962-06-18,1962-06-18
4640203,Marnell & Stewart,TWDB,31.49,-103.05,GW,1,1,0,1,0,2943.0,2943.0,2943.0,1962-06-09,1962-06-09
4640204,Lloyd James,TWDB,31.48,-103.04,GW,1,1,0,1,0,1021.0,1021.0,1021.0,1962-06-23,1962-06-23
4640206,City of Pecos Ward Field #5,TWDB,31.47,-103.04,GW,5,5,5,5,0,785.0,996.0,878.4,1972-07-31,1975-09-02
4640301,Bluford Thornton,TWDB,31.47,-103.03,GW,4,4,3,4,0,555.0,610.0,574.2,1961-09-08,1985-06-24
4640303,M.E. Spencer Well No.5,TWDB,31.47,-103.01,GW,1,0,0,1,0,,,,1951-02-03,1951-02-03
4640304,"W. Lochaboy, Jr.",TWDB,31.48,-103.02,GW,1,1,0,1,0,795.0,795.0,795.0,1961-09-08,1961-09-08
4640305,City of Pecos Ward Field #1,TWDB,31.48,-103.02,GW,11,11,11,11,0,1060.0,1246.0,1146.4,1963-08-27,1975-09-02
4461805,Joe Strauss,TWDB,31.03,-101.45,GW,3,3,3,3,0,2036.0,4588.0,2985.0,1962-10-16,1998-09-17
4640306,City of Pecos Ward Field #2,TWDB,31.48,-103.02,GW,14,14,14,14,0,919.0,1443.0,1107.1,1963-04-22,1985-08-06
4640307,City of Pecos Ward Field #3,TWDB,31.49,-103.03,GW,7,7,7,7,0,771.0,1176.0,989.3,1963-05-26,1975-01-25
4640308,City of Pecos Ward Field #4,TWDB,31.47,-103.03,GW,11,11,11,11,0,786.0,953.0,874.8,1962-08-22,1975-09-02
4640311,City of Pecos Ward Field #1-A,TWDB,31.48,-103.02,GW,4,4,3,4,0,1108.0,1401.0,1278.5,1980-05-13,1995-05-11
4640312,City of Pecos Ward Field #3-A,TWDB,31.49,-103.03,GW,8,7,7,7,0,843.0,1117.0,1003.6,1972-07-31,2002-10-22
4461806,Joe Strauss,TWDB,31.02,-101.45,GW,1,1,1,1,0,1917.0,1917.0,1917.0,1962-10-16,1962-10-16
4640313,City of Pecos Ward Field #6,TWDB,31.48,-103.04,GW,5,5,4,5,0,1019.0,2185.0,1689.0,1980-05-13,1999-10-25
4461807,Joe Strauss,TWDB,31.03,-101.45,GW,1,1,1,1,0,1970.0,1970.0,1970.0,1963-03-27,1963-03-27
4640314,Bluford Thornton,TWDB,31.48,-103.01,GW,3,2,3,2,0,1999.0,2019.0,2009.0,2004-04-22,2011-06-14
4461901,University of Texas,TWDB,31.02,-101.41,GW,1,1,1,1,0,1868.0,1868.0,1868.0,1962-10-12,1962-10-12
4462401,University of Texas,TWDB,31.04,-101.33,GW,1,1,1,1,0,529.0,529.0,529.0,1962-10-15,1962-10-15
4462502,University of Texas,TWDB,31.05,-101.31,GW,1,1,1,1,0,569.0,569.0,569.0,1962-10-23,1962-10-23
4640701,Mr. Bethel L. Eiland,TWDB,31.38,-103.1,GW,2,2,1,2,0,4216.0,4361.0,4288.5,1995-05-22,2000-03-16
4462701,University of Texas,TWDB,31.01,-101.37,GW,1,1,1,1,0,362.0,362.0,362.0,1962-10-12,1962-10-12
4641201,Torrez or Coyote Sprng,TWDB,31.33,-103.95,SP,1,1,1,1,0,2541.0,2541.0,2541.0,1970-08-06,1970-08-06
4641202,Petican Spring,TWDB,31.33,-103.94,SP,3,3,3,3,0,2475.0,2531.0,2498.0,1959-08-27,1988-08-25
4462702,University of Texas,TWDB,31.04,-101.35,GW,1,1,1,1,0,1293.0,1293.0,1293.0,1962-10-15,1962-10-15
4641301,Mackie McAlpin,TWDB,31.35,-103.9,GW,4,4,3,4,0,2393.0,3239.0,2847.2,1970-08-10,1998-09-15
4641401,Doug Miller,TWDB,31.29,-103.97,GW,1,1,1,1,0,2992.0,2992.0,2992.0,1970-08-24,1970-08-24
4462703,University of Texas,TWDB,31.01,-101.36,GW,1,1,1,1,0,454.0,454.0,454.0,1962-10-15,1962-10-15
4641601,Doug Miller,TWDB,31.29,-103.9,GW,1,1,1,1,0,2919.0,2919.0,2919.0,1970-08-12,1970-08-12
4641701,Doug Miller,TWDB,31.27,-103.97,GW,1,1,1,1,0,3256.0,3256.0,3256.0,1970-08-24,1970-08-24
4641801,Doug Miller,TWDB,31.27,-103.93,GW,1,1,1,1,0,2107.0,2107.0,2107.0,1970-08-12,1970-08-12
4641901,Doug Miller,TWDB,31.25,-103.91,GW,1,1,1,1,0,670.0,670.0,670.0,1970-08-12,1970-08-12
4642201,Cecil Lee,TWDB,31.34,-103.82,GW,1,1,1,1,0,2482.0,2482.0,2482.0,1970-10-08,1970-10-08
4462802,University of Texas,TWDB,31.02,-101.32,GW,1,1,1,1,0,1137.0,1137.0,1137.0,1962-10-29,1962-10-29
4642301,"Warren Wright, Jr.",TWDB,31.37,-103.77,GW,1,1,1,1,0,5360.0,5360.0,5360.0,1970-10-01,1970-10-01
4642401,"Warren Wright, Jr.",TWDB,31.31,-103.85,GW,4,3,2,3,0,2194.0,2219.0,2209.7,1970-08-26,2003-03-20
4462803,University of Texas,TWDB,31.0,-101.32,GW,1,1,1,1,0,601.0,601.0,601.0,1962-10-29,1962-10-29
4642403,C. Lee,TWDB,31.33,-103.83,GW,1,1,1,1,0,3511.0,3511.0,3511.0,1970-10-20,1970-10-20
4642501,G. Hill,TWDB,31.31,-103.81,GW,1,1,1,1,0,4805.0,4805.0,4805.0,1970-08-26,1970-08-26
4642503,J. Valdez,TWDB,31.31,-103.79,GW,1,1,1,1,0,3206.0,3206.0,3206.0,1970-08-07,1970-08-07
4642504,Toyah Cemetery,TWDB,31.32,-103.81,GW,8,7,7,7,0,2478.0,2746.0,2598.7,1970-10-08,2011-08-03
4462901,University of Texas,TWDB,31.0,-101.28,GW,1,1,1,1,0,395.0,395.0,395.0,1962-08-03,1962-08-03
4462902,University of Texas,TWDB,31.02,-101.28,GW,1,1,1,1,0,399.0,399.0,399.0,1962-10-23,1962-10-23
4642505,C. Lee,TWDB,31.32,-103.81,GW,1,1,1,1,0,3015.0,3015.0,3015.0,1970-10-20,1970-10-20
4642509,J. Burchard,TWDB,31.31,-103.79,GW,1,1,1,1,0,4486.0,4486.0,4486.0,1970-08-09,1970-08-09
4642511,Gayle and Sandra Terry,TWDB,31.31,-103.79,GW,1,1,1,1,0,3061.0,3061.0,3061.0,2007-07-12,2007-07-12
4642603,"H. B. Foster, Jr.",TWDB,31.33,-103.78,GW,4,4,4,4,0,2482.0,3542.0,3059.2,1961-08-03,1979-06-28
4501201,Gulf Oil Company,TWDB,31.99,-102.93,GW,2,2,2,2,0,1513.0,1582.0,1547.5,1972-12-11,1974-08-14
4642605,J. Brasher,TWDB,31.31,-103.78,GW,1,1,1,1,0,4438.0,4438.0,4438.0,1970-08-26,1970-08-26
4642606,H. Guererra,TWDB,31.31,-103.78,GW,1,1,1,1,0,4967.0,4967.0,4967.0,1970-09-03,1970-09-03
4642609,M. Groves Est.,TWDB,31.32,-103.75,GW,1,1,1,1,0,3727.0,3727.0,3727.0,1970-10-08,1970-10-08
4642801,T. & P. RR. Company,TWDB,31.28,-103.83,GW,1,1,1,1,0,208.0,208.0,208.0,1970-08-28,1970-08-28
4642802,L. Richards,TWDB,31.28,-103.82,GW,1,1,1,1,0,2633.0,2633.0,2633.0,1970-08-27,1970-08-27
4642804,L. A. Richards,TWDB,31.28,-103.82,GW,1,1,1,1,0,1979.0,1979.0,1979.0,1970-08-27,1970-08-27
4642901,Tumbleweed Ranch,TWDB,31.27,-103.77,GW,1,1,1,1,0,2291.0,2291.0,2291.0,1975-06-19,1975-06-19
4642904,Odessa Savings and Loan Company,TWDB,31.28,-103.78,GW,1,1,1,1,0,2208.0,2208.0,2208.0,1970-08-28,1970-08-28
4642908,F. H. A.,TWDB,31.27,-103.78,GW,1,1,1,1,0,2160.0,2160.0,2160.0,1970-09-21,1970-09-21
4642910,H. Hill,TWDB,31.26,-103.78,GW,1,1,1,1,0,3601.0,3601.0,3601.0,1970-09-02,1970-09-02
4642912,Mackie McAlpin,TWDB,31.25,-103.77,GW,3,3,3,3,0,1102.0,1642.0,1403.0,1970-08-25,2000-03-28
4501401,Texas Department of Transportation,TWDB,31.95,-102.97,GW,2,2,2,2,0,613.0,684.0,648.5,1956-11-08,1971-12-07
4642913,Tumbleweed Ranch,TWDB,31.27,-103.77,GW,5,5,5,5,0,2761.0,3717.0,3178.8,1995-05-12,2007-06-20
4643201,Glenn Estes,TWDB,31.35,-103.68,GW,3,3,3,3,0,2200.0,2939.0,2678.3,1961-08-03,1975-06-19
4501501,Waddell Brothers & Company,TWDB,31.95,-102.92,GW,1,1,1,1,0,502.0,502.0,502.0,1957-02-07,1957-02-07
4643205,"John Hancock, Ins.",TWDB,31.36,-103.69,GW,1,1,1,1,0,4136.0,4136.0,4136.0,1970-10-22,1970-10-22
4643206,"John Hancock, Ins.",TWDB,31.33,-103.68,GW,1,1,1,1,0,2158.0,2158.0,2158.0,1970-07-24,1970-07-24
4643207,"John Hancock, Ins.",TWDB,31.34,-103.7,GW,1,1,1,1,0,5895.0,5895.0,5895.0,1970-07-24,1970-07-24
4643208,John Hancock Ins.,TWDB,31.34,-103.7,GW,1,1,1,1,0,5026.0,5026.0,5026.0,1970-07-24,1970-07-24
4643210,John Hancock Ins.,TWDB,31.36,-103.69,GW,1,1,1,1,0,4535.0,4535.0,4535.0,1970-07-24,1970-07-24
4501502,Larry Fernandez,TWDB,31.92,-102.95,GW,1,1,1,1,0,418.0,418.0,418.0,1956-11-02,1956-11-02
4643305,Worsham Farms,TWDB,31.34,-103.65,GW,2,2,2,2,0,2827.0,2918.0,2872.5,1972-06-28,1975-06-19
4643307,Worsham Farms,TWDB,31.34,-103.66,GW,3,3,3,3,0,3048.0,3302.0,3142.7,1972-06-28,1979-06-25
4501601,Waddell Brothers & Company,TWDB,31.91,-102.87,GW,1,1,1,1,0,3345.0,3345.0,3345.0,1957-02-07,1957-02-07
4643308,L. G. Worsham-C. B.,TWDB,31.33,-103.65,GW,1,1,0,1,0,2620.0,2620.0,2620.0,1988-08-25,1988-08-25
4643501,Earl Martin,TWDB,31.32,-103.67,GW,1,1,1,1,0,2145.0,2145.0,2145.0,1961-08-03,1961-08-03
4643502,B. Prewitt,TWDB,31.31,-103.69,GW,1,0,1,1,0,,,,1940-02-26,1940-02-26
4643603,J. Navaretta,TWDB,31.3,-103.63,GW,1,1,1,1,0,5335.0,5335.0,5335.0,1995-05-12,1995-05-12
4643604,W. Worsham,TWDB,31.29,-103.62,GW,1,1,1,1,0,5900.0,5900.0,5900.0,1972-06-29,1972-06-29
4643702,Delaware Basin Properties,TWDB,31.26,-103.72,GW,1,1,1,1,0,1153.0,1153.0,1153.0,1970-09-02,1970-09-02
4643905,W. White Est.,TWDB,31.26,-103.66,GW,1,1,1,1,0,2729.0,2729.0,2729.0,1959-08-28,1959-08-28
4644106,R. Butler,TWDB,31.34,-103.6,GW,1,1,1,1,0,5938.0,5938.0,5938.0,2000-03-23,2000-03-23
4644204,J. F. Hightower,TWDB,31.35,-103.57,GW,2,2,2,2,0,5675.0,6038.0,5856.5,1972-06-28,1975-06-19
4509201,C O Wheeler,TWDB,31.83,-102.95,GW,1,1,1,1,0,360.0,360.0,360.0,1957-01-28,1957-01-28
4644205,Bill Allen,TWDB,31.34,-103.57,GW,1,1,0,1,0,7246.0,7246.0,7246.0,1988-08-25,1988-08-25
4644206,Trans Pecos Dairy,TWDB,31.33,-103.56,GW,4,4,4,4,0,1591.0,3821.0,3012.5,1995-05-11,2007-06-20
4509401,Fay Hogg,TWDB,31.8,-102.99,GW,1,1,1,1,0,365.0,365.0,365.0,1957-02-08,1957-02-08
4644404,Kesey Bros.,TWDB,31.32,-103.61,GW,2,2,2,2,0,3774.0,5458.0,4616.0,1972-06-28,1975-06-19
4644405,C. J. Kesey,TWDB,31.3,-103.62,GW,1,1,0,1,0,2845.0,2845.0,2845.0,1988-08-25,1988-08-25
4644409,John Forrister,TWDB,31.3,-103.58,GW,1,1,1,1,0,4868.0,4868.0,4868.0,2000-03-21,2000-03-21
4644410,John Forrister,TWDB,31.32,-103.58,GW,1,1,1,1,0,2897.0,2897.0,2897.0,2000-03-21,2000-03-21
4510101,Waddell Brothers & Company,TWDB,31.85,-102.87,GW,1,1,1,1,0,198.0,198.0,198.0,1957-02-07,1957-02-07
4644411,Unknown,TWDB,31.3,-103.61,GW,1,1,1,1,0,4366.0,4366.0,4366.0,2004-04-28,2004-04-28
4644502,Paul Durckel,TWDB,31.3,-103.56,GW,2,2,2,2,0,6647.0,7305.0,6976.0,1971-12-14,1975-04-25
4644603,J. B. Kirklin,TWDB,31.33,-103.53,GW,2,2,2,2,0,4336.0,4345.0,4340.5,1972-06-29,1975-06-19
4644701,Marvie Shortes,TWDB,31.26,-103.61,GW,1,1,1,1,0,2453.0,2453.0,2453.0,1974-09-17,1974-09-17
4644704,Agri West Farms,TWDB,31.29,-103.61,GW,3,3,3,3,0,3586.0,4083.0,3880.7,1975-04-18,2002-10-09
4510201,Stanolind Oil & Gas,TWDB,31.86,-102.8,GW,1,1,1,1,0,1118.0,1118.0,1118.0,1957-01-28,1957-01-28
4644705,Agri West Farms,TWDB,31.28,-103.61,GW,2,2,2,2,0,3827.0,6308.0,5067.5,1975-06-18,1995-04-19
4644706,Agri West Farms,TWDB,31.28,-103.61,GW,1,1,1,1,0,3617.0,3617.0,3617.0,1995-04-19,1995-04-19
4644804,Kesey Bros.,TWDB,31.25,-103.56,GW,3,3,3,3,0,2582.0,5055.0,3983.3,1959-07-28,1975-06-18
4644805,Douglas Fernandes,TWDB,31.27,-103.55,GW,1,1,0,1,0,5513.0,5513.0,5513.0,1988-08-24,1988-08-24
4510501,W D Amburgey,TWDB,31.81,-102.81,GW,1,1,1,1,0,3182.0,3182.0,3182.0,1957-01-28,1957-01-28
4644901,Billie Prewitt,TWDB,31.26,-103.52,GW,3,3,3,3,0,3212.0,3643.0,3384.7,1972-06-29,1975-06-18
4645601,R. M. Johnson,TWDB,31.31,-103.41,GW,7,6,6,6,0,2895.0,4642.0,3300.7,1972-06-28,2003-03-19
4510801,W.D. Amburgey,TWDB,31.76,-102.82,GW,3,3,3,3,0,777.0,1300.0,1032.0,1956-10-08,1985-06-20
4645801,Gene Lyda,TWDB,31.27,-103.42,GW,1,1,1,1,0,1344.0,1344.0,1344.0,1995-05-10,1995-05-10
4646102,J. A. Worsham,TWDB,31.33,-103.33,GW,2,2,2,2,0,1389.0,1538.0,1463.5,1975-04-27,1979-06-27
4511601,Paul Slator,TWDB,31.83,-102.66,GW,1,1,0,1,0,2686.0,2686.0,2686.0,1995-06-13,1995-06-13
4646201,City of Pecos well #2,TWDB,31.35,-103.33,GW,1,1,0,1,0,1185.0,1185.0,1185.0,1995-05-09,1995-05-09
4517101,G P Mitchell,TWDB,31.74,-102.98,GW,1,1,1,1,0,462.0,462.0,462.0,1956-10-04,1956-10-04
4517204,Amoco Production,TWDB,31.73,-102.94,GW,1,1,1,1,0,465.0,465.0,465.0,1983-05-20,1983-05-20
4517205,Stanolind Oil & Gas Co,TWDB,31.72,-102.93,GW,1,1,1,1,0,490.0,490.0,490.0,1956-10-03,1956-10-03
4517502,Sealy & Smith Founda- ,TWDB,31.67,-102.92,GW,1,1,1,1,0,155.0,155.0,155.0,1956-10-08,1956-10-08
4646204,City of Pecos well #6,TWDB,31.35,-103.32,GW,1,1,0,1,0,2911.0,2911.0,2911.0,1995-05-09,1995-05-09
4517704,Sealy & Smith,TWDB,31.66,-102.96,GW,3,3,3,3,0,784.0,1239.0,1053.0,1974-08-15,1985-06-21
4646208,City of Pecos well #12,TWDB,31.34,-103.29,GW,2,2,2,2,0,507.0,529.0,518.0,1999-10-15,2004-04-29
4646210,City of Pecos well #17,TWDB,31.34,-103.29,GW,1,1,1,1,0,553.0,553.0,553.0,1999-10-15,1999-10-15
4646214,City of Pecos well #15,TWDB,31.33,-103.3,GW,1,1,1,1,0,474.0,474.0,474.0,1956-11-21,1956-11-21
4646215,City of Pecos test hole #16,TWDB,31.33,-103.29,GW,2,1,0,1,0,470.0,470.0,470.0,1956-11-21,2004-09-08
4517902,El Paso Nat. Gas Company,TWDB,31.63,-102.89,GW,1,1,1,1,0,1141.0,1141.0,1141.0,1966-09-19,1966-09-19
4646218,City of Pecos well #16,TWDB,31.33,-103.29,GW,2,2,2,2,0,538.0,560.0,549.0,2004-09-08,2008-08-20
4646301,City of Pecos well #9,TWDB,31.33,-103.28,GW,2,2,1,2,0,519.0,522.0,520.5,1988-08-23,1995-05-09
4646502,Worsham Est.,TWDB,31.3,-103.31,GW,1,1,0,1,0,771.0,771.0,771.0,1995-05-25,1995-05-25
4517903,American Processing,TWDB,31.63,-102.89,GW,1,1,1,1,0,550.0,550.0,550.0,1966-09-19,1966-09-19
4646601,City of Pecos well #10,TWDB,31.33,-103.29,GW,1,1,1,1,0,544.0,544.0,544.0,1999-10-15,1999-10-15
4646602,City of Pecos well #11,TWDB,31.32,-103.27,GW,2,2,1,2,0,513.0,516.0,514.5,1995-05-09,1999-10-15
4517904,El Paso Nat. Gas Company,TWDB,31.63,-102.9,GW,1,1,1,1,0,765.0,765.0,765.0,1966-09-19,1966-09-19
4647101,Terry Burkholder,TWDB,31.37,-103.21,GW,2,1,2,2,0,710.0,710.0,710.0,1995-04-27,2003-03-19
4648300,Pecos River Sample #6 ,TWDB,31.36,-103.0,ST,2,2,2,2,0,8794.0,9918.0,9356.0,1989-09-22,1990-09-26
4648401,Enstor WAHA,TWDB,31.29,-103.1,GW,1,1,1,1,0,963.0,963.0,963.0,2010-08-17,2010-08-17
4648505,Griffin & Brand,TWDB,31.32,-103.04,GW,2,2,2,2,0,3625.0,4122.0,3873.5,1989-09-26,1995-05-10
4517905,El Paso Nat. Gas Company,TWDB,31.63,-102.89,GW,1,1,1,1,0,636.0,636.0,636.0,1966-09-19,1966-09-19
4648701,Duke Energy,TWDB,31.26,-103.08,GW,5,4,4,4,0,1466.0,2293.0,1893.2,1993-05-26,2012-08-09
4648801,Humberto Mandujano,TWDB,31.26,-103.05,GW,2,1,2,1,0,1834.0,1834.0,1834.0,2007-07-03,2008-04-29
4517906,American Processing,TWDB,31.63,-102.89,GW,4,3,4,4,0,397.0,846.0,634.3,1951-11-02,1983-06-09
4648802,Jerome Hoelscher,TWDB,31.28,-103.07,GW,2,2,1,2,0,3183.0,3982.0,3582.5,1995-04-20,2000-03-24
4648804,Eleven M Farms,TWDB,31.26,-103.06,GW,3,2,2,2,0,904.0,934.0,919.0,2000-03-28,2002-09-04
4648902,Mandujano,TWDB,31.25,-103.01,GW,3,3,3,3,0,982.0,1042.0,1014.0,1995-04-21,2002-09-03
4649101,Palafox Exploration Co,TWDB,31.21,-103.97,GW,1,1,1,1,0,2736.0,2736.0,2736.0,1970-10-22,1970-10-22
4649302,J. M. Gooch,TWDB,31.23,-103.89,GW,1,1,1,1,0,1253.0,1253.0,1253.0,1970-08-28,1970-08-28
4649401,H. A. Haier,TWDB,31.19,-103.97,GW,1,1,1,1,0,3476.0,3476.0,3476.0,1970-10-22,1970-10-22
4649505,Freeport Sulphur,TWDB,31.17,-103.92,GW,2,2,2,2,0,2117.0,2267.0,2192.0,1988-08-02,1995-04-26
4649506,Freeport Sulphur,TWDB,31.17,-103.94,GW,1,1,1,1,0,1083.0,1083.0,1083.0,1988-08-02,1988-08-02
4649507,Freeport Sulphur,TWDB,31.19,-103.94,GW,2,2,2,2,0,2883.0,3379.0,3131.0,1988-03-04,1995-04-26
4649508,Freeport Sulphur,TWDB,31.18,-103.93,GW,2,2,2,2,0,2914.0,3865.0,3389.5,1988-03-04,1998-10-13
4649510,Freeport Sulphur,TWDB,31.18,-103.94,GW,2,2,1,2,0,620.0,3369.0,1994.5,1988-03-04,1998-05-29
4649602,W. D. Johnson Estate,TWDB,31.17,-103.9,GW,1,1,1,1,0,567.0,567.0,567.0,1970-08-25,1970-08-25
4649603,"Cedarville Farms, Inc.",TWDB,31.16,-103.88,GW,1,1,1,1,0,2249.0,2249.0,2249.0,1970-07-21,1970-07-21
4649604,Cedarville Farms Inc. ,TWDB,31.16,-103.88,GW,1,1,1,1,0,2150.0,2150.0,2150.0,1970-07-21,1970-07-21
4649607,"Cedarville Farms, Inc.",TWDB,31.17,-103.87,GW,1,1,1,1,0,2026.0,2026.0,2026.0,1970-07-21,1970-07-21
4649608,Mike Webb,TWDB,31.16,-103.87,GW,1,1,0,1,0,2135.0,2135.0,2135.0,1993-07-21,1993-07-21
4649701,Freeport Sulphur Company,TWDB,31.14,-103.99,GW,3,3,3,3,0,1804.0,1866.0,1842.7,1988-08-02,1998-10-13
4650201,"Travis Lattner, Jr.",TWDB,31.24,-103.79,GW,2,2,2,2,0,2631.0,2672.0,2651.5,1970-09-03,1975-04-23
4650405,Stoeckman Farms,TWDB,31.18,-103.86,GW,1,1,1,1,0,2267.0,2267.0,2267.0,1970-07-21,1970-07-21
4650406,Stoeckman Farms,TWDB,31.18,-103.86,GW,1,1,1,1,0,2118.0,2118.0,2118.0,1970-07-21,1970-07-21
4650701,Combest & Odem,TWDB,31.15,-103.85,GW,1,1,1,1,0,2146.0,2146.0,2146.0,1961-09-06,1961-09-06
4650704,Combest & Odom,TWDB,31.15,-103.86,GW,2,2,2,2,0,2337.0,2434.0,2385.5,1969-11-24,1988-08-23
4650705,Armstrong Ranch Company,TWDB,31.14,-103.85,GW,1,1,1,1,0,2049.0,2049.0,2049.0,1970-07-28,1970-07-28
4650707,Armstrong Ranch Company,TWDB,31.14,-103.85,GW,1,1,1,1,0,2185.0,2185.0,2185.0,1970-11-12,1970-11-12
4650709,Armstrong Ranch Company,TWDB,31.12,-103.87,GW,1,1,1,1,0,776.0,776.0,776.0,1970-07-28,1970-07-28
4650710,Armstrong Ranch Company,TWDB,31.12,-103.87,GW,1,1,1,1,0,1626.0,1626.0,1626.0,1970-07-28,1970-07-28
4651202,J. B. Hopkins,TWDB,31.21,-103.69,GW,1,1,1,1,0,2353.0,2353.0,2353.0,1961-08-03,1961-08-03
4651209,A. Allen,TWDB,31.24,-103.69,GW,1,1,1,1,0,2325.0,2325.0,2325.0,1972-06-29,1972-06-29
4518801,Monahans Sand Hills,TWDB,31.63,-102.81,GW,8,8,6,8,0,146.0,191.0,162.1,1967-04-11,1987-07-14
4651211,Rod Stringer,TWDB,31.23,-103.67,GW,1,1,1,1,0,2389.0,2389.0,2389.0,1995-05-16,1995-05-16
4651212,C. J. Poulter,TWDB,31.22,-103.67,GW,1,1,1,1,0,2474.0,2474.0,2474.0,1970-09-10,1970-09-10
4651301,Swain Thomas,TWDB,31.23,-103.65,GW,1,1,1,1,0,2297.0,2297.0,2297.0,1961-08-03,1961-08-03
4651311,Kesey Brothers,TWDB,31.24,-103.65,GW,2,2,2,2,0,2683.0,3007.0,2845.0,1972-06-29,1975-06-18
4651312,L. Kilgore,TWDB,31.2,-103.66,GW,1,1,1,1,0,2346.0,2346.0,2346.0,1970-10-06,1970-10-06
4651313,K. Lindemann,TWDB,31.21,-103.66,GW,1,1,0,1,0,2536.0,2536.0,2536.0,1995-05-16,1995-05-16
4651314,Monte Kesey,TWDB,31.24,-103.63,GW,2,2,2,2,0,2531.0,2576.0,2553.5,2000-03-29,2007-07-10
4651401,Robert F. Goddard,TWDB,31.18,-103.72,GW,2,2,2,2,0,1978.0,2115.0,2046.5,1970-07-28,1970-09-02
4651501,Clark & Roberts,TWDB,31.19,-103.68,GW,1,1,1,1,0,2447.0,2447.0,2447.0,1970-09-09,1970-09-09
4651507,Loy Kilgore,TWDB,31.19,-103.7,GW,3,3,3,3,0,2191.0,2256.0,2214.0,1970-09-10,1975-06-18
4651509,L. Kilgore,TWDB,31.2,-103.67,GW,1,1,1,1,0,2367.0,2367.0,2367.0,1970-09-10,1970-09-10
4651511,Clark & Roberts,TWDB,31.19,-103.69,GW,1,1,1,1,0,2363.0,2363.0,2363.0,1970-10-05,1970-10-05
4651513,L. Kilgore,TWDB,31.2,-103.67,GW,1,1,1,1,0,2350.0,2350.0,2350.0,1970-09-10,1970-09-10
4651514,J. Jenkins,TWDB,31.2,-103.69,GW,1,1,1,1,0,2250.0,2250.0,2250.0,1970-10-05,1970-10-05
4651516,J. Jenkins,TWDB,31.2,-103.7,GW,1,1,1,1,0,2180.0,2180.0,2180.0,1970-10-05,1970-10-05
4651517,K. Lindemann,TWDB,31.2,-103.69,GW,1,1,1,1,0,2249.0,2249.0,2249.0,1970-10-06,1970-10-06
4651518,K. Lindemann,TWDB,31.2,-103.68,GW,1,1,1,1,0,2943.0,2943.0,2943.0,1970-10-06,1970-10-06
4651520,Kenneth Lindemann,TWDB,31.19,-103.67,GW,1,1,0,1,0,2345.0,2345.0,2345.0,1988-08-26,1988-08-26
4651521,J. Bryan,TWDB,31.18,-103.67,GW,1,1,1,1,0,2273.0,2273.0,2273.0,1970-10-06,1970-10-06
4651524,L. Kilgore,TWDB,31.2,-103.66,GW,2,2,2,2,0,2344.0,2357.0,2350.5,1970-09-10,1974-09-17
4651525,Clay Taylor,TWDB,31.19,-103.66,GW,1,1,1,1,0,2285.0,2285.0,2285.0,1970-10-06,1970-10-06
4651604,M. Hughes,TWDB,31.2,-103.65,GW,1,1,1,1,0,2329.0,2329.0,2329.0,1970-10-08,1970-10-08
4651613,Unknown,TWDB,31.19,-103.64,GW,1,0,1,0,0,,,,2004-06-09,2004-06-09
4651802,Clay Taylor,TWDB,31.13,-103.69,GW,2,2,2,2,0,2477.0,2564.0,2520.5,1995-05-18,2000-03-28
4651806,Mower-Pecos McDonald #3,TWDB,31.14,-103.67,GW,1,1,0,1,0,2483.0,2483.0,2483.0,1988-08-26,1988-08-26
4651905,Sage and Hill,TWDB,31.13,-103.63,GW,3,3,3,3,0,2701.0,2873.0,2805.3,1972-06-29,1979-06-21
4652111,Randy Taylor,TWDB,31.23,-103.6,GW,1,1,1,1,0,1962.0,1962.0,1962.0,1988-08-25,1988-08-25
4652204,Marvin Frazier,TWDB,31.24,-103.57,GW,2,2,2,2,0,7284.0,7492.0,7388.0,1972-06-28,1979-06-26
4652406,W. W. Hill,TWDB,31.2,-103.6,GW,1,1,1,1,0,2229.0,2229.0,2229.0,1972-06-29,1972-06-29
4652501,L. M. Prater,TWDB,31.18,-103.57,GW,2,2,2,2,0,6161.0,6442.0,6301.5,1975-06-18,1979-06-26
4652504,Graham and Gallemore,TWDB,31.18,-103.55,GW,2,2,2,2,0,5100.0,5654.0,5377.0,1972-06-28,1979-06-26
4652505,Trans-Pecos Materials ,TWDB,31.17,-103.57,GW,2,2,2,2,0,3830.0,4148.0,3989.0,1995-04-18,1999-10-05
4652601,A. R. Eppenauer,TWDB,31.17,-103.52,GW,1,0,0,1,0,,,,1946-05-02,1946-05-02
4652603,Pecos Beef & Cattle,TWDB,31.17,-103.53,GW,4,4,3,4,0,2941.0,3057.0,2997.2,1988-11-08,2007-07-10
4652608,Pecos Beef,TWDB,31.18,-103.52,GW,2,2,1,2,0,3257.0,3663.0,3460.0,1995-05-24,1999-10-05
4652705,Scott Evans,TWDB,31.14,-103.58,GW,3,3,2,3,0,2741.0,3049.0,2933.3,1972-06-29,1995-04-27
4652706,Scott Evans,TWDB,31.14,-103.58,GW,1,1,1,1,0,3165.0,3165.0,3165.0,1972-06-29,1972-06-29
4652707,Sage and Hill,TWDB,31.16,-103.62,GW,1,1,1,1,0,3634.0,3634.0,3634.0,1972-06-29,1972-06-29
4652708,B. Higginbotham,TWDB,31.16,-103.6,GW,2,2,2,2,0,2517.0,2627.0,2572.0,1975-06-18,1979-06-26
4652709,Trans-Pecos Materials ,TWDB,31.15,-103.58,GW,5,5,4,5,0,2682.0,2879.0,2799.8,1988-08-23,2007-06-14
4652801,Trans-Pecos Materials ,TWDB,31.16,-103.58,GW,4,4,2,4,0,3598.0,3888.0,3708.8,1993-04-15,1999-10-05
4652901,Randy Taylor,TWDB,31.12,-103.5,GW,1,1,0,1,0,3421.0,3421.0,3421.0,1995-04-22,1995-04-22
4653601,Gene Lyda,TWDB,31.18,-103.4,GW,3,3,3,3,0,1004.0,1045.0,1025.3,1975-04-24,1995-05-15
4653802,Sam Miller,TWDB,31.12,-103.42,GW,2,2,2,2,0,1013.0,1376.0,1194.5,1995-04-24,1999-10-06
4653903,Barilla Farms,TWDB,31.12,-103.39,GW,2,2,1,2,0,1524.0,1634.0,1579.0,1995-04-22,1999-10-13
4654301,Smithers Transportation Test Center,TWDB,31.24,-103.25,GW,4,4,3,4,0,472.0,529.0,494.0,1978-02-14,2007-06-15
4654303,City of Pecos 50-25-5,TWDB,31.23,-103.27,GW,1,1,1,1,0,648.0,648.0,648.0,2004-04-29,2004-04-29
4654304,City of Pecos 50-25-6,TWDB,31.23,-103.28,GW,1,1,1,1,0,778.0,778.0,778.0,2008-08-20,2008-08-20
4654401,Texaco E & P,TWDB,31.2,-103.34,GW,2,2,0,2,0,2724.0,2837.0,2780.5,1995-05-10,1999-10-07
4654702,H. F. Woods,TWDB,31.12,-103.37,GW,3,3,3,3,0,792.0,886.0,840.3,1975-06-18,1995-04-22
4518803,Monahans Sandhills,TWDB,31.63,-102.81,GW,4,4,3,4,0,130.0,221.0,172.2,1970-09-13,2011-05-25
4654901,Flat Top Farms,TWDB,31.13,-103.28,GW,1,1,0,1,0,3227.0,3227.0,3227.0,1995-04-22,1995-04-22
4654902,Flattop Farms Dairy,TWDB,31.16,-103.29,GW,1,1,1,1,0,2308.0,2308.0,2308.0,1993-04-21,1993-04-21
4654903,Flat Top Farms,TWDB,31.15,-103.29,GW,1,1,0,1,0,3203.0,3203.0,3203.0,1995-04-22,1995-04-22
4654904,Flattop Farms Dairy,TWDB,31.14,-103.27,GW,1,1,1,1,0,533.0,533.0,533.0,1999-10-21,1999-10-21
4656204,Pecos County,TWDB,31.23,-103.06,GW,3,2,2,2,0,1123.0,1223.0,1173.0,1999-10-14,2002-09-05
4656206,Ellis,TWDB,31.21,-103.08,GW,1,1,1,1,0,1587.0,1587.0,1587.0,1988-09-14,1988-09-14
4656207,David Hess,TWDB,31.23,-103.04,GW,1,1,1,1,0,906.0,906.0,906.0,2007-07-03,2007-07-03
4656307,Pecos County Fresh-,TWDB,31.21,-103.01,GW,5,3,4,3,0,697.0,1335.0,1018.7,1987-03-24,2008-04-29
4656308,City of Imperial,TWDB,31.21,-103.02,GW,5,4,4,4,0,691.0,712.0,700.5,1988-09-13,2002-09-05
4656309,Pecos County,TWDB,31.2,-103.0,GW,1,1,1,1,0,1512.0,1512.0,1512.0,1987-03-24,1987-03-24
4656310,R.C.Crabb,TWDB,31.22,-103.02,GW,1,1,1,1,0,826.0,826.0,826.0,2000-03-28,2000-03-28
4656408,Bill Tipton,TWDB,31.19,-103.08,GW,1,1,1,1,0,1261.0,1261.0,1261.0,1988-09-13,1988-09-13
4656409,"Alvaro Mandujano, Jr. ",TWDB,31.18,-103.09,GW,1,1,1,1,0,812.0,812.0,812.0,2007-07-03,2007-07-03
4656410,"Alvaro Mandujano, Jr.",TWDB,31.18,-103.08,GW,1,1,1,1,0,1046.0,1046.0,1046.0,2007-08-22,2007-08-22
4656503,Randy Taylor,TWDB,31.2,-103.06,GW,2,2,2,2,0,641.0,724.0,682.5,1995-04-19,2000-03-24
4656506,Jesus A. Ruiz,TWDB,31.18,-103.06,GW,3,2,2,2,0,1590.0,1622.0,1606.0,2002-09-07,2007-08-22
4656602,Duke Energy,TWDB,31.18,-103.03,GW,5,4,4,4,0,1008.0,1057.0,1026.0,1993-05-26,2007-08-22
4656703,Paul Weatherby,TWDB,31.15,-103.11,GW,6,4,5,4,0,459.0,531.0,502.8,1995-05-11,2008-04-28
4656704,Trophy Farms,TWDB,31.12,-103.1,GW,2,2,2,2,0,621.0,646.0,633.5,1995-04-21,1999-10-14
4518902,"F.L. Williams, Jr",TWDB,31.64,-102.76,GW,1,1,1,1,0,1490.0,1490.0,1490.0,1978-08-15,1978-08-15
4656803,Randy Taylor,TWDB,31.12,-103.07,GW,3,2,2,2,0,580.0,580.0,580.0,2000-03-24,2002-10-06
4657102,N. Lethco,TWDB,31.08,-103.98,GW,1,1,1,1,0,734.0,734.0,734.0,1970-03-15,1970-03-15
4657103,Nelson Lethco,TWDB,31.08,-103.98,GW,1,1,1,1,0,1819.0,1819.0,1819.0,1970-03-19,1970-03-19
4657104,Nelson Lethco,TWDB,31.11,-103.96,GW,1,1,1,1,0,1568.0,1568.0,1568.0,1970-09-11,1970-09-11
4657401,Nelson Lethco,TWDB,31.07,-103.96,GW,1,1,1,1,0,1924.0,1924.0,1924.0,1970-09-11,1970-09-11
4657501,SI Bar KC Ranch,TWDB,31.04,-103.94,GW,1,1,1,1,0,377.0,377.0,377.0,1970-03-12,1970-03-12
4657503,SI Bar KC Ranch,TWDB,31.04,-103.92,GW,2,2,2,2,0,1185.0,1474.0,1329.5,1973-05-04,1975-06-17
4657702,SI Bar KC Ranch,TWDB,31.02,-103.96,GW,2,2,2,2,0,493.0,494.0,493.5,1970-03-12,1988-08-24
4657703,SI Bar KC Ranch,TWDB,31.03,-103.96,GW,1,1,1,1,0,494.0,494.0,494.0,1988-08-24,1988-08-24
4518903,J.W. McDaniel,TWDB,31.64,-102.76,GW,1,1,0,1,0,5013.0,5013.0,5013.0,1995-04-25,1995-04-25
4657802,SI Bar KC Ranch,TWDB,31.03,-103.93,GW,1,1,1,1,0,816.0,816.0,816.0,1970-03-12,1970-03-12
4658301,W. D. Johnson Estate,TWDB,31.11,-103.78,GW,1,1,1,1,0,2371.0,2371.0,2371.0,1970-07-28,1970-07-28
4658402,Scott Grote,TWDB,31.04,-103.84,GW,3,3,3,3,0,728.0,1025.0,924.7,1988-08-23,1998-10-13
4658601,W. D. Johnson Estate,TWDB,31.07,-103.76,GW,1,1,1,1,0,1517.0,1517.0,1517.0,1975-04-18,1975-04-18
4658803,W. D. Johnson Est.,TWDB,31.0,-103.82,GW,1,1,1,1,0,1136.0,1136.0,1136.0,1973-05-04,1973-05-04
4658902,Don Weinacht,TWDB,31.03,-103.76,GW,1,1,1,1,0,2711.0,2711.0,2711.0,1995-04-26,1995-04-26
4659101,J. T. Moore,TWDB,31.1,-103.74,GW,1,1,1,1,0,2161.0,2161.0,2161.0,1961-08-02,1961-08-02
4518904,J.W. McDaniel,TWDB,31.64,-102.76,GW,5,4,4,4,0,1803.0,2946.0,2239.5,1999-10-19,2011-05-25
4659103,J. Moore,TWDB,31.1,-103.74,GW,1,1,1,1,0,2258.0,2258.0,2258.0,1969-07-01,1969-07-01
4659104,J. T. Moore,TWDB,31.09,-103.74,GW,1,1,1,1,0,2355.0,2355.0,2355.0,1969-07-01,1969-07-01
4659108,"Mabel L. McFadden,",TWDB,31.1,-103.72,GW,1,1,1,1,0,2350.0,2350.0,2350.0,1970-08-27,1970-08-27
4659204,Clark & Roberts,TWDB,31.12,-103.7,GW,1,1,1,1,0,2226.0,2226.0,2226.0,1970-08-27,1970-08-27
4659205,Clark and Roberts,TWDB,31.11,-103.69,GW,1,1,1,1,0,2707.0,2707.0,2707.0,1970-08-27,1970-08-27
4659206,C. Moore,TWDB,31.11,-103.7,GW,1,1,1,1,0,2241.0,2241.0,2241.0,1970-08-27,1970-08-27
4659207,Balmorhea Feeders,TWDB,31.11,-103.68,GW,1,0,1,1,0,,,,1995-05-18,1995-05-18
4659209,Adobe Land Corporation,TWDB,31.08,-103.66,GW,1,1,0,1,0,3709.0,3709.0,3709.0,1995-04-20,1995-04-20
4659301,J. F. Crews,TWDB,31.09,-103.64,GW,1,1,1,1,0,2338.0,2338.0,2338.0,1961-08-02,1961-08-02
4659302,Sacaton Corporation,TWDB,31.09,-103.66,GW,1,1,1,1,0,2868.0,2868.0,2868.0,1999-10-07,1999-10-07
4659304,Adobe Land Corporation,TWDB,31.1,-103.64,GW,1,1,1,1,0,2290.0,2290.0,2290.0,1995-04-20,1995-04-20
4659306,Clay Taylor,TWDB,31.11,-103.64,GW,1,0,1,1,0,,,,1995-05-18,1995-05-18
4659308,Unknown,TWDB,31.11,-103.64,GW,1,0,1,0,0,,,,2004-06-09,2004-06-09
4659401,Clark and Roberts,TWDB,31.06,-103.72,GW,1,1,1,1,0,1436.0,1436.0,1436.0,1975-01-20,1975-01-20
4659403,Clark & Roberts,TWDB,31.06,-103.72,GW,1,1,1,1,0,2139.0,2139.0,2139.0,1969-06-13,1969-06-13
4659501,W. Moore,TWDB,31.05,-103.68,GW,1,1,1,1,0,2611.0,2611.0,2611.0,1961-08-02,1961-08-02
4659506,Mrs. W. E. Moore and,TWDB,31.05,-103.68,GW,1,1,1,1,0,3274.0,3274.0,3274.0,1969-07-01,1969-07-01
4659509,Emma A. Taylor Estate ,TWDB,31.04,-103.69,GW,2,2,2,2,0,3201.0,3359.0,3280.0,1970-07-21,1975-04-18
4659604,W. Moore,TWDB,31.06,-103.65,GW,1,1,1,1,0,2675.0,2675.0,2675.0,1972-06-29,1972-06-29
4659605,Buchanan & Sons,TWDB,31.05,-103.66,GW,1,1,1,1,0,2789.0,2789.0,2789.0,1972-06-29,1972-06-29
4659606,Monte Kesey,TWDB,31.06,-103.63,GW,1,1,1,1,0,2187.0,2187.0,2187.0,2000-03-28,2000-03-28
4659608,Burl Little,TWDB,31.07,-103.65,GW,1,1,1,1,0,2624.0,2624.0,2624.0,2007-07-11,2007-07-11
4659701,L. A. Weinacht,TWDB,31.0,-103.74,GW,1,1,1,1,0,4179.0,4179.0,4179.0,1969-05-26,1969-05-26
4659704,W. Moore,TWDB,31.01,-103.71,GW,1,1,1,1,0,2766.0,2766.0,2766.0,2007-06-18,2007-06-18
4659705,E. W. Backus,TWDB,31.0,-103.74,GW,2,2,2,2,0,2816.0,3230.0,3023.0,1969-06-12,1974-09-17
4659804,J. Bush Est.,TWDB,31.03,-103.7,GW,1,1,1,1,0,4382.0,4382.0,4382.0,1969-06-27,1969-06-27
4659805,Rudolf Hoefs,TWDB,31.01,-103.69,GW,1,1,1,1,0,3517.0,3517.0,3517.0,1969-10-22,1969-10-22
4660101,Knox Industries,TWDB,31.11,-103.59,GW,2,2,1,2,0,2640.0,3102.0,2871.0,1972-06-28,1988-08-24
4660104,Robert Bradley,TWDB,31.11,-103.59,GW,2,2,2,2,0,2546.0,2691.0,2618.5,2004-09-28,2007-06-22
4660109,F. F. Bradley,TWDB,31.09,-103.58,GW,2,2,2,2,0,2728.0,3010.0,2869.0,1961-08-02,1970-04-16
4660203,J. J. Bush Estate,TWDB,31.1,-103.55,GW,1,1,1,1,0,1926.0,1926.0,1926.0,1973-05-04,1973-05-04
4660303,A. Hoefs,TWDB,31.11,-103.51,GW,1,1,1,1,0,3208.0,3208.0,3208.0,1975-06-17,1975-06-17
4660402,Adobe Land Corporation,TWDB,31.07,-103.62,GW,3,3,3,3,0,2622.0,2791.0,2705.7,1988-08-24,1999-10-21
4660704,Dale Toone,TWDB,31.02,-103.59,GW,4,4,2,4,0,2616.0,2972.0,2788.2,1972-06-28,1995-04-25
4519301,Phillips Petroleum Corporation,TWDB,31.74,-102.64,GW,2,2,2,2,0,1676.0,1861.0,1768.5,1995-06-15,1999-10-12
4660805,Ben Powell,TWDB,31.01,-103.54,GW,1,1,1,1,0,1596.0,1596.0,1596.0,1988-08-24,1988-08-24
4660905,Dale Toone,TWDB,31.01,-103.52,GW,1,1,0,1,0,3291.0,3291.0,3291.0,1995-05-24,1995-05-24
4661102,Alan Hoefs,TWDB,31.1,-103.49,GW,1,1,1,1,0,1357.0,1357.0,1357.0,1972-06-28,1972-06-28
4661103,Rudolph Hoefs,TWDB,31.11,-103.49,GW,1,1,0,1,0,3213.0,3213.0,3213.0,1995-04-22,1995-04-22
4661201,Ellison,TWDB,31.11,-103.42,GW,1,1,1,1,0,3092.0,3092.0,3092.0,1972-06-28,1972-06-28
4661203,Randy Taylor (owner),TWDB,31.11,-103.42,GW,2,2,1,2,0,3123.0,3194.0,3158.5,1995-04-24,1999-10-13
4661204,Charles Stanford,TWDB,31.09,-103.41,GW,1,1,1,1,0,755.0,755.0,755.0,1995-05-11,1995-05-11
4661205,K&D Farms,TWDB,31.11,-103.45,GW,1,0,1,1,0,,,,1999-10-13,1999-10-13
4661206,K&D Farms,TWDB,31.11,-103.45,GW,1,1,1,1,0,1418.0,1418.0,1418.0,1999-10-13,1999-10-13
4661402,Balmorhea Ranches,TWDB,31.05,-103.46,GW,3,3,3,3,0,563.0,825.0,729.0,1940-08-20,1975-06-17
4662201,Madera Valley Water Supply Company,TWDB,31.1,-103.29,GW,6,4,5,4,0,478.0,500.0,486.8,1999-10-05,2011-08-04
4662302,Madera Valley Water Supply Company,TWDB,31.09,-103.27,GW,3,1,2,2,0,490.0,490.0,490.0,1999-10-05,2003-03-19
4663902,Mrs. H.D. Mendell,TWDB,31.04,-103.15,GW,1,1,1,1,0,423.0,423.0,423.0,1998-10-14,1998-10-14
4664101,Palmer Reed,TWDB,31.11,-103.1,GW,2,1,2,1,0,488.0,488.0,488.0,2007-07-03,2008-04-29
4664202,Randy Taylor,TWDB,31.11,-103.06,GW,3,2,2,2,0,683.0,1018.0,850.5,1995-04-21,2002-09-04
4664301,Yarbrough & Crow,TWDB,31.11,-103.04,GW,1,1,1,1,0,1114.0,1114.0,1114.0,1972-06-27,1972-06-27
4664302,Yarbrough & Crow,TWDB,31.11,-103.03,GW,1,1,1,1,0,1061.0,1061.0,1061.0,1973-05-03,1973-05-03
4664801,Dr. D.J. Sibley,TWDB,31.01,-103.06,GW,2,2,2,2,0,1599.0,1863.0,1731.0,1975-01-21,1985-06-05
4702301,U.S. National Park Service,TWDB,31.96,-104.77,GW,1,1,1,1,0,265.0,265.0,265.0,2007-05-15,2007-05-15
4702304,U.S. National Park Service,TWDB,31.96,-104.76,GW,1,1,0,1,0,304.0,304.0,304.0,1940-01-01,1940-01-01
4702801,U.S. National Park Service,TWDB,31.91,-104.8,GW,2,2,1,2,0,522.0,865.0,693.5,1973-06-15,1974-09-18
4702802,Frijole Spring,TWDB,31.9,-104.8,SP,3,3,3,3,0,278.0,294.0,287.0,1995-05-24,2007-05-15
4702804,Guadalupe Mountains National Park Glover #13,TWDB,31.89,-104.82,GW,1,1,1,1,0,453.0,453.0,453.0,2007-05-15,2007-05-15
4703402,W. E. Pratt?,TWDB,31.94,-104.71,GW,2,2,0,2,0,628.0,2162.0,1395.0,1956-08-25,1956-09-01
4704101,Butch Lunsford,TWDB,31.98,-104.58,GW,1,1,1,1,0,267.0,267.0,267.0,1995-09-13,1995-09-13
4704304,H. L. Morrison and H.T. Farrell Estate,TWDB,31.99,-104.53,GW,1,1,1,1,0,251.0,251.0,251.0,1967-08-22,1967-08-22
4704501,H. L. Morrison,TWDB,31.95,-104.57,GW,1,1,1,1,0,374.0,374.0,374.0,1967-08-20,1967-08-20
4704604,Jax M. Cowden,TWDB,31.91,-104.51,GW,1,1,0,1,0,2489.0,2489.0,2489.0,1995-05-25,1995-05-25
4705402,H. L. Morrison,TWDB,31.92,-104.49,GW,2,2,2,2,0,2716.0,2874.0,2795.0,1967-08-19,1979-06-04
4705403,Butch Lunsford,TWDB,31.94,-104.46,GW,1,1,0,1,0,2832.0,2832.0,2832.0,1995-09-13,1995-09-13
4705601,Delaware Ranch,TWDB,31.93,-104.41,GW,2,2,2,2,0,2374.0,2617.0,2495.5,1979-06-04,1985-07-03
4705901,E. E. Pokorny,TWDB,31.91,-104.38,GW,1,1,1,1,0,2536.0,2536.0,2536.0,1968-07-24,1968-07-24
4712101,State-Barrett No. 1,TWDB,31.84,-104.62,GW,4,0,0,4,0,,,,1960-04-05,1960-04-05
4713102,Jax M. Cowden,TWDB,31.86,-104.47,GW,1,1,1,1,0,597.0,597.0,597.0,1960-05-18,1960-05-18
4723401,Pennzoil Sulphur Company,TWDB,31.66,-104.24,GW,1,1,1,1,0,2253.0,2253.0,2253.0,1988-08-09,1988-08-09
4723501,Pennzoil Sulphur Company,TWDB,31.67,-104.2,GW,1,1,1,1,0,2613.0,2613.0,2613.0,1988-09-13,1988-09-13
4723502,Pennzoil Sulphur Company,TWDB,31.66,-104.18,GW,1,1,1,1,0,3765.0,3765.0,3765.0,1988-09-13,1988-09-13
4723601,Pennzoil Sulphur Company,TWDB,31.69,-104.16,GW,2,2,2,2,0,1988.0,1995.0,1991.5,1988-08-10,1999-10-20
4723602,Freeport Sulphur Company,TWDB,31.66,-104.13,GW,3,3,2,3,0,3509.0,3738.0,3633.3,1988-09-07,1999-10-20
4723603,Pennzoil Sulphur Company,TWDB,31.68,-104.13,GW,1,1,1,1,0,6533.0,6533.0,6533.0,1988-08-25,1988-08-25
4723701,Rustler Spring,TWDB,31.64,-104.22,SP,1,1,0,1,0,2602.0,2602.0,2602.0,1995-09-15,1995-09-15
4723801,Pennzoil Sulphur Company,TWDB,31.63,-104.18,GW,1,1,1,1,0,1476.0,1476.0,1476.0,1988-07-19,1988-07-19
4724501,Pennzoil Sulphur Company,TWDB,31.69,-104.08,GW,1,1,1,1,0,8876.0,8876.0,8876.0,1988-09-15,1988-09-15
4724701,Pennzoil Sulphur Company,TWDB,31.66,-104.11,GW,1,1,1,1,0,3163.0,3163.0,3163.0,1988-09-14,1988-09-14
4732901,Shelby Brooks,TWDB,31.52,-104.03,GW,2,2,2,2,0,2833.0,3429.0,3131.0,1939-10-05,1948-11-17
4737801,E. L. Jones Estate,TWDB,31.37,-104.43,GW,3,2,2,3,0,2465.0,3046.0,2755.5,1970-10-08,1995-05-24
4745102,E. L. Jones Estate,TWDB,31.34,-104.47,GW,2,2,2,2,0,2295.0,3057.0,2676.0,1970-10-08,1979-06-18
4745501,Jobe Ranch,TWDB,31.32,-104.43,GW,1,1,1,1,0,3460.0,3460.0,3460.0,1970-08-13,1970-08-13
4745504,Jobe Ranch,TWDB,31.32,-104.42,GW,2,2,2,2,0,2527.0,2556.0,2541.5,2004-06-09,2007-05-22
4745603,Jobe Ranch,TWDB,31.3,-104.37,GW,5,3,4,3,0,2417.0,2913.0,2619.7,1970-08-13,2007-05-22
4745804,Jobe Ranch,TWDB,31.27,-104.45,GW,1,0,0,1,0,,,,2000-02-03,2000-02-03
4746101,Elcor Chemical Corp.,TWDB,31.35,-104.33,GW,1,1,1,1,0,2478.0,2478.0,2478.0,1960-07-29,1960-07-29
4746601,Hughes-Kent Ranch,TWDB,31.31,-104.28,GW,2,2,2,2,0,1708.0,2036.0,1872.0,1970-10-07,1999-10-16
4746602,Hughes-Kent Ranch,TWDB,31.32,-104.25,GW,2,1,1,2,0,3305.0,3305.0,3305.0,1970-10-07,1995-05-22
4747401,Hughes-Kent Ranch,TWDB,31.31,-104.23,GW,1,1,1,1,0,2324.0,2324.0,2324.0,1999-10-16,1999-10-16
4520601,K-Bar Ranch,TWDB,31.7,-102.5,GW,2,2,2,2,0,833.0,848.0,840.5,2002-10-23,2007-03-27
4747403,Hughes-Kent Ranch Mateo well,TWDB,31.29,-104.24,GW,4,2,3,3,0,948.0,1058.0,1003.0,1970-10-07,2003-07-27
4747404,Hughes-Kent Ranch,TWDB,31.33,-104.25,GW,1,1,1,1,0,811.0,811.0,811.0,1970-10-07,1970-10-07
4747701,Hughes-Kent Ranch,TWDB,31.26,-104.22,GW,2,2,2,1,0,653.0,653.0,653.0,1970-10-06,2003-07-27
4747704,Hughes-Kent Ranch,TWDB,31.26,-104.22,GW,3,3,3,3,0,649.0,1109.0,814.7,1999-10-16,2009-03-17
4747801,Hughes-Kent Ranch,TWDB,31.28,-104.2,GW,1,1,1,1,0,507.0,507.0,507.0,1970-10-07,1970-10-07
4747901,Palafox Exploration,TWDB,31.26,-104.12,GW,3,2,2,3,0,2012.0,2093.0,2052.5,1970-08-05,2000-02-02
4747902,Hughes-Kent Ranch,TWDB,31.25,-104.16,GW,1,1,1,1,0,1179.0,1179.0,1179.0,1970-10-06,1970-10-06
4748701,T-Diamond Ranch,TWDB,31.28,-104.09,GW,4,4,4,4,0,1843.0,2433.0,2019.5,1970-08-06,2002-05-15
4748801,Palafox Exploration,TWDB,31.26,-104.05,GW,3,3,3,3,0,3013.0,3159.0,3074.0,1970-08-05,1979-06-28
4748901,Palafox Exploration,TWDB,31.25,-104.01,GW,1,1,1,1,0,2266.0,2266.0,2266.0,1970-08-07,1970-08-07
4754201,Jobe Ranch,TWDB,31.22,-104.29,GW,3,3,3,3,0,2089.0,2200.0,2160.3,1970-08-14,1985-06-27
4754202,Jobe Ranch,TWDB,31.22,-104.3,GW,1,1,1,1,0,2290.0,2290.0,2290.0,1970-08-13,1970-08-13
4754203,Jobe Ranch,TWDB,31.22,-104.3,GW,1,1,1,1,0,2355.0,2355.0,2355.0,1970-08-13,1970-08-13
4754204,Jobe Ranch,TWDB,31.22,-104.32,GW,1,1,1,1,0,3294.0,3294.0,3294.0,1970-08-13,1970-08-13
4754206,Foster Ranch HQ,TWDB,31.22,-104.3,GW,3,2,2,3,0,2368.0,2409.0,2388.5,1993-04-23,2000-02-03
4754208,Jobe Ranch,TWDB,31.24,-104.32,GW,4,4,4,4,0,473.0,2036.0,1597.8,1970-08-13,1993-04-22
4754302,Hughes-Kent Ranch,TWDB,31.22,-104.27,GW,4,3,3,3,0,1639.0,1883.0,1756.0,1970-10-06,2003-07-27
4754603,Jobe Ranch,TWDB,31.17,-104.26,GW,1,1,1,1,0,1124.0,1124.0,1124.0,1970-10-08,1970-10-08
4755102,Jobe Ranch,TWDB,31.21,-104.23,GW,5,4,4,4,0,1774.0,1834.0,1814.0,2002-07-30,2010-10-12
4755103,Jobe Ranch,TWDB,31.21,-104.23,GW,1,1,1,1,0,741.0,741.0,741.0,1970-09-17,1970-09-17
4755104,Hughes-Kent Ranch,TWDB,31.22,-104.23,GW,1,1,1,1,0,2274.0,2274.0,2274.0,1970-10-06,1970-10-06
4755105,Hughes-Kent Ranch,TWDB,31.22,-104.23,GW,3,2,2,2,0,2275.0,2297.0,2286.0,1998-09-14,2003-07-27
4755203,Hughes-Kent Ranch,TWDB,31.23,-104.2,GW,1,1,1,1,0,1764.0,1764.0,1764.0,1970-10-06,1970-10-06
4755303,G. S. Rachal Estate,TWDB,31.21,-104.12,GW,1,0,0,1,0,,,,2000-02-02,2000-02-02
4755401,Yearwood Ranch,TWDB,31.2,-104.21,GW,2,2,2,2,0,1041.0,1782.0,1411.5,1970-08-12,2003-03-04
4755405,Yearwood Ranch,TWDB,31.17,-104.24,GW,2,2,2,2,0,625.0,1014.0,819.5,1970-08-12,1985-07-04
4755601,Yearwood Ranch,TWDB,31.16,-104.14,GW,1,1,1,1,0,300.0,300.0,300.0,1970-08-12,1970-08-12
4755604,Yearwood Ranch,TWDB,31.19,-104.13,GW,1,1,1,1,0,735.0,735.0,735.0,1970-10-06,1970-10-06
4755701,Yearwood Ranch,TWDB,31.15,-104.21,GW,3,3,3,3,0,799.0,811.0,806.7,1970-08-11,1985-07-04
4755801,Yearwood Ranch,TWDB,31.15,-104.19,GW,1,1,1,1,0,539.0,539.0,539.0,1970-08-12,1970-08-12
4755802,Yearwood Ranch,TWDB,31.13,-104.17,GW,7,6,7,6,0,1838.0,2819.0,2408.8,1970-08-12,2003-07-26
4755901,Yearwood Ranch,TWDB,31.13,-104.14,GW,1,1,1,1,0,2409.0,2409.0,2409.0,1970-08-12,1970-08-12
4756103,Palafox Exploration,TWDB,31.24,-104.1,GW,1,1,1,1,0,2513.0,2513.0,2513.0,1970-08-06,1970-08-06
4756104,Palafox Exploration,TWDB,31.24,-104.1,GW,2,2,2,2,0,2518.0,2607.0,2562.5,1970-08-05,1979-06-21
4756105,Palafox Exploration,TWDB,31.24,-104.1,GW,1,1,1,1,0,2693.0,2693.0,2693.0,1970-08-06,1970-08-06
4756201,Palafox Exploration,TWDB,31.21,-104.07,GW,2,1,1,2,0,2545.0,2545.0,2545.0,1970-03-17,2000-02-02
4756202,Palafox Exploration,TWDB,31.23,-104.05,GW,1,1,1,1,0,2870.0,2870.0,2870.0,1970-08-07,1970-08-07
4756301,Palafox Exploration,TWDB,31.22,-104.03,GW,2,1,1,2,0,3454.0,3454.0,3454.0,1970-08-07,2000-02-02
4756501,Palafox Exploration,TWDB,31.17,-104.07,GW,1,1,1,1,0,1752.0,1752.0,1752.0,1970-03-17,1970-03-17
4756503,TXL Land Company,TWDB,31.18,-104.06,GW,1,1,1,1,0,1335.0,1335.0,1335.0,1970-10-22,1970-10-22
4756603,Palafox Exploration,TWDB,31.19,-104.04,GW,2,2,2,2,0,2554.0,2637.0,2595.5,1970-03-17,1970-08-06
4756701,Yearwood Ranch,TWDB,31.12,-104.11,GW,4,4,4,4,0,310.0,422.0,386.0,1970-11-23,1993-04-19
4756801,Springhills Ranch,TWDB,31.15,-104.07,GW,1,1,1,1,0,2242.0,2242.0,2242.0,1970-03-13,1970-03-13
4756901,Banky Stocks,TWDB,31.15,-104.0,GW,1,1,1,1,0,3328.0,3328.0,3328.0,1961-12-06,1961-12-06
4756902,Banky Stocks,TWDB,31.16,-104.02,GW,1,1,1,1,0,546.0,546.0,546.0,1969-08-07,1969-08-07
4756904,Duval Corp.,TWDB,31.14,-104.01,GW,1,1,1,1,0,2519.0,2519.0,2519.0,1988-03-04,1988-03-04
4756905,Duval Corp.,TWDB,31.16,-104.02,GW,1,1,1,1,0,1775.0,1775.0,1775.0,1988-08-02,1988-08-02
4756906,Springhills Ranch,TWDB,31.13,-104.04,GW,1,1,1,1,0,1897.0,1897.0,1897.0,1970-03-13,1970-03-13
4762901,Arturo Balleres,TWDB,31.01,-104.27,GW,1,1,1,1,0,165.0,165.0,165.0,1970-10-28,1970-10-28
4762902,Reynolds Cattle Company,TWDB,31.02,-104.26,GW,2,2,2,2,0,325.0,405.0,365.0,1970-11-23,1998-09-14
4763903,Reynolds Cattle Company,TWDB,31.01,-104.15,GW,1,1,1,1,0,109.0,109.0,109.0,1971-03-19,1971-03-19
4764101,Springhills Ranch,TWDB,31.11,-104.1,GW,2,2,2,2,0,785.0,1450.0,1117.5,1969-08-07,2004-06-11
4764102,Springhills Ranch,TWDB,31.09,-104.11,GW,1,1,1,1,0,542.0,542.0,542.0,1970-03-13,1970-03-13
4764103,San Martine Spring,TWDB,31.1,-104.1,SP,1,1,1,1,0,189.0,189.0,189.0,1970-03-13,1970-03-13
4521901,K-Bar Ranch,TWDB,31.66,-102.41,GW,4,3,3,3,0,574.0,591.0,583.3,2002-10-23,2007-03-28
4764201,Nelson Lethco,TWDB,31.09,-104.05,GW,1,1,1,1,0,1820.0,1820.0,1820.0,1970-03-17,1970-03-17
4764202,Springhills Ranch,TWDB,31.11,-104.06,GW,1,1,1,1,0,1953.0,1953.0,1953.0,1970-03-13,1970-03-13
4764301,Springhills Ranch,TWDB,31.12,-104.01,GW,1,1,1,1,0,696.0,696.0,696.0,1970-03-13,1970-03-13
4764401,Springhills Ranch,TWDB,31.07,-104.09,GW,6,5,5,5,0,1342.0,1550.0,1398.6,1970-03-13,2007-06-13
4764701,Walnut Springs,TWDB,31.01,-104.1,SP,1,1,1,1,0,191.0,191.0,191.0,1970-10-21,1970-10-21
4764702,Indian Springs #1,TWDB,31.02,-104.1,SP,1,1,1,1,0,145.0,145.0,145.0,1970-10-21,1970-10-21
4764703,Indian Springs #2,TWDB,31.02,-104.1,SP,1,1,1,1,0,145.0,145.0,145.0,1970-10-21,1970-10-21
4764705,Bill Cowden,TWDB,31.02,-104.1,GW,1,1,1,1,0,300.0,300.0,300.0,1970-10-21,1970-10-21
4764706,Hidden Springs,TWDB,31.02,-104.09,SP,1,1,1,1,0,163.0,163.0,163.0,1970-10-21,1970-10-21
5106201,Reynolds Cattle Company,TWDB,30.99,-104.29,GW,1,1,1,1,0,252.0,252.0,252.0,1970-10-28,1970-10-28
5106204,Reynolds Cattle Company,TWDB,30.99,-104.31,GW,1,1,1,1,0,217.0,217.0,217.0,1970-10-28,1970-10-28
5106301,Arturo Balleres,TWDB,30.98,-104.25,GW,1,1,1,1,0,200.0,200.0,200.0,1970-10-28,1970-10-28
5107101,Arturo Balleres,TWDB,30.96,-104.2,GW,1,1,1,1,0,1750.0,1750.0,1750.0,1970-10-26,1970-10-26
5107105,Arturo Balleres,TWDB,30.98,-104.23,GW,1,1,1,1,0,254.0,254.0,254.0,1970-10-28,1970-10-28
5107106,Ash Spring,TWDB,30.97,-104.21,SP,1,1,1,1,0,208.0,208.0,208.0,1970-10-28,1970-10-28
5107201,Arturo Balleres,TWDB,30.95,-104.17,GW,1,1,1,1,0,303.0,303.0,303.0,1970-10-28,1970-10-28
5107501,Arturo Balleres,TWDB,30.93,-104.2,GW,1,1,1,1,0,217.0,217.0,217.0,1970-10-26,1970-10-26
5107502,Arturo Balleres?,TWDB,30.92,-104.19,SP,1,1,1,1,0,105.0,105.0,105.0,1970-10-26,1970-10-26
5107503,Arturo Balleres,TWDB,30.92,-104.17,GW,1,1,1,1,0,177.0,177.0,177.0,1970-10-26,1970-10-26
5107504,Arturo Balleres,TWDB,30.95,-104.19,GW,1,1,1,1,0,220.0,220.0,220.0,1970-10-28,1970-10-28
5107601,Reynolds Cattle Company,TWDB,30.93,-104.15,GW,2,2,2,2,0,186.0,206.0,196.0,1971-03-18,1985-06-25
5107701,Arturo Balleres,TWDB,30.91,-104.21,GW,1,1,1,1,0,225.0,225.0,225.0,1970-10-26,1970-10-26
5107702,Arturo Balleres,TWDB,30.89,-104.23,GW,1,1,1,1,0,285.0,285.0,285.0,1970-10-26,1970-10-26
5107802,Patterson Spring,TWDB,30.89,-104.19,SP,1,1,1,1,0,132.0,132.0,132.0,1970-10-26,1970-10-26
5107803,Arturo Balleres,TWDB,30.87,-104.17,GW,1,1,1,1,0,264.0,264.0,264.0,1970-10-26,1970-10-26
5107902,Reynolds Cattle Company,TWDB,30.9,-104.14,GW,1,1,1,1,0,268.0,268.0,268.0,1971-03-19,1971-03-19
5108103,Reynolds Cattle Company,TWDB,30.97,-104.11,GW,1,1,1,1,0,603.0,603.0,603.0,1971-03-18,1971-03-18
5108104,Reynolds Cattle Company,TWDB,30.98,-104.12,GW,1,1,1,1,0,199.0,199.0,199.0,1971-03-18,1971-03-18
5108105,Long X Cattle Company,TWDB,30.99,-104.1,GW,1,1,1,1,0,167.0,167.0,167.0,1971-03-18,1971-03-18
5108106,Oak Spring,TWDB,30.99,-104.09,SP,2,1,1,2,0,134.0,134.0,134.0,1987-04-27,2000-02-01
5114301,Arturo Balleres,TWDB,30.87,-104.26,GW,1,1,1,1,0,230.0,230.0,230.0,1970-10-26,1970-10-26
5115101,Arturo Balleres,TWDB,30.84,-104.24,GW,1,1,1,1,0,204.0,204.0,204.0,1970-10-26,1970-10-26
5115201,Arturo Balleres,TWDB,30.85,-104.2,GW,1,1,1,1,0,289.0,289.0,289.0,1970-10-26,1970-10-26
5115301,Reynolds Cattle Company,TWDB,30.87,-104.15,GW,2,2,2,2,0,218.0,250.0,234.0,1971-03-19,1985-06-25
5115302,Reynolds Cattle Company,TWDB,30.86,-104.15,GW,1,1,1,1,0,180.0,180.0,180.0,1971-03-19,1971-03-19
5123103,Reynolds Cattle Company,TWDB,30.71,-104.21,GW,1,1,1,1,0,273.0,273.0,273.0,1985-06-25,1985-06-25
5123201,Reynolds Cattle Company,TWDB,30.71,-104.18,GW,1,1,1,1,0,184.0,184.0,184.0,1971-03-22,1971-03-22
5123301,Reynolds Cattle Company,TWDB,30.73,-104.16,GW,1,1,1,1,0,270.0,270.0,270.0,1971-03-22,1971-03-22
5123401,Reynolds Cattle Company,TWDB,30.7,-104.22,GW,1,1,1,1,0,346.0,346.0,346.0,1971-03-23,1971-03-23
5123901,Freeman,TWDB,30.63,-104.12,GW,1,1,0,1,0,224.0,224.0,224.0,2008-11-06,2008-11-06
5123902,No Name Canyon,TWDB,30.63,-104.14,SP,1,1,0,1,0,142.0,142.0,142.0,2008-11-06,2008-11-06
5123903,Limpia Spring,TWDB,30.63,-104.14,SP,1,1,0,1,0,239.0,239.0,239.0,2008-11-06,2008-11-06
5124402,---Jagger,TWDB,30.69,-104.09,GW,1,1,0,1,0,268.0,268.0,268.0,2008-11-04,2008-11-04
5124601,University of Texas,TWDB,30.67,-104.01,GW,1,1,1,1,0,290.0,290.0,290.0,1969-12-03,1969-12-03
5124701,Limpia Creek Lower,TWDB,30.62,-104.12,SP,1,1,0,1,0,97.0,97.0,97.0,2008-11-06,2008-11-06
5124901,University of Texas,TWDB,30.63,-104.02,GW,3,3,3,3,0,131.0,198.0,173.3,1974-01-24,1987-03-11
2750805,3 Bar Underground,TWDB,32.15,-102.82,GW,1,1,1,1,0,1440.0,1440.0,1440.0,1986-06-05,1986-06-05
5124902,University of Texas,TWDB,30.63,-104.02,GW,6,5,4,5,0,167.0,207.0,193.0,1974-01-07,2001-09-11
4522102,RJ Frasier South Kelly Mill,TWDB,31.7,-102.36,GW,2,1,1,1,0,460.0,460.0,460.0,2003-03-20,2003-03-20
5132101,Davis Mountain Resort ,TWDB,30.6,-104.1,GW,1,1,1,1,0,373.0,373.0,373.0,1990-05-29,1990-05-29
5132301,Rocky Beavers,TWDB,30.62,-104.0,GW,1,0,1,0,0,,,,2001-06-22,2001-06-22
5132601,Blue Mountain Vineyard,TWDB,30.54,-104.0,GW,1,1,1,1,0,336.0,336.0,336.0,1990-05-30,1990-05-30
5132901,J. Charles Kelley?,TWDB,30.53,-104.02,GW,1,1,1,1,0,281.0,281.0,281.0,1985-06-26,1985-06-26
5132907,James Dyer,TWDB,30.53,-104.01,GW,1,1,0,1,0,253.0,253.0,253.0,2008-11-07,2008-11-07
5201201,Buck Hamilton,TWDB,30.95,-103.91,GW,1,1,1,1,0,242.0,242.0,242.0,1969-06-27,1969-06-27
5201301,Madera Valley Water Supply Company,TWDB,30.98,-103.89,GW,3,3,3,3,0,732.0,1075.0,940.3,1993-04-15,2007-06-18
5201302,Madera Valley Water Supply Company,TWDB,30.98,-103.89,GW,4,3,3,3,0,893.0,1052.0,987.7,1988-08-23,2003-03-19
5201401,SI Bar KC Ranch,TWDB,30.94,-103.95,GW,1,1,1,1,0,159.0,159.0,159.0,1973-05-04,1973-05-04
5201404,Timber Mountain Ranch ,TWDB,30.92,-103.98,GW,2,1,1,1,0,356.0,356.0,356.0,2003-07-24,2003-07-24
5201503,Timber Mountain Ranch Wildcat well,TWDB,30.92,-103.94,GW,2,1,1,1,0,332.0,332.0,332.0,2003-07-24,2003-07-24
5201801,Timber Mountain Ranch ,TWDB,30.87,-103.93,GW,2,2,2,2,0,289.0,322.0,305.5,1969-05-15,1993-04-21
5201902,Timber Mountain Ranch ,TWDB,30.87,-103.91,GW,6,5,5,5,0,208.0,313.0,262.2,1969-05-15,2003-07-24
4522503,Thomas Taylor,TWDB,31.68,-102.3,GW,2,2,2,2,0,1312.0,1402.0,1357.0,2007-04-17,2010-10-14
5201903,Timber Mountain Ranch ,TWDB,30.88,-103.87,GW,3,3,3,3,0,435.0,492.0,471.0,1969-10-23,1998-09-12
5202102,W. D. Johnson Estate,TWDB,30.99,-103.83,GW,1,1,1,1,0,361.0,361.0,361.0,1969-07-30,1969-07-30
5202304,H. Knapp,TWDB,30.97,-103.75,GW,1,1,0,1,0,3621.0,3621.0,3621.0,1931-11-15,1931-11-15
5202307,Robert M. Gordon,TWDB,30.96,-103.75,GW,1,1,1,1,0,3003.0,3003.0,3003.0,1940-08-26,1940-08-26
5202310,F. Stroade,TWDB,30.96,-103.76,GW,1,1,1,1,0,1979.0,1979.0,1979.0,1940-11-02,1940-11-02
5202401,Buck Hamilton,TWDB,30.93,-103.85,GW,1,1,1,1,0,2681.0,2681.0,2681.0,1970-03-11,1970-03-11
5202402,S. S. Skidmore,TWDB,30.93,-103.83,GW,1,1,1,1,0,2250.0,2250.0,2250.0,1970-03-11,1970-03-11
5202404,Madera Valley Water Supply Company,TWDB,30.91,-103.84,GW,3,3,3,3,0,159.0,268.0,207.7,1968-02-10,2001-06-12
2757401,Allen Cowden,TWDB,32.04,-102.99,GW,1,1,1,1,0,2113.0,2113.0,2113.0,1956-11-01,1956-11-01
4522604,Johnny & Barb Cochran ,TWDB,31.69,-102.27,GW,3,3,3,3,0,604.0,739.0,659.3,2003-03-27,2010-04-28
5202405,Phantom Lake Spring,TWDB,30.93,-103.84,SP,10,7,10,7,0,966.0,2239.0,1831.6,1969-06-06,2005-03-14
4522702,George Clark,TWDB,31.63,-102.35,GW,1,1,1,1,0,470.0,470.0,470.0,1978-08-10,1978-08-10
5202406,Buck Hamilton,TWDB,30.91,-103.87,GW,1,1,1,1,0,242.0,242.0,242.0,1969-06-27,1969-06-27
5202502,M. McAlpine,TWDB,30.93,-103.79,GW,1,1,1,1,0,2007.0,2007.0,2007.0,1969-05-30,1969-05-30
5202504,Prude Ranch,TWDB,30.94,-103.83,GW,1,1,1,1,0,2123.0,2123.0,2123.0,1970-11-12,1970-11-12
5202505,N. Lethco,TWDB,30.94,-103.8,GW,1,1,1,1,0,3407.0,3407.0,3407.0,1969-10-10,1969-10-10
5202507,Joe Kingston,TWDB,30.92,-103.79,GW,1,1,1,1,0,1035.0,1035.0,1035.0,1970-03-16,1970-03-16
5202601,Don Weinacht,TWDB,30.92,-103.76,GW,2,1,2,2,0,1617.0,1617.0,1617.0,1959-09-21,1969-05-13
5202608,Balmorhea Ranches,TWDB,30.93,-103.75,GW,1,1,1,1,0,1142.0,1142.0,1142.0,1970-03-11,1970-03-11
5202610,Giffin Spring,TWDB,30.94,-103.79,SP,7,7,5,7,0,990.0,2221.0,1839.7,1930-12-06,2004-08-04
4523403,"June T. Sanders, et al",TWDB,31.66,-102.24,GW,2,2,2,2,0,888.0,1450.0,1169.0,1967-01-30,1987-11-17
5202611,San Solomon Springs,TWDB,30.94,-103.78,SP,16,15,13,15,0,827.0,2247.0,1946.3,1930-10-28,2004-08-04
2757501,Mary Bauer,TWDB,32.07,-102.92,GW,1,1,1,1,0,846.0,846.0,846.0,1957-01-29,1957-01-29
5202612,J. C. Baeza,TWDB,30.95,-103.76,GW,1,1,1,1,0,1893.0,1893.0,1893.0,1969-07-01,1969-07-01
5202701,Timber Mountain Ranch ,TWDB,30.91,-103.86,GW,1,1,0,1,0,166.0,166.0,166.0,1968-08-02,1968-08-02
5202702,Timber Mountain Ranch ,TWDB,30.9,-103.87,GW,3,3,3,3,0,198.0,278.0,225.7,1993-04-22,2003-07-23
5202704,Hank Avery,TWDB,30.9,-103.83,GW,1,1,1,1,0,306.0,306.0,306.0,1990-06-01,1990-06-01
5203101,Reeves County WID #1,TWDB,30.97,-103.71,GW,3,2,2,2,0,1050.0,1914.0,1482.0,1969-06-12,2003-07-28
5203102,Reeves County Water,TWDB,30.96,-103.71,GW,1,1,1,1,0,2042.0,2042.0,2042.0,1969-06-12,1969-06-12
5203105,Balmorhea Ranch #1,TWDB,30.96,-103.74,GW,1,0,1,1,0,,,,1968-07-05,1968-07-05
5203114,T. Gomez,TWDB,30.99,-103.72,GW,1,1,1,1,0,4926.0,4926.0,4926.0,1969-08-19,1969-08-19
5203115,East Sandia Spring,TWDB,30.99,-103.72,SP,3,3,3,3,0,2234.0,3298.0,2845.3,1971-04-28,2004-08-04
5203117,Ruben Carrasco,TWDB,31.0,-103.73,GW,4,3,3,3,0,2765.0,3386.0,3037.7,1995-04-24,2003-07-28
5203119,Jack Ivy,TWDB,30.99,-103.73,GW,4,3,3,3,0,2842.0,3118.0,2988.0,2004-09-28,2011-08-03
5203120,Norman Roman,TWDB,30.98,-103.74,GW,2,2,2,2,0,2966.0,3195.0,3080.5,2004-09-29,2007-06-19
5203122,Ruby Renz,TWDB,30.97,-103.73,GW,1,1,1,1,0,2346.0,2346.0,2346.0,2007-07-11,2007-07-11
5203204,Rudolf Hoefs,TWDB,30.99,-103.67,GW,1,1,1,1,0,2526.0,2526.0,2526.0,1969-05-14,1969-05-14
5203301,"Balmorhea Ranches, Inc",TWDB,30.99,-103.64,GW,2,2,2,2,0,1756.0,2326.0,2041.0,1949-09-12,1961-08-02
5203302,Don Weinacht,TWDB,30.95,-103.63,GW,5,5,4,5,0,990.0,1332.0,1160.0,1995-04-25,2011-08-03
5203305,H. H. Toone,TWDB,30.98,-103.66,GW,1,1,1,1,0,2296.0,2296.0,2296.0,1969-05-20,1969-05-20
5203310,Balmorhea Ranches,TWDB,30.99,-103.64,GW,1,1,1,1,0,1079.0,1079.0,1079.0,1949-09-12,1949-09-12
5203320,Balmorhea Ranches,TWDB,30.99,-103.64,GW,2,2,2,2,0,2277.0,2494.0,2385.5,1969-05-22,1995-04-25
5203323,Ralston Farms,TWDB,30.98,-103.62,GW,3,3,3,3,0,1267.0,1428.0,1330.3,1969-05-22,1988-11-08
5204105,Seventh Day Adventist ,TWDB,30.98,-103.6,GW,1,1,1,1,0,1058.0,1058.0,1058.0,1970-07-15,1970-07-15
5204106,Hazel Wendt,TWDB,30.99,-103.6,GW,3,3,3,3,0,1014.0,1076.0,1039.7,1995-05-17,2007-06-11
5204203,Bill McGee,TWDB,30.97,-103.55,GW,2,2,2,2,0,1261.0,1302.0,1281.5,1959-08-14,1970-07-14
4525204,Sealy-Smith Foundation,TWDB,31.62,-102.94,GW,2,2,2,2,0,608.0,635.0,621.5,1985-06-24,1995-05-16
5204204,L. Weinacht,TWDB,30.97,-103.58,GW,1,1,1,1,0,1037.0,1037.0,1037.0,1970-07-14,1970-07-14
5204205,Mrs. Oscar Graef,TWDB,30.97,-103.54,GW,1,1,1,1,0,1088.0,1088.0,1088.0,1970-07-14,1970-07-14
5204212,John A. Moore,TWDB,30.95,-103.55,GW,1,1,1,1,0,828.0,828.0,828.0,1970-07-14,1970-07-14
5204303,Rudolf Hoefs,TWDB,30.98,-103.51,GW,1,1,1,1,0,625.0,625.0,625.0,1970-07-29,1970-07-29
5204401,R. L. Baker,TWDB,30.95,-103.6,GW,1,1,1,1,0,1036.0,1036.0,1036.0,1970-07-14,1970-07-14
5204405,Agricultural Livestock,TWDB,30.95,-103.61,GW,1,1,1,1,0,1038.0,1038.0,1038.0,1970-07-14,1970-07-14
5204501,Agricultural Livestock,TWDB,30.94,-103.54,GW,1,1,1,1,0,500.0,500.0,500.0,1970-07-15,1970-07-15
5204502,G. E. Tenney,TWDB,30.93,-103.57,GW,1,1,1,1,0,945.0,945.0,945.0,1970-07-15,1970-07-15
5204902,McCoy Land and Cattle ,TWDB,30.88,-103.53,GW,4,4,3,4,0,878.0,1079.0,975.5,1970-07-16,1993-07-22
5204903,McCoy Land and Cattle ,TWDB,30.89,-103.5,GW,3,3,2,3,0,345.0,967.0,566.7,1959-04-08,1995-04-19
5205401,Mrs. Oscar Graef,TWDB,30.95,-103.49,GW,2,2,2,2,0,460.0,496.0,478.0,1970-07-29,1975-06-17
5205402,Mrs. Oscar Graef,TWDB,30.92,-103.47,GW,3,3,3,3,0,733.0,772.0,755.7,1970-07-29,1979-06-27
5205403,Graef Ranch,TWDB,30.92,-103.47,GW,6,5,4,5,0,492.0,791.0,674.4,1959-05-27,2003-07-28
5205502,Mrs. Oscar Graef,TWDB,30.93,-103.44,GW,1,1,1,1,0,763.0,763.0,763.0,1970-07-29,1970-07-29
5205701,Mrs. Oscar Graef,TWDB,30.91,-103.49,GW,3,3,3,3,0,355.0,435.0,391.7,1970-07-29,1979-06-27
5206302,Tim Waters,TWDB,30.97,-103.26,GW,1,1,1,1,0,418.0,418.0,418.0,1998-09-15,1998-09-15
5206303,Hollys Alexander,TWDB,30.97,-103.27,GW,1,1,1,1,0,411.0,411.0,411.0,1993-04-19,1993-04-19
5206504,Texas Department of Transportation,TWDB,30.93,-103.3,GW,4,3,3,3,0,468.0,656.0,574.0,1999-03-15,2007-08-23
5206601,Pecos County Water Control and Improvement District #1,TWDB,30.93,-103.26,GW,1,1,1,1,0,434.0,434.0,434.0,2007-07-02,2007-07-02
5206605,Pecos County Water Control and Improvement District #1,TWDB,30.93,-103.26,GW,4,3,3,3,0,424.0,442.0,435.7,1993-04-19,2007-07-02
5206606,Pecos County Water Control and Improvement District #1,TWDB,30.93,-103.25,GW,3,2,2,2,0,421.0,438.0,429.5,2004-09-08,2007-07-02
5206607,Pecos County Water Control and Improvement District #1,TWDB,30.93,-103.25,GW,3,2,2,2,0,438.0,445.0,441.5,2004-09-08,2007-07-02
5207201,Pecos County Water Control and Improvement District #1,TWDB,30.96,-103.18,GW,1,1,1,1,0,656.0,656.0,656.0,2001-12-20,2001-12-20
5207303,A.B. Foster,TWDB,30.98,-103.16,GW,1,1,1,1,0,528.0,528.0,528.0,1998-10-14,1998-10-14
5207304,City of Fort Stockton ,TWDB,30.98,-103.16,GW,2,1,1,1,0,591.0,591.0,591.0,1993-04-20,2001-07-27
2757602,Mary Bauer,TWDB,32.06,-102.89,GW,1,1,1,1,0,832.0,832.0,832.0,1957-01-29,1957-01-29
5207501,Pecos County Water Control and Improvement District #1,TWDB,30.93,-103.18,GW,5,2,2,2,0,442.0,504.0,473.0,2003-04-02,2007-07-02
4525308,Monahans Country Club ,TWDB,31.61,-102.9,GW,1,1,0,1,0,263.0,263.0,263.0,1944-02-28,1944-02-28
5207502,Pecos County Water Control and Improvement District #1,TWDB,30.93,-103.18,GW,5,2,2,2,0,806.0,825.0,815.5,2003-04-02,2007-07-02
5207601,"A.J. Sitton, Jr",TWDB,30.91,-103.13,GW,1,1,1,1,0,1225.0,1225.0,1225.0,1985-06-05,1985-06-05
5208301,D.J. Sibley,TWDB,30.96,-103.0,GW,3,3,3,3,0,1126.0,1146.0,1136.0,1973-05-03,1985-06-06
5208302,Lee Wilson,TWDB,30.96,-103.02,GW,1,1,1,1,0,1121.0,1121.0,1121.0,2010-05-10,2010-05-10
5208405,Firestone Tire Testing,TWDB,30.92,-103.11,GW,3,2,2,2,0,647.0,650.0,648.5,1993-04-21,2003-05-21
5208406,Firestone Tire &,TWDB,30.91,-103.11,GW,1,1,1,1,0,830.0,830.0,830.0,1998-09-15,1998-09-15
5208702,Firestone Tire Testing,TWDB,30.91,-103.09,GW,2,1,1,1,0,1845.0,1845.0,1845.0,2003-05-21,2003-05-21
4525312,City of Monahans,TWDB,31.58,-102.9,GW,2,2,1,2,0,936.0,1786.0,1361.0,1964-09-16,1968-09-09
5208803,Edward Houseknecht,TWDB,30.89,-103.04,GW,1,1,0,1,0,2867.0,2867.0,2867.0,2010-05-10,2010-05-10
5208905,Leon Farms,TWDB,30.88,-103.02,GW,1,1,1,1,0,2023.0,2023.0,2023.0,1975-07-22,1975-07-22
5208908,Leon Farms,TWDB,30.89,-103.03,GW,3,3,3,3,0,2158.0,2327.0,2262.7,1969-04-23,1975-07-22
5208909,Fort Stockton Holdings,TWDB,30.89,-103.03,GW,1,1,1,1,0,2660.0,2660.0,2660.0,2010-05-11,2010-05-11
5208910,Leon Farms,TWDB,30.88,-103.03,GW,1,1,1,1,0,2057.0,2057.0,2057.0,1975-07-22,1975-07-22
5209301,Timber Mountain Ranch ,TWDB,30.87,-103.91,GW,6,5,5,5,0,280.0,292.0,286.8,1969-05-15,2003-07-23
5209303,Timber Mountain Ranch Augustine well,TWDB,30.85,-103.88,GW,4,4,4,4,0,355.0,414.0,387.5,1993-04-21,2003-07-23
5209501,Boy Scouts of America ,TWDB,30.81,-103.94,GW,2,2,2,2,0,174.0,179.0,176.5,1990-04-15,2001-06-12
5209502,Orchard Spring,TWDB,30.81,-103.93,SP,1,1,1,1,0,127.0,127.0,127.0,1990-06-01,1990-06-01
5210101,Timber Mountain Ranch ,TWDB,30.86,-103.85,SP,2,2,2,2,0,279.0,284.0,281.5,1969-05-15,1990-06-01
5210202,Catfish Spring,TWDB,30.85,-103.8,SP,1,1,1,1,0,220.0,220.0,220.0,1969-05-21,1969-05-21
4525313,City of Monahans,TWDB,31.58,-102.9,GW,3,3,2,3,0,1237.0,2561.0,1803.3,1964-09-15,1968-09-09
5210203,7 Springs,TWDB,30.83,-103.79,SP,1,1,1,1,0,266.0,266.0,266.0,1985-06-25,1985-06-25
5210301,India Land and Cattle Company,TWDB,30.83,-103.79,GW,2,2,2,2,0,329.0,368.0,348.5,1970-07-30,1985-06-25
5210601,India Land and Cattle Company,TWDB,30.82,-103.77,GW,3,3,3,3,0,262.0,295.0,281.3,1969-05-21,1985-06-25
5210603,India Land and Cattle Company,TWDB,30.82,-103.78,GW,1,1,1,1,0,358.0,358.0,358.0,1970-07-30,1970-07-30
5210701,McCoy Ranch,TWDB,30.75,-103.85,SP,4,4,4,4,0,205.0,246.0,230.5,1990-05-30,2004-06-08
5210702,City of Toyah,TWDB,30.78,-103.84,SP,1,1,1,1,0,219.0,219.0,219.0,2010-05-13,2010-05-13
5211101,Cold Spring,TWDB,30.86,-103.73,SP,1,1,1,1,0,145.0,145.0,145.0,1969-05-14,1969-05-14
5211501,Head Spring,TWDB,30.81,-103.68,SP,1,1,1,1,0,158.0,158.0,158.0,1970-07-30,1970-07-30
5211502,Robert McKnight,TWDB,30.79,-103.68,GW,1,1,1,1,0,268.0,268.0,268.0,1970-09-08,1970-09-08
5211601,Margaret Lea,TWDB,30.79,-103.66,GW,1,1,1,1,0,173.0,173.0,173.0,1970-09-01,1970-09-01
5211702,Tom Beard,TWDB,30.77,-103.74,GW,1,1,1,1,0,208.0,208.0,208.0,1970-09-01,1970-09-01
5211703,Robert McKnight,TWDB,30.77,-103.74,GW,1,1,1,1,0,214.0,214.0,214.0,1970-09-01,1970-09-01
5211704,Margaret Lea,TWDB,30.77,-103.74,GW,1,1,1,1,0,214.0,214.0,214.0,1970-09-01,1970-09-01
5211705,Robert McKnight,TWDB,30.77,-103.72,GW,1,1,1,1,0,168.0,168.0,168.0,1970-09-01,1970-09-01
5211706,Robert McKnight,TWDB,30.78,-103.71,GW,1,1,1,1,0,224.0,224.0,224.0,1970-09-03,1970-09-03
5211707,Big Spring,TWDB,30.75,-103.71,SP,1,1,1,1,0,160.0,160.0,160.0,1970-09-01,1970-09-01
5211708,Robert Mcknight,TWDB,30.77,-103.74,GW,2,2,2,2,0,214.0,241.0,227.5,1970-09-10,1990-05-29
5211802,Dutchover Spring,TWDB,30.78,-103.68,SP,1,1,1,1,0,214.0,214.0,214.0,1970-09-01,1970-09-01
5211804,Robert McKnight,TWDB,30.75,-103.67,GW,1,1,1,1,0,244.0,244.0,244.0,1970-09-08,1970-09-08
5211902,Robert McKnight,TWDB,30.77,-103.64,GW,1,1,1,1,0,255.0,255.0,255.0,1970-09-08,1970-09-08
5212301,Agricultural Livestock,TWDB,30.87,-103.54,GW,3,3,3,3,0,197.0,1061.0,707.3,1970-07-16,1979-06-27
5212303,McCoy Land and Cattle ,TWDB,30.86,-103.53,GW,2,2,1,2,0,733.0,747.0,740.0,1993-07-22,1998-10-14
5212702,Robert McKnight,TWDB,30.78,-103.62,GW,1,1,1,1,0,200.0,200.0,200.0,1970-09-08,1970-09-08
5213202,Mr. Bob Hayter,TWDB,30.86,-103.42,GW,2,1,1,1,0,369.0,369.0,369.0,2003-04-07,2003-04-07
4525314,City of Monahans,TWDB,31.58,-102.9,GW,1,1,1,1,0,423.0,423.0,423.0,1956-12-06,1956-12-06
5215201,M. R. Kenedy,TWDB,30.85,-103.18,GW,2,2,2,2,0,442.0,443.0,442.5,1993-04-16,1998-10-14
5215502,M.R. Kennedy,TWDB,30.8,-103.17,GW,2,2,2,2,0,2721.0,2799.0,2760.0,1995-04-25,1999-10-14
4525315,City of Monahans,TWDB,31.58,-102.9,GW,7,7,6,7,0,450.0,1572.0,875.6,1964-09-15,1979-07-26
5216302,Fort Stockton Holdings,TWDB,30.85,-103.02,GW,2,2,2,2,0,1729.0,1739.0,1734.0,2010-08-16,2010-08-16
5216307,Williams Farms,TWDB,30.85,-103.03,GW,1,1,1,1,0,1888.0,1888.0,1888.0,2010-08-16,2010-08-16
5216308,Williams Farms,TWDB,30.84,-103.03,GW,1,1,1,1,0,3267.0,3267.0,3267.0,2010-08-17,2010-08-17
5216309,Williams Farms,TWDB,30.86,-103.03,GW,1,1,1,1,0,2136.0,2136.0,2136.0,2010-08-17,2010-08-17
5216502,Clayton Williams,TWDB,30.82,-103.04,GW,2,2,2,2,0,1539.0,1603.0,1571.0,1995-04-24,1999-10-13
5216504,Belding Farms,TWDB,30.8,-103.04,GW,2,2,2,2,0,1259.0,1907.0,1583.0,1990-03-07,2008-04-25
2757701,B F Jenkins,TWDB,32.02,-102.98,GW,1,1,1,1,0,648.0,648.0,648.0,1957-01-13,1957-01-13
5216601,Belding Farms,TWDB,30.81,-103.02,GW,2,1,1,1,0,1867.0,1867.0,1867.0,2003-05-19,2003-05-19
5216603,Clayton Williams,TWDB,30.83,-103.02,GW,1,1,1,1,0,1411.0,1411.0,1411.0,2010-08-16,2010-08-16
5216605,Belding Farms,TWDB,30.8,-103.02,GW,2,2,2,2,0,1962.0,2270.0,2116.0,1993-04-16,2010-05-11
5216608,Belding Farms,TWDB,30.8,-103.0,GW,5,5,5,5,0,1536.0,1633.0,1582.6,1995-04-21,2012-08-09
5216609,Belding Farms,TWDB,30.8,-103.02,GW,4,4,4,4,0,1347.0,1681.0,1585.5,1999-10-12,2012-08-09
5216611,Belding Farms,TWDB,30.8,-103.01,GW,3,2,2,2,0,1545.0,1725.0,1635.0,2003-05-19,2007-08-22
5216612,Belding Farms,TWDB,30.79,-103.02,GW,5,5,5,5,0,1396.0,1658.0,1478.2,1995-05-09,2012-08-09
5216613,Belding Farms,TWDB,30.81,-103.01,GW,4,4,4,4,0,1429.0,1467.0,1452.8,1995-05-09,2009-04-28
5216614,Belding Farms,TWDB,30.79,-103.02,GW,1,1,1,1,0,1519.0,1519.0,1519.0,2007-08-22,2007-08-22
5216615,Belding Farms,TWDB,30.81,-103.03,GW,1,1,1,1,0,1572.0,1572.0,1572.0,2007-08-22,2007-08-22
5216616,Belding Farms,TWDB,30.81,-103.0,GW,1,1,1,1,0,5075.0,5075.0,5075.0,2010-05-11,2010-05-11
5216617,Belding Farms,TWDB,30.79,-103.01,GW,1,1,1,1,0,2050.0,2050.0,2050.0,2010-05-11,2010-05-11
5216618,Williams Farms,TWDB,30.83,-103.03,GW,1,1,1,1,0,1901.0,1901.0,1901.0,2010-08-16,2010-08-16
5216619,Williams Farms,TWDB,30.79,-103.0,GW,1,1,1,1,0,1302.0,1302.0,1302.0,2010-08-16,2010-08-16
5216903,City of Fort Stockton ,TWDB,30.78,-103.02,GW,4,3,3,3,0,1378.0,1795.0,1523.3,1998-10-08,2007-08-20
5216904,City of Fort Stockton ,TWDB,30.78,-103.02,GW,3,3,2,3,0,1462.0,1568.0,1498.7,1993-04-14,2007-08-20
4525316,City of Monahans,TWDB,31.58,-102.91,GW,4,4,2,4,0,299.0,730.0,510.0,1956-01-05,1968-01-28
5216906,City of Fort Stockton ,TWDB,30.77,-103.02,GW,1,1,1,1,0,1378.0,1378.0,1378.0,1993-04-14,1993-04-14
5216908,City of Fort Stockton ,TWDB,30.77,-103.03,GW,3,2,2,2,0,1270.0,1323.0,1296.5,2004-09-09,2007-08-20
2757702,B F Jenkins,TWDB,32.02,-102.96,GW,1,1,1,1,0,1947.0,1947.0,1947.0,1957-01-13,1957-01-13
5216910,Williams Farms,TWDB,30.77,-103.02,GW,1,1,1,1,0,1244.0,1244.0,1244.0,2010-08-16,2010-08-16
5217701,Van Robinson,TWDB,30.62,-103.98,GW,1,0,1,0,0,,,,2001-06-07,2001-06-07
5218301,Limpia Ranch,TWDB,30.72,-103.75,SP,1,1,1,1,0,201.0,201.0,201.0,1970-09-01,1970-09-01
5218302,Pecan Spring,TWDB,30.73,-103.75,SP,1,1,1,1,0,215.0,215.0,215.0,1970-09-01,1970-09-01
5219301,Robert McKnight,TWDB,30.74,-103.62,GW,1,1,1,1,0,221.0,221.0,221.0,1970-09-04,1970-09-04
5219501,Horse Thief Spring,TWDB,30.7,-103.69,SP,1,1,1,1,0,83.0,83.0,83.0,1970-09-04,1970-09-04
5220102,Robert McKnight Jeff Ranch,TWDB,30.74,-103.59,GW,1,1,1,1,0,222.0,222.0,222.0,1970-09-04,1970-09-04
5220104,Robert McKnight,TWDB,30.73,-103.59,GW,1,1,1,1,0,168.0,168.0,168.0,1970-09-04,1970-09-04
5220105,Robert McKnight,TWDB,30.71,-103.6,GW,1,1,1,1,0,246.0,246.0,246.0,1970-09-04,1970-09-04
5220106,Robert McKnight,TWDB,30.74,-103.59,GW,1,1,1,1,0,222.0,222.0,222.0,1990-05-31,1990-05-31
5220107,Robert McKnight,TWDB,30.71,-103.61,GW,1,1,1,1,0,184.0,184.0,184.0,1970-09-04,1970-09-04
5220601,Leoncita Ranch,TWDB,30.66,-103.53,GW,1,0,1,0,0,,,,2001-08-16,2001-08-16
5220902,Leoncita Ranch,TWDB,30.64,-103.5,GW,1,0,1,0,0,,,,2001-08-16,2001-08-16
5222701,Graef Bros.,TWDB,30.66,-103.34,GW,1,1,1,1,0,920.0,920.0,920.0,2000-08-11,2000-08-11
5222802,David McGill,TWDB,30.62,-103.33,GW,1,1,1,1,0,286.0,286.0,286.0,1956-03-05,1956-03-05
5223201,M.R. Kennedy,TWDB,30.71,-103.2,GW,3,3,3,3,0,836.0,864.0,851.0,1973-06-07,1985-06-06
5223601,Sherman L. Hammond,TWDB,30.7,-103.14,GW,4,3,3,3,0,483.0,902.0,761.0,2000-08-11,2007-08-23
5224501,La Escalera Ranch,TWDB,30.67,-103.04,GW,3,2,2,2,0,1223.0,1256.0,1239.5,1998-10-12,2003-04-04
5225101,Sharon McDermott,TWDB,30.6,-103.98,GW,1,0,1,0,0,,,,2001-06-07,2001-06-07
5225102,Steve Goodman,TWDB,30.61,-103.99,GW,1,0,1,0,0,,,,2001-02-06,2001-02-06
5225103,Doug Otoupal,TWDB,30.61,-103.98,GW,1,0,1,0,0,,,,2001-06-09,2001-06-09
5225204,Davis Mountains State ,TWDB,30.59,-103.94,GW,2,2,2,2,0,225.0,283.0,254.0,1975-09-30,1990-04-15
5225302,"Felix Dominguez, Jr.",TWDB,30.59,-103.89,GW,2,2,2,2,0,347.0,471.0,409.0,1971-12-07,1979-06-28
5225303,Davis Mountains State ,TWDB,30.6,-103.91,GW,1,1,1,1,0,211.0,211.0,211.0,1975-07-30,1975-07-30
5225305,Fort Davis WSC,TWDB,30.58,-103.9,GW,1,1,1,1,0,294.0,294.0,294.0,1999-04-21,1999-04-21
5225308,Elias & Maria,TWDB,30.6,-103.88,GW,1,1,1,1,0,203.0,203.0,203.0,1971-12-07,1971-12-07
5225326,---Adams,TWDB,30.61,-103.87,GW,1,1,0,1,0,162.0,162.0,162.0,2008-11-08,2008-11-08
5225501,"A. P. D. ,Inc.",TWDB,30.54,-103.92,GW,1,1,1,1,0,297.0,297.0,297.0,1995-11-03,1995-11-03
5225602,"Marvin Watson, Jr.",TWDB,30.57,-103.88,GW,1,1,1,1,0,344.0,344.0,344.0,1990-05-31,1990-05-31
5226101,Hillcrest Cemetery,TWDB,30.58,-103.86,GW,1,1,0,1,0,291.0,291.0,291.0,2008-11-05,2008-11-05
5226406,Chihuahuan Desert,TWDB,30.54,-103.83,GW,3,2,1,2,0,278.0,286.0,282.0,2001-09-11,2008-11-03
5227702,CF Ranch,TWDB,30.54,-103.74,GW,1,0,1,0,0,,,,2001-08-16,2001-08-16
5229501,J. D. Strauss,TWDB,30.54,-103.44,GW,2,2,2,2,0,344.0,977.0,660.5,1956-09-05,1973-06-06
5230104,David McGill,TWDB,30.61,-103.36,GW,1,1,1,1,0,368.0,368.0,368.0,1956-09-05,1956-09-05
5230106,Hovey Ranch Road,TWDB,30.61,-103.36,GW,4,3,3,3,0,292.0,327.0,303.7,1998-09-10,2003-05-20
2640602,Flying W Diamond Ranch,TWDB,32.42,-103.03,GW,1,1,0,1,0,431.0,431.0,431.0,1990-10-10,1990-10-10
2757802,John Henry Wallace Est,TWDB,32.02,-102.93,GW,1,1,1,1,0,2457.0,2457.0,2457.0,1957-02-04,1957-02-04
5230201,David McGill,TWDB,30.61,-103.3,GW,1,1,1,1,0,367.0,367.0,367.0,1956-09-05,1956-09-05
5230203,Henry Schwandner,TWDB,30.59,-103.29,GW,5,4,3,4,0,316.0,345.0,327.0,2000-08-11,2007-08-23
5230204,Winston Pfiester,TWDB,30.61,-103.29,GW,2,2,2,2,0,335.0,366.0,350.5,2010-05-13,2010-12-02
4525322,City of Monahans,TWDB,31.59,-102.9,GW,1,1,0,1,0,648.0,648.0,648.0,1964-09-16,1964-09-16
5230702,Osoba Ranch,TWDB,30.53,-103.37,GW,3,3,2,3,0,1374.0,1884.0,1592.0,2002-05-16,2010-05-13
5230704,Sims & McMillan,TWDB,30.53,-103.33,GW,4,4,4,4,0,1328.0,1633.0,1429.2,1956-09-05,1985-06-13
5231701,Robert Zoch El Corazone De Crystal,TWDB,30.51,-103.23,GW,3,3,3,3,0,297.0,497.0,368.7,1995-06-21,2007-10-26
5231801,Sibley Trust,TWDB,30.5,-103.18,GW,1,1,1,1,0,262.0,262.0,262.0,2007-12-20,2007-12-20
5232501,La Escalera Ranch,TWDB,30.56,-103.07,GW,4,3,3,3,0,535.0,593.0,570.7,1998-10-12,2007-12-18
5232701,La Escalera Ranch,TWDB,30.51,-103.09,GW,2,2,2,2,0,304.0,334.0,319.0,1998-10-12,2007-12-18
5233203,Mr. Lippe,TWDB,30.49,-103.95,GW,1,0,1,0,0,,,,2001-06-19,2001-06-19
5233204,Barry Beal,TWDB,30.49,-103.93,GW,1,0,1,0,0,,,,2001-08-17,2001-08-17
5233205,Rick Hermann,TWDB,30.49,-103.93,GW,1,1,0,1,0,272.0,272.0,272.0,2008-11-04,2008-11-04
5234201,Girl Scouts of America,TWDB,30.48,-103.79,GW,1,0,1,0,0,,,,2001-08-15,2001-08-15
5234301,City of Alpine,TWDB,30.49,-103.75,GW,1,1,0,1,0,226.0,226.0,226.0,1971-12-15,1971-12-15
5235104,City of Alpine,TWDB,30.48,-103.74,GW,1,1,0,1,0,211.0,211.0,211.0,1972-03-25,1972-03-25
5235106,City of Alpine,TWDB,30.48,-103.74,GW,1,1,0,1,0,204.0,204.0,204.0,1972-03-22,1972-03-22
5235107,City of Alpine,TWDB,30.48,-103.74,GW,1,1,1,1,0,264.0,264.0,264.0,1999-04-20,1999-04-20
5235402,City of Alpine,TWDB,30.45,-103.71,GW,2,2,2,2,0,175.0,176.0,175.5,1966-09-08,1966-09-28
5235403,Bill Meriwether,TWDB,30.44,-103.72,GW,1,1,1,1,0,236.0,236.0,236.0,2001-10-06,2001-10-06
5235404,Bill Meriwether,TWDB,30.44,-103.72,GW,1,1,1,1,0,221.0,221.0,221.0,1999-08-19,1999-08-19
5235701,City of Alpine?,TWDB,30.4,-103.72,GW,1,1,1,1,0,136.0,136.0,136.0,1961-02-07,1961-02-07
5235702,City of Alpine,TWDB,30.37,-103.74,GW,5,5,5,5,0,190.0,234.0,215.8,1971-10-08,2007-08-22
5235703,City of Alpine,TWDB,30.38,-103.74,GW,1,1,0,1,0,160.0,160.0,160.0,1976-07-01,1976-07-01
5235704,City of Alpine,TWDB,30.38,-103.72,GW,5,5,5,5,0,158.0,244.0,199.8,1973-10-09,1987-03-10
5235705,City of Alpine,TWDB,30.38,-103.73,GW,4,4,4,4,0,145.0,232.0,182.0,1973-10-09,1985-06-07
2757901,John Henry Wallace Est,TWDB,32.0,-102.89,GW,1,1,1,1,0,2661.0,2661.0,2661.0,1957-02-02,1957-02-02
5235706,City of Alpine,TWDB,30.38,-103.73,GW,1,1,1,1,0,180.0,180.0,180.0,1985-06-07,1985-06-07
5235707,Miles,TWDB,30.38,-103.73,GW,1,1,1,1,0,137.0,137.0,137.0,1975-02-05,1975-02-05
5235708,City of Alpine,TWDB,30.39,-103.73,GW,3,3,3,3,0,166.0,222.0,185.0,1973-10-09,2001-10-05
5235709,City of Alpine,TWDB,30.38,-103.72,GW,3,3,3,3,0,147.0,233.0,181.7,1973-10-09,1985-06-07
5235710,Daugherty,TWDB,30.38,-103.72,GW,1,1,1,1,0,151.0,151.0,151.0,1975-02-06,1975-02-06
5235712,Rebecca Smith,TWDB,30.38,-103.72,GW,1,1,1,1,0,184.0,184.0,184.0,1985-06-07,1985-06-07
5235716,City of Alpine,TWDB,30.38,-103.73,GW,1,1,0,1,0,149.0,149.0,149.0,1999-03-25,1999-03-25
5235801,City of Alpine,TWDB,30.37,-103.66,GW,3,3,2,3,0,226.0,277.0,243.3,1949-11-16,1975-02-05
5235802,Lost Alaskan RV Park,TWDB,30.37,-103.67,GW,2,2,2,2,0,330.0,340.0,335.0,1996-11-19,1999-04-21
5235901,06 Ranch,TWDB,30.37,-103.65,GW,1,1,0,1,0,323.0,323.0,323.0,1954-09-22,1954-09-22
5235904,City of Alpine,TWDB,30.37,-103.66,GW,1,1,0,1,0,356.0,356.0,356.0,1954-11-19,1954-11-19
5235905,City of Alpine,TWDB,30.37,-103.65,GW,1,1,0,1,0,344.0,344.0,344.0,1954-10-06,1954-10-06
5235906,City of Alpine,TWDB,30.4,-103.64,GW,3,3,3,3,0,311.0,408.0,361.7,1999-08-02,2007-08-22
5237201,Four S Ranch,TWDB,30.48,-103.44,GW,2,2,2,2,0,347.0,375.0,361.0,1978-08-02,1985-06-13
5237202,Four S Ranch,TWDB,30.48,-103.44,GW,6,5,5,5,0,354.0,376.0,366.6,1998-09-10,2010-10-11
5237401,J. E. Casner,TWDB,30.42,-103.47,GW,3,3,3,3,0,271.0,290.0,282.0,1973-06-06,1985-06-13
5237402,J. E. Casner,TWDB,30.42,-103.47,GW,1,1,1,1,0,266.0,266.0,266.0,1985-06-13,1985-06-13
5238201,El Corazon de Crystal ,TWDB,30.46,-103.31,GW,6,5,5,5,0,251.0,315.0,277.6,1985-06-13,2010-10-11
5238301,El Corazon De Crystal ,TWDB,30.47,-103.26,GW,1,1,1,1,0,389.0,389.0,389.0,2008-03-11,2008-03-11
4525505,F.I. Dyer,TWDB,31.56,-102.94,GW,1,1,1,1,0,885.0,885.0,885.0,1974-09-14,1974-09-14
5238401,Mac Benge,TWDB,30.44,-103.33,GW,2,2,2,2,0,273.0,297.0,285.0,1978-08-02,1985-06-13
5238402,Mac Benge,TWDB,30.43,-103.33,GW,3,2,2,2,0,286.0,286.0,286.0,1998-09-10,2003-07-16
5239301,La Escalera Ranch,TWDB,30.48,-103.12,GW,4,3,3,3,0,283.0,350.0,312.7,1998-10-12,2007-12-18
5239501,Sibley Estate,TWDB,30.45,-103.2,GW,1,1,1,1,0,334.0,334.0,334.0,2008-03-11,2008-03-11
5242901,Paisano Baptist,TWDB,30.28,-103.78,GW,2,2,2,2,0,272.0,274.0,273.0,1999-04-22,2001-10-06
4525507,City of Monahans,TWDB,31.58,-102.93,GW,1,1,1,1,0,1327.0,1327.0,1327.0,1967-06-01,1967-06-01
5243109,Kelly Corkin,TWDB,30.37,-103.71,GW,1,1,1,1,0,286.0,286.0,286.0,1985-06-07,1985-06-07
5243110,City of Alpine,TWDB,30.36,-103.71,GW,5,5,5,5,0,197.0,324.0,260.4,1973-09-11,2007-08-22
2758401,Mary K Bauer,TWDB,32.05,-102.87,GW,1,1,1,1,0,2909.0,2909.0,2909.0,1957-01-29,1957-01-29
5243202,Jack McDanial,TWDB,30.35,-103.7,GW,3,3,2,3,0,277.0,1665.0,758.0,1949-11-23,1985-06-07
5243208,City of Alpine,TWDB,30.37,-103.67,GW,1,1,1,1,0,273.0,273.0,273.0,1973-02-22,1973-02-22
5243209,Charles Croyle,TWDB,30.35,-103.68,GW,1,1,1,1,0,534.0,534.0,534.0,1985-06-12,1985-06-12
5243210,Kimball Krushers,TWDB,30.33,-103.68,GW,3,3,3,3,0,237.0,293.0,272.7,1969-06-26,1985-06-12
4525508,City of Monahans,TWDB,31.58,-102.94,GW,2,2,2,2,0,1551.0,1600.0,1575.5,1967-06-01,1968-01-28
5243220,Lines Cactus Grove MHP,TWDB,30.35,-103.68,GW,1,1,0,1,0,398.0,398.0,398.0,2004-07-20,2004-07-20
5243221,Lines Cactus Grove MHP,TWDB,30.35,-103.68,GW,1,1,0,1,0,428.0,428.0,428.0,2004-07-20,2004-07-20
5243304,City of Alpine,TWDB,30.37,-103.66,GW,1,1,0,1,0,293.0,293.0,293.0,1952-03-24,1952-03-24
5243307,City of Alpine,TWDB,30.35,-103.65,GW,1,1,1,1,0,300.0,300.0,300.0,1973-08-28,1973-08-28
5243308,City of Alpine,TWDB,30.36,-103.64,GW,3,3,2,3,0,168.0,402.0,291.0,1949-10-27,1987-03-10
5243309,City of Alpine,TWDB,30.35,-103.65,GW,2,2,2,2,0,163.0,258.0,210.5,1973-08-28,1975-02-04
5243310,City of Alpine,TWDB,30.35,-103.66,GW,7,7,7,7,0,209.0,363.0,292.6,1973-01-16,2007-08-22
5243311,City of Alpine,TWDB,30.35,-103.66,GW,3,3,2,3,0,211.0,312.0,273.0,1952-03-19,1999-04-20
5243312,City of Alpine,TWDB,30.36,-103.66,GW,4,4,3,4,0,162.0,516.0,359.0,1973-03-21,2008-11-07
5243401,McIntyre,TWDB,30.31,-103.73,GW,1,1,0,1,0,280.0,280.0,280.0,2008-11-07,2008-11-07
5244301,Georgia Waller,TWDB,30.34,-103.5,GW,1,1,0,1,0,412.0,412.0,412.0,2008-11-07,2008-11-07
5244701,Billy Webb,TWDB,30.26,-103.58,GW,2,2,2,2,0,300.0,322.0,311.0,1978-08-02,1985-06-07
5244702,Virgil Clark,TWDB,30.28,-103.59,GW,1,1,1,1,0,266.0,266.0,266.0,1999-05-18,1999-05-18
5244705,Double Diamond Ranch,TWDB,30.28,-103.59,GW,1,0,1,0,0,,,,2001-08-25,2001-08-25
5245101,---Emison,TWDB,30.36,-103.49,GW,1,1,0,1,0,403.0,403.0,403.0,2008-11-07,2008-11-07
5301103,Eddy Sullivan,TWDB,30.99,-102.97,GW,1,1,1,1,0,1050.0,1050.0,1050.0,1993-11-11,1993-11-11
5301203,Sibley Estate,TWDB,30.98,-102.91,GW,6,6,6,6,0,3521.0,4659.0,3851.7,1992-03-11,2009-03-18
5301208,Anadarko Petroleum,TWDB,30.99,-102.92,GW,4,3,3,3,0,1235.0,1291.0,1259.7,1998-10-10,2007-08-21
5301210,George Riggs,TWDB,30.98,-102.95,GW,1,1,1,1,0,920.0,920.0,920.0,2010-05-10,2010-05-10
5301301,T. W. Hillin,TWDB,30.96,-102.88,GW,2,2,2,2,0,2954.0,3014.0,2984.0,1969-06-11,1970-08-28
5301302,S. F. Gandy,TWDB,30.96,-102.9,GW,3,3,3,3,0,433.0,1217.0,946.3,1971-12-13,1985-06-06
5301305,Sibley Estate,TWDB,30.99,-102.91,GW,1,1,1,1,0,1366.0,1366.0,1366.0,1993-11-11,1993-11-11
5301402,Ernest Riggs,TWDB,30.93,-102.95,GW,2,2,2,2,0,2122.0,2343.0,2232.5,1975-07-24,1979-07-23
5301502,Ernest Riggs,TWDB,30.95,-102.95,GW,2,2,2,2,0,1140.0,4735.0,2937.5,1975-07-24,1985-06-05
5301605,T. W. Hillin,TWDB,30.95,-102.88,GW,1,1,1,1,0,1602.0,1602.0,1602.0,1947-03-01,1947-03-01
5301606,Ms. C. Criswell,TWDB,30.95,-102.88,GW,2,2,2,2,0,2536.0,2695.0,2615.5,1969-06-11,1970-08-28
2758402,Ratcliff & Bedford,TWDB,32.07,-102.84,GW,1,1,1,1,0,381.0,381.0,381.0,1957-02-12,1957-02-12
4525513,O.E. Charilland,TWDB,31.58,-102.91,GW,1,1,1,1,0,2535.0,2535.0,2535.0,1972-05-15,1972-05-15
5301608,Kalico Orchards,TWDB,30.92,-102.87,GW,1,1,1,1,0,3303.0,3303.0,3303.0,2007-04-10,2007-04-10
5301609,Bill Johnson,TWDB,30.92,-102.89,GW,1,1,1,1,0,1573.0,1573.0,1573.0,2010-05-10,2010-05-10
5301703,T.B. Armentrout,TWDB,30.87,-102.97,GW,1,1,1,1,0,293.0,293.0,293.0,1970-08-19,1970-08-19
5301705,L.V.Braden,TWDB,30.87,-102.97,GW,1,1,1,1,0,3079.0,3079.0,3079.0,1970-08-19,1970-08-19
5301706,L.V. Braden,TWDB,30.88,-102.96,GW,1,1,1,1,0,4381.0,4381.0,4381.0,1970-08-19,1970-08-19
4525603,City of Monahans,TWDB,31.58,-102.9,GW,5,5,3,5,0,318.0,829.0,474.6,1956-06-12,1968-09-09
5301903,Mrs. B.F. Webb,TWDB,30.9,-102.88,GW,2,2,2,2,0,1354.0,4694.0,3024.0,1975-07-24,1979-07-12
5301906,Comanche Spring,TWDB,30.88,-102.87,SP,11,11,11,11,0,1312.0,2469.0,1742.7,1946-10-09,2006-01-12
5301908,City of Fort Stockton ,TWDB,30.88,-102.88,GW,1,1,1,1,0,2499.0,2499.0,2499.0,1993-04-14,1993-04-14
5301909,City of Fort Stockton ,TWDB,30.89,-102.88,GW,2,2,2,2,0,2390.0,2541.0,2465.5,1993-04-15,1998-09-14
5301911,ST. Agnes Catholic,TWDB,30.91,-102.88,GW,1,1,1,1,0,3642.0,3642.0,3642.0,2007-04-10,2007-04-10
5302102,Harrison Dyche,TWDB,30.97,-102.85,GW,3,3,3,3,0,3955.0,4314.0,4088.7,1971-12-13,1979-07-12
5302104,Ed Sullivan,TWDB,30.96,-102.86,GW,1,1,1,1,0,2335.0,2335.0,2335.0,1969-06-11,1969-06-11
5302105,Anson Sullivan,TWDB,30.96,-102.86,GW,1,1,1,1,0,3515.0,3515.0,3515.0,1970-08-28,1970-08-28
5302106,Hoppy & Melanie Turman,TWDB,30.97,-102.87,GW,2,2,2,2,0,1860.0,2890.0,2375.0,1993-04-19,1998-09-16
5302405,Fisher Powell,TWDB,30.92,-102.85,GW,1,1,1,1,0,3699.0,3699.0,3699.0,1969-06-12,1969-06-12
5302406,W. R. Binion,TWDB,30.92,-102.86,GW,2,2,2,2,0,1388.0,1409.0,1398.5,1969-06-12,1970-08-27
5302407,Robert Cross,TWDB,30.95,-102.86,GW,1,1,1,1,0,2959.0,2959.0,2959.0,1969-06-12,1969-06-12
5302408,Mr. Hillgum,TWDB,30.94,-102.86,GW,2,2,2,2,0,1632.0,3153.0,2392.5,1969-06-10,1970-08-28
5302409,Mr. Hillgum,TWDB,30.94,-102.86,GW,1,1,1,1,0,2746.0,2746.0,2746.0,1969-06-10,1969-06-10
5302410,Ralph Meaders,TWDB,30.95,-102.86,GW,2,2,2,2,0,3344.0,3482.0,3413.0,1969-06-10,1970-08-28
5302411,Mr. Andrews,TWDB,30.95,-102.86,GW,4,4,4,4,0,3741.0,5298.0,4781.5,1969-06-10,1970-08-28
5302412,Joe Sullivan,TWDB,30.94,-102.86,GW,2,2,2,2,0,1553.0,1865.0,1709.0,1969-06-11,1970-08-28
5302415,Robert Cross,TWDB,30.95,-102.86,GW,1,1,1,1,0,2771.0,2771.0,2771.0,1970-08-28,1970-08-28
5302416,Ed Hall,TWDB,30.93,-102.86,GW,2,2,2,2,0,1688.0,1702.0,1695.0,1969-06-10,1970-08-28
5302417,C.E. McIntyre,TWDB,30.94,-102.86,GW,1,1,1,1,0,2046.0,2046.0,2046.0,1969-06-11,1969-06-11
5302420,Harper Caldwell,TWDB,30.92,-102.85,GW,1,1,1,1,0,1946.0,1946.0,1946.0,1993-04-15,1993-04-15
5302421,Refugio (Cuco) Rangel ,TWDB,30.93,-102.84,GW,3,2,2,2,0,1996.0,2058.0,2027.0,2003-04-05,2007-07-02
5302703,Burney Ligon,TWDB,30.89,-102.84,GW,3,3,3,3,0,2214.0,3296.0,2861.3,1973-05-03,1979-07-12
5302709,City of Fort Stockton ,TWDB,30.87,-102.84,GW,3,3,3,3,0,1431.0,1447.0,1437.7,1975-04-15,1985-06-06
5302711,Pecos County,TWDB,30.88,-102.87,GW,1,1,1,1,0,1475.0,1475.0,1475.0,2010-05-10,2010-05-10
5302803,KOA Campground,TWDB,30.89,-102.81,GW,5,4,4,4,0,1335.0,1456.0,1393.0,1993-04-15,2007-08-21
2758501,Ratcliff & Bedford,TWDB,32.08,-102.82,GW,1,1,1,1,0,943.0,943.0,943.0,1957-02-12,1957-02-12
5302804,Ricky Young,TWDB,30.9,-102.81,GW,2,2,2,2,0,2469.0,2946.0,2707.5,1999-03-15,2004-10-12
4525604,City of Monahans,TWDB,31.57,-102.91,GW,8,8,6,8,0,233.0,827.0,453.0,1956-05-25,1972-05-16
5303901,Texas Department of Transportation,TWDB,30.87,-102.64,GW,2,2,2,2,0,1328.0,1334.0,1331.0,1993-05-24,1998-10-06
5305903,University of Texas Lands,TWDB,30.89,-102.37,GW,2,2,2,2,0,1824.0,1855.0,1839.5,1993-05-19,1998-10-09
5306402,University of Texas Lands,TWDB,30.92,-102.35,GW,2,2,2,2,0,1904.0,1999.0,1951.5,1993-05-19,1998-10-09
5306703,University of Texas,TWDB,30.9,-102.37,GW,3,2,2,2,0,1770.0,2171.0,1970.5,1993-05-19,2003-04-07
5306804,Roger Wolfe,TWDB,30.89,-102.29,GW,1,1,1,1,0,573.0,573.0,573.0,2010-05-12,2010-05-12
5306805,Gregg McKenzie,TWDB,30.89,-102.29,GW,1,1,1,1,0,561.0,561.0,561.0,2010-05-12,2010-05-12
5306806,"Don Knaupper, Sr.",TWDB,30.89,-102.31,GW,1,1,1,1,0,830.0,830.0,830.0,2010-05-12,2010-05-12
5307104,Upton County Water,TWDB,30.97,-102.22,GW,3,3,3,3,0,914.0,1143.0,1017.0,1993-04-22,2004-10-12
5308104,City of McCamey,TWDB,30.95,-102.09,GW,3,2,2,2,0,1895.0,2521.0,2208.0,1998-10-15,2003-05-23
5308301,Nolke Estate,TWDB,30.99,-102.01,GW,1,1,1,1,0,3676.0,3676.0,3676.0,1962-12-06,1962-12-06
5308403,City of McCamey,TWDB,30.95,-102.09,GW,1,1,1,1,0,430.0,430.0,430.0,2004-10-12,2004-10-12
5308405,City of McCamey,TWDB,30.95,-102.09,GW,2,2,2,2,0,662.0,1564.0,1113.0,1993-04-22,2004-10-12
5308408,City of McCamey,TWDB,30.95,-102.08,GW,1,1,1,1,0,378.0,378.0,378.0,1987-03-25,1987-03-25
5308601,City of Iraan,TWDB,30.95,-102.03,GW,4,3,3,3,0,516.0,594.0,562.3,1993-04-22,2003-05-23
5308602,City of Iraan,TWDB,30.95,-102.03,GW,1,1,1,1,0,363.0,363.0,363.0,2004-10-13,2004-10-13
5308603,City of Iraan,TWDB,30.95,-102.03,GW,1,1,1,1,0,353.0,353.0,353.0,2004-10-13,2004-10-13
4525605,City of Monahans,TWDB,31.57,-102.91,GW,8,8,6,8,0,255.0,1069.0,654.6,1956-06-01,1972-05-16
5309108,Alex Gonzales,TWDB,30.85,-102.99,GW,1,1,1,1,0,957.0,957.0,957.0,2010-05-11,2010-05-11
5309306,"M.R. Gonzalez, Jr.",TWDB,30.87,-102.88,GW,1,1,1,1,0,1899.0,1899.0,1899.0,2007-04-10,2007-04-10
5309307,Doug May,TWDB,30.84,-102.89,GW,1,1,1,1,0,1274.0,1274.0,1274.0,2010-05-10,2010-05-10
5310101,Bill McAnally,TWDB,30.86,-102.86,GW,1,1,1,1,0,1275.0,1275.0,1275.0,2007-04-10,2007-04-10
5310103,JEFF B. WADE,TWDB,30.84,-102.84,GW,1,1,1,1,0,1338.0,1338.0,1338.0,1946-10-18,1946-10-18
5310105,Mesa View Water,TWDB,30.86,-102.87,GW,1,1,1,1,0,1429.0,1429.0,1429.0,1993-05-27,1993-05-27
5310106,Joe Madrid  /Vasquez,TWDB,30.86,-102.87,GW,1,1,1,1,0,1372.0,1372.0,1372.0,1998-10-10,1998-10-10
5310502,Jeff B. Wade,TWDB,30.8,-102.82,GW,1,0,1,1,0,,,,1950-01-13,1950-01-13
5312204,Sid Richardson Company,TWDB,30.85,-102.58,GW,3,2,2,2,0,1003.0,1030.0,1016.5,1998-10-06,2003-05-21
5312206,Robert Richardson,TWDB,30.84,-102.56,GW,1,1,1,1,0,1166.0,1166.0,1166.0,1993-05-20,1993-05-20
5313101,Domaine Cordier,TWDB,30.85,-102.46,GW,2,1,1,1,0,1153.0,1153.0,1153.0,2003-05-20,2003-05-20
5313201,University of Texas,TWDB,30.83,-102.45,GW,1,1,1,1,0,314.0,314.0,314.0,1947-05-09,1947-05-09
5313203,Mesa Vineyards,TWDB,30.83,-102.44,GW,5,4,4,4,0,395.0,442.0,413.2,1993-04-21,2007-08-20
5313204,Mesa Vineyards,TWDB,30.83,-102.43,GW,2,1,0,1,0,341.0,341.0,341.0,2003-05-20,2003-05-20
5313205,Mesa Vineyards,TWDB,30.86,-102.44,GW,2,1,1,1,0,1665.0,1665.0,1665.0,2003-05-20,2003-05-20
5313206,Mesa Vineyards,TWDB,30.84,-102.44,GW,3,2,2,2,0,860.0,936.0,898.0,2003-05-20,2007-08-20
2758701,Billy Cole,TWDB,32.0,-102.85,GW,1,1,1,1,0,754.0,754.0,754.0,1970-07-27,1970-07-27
5313207,Mesa Vineyards,TWDB,30.84,-102.45,GW,1,1,1,1,0,776.0,776.0,776.0,2007-08-20,2007-08-20
5313208,Mesa Vineyards,TWDB,30.85,-102.44,GW,1,1,1,1,0,525.0,525.0,525.0,2007-08-20,2007-08-20
5313209,Mesa Vineyards,TWDB,30.84,-102.45,GW,1,1,1,1,0,1070.0,1070.0,1070.0,2007-08-20,2007-08-20
5313501,St Genevieve Winery,TWDB,30.82,-102.45,GW,2,2,2,2,0,307.0,309.0,308.0,1993-04-21,1998-10-09
5313502,Domaine Cordier,TWDB,30.82,-102.45,GW,2,1,1,1,0,297.0,297.0,297.0,2003-04-09,2003-04-09
5316102,Texas Department of Transportation,TWDB,30.86,-102.09,GW,2,2,2,2,0,292.0,299.0,295.5,1993-04-22,1998-10-07
5317501,La Escalera Ranch,TWDB,30.68,-102.93,GW,3,2,2,2,0,1635.0,1694.0,1664.5,1998-10-13,2003-04-03
5321701,Western Gas Resources ,TWDB,30.66,-102.49,GW,1,1,1,1,0,360.0,360.0,360.0,1979-07-24,1979-07-24
5321702,Western Gas Resources ,TWDB,30.66,-102.49,GW,3,2,2,2,0,338.0,354.0,346.0,1998-10-06,2003-05-21
5325102,La Escalera Ranch,TWDB,30.62,-102.97,GW,3,2,2,2,0,1140.0,1186.0,1163.0,1998-10-12,2003-04-03
5325301,La Escalera Ranch,TWDB,30.62,-102.88,GW,3,2,2,2,0,1041.0,1065.0,1053.0,1998-10-13,2003-04-03
5325601,La Escalera Ranch,TWDB,30.55,-102.88,GW,2,1,1,1,0,941.0,941.0,941.0,1998-10-13,2003-04-03
5325602,La Escalera Ranch,TWDB,30.54,-102.87,GW,1,1,1,1,0,702.0,702.0,702.0,2003-04-03,2003-04-03
5328201,Marsha Lea Daggett,TWDB,30.59,-102.55,GW,3,3,3,3,0,351.0,499.0,422.3,1993-05-20,2004-10-14
5328301,Marsha Lea Daggett,TWDB,30.58,-102.53,GW,2,2,2,2,0,967.0,1014.0,990.5,1993-05-27,2004-10-14
5328302,Marsha Lea Daggett,TWDB,30.58,-102.5,GW,2,2,2,2,0,437.0,942.0,689.5,1998-10-07,2004-10-14
5329401,Gerald Porter,TWDB,30.56,-102.48,GW,4,3,2,3,0,464.0,470.0,467.0,1993-07-20,2003-05-24
5329503,PG&E Gas Transmission ,TWDB,30.55,-102.44,GW,1,1,1,1,0,863.0,863.0,863.0,1999-03-16,1999-03-16
5330401,Gerald Porter,TWDB,30.55,-102.36,GW,4,3,2,3,0,979.0,1006.0,989.7,1993-07-20,2003-05-22
5330501,Gerald Porter,TWDB,30.55,-102.29,GW,4,4,4,4,0,293.0,974.0,795.2,1973-05-17,1993-05-19
5330601,Gerald Porter,TWDB,30.54,-102.28,GW,1,1,1,1,0,979.0,979.0,979.0,2002-01-15,2002-01-15
5330701,Gerald Porter,TWDB,30.53,-102.37,GW,4,3,2,3,0,331.0,343.0,336.0,1993-07-20,2003-05-22
5331101,Coates Ranch Coates headquarters pump well,TWDB,30.62,-102.22,GW,1,1,0,1,0,438.0,438.0,438.0,2010-05-12,2010-05-12
5331201,Gerald Porter,TWDB,30.61,-102.18,GW,2,2,2,2,0,655.0,669.0,662.0,1993-05-27,1998-10-07
4525609,W.E. Tone,TWDB,31.58,-102.91,GW,2,2,2,2,0,617.0,713.0,665.0,1972-05-15,1972-05-15
5331202,Gerald Porter,TWDB,30.61,-102.18,GW,2,1,1,1,0,664.0,664.0,664.0,2003-05-24,2003-05-24
5331501,David Mitchell,TWDB,30.57,-102.18,GW,1,1,1,1,0,935.0,935.0,935.0,1994-05-26,1994-05-26
5331502,Ruble Ranch,TWDB,30.55,-102.18,GW,1,0,1,1,0,,,,1995-02-16,1995-02-16
5331601,Ruble Ranch,TWDB,30.54,-102.16,GW,2,2,2,2,0,821.0,905.0,863.0,1993-04-15,1998-10-27
5331602,Ruble Ranch,TWDB,30.54,-102.16,GW,4,3,4,4,0,861.0,885.0,869.7,1995-02-17,2007-06-12
4525610,Charles R. Walton,TWDB,31.58,-102.91,GW,1,1,1,1,0,1701.0,1701.0,1701.0,1972-05-15,1972-05-15
5331603,Ruble Ranch,TWDB,30.56,-102.15,GW,2,1,2,2,0,828.0,828.0,828.0,1995-02-16,2007-06-12
5331604,David Mitchell,TWDB,30.58,-102.15,GW,1,0,1,1,0,,,,1995-02-16,1995-02-16
4525611,Charles R. Walton,TWDB,31.58,-102.91,GW,1,1,1,1,0,369.0,369.0,369.0,1972-05-15,1972-05-15
5331901,Ruble Ranch,TWDB,30.52,-102.12,GW,1,1,1,1,0,844.0,844.0,844.0,1994-05-26,1994-05-26
5332601,Mary Mitchell,TWDB,30.55,-102.01,GW,2,4,4,2,0,765.0,783.0,774.0,1973-05-17,1979-07-24
5332801,Tommy Hayre,TWDB,30.53,-102.04,GW,3,3,3,3,0,833.0,896.0,854.3,1993-04-15,2007-06-14
4525612,W.E. Tone,TWDB,31.58,-102.91,GW,2,2,2,2,0,379.0,401.0,390.0,1972-05-15,1972-05-15
5339301,N.M. Mitchell,TWDB,30.46,-102.15,GW,3,3,3,3,0,258.0,368.0,311.7,1973-05-17,1985-05-02
5339302,N.M.Mitchell,TWDB,30.49,-102.15,GW,1,1,1,1,0,546.0,546.0,546.0,1993-04-14,1993-04-14
5340102,Conoco Phillips,TWDB,30.46,-102.1,GW,1,1,1,1,0,473.0,473.0,473.0,2007-06-14,2007-06-14
5401101,Nolke Estate,TWDB,30.97,-101.96,GW,3,3,3,3,0,2127.0,9038.0,4563.7,1962-12-06,1979-06-21
5401201,O. W. Parker,TWDB,30.98,-101.92,GW,1,1,1,1,0,653.0,653.0,653.0,1962-12-06,1962-12-06
5401202,O. W. Parker,TWDB,30.98,-101.93,GW,1,1,1,1,0,874.0,874.0,874.0,1962-12-06,1962-12-06
5401203,O. W. Parker,TWDB,30.97,-101.93,GW,1,1,1,1,0,3325.0,3325.0,3325.0,1962-12-06,1962-12-06
5401204,O. W. Parker,TWDB,30.96,-101.95,GW,1,1,1,1,0,8147.0,8147.0,8147.0,1962-12-06,1962-12-06
5401206,O. W. Parker,TWDB,30.96,-101.92,GW,1,1,1,1,0,4441.0,4441.0,4441.0,1962-12-06,1962-12-06
5401207,O. W. Parker,TWDB,30.97,-101.92,GW,1,1,1,1,0,3580.0,3580.0,3580.0,1962-12-06,1962-12-06
4525614,Bob Meek,TWDB,31.57,-102.91,GW,1,1,1,1,0,478.0,478.0,478.0,1972-05-16,1972-05-16
5401303,Tony Allen,TWDB,30.99,-101.9,GW,4,2,3,2,0,1152.0,1171.0,1161.5,1995-09-26,2004-10-14
5401601,O. W. Parker,TWDB,30.95,-101.91,GW,1,1,1,1,0,984.0,984.0,984.0,1962-12-06,1962-12-06
5401604,O. W. Parker,TWDB,30.94,-101.89,GW,1,1,1,1,0,2332.0,2332.0,2332.0,1962-12-06,1962-12-06
5401605,O. W. Parker,TWDB,30.94,-101.87,GW,1,1,1,1,0,521.0,521.0,521.0,1962-12-06,1962-12-06
4525615,Immanuel Baptist Church,TWDB,31.57,-102.91,GW,1,1,1,1,0,1039.0,1039.0,1039.0,1972-05-16,1972-05-16
5401901,R. L. Thompson,TWDB,30.9,-101.87,GW,1,1,1,1,0,2106.0,2106.0,2106.0,1962-12-10,1962-12-10
5401902,Clayton Smith,TWDB,30.88,-101.88,GW,1,1,1,1,0,588.0,588.0,588.0,1962-12-10,1962-12-10
5402101,Wayne Harris,TWDB,30.97,-101.83,GW,1,1,1,1,0,392.0,392.0,392.0,1962-11-28,1962-11-28
5402103,O. W. Parker,TWDB,30.99,-101.85,GW,1,1,1,1,0,370.0,370.0,370.0,1962-12-06,1962-12-06
5402201,Wayne Harris,TWDB,30.99,-101.79,GW,1,1,1,1,0,342.0,342.0,342.0,1962-11-28,1962-11-28
5402401,G. L. Thompson,TWDB,30.92,-101.86,GW,1,1,1,1,0,742.0,742.0,742.0,1962-12-11,1962-12-11
5402501,Leasell Harris,TWDB,30.94,-101.79,GW,1,1,1,1,0,327.0,327.0,327.0,1962-11-28,1962-11-28
4525616,Elton L. North,TWDB,31.57,-102.91,GW,1,1,1,1,0,766.0,766.0,766.0,1972-05-16,1972-05-16
5402502,J. M. Shannon Estate,TWDB,30.91,-101.79,GW,2,2,2,2,0,305.0,332.0,318.5,1962-12-04,1993-05-19
5402503,G. L. Thompson,TWDB,30.93,-101.82,GW,1,1,1,1,0,331.0,331.0,331.0,1962-12-10,1962-12-10
5402504,G. L. Thompson,TWDB,30.92,-101.81,GW,1,1,1,1,0,326.0,326.0,326.0,1962-12-10,1962-12-10
5402601,J. M. Shannon Estate,TWDB,30.93,-101.76,GW,1,1,1,1,0,372.0,372.0,372.0,1962-12-04,1962-12-04
5402701,G. L. Thompson,TWDB,30.88,-101.86,GW,1,1,1,1,0,367.0,367.0,367.0,1962-12-11,1962-12-11
5402702,G. L. Thompson,TWDB,30.89,-101.83,GW,1,1,1,1,0,328.0,328.0,328.0,1962-12-11,1962-12-11
5402704,Clayton Smith,TWDB,30.88,-101.83,GW,1,1,1,1,0,385.0,385.0,385.0,1962-12-10,1962-12-10
5402705,Dan Riggs,TWDB,30.91,-101.83,GW,2,2,2,2,0,379.0,405.0,392.0,1962-12-10,1998-09-17
4525617,C.W. Prough,TWDB,31.57,-102.91,GW,1,1,1,1,0,1114.0,1114.0,1114.0,1972-05-16,1972-05-16
5402706,Pecos County,TWDB,30.9,-101.87,GW,1,1,1,1,0,1416.0,1416.0,1416.0,1963-06-07,1963-06-07
5402707,Pecos County,TWDB,30.89,-101.87,GW,1,1,1,1,0,866.0,866.0,866.0,1963-06-07,1963-06-07
5402708,Pecos County,TWDB,30.89,-101.86,GW,1,1,1,1,0,380.0,380.0,380.0,1963-06-07,1963-06-07
5402801,J. M. Shannon Estate,TWDB,30.9,-101.79,GW,3,3,3,3,0,280.0,320.0,304.0,1962-12-04,1979-06-21
5402903,J. M. Shannon Estate,TWDB,30.89,-101.78,GW,1,1,1,1,0,328.0,328.0,328.0,1962-12-04,1962-12-04
5403201,Ted Harris,TWDB,30.99,-101.7,GW,1,1,1,1,0,546.0,546.0,546.0,1962-11-28,1962-11-28
5403202,Ted Harris,TWDB,30.98,-101.67,GW,1,1,1,1,0,785.0,785.0,785.0,1962-11-28,1962-11-28
4525618,J.F. Brown,TWDB,31.57,-102.91,GW,1,1,1,1,0,1359.0,1359.0,1359.0,1972-05-16,1972-05-16
5403203,J. M. Sannon estate,TWDB,30.96,-101.7,GW,1,1,1,1,0,790.0,790.0,790.0,1962-12-05,1962-12-05
5403204,J. M. Shannon Estate,TWDB,30.97,-101.7,GW,1,1,1,1,0,393.0,393.0,393.0,1962-12-05,1962-12-05
5403205,J. M. Shannon Estate,TWDB,30.97,-101.68,GW,1,1,1,1,0,985.0,985.0,985.0,1962-12-05,1962-12-05
5403401,J. M. Shannon Estate,TWDB,30.91,-101.72,GW,1,1,1,1,0,359.0,359.0,359.0,1962-12-04,1962-12-04
5403403,J. M. Shannon Estate,TWDB,30.93,-101.71,GW,1,1,1,1,0,495.0,495.0,495.0,1962-12-05,1962-12-05
5403501,J. M. Shannon Estate,TWDB,30.91,-101.67,GW,1,1,1,1,0,710.0,710.0,710.0,1962-12-04,1962-12-04
5403502,J. M. Shannon Estate,TWDB,30.92,-101.7,GW,1,1,1,1,0,496.0,496.0,496.0,1962-12-05,1962-12-05
5403505,J. M. Shannon Estate,TWDB,30.94,-101.69,GW,4,4,4,4,0,715.0,940.0,789.8,1962-12-05,1985-05-14
5403506,J. M. Shannon Estate,TWDB,30.95,-101.69,GW,2,2,2,2,0,428.0,433.0,430.5,1962-12-05,2006-07-28
5403507,J. M. Shannon Estate,TWDB,30.95,-101.68,GW,1,1,1,1,0,915.0,915.0,915.0,1962-12-05,1962-12-05
5403601,J. M. Shannon Estate,TWDB,30.92,-101.64,GW,1,1,1,1,0,683.0,683.0,683.0,1962-12-04,1962-12-04
5403701,J. M. Shannon Estate,TWDB,30.91,-101.74,GW,1,1,1,1,0,398.0,398.0,398.0,1962-12-04,1962-12-04
5403702,J. M. Shannon Estate,TWDB,30.87,-101.73,GW,1,1,1,1,0,338.0,338.0,338.0,1962-12-04,1962-12-04
5403703,J. M. Shannon Estate,TWDB,30.89,-101.72,GW,1,1,1,1,0,395.0,395.0,395.0,1962-12-04,1962-12-04
5403704,J. M. Shannon Estate,TWDB,30.88,-101.71,GW,1,1,1,1,0,536.0,536.0,536.0,1962-12-04,1962-12-04
5403705,J. M. Shannon Estate,TWDB,30.9,-101.71,GW,1,1,1,1,0,584.0,584.0,584.0,1962-12-05,1962-12-05
5403801,J. M. Shannon Estate,TWDB,30.88,-101.67,GW,1,1,1,1,0,568.0,568.0,568.0,1962-12-04,1962-12-04
5403803,J. M. Shannon,TWDB,30.87,-101.68,GW,1,1,1,1,0,544.0,544.0,544.0,1962-12-04,1962-12-04
5403804,J. M. Shannon Estate,TWDB,30.89,-101.68,GW,4,3,3,3,0,533.0,638.0,580.7,1962-12-04,2004-10-12
5403806,J. M. Shannon Estate,TWDB,30.91,-101.68,GW,1,1,1,1,0,284.0,284.0,284.0,1962-12-05,1962-12-05
5403807,Shannon Estate,TWDB,30.87,-101.67,GW,1,1,1,1,0,614.0,614.0,614.0,1998-09-10,1998-09-10
5403902,J. M. Shannon Estate,TWDB,30.9,-101.66,GW,1,1,1,1,0,722.0,722.0,722.0,1962-12-04,1962-12-04
5403903,J. M. Shannon Estate,TWDB,30.89,-101.62,GW,1,1,1,1,0,364.0,364.0,364.0,1962-12-04,1962-12-04
5403904,J. M. Shannon Estate,TWDB,30.88,-101.65,GW,1,1,1,1,0,866.0,866.0,866.0,1962-12-04,1962-12-04
5404101,Virgil J. Powell,TWDB,30.99,-101.58,GW,2,2,2,2,0,1702.0,6310.0,4006.0,1962-11-29,1970-02-10
5404103,J. M. Shannon Estate,TWDB,30.98,-101.62,GW,1,1,1,1,0,1402.0,1402.0,1402.0,1963-07-08,1963-07-08
5404104,J. M. Shannon Estate,TWDB,30.98,-101.62,GW,1,1,1,1,0,1525.0,1525.0,1525.0,1963-07-08,1963-07-08
5404203,J. M. Shannon Estate,TWDB,30.97,-101.54,GW,1,1,1,1,0,1286.0,1286.0,1286.0,1962-11-28,1962-11-28
5404211,Shannon Estate,TWDB,30.96,-101.55,GW,1,1,1,1,0,456.0,456.0,456.0,2000-10-04,2000-10-04
5404301,J. M. Shannon Estate,TWDB,30.96,-101.52,GW,1,1,1,1,0,1754.0,1754.0,1754.0,1962-11-28,1962-11-28
5404302,Joe Strauss,TWDB,30.99,-101.51,GW,1,1,1,1,0,3319.0,3319.0,3319.0,1962-10-16,1962-10-16
5404303,J. M. Shannon Estate,TWDB,30.96,-101.51,GW,2,2,2,2,0,774.0,1794.0,1284.0,1962-11-28,1970-02-16
5404402,J. M. Shannon Estate,TWDB,30.92,-101.6,GW,2,2,2,2,0,327.0,1221.0,774.0,1962-11-28,1970-02-10
4525703,Cabot Corporation,TWDB,31.53,-102.98,GW,1,1,0,1,0,526.0,526.0,526.0,1938-12-12,1938-12-12
5404405,J. M. Shannon Estate,TWDB,30.95,-101.59,GW,1,1,1,1,0,1120.0,1120.0,1120.0,1962-12-05,1962-12-05
5404501,J. M. Shannon Estate,TWDB,30.93,-101.56,GW,2,2,2,2,0,945.0,994.0,969.5,1962-12-05,1970-02-10
5404602,J. M. Shannon Estate,TWDB,30.93,-101.5,GW,2,2,2,2,0,1725.0,1738.0,1731.5,1962-11-28,1970-02-16
5404701,J.M. Shannon Estate,TWDB,30.9,-101.58,GW,3,3,3,3,0,255.0,370.0,324.0,1962-11-28,1975-09-23
5404703,J. M. Shannon Estate,TWDB,30.89,-101.61,GW,2,2,2,2,0,388.0,838.0,613.0,1963-06-04,1975-09-24
5404708,Shannon Estate,TWDB,30.87,-101.61,GW,1,1,1,1,0,813.0,813.0,813.0,2010-06-08,2010-06-08
5404801,J. M. Shannon Estate,TWDB,30.9,-101.56,GW,1,1,1,1,0,825.0,825.0,825.0,1962-12-05,1962-12-05
5404802,J.M. Shannon Estate,TWDB,30.91,-101.54,GW,1,1,1,1,0,1347.0,1347.0,1347.0,1962-12-05,1962-12-05
5404803,J. M. Shannon Estate,TWDB,30.88,-101.56,GW,2,2,2,2,0,508.0,817.0,662.5,1962-11-27,1975-09-24
5404804,J. M. Shannon Estate,TWDB,30.87,-101.56,GW,2,2,2,2,0,831.0,927.0,879.0,1962-11-27,1975-09-23
5404806,Shannon Estate,TWDB,30.88,-101.56,GW,2,1,1,1,0,571.0,571.0,571.0,2004-10-12,2004-10-12
5404902,J. M. Shannon Estate,TWDB,30.87,-101.53,GW,1,1,1,1,0,1236.0,1236.0,1236.0,1962-12-05,1962-12-05
5404903,J. M. Shannon Estate,TWDB,30.9,-101.5,GW,1,1,1,1,0,1756.0,1756.0,1756.0,1962-11-28,1962-11-28
5404904,J. M. Shannon Estate,TWDB,30.88,-101.52,GW,2,2,2,2,0,429.0,452.0,440.5,1962-12-05,1970-03-31
5405102,J. M. Shannon Estate,TWDB,30.96,-101.48,GW,1,1,1,1,0,1892.0,1892.0,1892.0,1962-11-28,1962-11-28
5405103,Carl Pfluger,TWDB,30.99,-101.46,GW,2,2,2,2,0,1302.0,1687.0,1494.5,1962-11-19,1970-02-16
5405202,Carl Pfluger,TWDB,30.98,-101.43,GW,1,1,1,1,0,1984.0,1984.0,1984.0,1962-11-19,1962-11-19
5405203,Carl Pfluger,TWDB,30.98,-101.44,GW,1,1,1,1,0,1776.0,1776.0,1776.0,1962-11-19,1962-11-19
5405205,University of Texas,TWDB,30.96,-101.42,GW,1,1,1,1,0,1990.0,1990.0,1990.0,1962-11-21,1962-11-21
5405301,University of Texas,TWDB,30.99,-101.41,GW,1,1,1,1,0,2050.0,2050.0,2050.0,1962-10-12,1962-10-12
5405302,University of Texas,TWDB,30.99,-101.37,GW,1,1,1,1,0,474.0,474.0,474.0,1962-10-12,1962-10-12
5405303,University of Texas,TWDB,30.97,-101.38,GW,1,1,1,1,0,372.0,372.0,372.0,1962-11-21,1962-11-21
5405401,J. M. Shannon Estate,TWDB,30.95,-101.48,GW,1,1,1,1,0,1911.0,1911.0,1911.0,1962-11-27,1962-11-27
5405402,J.M. Shannon Estate,TWDB,30.94,-101.46,GW,1,1,1,1,0,2157.0,2157.0,2157.0,1962-11-27,1962-11-27
5405406,J. M. Shannon Estate,TWDB,30.94,-101.46,GW,4,4,4,4,0,324.0,2262.0,1738.5,1975-07-24,2010-06-07
5405502,J. M. Shannon Estate,TWDB,30.93,-101.45,GW,2,2,2,2,0,2343.0,2372.0,2357.5,1962-11-28,1970-02-16
5405503,J. M. Shannon Estate,TWDB,30.91,-101.45,GW,1,1,1,1,0,2284.0,2284.0,2284.0,1962-11-27,1962-11-27
5405601,University of Texas,TWDB,30.95,-101.4,GW,1,1,1,1,0,2085.0,2085.0,2085.0,1962-11-21,1962-11-21
5405602,University of Texas,TWDB,30.93,-101.38,GW,1,1,1,1,0,1626.0,1626.0,1626.0,1962-11-21,1962-11-21
5405702,J. M. Shannon Estate,TWDB,30.88,-101.47,GW,4,4,3,4,0,2093.0,2318.0,2193.5,1962-12-19,2004-10-14
5405703,J. M. Shannon Estate,TWDB,30.87,-101.47,GW,1,1,1,1,0,1926.0,1926.0,1926.0,1963-02-19,1963-02-19
5405704,J. M. Shannon,TWDB,30.88,-101.46,GW,2,2,2,2,0,1549.0,2270.0,1909.5,1975-09-24,1998-09-10
5405801,J. M. Shannon Estate,TWDB,30.88,-101.43,GW,2,2,2,2,0,1681.0,1768.0,1724.5,1962-12-19,1970-02-09
5405901,J. M. Shannon Estate,TWDB,30.89,-101.37,GW,1,1,1,1,0,1185.0,1185.0,1185.0,1962-11-01,1962-11-01
5405902,Permian Brine Sales,TWDB,30.9,-101.41,GW,1,1,1,1,0,1516.0,1516.0,1516.0,1995-09-26,1995-09-26
5406102,University of Texas,TWDB,30.95,-101.33,GW,1,1,1,1,0,412.0,412.0,412.0,1962-11-21,1962-11-21
5406201,University of Texas,TWDB,30.97,-101.31,GW,1,1,1,1,0,390.0,390.0,390.0,1962-10-29,1962-10-29
5406202,University of Texas,TWDB,30.96,-101.29,GW,1,1,1,1,0,498.0,498.0,498.0,1962-10-29,1962-10-29
5406203,University of Texas,TWDB,30.99,-101.29,GW,1,1,1,1,0,487.0,487.0,487.0,1962-10-29,1962-10-29
5406204,University of Texas,TWDB,30.99,-101.33,GW,1,1,1,1,0,488.0,488.0,488.0,1962-10-29,1962-10-29
5406401,University of Texas,TWDB,30.93,-101.35,GW,2,2,2,2,0,1020.0,1570.0,1295.0,1962-11-21,1970-02-17
5406502,University of Texas,TWDB,30.93,-101.3,GW,1,1,1,1,0,452.0,452.0,452.0,1962-10-29,1962-10-29
5406506,University of Texas,TWDB,30.92,-101.31,GW,1,1,1,1,0,1399.0,1399.0,1399.0,1962-10-29,1962-10-29
5406507,University of Texas,TWDB,30.92,-101.31,GW,1,1,1,1,0,1396.0,1396.0,1396.0,1962-10-29,1962-10-29
5406510,University of Texas,TWDB,30.93,-101.33,GW,1,1,1,1,0,1145.0,1145.0,1145.0,1962-11-21,1962-11-21
5406701,J.M. Shannon Estate,TWDB,30.9,-101.35,GW,1,1,1,1,0,1217.0,1217.0,1217.0,1962-11-01,1962-11-01
5410101,Billy Nolke,TWDB,30.86,-101.85,GW,4,4,4,4,0,1343.0,2151.0,1609.8,1962-12-10,1985-05-02
5410102,Clayton Smith,TWDB,30.84,-101.84,GW,1,1,1,1,0,492.0,492.0,492.0,1962-12-10,1962-12-10
5410203,J.M. Shannon Estate,TWDB,30.87,-101.79,GW,1,1,1,1,0,308.0,308.0,308.0,1962-12-04,1962-12-04
5410206,Bill Nolke,TWDB,30.83,-101.81,GW,1,1,1,1,0,300.0,300.0,300.0,1962-12-10,1962-12-10
5410302,J. M. Shannon Estate,TWDB,30.83,-101.76,GW,1,1,1,1,0,338.0,338.0,338.0,1963-06-04,1963-06-04
5410303,M. A. Shannon Estate,TWDB,30.85,-101.78,GW,1,1,1,1,0,328.0,328.0,328.0,1963-06-04,1963-06-04
5410402,Clayton Smith,TWDB,30.81,-101.83,GW,1,1,1,1,0,3166.0,3166.0,3166.0,1963-12-10,1963-12-10
5410502,Bill Nolke,TWDB,30.83,-101.8,GW,1,1,1,1,0,349.0,349.0,349.0,1962-12-10,1962-12-10
5410601,Bill Nolke,TWDB,30.79,-101.78,GW,4,3,3,3,0,338.0,466.0,387.3,1962-12-10,2004-10-14
5410602,Bill Nolke,TWDB,30.81,-101.77,GW,1,1,1,1,0,346.0,346.0,346.0,1962-12-10,1962-12-10
5410703,Church of Christ Camp ,TWDB,30.76,-101.83,GW,6,5,5,5,0,345.0,420.0,378.2,1975-07-23,2003-05-23
4525709,Colorado River,TWDB,31.51,-102.99,GW,1,1,1,1,0,523.0,523.0,523.0,1987-07-14,1987-07-14
5410801,Bill Nolke,TWDB,30.76,-101.82,GW,1,1,1,1,0,3071.0,3071.0,3071.0,1962-12-10,1962-12-10
5410803,"C. W. Meadows, et al. ",TWDB,30.75,-101.83,GW,1,1,1,1,0,4068.0,4068.0,4068.0,1966-09-15,1966-09-15
5410804,Bill Noelke,TWDB,30.78,-101.82,GW,1,1,1,1,0,345.0,345.0,345.0,1962-12-10,1962-12-10
5410901,Bill Nolke,TWDB,30.76,-101.78,GW,1,1,1,1,0,325.0,325.0,325.0,1962-12-10,1962-12-10
5410902,W. W. Owens,TWDB,30.77,-101.75,GW,1,1,1,1,0,329.0,329.0,329.0,1962-12-11,1962-12-11
5411101,J.M. Shannon Estate,TWDB,30.86,-101.71,GW,1,1,1,1,0,422.0,422.0,422.0,1962-12-04,1962-12-04
5411102,J. M. Shannon Estate,TWDB,30.84,-101.74,GW,1,1,1,1,0,292.0,292.0,292.0,1963-01-07,1963-01-07
5411103,M. A. Shannon Estate,TWDB,30.84,-101.72,GW,1,1,1,1,0,404.0,404.0,404.0,1963-06-04,1963-06-04
5411203,M. A. Shannon Estate,TWDB,30.85,-101.7,GW,1,1,1,1,0,449.0,449.0,449.0,1963-06-04,1963-06-04
5411306,Shannon Estate,TWDB,30.87,-101.64,GW,1,1,1,1,0,823.0,823.0,823.0,2006-07-28,2006-07-28
5411401,A. C. Hoover,TWDB,30.82,-101.71,GW,1,1,1,1,0,355.0,355.0,355.0,1963-06-04,1963-06-04
2640901,Ed Tinsley,TWDB,32.41,-103.01,GW,2,1,1,1,0,503.0,503.0,503.0,2000-04-25,2000-04-25
5411502,Southwest Royalties,TWDB,30.81,-101.69,GW,1,1,1,1,0,502.0,502.0,502.0,1998-09-14,1998-09-14
5411504,W. W. Owens,TWDB,30.79,-101.7,GW,1,1,1,1,0,337.0,337.0,337.0,1962-12-11,1962-12-11
5411508,A. C. Hoover,TWDB,30.81,-101.69,GW,2,2,2,2,0,579.0,591.0,585.0,1963-06-04,1970-03-31
5411511,A. C. Hoover,TWDB,30.83,-101.68,GW,1,1,1,1,0,618.0,618.0,618.0,1963-06-04,1963-06-04
5411512,Southwest Royalties,TWDB,30.81,-101.67,GW,1,1,1,1,0,839.0,839.0,839.0,2006-07-28,2006-07-28
5411601,A. C. Hoover,TWDB,30.81,-101.65,GW,1,1,1,1,0,1038.0,1038.0,1038.0,1963-06-04,1963-06-04
4525710,Colorado River Municipal Water District,TWDB,31.51,-102.99,GW,3,3,3,3,0,535.0,587.0,557.0,1987-07-14,2011-05-26
5411701,W. W. Owens,TWDB,30.79,-101.74,GW,1,1,1,1,0,292.0,292.0,292.0,1963-12-11,1963-12-11
5411702,W. W. Owens,TWDB,30.79,-101.72,GW,1,1,1,1,0,673.0,673.0,673.0,1963-12-11,1963-12-11
5411703,W. W. Owens,TWDB,30.77,-101.72,GW,1,1,1,1,0,307.0,307.0,307.0,1963-12-11,1963-12-11
5411704,W. W. Owens,TWDB,30.77,-101.7,GW,1,1,1,1,0,398.0,398.0,398.0,1962-12-11,1962-12-11
5411705,W. W. Owens,TWDB,30.76,-101.72,GW,1,1,1,1,0,280.0,280.0,280.0,1962-12-11,1962-12-11
5411706,A. C. Hoover,TWDB,30.76,-101.71,GW,1,1,1,1,0,355.0,355.0,355.0,1963-01-08,1963-01-08
5411802,A. C. Hoover,TWDB,30.77,-101.68,GW,1,1,1,1,0,678.0,678.0,678.0,1963-06-04,1963-06-04
5411804,Jeff Owens,TWDB,30.75,-101.68,GW,1,1,1,1,0,485.0,485.0,485.0,1962-12-12,1962-12-12
5411806,Jeff Owens,TWDB,30.75,-101.67,SP,2,2,2,2,0,530.0,5350.0,2940.0,1962-12-11,1970-02-12
5411810,A. C. Hoover,TWDB,30.76,-101.66,GW,1,1,1,1,0,929.0,929.0,929.0,1963-06-04,1963-06-04
5411905,Jeff Owens,TWDB,30.75,-101.65,GW,2,2,2,2,0,3168.0,4579.0,3873.5,1962-12-11,1970-02-12
5411906,University of Texas,TWDB,30.75,-101.62,GW,1,1,1,1,0,519.0,519.0,519.0,1962-12-11,1962-12-11
5411907,A. C. Hoover,TWDB,30.78,-101.64,GW,1,1,1,1,0,1169.0,1169.0,1169.0,1963-06-04,1963-06-04
5411908,A. C. Hoover,TWDB,30.77,-101.65,GW,1,1,1,1,0,593.0,593.0,593.0,1963-06-04,1963-06-04
5412101,J. M. Shannon Estate,TWDB,30.85,-101.61,GW,3,3,3,3,0,901.0,2712.0,1656.3,1962-12-05,1975-07-15
5412106,J. M. Shannon Estate,TWDB,30.87,-101.6,GW,3,3,3,3,0,862.0,994.0,935.3,1962-11-28,2000-07-13
5412201,J. S. Todd Estate,TWDB,30.84,-101.57,GW,2,2,2,2,0,2565.0,6331.0,4448.0,1963-02-26,1970-02-18
5412202,J. S. Todd Estate,TWDB,30.83,-101.55,GW,1,1,1,1,0,925.0,925.0,925.0,1962-11-26,1962-11-26
5412301,J. S. Todd Estate,TWDB,30.85,-101.53,GW,1,1,1,1,0,1357.0,1357.0,1357.0,1975-09-24,1975-09-24
5412302,J. M. Shannon Estate,TWDB,30.86,-101.51,GW,1,1,1,1,0,3981.0,3981.0,3981.0,1970-02-09,1970-02-09
5412501,J. S. Todd Estate,TWDB,30.81,-101.56,GW,1,1,1,1,0,1067.0,1067.0,1067.0,1962-11-26,1962-11-26
5412502,J. S. Todd Estate,TWDB,30.81,-101.54,GW,2,2,2,2,0,303.0,1041.0,672.0,1962-11-26,1970-02-19
4525711,Colorado River,TWDB,31.5,-102.99,GW,1,1,1,1,0,544.0,544.0,544.0,1987-07-14,1987-07-14
5412601,J. S. Todd Estate,TWDB,30.8,-101.53,GW,1,1,1,1,0,308.0,308.0,308.0,1962-11-26,1962-11-26
5412602,J.S. Todd Estate,TWDB,30.82,-101.5,GW,3,3,3,3,0,519.0,644.0,571.0,1963-02-26,1975-09-24
5412603,J. S. Todd Estate,TWDB,30.82,-101.5,GW,1,1,1,1,0,564.0,564.0,564.0,1975-09-24,1975-09-24
5412801,J. S. Todd Estate,TWDB,30.78,-101.56,GW,1,1,1,1,0,267.0,267.0,267.0,1962-11-26,1962-11-26
5412802,J. S. Todd Estate,TWDB,30.78,-101.54,GW,1,1,1,1,0,327.0,327.0,327.0,1962-11-26,1962-11-26
5412805,University of Texas,TWDB,30.75,-101.56,GW,1,1,1,1,0,1039.0,1039.0,1039.0,1962-12-14,1962-12-14
4525714,Colorado River Municipal Water District,TWDB,31.5,-102.98,GW,1,1,0,1,0,597.0,597.0,597.0,2004-07-27,2004-07-27
5412901,J. S. Todd Estate,TWDB,30.78,-101.52,GW,1,1,1,1,0,1562.0,1562.0,1562.0,1963-02-26,1963-02-26
5412902,University of Texas,TWDB,30.76,-101.52,GW,1,1,1,1,0,307.0,307.0,307.0,1963-06-07,1963-06-07
5413301,J. M. Shannon Estate,TWDB,30.85,-101.37,GW,1,1,1,1,0,356.0,356.0,356.0,1962-11-01,1962-11-01
5413303,J. M. Shannon Estate,TWDB,30.85,-101.39,GW,2,2,2,2,0,272.0,2960.0,1616.0,1962-12-19,1970-02-09
5413401,J. S. Todd Estate,TWDB,30.8,-101.48,GW,2,2,2,2,0,464.0,520.0,492.0,1963-02-19,1970-04-02
5413402,J. S. Todd Estate,TWDB,30.81,-101.49,GW,1,1,1,1,0,454.0,454.0,454.0,1963-02-26,1963-02-26
5413405,Todd Cattle Company,TWDB,30.81,-101.48,GW,4,4,4,4,0,578.0,643.0,608.5,1975-07-22,1993-05-19
5413406,J. S. Todd Estate,TWDB,30.79,-101.46,GW,1,1,1,1,0,2353.0,2353.0,2353.0,1963-02-26,1963-02-26
5413602,Joe Bean,TWDB,30.8,-101.39,GW,1,1,1,1,0,2196.0,2196.0,2196.0,1963-02-28,1963-02-28
5413603,Joe Bean,TWDB,30.79,-101.39,GW,1,1,1,1,0,2223.0,2223.0,2223.0,1963-02-28,1963-02-28
5413604,J. S. Todd Estate,TWDB,30.82,-101.41,GW,2,2,2,2,0,2089.0,2134.0,2111.5,1962-12-14,1970-02-19
5413607,Joe Bean,TWDB,30.83,-101.38,GW,1,1,1,1,0,2895.0,2895.0,2895.0,1963-02-28,1963-02-28
5413701,J. S. Todd Estate,TWDB,30.78,-101.48,GW,2,2,2,2,0,626.0,877.0,751.5,1963-02-19,1970-02-09
5413703,University of Texas,TWDB,30.75,-101.47,GW,1,1,1,1,0,2177.0,2177.0,2177.0,1962-12-14,1962-12-14
5413801,J. S. Todd Estate,TWDB,30.77,-101.44,GW,2,2,2,2,0,2406.0,2431.0,2418.5,1963-02-19,1970-02-17
5413803,University of Texas,TWDB,30.75,-101.44,GW,1,1,1,1,0,2244.0,2244.0,2244.0,1962-12-13,1962-12-13
5413901,Joe Bean,TWDB,30.76,-101.38,GW,1,1,1,1,0,2300.0,2300.0,2300.0,1963-02-26,1963-02-26
5413902,Joe Bean,TWDB,30.78,-101.38,GW,2,2,2,2,0,2102.0,2145.0,2123.5,1962-11-08,1970-02-13
5413903,University of Texas,TWDB,30.75,-101.38,GW,2,2,2,2,0,1629.0,1725.0,1677.0,1963-02-19,1970-02-13
5413904,University of Texas,TWDB,30.75,-101.4,GW,2,2,2,2,0,2336.0,2366.0,2351.0,1962-12-13,1963-02-28
5413908,J. S. Todd Estate,TWDB,30.78,-101.41,GW,2,2,2,2,0,2191.0,2456.0,2323.5,1963-02-14,1970-02-13
5414403,Joe Bean,TWDB,30.82,-101.36,GW,1,1,1,1,0,2219.0,2219.0,2219.0,1962-02-28,1962-02-28
5414703,Archie Bean,TWDB,30.77,-101.36,GW,1,1,1,1,0,2084.0,2084.0,2084.0,1963-02-28,1963-02-28
5414801,"F. R. Henderson, Jr.",TWDB,30.75,-101.3,GW,1,1,1,1,0,1277.0,1277.0,1277.0,1962-09-20,1962-09-20
5414802,Archie Bean,TWDB,30.77,-101.32,GW,1,1,1,1,0,265.0,265.0,265.0,1962-11-05,1962-11-05
5418201,Austin C. Millspaugh,TWDB,30.7,-101.79,GW,1,1,1,1,0,377.0,377.0,377.0,1962-12-10,1962-12-10
5418203,Millspaugh Ranch,TWDB,30.71,-101.79,GW,1,1,1,1,0,389.0,389.0,389.0,1983-11-16,1983-11-16
5418301,Austin C. Millspaugh,TWDB,30.72,-101.78,GW,1,1,1,1,0,342.0,342.0,342.0,1962-12-10,1962-12-10
5418401,"H.C. Noelke, Jr",TWDB,30.67,-101.83,GW,1,1,1,1,0,331.0,331.0,331.0,1975-04-14,1975-04-14
5418504,City of Sheffield,TWDB,30.69,-101.82,GW,2,2,2,2,0,310.0,337.0,323.5,1987-03-26,1993-04-22
5418507,Don Wood,TWDB,30.69,-101.82,GW,1,0,1,1,0,,,,1993-04-22,1993-04-22
5418508,Jerry Fortune,TWDB,30.69,-101.82,GW,2,2,2,2,0,314.0,344.0,329.0,1998-10-05,2004-09-09
5418511,Lynn Holland,TWDB,30.68,-101.81,GW,1,1,1,1,0,360.0,360.0,360.0,2010-05-12,2010-05-12
5418602,H. B. Cox Estate,TWDB,30.7,-101.78,GW,1,1,1,1,0,2431.0,2431.0,2431.0,1962-12-10,1962-12-10
5418901,Marley,TWDB,30.65,-101.76,GW,1,1,1,1,0,343.0,343.0,343.0,1985-05-02,1985-05-02
5418902,W.E. White Estate,TWDB,30.65,-101.76,GW,2,2,2,2,0,390.0,2149.0,1269.5,1973-05-15,1993-05-19
5419101,H. B. Cox Estate,TWDB,30.7,-101.74,GW,1,1,1,1,0,345.0,345.0,345.0,1962-12-14,1962-12-14
5419102,H. B. Cox Estate,TWDB,30.71,-101.72,GW,1,1,1,1,0,358.0,358.0,358.0,1962-12-14,1962-12-14
5419103,Alma Cox Estate,TWDB,30.73,-101.74,GW,1,1,0,1,0,306.0,306.0,306.0,1950-07-09,1950-07-09
5419201,Jeff W. Owens,TWDB,30.74,-101.68,GW,1,1,1,1,0,1471.0,1471.0,1471.0,1962-12-11,1962-12-11
5419202,Jeff W. Owens,TWDB,30.73,-101.69,GW,1,1,1,1,0,440.0,440.0,440.0,1962-12-11,1962-12-11
5419203,H. B. Cox Estate,TWDB,30.71,-101.69,GW,1,1,1,1,0,443.0,443.0,443.0,1962-12-14,1962-12-14
5419301,University of Texas,TWDB,30.72,-101.66,GW,2,2,2,2,0,1850.0,3820.0,2835.0,1962-12-12,1970-02-12
5419302,University of Texas,TWDB,30.73,-101.63,GW,1,1,1,1,0,4383.0,4383.0,4383.0,1962-12-11,1962-12-11
5419303,University of Texas,TWDB,30.72,-101.65,GW,1,1,1,1,0,539.0,539.0,539.0,1962-12-12,1962-12-12
5419304,University of Texas,TWDB,30.72,-101.65,GW,1,1,1,1,0,463.0,463.0,463.0,1963-07-20,1963-07-20
5419305,University of Texas,TWDB,30.71,-101.63,GW,2,2,2,2,0,336.0,339.0,337.5,1963-07-20,1970-02-12
5419402,H. B. Cox Estate,TWDB,30.68,-101.71,GW,1,1,1,1,0,425.0,425.0,425.0,1962-12-14,1962-12-14
5419601,University of Texas,TWDB,30.68,-101.64,GW,1,1,1,1,0,429.0,429.0,429.0,1963-03-01,1963-03-01
5419604,Lee Chidress,TWDB,30.67,-101.62,GW,1,1,1,1,0,238.0,238.0,238.0,1963-06-05,1963-06-05
5419702,Austin C. Millspaugh,TWDB,30.66,-101.71,GW,2,2,2,2,0,383.0,406.0,394.5,1962-12-10,1975-07-23
5419804,B. B. Ingram,TWDB,30.65,-101.68,GW,1,1,1,1,0,529.0,529.0,529.0,1963-03-01,1963-03-01
5419806,Ft Lancaster Historic ,TWDB,30.66,-101.69,GW,6,6,6,6,0,1109.0,1803.0,1465.8,1969-11-02,1978-12-21
5419807,Ft Lancaster Historic ,TWDB,30.66,-101.69,GW,4,3,3,3,0,671.0,1152.0,975.7,1978-07-19,1982-04-28
5419903,B. B. Ingram,TWDB,30.64,-101.63,GW,1,1,1,1,0,408.0,408.0,408.0,1963-03-01,1963-03-01
5419904,B. B. Ingram,TWDB,30.63,-101.62,GW,1,1,1,1,0,606.0,606.0,606.0,1963-03-01,1963-03-01
5420101,University of Texas,TWDB,30.72,-101.59,GW,2,2,2,2,0,2161.0,4326.0,3243.5,1962-12-11,1970-02-12
5420102,University of Texas,TWDB,30.71,-101.6,GW,1,1,1,1,0,330.0,330.0,330.0,1963-06-05,1963-06-05
5420202,University of Texas,TWDB,30.7,-101.57,GW,4,4,4,4,0,334.0,1055.0,685.5,1963-06-07,2010-06-08
5420303,University of Texas,TWDB,30.74,-101.53,GW,1,1,1,1,0,1227.0,1227.0,1227.0,1963-06-07,1963-06-07
5420402,Lee Childress,TWDB,30.67,-101.6,GW,1,1,1,1,0,804.0,804.0,804.0,1963-06-05,1963-06-05
5420501,University of Texas,TWDB,30.69,-101.57,GW,1,1,1,1,0,998.0,998.0,998.0,1963-06-05,1963-06-05
5420601,University of Texas,TWDB,30.69,-101.5,GW,1,1,1,1,0,1490.0,1490.0,1490.0,1962-12-14,1962-12-14
5420602,University of Texas,TWDB,30.7,-101.53,GW,1,1,1,1,0,1518.0,1518.0,1518.0,1962-06-07,1962-06-07
5420606,University of Texas,TWDB,30.7,-101.5,GW,1,1,1,1,0,1604.0,1604.0,1604.0,1970-02-12,1970-02-12
5420701,B. B. Ingram,TWDB,30.63,-101.61,GW,1,1,1,1,0,330.0,330.0,330.0,1962-03-01,1962-03-01
5420702,P. C. Perner,TWDB,30.64,-101.58,GW,1,1,1,1,0,354.0,354.0,354.0,1963-03-11,1963-03-11
5420801,P. C. Perner,TWDB,30.62,-101.56,GW,1,1,1,1,0,1145.0,1145.0,1145.0,1963-03-11,1963-03-11
5420802,P. C. Perner,TWDB,30.62,-101.54,GW,1,1,1,1,0,680.0,680.0,680.0,1963-03-11,1963-03-11
5420901,University of Texas,TWDB,30.65,-101.52,GW,1,1,1,1,0,299.0,299.0,299.0,1963-03-22,1963-03-22
5420902,University of Texas,TWDB,30.65,-101.5,GW,1,1,1,1,0,281.0,281.0,281.0,1963-03-22,1963-03-22
5421101,University of Texas,TWDB,30.73,-101.47,GW,1,1,1,1,0,981.0,981.0,981.0,1962-12-14,1962-12-14
5421103,University of Texas,TWDB,30.72,-101.49,GW,1,1,1,1,0,1166.0,1166.0,1166.0,1963-06-07,1963-06-07
5421201,University of Texas,TWDB,30.71,-101.43,GW,2,2,2,2,0,342.0,389.0,365.5,1962-12-13,1970-02-18
5421303,University of Texas,TWDB,30.7,-101.39,GW,2,2,2,2,0,1981.0,2008.0,1994.5,1963-02-19,1970-02-13
5421402,University of Texas,TWDB,30.7,-101.46,GW,1,1,1,1,0,307.0,307.0,307.0,1962-12-14,1962-12-14
5421403,University of Texas,TWDB,30.66,-101.46,GW,1,1,1,1,0,324.0,324.0,324.0,1963-03-18,1963-03-18
5421505,University of Texas,TWDB,30.7,-101.45,GW,1,1,1,1,0,227.0,227.0,227.0,1963-06-03,1963-06-03
5421602,University of Texas,TWDB,30.66,-101.39,GW,1,1,1,1,0,1161.0,1161.0,1161.0,1970-02-13,1970-02-13
5421605,University of Texas,TWDB,30.7,-101.41,GW,2,2,2,2,0,1029.0,1069.0,1049.0,1993-05-26,1998-09-09
5421701,University of Texas,TWDB,30.64,-101.46,GW,1,1,1,1,0,335.0,335.0,335.0,1963-03-18,1963-03-18
5421702,University of Texas,TWDB,30.64,-101.49,GW,1,1,1,1,0,1639.0,1639.0,1639.0,1963-03-22,1963-03-22
5421801,University of Texas,TWDB,30.65,-101.43,GW,2,2,2,2,0,317.0,956.0,636.5,1963-06-19,1970-02-18
5421903,University of Texas,TWDB,30.63,-101.37,GW,1,1,1,1,0,286.0,286.0,286.0,1963-06-03,1963-06-03
5421904,University of Texas,TWDB,30.66,-101.39,GW,1,1,1,1,0,1279.0,1279.0,1279.0,1963-06-03,1963-06-03
5422102,"F. R. Henderson, Jr.",TWDB,30.72,-101.36,GW,1,1,1,1,0,1981.0,1981.0,1981.0,1962-09-20,1962-09-20
5422103,C. W. Medows Estate,TWDB,30.72,-101.34,GW,1,1,1,1,0,305.0,305.0,305.0,1962-11-13,1962-11-13
5422104,University of Texas,TWDB,30.72,-101.37,GW,1,1,1,1,0,1900.0,1900.0,1900.0,1963-02-19,1963-02-19
5422105,F. R. Henderson Jr.,TWDB,30.74,-101.34,GW,1,1,1,1,0,1562.0,1562.0,1562.0,1962-09-20,1962-09-20
5422202,C. W. Medows Estate,TWDB,30.71,-101.31,GW,1,1,1,1,0,384.0,384.0,384.0,1962-11-13,1962-11-13
5422401,C. W. Medows Estate,TWDB,30.69,-101.34,GW,1,1,1,1,0,299.0,299.0,299.0,1962-11-13,1962-11-13
5422403,Texas-New Mexico Pipeline Company,TWDB,30.68,-101.34,GW,2,2,2,2,0,435.0,471.0,453.0,1963-07-08,1998-09-16
5422603,C. W. Medows Estate,TWDB,30.68,-101.27,GW,1,1,1,1,0,454.0,454.0,454.0,1962-11-13,1962-11-13
5422702,G. M. Couch,TWDB,30.64,-101.34,GW,1,1,1,1,0,306.0,306.0,306.0,1963-03-20,1963-03-20
5422801,G. M. Couch,TWDB,30.64,-101.32,GW,1,1,1,1,0,1139.0,1139.0,1139.0,1963-03-20,1963-03-20
5422802,G. M. Couch,TWDB,30.63,-101.3,GW,1,1,1,1,0,248.0,248.0,248.0,1963-03-20,1963-03-20
5425201,Tom Hill,TWDB,30.62,-101.92,GW,1,1,1,1,0,336.0,336.0,336.0,1993-04-16,1993-04-16
5426502,Allison Ranch,TWDB,30.55,-101.8,GW,1,1,1,1,0,288.0,288.0,288.0,2003-04-29,2003-04-29
5426601,Margaret Allison,TWDB,30.54,-101.79,GW,2,2,2,2,0,316.0,325.0,320.5,1993-04-16,1998-10-26
5426602,Allison Ranch,TWDB,30.56,-101.77,GW,1,1,1,1,0,305.0,305.0,305.0,2003-04-29,2003-04-29
5427301,B. B. Ingham,TWDB,30.61,-101.65,GW,1,1,1,1,0,457.0,457.0,457.0,1963-03-01,1963-03-01
5427302,B. B. Ingram,TWDB,30.61,-101.62,GW,1,1,1,1,0,991.0,991.0,991.0,1963-03-01,1963-03-01
5427602,R. R. Dudley,TWDB,30.56,-101.64,GW,1,1,1,1,0,554.0,554.0,554.0,1963-03-01,1963-03-01
5427603,Hugh Childress,TWDB,30.54,-101.66,GW,2,2,2,2,0,577.0,761.0,669.0,1993-04-14,1998-10-28
5427801,Armond Hoover,TWDB,30.5,-101.67,GW,1,1,1,1,0,335.0,335.0,335.0,1963-07-07,1963-07-07
5428101,Tom Hill,TWDB,30.6,-101.58,GW,6,6,6,6,0,1036.0,1123.0,1065.0,1963-03-11,1998-09-09
5428102,P. C. Perner,TWDB,30.62,-101.59,GW,1,1,1,1,0,528.0,528.0,528.0,1963-03-11,1963-03-11
5428103,B. B. Ingram,TWDB,30.6,-101.62,GW,1,1,1,1,0,1259.0,1259.0,1259.0,1963-03-01,1963-03-01
5428201,P. C. Perner,TWDB,30.6,-101.55,GW,1,1,1,1,0,572.0,572.0,572.0,1963-03-11,1963-03-11
5428301,P. C. Perner,TWDB,30.61,-101.52,GW,1,1,1,1,0,316.0,316.0,316.0,1963-03-11,1963-03-11
5428303,"L. B. Cox, Jr.",TWDB,30.58,-101.5,GW,1,1,1,1,0,412.0,412.0,412.0,1963-03-12,1963-03-12
5428304,"L. B. Cox, Jr.",TWDB,30.61,-101.5,GW,1,1,1,1,0,1555.0,1555.0,1555.0,1963-03-12,1963-03-12
5428402,R. R. Dudley,TWDB,30.55,-101.6,GW,1,1,1,1,0,1264.0,1264.0,1264.0,1963-03-01,1963-03-01
5428404,R. R. Dudley,TWDB,30.54,-101.59,GW,1,1,1,1,0,314.0,314.0,314.0,1963-03-01,1963-03-01
5428502,Mrs. Medie Lee,TWDB,30.56,-101.56,GW,1,1,1,1,0,345.0,345.0,345.0,1963-03-12,1963-03-12
5428601,Mrs. Medie Lee,TWDB,30.56,-101.53,GW,1,1,1,1,0,1384.0,1384.0,1384.0,1963-03-12,1963-03-12
5428602,"L. B. Cox, Jr.",TWDB,30.56,-101.51,GW,1,1,1,1,0,410.0,410.0,410.0,1963-03-12,1963-03-12
5428603,"L. B. Cox, Jr.",TWDB,30.57,-101.52,GW,1,1,1,1,0,1428.0,1428.0,1428.0,1963-03-12,1963-03-12
5428701,Armond Hoover,TWDB,30.51,-101.62,GW,1,1,1,1,0,384.0,384.0,384.0,1963-03-07,1963-03-07
5428702,"L. B. Cox, Jr.",TWDB,30.51,-101.58,GW,2,2,2,2,0,366.0,1087.0,726.5,1963-03-11,1970-03-31
5428703,R. R. Dudley,TWDB,30.53,-101.62,GW,1,1,1,1,0,1085.0,1085.0,1085.0,1963-03-01,1963-03-01
5428801,A. C. Millspaugh,TWDB,30.5,-101.56,GW,1,1,1,1,0,914.0,914.0,914.0,1963-03-12,1963-03-12
5428802,"L. B. Cox, Jr.",TWDB,30.53,-101.56,GW,3,3,3,3,0,661.0,895.0,816.7,1963-03-12,1985-05-14
5428901,A. C. Millspaugh,TWDB,30.53,-101.52,GW,1,1,1,1,0,1751.0,1751.0,1751.0,1963-03-12,1963-03-12
5428902,A. C. Millspaugh,TWDB,30.52,-101.53,GW,1,1,1,1,0,478.0,478.0,478.0,1963-03-12,1963-03-12
5428903,A. C. Millspaugh,TWDB,30.5,-101.53,GW,1,1,1,1,0,1510.0,1510.0,1510.0,1963-03-12,1963-03-12
5429103,V. B. Cox,TWDB,30.59,-101.48,GW,1,1,1,1,0,399.0,399.0,399.0,1963-03-12,1963-03-12
5429104,Roy Henderson,TWDB,30.61,-101.46,GW,1,1,1,1,0,320.0,320.0,320.0,1963-03-20,1963-03-20
5429201,University of Texas,TWDB,30.62,-101.45,GW,2,2,2,2,0,291.0,1787.0,1039.0,1963-03-20,1970-02-19
5429301,Roy Henderson,TWDB,30.61,-101.41,GW,1,1,1,1,0,2150.0,2150.0,2150.0,1962-10-04,1962-10-04
5429302,J. W. Hinderson,TWDB,30.58,-101.41,GW,1,1,1,1,0,1461.0,1461.0,1461.0,1963-03-18,1963-03-18
5429304,University of Texas,TWDB,30.62,-101.41,GW,1,1,1,1,0,628.0,628.0,628.0,1963-03-20,1963-03-20
5429401,"L. B. Cox, Jr.",TWDB,30.57,-101.47,GW,1,1,1,1,0,328.0,328.0,328.0,1963-03-12,1963-03-12
5429402,S. S. Millspaugh,TWDB,30.54,-101.48,GW,1,1,1,1,0,974.0,974.0,974.0,1963-03-12,1963-03-12
5429404,J. W. Hinderson,TWDB,30.54,-101.46,GW,1,1,1,1,0,1019.0,1019.0,1019.0,1963-03-18,1963-03-18
5429502,J. W. Henderson III,TWDB,30.57,-101.42,GW,1,1,1,1,0,391.0,391.0,391.0,1963-03-18,1963-03-18
5429604,J. W. Henderson,TWDB,30.57,-101.38,GW,1,1,1,1,0,1149.0,1149.0,1149.0,1963-03-18,1963-03-18
5429701,S. S. Millspaugh,TWDB,30.52,-101.48,GW,2,2,2,2,0,613.0,1287.0,950.0,1963-03-21,1970-03-31
5429702,S. S. Millspaugh,TWDB,30.51,-101.47,GW,1,1,1,1,0,1992.0,1992.0,1992.0,1963-03-12,1963-03-12
5429903,J. W. Hinderson,TWDB,30.54,-101.39,GW,1,1,1,1,0,2065.0,2065.0,2065.0,1963-03-18,1963-03-18
5429904,J. W. Hinderson,TWDB,30.5,-101.4,GW,1,1,1,1,0,1751.0,1751.0,1751.0,1963-03-18,1963-03-18
5429905,Ben Robertson,TWDB,30.5,-101.38,GW,1,1,1,1,0,1845.0,1845.0,1845.0,1963-03-21,1963-03-21
5430101,Roy Henderson,TWDB,30.61,-101.34,GW,1,1,1,1,0,302.0,302.0,302.0,1963-03-20,1963-03-20
5430201,G. M. Couch Estate,TWDB,30.61,-101.31,GW,1,1,1,1,0,308.0,308.0,308.0,1963-03-20,1963-03-20
5430401,Mrs. G. Bean,TWDB,30.54,-101.36,GW,1,1,1,1,0,315.0,315.0,315.0,1963-03-21,1963-03-21
5430402,Mrs. G. Bean,TWDB,30.57,-101.35,GW,1,1,1,1,0,311.0,311.0,311.0,1963-03-21,1963-03-21
4433702,DeWayne Lindsey,TWDB,31.38,-101.97,GW,1,0,1,1,0,,,,1993-07-21,1993-07-21
5430501,Mrs. G. Bean,TWDB,30.56,-101.33,GW,8,7,7,7,0,247.0,328.0,291.0,1963-03-21,2004-10-13
5430607,E. H. Hunt,TWDB,30.56,-101.28,GW,1,1,1,1,0,876.0,876.0,876.0,1963-06-03,1963-06-03
5430701,Ben Robertson,TWDB,30.51,-101.37,GW,1,1,1,1,0,313.0,313.0,313.0,1963-03-21,1963-03-21
5430702,Ben Robertson,TWDB,30.52,-101.36,GW,1,1,1,1,0,281.0,281.0,281.0,1963-03-21,1963-03-21
5430704,Mrs. G. Bean,TWDB,30.53,-101.34,GW,1,1,1,1,0,320.0,320.0,320.0,1963-03-21,1963-03-21
5434203,Caroline Springs/T-5,TWDB,30.46,-101.8,SP,4,2,2,2,0,508.0,528.0,518.0,2003-04-03,2007-06-12
5435101,Basil Dunlap,TWDB,30.46,-101.72,GW,1,1,1,1,0,3295.0,3295.0,3295.0,1963-03-06,1963-03-06
5435102,Chandler Ranch,TWDB,30.45,-101.74,GW,3,3,3,3,0,507.0,530.0,517.3,1994-05-18,2003-04-29
4526202,Sealy-Smith Foundation,TWDB,31.61,-102.82,GW,2,2,2,2,0,188.0,264.0,226.0,1974-07-23,1985-06-24
5435202,Basil Dunlap,TWDB,30.46,-101.69,GW,1,1,1,1,0,496.0,496.0,496.0,1963-03-06,1963-03-06
5435203,Armond Hoover,TWDB,30.49,-101.68,SP,1,1,1,1,0,267.0,267.0,267.0,1963-03-06,1963-03-06
5435303,"W. P. Hoover, Jr.",TWDB,30.46,-101.65,GW,1,1,1,1,0,286.0,286.0,286.0,1963-03-06,1963-03-06
5435501,B. Dunlap,TWDB,30.45,-101.7,GW,1,1,1,1,0,2483.0,2483.0,2483.0,1963-03-06,1963-03-06
5435502,Basil Dunlap,TWDB,30.45,-101.7,GW,1,1,1,1,0,832.0,832.0,832.0,1963-03-06,1963-03-06
5435503,"W. P. Hoover, Jr.",TWDB,30.43,-101.67,GW,1,1,1,1,0,328.0,328.0,328.0,1963-03-07,1963-03-07
5435601,Bill Hoover,TWDB,30.45,-101.65,GW,1,1,1,1,0,1209.0,1209.0,1209.0,1963-03-06,1963-03-06
5435602,"W. P. Hoover, Jr.",TWDB,30.43,-101.65,GW,1,1,1,1,0,290.0,290.0,290.0,1963-03-07,1963-03-07
5435802,L. B. Hoover,TWDB,30.38,-101.69,GW,1,1,1,1,0,1797.0,1797.0,1797.0,1963-03-07,1963-03-07
5435803,L. B. Hoover,TWDB,30.39,-101.67,GW,1,1,1,1,0,1506.0,1506.0,1506.0,1963-03-07,1963-03-07
5435901,"W. P. Hoover, Jr.",TWDB,30.41,-101.62,GW,1,1,1,1,0,261.0,261.0,261.0,1963-03-07,1963-03-07
5436101,L. Hoover Estate,TWDB,30.47,-101.59,GW,1,1,1,1,0,866.0,866.0,866.0,1963-03-07,1963-03-07
4526203,Monahans Sandhills,TWDB,31.61,-102.81,GW,7,7,5,7,0,131.0,141.0,137.9,1967-04-11,1975-10-05
5436201,P. Holmsley,TWDB,30.48,-101.57,GW,4,4,4,4,0,251.0,857.0,679.2,1963-03-12,1993-05-26
5436202,Reed Holmsley,TWDB,30.47,-101.57,GW,2,2,2,2,0,338.0,522.0,430.0,1963-03-12,1998-09-15
5436203,P. Holmsley,TWDB,30.46,-101.55,GW,1,1,1,1,0,1377.0,1377.0,1377.0,1963-03-12,1963-03-12
5436401,L. Hoover Estate,TWDB,30.44,-101.6,GW,1,1,1,1,0,982.0,982.0,982.0,1963-03-07,1963-03-07
5436402,Laura Hoover Estate,TWDB,30.42,-101.59,GW,1,1,1,1,0,305.0,305.0,305.0,1963-03-07,1963-03-07
5436501,L. Hoover Estate,TWDB,30.43,-101.57,GW,1,1,1,1,0,280.0,280.0,280.0,1963-03-07,1963-03-07
5436502,L. Hoover Estate,TWDB,30.42,-101.54,GW,1,1,1,1,0,1790.0,1790.0,1790.0,1963-03-07,1963-03-07
5436601,L. Hoover Estate,TWDB,30.43,-101.52,GW,1,1,1,1,0,1491.0,1491.0,1491.0,1963-03-12,1963-03-12
5436602,I. Carson,TWDB,30.45,-101.5,GW,1,1,1,1,0,260.0,260.0,260.0,1963-03-21,1963-03-21
5436701,L. Hoover Estate,TWDB,30.4,-101.61,GW,1,1,1,1,0,290.0,290.0,290.0,1963-03-07,1963-03-07
5436702,T. Mitchell,TWDB,30.39,-101.61,GW,1,1,1,1,0,302.0,302.0,302.0,1963-03-07,1963-03-07
5436801,T. Mitchell,TWDB,30.39,-101.57,GW,1,1,1,1,0,247.0,247.0,247.0,1963-03-11,1963-03-11
5436802,T. Mitchell,TWDB,30.38,-101.55,GW,1,1,1,1,0,1387.0,1387.0,1387.0,1963-03-11,1963-03-11
5436902,T. Mitchell,TWDB,30.39,-101.52,GW,2,1,1,1,0,303.0,303.0,303.0,2004-10-13,2004-10-13
5437101,J.W. Henderson,TWDB,30.47,-101.47,GW,2,2,2,2,0,1263.0,1956.0,1609.5,1963-03-18,1970-02-18
5437102,Ira Carson,TWDB,30.46,-101.48,GW,1,1,1,1,0,1423.0,1423.0,1423.0,1963-03-21,1963-03-21
5437103,I. Carson,TWDB,30.47,-101.47,GW,1,1,1,1,0,1424.0,1424.0,1424.0,1963-03-21,1963-03-21
5437105,Ira Carson,TWDB,30.49,-101.49,GW,1,1,1,1,0,944.0,944.0,944.0,1963-03-21,1963-03-21
5437201,J. W. Henderson,TWDB,30.49,-101.45,GW,1,1,1,1,0,1251.0,1251.0,1251.0,1963-03-18,1963-03-18
5437202,J.S. Pierce III,TWDB,30.48,-101.42,GW,4,4,4,4,0,2067.0,2147.0,2123.5,1963-03-18,2010-06-10
5437302,J. W. Henderson,TWDB,30.48,-101.41,GW,1,1,1,1,0,2154.0,2154.0,2154.0,1963-03-18,1963-03-18
5437303,J. W. Henderson,TWDB,30.47,-101.4,GW,1,1,1,1,0,2068.0,2068.0,2068.0,1963-03-18,1963-03-18
5437305,B. Robertson,TWDB,30.49,-101.38,GW,1,1,1,1,0,1845.0,1845.0,1845.0,1963-03-21,1963-03-21
5437401,J. W. Henderson,TWDB,30.43,-101.46,GW,1,1,1,1,0,1302.0,1302.0,1302.0,1963-03-18,1963-03-18
5437403,I. Carson,TWDB,30.44,-101.47,GW,1,1,1,1,0,1339.0,1339.0,1339.0,1963-03-21,1963-03-21
5437406,Chris Carmen Sutton,TWDB,30.42,-101.47,GW,1,1,1,1,0,1420.0,1420.0,1420.0,2000-07-11,2000-07-11
5437501,J. Childress,TWDB,30.41,-101.45,GW,1,1,1,1,0,1008.0,1008.0,1008.0,1963-06-05,1963-06-05
5437502,J. Childress,TWDB,30.43,-101.44,GW,1,1,1,1,0,323.0,323.0,323.0,1963-06-05,1963-06-05
5437503,James Childress,TWDB,30.44,-101.41,GW,1,1,1,1,0,287.0,287.0,287.0,1963-06-05,1963-06-05
5437505,J. Childress,TWDB,30.43,-101.43,GW,1,1,1,1,0,1439.0,1439.0,1439.0,1963-06-05,1963-06-05
5437506,J. W. Henderson,TWDB,30.45,-101.44,GW,1,1,1,1,0,1097.0,1097.0,1097.0,1963-03-18,1963-03-18
5437601,J. Childress,TWDB,30.42,-101.39,GW,1,1,1,1,0,267.0,267.0,267.0,1963-06-05,1963-06-05
5437602,J. Childress,TWDB,30.44,-101.39,GW,1,1,1,1,0,207.0,207.0,207.0,1963-06-05,1963-06-05
5437701,Bill Clegg,TWDB,30.38,-101.48,GW,1,1,1,1,0,1137.0,1137.0,1137.0,1963-03-14,1963-03-14
5437702,Bill Clegg,TWDB,30.38,-101.47,GW,2,2,2,2,0,846.0,1149.0,997.5,1963-03-14,1970-02-18
5437704,B. Clegg,TWDB,30.4,-101.46,GW,1,1,1,1,0,315.0,315.0,315.0,1963-03-14,1963-03-14
5437705,B. Clegg,TWDB,30.4,-101.48,GW,4,4,4,4,0,512.0,612.0,561.5,1963-03-14,2010-06-10
5437706,B. Clegg,TWDB,30.41,-101.49,GW,1,1,1,1,0,433.0,433.0,433.0,1963-03-14,1963-03-14
5437707,F. White,TWDB,30.39,-101.49,GW,1,1,1,1,0,498.0,498.0,498.0,1963-03-14,1963-03-14
5437803,Mrs. R. Watson,TWDB,30.37,-101.45,GW,2,2,2,2,0,518.0,1084.0,801.0,1963-03-14,2006-07-27
5437901,Mrs. R. Watson,TWDB,30.39,-101.4,GW,1,1,1,1,0,1925.0,1925.0,1925.0,1963-03-14,1963-03-14
5437902,V. I. Pierce,TWDB,30.4,-101.38,GW,1,1,1,1,0,2070.0,2070.0,2070.0,1963-05-02,1963-05-02
5438101,V. I. Pierce,TWDB,30.46,-101.35,GW,1,1,1,1,0,274.0,274.0,274.0,1963-05-02,1963-05-02
5438401,V. I. Pierce,TWDB,30.44,-101.36,GW,1,1,1,1,0,243.0,243.0,243.0,1963-05-02,1963-05-02
5438402,V. I. Pierce,TWDB,30.42,-101.36,GW,1,1,1,1,0,1898.0,1898.0,1898.0,1963-05-02,1963-05-02
5438701,V. I. Pierce,TWDB,30.38,-101.35,GW,1,1,1,1,0,343.0,343.0,343.0,1963-05-02,1963-05-02
5442101,Oxy USA,TWDB,30.37,-101.84,GW,1,1,1,1,0,497.0,497.0,497.0,1993-04-19,1993-04-19
5442102,Oxy USA,TWDB,30.37,-101.84,GW,2,2,2,2,0,637.0,656.0,646.5,1994-05-18,1998-10-28
5442103,Oxy USA-Terrell Plant ,TWDB,30.37,-101.84,GW,2,2,2,2,0,401.0,545.0,473.0,2003-04-03,2007-06-13
5443601,Mrs. Myrtle Mitchell,TWDB,30.32,-101.64,GW,1,1,1,1,0,404.0,404.0,404.0,1963-03-11,1963-03-11
5443602,Myrtle Mitchell,TWDB,30.31,-101.65,GW,1,1,1,1,0,341.0,341.0,341.0,1963-03-11,1963-03-11
5444101,T. Mitchell,TWDB,30.35,-101.6,GW,1,1,1,1,0,246.0,246.0,246.0,1963-03-11,1963-03-11
5444102,T. Mitchell,TWDB,30.34,-101.58,GW,1,1,1,1,0,799.0,799.0,799.0,1963-03-11,1963-03-11
5444103,T. Mitchell,TWDB,30.37,-101.59,GW,1,1,1,1,0,285.0,285.0,285.0,1963-03-11,1963-03-11
5444201,J. B. Blakeney,TWDB,30.35,-101.55,GW,1,1,1,1,0,255.0,255.0,255.0,1963-09-19,1963-09-19
5444202,J. B. Blakeney,TWDB,30.33,-101.55,GW,1,1,1,1,0,288.0,288.0,288.0,1963-03-19,1963-03-19
5444301,J. B. Blakeney,TWDB,30.35,-101.53,GW,1,1,1,1,0,1557.0,1557.0,1557.0,1963-03-19,1963-03-19
5444302,J. B. Blakeney,TWDB,30.35,-101.5,GW,1,1,1,1,0,1250.0,1250.0,1250.0,1963-03-19,1963-03-19
5444303,J. B. Blakeney,TWDB,30.33,-101.51,GW,1,1,1,1,0,1156.0,1156.0,1156.0,1963-03-19,1963-03-19
5444304,J. B. Blakeney,TWDB,30.33,-101.51,GW,1,1,1,1,0,597.0,597.0,597.0,1963-03-19,1963-03-19
5444401,T. Mitchell,TWDB,30.31,-101.6,GW,4,4,4,4,0,274.0,289.0,282.5,1963-03-11,2006-07-27
5444502,T. Mitchell,TWDB,30.3,-101.54,GW,1,1,1,1,0,1078.0,1078.0,1078.0,1963-03-11,1963-03-11
5444504,T. Mitchell,TWDB,30.3,-101.58,GW,1,1,1,1,0,258.0,258.0,258.0,1963-03-11,1963-03-11
5444601,J. B. Blakeney,TWDB,30.31,-101.53,GW,1,1,1,1,0,1514.0,1514.0,1514.0,1963-03-19,1963-03-19
5444602,J. B. Blakeney,TWDB,30.31,-101.52,GW,1,1,1,1,0,608.0,608.0,608.0,1963-03-19,1963-03-19
5444605,J. B. Blakeney,TWDB,30.29,-101.5,GW,1,1,1,1,0,318.0,318.0,318.0,1963-03-19,1963-03-19
5444803,T. Mitchell,TWDB,30.28,-101.54,GW,1,1,1,1,0,855.0,855.0,855.0,1963-03-11,1963-03-11
5445102,B. Clegg,TWDB,30.35,-101.48,GW,1,1,1,1,0,507.0,507.0,507.0,1963-03-14,1963-03-14
5445103,F. White,TWDB,30.36,-101.48,GW,1,1,1,1,0,571.0,571.0,571.0,1963-03-19,1963-03-19
5445105,J. B. Blakeney,TWDB,30.33,-101.48,GW,1,1,1,1,0,318.0,318.0,318.0,1963-03-19,1963-03-19
5445202,Mrs. R. Watson,TWDB,30.34,-101.43,GW,1,1,1,1,0,535.0,535.0,535.0,1963-03-14,1963-03-14
5445203,Mrs. R. Watson,TWDB,30.37,-101.42,GW,1,1,1,1,0,297.0,297.0,297.0,1963-03-14,1963-03-14
5445301,Mrs. R. Watson,TWDB,30.36,-101.4,GW,1,1,1,1,0,332.0,332.0,332.0,1963-03-14,1963-03-14
5445402,J. B. Blakeney,TWDB,30.29,-101.49,GW,1,1,1,1,0,320.0,320.0,320.0,1963-03-19,1963-03-19
5445405,J. B. Blakeney,TWDB,30.32,-101.46,GW,1,1,1,1,0,301.0,301.0,301.0,1963-03-19,1963-03-19
5445501,M. Morrison,TWDB,30.31,-101.44,GW,1,1,1,1,0,290.0,290.0,290.0,1963-04-22,1963-04-22
5445503,M. Morrison,TWDB,30.29,-101.42,GW,1,1,1,1,0,794.0,794.0,794.0,1963-06-18,1963-06-18
5445601,T. A. Kincaid,TWDB,30.32,-101.4,GW,2,2,2,2,0,275.0,287.0,281.0,1963-04-22,1993-05-26
5445602,T. A. Kincaid,TWDB,30.29,-101.39,GW,1,1,1,1,0,250.0,250.0,250.0,1963-04-22,1963-04-22
5445603,T. A. Kincaid,TWDB,30.32,-101.39,GW,1,1,1,1,0,285.0,285.0,285.0,1975-10-16,1975-10-16
5445701,J.B. Blakeney,TWDB,30.29,-101.48,GW,1,1,1,1,0,316.0,316.0,316.0,1963-03-19,1963-03-19
5446101,Mrs. S. M. Harvick,TWDB,30.34,-101.35,GW,1,1,1,1,0,272.0,272.0,272.0,1963-04-22,1963-04-22
5446102,Mrs. S. M. Harvick,TWDB,30.36,-101.35,GW,1,1,1,1,0,242.0,242.0,242.0,1963-04-22,1963-04-22
5446401,Mrs. E. K. Ward,TWDB,30.3,-101.37,GW,1,1,1,1,0,269.0,269.0,269.0,1963-04-22,1963-04-22
5452201,Mrs. W. H. Bunger,TWDB,30.24,-101.55,GW,2,2,0,2,0,217.0,820.0,518.5,1939-05-09,1959-10-12
5452301,H. E. Arledge,TWDB,30.21,-101.51,GW,2,2,1,2,0,304.0,1425.0,864.5,1939-05-03,1979-06-13
4526204,Monahans Sandhills,TWDB,31.61,-102.81,GW,8,7,7,7,0,156.0,219.0,204.1,1975-10-05,2011-05-25
5452503,H.J.Y. Mills,TWDB,30.18,-101.55,GW,1,1,0,1,0,296.0,296.0,296.0,1939-05-10,1939-05-10
5452601,David Norsworthy,TWDB,30.17,-101.54,GW,2,2,1,2,0,268.0,460.0,364.0,1939-05-10,1985-04-30
5452605,David Norsworthy,TWDB,30.17,-101.54,GW,3,3,2,3,0,368.0,507.0,415.3,1993-06-14,2003-04-01
5452701,Everett Estate,TWDB,30.13,-101.6,GW,1,1,0,1,0,219.0,219.0,219.0,1939-04-19,1939-04-19
5452801,H.J.Y. Mills,TWDB,30.16,-101.54,SP,1,1,0,1,0,266.0,266.0,266.0,1939-05-18,1939-05-18
5453201,H. E. Arledge,TWDB,30.22,-101.44,GW,2,2,1,2,0,276.0,286.0,281.0,1939-05-03,1993-06-15
5454101,A. O. Oberkampf,TWDB,30.21,-101.36,GW,1,1,0,1,0,254.0,254.0,254.0,1939-05-10,1939-05-10
5454701,J. A. Nettleton,TWDB,30.16,-101.34,GW,1,1,0,1,0,217.0,217.0,217.0,1939-05-10,1939-05-10
5459301,J. B. Parker,TWDB,30.12,-101.63,GW,1,1,0,1,0,258.0,258.0,258.0,1939-04-19,1939-04-19
5460201,H. E. Arledge,TWDB,30.11,-101.57,GW,1,1,0,1,0,1314.0,1314.0,1314.0,1939-05-02,1939-05-02
5460301,Tardy Spring,TWDB,30.12,-101.53,SP,1,1,0,1,0,261.0,261.0,261.0,1939-05-08,1939-05-08
5460302,Tardy Spring 2,TWDB,30.12,-101.53,SP,1,1,0,1,0,279.0,279.0,279.0,1939-05-15,1939-05-15
5460502,H. E. Arledge,TWDB,30.07,-101.57,GW,3,3,3,3,0,585.0,768.0,646.7,1976-05-27,1984-10-16
5460503,H. E. Arledge,TWDB,30.04,-101.57,GW,1,1,1,1,0,427.0,427.0,427.0,1985-04-30,1985-04-30
5460801,J. Cox,TWDB,30.01,-101.57,GW,1,1,0,1,0,491.0,491.0,491.0,1939-04-19,1939-04-19
5460802,J. Cox,TWDB,30.02,-101.56,GW,1,1,0,1,0,253.0,253.0,253.0,1939-04-27,1939-04-27
5461503,Mrs. C. O. Folkes,TWDB,30.04,-101.42,GW,1,1,0,1,0,277.0,277.0,277.0,1939-05-04,1939-05-04
5462401,L. Albers,TWDB,30.06,-101.33,GW,1,1,0,1,0,526.0,526.0,526.0,1939-08-12,1939-08-12
5462901,Jimmy Sellers,TWDB,30.01,-101.27,GW,1,1,1,1,0,241.0,241.0,241.0,1993-06-16,1993-06-16
7104402,John Creveling,TWDB,29.92,-101.58,GW,7,6,6,6,0,296.0,492.0,421.3,1973-05-14,2004-10-23
7104502,Creveling Ranch well #3,TWDB,29.92,-101.55,GW,2,2,2,2,0,308.0,334.0,321.0,1994-05-26,2003-03-20
7107701,Fred Walker,TWDB,29.89,-101.21,GW,1,1,1,1,0,340.0,340.0,340.0,1993-06-16,1993-06-16
7107702,Prosser Ranch,TWDB,29.91,-101.21,GW,1,1,1,1,0,303.0,303.0,303.0,2007-08-21,2007-08-21
7113601,H. Martin,TWDB,29.81,-101.39,GW,2,2,1,2,0,1106.0,2112.0,1609.0,1939-07-21,1967-05-03
7113901,Harrington Research,TWDB,29.78,-101.38,GW,2,1,1,1,0,540.0,540.0,540.0,2003-03-19,2003-03-19
7114201,H. Martin,TWDB,29.85,-101.29,GW,1,1,0,1,0,263.0,263.0,263.0,1939-06-16,1939-06-16
7114701,A. C. Bell,TWDB,29.75,-101.35,GW,1,1,1,1,0,209.0,209.0,209.0,1965-06-05,1965-06-05
7114702,A. C. Bell,TWDB,29.75,-101.35,GW,1,1,1,1,0,254.0,254.0,254.0,1965-05-15,1965-05-15
7115202,Rose Ranch,TWDB,29.85,-101.18,GW,1,1,1,1,0,243.0,243.0,243.0,2007-08-21,2007-08-21
7115401,H. A. Walker Ranch,TWDB,29.82,-101.22,GW,4,3,2,3,0,234.0,258.0,245.0,1939-09-09,2003-03-13
7115601,"Frank Greenwood, Jr.",TWDB,29.83,-101.16,GW,1,1,1,1,0,256.0,256.0,256.0,1967-01-31,1967-01-31
7121301,Betty Zuberbueler,TWDB,29.73,-101.37,GW,3,3,3,3,0,274.0,278.0,276.3,1950-02-15,1993-06-11
7122403,National Park Service Amistad National Recreation area,TWDB,29.7,-101.36,GW,1,1,1,1,0,309.0,309.0,309.0,1994-05-25,1994-05-25
4526501,Marjorie Anthony,TWDB,31.55,-102.82,GW,4,3,3,3,0,553.0,607.0,583.7,2000-03-16,2007-03-21
4441503,Texas Department of Water Resources - plugged or destroyed well,TWDB,31.32,-101.94,GW,2,2,2,2,0,14838.0,15358.0,15098.0,1985-02-17,1985-02-18
4526502,J.H. Edwards and Sons ,TWDB,31.55,-102.79,GW,2,2,2,2,0,623.0,1061.0,842.0,1974-09-14,1985-06-24
4526504,City of Crane,TWDB,31.57,-102.82,GW,1,1,0,1,0,178.0,178.0,178.0,1983-10-13,1983-10-13
4526601,City of Crane (Edwards Ranch),TWDB,31.56,-102.77,GW,1,1,0,1,0,489.0,489.0,489.0,1983-10-18,1983-10-18
4526703,Dennis Horton,TWDB,31.51,-102.87,GW,3,3,3,3,0,1304.0,2169.0,1651.3,1974-07-22,1995-05-16
4527101,Williams Oil Lease,TWDB,31.59,-102.71,GW,1,1,1,1,0,4870.0,4870.0,4870.0,1999-10-19,1999-10-19
4527203,McNight Bros.,TWDB,31.62,-102.68,GW,6,6,5,6,0,1605.0,3048.0,2703.5,1971-12-09,2011-05-26
4527204,McKnight Ranch,TWDB,31.62,-102.69,GW,3,3,3,3,0,2983.0,3414.0,3167.7,1974-09-13,1985-06-24
4527902,Rodman & Noel Ranch,TWDB,31.54,-102.65,GW,1,1,1,1,0,2288.0,2288.0,2288.0,1978-08-15,1978-08-15
4441701,Shankle Bloxom,TWDB,31.25,-101.98,GW,3,2,2,2,0,525.0,544.0,534.5,1999-03-19,2003-04-10
4528901,City of Crane,TWDB,31.51,-102.51,GW,2,2,0,2,0,780.0,958.0,869.0,1983-02-02,1983-02-09
4528903,City of Crane,TWDB,31.52,-102.5,GW,1,1,0,1,0,926.0,926.0,926.0,1983-02-02,1983-02-02
4528904,City of Crane,TWDB,31.53,-102.5,GW,1,1,0,1,0,750.0,750.0,750.0,1983-02-02,1983-02-02
4528905,City of Crane,TWDB,31.51,-102.5,GW,2,2,1,2,0,1038.0,1105.0,1071.5,1983-02-02,1987-07-22
4528906,City of Crane,TWDB,31.51,-102.51,GW,2,2,0,2,0,756.0,1930.0,1343.0,1983-02-02,1983-02-09
4528907,City of Crane,TWDB,31.5,-102.51,GW,1,1,0,1,0,1020.0,1020.0,1020.0,1983-02-02,1983-02-02
4528908,City of Crane,TWDB,31.5,-102.5,GW,1,1,0,1,0,934.0,934.0,934.0,1983-02-02,1983-02-02
4529401,Phillip's Crane Water ,TWDB,31.55,-102.48,GW,2,2,2,2,0,359.0,381.0,370.0,1978-08-16,1985-06-24
4529601,"Groundwater well in Crane County, Tex",TWDB,31.54,-102.37,GW,3,3,3,3,0,2591.0,4279.0,3324.3,1971-12-09,2008-04-24
4529703,City of Crane,TWDB,31.51,-102.47,GW,1,1,0,1,0,302.0,302.0,302.0,1983-02-02,1983-02-02
4529704,City of Crane,TWDB,31.5,-102.47,GW,6,4,4,4,0,372.0,725.0,520.0,1983-02-09,2011-05-25
4529705,City of Crane,TWDB,31.5,-102.47,GW,2,2,1,2,0,404.0,408.0,406.0,1983-02-02,1987-07-22
4529706,City of Crane,TWDB,31.52,-102.49,GW,2,2,1,2,0,540.0,605.0,572.5,1983-02-02,1987-07-22
4529707,City of Crane,TWDB,31.51,-102.49,GW,2,2,1,2,0,430.0,546.0,488.0,1983-02-02,1987-07-22
4530302,Railway Ranch,TWDB,31.59,-102.26,GW,1,1,1,1,0,594.0,594.0,594.0,1993-07-14,1993-07-14
4530701,McElroy Ranch,TWDB,31.53,-102.37,GW,6,6,5,6,0,2810.0,10203.0,4839.8,1974-09-12,2002-10-10
4441801,Henry F. Neal,TWDB,31.28,-101.93,GW,3,3,3,3,0,1752.0,1897.0,1801.0,1974-10-22,1984-10-09
4531402,Wilson Barr Ranch,TWDB,31.57,-102.21,GW,1,1,1,1,0,1172.0,1172.0,1172.0,1974-10-16,1974-10-16
4531501,Stan Smith,TWDB,31.54,-102.19,GW,4,4,4,4,0,1039.0,1125.0,1096.0,1985-06-26,2011-06-16
4531902,Al Owens,TWDB,31.52,-102.16,GW,4,4,4,4,0,1332.0,1802.0,1567.2,1974-10-16,1987-11-21
4533103,Standard Oil Company,TWDB,31.45,-102.96,GW,1,1,0,1,0,614.0,614.0,614.0,1966-11-11,1966-11-11
4441902,Upton County,TWDB,31.26,-101.89,GW,2,2,1,2,0,944.0,1000.0,972.0,1953-09-03,1987-04-30
4533109,Colorado River Municipal Water District,TWDB,31.49,-102.99,GW,7,6,6,6,0,685.0,1066.0,987.5,1987-07-15,2011-05-26
4533201,Humble Oil and Refining Company,TWDB,31.46,-102.92,GW,1,1,0,1,0,1136.0,1136.0,1136.0,1959-11-28,1959-11-28
4533202,Humble Oil and Refining Company,TWDB,31.46,-102.93,GW,1,0,0,1,0,,,,1965-03-16,1965-03-16
4533207,Standard Oil Company,TWDB,31.48,-102.93,GW,1,1,0,1,0,914.0,914.0,914.0,1966-11-11,1966-11-11
4533208,Standard Oil Company,TWDB,31.48,-102.93,GW,1,1,0,1,0,959.0,959.0,959.0,1966-11-11,1966-11-11
4533209,Richardson Oils,TWDB,31.46,-102.95,GW,1,0,0,1,0,,,,1967-06-01,1967-06-01
4441903,Upton County,TWDB,31.27,-101.89,GW,1,1,0,1,0,1919.0,1919.0,1919.0,1953-10-08,1953-10-08
4533303,Humble Oil and Refining Company,TWDB,31.46,-102.91,GW,1,0,0,1,0,,,,1963-03-06,1963-03-06
4533304,Humble Oil and Refining Company,TWDB,31.46,-102.91,GW,1,0,0,1,0,,,,1963-03-06,1963-03-06
4533305,Humble Oil and Refining Company,TWDB,31.46,-102.91,GW,1,0,0,1,0,,,,1963-03-06,1963-03-06
4533501,D.B. Durgin,TWDB,31.43,-102.93,GW,8,6,7,6,0,1067.0,1763.0,1428.7,1971-12-07,2004-04-21
4441904,Upton County,TWDB,31.25,-101.89,GW,1,1,1,1,0,931.0,931.0,931.0,1987-04-30,1987-04-30
4533513,Richardson Oils,TWDB,31.45,-102.92,GW,1,0,0,1,0,,,,1966-12-05,1966-12-05
4533514,Richardson Oils,TWDB,31.43,-102.94,GW,1,0,0,1,0,,,,1966-12-05,1966-12-05
4441907,Upton County,TWDB,31.25,-101.89,GW,1,1,1,1,0,1072.0,1072.0,1072.0,1987-04-30,1987-04-30
4533609,Cities Service Company,TWDB,31.43,-102.91,GW,1,1,0,1,0,1087.0,1087.0,1087.0,1958-02-12,1958-02-12
4533610,Larry Hunt,TWDB,31.44,-102.87,GW,1,1,1,1,0,954.0,954.0,954.0,2007-03-22,2007-03-22
