u,lat,lon,cl,so4,tds,gwpct
1,29.7413,-101.3593,237463556.9231,237463360.0,791544282.7308,0.0
2,29.8233,-101.3757,268371697.6923,268371467.3077,894571289.6538,0.0
3,29.8898,-101.4695,263685521.1538,263685290.7692,878950705.0,0.0
4,29.9337,-101.4995,265007941.9231,265007711.5385,883358729.0385,0.0
5,29.9742,-101.4836,269360018.8462,269359784.2308,897865654.2308,0.0
6,29.9994,-101.5056,269369745.0,269369503.4615,897898047.7308,0.0
7,30.0446,-101.5127,269322808.8462,269322578.8462,897741609.9615,0.0
8,30.1055,-101.5232,298864700.0,298864453.8462,996214493.0385,0.0
9,30.1281,-101.5513,293889261.5385,293889007.6923,979629689.0769,0.0
10,30.1427,-101.5734,293137011.5385,293136746.1538,977122158.4615,0.0
11,30.1834,-101.5986,277645793.0769,277645550.7692,925484817.2308,0.0
12,30.2124,-101.641,279243725.3846,279243463.4615,930811202.3846,0.0
13,30.2306,-101.6713,276889028.4615,276888781.9231,922962250.3077,0.0
14,30.276,-101.7151,273014290.7692,273014040.3846,910046460.1154,0.0
15,30.3404,-101.7195,280542453.8462,280542192.3077,935140290.3462,0.0
16,30.3815,-101.6952,336300369.2308,336300080.7692,1120999817.1923,0.0
17,30.4148,-101.7084,335928211.5385,335927930.7692,1119759306.0,0.0
18,30.4562,-101.7179,304522200.0,304521907.6923,1015072639.6154,0.0
19,30.4682,-101.7022,300421984.6154,300421696.1538,1001405255.4615,0.0
20,30.5026,-101.6756,300422546.1538,300422257.6923,1001407124.9615,0.0
21,30.5936,-101.6853,324973034.6154,324972726.9231,1083241991.0385,0.0
22,30.6531,-101.7382,309423569.2308,309423226.9231,1031410378.8846,0.0
23,30.6725,-101.7789,335967334.6154,335966984.6154,1119889498.1538,0.0
24,30.6923,-101.7917,328433992.3077,328433646.1538,1094778373.6154,0.0
25,30.7237,-101.8052,327955750.0,327955380.7692,1093184205.8846,0.0
26,30.7677,-101.8272,339971211.5385,339970853.8462,1133235804.2308,0.0
27,30.7855,-101.8362,329197080.7692,329196730.7692,1097322100.5,0.0
28,30.8324,-101.8506,325051315.3846,325050961.5385,1083502904.8846,0.0
29,30.8913,-101.873,331427226.9231,331426865.3846,1104756025.1538,0.0
30,30.9168,-101.8852,344117430.7692,344117038.4615,1147056660.9231,0.0
31,30.9551,-101.9488,337452707.6923,337452326.9231,1124840972.6538,0.0
32,30.9833,-102.0115,317384803.8462,317384388.4615,1057947993.5385,0.0
33,30.9884,-102.0215,314433926.9231,314433523.0769,1048111777.3462,0.0
34,30.9942,-102.0604,304577803.8462,304577392.3077,1015258026.2308,0.0
35,30.9935,-102.1036,331202588.4615,331202138.4615,1104007206.4231,0.0
36,31.0044,-102.1473,327812342.3077,327811884.6154,1092706400.3846,0.0
37,31.0114,-102.1873,317381653.8462,317381188.4615,1057937414.3462,0.0
38,31.0208,-102.2126,317029065.3846,317028615.3846,1056762146.6538,0.0
39,31.0346,-102.2538,310731257.6923,310730803.8462,1035769479.8462,0.0
40,31.0417,-102.2897,272134488.4615,272134030.7692,907113689.6538,0.0
41,31.0645,-102.3328,269434961.5385,269434496.1538,898115251.9231,0.0
42,31.0856,-102.3844,265854803.8462,265854330.7692,886181380.5385,0.0
43,31.111,-102.4181,258716396.1538,258715919.2308,862386706.2308,0.0
44,31.1335,-102.4274,251784788.4615,251784307.6923,839281366.4615,0.0
45,31.1668,-102.4287,249973111.5385,249972638.4615,833242457.4615,0.0
46,31.2163,-102.4617,243972015.3846,243971542.3077,813238776.2692,0.0
47,31.2448,-102.4975,248062034.6154,248061542.3077,826872140.0,0.0
48,31.289,-102.5848,241779511.5385,241779011.5385,805930402.0385,0.0
49,31.3124,-102.6983,238451407.6923,238450907.6923,794836717.5385,0.0
50,31.2896,-102.742,224269515.3846,224269007.6923,747563797.6154,0.0
51,31.2812,-102.7725,225477053.8462,225476550.0,751588922.5,0.0
52,31.2752,-102.8082,227160988.4615,227160488.4615,757202056.7692,0.0
53,31.2851,-102.8494,225518734.6154,225518203.8462,751727836.6154,0.0
54,31.3075,-102.8735,232754873.0769,232754319.2308,775848226.5385,0.0
55,31.3182,-102.8865,230303015.3846,230302453.8462,767675371.3077,0.0
56,31.34,-102.9393,230133626.9231,230133080.7692,767110757.3077,0.0
57,31.3675,-103.0013,232380023.0769,232379469.2308,774598737.6923,0.0
58,31.3803,-103.0423,181756476.9231,181755911.5385,605853686.3077,0.0
59,31.3716,-103.0843,176941680.7692,176941130.7692,589804393.4231,0.0
60,31.3637,-103.116,140993369.2308,140992792.3077,469976737.0,0.0
61,31.3685,-103.1405,139423703.8462,139423111.5385,464744505.5385,0.0
62,31.3779,-103.1919,136539896.1538,136539315.3846,455131825.6538,0.0
63,31.3883,-103.2373,143933757.6923,143933073.0769,479777859.0,0.0
64,31.4098,-103.2582,142145730.7692,142145057.6923,473817778.9615,0.0
65,31.4197,-103.2995,145880503.8462,145879826.9231,486267029.7692,0.0
66,31.4172,-103.3384,69776529.6154,69775836.9231,232587147.4615,0.0
67,31.4271,-103.3769,57448758.0769,57448061.5385,191494600.1154,0.0
68,31.4296,-103.4155,55941642.6923,55940932.6923,186470860.7308,0.0
69,31.4442,-103.4564,39333423.4615,39332714.2308,131110129.6538,0.0
70,31.4882,-103.4964,34690181.9231,34689457.6923,115632628.6231,0.0
71,31.5219,-103.5032,27244585.7692,27243862.3077,90813981.5885,0.0
72,31.5768,-103.5058,25520300.7692,25519576.5385,85066365.1231,0.0
73,31.6517,-103.5713,22130782.3077,22130020.0,73767907.9385,0.0
74,31.7034,-103.6559,17881877.3077,17881065.3846,59604802.0692,0.0
75,31.7385,-103.6895,15252692.6923,15251875.0,50840842.2346,0.0
76,31.7455,-103.7284,12032793.0,12031975.0769,40107850.2923,0.0
77,31.757,-103.7769,11234078.5769,11233257.1538,37445461.9423,0.0
78,31.7823,-103.8033,10249584.4615,10248746.3846,34163787.5654,0.0
79,31.8417,-103.8224,10441043.7308,10440018.7692,34801659.9962,0.0
80,31.887,-103.8804,9117314.6923,9116273.5385,30389208.05,0.0
81,31.8924,-103.9248,321391.1455,321170.7695,1070925.9133,0.0
82,31.9265,-103.9282,288808623.0769,200385234.6154,810015852.8462,0.0
83,31.9601,-103.9405,267799034.6154,195949980.7692,768479619.8077,0.0
84,31.9779,-103.9576,265656738.4615,193721761.5385,761190142.3077,0.0
85,31.9864,-103.9772,265586942.3077,193235665.3846,760237975.0,0.0
86,32.0074,-103.9871,263362519.2308,191006396.1538,752814840.1923,0.0
87,32.0284,-104.0053,260481353.8462,188125142.3077,743210847.0769,0.0
88,32.0514,-104.0114,233387415.3846,161031276.9231,652897881.0385,0.0
89,32.0735,-104.0231,154129573.0769,154129561.5385,513765040.0769,0.0
90,32.1008,-104.0427,149946830.7692,149946830.7692,499822597.1923,0.0
91,32.126,-104.0297,147991930.0,147991930.0,493306233.6154,0.0
92,32.1396,-104.0238,147867941.9231,147867941.9231,492892931.1923,0.0
93,32.1629,-104.0093,145141166.1538,145141166.1538,483803679.3077,0.0
94,32.1955,-103.9851,143547072.6923,143547076.5385,478490064.8846,0.0
95,32.2283,-104.0146,139097198.0769,139097198.0769,463657136.0385,0.0
96,32.2603,-104.0351,108174649.2308,108174649.2308,360581995.0385,0.0
97,32.2969,-104.0421,49386125.3846,49386125.3846,164620363.3462,0.0
98,32.3246,-104.0858,39205782.3077,39205782.3077,130685893.2,0.0
99,32.348,-104.1106,39061951.9231,39061952.3077,130206465.3846,0.0
100,32.3607,-104.1141,39061944.6154,39061944.6154,130206440.2231,0.0
101,32.3722,-104.1314,39061944.6154,39061944.6154,130206440.2231,0.0
102,32.3976,-104.1815,16517243.8462,16517244.2308,55057468.2462,0.0
103,32.4115,-104.2206,242009.4309,242009.4501,806678.7937,0.0
104,32.4204,-104.2209,242004.675,242004.6896,806663.0052,0.0
105,32.46,-104.2354,241993.2875,241993.3021,806625.6638,0.0
106,32.5183,-104.3205,10148033.6538,10148033.6538,33826772.1038,0.0
107,32.5165,-104.3432,9066256.1923,9066256.2308,30220846.3615,0.0
108,32.533,-104.3646,66098.6585,66098.6603,220327.554,0.0
109,32.5579,-104.3862,209276611.5385,209276611.5385,697588179.4231,0.0
110,32.6058,-104.3609,208534438.4615,208534434.6154,695114230.3846,0.0
111,32.6825,-104.3191,183833757.6923,183833753.8462,612778695.7308,0.0
112,32.7419,-104.3116,185217826.9231,185217826.9231,617392260.6154,0.0
113,32.7898,-104.3176,182027488.4615,182027488.4615,606757826.0385,0.0
114,32.8338,-104.3221,184593626.9231,184593626.9231,615311597.4231,0.0
115,32.852,-104.3223,183297303.8462,183297303.8462,610990556.7692,0.0
116,32.8696,-104.3326,183166665.3846,183166665.3846,610555078.9231,0.0
117,32.9311,-104.3501,180876969.2308,180876973.0769,602922777.1923,0.0
118,32.9915,-104.3228,185710161.5385,185710161.5385,619033398.3077,0.0
119,33.0362,-104.2949,166150530.7692,166150530.7692,553834641.9231,0.0
120,33.0957,-104.2917,168659569.2308,168659573.0769,562198101.9615,0.0
121,33.1322,-104.2972,169978961.5385,169978965.3846,566596054.1538,0.0
122,33.1507,-104.3142,147452953.8462,147452953.8462,491509447.3462,0.0
123,33.1588,-104.3174,147466273.0769,147466273.0769,491553857.5769,0.0
124,33.1719,-104.3107,146531780.7692,146531780.7692,488438881.4231,0.0
125,33.2184,-104.3298,146521200.0,146521200.0,488403602.6923,0.0
126,33.2605,-104.3551,153159107.6923,153159107.6923,510529914.6538,0.0
127,33.2878,-104.3581,153159111.5385,153159111.5385,510529933.2308,0.0
128,33.3189,-104.3569,137608188.4615,137608188.4615,458693573.7308,0.0
129,33.3507,-104.3762,137650373.0769,137650373.0769,458834179.1538,0.0
130,33.3895,-104.3989,133030707.6923,133030707.6923,443435308.1538,0.0
131,33.4315,-104.3882,132816430.7692,132816430.7692,442721040.0,0.0
132,33.4806,-104.3796,134346073.0769,134346076.9231,447819852.0385,0.0
133,33.5075,-104.3817,135012234.6154,135012238.4615,450040406.5,0.0
134,33.526,-104.3769,135011980.7692,135011984.6154,450039555.6538,0.0
135,33.5612,-104.3756,130847076.9231,130847080.7692,436156550.6923,0.0
136,33.5887,-104.372,100681278.0769,100681278.4615,335604041.1154,0.0
137,33.6602,-104.3424,100662805.0,100662808.8462,335542478.0769,0.0
138,33.7249,-104.322,100390230.0,100390229.2308,334633870.8462,0.0
139,33.7441,-104.3168,98427116.5385,98427116.5385,328090165.7692,0.0
140,33.7854,-104.3058,98017206.1538,98017206.1538,326723805.0,0.0
141,33.8178,-104.2974,96390248.0769,96390247.6923,321300602.2692,0.0
142,33.8411,-104.2836,96213479.2308,96213479.6154,320711381.5,0.0
143,33.8651,-104.2779,96086536.9231,96086536.9231,320288235.0769,0.0
144,33.8743,-104.2775,95324838.4615,95324838.4615,317749247.5385,0.0
145,33.9009,-104.2685,94898444.2308,94898445.0,316327940.4231,0.0
146,33.9306,-104.2713,89105159.2308,89105159.6154,297017000.9231,0.0
147,33.9714,-104.298,88875780.3846,88875780.3846,296252402.4231,0.0
148,34.0148,-104.3182,86230709.6154,86230709.6154,287435502.3462,0.0
149,34.0264,-104.3214,85221455.0,85221454.2308,284071321.1923,0.0
150,34.066,-104.324,78764260.3846,78764259.6154,262547356.2308,0.0
151,34.1315,-104.3152,77975255.7692,77975255.3846,259917333.7692,0.0
152,34.1943,-104.2737,74919691.9231,74919692.6923,249732112.9231,0.0
153,34.2388,-104.225,70758933.0769,70758932.6923,235862930.6154,0.0
154,34.2579,-104.2048,68526662.6923,68526661.9231,228422023.6154,0.0
155,34.2796,-104.2043,66777962.3077,66777962.6923,222593025.7692,0.0
156,34.3154,-104.1978,64773511.9231,64773511.5385,215911527.2308,0.0
157,34.3375,-104.1824,55866845.3846,55866845.0,186222653.6538,0.0
158,34.3707,-104.1883,47112270.7692,47112270.0,157040809.5,0.0
159,34.4378,-104.2288,39709555.7692,39709554.6154,132365094.8846,0.0
160,34.4938,-104.2738,19851658.0769,19851658.0769,66172125.3731,0.0
161,34.547,-104.3554,11710011.0769,11710011.0769,39033314.3692,0.0
162,34.5933,-104.4051,116.3013,116.3117,385.9885,0.0
163,34.6583,-104.4467,16115000.9231,16115000.9231,53716559.2385,0.0
164,34.725,-104.5176,13972903.4615,13972903.4615,46576247.2115,0.0
165,34.7763,-104.5764,13840718.0769,13840718.4615,46135630.5423,0.0
166,34.8146,-104.6271,8711535.3077,8711535.4231,29038369.3269,0.0
167,34.8525,-104.6356,6607421.4231,6607421.4231,22024666.2385,0.0
168,31.4058,-103.0555,47651888.4615,47651888.4615,158839517.45,0.0
169,31.452,-103.091,43889676.5385,43889677.3077,146298830.5154,0.0
170,34.8997,-104.6632,3322507.4231,3322507.5,11074995.5042,0.0
171,31.4833,-103.0873,37854005.8077,37854005.8077,126179937.9462,0.0
172,34.9391,-104.6934,3501633.2692,3501633.2692,11672079.8969,0.0
173,31.5265,-103.0815,37455515.1154,37455515.8846,124851640.5923,0.0
174,34.9888,-104.6962,152787.2692,152787.2846,509285.7784,0.0
175,35.0431,-104.6677,50495552.3077,50495552.3077,168318167.0,0.0
176,31.6129,-103.1194,37093220.0385,37093220.4231,123643990.5385,0.0
177,35.0659,-104.7243,49835730.3846,49835731.1538,166118765.7692,0.0
178,35.0846,-104.7876,49461961.1538,49461961.9231,164872875.9231,0.0
179,35.0909,-104.8128,49421693.8462,49421695.7692,164738651.4231,0.0
180,35.1075,-104.8391,49242353.8462,49242355.7692,164140854.3077,0.0
181,33.5845,-104.3837,30176759.2308,30176759.6154,100589027.25,0.0
182,33.6002,-104.4061,29972023.4615,29972024.2308,99906572.75,0.0
183,31.7706,-103.1903,34480770.3462,34480770.3462,114935811.8077,0.0
184,33.6052,-104.4461,29642333.4615,29642333.4615,98807604.6577,0.0
185,35.1419,-104.8864,48644276.1538,48644276.9231,162147264.2308,0.0
186,32.6535,-104.3256,27029646.1538,27029645.7692,90098742.2962,0.0
187,31.9011,-103.2346,33908302.1923,33908302.1923,113027593.6769,0.0
188,33.3106,-104.3653,16494277.3077,16494277.3077,54980888.0923,0.0
189,31.9352,-103.2298,8679859.8577,8679859.8577,28932851.4662,0.0
190,33.6298,-104.4969,23883722.3077,23883722.6923,79612266.3923,0.0
191,35.1788,-104.9638,39533879.6154,39533879.6154,131779368.0,0.0
192,33.135,-104.3415,22758136.1538,22758136.1538,75860377.35,0.0
193,31.3856,-103.3618,74985731.1538,74985738.8462,249952398.3462,0.0
194,31.3603,-103.3961,84546032.6923,84546036.9231,281820060.5769,0.0
195,35.182,-105.0142,38257774.6154,38257775.3846,127525695.7692,0.0
196,33.6735,-104.5818,30746446.9231,30746447.3077,102487976.0154,0.0
197,35.1697,-105.0519,35866432.3077,35866432.3077,119554568.8077,0.0
198,31.3366,-103.4208,84248587.6923,84248595.7692,280828585.0769,0.0
199,31.3113,-103.4428,82671939.2308,82671946.9231,275573085.8846,0.0
200,31.3102,-103.4429,55072558.8462,55072564.2308,183575201.2692,0.0
201,35.1683,-105.0855,35429311.9231,35429312.3077,118097503.7846,0.0
202,33.7016,-104.6363,38309838.0769,38309838.4615,127699236.3846,0.0
203,31.9824,-103.1408,6840355.2654,6840355.2615,22801163.1109,0.0
204,35.1779,-105.1134,29713058.8462,29713059.2308,99043357.5808,0.0
205,33.115,-104.4513,22809882.6923,22809882.6923,76032864.9231,0.0
206,32.042,-103.0735,9196362.9038,9196362.9038,30654514.9013,0.0
207,33.3024,-104.5001,16344650.0,16344650.0,54482131.2808,0.0
208,31.132,-102.4344,10751253.1923,10751253.1923,35837486.6115,0.0
209,32.7041,-104.4354,25159588.8462,25159588.8462,83865201.6846,0.0
210,32.0845,-103.0815,9242208.8885,9242208.8885,30807333.8031,0.0
211,32.1086,-103.0824,9242344.6154,9242345.0808,30807787.709,0.0
212,31.2433,-103.4181,10276574.0385,10276575.1154,34255234.9962,0.0
213,31.176,-103.3956,10108717.9231,10108718.3077,33695714.1538,0.0
214,35.2114,-105.1486,29263673.0769,29263673.8462,97545409.7038,0.0
215,33.1023,-104.5724,39382374.6154,39382374.6154,131274452.1923,0.0
216,32.1207,-103.0895,9234232.2731,9234232.3115,30780746.0553,0.0
217,31.2135,-103.1162,45478735.3846,45478735.0,151595675.4423,0.0
218,31.1609,-102.4821,9275301.8462,9275301.8462,30917653.3885,0.0
219,33.2846,-104.6811,22270563.4615,22270563.0769,74235160.6962,0.0
220,32.7446,-104.5924,44535602.3077,44535602.3077,148451834.3077,0.0
221,33.7802,-104.6853,38103517.3077,38103517.3077,127011500.5769,0.0
222,33.8491,-104.7463,34142033.4615,34142034.2308,113806549.7692,0.0
223,33.8522,-104.7604,31285779.2308,31285779.6154,104285701.55,0.0
224,32.1672,-103.1022,9170377.3731,9170377.4077,30567896.1205,0.0
225,31.1995,-102.552,5699375.5,5699375.5385,18997900.615,0.0
226,31.4225,-103.4318,16600458.4615,16600458.4615,55334864.5346,0.0
227,35.2432,-105.2185,20252633.8462,20252634.2308,67508648.4577,0.0
228,32.2226,-103.1143,9759153.9192,9759153.9192,32530483.77,0.0
229,31.3003,-103.4993,27592593.0769,27592593.4615,91975255.8038,0.0
230,33.0818,-104.6784,39383304.6154,39383305.0,131277551.9231,0.0
231,33.06,-104.743,24326198.0769,24326198.0769,81087216.0423,0.0
232,30.1765,-101.5604,12042354.0,12042351.8462,40141163.9385,0.0
233,31.2239,-102.6101,2852157.3077,2852157.3077,9507184.5619,0.0
234,31.2381,-102.6452,2387225.8846,2387225.8846,7957413.7838,0.0
235,33.3708,-104.4018,6612241.4231,6612241.4231,22040799.8,0.0
236,30.991,-103.1462,44046734.2308,44046735.3846,146822341.2269,0.0
237,31.4316,-103.468,15477352.6923,15477352.6923,51591176.6808,0.0
238,32.2695,-103.1254,8088017.1731,8088017.1731,26960042.5799,0.0
239,35.1932,-104.9088,8362087.9615,8362088.1923,27873546.5308,0.0
240,31.4454,-103.4987,10719368.0,10719367.9615,35731229.3808,0.0
241,35.2619,-105.2944,20249033.0769,20249033.0769,67496647.4692,0.0
242,33.01,-104.28,22599700.7692,22599701.5385,75332306.95,0.0
243,33.0317,-104.7777,22173900.3846,22173900.7692,73912899.3,0.0
244,30.897,-103.1783,55910240.7692,55910242.6923,186367335.6154,0.0
245,31.3082,-102.7381,17647580.3077,17647579.9231,58825205.0923,0.0
246,33.0289,-104.2634,22467999.6154,22468000.3846,74893304.3423,0.0
247,32.3217,-103.1288,5930392.9885,5930393.4538,19767963.0758,0.0
248,34.8817,-104.6856,3424100.6538,3424100.7692,11413625.5631,0.0
249,34.8894,-104.7292,3239844.2692,3239844.3077,10799438.1635,0.0
250,33.3931,-104.4283,6503783.2308,6503783.2308,21679272.4462,0.0
251,31.2955,-103.4502,44751407.3077,44751412.6923,149171374.8077,0.0
252,31.3015,-103.6176,18228128.8462,18228129.6154,60760389.5962,0.0
253,35.2438,-104.9051,8047751.3462,8047751.5,26825760.9,0.0
254,33.5991,-104.4887,6324575.4615,6324575.5385,21081882.5,0.0
255,32.9894,-104.8244,21733471.1538,21733471.1538,72444800.5077,0.0
256,33.8763,-104.8718,18753577.6923,18753578.4615,62511829.25,0.0
257,33.4235,-104.4707,6164909.0,6164909.0,20549691.7192,0.0
258,30.8475,-103.1949,55910776.9231,55910778.0769,186369123.1538,0.0
259,30.268,-101.5315,11335846.2692,11335845.6923,37786140.5577,0.0
260,30.337,-101.5135,15949173.8077,15949173.7308,53163893.9808,0.0
261,31.4157,-103.5607,9063028.3846,9063028.3462,30210099.4538,0.0
262,33.9044,-104.7638,8009695.7308,8009695.7308,26698974.3269,0.0
263,31.2691,-103.4911,43710180.7692,43710185.7692,145700619.3077,0.0
264,31.3298,-103.7115,14584366.9231,14584367.3077,48614527.1038,0.0
265,34.3665,-104.1482,7705995.8462,7705995.8462,25686584.6385,0.0
266,33.8467,-104.774,12529116.5385,12529116.9231,41763589.25,0.0
267,33.0733,-104.2269,6391642.4615,6391642.5769,21305468.6892,0.0
268,32.7862,-104.7844,42887679.6154,42887679.6154,142958765.5,0.0
269,34.4053,-104.1104,7706861.5769,7706861.6154,25689470.4538,0.0
270,32.8259,-104.934,50276398.0769,50276398.8462,167587808.6154,0.0
271,30.3556,-101.495,15949173.7308,15949173.6538,53163893.7308,0.0
272,31.343,-103.7468,5432497.6154,5432498.1154,18108320.3654,0.0
273,35.2994,-105.3693,19612862.6923,19612863.4615,65376082.1538,0.0
274,35.2953,-104.9331,7606373.5769,7606373.6538,25354504.8692,0.0
275,32.3928,-104.2383,16305878.0769,16305878.0769,54352936.8115,0.0
276,32.7625,-104.3265,3172216.3192,3172216.4462,10574052.0515,0.0
277,31.0107,-102.2812,36909902.3077,36909902.3077,123032913.6923,0.0
278,34.8963,-104.7939,3239843.1154,3239843.1154,10799434.1319,0.0
279,31.2324,-103.529,31588256.5385,31588261.1538,105294184.8692,0.0
280,30.7977,-103.2392,55912421.5385,55912422.6923,186374604.3077,0.0
281,31.2051,-103.5331,31476030.3846,31476035.0,104920096.6731,0.0
282,32.6745,-104.3617,6930341.3846,6930341.4231,23101137.6538,0.0
283,33.8315,-104.8148,12519952.6923,12519953.0769,41733043.2923,0.0
284,31.3663,-102.7954,14942992.8846,14942992.8846,49809941.2577,0.0
285,30.3895,-101.4809,15627141.8846,15627142.5769,52090457.5462,0.0
286,33.2972,-104.8657,22553824.6154,22553824.6154,75179360.8077,0.0
287,30.4092,-101.4812,14152087.6154,14152087.5385,47173615.9692,0.0
288,31.421,-102.8438,12967885.3846,12967885.3846,43226256.7615,0.0
289,32.5759,-104.3886,17362997.6923,17362997.6923,57876647.5923,0.0
290,32.7812,-104.3427,5934485.8077,5934485.8077,19781610.0308,0.0
291,31.3508,-103.7848,9152027.1154,9152027.1154,30506732.4115,0.0
292,32.8435,-104.9537,42226760.0,42226760.7692,140755712.7692,0.0
293,31.357,-103.8291,9217246.8077,9217246.8462,30724131.9846,0.0
294,35.3448,-105.4359,18350813.8462,18350814.6154,61169254.0385,0.0
295,32.4061,-103.1309,2394273.3892,2394273.3861,7980910.1796,0.0
296,31.433,-102.8355,12169419.8846,12169419.9231,40564706.5346,0.0
297,31.3915,-103.6822,7760895.1154,7760895.1154,25869657.8154,0.0
298,33.1395,-104.1694,4507002.8846,4507002.9231,15023314.4731,0.0
299,31.1823,-103.5378,31476030.3846,31476035.0,104920096.6731,0.0
300,33.9333,-105.0189,14114274.2308,14114274.2308,47047477.4038,0.0
301,30.7557,-103.281,55846331.9231,55846332.3077,186154295.7692,0.0
302,31.4776,-103.3725,12014784.2308,12014784.2308,40049247.9,0.0
303,35.3394,-104.9326,6861219.3462,6861219.3846,22870660.3692,0.0
304,31.4493,-102.8315,11457296.2692,11457296.2692,38190964.2308,0.0
305,31.2471,-103.5376,9238450.7692,9238451.5385,30794851.1615,0.0
306,31.5402,-103.3997,10298781.3846,10298781.4231,34329235.0769,0.0
307,30.4358,-101.4751,14085241.1923,14085241.5385,46950794.8654,0.0
308,30.9576,-102.3132,35215901.5385,35215902.3077,117386252.4615,0.0
309,31.1414,-102.7678,2230406.9615,2230406.9615,7434684.9819,0.0
310,30.7208,-103.2793,55658590.7692,55658591.9231,185528495.0385,0.0
311,35.3863,-105.4622,17809831.9231,17809831.9231,59365978.0077,0.0
312,31.227,-103.5532,4762064.0769,4762064.7692,15873556.3654,0.0
313,33.4212,-104.5604,6164961.6538,6164961.6538,20549867.3038,0.0
314,30.9752,-103.4268,10108717.9231,10108718.3077,33695714.1538,0.0
315,34.4282,-104.0452,6415285.6154,6415285.6923,21384219.2808,0.0
316,31.1426,-103.5457,31476296.9231,31476301.5385,104920985.7615,0.0
317,34.0318,-104.808,6750165.6154,6750165.6154,22500535.4269,0.0
318,34.4437,-103.9805,6334210.5769,6334210.6154,21113972.0423,0.0
319,32.0262,-104.0562,25863206.5385,25863206.5385,86210673.9385,0.0
320,34.4462,-103.9696,6240810.2308,6240810.3077,20802640.4731,0.0
321,30.455,-101.7484,37383325.3846,37383325.3846,124611029.5385,0.0
322,31.4785,-103.1019,3995273.6154,3995273.6154,13317572.3035,0.0
323,34.5865,-104.4325,7518075.9231,7518075.9231,25060246.3269,0.0
324,30.9096,-102.3562,27405816.9231,27405817.3077,91352650.9308,0.0
325,35.3712,-104.9325,6804460.2692,6804460.3846,22681462.3269,0.0
326,34.5951,-104.4493,6606910.8846,6606910.8846,22023032.1538,0.0
327,35.4173,-105.4931,16834815.7692,16834815.3846,56115926.7423,0.0
328,31.3955,-103.7907,7905465.8077,7905465.7692,26351560.4769,0.0
329,35.1555,-105.1056,5704952.0385,5704952.0769,19016478.3154,0.0
330,34.8981,-104.926,3107242.3077,3107242.3077,10357433.0485,0.0
331,30.7607,-103.4746,16853825.7692,16853826.9231,56179401.7269,0.0
332,30.4867,-101.4781,13452061.1154,13452061.0769,44840192.9846,0.0
333,32.3265,-104.3114,15383499.6154,15383499.6154,51278329.5308,0.0
334,34.4397,-103.9561,6115020.6154,6115020.6923,20383342.6615,0.0
335,30.5169,-101.4831,8892040.3846,8892040.3462,29640129.4888,0.0
336,34.8937,-104.9978,3280758.7308,3280758.8462,10935823.2477,0.0
337,32.4959,-103.1761,990003.5497,990003.5505,3300014.7542,0.0
338,33.2206,-104.1302,3254084.6538,3254084.6538,10846928.0635,0.0
339,30.6769,-103.2818,53279303.0769,53279304.6154,177597556.5,0.0
340,33.5917,-104.6223,6327557.0385,6327557.1154,21091821.2115,0.0
341,33.2693,-104.1176,2983775.6154,2983775.6154,9945896.155,0.0
342,33.999,-105.0886,9116148.6538,9116148.8077,30387118.7538,0.0
343,30.4613,-101.7982,34554802.3077,34554803.0769,115182629.9308,0.0
344,30.7431,-103.5049,16236559.6154,16236561.1538,54121850.0269,0.0
345,31.0974,-103.5589,31476329.2308,31476333.8462,104921094.2462,0.0
346,33.5858,-104.7406,12212334.6154,12212334.6154,40707720.7615,0.0
347,30.8854,-102.3945,26151846.5385,26151846.5385,87172755.3,0.0
348,30.6459,-103.2966,50094667.3077,50094667.6923,166982115.5385,0.0
349,31.3133,-103.8465,5432497.1923,5432497.6923,18108318.9808,0.0
350,34.0312,-105.1274,6289795.6154,6289795.6154,20965955.2577,0.0
351,34.1277,-104.8567,7108840.0,7108840.0385,23696109.4692,0.0
352,31.016,-102.922,2040686.4231,2040686.4231,6802283.2823,0.0
353,33.5816,-104.7523,11523323.4615,11523323.4615,38411013.9346,0.0
354,30.5361,-101.4787,8892040.0,8892039.9615,29640128.2262,0.0
355,32.5368,-103.2347,117091.7207,117091.7215,390305.574,0.0
356,30.6448,-103.317,47762443.0769,47762445.3846,159208034.4231,0.0
357,31.4978,-102.8724,8949044.1154,8949044.1538,29830125.9919,0.0
358,32.6029,-104.4327,11442604.1538,11442604.1538,38142002.0,0.0
359,32.4342,-104.1394,22544942.3077,22544942.3077,75149772.3423,0.0
360,32.855,-105.0534,37256915.3846,37256917.3077,124189606.3462,0.0
361,31.352,-103.9184,9217246.7308,9217246.7692,30724131.6731,0.0
362,33.5769,-104.773,11523323.0769,11523323.0769,38411012.7423,0.0
363,32.5561,-103.2573,0.5195,0.5199,1.6884,0.0
364,31.934,-103.2495,22983002.0769,22983002.0769,76609951.9346,0.0
365,34.0229,-105.1573,6282542.1154,6282542.1923,20941776.6423,0.0
366,34.8847,-105.0381,3060198.8846,3060198.9231,10200625.5508,0.0
367,30.6403,-103.3438,32025344.2308,32025345.0,106751059.7654,0.0
368,30.8706,-102.4453,23184741.5385,23184741.5385,77282411.1385,0.0
369,33.8301,-104.9375,11747767.3077,11747767.3077,39159094.8731,0.0
370,31.3426,-104.0147,15321838.4615,15321838.4615,51072754.0692,0.0
371,33.2995,-104.125,2967120.7692,2967120.7692,9890379.5969,0.0
372,32.689,-104.5043,7311067.2692,7311067.3077,24370224.3192,0.0
373,31.1656,-103.6065,4349723.0,4349723.6923,14499085.6385,0.0
374,33.3352,-105.079,32758086.1538,32758086.1538,109193531.7154,0.0
375,32.5739,-103.2632,0.4873,0.4878,1.5829,0.0
376,33.3995,-104.6933,6165785.8077,6165785.8846,20552615.1346,0.0
377,31.282,-103.977,5713624.5769,5713625.2692,19045409.9577,0.0
378,32.2891,-104.3974,15109948.8462,15109948.8462,50366494.8038,0.0
379,35.4034,-104.9921,6534181.3462,6534181.4231,21780536.4885,0.0
380,30.9617,-102.9657,2051117.2692,2051117.2692,6837053.0019,0.0
381,32.9997,-104.9797,17409069.6154,17409070.0,58030156.7808,0.0
382,32.5848,-104.4183,8545157.7308,8545157.9615,28483859.3615,0.0
383,31.4289,-103.8776,8117090.8077,8117090.8077,27056977.15,0.0
384,32.2214,-104.1489,20944678.0769,20944678.0769,69815587.5077,0.0
385,33.5382,-104.2898,4726996.8846,4726996.9231,15756644.0773,0.0
386,34.6013,-104.5173,6492174.6923,6492174.6538,21640575.4808,0.0
387,32.5018,-104.1445,23361941.1538,23361941.1538,77873102.3346,0.0
388,35.1231,-105.169,5518372.6923,5518372.8077,18394549.4885,0.0
389,33.5756,-104.8106,7850232.0769,7850232.1154,26167396.7115,0.0
390,34.1851,-104.9231,4403651.0385,4403651.0769,14678816.3231,0.0
391,30.7411,-103.5597,15009640.7692,15009642.3077,50032121.6538,0.0
392,33.0775,-104.769,15058890.0,15058890.3846,50196280.1654,0.0
393,30.8558,-102.497,17696543.0769,17696543.0769,58988423.4154,0.0
394,31.5562,-102.9208,7005832.2692,7005832.2692,23352759.5569,0.0
395,30.4914,-101.8587,34554839.2308,34554840.0,115182752.4654,0.0
396,31.9624,-103.2571,22125300.8462,22125301.2308,73750949.5462,0.0
397,35.2543,-105.1684,7520678.3846,7520678.4231,25068898.7923,0.0
398,31.202,-102.4308,12899241.6538,12899241.6538,42997473.85,0.0
399,30.5959,-101.4661,7888151.1154,7888151.1538,26293829.9623,0.0
400,33.4126,-104.7547,6162506.6538,6162506.7308,20541684.8308,0.0
401,34.2308,-104.9626,3963660.5385,3963660.5385,13212179.9962,0.0
402,31.8563,-103.9653,7336083.1154,7336065.3077,24453593.1423,0.0
403,32.5761,-104.4768,8525363.8462,8525364.0385,28417880.1654,0.0
404,34.8728,-105.1164,2292972.1923,2292972.2692,7643211.5465,0.0
405,31.3436,-103.1743,433174.6,433174.6,1443914.2435,0.0
406,32.2863,-104.4595,15065577.3077,15065577.3077,50218592.4538,0.0
407,30.9104,-102.9914,2051117.4615,2051117.4615,6837053.6269,0.0
408,30.6466,-101.4559,8483607.6154,8483607.6154,28278681.8108,0.0
409,31.9679,-104.1508,23874979.2308,23874979.2308,79583255.9423,0.0
410,32.6387,-104.5332,14775026.9231,14775026.9231,49250072.9538,0.0
411,35.1139,-105.2445,5250002.5385,5250002.5769,17499987.2038,0.0
412,33.3644,-104.1381,2756087.5,2756087.5769,9186936.1765,0.0
413,32.5469,-103.2615,0.5576,0.558,1.8212,0.0
414,31.1071,-103.7041,3770208.1154,3770208.8846,12567368.3577,0.0
415,33.3612,-105.201,29781266.1538,29781265.3846,99270767.8269,0.0
416,31.3283,-104.076,15321838.0769,15321838.0769,51072753.0231,0.0
417,33.3669,-105.2453,23920841.5385,23920840.3846,79736035.8,0.0
418,33.5557,-104.854,6820094.8077,6820094.8462,22733607.8154,0.0
419,32.0078,-103.253,8770490.8115,8770490.85,29234925.2215,0.0
420,32.0309,-103.2465,6177579.7692,6177579.7692,20591895.1206,0.0
421,30.5336,-101.923,34556471.5385,34556471.5385,115188190.9654,0.0
422,31.2795,-102.5243,6128353.0769,6128353.1154,20427839.4731,0.0
423,31.5954,-102.9462,5910075.8077,5910075.8077,19700245.4669,0.0
424,31.0386,-103.6475,13758651.9231,13758656.1538,45862167.8615,0.0
425,34.0563,-104.3894,6346888.4231,6346888.4231,21156277.9077,0.0
426,34.2568,-104.2796,2907553.5769,2907553.6538,9691834.1388,0.0
427,32.649,-104.6037,6891045.1923,6891045.1923,22970128.1231,0.0
428,30.6676,-101.4525,7700174.4231,7700174.8077,25667241.4062,0.0
429,31.812,-104.0054,9177392.5385,9177392.5385,30591326.9731,0.0
430,32.5349,-104.165,2070715.7654,2070715.7654,6902386.5562,0.0
431,34.0821,-104.4638,5302192.0,5302192.0,17673959.4385,0.0
432,32.5484,-104.5201,8525676.6538,8525676.8077,28418923.1038,0.0
433,33.3743,-105.2594,23154689.2308,23154689.2308,77182202.0808,0.0
434,30.55,-101.9551,33258828.8462,33258829.6154,110862725.9577,0.0
435,33.0197,-105.1764,5833462.3077,5833462.3077,19444842.5346,0.0
436,32.5547,-104.1702,2070731.6538,2070731.6538,6902439.4154,0.0
437,32.1663,-104.294,20661880.7692,20661880.7692,68872934.7077,0.0
438,32.5604,-104.1652,0.3309,0.331,1.09,0.0
439,30.6902,-101.4489,6372480.7692,6372480.8462,21241599.1535,0.0
440,35.4306,-105.086,5737910.5385,5737910.6923,19126307.5577,0.0
441,30.6136,-103.4184,28440227.3077,28440228.4615,94800673.1154,0.0
442,34.4997,-103.8454,4447127.2692,4447127.3077,14823706.4769,0.0
443,34.0854,-104.4798,4758132.8462,4758132.8077,15860428.5615,0.0
444,30.6917,-101.6932,18943935.7692,18943935.7692,63146447.95,0.0
445,32.0491,-103.2557,4307016.5577,4307016.5577,14356692.736,0.0
446,31.5696,-103.1693,1507720.4423,1507720.4423,5025735.1419,0.0
447,30.861,-102.5701,2091755.6154,2091755.6923,6972504.6835,0.0
448,34.0347,-105.225,6221601.8077,6221601.8462,20738643.6385,0.0
449,31.2306,-103.5605,3957519.6154,3957519.6154,13191736.1962,0.0
450,34.6012,-104.65,5213860.7308,5213860.6923,17379531.5615,0.0
451,30.5647,-101.9705,33258827.3077,33258828.4615,110862721.9731,0.0
452,31.6288,-102.982,4541835.9615,4541835.9615,15139454.8635,0.0
453,33.4193,-104.1154,2132318.1923,2132318.1923,7107709.1485,0.0
454,31.8751,-103.2235,384402.0308,384402.0308,1281337.1928,0.0
455,32.7096,-104.6793,11277212.8462,11277212.9231,37590710.3154,0.0
456,32.6446,-104.6439,6891045.1538,6891045.1538,22970128.0038,0.0
457,30.7417,-101.6771,17752441.5385,17752441.5385,59174801.4769,0.0
458,30.8134,-102.5575,12823890.6538,12823890.6538,42746262.7692,0.0
459,34.2876,-104.3426,107.1135,107.1052,356.5074,0.0
460,31.4952,-103.9884,9214174.9615,9214174.9231,30713924.3077,0.0
461,32.8233,-104.522,11630707.1154,11630707.1923,38768999.55,0.0
462,32.7216,-104.755,4919729.3077,4919729.4615,16399112.4577,0.0
463,31.2925,-104.1428,14377240.3846,14377240.3846,47924092.3577,0.0
464,33.5925,-104.19,4649357.8846,4649357.9231,15497849.2073,0.0
465,34.0925,-104.5046,3978999.8846,3978999.8077,13263323.5769,0.0
466,34.2904,-104.3719,5.6332,5.6263,18.3427,0.0
467,32.4887,-104.4049,9000149.5385,9000149.5769,30000492.8346,0.0
468,33.1167,-104.8155,7999067.8846,7999067.8846,26663538.9269,0.0
469,31.4695,-102.8307,2098801.1269,2098801.1269,6996001.9965,0.0
470,33.8274,-105.1022,5659661.2308,5659661.2308,18865464.5962,0.0
471,31.7691,-104.008,9177673.9615,9177673.9615,30592266.8038,0.0
472,33.656,-104.1684,5267457.8462,5267457.8846,17558180.5535,0.0
473,30.7705,-102.599,15714842.6923,15714842.6923,52382759.2923,0.0
474,33.448,-104.8094,6156523.2308,6156523.3077,20521740.1231,0.0
475,30.8693,-102.6378,1077784.5192,1077784.5192,3592603.8765,0.0
476,31.3342,-102.5268,3599790.9231,3599791.0,11999312.1792,0.0
477,33.1116,-104.8451,7024424.6923,7024424.8462,23414749.5308,0.0
478,33.4517,-104.0796,1663941.8615,1663941.9,5546456.5408,0.0
479,31.2049,-104.0578,5713624.4231,5713625.1154,19045409.4115,0.0
480,34.6568,-104.3788,1136350.6885,1136350.5962,3787831.6704,0.0
481,31.9082,-104.2598,31343366.5385,31343366.5385,104477884.9769,0.0
482,32.5636,-103.315,0.4672,0.4676,1.5217,0.0
483,32.5582,-104.089,21291419.5,21291419.5385,70971363.7731,0.0
484,34.6944,-104.3728,403605.2423,403605.25,1345350.0515,0.0
485,31.9936,-103.2703,10625329.1154,10625329.1154,35417757.9308,0.0
486,33.5573,-104.9142,5823451.2308,5823451.1923,19411465.2615,0.0
487,32.0021,-103.2819,8264377.2308,8264377.2308,27547918.4323,0.0
488,32.901,-105.2216,30550198.0769,30550198.0769,101833910.7577,0.0
489,35.3155,-105.2098,6849751.6538,6849751.7692,22832479.1923,0.0
490,32.5963,-104.0186,5650831.5769,5650831.6154,18836094.6631,0.0
491,33.9267,-104.2621,5356803.3077,5356803.2308,17856001.0081,0.0
492,32.9037,-104.3599,2681294.9552,2681294.9552,8937649.7426,0.0
493,31.4927,-102.8302,1440130.7423,1440130.7423,4800436.6915,0.0
494,32.9512,-105.3149,39272976.9231,39272977.3077,130909865.0385,0.0
495,35.4811,-105.5892,10915504.7692,10915505.5385,36384925.45,0.0
496,35.1444,-105.3189,4699300.3077,4699300.5,15664315.3808,0.0
497,31.2037,-103.5894,2428715.6923,2428715.6923,8095719.9658,0.0
498,31.7394,-104.0281,9178148.3462,9178148.3462,30593847.6538,0.0
499,32.8063,-105.0334,17141985.0,17141984.2308,57139865.8269,0.0
500,31.2761,-103.2279,0.3513,0.3516,1.1484,0.0
501,30.7738,-101.6834,14433828.8077,14433828.8077,48112761.3115,0.0
502,32.5869,-103.3665,0.3438,0.3442,1.1125,0.0
503,35.4642,-105.154,4983230.0385,4983230.0769,16610708.2,0.0
504,33.6129,-104.833,3672661.5,3672661.5,12242184.6154,0.0
505,32.9472,-105.3241,24033398.4615,24033398.0769,80111287.45,0.0
506,32.9318,-104.3737,2590436.8229,2590436.823,8634789.731,0.0
507,32.5864,-104.0059,1084090.3346,1084090.3731,3613634.6945,0.0
508,31.8987,-104.3264,28369906.9231,28369906.9231,94566368.15,0.0
509,33.0458,-105.2516,4366620.2692,4366620.3077,14555371.5038,0.0
510,34.5968,-104.7598,1269297.6538,1269297.6154,4230992.2227,0.0
511,34.0674,-105.2996,5209580.0,5209580.0,17365247.5462,0.0
512,30.967,-103.7693,14618943.8462,14618948.8462,48729808.2462,0.0
513,31.6631,-103.0217,3005773.3731,3005773.3731,10019248.5365,0.0
514,33.4756,-104.8833,4319425.0769,4319425.0769,14398072.2635,0.0
515,30.5829,-102.0151,33258826.1538,33258826.9231,110862716.9654,0.0
516,31.5173,-104.0956,9214902.3846,9214902.3846,30716348.9692,0.0
517,32.6207,-104.6929,6891045.1538,6891045.1538,22970127.8808,0.0
518,34.0804,-105.3307,3310853.4231,3310853.4231,11036162.3938,0.0
519,30.8176,-103.0062,2051114.4615,2051114.4615,6837044.0485,0.0
520,32.9441,-104.3723,1906420.9362,1906420.9362,6354737.1735,0.0
521,32.1257,-104.3928,23185216.9231,23185216.9231,77284060.5885,0.0
522,31.2862,-103.5606,5111601.1154,5111601.1923,17038662.2923,0.0
523,30.9276,-103.8158,10948048.3077,10948051.7692,36493492.3077,0.0
524,34.5862,-103.7425,3032488.5769,3032488.6538,10108248.3396,0.0
525,35.1653,-105.3805,3791152.4615,3791152.5,12637160.6077,0.0
526,30.7476,-103.0029,2067485.4615,2067485.4615,6891613.8323,0.0
527,33.8556,-105.1209,3600652.3846,3600652.4231,12002119.7169,0.0
528,30.7389,-103.6862,9561988.6923,9561989.6923,31873287.8615,0.0
529,31.7039,-103.4993,5583939.8077,5583939.8077,18613103.0577,0.0
530,30.8429,-102.6692,1077784.2692,1077784.2692,3592603.1254,0.0
531,32.5941,-104.7198,6214687.3846,6214687.4231,20715602.5654,0.0
532,35.3732,-105.244,4470747.8846,4470747.9615,14902471.4731,0.0
533,34.8939,-105.1941,662847.1077,662847.1077,2209487.0412,0.0
534,33.9362,-104.2484,3797739.6923,3797739.5769,12659120.9881,0.0
535,32.4519,-104.5012,7771194.3462,7771194.3462,25903970.2346,0.0
536,34.9218,-105.2324,538505.7692,538505.7692,1795017.1227,0.0
537,31.2824,-103.5764,4150790.8462,4150790.9231,13835964.0731,0.0
538,32.928,-105.3338,19317806.1538,19317805.0,64392627.0462,0.0
539,34.0711,-105.1382,2988049.7308,2988049.7308,9960162.0488,0.0
540,31.3238,-103.1261,1545306.4962,1545306.4962,5151022.5392,0.0
541,30.6193,-103.35,12517599.3846,12517599.3846,41725291.3077,0.0
542,31.5096,-104.1459,8956136.4231,8956136.4231,29853789.5462,0.0
543,31.228,-104.183,3816479.4231,3816479.3846,12721583.8692,0.0
544,35.3922,-105.2369,4268620.1923,4268620.2692,14228712.7231,0.0
545,30.551,-103.5205,19682484.6154,19682485.0,65608252.2615,0.0
546,32.0137,-103.311,6625533.6923,6625533.6923,22085110.1485,0.0
547,30.7573,-101.8753,5086707.8846,5086707.6154,16955677.8615,0.0
548,32.5852,-103.9727,1464807.1538,1464807.1962,4882692.0568,0.0
549,31.1027,-104.1271,5713826.7692,5713827.4231,19046083.7962,0.0
550,31.683,-103.2696,393793.7109,393793.711,1312657.553,0.0
551,30.7337,-103.0178,2067485.4231,2067485.4231,6891613.6246,0.0
552,34.8524,-105.2401,1354702.1038,1354702.2577,4515651.8508,0.0
553,32.1068,-103.3071,2223655.1172,2223655.1172,7412158.0673,0.0
554,30.822,-102.7004,1048542.8346,1048542.8346,3495131.5719,0.0
555,31.7258,-104.0763,9176994.3846,9176994.3846,30590001.6731,0.0
556,31.7005,-103.0539,690543.9769,690543.9769,2301819.276,0.0
557,35.4394,-105.5152,5561471.8077,5561471.9231,18538206.6196,0.0
558,32.1031,-104.4601,7487466.8077,7487466.8077,24958225.5423,0.0
559,34.8332,-105.3245,1718839.6923,1718839.7692,5729442.8604,0.0
560,30.7587,-101.4687,6372625.2692,6372625.3462,21242080.53,0.0
561,32.2754,-104.4946,10891337.1538,10891337.2308,36304472.8038,0.0
562,31.2906,-102.4402,11027548.1538,11027547.6154,36758495.9731,0.0
563,33.1643,-104.8632,3750755.6923,3750755.6923,12502494.1115,0.0
564,30.5931,-102.0748,27033668.8462,27033669.2308,90112209.2769,0.0
565,32.6197,-104.1373,0.3306,0.3306,1.0887,0.0
566,33.5027,-104.0673,1150358.9423,1150358.9423,3834514.3231,0.0
567,33.6054,-104.9674,3669766.0385,3669766.0,12232526.5365,0.0
568,31.2795,-103.6026,2851337.0,2851337.0385,9504453.1112,0.0
569,33.9614,-104.2193,2860561.95,2860561.8731,9535193.0015,0.0
570,31.2656,-103.1345,251705.8529,251705.8529,839019.6035,0.0
571,32.6549,-104.6762,7884250.6538,7884250.6538,26280842.0769,0.0
572,32.0764,-104.4757,5319814.1923,5319814.1923,17732718.8692,0.0
573,34.9443,-105.2378,538505.4577,538505.4615,1795016.1181,0.0
574,32.9091,-105.3417,7931909.9231,7931909.8462,26439673.1654,0.0
575,30.5958,-102.1058,26227093.0769,26227093.4615,87423623.4615,0.0
576,31.2079,-102.5859,2094369.0923,2094369.0923,6981221.7119,0.0
577,32.5212,-104.6254,8525759.1923,8525759.3077,28419198.0692,0.0
578,30.7137,-103.7793,13024087.6923,13024088.8462,43413612.5808,0.0
579,34.7271,-104.365,403604.6115,403604.6154,1345347.9846,0.0
580,33.179,-104.3273,934403.1936,934403.1936,3114677.7131,0.0
581,35.5178,-105.1946,4906952.8077,4906952.8462,16356451.1308,0.0
582,34.3156,-104.3954,2.8898,2.8786,9.5696,0.0
583,30.8343,-101.4931,2409920.7137,2409920.6841,8033068.475,0.0
584,34.0899,-104.6012,3640285.0769,3640285.1154,12134276.9846,0.0
585,33.808,-105.2278,5942279.6154,5942279.6923,19807520.4692,0.0
586,32.2834,-104.0215,55503712.3077,55503712.3077,185012266.8846,0.0
587,31.3904,-102.4439,7087659.5,7087659.5,23625546.6935,0.0
588,34.1314,-105.1422,225538.0962,225538.0962,751793.2869,0.0
589,32.0582,-104.4833,983625.9231,983625.9231,3278752.5069,0.0
590,32.6039,-104.1252,2070731.3846,2070731.3846,6902438.4485,0.0
591,31.4926,-104.1859,8931142.6154,8931142.6154,29770476.7231,0.0
592,34.3425,-104.4201,0.2518,0.2418,0.8285,0.0
593,32.9624,-104.3704,1059804.6732,1059804.6732,3532682.5344,0.0
594,30.8542,-103.0304,3.768,3.7681,12.3195,0.0
595,32.2871,-104.5239,9893783.1923,9893783.2308,32979295.1269,0.0
596,34.8563,-104.7554,1.2711,1.2711,4.1445,0.0
597,33.1995,-104.9033,89191.5417,89191.5421,297305.641,0.0
598,30.6064,-102.1279,22791853.8462,22791854.2308,75972831.95,0.0
599,30.6974,-102.5958,13578857.6923,13578857.6923,45262823.0231,0.0
600,34.3492,-104.4274,0.2222,0.217,0.7276,0.0
601,30.5146,-103.5903,8562327.4231,8562327.6154,28541094.1923,0.0
602,34.0651,-105.3788,3184111.1154,3184111.1538,10613687.4596,0.0
603,31.2649,-102.8302,3772758.0769,3772757.3077,12575846.6127,0.0
604,33.6457,-104.9941,2937821.7692,2937821.8077,9792718.3877,0.0
605,33.4546,-105.3548,12927050.7692,12927050.0,43090126.9308,0.0
606,30.6288,-102.5928,11728888.0,11728888.0,39096262.2346,0.0
607,31.8905,-103.6366,2972347.4731,2972347.4885,9907816.5523,0.0
608,32.7292,-104.8413,4919729.3077,4919729.4615,16399112.4577,0.0
609,31.8778,-104.396,22275105.7692,22275105.7692,74250360.8192,0.0
610,34.6076,-104.8657,935918.6962,935918.6923,3119730.2581,0.0
611,31.6961,-104.1327,5726519.0,5726519.0,19088413.3,0.0
612,30.1228,-101.5851,277527.8346,277526.6731,925090.0061,0.0
613,34.974,-105.2645,538505.0346,538505.0385,1795014.7858,0.0
614,33.6842,-104.0978,4902457.7308,4902457.7692,16341518.3838,0.0
615,31.855,-104.4535,2463223.7692,2463223.8077,8210745.4842,0.0
616,35.5593,-105.2124,4192334.4615,4192334.5769,13974399.4454,0.0
617,30.5559,-103.3833,6819100.3077,6819100.3077,22730303.05,0.0
618,32.4434,-104.5919,7500919.5769,7500919.5385,25003054.3923,0.0
619,30.868,-101.4857,377772.0613,377772.0348,1259237.8167,0.0
620,34.0029,-104.1934,2828172.7077,2828172.5538,9427229.0496,0.0
621,32.9522,-104.4319,375841.6186,375841.6187,1252805.2504,0.0
622,31.2234,-103.1569,21655.345,21655.345,72184.3877,0.0
623,33.5258,-105.4501,7677582.9231,7677582.8462,25591919.6808,0.0
624,34.6232,-104.9403,818761.0538,818761.0423,2729203.4746,0.0
625,30.9171,-103.8282,6018814.8462,6018816.6923,20062720.7923,0.0
626,30.8877,-101.4711,92662.016,92661.9949,308873.65,0.0
627,33.7485,-104.3874,1870645.3846,1870645.3846,6235489.5004,0.0
628,31.0422,-102.0242,25534411.9231,25534412.3077,85114671.9423,0.0
629,34.3134,-105.099,3602291.0769,3602291.0769,12007615.36,0.0
630,32.0307,-104.4938,859369.5308,859369.5308,2864565.3027,0.0
631,31.1157,-102.6331,802230.1962,802230.1962,2674097.7188,0.0
632,33.3979,-105.3525,7478438.3846,7478438.0,24928075.6154,0.0
633,30.5218,-103.6368,5558137.5,5558137.5385,18527132.75,0.0
634,34.6333,-103.7946,1914820.3077,1914820.3077,6382727.8235,0.0
635,35.1795,-105.446,3449497.0769,3449497.2308,11498311.6962,0.0
636,30.4424,-101.838,2.9811,2.9841,9.9077,0.0
637,34.8529,-105.3619,1093367.0654,1093367.1538,3644543.0496,0.0
638,35.5964,-105.6787,8563670.9231,8563671.0,28545509.2,0.0
639,34.1295,-105.2014,1721068.9231,1721068.9615,5736891.3558,0.0
640,34.6273,-104.9552,816617.8308,816617.8192,2722059.4269,0.0
641,31.8582,-104.4575,17654933.8462,17654933.8462,58849780.6769,0.0
642,31.1938,-102.6301,1217032.7885,1217032.7885,4056774.7067,0.0
643,33.5643,-104.0328,1016390.6423,1016390.6423,3387954.0185,0.0
644,31.0877,-102.4216,4989336.5,4989336.5,16631116.3962,0.0
645,31.7503,-103.3017,396084.8289,396084.8289,1320294.7061,0.0
646,33.0561,-104.2296,15829069.2308,15829069.2308,52763542.7385,0.0
647,32.9817,-104.3966,517268.5934,517268.5934,1724228.9914,0.0
648,31.7075,-103.027,550721.1231,550721.1231,1835736.0167,0.0
649,34.036,-104.1842,949649.1192,949649.0462,3165494.4665,0.0
650,32.5824,-103.8946,565588.7608,565588.8077,1885299.344,0.0
651,31.0996,-102.024,16483984.2308,16483984.2308,54946601.7692,0.0
652,34.6606,-103.8585,1800647.9231,1800647.9615,6002153.0819,0.0
653,30.6216,-102.6103,2906566.8077,2906566.8077,9688552.3335,0.0
654,34.4895,-104.2376,850876.4615,850876.4615,2836254.2419,0.0
655,33.7893,-105.3108,4851178.3077,4851178.3462,16170548.5462,0.0
656,34.6609,-103.8675,1787587.3846,1787587.3846,5958616.9935,0.0
657,31.4208,-102.4034,4594797.4231,4594797.4231,15315984.4046,0.0
658,33.7177,-104.0153,2523604.5846,2523604.5846,8412013.9858,0.0
659,31.8386,-104.4703,1873140.6,1873140.6385,6243802.4209,0.0
660,34.0497,-105.446,2155008.0385,2155008.0769,7183347.375,0.0
661,33.4095,-105.4451,5213325.8846,5213325.6923,17377704.9808,0.0
662,30.8725,-101.6916,8905090.3077,8905090.3077,29683629.5038,0.0
663,31.6709,-104.1802,3699450.6923,3699450.6923,12331509.8165,0.0
664,32.6283,-104.7983,7351040.6538,7351040.6538,24503488.2077,0.0
665,32.9631,-105.3427,15222740.7692,15222740.7692,50742449.4769,0.0
666,31.3169,-103.7812,0.4542,0.4543,1.4819,0.0
667,35.6672,-105.6897,7672056.8077,7672057.2692,25573470.9692,0.0
668,31.2462,-103.6704,1011573.5538,1011573.5731,3371910.4842,0.0
669,30.6668,-103.8071,12990399.2308,12990400.3846,43301319.25,0.0
670,34.8205,-104.8145,0.3447,0.3447,1.119,0.0
671,30.7748,-102.7673,312356.1873,312356.1873,1041183.6535,0.0
672,31.1482,-104.2426,284154.55,284154.55,947180.5512,0.0
673,30.6648,-103.0349,2067485.1538,2067485.1538,6891612.79,0.0
674,31.3476,-102.6618,3136839.1154,3136839.0769,10456115.3688,0.0
675,31.0833,-102.4476,2821570.5,2821570.5,9405234.8596,0.0
676,33.7748,-105.3461,4357047.6154,4357047.6538,14523462.0385,0.0
677,32.8769,-104.7995,10743905.9615,10743905.9615,35812996.2423,0.0
678,32.9005,-105.4087,10264407.1154,10264406.8462,34214661.5,0.0
679,30.6429,-103.2843,3289577.6846,3289577.7654,10965247.5705,0.0
680,32.6942,-104.832,10017784.4615,10017784.5,33392601.5462,0.0
681,33.7059,-104.0298,4465050.8846,4465050.9231,14883493.7227,0.0
682,30.6023,-102.177,7397687.1538,7397687.4615,24658953.6192,0.0
683,31.1065,-104.2789,281464.1308,281464.1308,938212.457,0.0
684,32.0566,-103.3951,174124.253,174124.253,580413.2595,0.0
685,32.7215,-104.0845,0.2905,0.2905,0.9592,0.0
686,32.3165,-103.991,54440638.8462,54440638.8462,181468689.3846,0.0
687,31.3537,-102.9809,895037.1962,895037.1962,2983454.4077,0.0
688,30.6193,-102.6314,7946362.0385,7946362.0385,26487851.4346,0.0
689,33.2991,-104.0867,364957.7334,364957.7334,1216526.7739,0.0
690,35.1962,-105.5199,2516711.0769,2516711.1154,8389028.3435,0.0
691,34.1113,-104.4988,774827.6923,774827.6885,2582753.7377,0.0
692,31.2511,-104.1847,8489228.8077,8489228.8077,28297411.65,0.0
693,31.0509,-103.5702,17718029.6154,17718029.6154,59060100.9038,0.0
694,31.8569,-104.4797,16985870.7692,16985870.7692,56619565.6308,0.0
695,34.1341,-104.5117,489459.1731,489459.1846,1631526.1553,0.0
696,31.5745,-102.796,565459.9115,565459.9115,1884868.152,0.0
697,34.0541,-104.1731,933019.7269,933019.6654,3110062.2727,0.0
698,34.5273,-104.2853,7752.79,7752.7902,25842.5181,0.0
699,34.7906,-104.3327,403639.1885,403639.1885,1345463.2888,0.0
700,31.6582,-104.2132,3689031.6538,3689031.6538,12296779.8181,0.0
701,31.0891,-102.466,1224732.9615,1224732.9615,4082442.6492,0.0
702,34.3878,-105.2311,1537580.0,1537580.0,5125252.4108,0.0
703,32.5794,-103.8234,482716.6466,482716.6643,1609059.472,0.0
704,32.7585,-104.6823,1673647.6438,1673647.6438,5578819.0403,0.0
705,32.4164,-104.6685,7366971.5385,7366971.5385,24556561.4038,0.0
706,31.7229,-103.0786,1896.6497,1896.6498,6322.0561,0.0
707,30.116,-101.6196,4191.2863,4190.5858,13969.3288,0.0
708,34.3774,-104.4711,0.2183,0.2135,0.7142,0.0
709,34.869,-105.0785,181138.0923,181138.1038,603791.5377,0.0
710,30.4253,-101.8799,1.6233,1.6259,5.3948,0.0
711,32.0963,-104.0984,3714801.7692,3714801.7692,12382664.2,0.0
712,34.8075,-104.8603,0.2653,0.2653,0.8626,0.0
713,34.3738,-105.2539,1051676.6038,1051676.6038,3505579.3196,0.0
714,32.9445,-104.5255,0.2997,0.2997,0.973,0.0
715,33.0762,-104.1775,10508795.4231,10508795.8462,35029297.55,0.0
716,34.1972,-105.1306,225537.3,225537.3,751790.7092,0.0
717,32.8753,-105.4899,2201943.6923,2201943.6923,7339805.9262,0.0
718,34.0694,-104.1533,929336.7077,929336.6269,3097785.3596,0.0
719,33.1073,-105.3427,2650262.3077,2650262.3846,8834201.4312,0.0
720,31.1302,-102.0282,15759429.2308,15759429.2308,52531420.35,0.0
721,31.433,-102.3653,4086206.8846,4086206.8846,13620689.6262,0.0
722,33.1212,-104.1578,1390886.8085,1390886.8085,4636311.4956,0.0
723,31.7297,-103.098,0.5866,0.5867,1.9116,0.0
724,33.6918,-104.0136,3221040.7692,3221040.8462,10736797.5677,0.0
725,35.2058,-105.5536,1801415.1538,1801415.1538,6004714.6173,0.0
726,31.1687,-103.1912,0.517,0.517,1.6775,0.0
727,34.1731,-105.2619,1726950.4923,1726950.4923,5756496.4246,0.0
728,35.4944,-105.5504,5211844.6538,5211844.6154,17372783.2023,0.0
729,33.2118,-104.3987,203400.5213,203400.5213,678001.7829,0.0
730,33.8933,-105.305,2046806.1538,2046806.1923,6822674.2323,0.0
731,31.4316,-102.424,2018094.2,2018094.2,6726998.784,0.0
732,32.0034,-104.539,859195.6115,859195.6115,2863985.6781,0.0
733,34.4097,-104.5212,0.093,0.0894,0.3063,0.0
734,34.6716,-103.89,1787313.5769,1787313.5769,5957704.2654,0.0
735,33.7629,-105.3684,4038340.6923,4038340.8077,13461112.0327,0.0
736,31.4873,-104.2715,8928593.4615,8928593.4615,29761979.4192,0.0
737,34.6503,-104.9901,205584.7569,205584.7569,685279.1397,0.0
738,33.7722,-104.4916,94812.8064,94812.8064,316043.4683,0.0
739,32.7671,-105.2427,12226941.3846,12226939.5,40756412.1731,0.0
740,31.7544,-103.0087,0.436,0.436,1.4404,0.0
741,31.0166,-102.7615,1.347,1.3471,4.4186,0.0
742,31.8625,-104.5112,5122708.9615,5122708.9615,17075698.9808,0.0
743,34.6872,-103.9109,1649406.3077,1649406.3077,5498013.4415,0.0
744,30.4931,-103.4346,929778.891,929778.8903,3099258.0229,0.0
745,33.4524,-104.8717,3219721.0808,3219721.0808,10732410.2704,0.0
746,31.4611,-102.5058,361162.4755,361162.4755,1203872.2306,0.0
747,34.0656,-105.4809,1778678.8077,1778678.9231,5928922.805,0.0
748,31.3943,-102.657,1342054.5654,1342054.5654,4473509.4869,0.0
749,34.4125,-105.2338,2061437.4615,2061437.4615,6871438.8962,0.0
750,32.0886,-103.476,0.1895,0.1895,0.627,0.0
751,32.3391,-103.9423,47367433.0769,47367433.0769,157891352.9346,0.0
752,31.7707,-103.7985,243726.4865,243726.375,812419.2496,0.0
753,32.5862,-103.7846,309296.8796,309296.8949,1030991.6669,0.0
754,30.7109,-102.8451,1.0563,1.0564,3.4691,0.0
755,31.7916,-104.4892,448090.3196,448090.3204,1493636.8206,0.0
756,32.6587,-104.9377,5245689.3462,5245689.4615,17485607.6654,0.0
757,30.5815,-102.2378,4737935.6538,4737935.7308,15793114.2385,0.0
758,31.5032,-104.3401,9054628.2692,9054628.2692,30182097.7038,0.0
759,29.8774,-101.3969,767039.5231,767038.85,2556796.8042,0.0
760,32.6228,-103.9609,4999607.0385,4999607.0385,16665345.4712,0.0
761,30.1297,-101.653,2.3648,1.8631,6.6888,0.0
762,30.9804,-101.7004,5434516.4615,5434516.5,18115055.9923,0.0
763,30.8096,-102.0162,2854628.0769,2854627.9615,9515422.2481,0.0
764,31.0769,-104.2833,25343.3625,25343.3625,84477.8978,0.0
765,30.4666,-103.4796,432997.6656,432997.6648,1443322.352,0.0
766,30.896,-103.8167,1459449.8846,1459451.1154,4864827.6396,0.0
767,31.9649,-103.7152,1357387.2538,1357387.2731,4524619.3229,0.0
768,32.7452,-105.363,15493082.6923,15493080.7692,51643560.7654,0.0
769,32.2311,-103.386,1492506.361,1492506.361,4974998.083,0.0
770,34.5543,-104.4656,141545.5704,141545.5627,471818.7333,0.0
771,35.7084,-105.6844,7220908.4231,7220908.6923,24069647.4154,0.0
772,30.482,-103.5907,15341165.3846,15341165.7692,51137180.9846,0.0
773,32.2297,-104.5766,1900216.3846,1900216.3846,6334050.8262,0.0
774,31.2135,-102.8816,1490886.3385,1490886.0308,4969609.1827,0.0
775,31.0061,-103.5842,17709058.0769,17709058.0769,59030195.3808,0.0
776,32.0521,-103.0164,0.7656,0.7657,2.5295,0.0
777,34.0429,-104.1256,2095309.4923,2095309.4923,6984353.091,0.0
778,34.8308,-104.2834,403657.3846,403657.4,1345524.175,0.0
779,32.4789,-104.7708,8526184.5385,8526184.8077,28420615.9423,0.0
780,33.7441,-105.4007,1911728.8462,1911728.9231,6372425.2938,0.0
781,33.4237,-105.4559,1207777.5769,1207777.4885,4025927.6238,0.0
782,34.2109,-105.2891,1615662.7769,1615662.8154,5385537.0035,0.0
783,31.1618,-102.9301,410415.524,410415.5201,1368049.3949,0.0
784,34.0583,-104.0647,1073265.0115,1073265.0538,3577538.8569,0.0
785,34.5446,-104.8376,36576.2742,36576.2815,121920.2343,0.0
786,31.3205,-103.0044,81672.2342,81672.2342,272240.6586,0.0
787,30.4496,-103.622,2113485.1154,2113485.1154,7044953.3308,0.0
788,32.3175,-103.4284,1096505.5058,1096505.5058,3655003.2106,0.0
789,30.9833,-103.8998,3773539.2692,3773540.1154,12578472.3977,0.0
790,34.5122,-104.492,0.0494,0.0412,0.161,0.0
791,35.0535,-104.6696,616710.6462,616710.6577,2055698.6931,0.0
792,33.9253,-105.416,1849020.5385,1849020.5385,6163394.9588,0.0
793,31.528,-103.5432,4117969.1154,4117969.1154,13726561.3615,0.0
794,30.741,-103.6133,15312.4178,15312.4178,51041.327,0.0
795,30.5065,-103.7025,3899224.1923,3899224.2692,12997421.3038,0.0
796,31.2301,-104.2503,1590303.3462,1590303.3462,5301005.6812,0.0
797,31.5397,-103.5836,1752002.7692,1752002.7692,5840013.6446,0.0
798,30.7591,-103.1042,2.4565,2.4566,8.0241,0.0
799,32.0851,-102.9641,0.236,0.236,0.7741,0.0
800,32.331,-103.9104,1001591.2808,1001591.2885,3338635.0002,0.0
801,35.0076,-105.3548,538504.4615,538504.4615,1795012.9438,0.0
802,32.0586,-104.485,4330120.9231,4330120.9231,14433741.6508,0.0
803,30.8586,-103.8585,2566207.1154,2566208.8846,8554029.6869,0.0
804,31.1164,-103.2211,0.4005,0.4006,1.2974,0.0
805,34.0924,-104.1183,929336.65,929336.6077,3097785.2362,0.0
806,31.1758,-102.0152,9399291.3462,9399291.4231,31330959.2192,0.0
807,33.3608,-104.1027,176607.4896,176607.4896,588690.7632,0.0
808,30.6409,-102.2015,7292319.5385,7292319.5385,24307725.0846,0.0
809,32.1729,-103.0442,8112.0651,8112.0652,27040.0613,0.0
810,31.512,-104.3645,4485135.4231,4485135.4231,14950446.6692,0.0
811,31.085,-102.5122,281224.5477,281224.5477,937414.5477,0.0
812,31.866,-104.5483,3193701.0385,3193701.0385,10645678.1392,0.0
813,30.9453,-101.4605,91975.0412,91975.0223,306583.7776,0.0
814,31.6476,-104.2657,3689030.6923,3689030.6923,12296776.6442,0.0
815,34.5621,-104.2566,1.5378,1.5378,5.071,0.0
816,30.6939,-103.1613,0.822,0.822,2.716,0.0
817,34.4492,-105.2354,1455145.2308,1455145.2308,4850471.1469,0.0
818,33.7056,-104.9649,60.5578,60.5588,201.7424,0.0
819,31.548,-102.7502,386725.4577,386725.4577,1289083.9561,0.0
820,31.0291,-101.7167,3878035.2692,3878035.2692,12926787.5288,0.0
821,31.5327,-103.5872,1752025.0385,1752025.0385,5840087.8531,0.0
822,33.1561,-105.4363,2626742.5,2626742.5,8755802.4477,0.0
823,35.0693,-104.6727,529500.85,529500.85,1764998.7219,0.0
824,34.588,-104.2333,0.0656,0.0656,0.2149,0.0
825,33.3,-105.2306,3772207.6538,3772207.7308,12574026.6038,0.0
826,34.4308,-103.9387,1620165.7308,1620165.7308,5400544.8469,0.0
827,31.5197,-104.3844,2669918.1538,2669918.1538,8899720.8831,0.0
828,33.5309,-105.466,3684948.5769,3684948.5769,12283153.4565,0.0
829,32.368,-104.2765,926581.5962,926581.5962,3088616.4596,0.0
830,33.4059,-104.4955,0.0758,0.0758,0.248,0.0
831,33.3282,-104.021,351334.9557,351334.9634,1171117.1798,0.0
832,31.1955,-103.7654,0.7866,0.7866,2.5766,0.0
833,32.7217,-104.9952,2673835.1154,2673835.3077,8912777.3777,0.0
834,30.9821,-103.6135,7215559.6923,7215559.6923,24051866.2577,0.0
835,31.575,-102.5187,0.4349,0.4349,1.4465,0.0
836,32.9496,-104.591,0.0274,0.0274,0.0897,0.0
837,32.5798,-103.7395,99076.2461,99076.2588,330254.4674,0.0
838,32.3548,-103.9246,34794371.9231,34794371.9231,115981146.9692,0.0
839,32.3258,-103.8875,543079.1027,543079.1104,1810261.3026,0.0
840,30.4458,-103.4957,430897.2038,430897.2037,1436320.8295,0.0
841,31.4271,-102.3224,3602769.7308,3602769.7308,12009227.4,0.0
842,31.4229,-102.2839,374890.7346,374890.7385,1249634.5491,0.0
843,34.5939,-104.9541,250.4905,250.4957,834.7841,0.0
844,30.5914,-103.296,2950690.6042,2950690.6438,9835626.287,0.0
845,31.3717,-102.6592,1783327.4077,1783327.4077,5944415.8588,0.0
846,33.1471,-104.9946,690270.4615,690270.5038,2300901.8969,0.0
847,30.4525,-103.623,12752739.8462,12752739.8462,42509093.9077,0.0
848,33.6134,-103.939,858798.0615,858798.0615,2862649.7151,0.0
849,30.7305,-103.6305,0.8367,0.8368,2.7543,0.0
850,31.6794,-103.6412,1559484.1538,1559484.1538,5198287.0788,0.0
851,31.7524,-104.4931,1.1587,1.1588,3.862,0.0
852,34.4765,-105.231,1380049.3846,1380049.3846,4600152.6062,0.0
853,35.7586,-105.6691,6307119.0,6307119.3462,21023686.8846,0.0
854,30.6744,-102.2683,593774.2556,593774.2556,1979246.1165,0.0
855,33.1572,-104.3833,7687.3668,7687.3668,25624.5573,0.0
856,30.6991,-101.441,9.0372,9.0352,30.1015,0.0
857,32.5747,-103.71,0.5177,0.5252,1.647,0.0
858,32.9953,-104.8852,3689530.9615,3689530.9615,12298413.1077,0.0
859,31.6472,-103.5415,1907974.2308,1907974.0769,6359912.475,0.0
860,34.1625,-104.5602,431666.6962,431666.6923,1438884.6219,0.0
861,31.3157,-104.1458,1435857.1538,1435857.1923,4786189.0604,0.0
862,33.5358,-105.4763,3563325.7692,3563325.8077,11877744.1062,0.0
863,34.1151,-104.0782,929336.6154,929336.5769,3097785.1035,0.0
864,34.5452,-104.1902,1.0815,1.0817,3.5927,0.0
865,35.1068,-105.0116,2325359.3462,2325359.3462,7751184.15,0.0
866,33.0089,-104.4876,0.2548,0.2548,0.8269,0.0
867,31.824,-103.326,397698.455,397698.4551,1325673.5497,0.0
868,34.8218,-105.3555,613878.8038,613878.8577,2046253.7096,0.0
869,30.4235,-103.5096,0.938,0.9378,3.1248,0.0
870,29.8969,-101.3658,116.5274,115.8752,387.0172,0.0
871,34.7753,-104.9143,0.2431,0.2431,0.7892,0.0
872,31.3762,-102.5131,1002028.2038,1002028.2192,3340099.1762,0.0
873,34.7532,-104.9563,0.0419,0.0419,0.1358,0.0
874,34.6246,-104.9644,607762.6577,607762.6423,2025878.8515,0.0
875,31.4381,-103.5239,1526278.5154,1526278.5154,5087591.7638,0.0
876,32.3734,-104.7358,7367289.9615,7367289.9615,24557622.65,0.0
877,34.0034,-104.828,422681.9,422681.8885,1408946.5504,0.0
878,32.5714,-103.8287,0.6998,0.7247,2.1684,0.0
879,35.0353,-105.4423,544343.8962,544343.8962,1814477.8762,0.0
880,34.7041,-103.9118,1084097.3231,1084097.3231,3613650.4958,0.0
881,31.7963,-103.008,0.2153,0.2153,0.7121,0.0
882,33.8012,-104.5727,94815.9077,94815.9077,316053.8051,0.0
883,32.8596,-105.5488,2073774.1538,2073774.1923,6912574.0562,0.0
884,30.4258,-103.6325,1859713.9615,1859713.9615,6199051.2942,0.0
885,31.4288,-102.2747,323713.75,323713.75,1079044.9023,0.0
886,33.4661,-103.9813,85032.3019,85032.3019,283440.941,0.0
887,30.6881,-101.799,236429.45,236429.45,788096.3473,0.0
888,30.9582,-104.1517,4664703.8462,4664704.5385,15549017.6742,0.0
889,34.1419,-104.7672,1889550.1923,1889550.2308,6298499.8488,0.0
890,31.8065,-104.5297,970138.5211,970138.5595,3233796.8078,0.0
891,32.7542,-105.4031,13975208.4615,13975206.9231,46583987.5769,0.0
892,31.17,-103.3971,0.0069,0.0067,0.0223,0.0
893,30.7007,-102.8151,0.5508,0.5509,1.8199,0.0
894,30.4038,-103.6421,3660.0722,3660.0726,12200.2063,0.0
895,32.6577,-104.7684,2084456.8062,2084456.8062,6948178.3127,0.0
896,33.1318,-104.2725,9928.2222,9928.2222,33094.0787,0.0
897,34.5597,-104.9719,0.3196,0.3214,0.9977,0.0
898,31.4865,-102.4228,128927.4032,128927.4113,429757.3899,0.0
899,31.0725,-103.229,0.276,0.276,0.8932,0.0
900,35.601,-105.2059,540792.0038,540792.0269,1802635.3738,0.0
901,33.34,-103.9797,294531.407,294531.407,981771.3743,0.0
902,31.0626,-102.5701,25950.2464,25950.2463,86499.9943,0.0
903,31.5043,-104.3521,4128599.4615,4128599.4615,13762005.7808,0.0
904,30.8419,-104.1568,3239556.8846,3239557.6923,10798527.6888,0.0
905,31.3951,-103.9113,0.051,0.051,0.1676,0.0
906,30.5708,-102.3051,4538262.3462,4538262.4615,15127537.0231,0.0
907,32.1204,-103.2076,515105.8964,515105.8964,1717015.3687,0.0
908,34.4959,-105.2249,543007.3731,543007.3731,1810021.1781,0.0
909,33.6303,-104.998,6952.094,6952.094,23173.5297,0.0
910,30.5572,-103.0228,822016.7346,822016.7346,2740046.5027,0.0
911,31.9137,-104.3835,5095041.3077,5095041.3462,16983471.6308,0.0
912,34.8523,-104.231,403773.6077,403773.6308,1345911.8185,0.0
913,33.9126,-104.1775,1521882.3542,1521882.435,5072942.4022,0.0
914,30.8468,-102.1386,1.596,1.5955,5.3122,0.0
915,33.3714,-105.5248,5169050.1154,5169049.7308,17230118.9923,0.0
916,31.7423,-103.8246,163526.4081,163526.3196,545086.4316,0.0
917,33.6761,-105.0837,1849289.4615,1849289.4615,6164279.625,0.0
918,32.8537,-105.6047,0.2908,0.2928,0.9562,0.0
919,33.3578,-105.2666,2942283.4231,2942283.5,9807604.9023,0.0
920,34.9055,-105.4475,649456.6385,649456.6923,2164847.3565,0.0
921,32.3447,-104.7829,0.3476,0.3471,1.1555,0.0
922,32.3374,-103.4475,289733.489,289733.489,965773.6695,0.0
923,29.786,-101.3292,1978495.0385,1978494.9615,6594980.8208,0.0
924,35.7832,-105.6513,227274.3731,227274.4,757579.0712,0.0
925,30.7719,-103.2917,5004262.3846,5004262.2308,16680871.7808,0.0
926,30.7499,-101.9723,489173.7308,489173.7308,1630578.2835,0.0
927,30.5967,-103.8522,3444752.4615,3444752.4615,11482498.0127,0.0
928,34.4103,-103.9178,1458932.6923,1458932.6923,4863103.2092,0.0
929,30.5028,-103.399,227823.9993,227823.9994,759412.7042,0.0
930,34.2458,-104.1947,506766.5692,506766.5654,1689227.0992,0.0
931,31.9801,-103.9716,534769.7462,534768.1192,1782557.8496,0.0
932,32.6816,-103.8954,0.3319,0.3371,1.0479,0.0
933,35.0245,-104.9971,1950886.6538,1950886.6538,6502943.9512,0.0
934,31.0619,-104.1641,1049136.3423,1049136.3423,3497111.1708,0.0
935,34.3566,-105.339,1050320.5385,1050320.5385,3501059.1827,0.0
936,34.2045,-104.6176,223388.725,223388.7388,744628.6649,0.0
937,31.4371,-103.9985,0.0219,0.0219,0.0716,0.0
938,32.9095,-104.9619,12753020.3846,12753020.7692,42510027.8308,0.0
939,31.6334,-104.3351,692958.9085,692958.9085,2309864.4823,0.0
940,31.2057,-101.9787,861581.4577,861581.4654,2871943.9442,0.0
941,33.51,-105.0288,1460379.0846,1460379.0846,4867924.9022,0.0
942,35.2427,-105.2755,370555.4346,370555.4385,1235182.1373,0.0
943,34.0713,-104.0458,985116.6146,985116.6186,3283720.9094,0.0
944,35.2259,-105.6009,1101248.1692,1101248.2462,3670824.6285,0.0
945,30.9128,-101.4289,6.7228,6.7205,22.3924,0.0
946,35.037,-105.4813,544343.6154,544343.6154,1814476.955,0.0
947,30.9833,-103.6558,3431461.4231,3431461.4231,11438205.3692,0.0
948,32.0409,-103.2395,1839116.3117,1839116.3886,6130380.7591,0.0
949,32.1211,-103.5343,0.1403,0.1403,0.463,0.0
950,32.0379,-103.7369,0.3868,0.3943,1.2121,0.0
951,32.6536,-103.8884,0.0786,0.0791,0.2549,0.0
952,31.4962,-103.1292,1554750.9769,1554750.9769,5182496.9185,0.0
953,35.7991,-105.6581,5289597.7692,5289597.8846,17631955.5192,0.0
954,31.0217,-101.6984,13957.0256,13957.0207,46523.3807,0.0
955,32.1161,-104.1786,886028.7385,886028.7385,2953422.515,0.0
956,35.0025,-105.0038,898592.4885,898592.5192,2995302.9246,0.0
957,31.9511,-103.6562,1763093.5999,1763093.6383,5876974.9598,0.0
958,33.2558,-105.3299,87954.142,87954.142,293180.6573,0.0
959,32.3402,-103.4688,692725.6064,692725.6064,2309081.1651,0.0
960,34.6308,-104.9922,539030.4154,539030.4115,1796769.0231,0.0
961,32.2587,-103.1497,1014954.5353,1014954.5353,3383180.5571,0.0
962,33.6279,-103.8462,47269.0804,47269.0804,157563.4549,0.0
963,33.8828,-104.33,538560.5346,538560.5346,1795197.782,0.0
964,30.6751,-101.8237,0.7183,0.7177,2.3926,0.0
965,32.2596,-103.0178,0.0645,0.0645,0.2131,0.0
966,31.234,-102.0176,6671513.6923,6671513.7308,22238367.5038,0.0
967,34.9338,-105.5109,48723.1812,48723.1812,162409.9341,0.0
968,31.2418,-103.8856,0.3921,0.3921,1.2799,0.0
969,31.8821,-103.3537,0.3932,0.3932,1.2928,0.0
970,33.1067,-104.0869,6443958.8077,6443959.0769,21479825.5731,0.0
971,35.4777,-105.3045,4220212.0769,4220212.1538,14067352.6308,0.0
972,31.1487,-103.3889,0.0037,0.0036,0.0121,0.0
973,31.1771,-103.8178,0.089,0.089,0.2934,0.0
974,31.831,-103.0039,0.1353,0.1353,0.4473,0.0
975,34.3833,-104.0986,0.0903,0.0904,0.2986,0.0
976,32.3924,-103.8999,1157955.9808,1157955.9846,3859852.4585,0.0
977,35.5574,-105.3779,929604.2692,929604.4308,3098674.5704,0.0
978,34.3129,-104.5742,2.4329,2.4371,7.7422,0.0
979,34.8079,-104.519,237733.3269,237733.3269,792444.9885,0.0
980,30.827,-104.1668,2407939.7308,2407940.5,8026467.3785,0.0
981,32.3751,-104.3262,926581.45,926581.45,3088615.9504,0.0
982,34.2874,-104.9836,115216.1888,115216.1919,384053.9308,0.0
983,34.5023,-104.5411,0.0402,0.033,0.132,0.0
984,29.9238,-101.3458,36.3882,35.7425,119.939,0.0
985,34.6168,-103.733,879557.7885,879557.7885,2931818.1819,0.0
986,30.6231,-102.5824,426094.2038,426094.2154,1420312.2553,0.0
987,33.332,-105.6093,4480433.9615,4480433.8077,14934737.1923,0.0
988,34.226,-104.6396,222011.66,222011.6708,740038.3878,0.0
989,31.7316,-104.1456,3228453.1154,3228453.1154,10761516.4177,0.0
990,32.1192,-102.9477,0.1795,0.1796,0.5874,0.0
991,35.6302,-105.2919,3438386.2308,3438386.3077,11461247.0235,0.0
992,31.6533,-103.2315,0.3176,0.3176,1.0333,0.0
993,33.2048,-104.1002,1279749.5231,1279749.5615,4265823.9946,0.0
994,35.2537,-105.5806,540553.6577,540553.6769,1801845.1942,0.0
995,31.7482,-104.1846,265432.1796,265432.1796,884774.5689,0.0
996,31.8146,-103.0285,13777.8945,13777.8945,45925.8314,0.0
997,34.0886,-104.0123,688593.2732,688593.2691,2295311.1755,0.0
998,34.4262,-104.6048,0.0457,0.0441,0.15,0.0
999,31.645,-103.4392,3199353.3462,3199353.3462,10664505.46,0.0
1000,32.0461,-104.5344,1502978.2692,1502978.2692,5009930.9188,0.0
1001,33.482,-104.9902,747610.2808,747610.2808,2492033.5973,0.0
1002,33.0145,-105.4608,1072938.5615,1072938.6,3576460.5492,0.0
1003,31.0779,-103.297,0.2923,0.2923,0.9564,0.0
1004,35.1974,-105.0035,431018.9769,431019.0115,1436730.0142,0.0
1005,32.5817,-103.6699,0.1275,0.1275,0.425,0.0
1006,31.0374,-104.1826,1049136.1885,1049136.1885,3497110.6623,0.0
1007,31.714,-103.8691,0.0872,0.0872,0.2828,0.0
1008,31.6166,-102.5497,0.1851,0.1851,0.615,0.0
1009,33.7161,-105.4668,1506396.5385,1506396.6154,5021324.3904,0.0
1010,30.9782,-103.5928,7668816.5385,7668816.5385,25562724.6654,0.0
1011,34.2382,-104.1698,378089.5962,378089.5962,1260302.4783,0.0
1012,32.7216,-103.8946,0.0795,0.0797,0.2617,0.0
1013,33.1344,-104.012,5425270.2692,5425270.4231,18084199.0519,0.0
1014,31.2652,-102.8401,1349866.7308,1349866.5385,4499555.1581,0.0
1015,31.2392,-104.3418,0.3675,0.3676,1.2188,0.0
1016,32.5372,-103.2845,0.0352,0.0352,0.1166,0.0
1017,33.3262,-105.6305,3514734.3077,3514734.2692,11715753.2088,0.0
1018,31.5134,-103.159,803328.2077,803328.2077,2677756.1981,0.0
1019,34.4832,-103.9379,111075.9181,111075.9181,370253.2905,0.0
1020,31.1862,-104.2066,0.0664,0.0664,0.2164,0.0
1021,30.8161,-102.1851,0.095,0.0946,0.315,0.0
1022,31.8831,-104.597,258420.7539,258420.7539,861401.1199,0.0
1023,32.5983,-104.2739,2480597.6923,2480597.6923,8268646.5004,0.0
1024,30.9941,-102.2584,5855587.0385,5855587.0385,19518610.1231,0.0
1025,31.7929,-104.038,0.3934,0.3934,1.2915,0.0
1026,32.9594,-104.6651,0.0261,0.0261,0.0854,0.0
1027,34.3466,-104.4547,0.0282,0.0234,0.0964,0.0
1028,32.4141,-103.8694,968781.2654,968781.2654,3229269.7896,0.0
1029,32.926,-104.5699,0.013,0.013,0.043,0.0
1030,33.2741,-104.7565,3042018.1538,3042018.1538,10140056.9981,0.0
1031,30.6275,-103.9104,8387398.7308,8387399.8846,27957993.9346,0.0
1032,33.5402,-105.5227,1978580.3846,1978580.3846,6595268.0108,0.0
1033,32.3506,-103.1282,3464224.65,3464224.6885,11547403.8025,0.0
1034,31.4925,-104.3836,3701264.6154,3701264.6154,12337555.0269,0.0
1035,31.0771,-102.4412,384012.9423,384012.9423,1280043.1321,0.0
1036,34.0106,-105.1826,59760.0004,59760.0004,199199.2711,0.0
1037,31.6796,-103.685,1243457.4615,1243457.4615,4144861.3954,0.0
1038,32.8582,-104.3197,132019.5888,132019.5888,440064.4882,0.0
1039,33.767,-105.4653,1621380.9423,1621380.9808,5404593.4504,0.0
1040,32.072,-104.2246,65098.1657,65098.1662,216996.7859,0.0
1041,35.4329,-105.0435,467484.1923,467484.1962,1558275.5077,0.0
1042,29.8077,-101.2926,92.8278,92.8028,309.3764,0.0
1043,30.5433,-102.6781,816377.3769,816377.3808,2721258.2542,0.0
1044,31.1087,-103.6656,0.0617,0.0617,0.2009,0.0
1045,33.4622,-104.3873,40935.6294,40935.6294,136452.0753,0.0
1046,30.9704,-103.5842,4392599.1538,4392599.1538,14642000.75,0.0
1047,34.6071,-104.2236,0.0273,0.0272,0.0899,0.0
1048,30.653,-102.9152,0.7201,0.7201,2.3743,0.0
1049,31.1423,-103.8336,0.5926,0.5926,1.9477,0.0
1050,33.1602,-105.1334,0.1563,0.1563,0.516,0.0
1051,31.4069,-102.2544,48898.0006,48898.0049,162993.0625,0.0
1052,31.9953,-103.6443,1064962.6132,1064962.6132,3549872.9936,0.0
1053,33.7011,-104.1365,361646.1265,361646.1303,1205481.8081,0.0
1054,34.3321,-105.0134,0.2357,0.2362,0.7487,0.0
1055,32.1594,-102.929,0.0533,0.0533,0.1747,0.0
1056,34.8811,-104.1877,403334.3115,403334.3115,1344447.9312,0.0
1057,33.9518,-105.4905,1350102.4846,1350102.4846,4500336.5438,0.0
1058,33.5187,-105.1739,0.6716,0.6716,2.2182,0.0
1059,31.2257,-101.9341,0.3307,0.3353,1.0667,0.0
1060,30.9709,-102.0057,648134.0462,648134.0615,2160443.7146,0.0
1061,32.3523,-103.2247,1107255.147,1107255.2278,3690857.1918,0.0
1062,30.3027,-101.7773,1403430.1885,1403429.9038,4678097.165,0.0
1063,31.0566,-102.1908,2091910.8462,2091910.8462,6973050.1604,0.0
1064,31.2745,-102.0368,2970780.7308,2970780.7308,9902600.1369,0.0
1065,32.765,-104.3811,227678.13,227678.13,758926.9846,0.0
1066,33.3252,-105.645,3383114.9615,3383115.0,11277024.105,0.0
1067,31.683,-102.7468,0.1501,0.1501,0.4921,0.0
1068,34.6837,-105.1078,203744.5919,203744.5919,679145.3252,0.0
1069,32.352,-104.7807,0.187,0.1866,0.6223,0.0
1070,33.0818,-105.3135,318.6854,318.6853,1062.2512,0.0
1071,34.0011,-104.3965,788810.5077,788810.5077,2629370.0969,0.0
1072,30.69,-103.6551,0.7665,0.7666,2.5235,0.0
1073,31.1595,-102.4008,1811680.6654,1811680.6577,6038929.4293,0.0
1074,33.4543,-104.5113,0.0446,0.0446,0.1457,0.0
1075,34.1021,-103.9886,464031.2432,464031.2431,1546770.5054,0.0
1076,32.3336,-104.8112,0.2095,0.2093,0.6977,0.0
1077,33.4933,-103.8344,0.1523,0.1523,0.499,0.0
1078,31.4306,-103.5916,205549.9857,205549.9857,685166.1962,0.0
1079,33.1391,-103.9911,1720184.8423,1720184.8423,5733932.8304,0.0
1080,34.743,-103.9184,157010.7654,157010.7654,523365.4443,0.0
1081,34.338,-105.0325,0.2002,0.2005,0.639,0.0
1082,30.1036,-101.4643,523283.1577,523281.7231,1744272.55,0.0
1083,31.4967,-103.9331,0.0327,0.0327,0.1073,0.0
1084,30.5656,-102.754,1361437.0,1361437.0,4538114.0158,0.0
1085,31.4954,-102.3994,249247.2965,249247.2973,830832.1398,0.0
1086,34.4046,-104.199,1576.1763,1576.1775,5253.9215,0.0
1087,31.0176,-103.1189,0.2784,0.2784,0.9002,0.0
1088,30.8014,-102.699,29241.4493,29241.4494,97471.496,0.0
1089,32.593,-103.6951,0.044,0.044,0.1467,0.0
1090,31.2021,-102.5927,779513.1962,779513.1962,2598370.7663,0.0
1091,34.6896,-105.202,138398.9558,138398.9558,461327.8521,0.0
1092,31.0637,-101.7752,1535306.8462,1535306.8462,5117689.4931,0.0
1093,32.3924,-104.1055,0.085,0.085,0.2796,0.0
1094,34.5315,-103.9046,0.0426,0.0423,0.1373,0.0
1095,34.6534,-103.8781,0.0196,0.0198,0.0626,0.0
1096,30.562,-102.3784,479915.3346,479915.35,1599717.8438,0.0
1097,31.1868,-102.3774,1730425.0385,1730425.0385,5768075.2304,0.0
1098,31.2868,-102.0333,1300126.2808,1300126.2846,4333754.2565,0.0
1099,35.5765,-105.3907,929604.1808,929604.2692,3098674.1458,0.0
1100,34.7621,-104.3918,0.6312,0.6313,2.0568,0.0
1101,33.3529,-104.3308,269458.4804,269458.4804,898189.9628,0.0
1102,33.9483,-104.1322,789662.6269,789662.6308,2632208.8956,0.0
1103,31.3345,-102.9057,2387765.0769,2387764.7308,7959214.1223,0.0
1104,35.2145,-105.0185,359794.8423,359794.8692,1199314.9412,0.0
1105,31.7153,-102.7818,0.2621,0.2621,0.8581,0.0
1106,31.3478,-103.3889,86414.5273,86414.5273,288048.4864,0.0
1107,30.6225,-102.3024,949179.7115,949179.7346,3163931.6435,0.0
1108,31.5255,-103.6518,1355503.9615,1355503.9615,4518349.7862,0.0
1109,31.9513,-103.9973,478701.3115,478700.45,1595669.5065,0.0
1110,33.1372,-103.9745,834665.3615,834665.3615,2782209.0069,0.0
1111,32.3057,-103.8535,68618.4596,68618.4633,228727.508,0.0
1112,31.0738,-102.3118,1359947.1115,1359947.0385,4533154.8496,0.0
1113,30.623,-104.0081,2844355.7692,2844356.8846,9481191.7819,0.0
1114,30.9296,-102.8314,0.6713,0.6713,2.195,0.0
1115,34.6939,-104.609,16387.9558,16387.9512,54626.1692,0.0
1116,33.3757,-104.3049,20320.6364,20320.6364,67735.1633,0.0
1117,34.0499,-104.8686,308705.5769,308705.5731,1029025.4913,0.0
1118,32.5802,-104.736,3470478.8846,3470478.9615,11568247.3665,0.0
1119,34.4727,-103.9656,73286.5769,73286.5777,244286.9642,0.0
1120,31.5042,-103.1644,160863.6927,160863.6927,536213.7567,0.0
1121,33.0196,-104.1644,5224098.9231,5224098.9231,17413660.5885,0.0
1122,31.7309,-102.7396,0.089,0.089,0.2892,0.0
1123,33.1292,-103.968,76264.4688,76264.4688,254214.3267,0.0
1124,30.9547,-103.5746,2244962.2692,2244962.2692,7483209.2127,0.0
1125,30.5726,-101.5007,992989.9313,992989.9302,3309968.4829,0.0
1126,32.8483,-104.0471,0.0456,0.0456,0.1499,0.0
1127,31.0836,-101.8331,0.1766,0.1799,0.5657,0.0
1128,33.8689,-104.61,1762.51,1762.51,5875.0087,0.0
1129,34.1159,-103.9653,239283.7506,239283.7353,797612.044,0.0
1130,31.7589,-104.2053,234279.3557,234279.3557,780931.8415,0.0
1131,31.4333,-102.5133,304308.3169,304308.3323,1014364.2671,0.0
1132,34.8855,-104.5168,37621.8465,37621.8465,125406.0675,0.0
1133,30.1287,-101.4018,1.4166,0.8017,3.447,0.0
1134,31.2274,-102.4383,1445608.7077,1445608.6115,4818693.2431,0.0
1135,33.7178,-103.9128,1974841.3077,1974841.3462,6582799.22,0.0
1136,32.0863,-103.7358,0.1401,0.1419,0.4464,0.0
1137,33.9789,-104.1759,31207.4157,31207.4157,104024.4223,0.0
1138,34.0696,-104.5325,479193.1692,479193.1654,1597311.5608,0.0
1139,30.7425,-103.3306,3666789.9231,3666789.8077,12222632.7423,0.0
1140,34.495,-104.6172,0.0158,0.0122,0.0516,0.0
1141,32.1803,-103.5849,0.0875,0.0875,0.2894,0.0
1142,33.3787,-104.2944,18799.3503,18799.3503,62664.2186,0.0
1143,30.6288,-102.8309,0.2741,0.2741,0.9075,0.0
1144,34.1794,-104.3472,489019.0846,489019.0885,1630062.3942,0.0
1145,31.1768,-103.8595,0.0736,0.0736,0.2424,0.0
1146,33.3045,-105.6539,92113.515,92113.5008,307043.6938,0.0
1147,30.5013,-101.4031,228264.2126,228264.1981,760880.0777,0.0
1148,33.7611,-104.1157,48942.0353,48942.0353,163139.2454,0.0
1149,33.6,-104.3634,3645.791,3645.791,12152.6043,0.0
1150,32.5199,-104.5575,0.0836,0.0836,0.2769,0.0
1151,32.4132,-103.9057,32800707.3077,32800707.3077,109335600.3192,0.0
1152,30.3649,-101.4445,1788.9304,1788.9111,5963.0825,0.0
1153,30.4581,-103.6325,11507332.9231,11507332.9231,38357742.1692,0.0
1154,32.2888,-103.8191,0.0232,0.0233,0.0771,0.0
1155,31.9284,-104.4767,897841.5577,897841.5769,2992806.5581,0.0
1156,32.8279,-104.3507,560414.0664,560414.0664,1868047.098,0.0
1157,33.7271,-105.4149,405332.0269,405332.0269,1351099.9327,0.0
1158,33.4977,-103.8692,0.2614,0.2615,0.8542,0.0
1159,34.6579,-103.7268,477977.5692,477977.5731,1593233.4404,0.0
1160,30.3566,-101.4087,0.0367,0.0259,0.1037,0.0
1161,31.6496,-104.3312,2688929.9231,2688929.9231,8963104.2965,0.0
1162,34.3536,-104.8112,0.3349,0.3346,1.034,0.0
1163,34.4874,-105.2582,947228.05,947228.05,3157417.1335,0.0
1164,33.6617,-104.5309,122.7897,122.7897,409.2981,0.0
1165,31.8921,-103.5905,324565.3724,324565.3685,1081878.6997,0.0
1166,32.4536,-103.8866,15964779.3846,15964779.3846,53215877.5462,0.0
1167,30.8984,-103.172,0.1042,0.1042,0.3403,0.0
1168,33.8412,-105.2677,1041924.2346,1041924.2385,3473067.7388,0.0
1169,35.524,-105.1526,68067.8692,68067.8708,226892.5253,0.0
1170,31.7166,-103.3209,0.0089,0.0089,0.0294,0.0
1171,30.388,-103.6364,1824.4159,1824.4144,6081.3829,0.0
1172,30.6593,-102.397,0.0391,0.04,0.1296,0.0
1173,30.6027,-102.6702,1877747.2692,1877747.2692,6259154.2254,0.0
1174,34.1974,-104.3996,109736.9234,109736.9217,365790.2321,0.0
1175,31.9191,-103.3929,0.1626,0.1626,0.5317,0.0
1176,35.4316,-105.478,384283.1423,384283.0038,1280942.5469,0.0
1177,31.2609,-102.7709,739910.1462,739910.1269,2466365.4573,0.0
1178,32.5783,-103.2809,0.0113,0.0113,0.0373,0.0
1179,33.0671,-104.1307,54653.005,54653.005,182176.5952,0.0
1180,34.9493,-104.6444,178353.4538,178353.4462,594510.0724,0.0
1181,32.5709,-103.6945,0.2797,0.2866,0.8624,0.0
1182,30.6657,-102.8018,0.0464,0.0464,0.1525,0.0
1183,30.908,-102.9662,0.0892,0.0892,0.2904,0.0
1184,31.0483,-102.6103,23932.7785,23932.7786,79775.0783,0.0
1185,30.7393,-102.5753,215090.4188,215090.4188,716967.7846,0.0
1186,32.848,-105.1549,255172.7692,255172.7692,850575.5651,0.0
1187,31.5264,-103.5898,396756.6192,396756.6192,1322523.2162,0.0
1188,31.311,-102.0101,101278.3419,101278.3438,337594.1208,0.0
1189,34.9768,-105.3254,0.0521,0.0521,0.1701,0.0
1190,33.288,-104.8156,3042018.1538,3042018.1538,10140056.9942,0.0
1191,34.6127,-105.0153,65591.6419,65591.6362,218641.1432,0.0
1192,31.605,-104.4109,575307.7799,575307.7799,1917693.4609,0.0
1193,33.7143,-105.4019,405331.6962,405331.6962,1351098.8315,0.0
1194,34.0536,-104.9448,2251.5071,2251.5057,7505.0382,0.0
1195,30.3665,-101.3983,0.0286,0.0213,0.0827,0.0
1196,35.1381,-104.6897,455709.2115,455709.2231,1519025.5404,0.0
1197,33.2462,-104.0092,1154229.7538,1154229.7538,3847426.7335,0.0
1198,31.5811,-102.5136,0.0999,0.0999,0.3318,0.0
1199,33.1221,-103.9408,0.065,0.065,0.2163,0.0
1200,29.7862,-101.2923,31.2449,31.2391,104.1388,0.0
1201,29.8277,-101.2389,5.1062,5.0961,17.0028,0.0
1202,29.8529,-101.2575,5.554,5.5422,18.492,0.0
1203,29.9042,-101.3875,4.8405,4.8442,16.1062,0.0
1204,29.922,-101.3128,5.4791,5.4689,18.2457,0.0
1205,29.9537,-101.4533,944.7277,944.7416,3148.9465,0.0
1206,29.9412,-101.5725,605650.0923,605650.1462,2018832.5362,0.0
1207,29.9975,-101.5153,333.6914,333.4816,1111.5466,0.0
1208,29.9729,-101.3568,2.6362,2.376,8.2489,0.0
1209,29.9789,-101.3347,3.3385,2.9508,10.3263,0.0
1210,30.0157,-101.4839,5399.5504,5399.4583,17997.9572,0.0
1211,30.0962,-101.6086,849.2036,848.7593,2829.7582,0.0
1212,30.1095,-101.3877,0.8504,0.4738,2.0546,0.0
1213,30.1148,-101.6468,0.2666,0.182,0.6899,0.0
1214,30.1308,-101.3897,0.4726,0.2684,1.1521,0.0
1215,30.1416,-101.6686,0.2336,0.1727,0.6236,0.0
1216,30.1461,-101.5203,168954.7273,168954.5041,563180.0782,0.0
1217,30.1537,-101.3778,0.8959,0.5043,2.1743,0.0
1218,30.1733,-101.739,1.7119,1.3373,4.8068,0.0
1219,30.2184,-101.6259,138321.4142,138321.2285,461070.4582,0.0
1220,30.247,-101.7241,111381.3602,111380.9931,371269.5636,0.0
1221,30.2217,-101.4739,7756.505,7755.3428,25852.5384,0.0
1222,30.3595,-103.5354,0.4903,0.4902,1.6331,0.0
1223,30.358,-103.7185,1626.3645,1626.365,5421.2148,0.0
1224,30.247,-101.6575,545413.6269,545413.35,1818044.0904,0.0
1225,30.3001,-101.8354,0.2529,0.2778,0.8071,0.0
1226,30.3796,-103.484,1.2571,1.257,4.1853,0.0
1227,30.373,-103.656,267.8132,267.8132,892.676,0.0
1228,30.358,-103.6381,0.4585,0.4584,1.5263,0.0
1229,30.3622,-103.6268,0.218,0.2163,0.7239,0.0
1230,30.4036,-103.7051,1166846.4231,1166846.4231,3889485.7869,0.0
1231,30.3164,-101.8437,0.3349,0.3221,1.0113,0.0
1232,30.3303,-101.4873,0.0378,0.0325,0.1168,0.0
1233,30.4269,-103.391,0.8378,0.8379,2.7827,0.0
1234,30.3509,-101.4083,0.01,0.0063,0.027,0.0
1235,30.3562,-101.4046,0.0059,0.0024,0.0137,0.0
1236,30.4103,-103.5248,0.3497,0.3497,1.1652,0.0
1237,30.3544,-101.5275,43075.054,43075.0473,143583.6986,0.0
1238,30.3763,-101.3873,0.0075,0.0039,0.0187,0.0
1239,30.4798,-103.2814,29500.5482,29500.5482,98335.1058,0.0
1240,30.3785,-101.3888,0.0076,0.0042,0.0195,0.0
1241,30.4426,-102.7565,0.3416,0.3423,1.1385,0.0
1242,30.3882,-101.7349,187078.3952,187078.0445,623593.1817,0.0
1243,30.3897,-101.678,277657.5758,277659.5231,925528.1062,0.0
1244,30.4859,-103.3238,416994.8612,416994.8921,1389982.3519,0.0
1245,30.4399,-103.6157,114065.9815,114065.9815,380219.1413,0.0
1246,30.4666,-103.0428,290276.2731,290276.2731,967583.9159,0.0
1247,30.4207,-101.952,0.0718,0.0726,0.2385,0.0
1248,30.54,-103.2355,12731.7637,12731.7645,42439.1068,0.0
1249,30.4722,-103.7863,898834.2808,898834.2808,2996122.7462,0.0
1250,30.4259,-101.856,0.0037,0.004,0.0123,0.0
1251,30.4145,-101.4737,20496.1647,20496.1611,68320.6246,0.0
1252,30.5259,-103.3683,1195287.5885,1195287.5885,3984289.8131,0.0
1253,30.4654,-103.471,811.7718,811.7718,2705.9005,0.0
1254,30.4647,-103.6397,72486.6019,72486.6019,241621.8119,0.0
1255,30.4755,-103.4086,0.1106,0.1106,0.3657,0.0
1256,30.4642,-103.4882,1285.9449,1285.9443,4286.4733,0.0
1257,30.4929,-102.8686,0.0231,0.0231,0.0765,0.0
1258,30.4674,-102.7527,0.2093,0.2097,0.6974,0.0
1259,30.4876,-103.0408,531760.9231,531760.9231,1772530.8381,0.0
1260,30.4717,-103.6593,10803608.0,10803608.4615,36011993.8692,0.0
1261,30.4893,-103.8177,662300.0962,662300.0962,2207669.2908,0.0
1262,30.428,-101.5135,23567.1363,23567.127,78557.2321,0.0
1263,30.4677,-101.6613,67.3747,71.9175,230.9149,0.0
1264,30.555,-103.0666,1245508.7308,1245508.7308,4151700.7627,0.0
1265,30.5326,-103.9471,105.2062,105.2062,350.5993,0.0
1266,30.511,-102.841,0.0092,0.0092,0.0308,0.0
1267,30.46,-102.0246,0.661,0.6625,2.1959,0.0
1268,30.4815,-101.7229,1052404.8154,1052404.9231,3508015.3635,0.0
1269,30.529,-103.6573,176481.4604,176481.4819,588268.0777,0.0
1270,30.5446,-102.2868,150.7066,150.7075,502.3548,0.0
1271,30.5696,-102.5653,220215.0038,220215.0077,734049.109,0.0
1272,30.539,-102.4439,0.2223,0.2226,0.7409,0.0
1273,30.6166,-103.1626,0.6911,0.6911,2.2816,0.0
1274,30.4907,-101.7911,0.068,0.0769,0.2368,0.0
1275,30.5521,-103.9064,3477294.9231,3477294.9231,11590972.0581,0.0
1276,30.5758,-102.9497,0.0292,0.0292,0.0969,0.0
1277,30.5419,-102.0087,0.0786,0.0792,0.2612,0.0
1278,30.5611,-102.1656,133247.5615,133247.5619,444158.235,0.0
1279,30.518,-101.5101,991504.1692,991504.1615,3305012.4227,0.0
1280,30.5372,-101.9612,0.0334,0.0338,0.111,0.0
1281,30.5433,-103.6369,552174.7038,552174.7038,1840583.7962,0.0
1282,30.5744,-102.8723,0.0974,0.0974,0.3243,0.0
1283,30.5764,-102.8499,0.0449,0.0449,0.1496,0.0
1284,30.5599,-102.4391,0.0637,0.0639,0.212,0.0
1285,30.5401,-101.8967,0.041,0.0416,0.1363,0.0
1286,30.5892,-103.5321,253.6613,253.6613,845.5344,0.0
1287,30.6131,-103.3789,1852769.8846,1852769.9615,6175895.9288,0.0
1288,30.5459,-101.3252,0.0069,0.0066,0.0225,0.0
1289,30.6066,-104.0058,27420.0612,27420.1322,91400.591,0.0
1290,30.5373,-101.4488,0.0804,0.0776,0.2631,0.0
1291,30.5508,-101.6993,768491.3077,768491.3423,2561637.7903,0.0
1292,30.5922,-102.6749,108886.0481,108886.0485,362953.3425,0.0
1293,30.5938,-102.6887,784777.0231,784777.0231,2615921.9738,0.0
1294,30.6342,-103.6956,0.0902,0.0903,0.2964,0.0
1295,30.581,-102.3605,515187.6308,515187.65,1717292.1796,0.0
1296,30.6284,-103.3141,1436300.0885,1436300.1654,4787667.4319,0.0
1297,30.6523,-103.1207,0.2462,0.2462,0.8177,0.0
1298,30.608,-102.9592,0.0029,0.0029,0.0096,0.0
1299,30.6268,-104.0513,404669.6115,404670.4115,1348901.1229,0.0
1300,30.6135,-102.6273,252184.4885,252184.4885,840615.0324,0.0
1301,30.5624,-101.3243,0.4601,0.4596,1.5291,0.0
1302,30.6142,-102.5719,72348.7827,72348.785,241162.3158,0.0
1303,30.5949,-101.5385,0.0126,0.0121,0.0411,0.0
1304,30.6377,-102.422,0.0331,0.0335,0.1098,0.0
1305,30.6444,-102.7915,0.0278,0.0278,0.0917,0.0
1306,30.6111,-102.112,1212440.5769,1212440.5923,4041467.7115,0.0
1307,30.642,-104.0331,1387554.6154,1387554.8846,4625180.8088,0.0
1308,30.6101,-102.0529,0.0909,0.1094,0.3091,0.0
1309,30.6758,-103.8446,33685.1878,33685.1916,112283.9721,0.0
1310,30.6717,-103.165,0.1154,0.1154,0.3839,0.0
1311,30.659,-103.6718,0.0015,0.0015,0.0049,0.0
1312,30.6523,-102.788,0.005,0.005,0.0166,0.0
1313,30.6444,-101.7666,382437.7615,382437.7615,1274792.6556,0.0
1314,30.613,-101.5381,0.0255,0.025,0.084,0.0
1315,30.654,-101.8411,0.0124,0.0126,0.0412,0.0
1316,30.711,-102.9905,0.1078,0.1078,0.3492,0.0
1317,30.6161,-102.0056,0.1571,0.1746,0.5285,0.0
1318,30.6419,-101.4308,8.7988,8.7983,29.3285,0.0
1319,30.7023,-103.3697,1108.9465,1108.9466,3696.4875,0.0
1320,30.8111,-103.9706,4666368.9231,4666370.6154,15554557.2962,0.0
1321,30.6705,-102.3966,0.0082,0.0086,0.0273,0.0
1322,30.6722,-102.4116,0.0171,0.0174,0.0565,0.0
1323,30.7017,-103.2678,100188.4927,100188.4927,333960.2896,0.0
1324,30.6582,-101.4557,181054.6954,181054.695,603514.8997,0.0
1325,30.6949,-102.8817,0.021,0.021,0.069,0.0
1326,30.7126,-103.6253,0.0342,0.0342,0.1135,0.0
1327,30.6962,-102.554,0.0087,0.009,0.0287,0.0
1328,30.7643,-104.1808,720105.8577,720106.4462,2400358.2646,0.0
1329,30.7258,-103.6569,0.0984,0.0984,0.3274,0.0
1330,30.7255,-103.0064,0.079,0.079,0.2566,0.0
1331,30.6848,-101.3788,1.64,1.6387,5.4643,0.0
1332,30.6761,-101.8977,0.4734,0.4726,1.5764,0.0
1333,30.7151,-103.0376,0.0233,0.0233,0.0761,0.0
1334,30.7017,-102.5448,0.045,0.0455,0.1496,0.0
1335,30.7928,-103.8734,1459274.4615,1459275.7308,4864242.9885,0.0
1336,30.73,-103.8091,0.1322,0.1323,0.4391,0.0
1337,30.7483,-103.4737,45812.5154,45812.5154,152708.3203,0.0
1338,30.6894,-101.8101,18.7406,18.7412,61.7445,0.0
1339,30.7493,-102.7159,13153.5293,13153.5293,43845.1087,0.0
1340,30.7226,-103.3679,459070.7462,459070.7462,1530236.8077,0.0
1341,30.6944,-102.2743,48284.615,48284.615,160948.6031,0.0
1342,30.7376,-103.5117,378609.3038,378609.3038,1262030.799,0.0
1343,30.7309,-103.284,56275.745,56275.745,187585.3885,0.0
1344,30.6862,-101.4642,210004.5404,210004.5402,700016.1719,0.0
1345,30.6919,-102.2346,0.0474,0.0473,0.1567,0.0
1346,30.7005,-101.787,43.0197,43.02,142.8912,0.0
1347,30.7272,-102.0769,0.1977,0.1966,0.6557,0.0
1348,30.7788,-103.9435,1026861.9654,1026863.2962,3422877.7215,0.0
1349,30.8104,-104.0802,3530483.5769,3530484.7308,11768284.1115,0.0
1350,30.7869,-104.1895,412854.5462,412854.7538,1376183.4323,0.0
1351,30.7545,-102.6351,1945940.5,1945940.5,6486456.7938,0.0
1352,30.762,-103.3342,650061.9654,650061.9654,2166871.8446,0.0
1353,30.7128,-102.3455,514686.1902,514686.1902,1715619.3978,0.0
1354,30.7325,-101.641,409603.0077,409603.0077,1365343.1319,0.0
1355,30.7762,-102.7425,11494.7762,11494.7762,38315.9292,0.0
1356,30.7971,-103.2005,0.0849,0.0849,0.2779,0.0
1357,30.768,-103.5399,750333.9,750333.9,2501112.6869,0.0
1358,30.8055,-103.8808,0.2039,0.579,1.1635,0.0
1359,30.7587,-102.0482,0.0527,0.0525,0.1748,0.0
1360,30.8101,-102.7557,88020.1242,88020.1242,293399.4518,0.0
1361,30.7915,-102.2426,0.041,0.0407,0.1356,0.0
1362,30.7836,-101.8535,356830.2615,356830.2846,1189430.9635,0.0
1363,30.7956,-102.1925,0.0009,0.0009,0.003,0.0
1364,30.8197,-103.0518,0.0142,0.0142,0.0465,0.0
1365,30.8442,-102.8592,0.0686,0.0686,0.2248,0.0
1366,30.8734,-103.3463,0.0666,0.0666,0.2173,0.0
1367,30.8518,-103.2235,0.0753,0.0753,0.2446,0.0
1368,30.8471,-102.432,471997.0769,471997.0731,1573321.1392,0.0
1369,30.8485,-103.8064,0.0227,0.0227,0.0752,0.0
1370,30.7974,-101.7025,679660.9077,679660.9077,2265534.5185,0.0
1371,30.8392,-104.1662,402202.5308,402202.5308,1340675.9688,0.0
1372,30.8412,-104.1519,20164.8077,20164.8273,67216.1427,0.0
1373,30.7763,-101.6419,772287.6654,772287.6654,2574291.65,0.0
1374,30.8341,-102.1978,0.0125,0.0124,0.0414,0.0
1375,30.8664,-103.1781,0.0208,0.0208,0.0674,0.0
1376,30.8184,-101.494,3112.3829,3112.3828,10374.5834,0.0
1377,30.8085,-101.8046,451886.5577,451886.5346,1506284.2409,0.0
1378,30.7592,-101.4004,5.1765,5.1756,17.2347,0.0
1379,30.8551,-102.4735,502603.4615,502603.4615,1675344.5646,0.0
1380,30.8687,-104.0564,358554.0115,358554.0115,1195183.3453,0.0
1381,30.8716,-102.963,0.0159,0.0159,0.0519,0.0
1382,30.8739,-103.1719,0.0092,0.0092,0.0298,0.0
1383,30.8734,-102.9503,0.0232,0.0232,0.075,0.0
1384,30.9647,-104.271,25342.9556,25342.9555,84476.5711,0.0
1385,30.868,-102.8822,0.0058,0.0058,0.0188,0.0
1386,30.8645,-102.6592,0.0089,0.0089,0.0288,0.0
1387,30.8774,-102.373,0.0328,0.0327,0.1092,0.0
1388,30.8967,-103.8534,958382.1615,958382.2385,3194607.7742,0.0
1389,30.8745,-102.6276,0.0157,0.0157,0.0508,0.0
1390,30.9116,-102.2989,2960210.3846,2960210.3846,9867361.5642,0.0
1391,30.9336,-103.6135,2311855.5,2311855.5,7706185.5373,0.0
1392,30.9663,-102.7364,0.3367,0.3367,1.0972,0.0
1393,30.8746,-101.8678,83404.5304,83404.5273,278014.1065,0.0
1394,30.8697,-102.119,0.0115,0.0114,0.0383,0.0
1395,30.9366,-103.1055,0.0504,0.0504,0.1629,0.0
1396,30.926,-103.5471,1185863.4615,1185863.4615,3952879.4612,0.0
1397,30.9134,-103.3358,0.0092,0.0092,0.0302,0.0
1398,30.9468,-103.6579,1589171.7308,1589171.7308,5297240.3219,0.0
1399,30.9397,-103.5911,1980736.6923,1980736.6923,6602457.4042,0.0
1400,30.9241,-101.9995,6481.0385,6481.0385,21603.4713,0.0
1401,30.9848,-103.2514,0.124,0.124,0.4014,0.0
1402,30.9767,-104.1916,218308.3438,218308.3438,727692.9632,0.0
1403,30.9306,-102.2759,2456148.1923,2456148.1923,8187155.0212,0.0
1404,31.0593,-103.8247,149632.3704,149632.3704,498774.3436,0.0
1405,30.9047,-101.868,232155.9538,232155.9577,773850.8283,0.0
1406,30.958,-102.7967,0.1081,0.1081,0.353,0.0
1407,30.9627,-103.7359,247443.1462,247443.1462,824811.3563,0.0
1408,30.9406,-103.5712,225846.7577,225846.7577,752822.6058,0.0
1409,30.9263,-102.3531,792198.4269,792198.4423,2640661.4223,0.0
1410,30.9914,-102.5998,2017.4283,2017.4282,6724.7883,0.0
1411,30.8865,-101.5442,1040956.3049,1040956.299,3469857.6442,0.0
1412,30.9735,-103.6965,256857.7231,256857.7231,856192.9997,0.0
1413,30.9725,-102.9691,0.0609,0.0609,0.1993,0.0
1414,30.9868,-103.7986,0.0971,0.0971,0.3164,0.0
1415,30.9658,-103.1168,0.0059,0.0059,0.0192,0.0
1416,31.0711,-102.765,208569.1219,208569.1219,695231.2032,0.0
1417,30.9332,-101.8855,525472.2577,525472.2615,1751572.3812,0.0
1418,31.0085,-103.2214,0.0587,0.0587,0.1899,0.0
1419,30.9548,-102.0166,6645.7719,6645.7726,22152.5774,0.0
1420,30.9815,-102.2949,387685.0885,387685.0885,1292283.3737,0.0
1421,31.0148,-103.5627,6787.2451,6787.2451,22624.1535,0.0
1422,31.0288,-102.4587,18578.5065,18578.5065,61928.3808,0.0
1423,31.0197,-104.1926,404235.9269,404235.9269,1347451.3804,0.0
1424,30.9291,-101.5155,271637.7496,271637.7945,905456.8406,0.0
1425,31.0826,-102.9953,218992.707,218992.707,729974.505,0.0
1426,30.9912,-102.1136,35530.2869,35530.2885,118434.0864,0.0
1427,30.9874,-102.0405,475543.3769,475543.3769,1585137.2542,0.0
1428,31.0369,-102.4724,177065.25,177065.25,590217.2138,0.0
1429,31.0057,-102.1939,12557.6229,12557.6212,41858.7282,0.0
1430,30.9728,-101.7454,1842075.3462,1842075.3462,6140246.5977,0.0
1431,31.0801,-103.3749,0.0026,0.0026,0.0087,0.0
1432,31.0326,-102.882,0.0687,0.0687,0.2245,0.0
1433,31.0482,-102.3743,554631.9192,554631.9385,1848770.825,0.0
1434,31.0463,-104.1913,0.0703,0.0703,0.2285,0.0
1435,31.0465,-104.2876,0.0166,0.0166,0.0553,0.0
1436,31.0045,-102.0926,744168.3269,744168.2808,2480559.4196,0.0
1437,31.0709,-103.8066,0.0685,0.0685,0.2231,0.0
1438,31.0513,-102.5596,0.0403,0.0402,0.1335,0.0
1439,31.0398,-102.6386,22422.3596,22422.3596,74740.3172,0.0
1440,31.0756,-103.7204,0.0502,0.0502,0.1636,0.0
1441,30.9706,-101.3481,3.2436,3.2437,10.8025,0.0
1442,31.0435,-102.6431,0.0098,0.0098,0.0325,0.0
1443,31.0833,-103.8956,0.0341,0.0341,0.11,0.0
1444,31.0261,-101.6786,0.1677,0.1659,0.5557,0.0
1445,31.0991,-103.1963,0.0753,0.0753,0.247,0.0
1446,31.095,-103.9048,0.4537,0.4537,1.4889,0.0
1447,31.0917,-103.6793,0.0112,0.0112,0.0365,0.0
1448,31.0738,-102.4733,1015516.8077,1015516.8077,3385055.8373,0.0
1449,31.0854,-103.2404,0.0176,0.0176,0.0571,0.0
1450,31.0692,-101.8473,0.1308,0.1338,0.4104,0.0
1451,30.9897,-101.3741,0.9504,0.9476,3.1601,0.0
1452,31.1002,-104.3225,256120.7462,256120.7462,853734.4951,0.0
1453,31.1401,-104.207,0.0405,0.0405,0.1321,0.0
1454,31.1429,-104.0038,0.1874,0.1875,0.6086,0.0
1455,31.1107,-103.5485,0.0085,0.0085,0.0279,0.0
1456,31.1174,-103.3848,0.0002,0.0002,0.0007,0.0
1457,31.1321,-102.9356,0.0263,0.0263,0.0853,0.0
1458,31.198,-103.0556,0.1068,0.1059,0.345,0.0
1459,31.1254,-104.1025,0.0478,0.0478,0.1592,0.0
1460,31.1502,-103.6662,63102.5497,63102.5497,210341.7644,0.0
1461,31.0394,-101.538,7.326,7.3181,24.394,0.0
1462,31.1174,-104.3072,0.1212,0.1212,0.403,0.0
1463,31.0885,-101.8696,0.0754,0.0769,0.2391,0.0
1464,31.1772,-103.2843,0.0117,0.0119,0.0365,0.0
1465,31.1695,-103.5731,259251.7231,259251.7231,864172.7808,0.0
1466,31.1023,-102.5129,106015.5138,106015.5138,353385.2743,0.0
1467,31.0455,-101.4843,3.0356,3.028,10.097,0.0
1468,31.1046,-102.3227,253200.325,253200.3265,844001.6071,0.0
1469,31.1619,-104.1813,0.0193,0.0193,0.063,0.0
1470,31.0964,-101.8473,0.0568,0.0586,0.1785,0.0
1471,31.1602,-103.9125,0.0292,0.0292,0.0956,0.0
1472,31.1088,-102.1992,163260.4346,163260.4346,544202.8536,0.0
1473,31.1575,-102.7019,223159.0143,223159.0143,743861.3638,0.0
1474,31.1535,-103.4032,0.0011,0.001,0.0035,0.0
1475,31.1939,-103.1347,21975.3995,21975.3995,73251.3127,0.0
1476,31.1508,-102.9513,191422.819,191422.8152,638074.9031,0.0
1477,31.1794,-103.5072,0.0054,0.0051,0.0171,0.0
1478,31.1155,-102.3259,365928.0463,365928.0477,1219759.8645,0.0
1479,31.1615,-103.5421,0.0027,0.0027,0.009,0.0
1480,31.173,-103.835,0.0088,0.0088,0.0294,0.0
1481,31.1236,-102.0149,402348.5731,402348.5769,1341161.675,0.0
1482,31.1836,-103.5279,0.0013,0.0013,0.0043,0.0
1483,31.1762,-102.6151,489265.0258,489265.0258,1630875.4222,0.0
1484,31.0907,-101.7488,841058.6692,841058.6654,2803531.4191,0.0
1485,31.1172,-102.0634,1823153.6538,1823153.6538,6077176.1185,0.0
1486,31.1214,-102.2134,261514.9856,261514.9856,871719.1186,0.0
1487,31.1757,-103.8938,0.0033,0.0033,0.0111,0.0
1488,31.0857,-101.7064,0.5404,0.5373,1.7949,0.0
1489,31.1844,-103.9722,0.0412,0.0412,0.1373,0.0
1490,31.176,-103.3923,0.0014,0.0014,0.0044,0.0
1491,31.1472,-102.4436,866340.1154,866340.1192,2887795.6169,0.0
1492,31.1946,-103.1732,0.0038,0.0038,0.0125,0.0
1493,31.2089,-103.73,0.0028,0.0028,0.0094,0.0
1494,31.1941,-102.6061,263666.4077,263666.4077,878889.719,0.0
1495,31.185,-102.3711,71147.3438,71147.3442,237158.0068,0.0
1496,31.2469,-104.0618,0.0517,0.0517,0.1702,0.0
1497,31.2243,-104.294,0.0104,0.0104,0.0346,0.0
1498,31.2201,-103.5783,465297.3885,465297.3885,1550991.595,0.0
1499,31.2004,-101.9485,0.0687,0.0703,0.2171,0.0
1500,31.2579,-103.9755,0.0704,0.0704,0.2316,0.0
1501,31.2277,-102.6492,127684.6781,127684.6781,425615.0655,0.0
1502,31.2429,-102.8353,371211.6654,371211.5769,1237371.398,0.0
1503,31.2465,-102.8702,386571.5654,386571.5462,1288570.7658,0.0
1504,31.2335,-102.7999,232513.3046,232513.3046,775042.8766,0.0
1505,31.2473,-102.8961,616816.3231,616816.2923,2056054.7985,0.0
1506,31.2045,-102.3825,443292.1692,443292.1692,1477639.0512,0.0
1507,31.2354,-102.7893,40530.3735,40530.3735,135100.8131,0.0
1508,31.1843,-102.062,2904045.1923,2904045.1923,9680149.3531,0.0
1509,31.2284,-101.8723,0.1194,0.1184,0.389,0.0
1510,31.273,-103.8188,0.007,0.007,0.0232,0.0
1511,31.2364,-102.5045,453812.7,453812.7,1512708.245,0.0
1512,31.271,-103.4622,521269.3654,521269.3654,1737565.12,0.0
1513,31.2171,-102.3477,1203963.6962,1203963.6962,4013205.3588,0.0
1514,31.2465,-102.692,141366.2076,141366.2076,471220.021,0.0
1515,31.248,-102.4434,50321.8946,50321.9027,167739.5772,0.0
1516,31.3245,-103.2626,5701.4503,5701.4503,19004.8305,0.0
1517,31.2761,-103.5696,454185.3269,454185.3269,1513949.7842,0.0
1518,31.2759,-103.5895,326954.1115,326954.1115,1089847.0281,0.0
1519,31.2778,-103.0361,14160.6488,14160.6488,47202.1608,0.0
1520,31.2955,-103.7182,0.0161,0.0161,0.0524,0.0
1521,31.2437,-101.9143,0.0744,0.0771,0.2317,0.0
1522,31.3078,-103.3863,0.0084,0.0081,0.0266,0.0
1523,31.297,-103.2094,0.0029,0.0028,0.0094,0.0
1524,31.2809,-103.6371,504081.4038,504081.4038,1680270.6219,0.0
1525,31.2895,-102.8941,787041.8846,787041.8192,2623473.4654,0.0
1526,31.2818,-103.1295,28987.6532,28987.6532,96625.5777,0.0
1527,31.267,-102.0966,548045.6115,548045.6154,1826821.0327,0.0
1528,31.2649,-104.2778,199730.3346,199730.3346,665767.0771,0.0
1529,31.2805,-104.4093,0.0001,0.0001,0.0003,0.0
1530,31.2821,-104.4365,0.0751,0.0751,0.2467,0.0
1531,31.2685,-102.4504,622028.2192,622028.2346,2073426.5912,0.0
1532,31.3282,-103.0195,636637.0808,636637.0808,2122121.12,0.0
1533,31.3296,-103.364,0.0091,0.0091,0.0294,0.0
1534,31.3367,-104.0403,0.0904,0.0904,0.2957,0.0
1535,31.351,-102.2234,0.0281,0.0281,0.0914,0.0
1536,31.3249,-102.9012,35486.2292,35486.2292,118287.318,0.0
1537,31.3232,-103.4902,2809962.8846,2809962.8846,9366544.8077,0.0
1538,31.3316,-104.2472,842800.3808,842800.3808,2809336.5823,0.0
1539,31.3091,-102.8237,1225308.2731,1225308.2615,4084359.0388,0.0
1540,31.3544,-103.8468,0.0073,0.0073,0.0238,0.0
1541,31.3052,-102.0598,1155045.3615,1155045.4385,3850146.9246,0.0
1542,31.3285,-101.9922,0.0006,0.0006,0.0018,0.0
1543,31.3122,-102.0323,990378.1769,990378.1808,3301260.5631,0.0
1544,31.3402,-104.2134,1474.6945,1474.6945,4915.6384,0.0
1545,31.3601,-103.4056,146386.3808,146386.3808,487954.8767,0.0
1546,31.3572,-104.0752,0.1464,0.1464,0.4819,0.0
1547,31.3345,-101.9828,0.0083,0.0083,0.0268,0.0
1548,31.3931,-103.5021,1122860.8385,1122860.8385,3742868.8442,0.0
1549,31.3792,-103.6382,0.0034,0.0034,0.011,0.0
1550,31.3639,-102.9542,626144.5346,626144.4731,2087146.4131,0.0
1551,31.3773,-102.2034,0.0474,0.0489,0.1479,0.0
1552,31.3829,-103.1085,3552839.4231,3552839.4231,11842795.8077,0.0
1553,31.3754,-102.6651,27506.6883,27506.6883,91688.848,0.0
1554,31.3411,-102.5633,1679033.6192,1679033.6192,5596768.1612,0.0
1555,31.4435,-104.446,623658.2077,623658.2077,2078860.6042,0.0
1556,31.3786,-102.4465,102315.1327,102315.1414,341050.0967,0.0
1557,31.3958,-103.2589,711151.0692,711151.0692,2370503.4896,0.0
1558,31.4028,-102.2786,43664.6903,43664.6914,145548.7432,0.0
1559,31.4565,-104.3633,218319.4769,218319.4769,727730.8802,0.0
1560,31.3815,-102.9501,306815.0269,306814.9462,1022716.4088,0.0
1561,31.4107,-103.7651,0.0089,0.0089,0.0294,0.0
1562,31.3986,-102.5208,269508.7723,269508.7762,898365.7267,0.0
1563,31.4259,-103.1058,369999.1515,369999.1515,1233330.1898,0.0
1564,31.4315,-103.9928,0.0005,0.0005,0.0017,0.0
1565,31.4304,-103.5502,81461.5446,81461.5446,271538.3178,0.0
1566,31.4305,-103.6381,0.0003,0.0003,0.0009,0.0
1567,31.4273,-103.2691,8362.4141,8362.4142,27874.1421,0.0
1568,31.4147,-103.8773,0.0076,0.0076,0.0249,0.0
1569,31.4404,-104.0757,0.0192,0.0192,0.0627,0.0
1570,31.4453,-104.0115,0.0014,0.0014,0.0047,0.0
1571,31.4494,-103.4974,243872.1923,243872.1923,812907.1783,0.0
1572,31.4851,-104.3736,419845.3769,419845.3769,1399486.5915,0.0
1573,31.4706,-104.2169,1533.3417,1533.3417,5111.1387,0.0
1574,31.4372,-102.9032,346710.9265,346710.9265,1155702.2005,0.0
1575,31.4473,-102.8621,1088141.9346,1088141.9346,3627138.1212,0.0
1576,31.4847,-104.4421,427484.4308,427484.4308,1424948.0888,0.0
1577,31.4568,-103.6749,0.0095,0.0095,0.0306,0.0
1578,31.4269,-102.6782,1742945.8308,1742945.8308,5809810.8042,0.0
1579,31.4554,-102.3382,434995.3154,434995.3154,1449988.9809,0.0
1580,31.4802,-103.5029,1139602.8077,1139602.8077,3798674.2935,0.0
1581,31.4998,-103.1826,208.6588,208.6588,695.5299,0.0
1582,31.4687,-103.4256,1418256.6538,1418256.6154,4727517.4023,0.0
1583,31.4842,-102.5156,0.0618,0.0618,0.2052,0.0
1584,31.5185,-103.5933,0.0012,0.0012,0.0041,0.0
1585,31.5192,-103.6007,396756.6192,396756.6192,1322523.2115,0.0
1586,31.5193,-103.7455,0.2193,0.2193,0.7172,0.0
1587,31.5224,-104.4442,2566079.1154,2566079.0769,8553591.2688,0.0
1588,31.519,-103.1706,36297.7781,36297.7781,120992.432,0.0
1589,31.4647,-102.6357,360731.7254,360731.7023,1202437.6834,0.0
1590,31.4151,-102.7466,1753961.5154,1753961.5538,5846518.5073,0.0
1591,31.5114,-103.2077,190682.8427,190682.8427,635611.1741,0.0
1592,31.5079,-103.0607,14810.9936,14810.9936,49369.8794,0.0
1593,31.4707,-102.2213,0.1108,0.1108,0.3677,0.0
1594,31.531,-104.0865,0.0,0.0,0.0001,0.0
1595,31.5265,-104.2189,24993.3992,24993.3992,83311.3737,0.0
1596,31.5314,-104.3853,32528.5838,32528.5838,108428.5492,0.0
1597,31.4995,-102.5134,0.0124,0.0124,0.0406,0.0
1598,31.5323,-103.7476,0.0191,0.0191,0.062,0.0
1599,31.5358,-104.4827,53696.2465,53696.2465,178987.1358,0.0
1600,31.5392,-103.9883,0.0109,0.0109,0.036,0.0
1601,31.5406,-103.364,393994.6885,393994.6885,1313315.3,0.0
1602,31.5463,-103.5898,0.0043,0.0043,0.0139,0.0
1603,31.5334,-104.1764,259070.8808,259070.8808,863576.5542,0.0
1604,31.5367,-102.3897,0.0195,0.0195,0.0648,0.0
1605,31.5456,-103.9588,0.0045,0.0045,0.0146,0.0
1606,31.5509,-103.6329,0.0106,0.0106,0.0349,0.0
1607,31.5598,-103.0716,147279.8962,147279.9,490932.718,0.0
1608,31.4914,-102.6635,401584.6977,401584.6977,1338613.8178,0.0
1609,31.5867,-104.4606,0.0059,0.0059,0.0196,0.0
1610,31.5576,-103.5097,1527408.7692,1527408.7692,5091361.6065,0.0
1611,31.5912,-104.4646,0.026,0.026,0.0867,0.0
1612,31.5302,-102.8064,290597.4923,290597.4923,968657.6237,0.0
1613,31.5021,-102.2443,0.6942,0.6942,2.3052,0.0
1614,31.5442,-102.8348,547788.4654,547788.4654,1825961.6992,0.0
1615,31.5562,-103.1855,547483.6462,547483.6462,1824941.7607,0.0
1616,31.6767,-104.5304,0.5625,0.5625,1.8747,0.0
1617,31.676,-104.0259,0.0204,0.0204,0.0675,0.0
1618,31.5553,-102.4538,0.0961,0.0961,0.3126,0.0
1619,31.6464,-103.757,0.1719,0.1719,0.5627,0.0
1620,31.5942,-102.5447,0.014,0.014,0.0466,0.0
1621,31.6221,-104.3654,14477.446,14477.446,48258.1501,0.0
1622,31.5661,-102.3981,0.1064,0.1064,0.3495,0.0
1623,31.6045,-102.5257,0.0011,0.0011,0.0035,0.0
1624,31.6394,-104.2358,0.131,0.131,0.4344,0.0
1625,31.6048,-102.5223,0.0047,0.0047,0.0157,0.0
1626,31.654,-103.6796,853.447,853.447,2844.822,0.0
1627,31.6856,-104.0791,1299.7798,1299.7798,4332.5799,0.0
1628,31.6927,-104.5422,0.2931,0.2931,0.9768,0.0
1629,31.5677,-102.4481,0.1133,0.1133,0.3689,0.0
1630,31.6764,-103.9078,0.0199,0.0199,0.0654,0.0
1631,31.6629,-104.1643,17045.017,17045.017,56816.7092,0.0
1632,31.6478,-103.2645,0.053,0.053,0.1708,0.0
1633,31.6547,-104.3588,250341.3538,250341.3538,834471.2922,0.0
1634,31.7078,-104.5916,311211.3592,311211.3592,1037371.0253,0.0
1635,31.6657,-103.7594,0.0774,0.0774,0.2514,0.0
1636,31.6576,-104.3734,824697.1846,824697.1846,2748990.6785,0.0
1637,31.7017,-103.7986,50269.7654,50269.758,167565.1969,0.0
1638,31.6483,-102.5727,0.0052,0.0052,0.0172,0.0
1639,31.6542,-103.0056,451065.9346,451065.9346,1503553.6159,0.0
1640,31.6733,-104.2128,2.4179,2.4179,8.0597,0.0
1641,31.6031,-102.8796,131571.4841,131571.4841,438570.7402,0.0
1642,31.5474,-102.3353,504884.5322,504884.5322,1682942.9233,0.0
1643,31.6687,-103.2834,0.1938,0.1938,0.6285,0.0
1644,31.6832,-103.5688,0.013,0.0128,0.0418,0.0
1645,31.7078,-103.904,0.0067,0.0067,0.0219,0.0
1646,31.672,-102.6762,0.0077,0.0077,0.0255,0.0
1647,31.7114,-103.85,0.082,0.082,0.2695,0.0
1648,31.6403,-102.9169,404458.4151,404458.4151,1348192.6403,0.0
1649,31.6919,-103.1904,0.0495,0.0495,0.1631,0.0
1650,31.7589,-104.6308,6681.8,6681.8,22272.4975,0.0
1651,31.7384,-104.2395,9896.0177,9896.0177,32986.7199,0.0
1652,31.7241,-103.3464,0.0023,0.0023,0.0076,0.0
1653,31.7296,-103.1077,0.0016,0.0016,0.0054,0.0
1654,31.7228,-102.7332,0.0011,0.0011,0.0037,0.0
1655,31.7479,-104.1962,15939.2357,15939.2357,53130.7779,0.0
1656,31.733,-103.3309,0.0047,0.0047,0.0154,0.0
1657,31.6881,-102.584,0.018,0.018,0.0589,0.0
1658,31.7407,-102.7435,0.0016,0.0016,0.0052,0.0
1659,31.764,-104.2542,128876.3603,128876.3603,429588.2736,0.0
1660,31.7765,-104.5907,0.0317,0.0317,0.1056,0.0
1661,31.7647,-103.8076,64130.5781,64130.5427,213767.9052,0.0
1662,31.7522,-103.4802,0.0438,0.0438,0.1449,0.0
1663,31.7435,-102.9947,0.015,0.015,0.0495,0.0
1664,31.7715,-104.2326,84403.4273,84403.4273,281345.0218,0.0
1665,31.8379,-104.3493,60478.2392,60478.2392,201593.7175,0.0
1666,31.7871,-104.0778,0.037,0.0371,0.1223,0.0
1667,31.7249,-103.5952,616007.0423,616007.0423,2053354.5773,0.0
1668,31.7898,-103.8542,1388868.8846,1388868.6923,4629559.3119,0.0
1669,31.7619,-102.7487,0.0488,0.0488,0.1586,0.0
1670,31.8331,-104.6215,14889.4458,14889.4458,49631.5531,0.0
1671,31.7026,-102.9405,1018626.2962,1018626.3077,3395417.2743,0.0
1672,31.7882,-102.8035,0.0058,0.0058,0.0195,0.0
1673,31.8069,-104.1201,0.2473,0.2473,0.8128,0.0
1674,31.7816,-103.496,55332.488,55332.488,184441.649,0.0
1675,31.7331,-102.6623,0.0371,0.0371,0.1233,0.0
1676,31.8301,-104.0186,407380.4423,407380.4423,1357934.7431,0.0
1677,31.8502,-104.6585,2407117.4615,2407117.4615,8023731.4873,0.0
1678,31.8466,-104.5097,11203593.1923,11203593.1923,37345298.8577,0.0
1679,31.8092,-103.3224,0.1795,0.1795,0.5836,0.0
1680,31.8481,-104.4686,227268.4808,227268.4808,757561.5145,0.0
1681,31.8058,-102.8178,0.061,0.061,0.1982,0.0
1682,31.8241,-102.9991,0.0207,0.0207,0.0687,0.0
1683,31.8861,-104.2211,681010.4,681010.4,2270031.9181,0.0
1684,31.7869,-103.0888,0.0766,0.0766,0.2539,0.0
1685,31.7955,-103.6783,887164.9308,887164.8846,2957219.8081,0.0
1686,31.8645,-104.472,132069.935,132069.935,440236.5478,0.0
1687,31.81,-103.7511,2745387.7308,2745387.2692,9151283.7312,0.0
1688,31.8636,-103.3735,0.0787,0.0787,0.2618,0.0
1689,31.8787,-103.2212,62265.9173,62265.9173,207552.7999,0.0
1690,31.8092,-103.1102,0.5819,0.582,1.896,0.0
1691,31.8987,-104.7123,0.2708,0.2708,0.9025,0.0
1692,31.9117,-104.0383,0.0117,0.0117,0.0385,0.0
1693,31.836,-102.932,0.0802,0.0802,0.2637,0.0
1694,31.8736,-102.9484,0.0315,0.0315,0.1033,0.0
1695,31.9083,-104.6785,0.0444,0.0444,0.1481,0.0
1696,31.8774,-102.9701,0.0473,0.0473,0.1566,0.0
1697,31.9216,-104.0565,0.0106,0.0106,0.0351,0.0
1698,31.9112,-103.343,0.0058,0.0058,0.0192,0.0
1699,31.9283,-104.5332,0.0179,0.0179,0.0596,0.0
1700,31.9103,-103.8348,401561.9681,401561.958,1338532.7624,0.0
1701,31.9264,-103.573,6602.8131,6602.8131,22009.3129,0.0
1702,31.9329,-103.447,0.0059,0.0059,0.0196,0.0
1703,31.9365,-104.4387,170157.8231,170157.8231,567188.3247,0.0
1704,31.9389,-104.5438,0.0633,0.0633,0.2109,0.0
1705,31.9458,-103.9386,63915.0365,63858.6631,212935.43,0.0
1706,31.9432,-103.2618,364358.2538,364358.2538,1214527.2266,0.0
1707,31.9379,-103.5847,187289.1047,187289.1047,624298.0334,0.0
1708,31.9775,-104.6887,134572.8689,134572.8689,448576.438,0.0
1709,31.93,-103.0019,0.1394,0.1394,0.4575,0.0
1710,31.9446,-103.4391,0.032,0.032,0.1067,0.0
1711,31.9394,-102.9571,0.0687,0.0687,0.2277,0.0
1712,31.9804,-103.9736,45258.0677,45257.6438,150854.2875,0.0
1713,31.9982,-104.51,0.0839,0.0839,0.2787,0.0
1714,31.9446,-103.8886,2260674.1077,2259973.5692,7534338.4723,0.0
1715,31.9919,-103.9951,595342.9615,595342.9538,1984470.0635,0.0
1716,32.0069,-104.2174,45199.6817,45199.682,150667.1417,0.0
1717,32.0218,-104.3436,52755.7033,52755.7033,175854.7832,0.0
1718,32.0089,-104.6578,724622.7038,724622.7038,2415409.0042,0.0
1719,31.9998,-103.6036,155856.0274,155856.0274,519519.1079,0.0
1720,32.0389,-104.4977,425.4927,425.4927,1418.3089,0.0
1721,32.0365,-104.6324,0.2437,0.2435,0.8112,0.0
1722,32.0174,-103.6605,38498.7455,38498.7455,128328.5675,0.0
1723,31.9819,-103.19,1244721.1733,1244721.1272,4149078.5825,0.0
1724,32.0387,-104.5976,0.0139,0.0139,0.0459,0.0
1725,32.0262,-103.3859,99295.2476,99295.2476,330983.6371,0.0
1726,32.0065,-103.9173,1154160.1269,1151784.4269,3843096.3142,0.0
1727,32.0373,-104.3307,12358.5826,12358.5826,41195.7436,0.0
1728,32.0267,-103.7671,0.4177,0.4285,1.284,0.0
1729,32.0566,-104.5296,2546060.8462,2546060.8462,8486873.0385,0.0
1730,32.0271,-103.2854,1274119.7231,1274119.7231,4247064.5542,0.0
1731,32.0424,-103.9445,2652393.6154,2652392.4231,8841293.9754,0.0
1732,32.0314,-103.2972,1610434.9962,1610435.0385,5368113.2473,0.0
1733,32.0831,-104.4978,1561341.5,1561341.5,5204467.1288,0.0
1734,32.1016,-104.2659,808055.1192,808055.1192,2693512.9177,0.0
1735,31.9731,-103.0354,269282.2038,269282.2038,897605.1635,0.0
1736,32.0452,-103.6582,188664.2299,188664.2299,628881.6388,0.0
1737,32.0861,-103.5266,0.009,0.009,0.03,0.0
1738,32.1414,-104.7104,448173.1615,448173.1577,1493908.7496,0.0
1739,32.0813,-102.9653,0.0017,0.0017,0.0056,0.0
1740,32.0824,-103.9777,250757.282,250668.7321,835706.2585,0.0
1741,32.0746,-103.0644,0.174,0.174,0.5764,0.0
1742,32.071,-103.2319,682098.7294,682098.7333,2273663.2781,0.0
1743,32.1174,-104.5315,14100402.3462,14100402.3462,47001343.8769,0.0
1744,32.0939,-102.9486,0.007,0.007,0.0231,0.0
1745,32.1117,-103.7426,0.0062,0.0062,0.0206,0.0
1746,32.1221,-104.2128,77973.653,77973.653,259909.6774,0.0
1747,32.1356,-104.0043,37062.4588,37062.4588,123542.6116,0.0
1748,32.124,-103.7631,0.0124,0.0124,0.0409,0.0
1749,32.093,-103.2144,615137.4456,615137.4456,2050452.3917,0.0
1750,32.1693,-104.7102,770256.3192,770256.3115,2567516.7538,0.0
1751,32.1401,-104.0695,845165.0346,845165.0346,2817216.24,0.0
1752,32.1564,-103.5716,0.0027,0.0027,0.0091,0.0
1753,32.1154,-103.7047,0.0198,0.0198,0.0661,0.0
1754,32.1317,-103.4585,0.0181,0.0181,0.0602,0.0
1755,32.1599,-102.9223,0.0122,0.0122,0.04,0.0
1756,32.1793,-103.9227,878648.3692,878648.4308,2928835.3669,0.0
1757,32.1684,-104.0593,2661266.5769,2661266.5769,8870877.7992,0.0
1758,32.1603,-104.3776,360562.9033,360562.9033,1201869.3259,0.0
1759,32.1231,-103.2737,207075.0955,207075.0994,690251.5762,0.0
1760,32.1552,-103.0792,46253.6641,46253.6641,154178.9686,0.0
1761,32.2479,-104.68,5389784.6923,5389784.7692,17965965.2815,0.0
1762,32.2028,-104.2667,0.0608,0.0608,0.2025,0.0
1763,32.2183,-103.9754,493627.8231,493627.8231,1645415.0812,0.0
1764,32.1596,-103.0281,0.4509,0.4509,1.4875,0.0
1765,32.1987,-102.9189,0.0207,0.0207,0.0681,0.0
1766,32.2166,-103.1025,156381.0122,156381.0122,521267.1886,0.0
1767,32.2612,-104.5229,282805.2068,282805.2068,942686.8405,0.0
1768,32.2232,-103.6217,0.0071,0.0071,0.0236,0.0
1769,32.2001,-102.9004,0.0258,0.0258,0.0844,0.0
1770,32.2637,-104.3858,274495.6423,274495.6423,914987.1805,0.0
1771,32.2253,-103.2073,0.0147,0.0147,0.0484,0.0
1772,32.2261,-103.5829,0.0259,0.0259,0.0844,0.0
1773,32.2733,-103.8131,0.1456,0.1493,0.4522,0.0
1774,32.2739,-103.9917,769101.6615,769101.6692,2563670.57,0.0
1775,32.2069,-103.4029,0.1463,0.1463,0.4785,0.0
1776,32.3046,-104.1765,3.1679,3.168,10.3174,0.0
1777,32.2824,-103.7904,0.0086,0.0086,0.0283,0.0
1778,32.2873,-103.7916,0.0068,0.0068,0.0225,0.0
1779,32.249,-103.2196,299.0849,299.0849,996.9545,0.0
1780,32.2603,-102.9925,0.0203,0.0203,0.0671,0.0
1781,32.3206,-104.797,0.1001,0.0997,0.3323,0.0
1782,32.3014,-104.4429,252345.1077,252345.1077,841149.1725,0.0
1783,32.2839,-103.2023,44320.0381,44320.0381,147734.8443,0.0
1784,32.3013,-104.5919,4191072.0769,4191072.0769,13970239.3885,0.0
1785,32.3107,-104.0883,245038.3115,245038.3115,816794.0094,0.0
1786,32.2911,-103.0391,0.0053,0.0053,0.0175,0.0
1787,32.3235,-104.8397,0.0272,0.0272,0.0906,0.0
1788,32.3838,-104.6436,270947.5229,270947.5229,903158.186,0.0
1789,32.3402,-104.3362,0.0429,0.0429,0.1423,0.0
1790,32.3292,-104.8614,0.1151,0.115,0.3834,0.0
1791,32.331,-103.8875,181383.9519,181383.9519,604613.198,0.0
1792,32.3493,-103.5324,0.0218,0.0218,0.0724,0.0
1793,32.3499,-104.8053,0.1481,0.1479,0.4934,0.0
1794,32.309,-103.2275,152613.5465,152613.5465,508712.918,0.0
1795,32.3364,-103.7935,138791.0605,138791.0605,462635.5263,0.0
1796,32.3731,-104.4029,292725.1577,292725.1577,975751.906,0.0
1797,32.3587,-104.135,0.2508,0.2508,0.824,0.0
1798,32.3645,-104.809,0.0367,0.0365,0.1218,0.0
1799,32.3595,-103.9585,463942.9885,463943.0115,1546471.9354,0.0
1800,32.3244,-103.0175,0.0173,0.0173,0.0569,0.0
1801,32.3954,-104.6991,0.0031,0.0031,0.0103,0.0
1802,32.3977,-104.376,617147.5269,617147.5269,2057168.2012,0.0
1803,32.3566,-103.395,197806.7171,197806.7171,659349.4161,0.0
1804,32.4321,-104.4698,0.0796,0.0796,0.2637,0.0
1805,32.4081,-103.8353,36642.4434,36642.4434,122141.8844,0.0
1806,32.3806,-103.4507,4718.4778,4718.4778,15728.1682,0.0
1807,32.3852,-103.5573,0.0242,0.0242,0.0805,0.0
1808,32.3819,-103.1566,1993430.2129,1993430.2513,6644760.3189,0.0
1809,32.4204,-103.8628,6991.6566,6991.6566,23305.6011,0.0
1810,32.4179,-104.2603,0.8543,0.8542,2.7968,0.0
1811,32.4389,-104.9045,2669051.8077,2669051.8462,8896838.3319,0.0
1812,32.4276,-104.0964,0.0243,0.0243,0.0784,0.0
1813,32.4433,-104.8335,244360.8962,244360.9,814536.867,0.0
1814,32.4385,-104.6685,0.009,0.009,0.0298,0.0
1815,32.435,-104.2177,4.1644,4.1645,13.4534,0.0
1816,32.3922,-103.1285,1428436.1308,1428436.1308,4761449.0474,0.0
1817,32.4002,-103.5185,7560.655,7560.655,25202.0367,0.0
1818,32.4277,-103.3624,0.0077,0.0077,0.025,0.0
1819,32.439,-104.0693,0.0107,0.0107,0.0349,0.0
1820,32.4302,-103.343,0.0229,0.0229,0.0752,0.0
1821,32.4418,-103.8339,914000.2692,914000.2692,3046665.9235,0.0
1822,32.4616,-103.8954,11788619.8462,11788619.8462,39295355.6885,0.0
1823,32.5184,-103.7655,0.0158,0.0158,0.0525,0.0
1824,32.4585,-103.8763,950506.6423,950506.6423,3168351.5285,0.0
1825,32.4948,-104.3483,504213.9592,504213.963,1680719.6468,0.0
1826,32.5371,-104.8593,2744208.4231,2744208.4231,9147354.6588,0.0
1827,32.4979,-104.7245,0.3015,0.3016,1.005,0.0
1828,32.4714,-103.8969,2681140.9231,2681140.9231,8937127.915,0.0
1829,32.5046,-103.3198,0.0083,0.0083,0.0272,0.0
1830,32.5009,-104.5768,0.0037,0.0037,0.0122,0.0
1831,32.5481,-104.9302,3837761.2692,3837761.2692,12792542.0223,0.0
1832,32.4754,-103.1658,297181.822,297181.822,990604.9638,0.0
1833,32.5049,-104.6008,0.0733,0.0733,0.2428,0.0
1834,32.4955,-104.116,0.0456,0.0456,0.1517,0.0
1835,32.5355,-104.386,1211047.2358,1211047.2358,4036828.231,0.0
1836,32.5525,-104.7714,1282287.5577,1282287.5577,4274283.3138,0.0
1837,32.5311,-103.3477,0.0166,0.0166,0.0552,0.0
1838,32.5996,-105.0236,6361.0015,6361.002,21203.3178,0.0
1839,32.5618,-103.7926,0.5276,0.5468,1.6305,0.0
1840,32.5604,-104.5405,0.0746,0.0746,0.2478,0.0
1841,32.5651,-104.7789,2188191.3462,2188191.4615,7293964.2919,0.0
1842,32.5606,-103.6732,0.1632,0.1672,0.5025,0.0
1843,32.581,-104.909,3243603.3077,3243603.3077,10812021.9242,0.0
1844,32.5688,-104.0001,12590.7741,12590.7773,41968.9975,0.0
1845,32.559,-104.1842,0.0009,0.0009,0.0028,0.0
1846,32.6108,-104.6445,0.0306,0.0306,0.102,0.0
1847,32.5679,-103.6808,0.0004,0.0004,0.0014,0.0
1848,32.5692,-104.1686,0.0003,0.0003,0.0008,0.0
1849,32.5927,-104.7624,676514.9231,676514.9231,2255049.4312,0.0
1850,32.5905,-104.4788,0.0028,0.0028,0.0093,0.0
1851,32.5879,-103.5841,0.0195,0.0195,0.0651,0.0
1852,32.5554,-103.2084,173694.3489,173694.3489,578981.254,0.0
1853,32.5858,-103.3827,0.0093,0.0093,0.0312,0.0
1854,32.5923,-103.6271,0.0041,0.0041,0.0135,0.0
1855,32.6149,-104.4971,0.0138,0.0138,0.0457,0.0
1856,32.5942,-103.3037,0.0009,0.0009,0.003,0.0
1857,32.6429,-104.9909,3908869.5,3908869.5,13029575.8385,0.0
1858,32.6015,-103.3036,0.0026,0.0026,0.0087,0.0
1859,32.6414,-104.8419,2084190.0368,2084190.0368,6947289.1174,0.0
1860,32.6172,-103.6649,0.0143,0.0144,0.0478,0.0
1861,32.6422,-104.6756,0.001,0.001,0.0034,0.0
1862,32.6516,-104.7817,266.7279,266.7279,889.093,0.0
1863,32.6501,-104.9687,1200277.4231,1200277.4231,4000921.9396,0.0
1864,32.6567,-103.8665,0.0049,0.0049,0.0165,0.0
1865,32.7032,-104.9775,1251619.3577,1251619.4346,4172065.6281,0.0
1866,32.6379,-103.6603,0.0196,0.0196,0.0653,0.0
1867,32.6286,-103.7207,280470.9981,280470.9981,934905.5576,0.0
1868,32.6874,-104.6442,0.0173,0.0173,0.0576,0.0
1869,32.6949,-105.1505,1430646.1923,1430646.2692,4768816.1446,0.0
1870,32.6974,-105.0802,462409.3423,462409.3808,1541363.0777,0.0
1871,32.6379,-103.7537,173420.3758,173420.3758,578069.8504,0.0
1872,32.6885,-104.433,0.0008,0.0008,0.0025,0.0
1873,32.6832,-104.2378,0.0003,0.0003,0.001,0.0
1874,32.6887,-104.1154,0.0014,0.0014,0.0047,0.0
1875,32.6463,-103.4307,0.0229,0.023,0.0738,0.0
1876,32.6419,-103.3078,0.0828,0.0829,0.2737,0.0
1877,32.7137,-103.8797,0.0004,0.0004,0.0013,0.0
1878,32.7202,-104.7636,0.0003,0.0003,0.0009,0.0
1879,32.7429,-105.481,1093681.3038,1093681.1885,3645600.1135,0.0
1880,32.7435,-105.503,6625302.9615,6625302.1923,22084307.15,0.0
1881,32.7358,-105.354,0.01,0.01,0.0334,0.0
1882,32.8193,-105.4951,7931906.2692,7931906.1538,26439660.8154,0.0
1883,32.691,-104.0589,0.06,0.06,0.1977,0.0
1884,32.7024,-104.2128,0.0014,0.0014,0.0045,0.0
1885,32.7307,-104.2946,1050.6275,1050.6279,3502.0921,0.0
1886,32.7421,-105.396,1517873.7308,1517873.7308,5059572.8296,0.0
1887,32.7661,-105.2095,432070.3385,432070.3346,1440220.1735,0.0
1888,32.699,-103.8391,0.0356,0.0356,0.1183,0.0
1889,32.7623,-104.4479,0.0001,0.0001,0.0005,0.0
1890,32.7447,-103.8911,0.0187,0.0187,0.0621,0.0
1891,32.7683,-104.8478,1675203.1054,1675203.1054,5584004.06,0.0
1892,32.7593,-104.5821,0.0046,0.0046,0.0151,0.0
1893,32.6882,-103.9594,15647182.0,15647182.0,52157247.8731,0.0
1894,32.78,-104.4651,0.0001,0.0001,0.0004,0.0
1895,32.7851,-104.7593,0.0011,0.0011,0.0036,0.0
1896,32.764,-103.8799,0.0459,0.0459,0.1528,0.0
1897,32.8229,-104.9661,7952816.3846,7952816.3462,26509359.8923,0.0
1898,32.8627,-105.367,0.2618,0.2617,0.8705,0.0
1899,32.8208,-104.3193,0.0191,0.0192,0.0635,0.0
1900,32.706,-103.8508,57433.8169,57433.8169,191445.8626,0.0
1901,32.8376,-105.654,0.1275,0.1277,0.4163,0.0
1902,32.8373,-105.1849,0.1418,0.1418,0.4719,0.0
1903,32.8396,-105.6893,0.1179,0.118,0.3869,0.0
1904,32.8431,-105.1873,239045.8923,239045.8923,796819.465,0.0
1905,32.8556,-104.3736,97023.7346,97023.7346,323412.4466,0.0
1906,32.8514,-104.712,0.0004,0.0004,0.0012,0.0
1907,32.8608,-104.9912,871880.8462,871880.9385,2906264.0892,0.0
1908,32.8533,-104.2541,1353667.3077,1353667.3077,4512199.9127,0.0
1909,32.8636,-105.508,116264.4638,116264.4749,387548.4639,0.0
1910,32.8635,-104.3198,9.6671,9.6671,32.2231,0.0
1911,32.8653,-104.3703,150996.2637,150996.2637,503320.8783,0.0
1912,32.736,-103.5567,0.3109,0.3112,1.006,0.0
1913,32.8954,-104.9171,872860.7538,872860.7538,2909536.4919,0.0
1914,32.7668,-103.997,2085277.45,2085277.45,6950925.4142,0.0
1915,32.8728,-105.6504,2074852.4615,2074852.4615,6916168.3988,0.0
1916,32.9178,-104.4411,379972.7308,379972.7308,1266575.7708,0.0
1917,32.8786,-104.2735,132009.8465,132009.8465,440032.024,0.0
1918,32.9097,-104.5913,0.0001,0.0001,0.0004,0.0
1919,32.9126,-104.6301,0.0108,0.0108,0.0357,0.0
1920,32.9188,-104.3991,67289.544,67289.544,224298.4594,0.0
1921,32.9423,-104.1252,11375.8813,11375.8813,37919.5806,0.0
1922,32.8436,-104.0036,0.1664,0.1664,0.5492,0.0
1923,32.9428,-104.7338,0.012,0.012,0.04,0.0
1924,32.9305,-104.021,0.0042,0.0042,0.0138,0.0
1925,32.9276,-105.087,4607439.3077,4607439.5,15358117.2269,0.0
1926,32.9313,-105.048,153297.128,153297.1476,510991.2756,0.0
1927,32.945,-105.3995,4615444.5,4615444.3846,15384832.0346,0.0
1928,32.9558,-104.4948,0.0006,0.0006,0.0021,0.0
1929,32.9569,-104.7498,0.0139,0.0139,0.0448,0.0
1930,32.9438,-104.0143,0.0133,0.0133,0.0432,0.0
1931,32.7704,-103.5209,0.393,0.3934,1.2719,0.0
1932,32.9259,-105.5778,2880886.1538,2880885.9231,9602941.6892,0.0
1933,32.9651,-104.6237,0.0008,0.0008,0.0026,0.0
1934,32.9719,-104.1121,0.0134,0.0134,0.0442,0.0
1935,32.9808,-104.355,647.822,647.822,2159.3984,0.0
1936,32.9684,-105.3203,1198712.3846,1198712.7692,3995705.2665,0.0
1937,32.9807,-105.4483,944809.4731,944809.5885,3149362.0562,0.0
1938,33.0073,-104.25,93593.0083,93593.0083,311973.8208,0.0
1939,33.027,-105.6083,1.186,1.2367,3.9715,0.0
1940,32.9973,-104.4334,0.0004,0.0004,0.0014,0.0
1941,33.0225,-104.6363,0.0061,0.0061,0.0202,0.0
1942,33.0187,-104.9453,0.0094,0.0094,0.0311,0.0
1943,33.0136,-104.8337,636714.7038,636714.7038,2122382.4923,0.0
1944,33.0326,-104.5546,0.0036,0.0036,0.0119,0.0
1945,33.0258,-105.285,939794.5077,939794.5077,3132648.8196,0.0
1946,33.0462,-104.1002,0.0104,0.0104,0.0347,0.0
1947,33.0113,-104.3975,359105.8518,359105.8518,1197019.7714,0.0
1948,33.0346,-104.9874,0.0452,0.0452,0.1497,0.0
1949,33.053,-104.1048,0.0045,0.0045,0.015,0.0
1950,33.0935,-103.999,9416.5233,9416.5233,31388.1404,0.0
1951,33.074,-105.3904,0.4795,0.4794,1.5718,0.0
1952,33.0705,-104.3002,2291.4548,2291.4544,7638.1805,0.0
1953,33.0521,-105.1241,9210.4526,9210.4526,30701.513,0.0
1954,33.0939,-104.5407,0.0001,0.0001,0.0003,0.0
1955,33.088,-105.3569,0.0329,0.0329,0.1095,0.0
1956,33.1158,-105.4625,23614.0815,23614.082,78713.4626,0.0
1957,33.1108,-103.9514,0.012,0.012,0.0394,0.0
1958,33.0839,-104.9118,2152297.6538,2152297.6923,7174315.9512,0.0
1959,33.0845,-105.6028,2.2706,2.2707,7.5589,0.0
1960,33.1158,-103.9174,0.0075,0.0075,0.0249,0.0
1961,33.1171,-103.9146,0.0081,0.0081,0.027,0.0
1962,33.1439,-105.1416,0.0211,0.0211,0.069,0.0
1963,33.1367,-104.2387,0.0052,0.0052,0.0172,0.0
1964,33.1307,-104.3819,0.0,0.0,0.0001,0.0
1965,33.1352,-104.8987,396458.5038,396458.5154,1321528.1765,0.0
1966,33.1484,-105.1767,0.0032,0.0032,0.0107,0.0
1967,33.1483,-104.5327,0.0004,0.0004,0.0015,0.0
1968,33.1247,-104.6822,0.0489,0.0489,0.1589,0.0
1969,33.1379,-103.9436,455442.2073,455442.2073,1518134.76,0.0
1970,33.1558,-104.4482,0.0,0.0,0.0,
1971,33.1663,-105.506,1259206.7692,1259206.7692,4197354.5938,0.0
1972,33.1484,-103.9474,680629.6115,680629.6115,2268760.7848,0.0
1973,33.1478,-104.1039,118695.3709,118695.3709,395656.3485,0.0
1974,33.1592,-104.8379,406719.0077,406719.0077,1355728.0219,0.0
1975,33.1936,-104.4986,169207.2867,169207.2867,564024.3144,0.0
1976,33.1731,-105.2031,0.0528,0.0528,0.1753,0.0
1977,33.1621,-103.9684,3691141.6154,3691141.8077,12303787.3865,0.0
1978,33.1942,-104.9178,75879.8793,75879.8793,252933.4935,0.0
1979,33.2222,-105.3357,0.0279,0.0279,0.0905,0.0
1980,33.1932,-105.5176,864018.6923,864018.6923,2880060.8558,0.0
1981,33.1983,-104.3063,27972.6551,27972.6548,93242.1354,0.0
1982,33.2156,-104.9167,0.0106,0.0106,0.0353,0.0
1983,33.2242,-104.5858,0.0029,0.0029,0.0094,0.0
1984,33.1793,-104.0244,1268048.1231,1268048.1231,4226844.1223,0.0
1985,33.2628,-105.6729,0.7216,0.7208,2.3611,0.0
1986,33.2283,-105.0437,7.2635,7.2639,24.1747,0.0
1987,33.2599,-104.7905,0.0044,0.0044,0.0143,0.0
1988,33.2383,-104.5082,0.0,0.0,0.0001,0.0
1989,33.2537,-103.9611,34066.679,34066.679,113555.4934,0.0
1990,33.2551,-103.9577,19923.3267,19923.3271,66411.025,0.0
1991,33.2638,-105.3621,0.0103,0.0103,0.0342,0.0
1992,33.202,-104.2485,0.0126,0.0126,0.0416,0.0
1993,33.2923,-105.0444,169812.8615,169812.8615,566042.3256,0.0
1994,33.2778,-105.6899,0.1327,0.1319,0.438,0.0
1995,33.264,-104.3926,2741.4752,2741.4752,9138.2493,0.0
1996,33.2741,-104.1251,15613.6969,15613.6969,52046.0075,0.0
1997,33.2615,-104.0302,114563.0664,114563.0664,381874.3112,0.0
1998,33.2903,-104.6313,0.0091,0.0091,0.0297,0.0
1999,33.2817,-104.3512,157.0846,157.0846,523.5972,0.0
2000,33.3124,-105.6791,1385773.2846,1385773.2846,4619236.0588,0.0
2001,33.2847,-105.411,0.0439,0.0439,0.1461,0.0
2002,33.3066,-104.8507,24563.52,24563.52,81878.3698,0.0
2003,33.3238,-105.5954,210667.6308,210667.6154,702222.1242,0.0
2004,33.3125,-104.852,1493651.0769,1493651.0769,4978835.53,0.0
2005,33.3162,-104.3722,26249.1658,26249.1658,87497.2319,0.0
2006,33.3599,-104.6128,0.0423,0.0423,0.139,0.0
2007,33.3295,-103.9815,24401.3917,24401.3917,81338.2069,0.0
2008,33.3308,-105.6988,1571678.2423,1571678.2423,5238915.5046,0.0
2009,33.3342,-105.6393,77105.5369,77105.5285,257017.4526,0.0
2010,33.3369,-104.0524,77.5761,77.5761,258.5919,0.0
2011,33.3612,-104.2871,221.4367,221.4367,738.1207,0.0
2012,33.3485,-105.3441,1668485.5385,1668485.6154,5561615.7362,0.0
2013,33.3504,-105.2946,158325.0808,158325.0808,527749.3255,0.0
2014,33.3557,-103.9663,57949.6358,57949.6358,193164.0861,0.0
2015,33.3681,-104.431,27867.369,27867.3694,92891.2281,0.0
2016,33.4114,-104.9449,628412.0154,628412.0154,2094708.7604,0.0
2017,33.3817,-104.2614,0.0181,0.0181,0.0592,0.0
2018,33.3963,-105.4604,25069.1937,25069.1843,83563.9081,0.0
2019,33.3956,-104.5544,0.0031,0.0031,0.0101,0.0
2020,33.3936,-104.8042,3672.5514,3672.5514,12241.8375,0.0
2021,33.4165,-105.5871,668168.1192,668168.0308,2227229.96,0.0
2022,33.3872,-104.304,141310.7519,141310.7519,471031.0539,0.0
2023,33.4081,-104.6371,0.011,0.011,0.0358,0.0
2024,33.3948,-104.272,18642.0801,18642.0801,62139.9865,0.0
2025,33.3815,-103.9076,191514.7945,191514.7945,638385.053,0.0
2026,33.4267,-105.5477,43235.2435,43235.2408,144117.8057,0.0
2027,33.4348,-104.975,2546244.9115,2546244.9115,8487487.3269,0.0
2028,33.4094,-103.9755,53756.0112,53756.0112,179186.1169,0.0
2029,33.4144,-104.1466,581755.3269,581755.3269,1939182.9008,0.0
2030,33.4525,-105.1143,0.1013,0.1013,0.3371,0.0
2031,33.4138,-104.0255,124603.0146,124603.0146,415343.0924,0.0
2032,33.4958,-105.6268,3936943.4615,3936943.2308,13123129.4462,0.0
2033,33.4737,-105.0842,0.0572,0.0572,0.1906,0.0
2034,33.4572,-104.7776,5498.3381,5498.3381,18327.7945,0.0
2035,33.4836,-103.7554,0.0785,0.0785,0.2568,0.0
2036,33.4799,-104.5346,0.0005,0.0005,0.0017,0.0
2037,33.4821,-104.5724,0.0233,0.0233,0.0764,0.0
2038,33.499,-105.2253,0.3305,0.3305,1.0946,0.0
2039,33.4993,-104.3672,0.3145,0.3145,1.0409,0.0
2040,33.4816,-104.3956,0.3345,0.3345,1.1056,0.0
2041,33.4944,-103.7819,0.0152,0.0152,0.0501,0.0
2042,33.5249,-105.6052,286558.7269,286558.7308,955199.2565,0.0
2043,33.5037,-103.8491,0.0184,0.0184,0.0601,0.0
2044,33.5101,-105.195,0.011,0.011,0.0367,0.0
2045,33.4911,-104.4302,40935.2434,40935.2434,136450.801,0.0
2046,33.5111,-104.2996,257.5852,257.5853,858.6179,0.0
2047,33.5121,-103.8503,0.2399,0.2399,0.7836,0.0
2048,33.5323,-104.8821,112344.2346,112344.2346,374480.6114,0.0
2049,33.447,-105.2954,723315.9,723315.9,2411051.1562,0.0
2050,33.5298,-105.1613,14994.9124,14994.9124,49983.0608,0.0
2051,33.5369,-104.189,0.0023,0.0023,0.0078,0.0
2052,33.5354,-105.4215,445944.2654,445944.2192,1486479.9896,0.0
2053,33.4772,-104.4994,327813.9179,327813.9179,1092712.8424,0.0
2054,33.5425,-105.4733,55731.7223,55731.7242,185772.4472,0.0
2055,33.5102,-103.9672,102654.9088,102654.9088,342182.7509,0.0
2056,33.5743,-104.7403,0.0108,0.0108,0.035,0.0
2057,33.551,-104.0627,619.8839,619.8839,2066.2812,0.0
2058,33.5592,-105.5844,620619.3192,620619.3077,2068728.94,0.0
2059,33.5826,-104.4102,122637.7323,122637.7327,408792.492,0.0
2060,33.5772,-104.7591,0.0031,0.0031,0.0102,0.0
2061,33.581,-104.9611,84022.9254,84022.9254,280075.88,0.0
2062,33.5931,-104.3389,0.0024,0.0024,0.0078,0.0
2063,33.5841,-104.8478,299808.75,299808.75,999361.8535,0.0
2064,33.5647,-105.5219,1496670.6923,1496670.6923,4988893.6154,0.0
2065,33.6138,-105.0371,0.2537,0.2537,0.8448,0.0
2066,33.5918,-103.9687,158801.9835,158801.995,529338.3588,0.0
2067,33.6048,-104.3598,0.0054,0.0054,0.018,0.0
2068,33.6037,-104.5268,0.0394,0.0394,0.1285,0.0
2069,33.6119,-103.7596,0.1392,0.1392,0.4621,0.0
2070,33.6245,-105.0699,1933.9857,1933.9857,6446.6282,0.0
2071,33.6226,-103.8147,0.0042,0.0042,0.014,0.0
2072,33.6505,-104.131,5481.8574,5481.8574,18272.8165,0.0
2073,33.6589,-105.0852,613848.0308,613848.0346,2046158.3662,0.0
2074,33.6273,-104.785,689011.3962,689011.3962,2296706.9827,0.0
2075,33.6665,-104.5346,0.0009,0.0009,0.0029,0.0
2076,33.6855,-105.1685,32186.8796,32186.8785,107289.2931,0.0
2077,33.688,-105.5333,73492.6304,73492.6335,244976.2233,0.0
2078,33.6874,-105.2334,1271178.7308,1271178.7692,4237247.2569,0.0
2079,33.6657,-104.923,2537150.8846,2537150.9231,8457152.0685,0.0
2080,33.6857,-104.666,24748.412,24748.412,82494.6049,0.0
2081,33.6616,-103.819,90979.3742,90979.3742,303265.9598,0.0
2082,33.6783,-104.5486,122.7825,122.7825,409.2749,0.0
2083,33.6508,-104.4094,71664.5391,71664.5391,238881.5589,0.0
2084,33.7046,-105.39,80371.4654,80371.4654,267903.4632,0.0
2085,33.7057,-105.3829,134591.2281,134591.2281,448635.0376,0.0
2086,33.702,-105.5726,600833.3923,600833.4269,2002786.1204,0.0
2087,33.7152,-105.42,0.244,0.244,0.8092,0.0
2088,33.6932,-103.9023,1049066.3769,1049066.4154,3496886.8716,0.0
2089,33.7216,-104.312,61329.1392,61329.1392,204431.2597,0.0
2090,33.7333,-104.7105,18077.0296,18077.0302,60256.6175,0.0
2091,33.7587,-105.1421,0.5986,0.5986,1.9558,0.0
2092,33.7562,-103.8226,0.0064,0.0064,0.0213,0.0
2093,33.7705,-105.342,404.9466,404.9466,1349.8139,0.0
2094,33.7565,-103.7978,0.0872,0.0872,0.2846,0.0
2095,33.7635,-105.0554,0.015,0.015,0.0492,0.0
2096,33.7723,-105.5656,264385.1192,264385.0927,881281.1703,0.0
2097,33.7643,-104.2825,96545.54,96545.5388,321816.9053,0.0
2098,33.8116,-104.8057,1085.7555,1085.7555,3619.1843,0.0
2099,33.7629,-104.0857,295803.4782,295803.4821,986007.8075,0.0
2100,33.7857,-105.5927,813187.2385,813187.2269,2710624.3346,0.0
2101,33.7834,-105.3789,318463.1269,318463.1269,1061537.4893,0.0
2102,33.7622,-103.9701,829866.1831,829866.1831,2766220.7118,0.0
2103,33.813,-104.8626,110515.4558,110515.4558,368384.8777,0.0
2104,33.7917,-104.1039,0.0038,0.0038,0.0125,0.0
2105,33.8039,-105.2906,0.1729,0.1729,0.5619,0.0
2106,33.7889,-104.4751,9087.7859,9087.7859,30292.6067,0.0
2107,33.7965,-104.5413,0.0009,0.0009,0.0028,0.0
2108,33.7992,-104.1316,735.5045,735.5045,2451.7013,0.0
2109,33.7633,-103.9223,1200340.5,1200340.4846,4001130.8865,0.0
2110,33.8261,-104.2811,0.0698,0.0698,0.2292,0.0
2111,33.8739,-105.4657,1.6544,1.6545,5.4778,0.0
2112,33.8224,-104.3313,291927.0269,291927.0269,973091.9853,0.0
2113,33.87,-104.0312,984737.7019,984737.7865,3282458.2646,0.0
2114,33.8535,-104.26,0.5609,0.561,1.813,0.0
2115,33.8618,-105.3657,0.1339,0.1362,0.4307,0.0
2116,33.8814,-104.4341,0.0035,0.0035,0.0115,0.0
2117,33.8704,-105.3765,0.2446,0.2478,0.7886,0.0
2118,33.8881,-104.0433,619659.0542,619659.0542,2065531.907,0.0
2119,33.882,-104.2596,2226.4232,2226.4232,7421.3644,0.0
2120,33.9121,-104.6071,405.5075,405.5075,1351.6887,0.0
2121,33.9034,-104.4173,142656.1214,142656.1214,475518.7706,0.0
2122,33.9271,-105.4761,107161.1235,107161.1235,357203.3477,0.0
2123,33.825,-103.9168,1365450.7731,1365450.7731,4551501.135,0.0
2124,33.9324,-104.2919,104380.2396,104380.2396,347933.4697,0.0
2125,33.9456,-103.9972,384273.3808,384273.3885,1280911.7803,0.0
2126,33.9286,-104.6318,1252.3672,1252.3672,4174.5386,0.0
2127,33.8867,-104.6489,93109.7483,93109.7483,310366.6441,0.0
2128,33.9263,-105.0788,249465.3308,249465.3385,831548.0787,0.0
2129,33.9672,-104.1293,31208.6598,31208.6598,104028.5674,0.0
2130,33.9633,-105.5613,32681.3446,32681.3446,108937.9591,0.0
2131,33.9547,-104.0189,51879.055,51879.055,172931.4551,0.0
2132,33.984,-105.2198,13841.2513,13841.2513,46137.3393,0.0
2133,33.9813,-104.4906,154123.4538,154123.4538,513745.0124,0.0
2134,33.9705,-105.0743,393787.9115,393787.9115,1312618.4435,0.0
2135,33.9761,-105.5915,54928.9531,54928.9531,183096.7501,0.0
2136,33.9203,-104.8728,2853820.4231,2853820.4231,9512733.3842,0.0
2137,33.9838,-104.1437,0.021,0.021,0.0701,0.0
2138,33.9345,-105.344,159087.4192,159087.4192,530287.1942,0.0
2139,34.0198,-104.3508,108889.4223,108889.4223,362964.0228,0.0
2140,34.0132,-105.2333,39311.4476,39311.4476,131037.6827,0.0
2141,34.0094,-104.52,360911.1308,360911.1346,1203040.9612,0.0
2142,34.0402,-103.9508,1047583.9654,1047584.0115,3491935.2063,0.0
2143,34.0307,-105.1385,495.589,495.589,1651.9635,0.0
2144,34.0433,-105.3135,567594.0,567594.0,1891977.2588,0.0
2145,34.0489,-105.4753,151654.2962,151654.2962,505511.7034,0.0
2146,34.0543,-104.0543,21258.026,21258.026,70860.2843,0.0
2147,34.056,-104.6202,0.0148,0.0131,0.0477,0.0
2148,34.0567,-104.5934,0.0006,0.0003,0.0019,0.0
2149,34.0663,-104.1624,0.0012,0.0012,0.0039,0.0
2150,34.0689,-105.0319,0.0132,0.0123,0.0437,0.0
2151,34.0692,-105.0316,0.0612,0.061,0.1907,0.0
2152,34.074,-104.136,0.0018,0.0018,0.006,0.0
2153,34.0665,-104.9045,223760.0385,223760.0385,745873.2355,0.0
2154,34.0794,-105.3415,122974.555,122974.555,409915.7628,0.0
2155,34.0934,-103.982,90078.4848,90078.4848,300261.9628,0.0
2156,34.079,-104.8905,73919.4612,73919.4635,246398.6192,0.0
2157,34.101,-104.8231,195.4181,195.4197,651.3397,0.0
2158,34.1021,-104.326,14979.5765,14979.5754,49932.3428,0.0
2159,34.101,-104.5273,84062.9542,84062.9542,280209.1193,0.0
2160,34.0951,-104.6926,165.4467,165.4442,551.4821,0.0
2161,34.1102,-104.0919,0.0001,0.0001,0.0004,0.0
2162,34.0994,-104.0146,160082.9247,160082.94,533608.6689,0.0
2163,34.1022,-105.5777,133594.3485,133594.3485,445314.1861,0.0
2164,34.1223,-103.9241,47625.7599,47625.7603,158751.3386,0.0
2165,34.0905,-105.4609,225547.6038,225547.6192,751825.3193,0.0
2166,34.1252,-103.9405,93069.927,93069.9163,310234.4731,0.0
2167,34.1219,-103.9706,91317.4285,91317.4285,304391.7027,0.0
2168,34.1357,-104.5245,18935.8131,18935.8115,63119.342,0.0
2169,34.1374,-104.048,34692.4805,34692.48,115641.7104,0.0
2170,34.1042,-104.1801,12950.3953,12950.3953,43168.6849,0.0
2171,34.1625,-104.9457,40.9433,40.9455,136.3791,0.0
2172,34.1594,-105.2456,0.0155,0.0155,0.0513,0.0
2173,34.1659,-105.1594,0.0195,0.0195,0.0628,0.0
2174,34.1893,-105.3305,111282.9662,111282.9665,370943.6746,0.0
2175,34.1608,-104.5354,12063.7722,12063.7707,40212.5267,0.0
2176,34.1983,-104.8602,0.1527,0.1539,0.4688,0.0
2177,34.1393,-104.477,287103.4731,287103.4692,957005.7125,0.0
2178,34.1979,-104.4136,14290.1998,14290.198,47634.0633,0.0
2179,34.2017,-104.3893,0.0048,0.0048,0.0159,0.0
2180,34.221,-104.1216,152813.3992,152813.3992,509378.0804,0.0
2181,34.1646,-103.9964,894578.4769,894578.4038,2981924.4615,0.0
2182,34.149,-105.4425,1566429.2115,1566429.2115,5221431.3158,0.0
2183,34.2094,-104.417,76382.9255,76382.9255,254610.0925,0.0
2184,34.2206,-104.6292,1163.0124,1163.0113,3876.7448,0.0
2185,34.1558,-105.5567,979108.2769,979108.2769,3263692.6581,0.0
2186,34.2284,-105.2987,26599.2667,26599.2667,88664.0168,0.0
2187,34.2117,-104.6697,203561.15,203561.15,678533.2525,0.0
2188,34.2278,-104.9948,465529.1269,465529.1269,1551765.0712,0.0
2189,34.2388,-104.1423,166179.7846,166179.7846,553935.2253,0.0
2190,34.2447,-105.1359,0.014,0.014,0.0451,0.0
2191,34.2457,-104.6686,39836.8347,39836.8348,132788.9805,0.0
2192,34.2438,-105.4063,1438306.0077,1438306.0077,4794349.1235,0.0
2193,34.2502,-104.7097,156629.5554,156629.5631,522099.3536,0.0
2194,34.2814,-104.4261,96.394,96.3926,321.3136,0.0
2195,34.2642,-104.1244,52015.0658,52015.0662,173384.9687,0.0
2196,34.3419,-103.8891,77971.4327,77971.4327,259904.5082,0.0
2197,34.2793,-104.1867,12619.0219,12619.0227,42063.3691,0.0
2198,34.294,-104.3218,0.008,0.008,0.0262,0.0
2199,34.2749,-105.2605,226567.2846,226567.2846,755224.0087,0.0
2200,34.332,-105.4731,1073454.9769,1073454.9769,3578173.7627,0.0
2201,34.2635,-104.8726,0.5755,0.5798,1.7699,0.0
2202,34.3329,-104.7859,0.0148,0.0145,0.0467,0.0
2203,34.3505,-104.0339,0.0724,0.0724,0.2392,0.0
2204,34.3348,-105.0573,0.0025,0.0025,0.0079,0.0
2205,34.3427,-104.5237,0.0084,0.0059,0.0297,0.0
2206,34.3335,-105.0006,0.0026,0.002,0.0095,0.0
2207,34.3405,-105.0472,0.0491,0.0495,0.1511,0.0
2208,34.3468,-105.4047,0.01,0.01,0.0329,0.0
2209,34.3595,-104.0716,0.009,0.009,0.03,0.0
2210,34.3623,-105.2777,0.0322,0.0322,0.1057,0.0
2211,34.3568,-104.4248,0.0025,0.0023,0.0086,0.0
2212,34.3771,-103.926,629329.3154,629329.3154,2097762.6992,0.0
2213,34.3503,-104.2059,891631.3269,891631.3269,2972102.6585,0.0
2214,34.3632,-104.5322,0.0118,0.0097,0.0402,0.0
2215,34.377,-104.8535,0.002,0.0009,0.0063,0.0
2216,34.3979,-104.5172,0.0044,0.0036,0.0159,0.0
2217,34.3958,-105.2336,1410.4403,1410.4403,4701.4576,0.0
2218,34.3693,-105.0581,0.1485,0.1485,0.4801,0.0
2219,34.3869,-104.868,0.3096,0.3106,0.9522,0.0
2220,34.3749,-104.406,0.0034,0.0026,0.0124,0.0
2221,34.4145,-104.6135,0.0174,0.0155,0.0586,0.0
2222,34.4141,-104.1998,463.065,463.065,1543.5502,0.0
2223,34.4259,-103.9246,91693.7631,91693.7631,305645.281,0.0
2224,34.4306,-105.323,54914.4315,54914.4315,183047.486,0.0
2225,34.4343,-104.6871,0.0012,0.001,0.0044,0.0
2226,34.4632,-105.0216,0.0606,0.0591,0.1989,0.0
2227,34.4288,-104.0947,1291601.5231,1291601.5231,4305336.06,0.0
2228,34.4803,-104.528,0.0072,0.0049,0.0273,0.0
2229,34.4435,-104.737,0.0112,0.0101,0.0379,0.0
2230,34.4284,-104.1765,656.1774,656.1785,2187.2579,0.0
2231,34.3739,-104.3039,1288596.3269,1288596.3269,4295319.3573,0.0
2232,34.4834,-104.6338,0.0103,0.0079,0.0343,0.0
2233,34.483,-105.307,0.0352,0.0352,0.1156,0.0
2234,34.4869,-104.9782,0.1306,0.1316,0.4014,0.0
2235,34.4761,-105.2232,3700.4738,3700.4738,12334.8819,0.0
2236,34.4668,-104.0126,67114.7877,67114.7923,223713.4343,0.0
2237,34.5232,-105.0332,0.2889,0.2906,0.9001,0.0
2238,34.4959,-105.2963,0.0512,0.0512,0.1672,0.0
2239,34.5011,-104.6698,0.0041,0.0034,0.0139,0.0
2240,34.5096,-104.5023,0.0025,0.0015,0.0074,0.0
2241,34.5074,-103.9608,0.0228,0.023,0.0711,0.0
2242,34.5089,-104.6732,0.0039,0.0019,0.0123,0.0
2243,34.5254,-103.9026,0.055,0.0551,0.1774,0.0
2244,34.543,-105.0035,0.003,0.003,0.0099,0.0
2245,34.5205,-104.1948,0.0062,0.0062,0.0204,0.0
2246,34.5225,-105.3009,464710.2154,464710.2154,1549030.3173,0.0
2247,34.5184,-103.9808,0.0579,0.0584,0.1848,0.0
2248,34.5701,-104.9785,0.1034,0.1042,0.3174,0.0
2249,34.5648,-103.7691,330327.5923,330327.5923,1101089.645,0.0
2250,34.5908,-104.5988,2938.4,2938.3981,9794.6662,0.0
2251,34.557,-103.9128,0.0004,0.0002,0.0009,0.0
2252,34.546,-105.2515,58717.9477,58717.9477,195726.7947,0.0
2253,34.5944,-104.8049,0.0076,0.0068,0.0222,0.0
2254,34.6008,-105.0644,0.0205,0.0205,0.0678,0.0
2255,34.5689,-103.9089,0.0198,0.0198,0.0641,0.0
2256,34.5915,-104.1366,0.0072,0.0072,0.0237,0.0
2257,34.6065,-105.0707,0.0622,0.0622,0.2058,0.0
2258,34.6092,-104.4657,59507.4038,59507.4038,198359.2689,0.0
2259,34.6554,-105.215,33472.705,33472.705,111575.1854,0.0
2260,34.6087,-104.2,0.019,0.019,0.0619,0.0
2261,34.6298,-104.2113,0.0019,0.0019,0.0063,0.0
2262,34.6412,-105.0626,222732.0615,222732.0615,742439.9348,0.0
2263,34.6392,-104.9526,483.496,483.496,1611.6526,0.0
2264,34.6466,-103.8882,0.0,0.0,0.0,0.0
2265,34.637,-103.6942,241207.3577,241207.3577,804013.2726,0.0
2266,34.6506,-103.9228,0.0129,0.0129,0.0419,0.0
2267,34.6501,-105.0714,174433.0385,174433.0385,581443.2393,0.0
2268,34.6072,-104.2843,0.044,0.044,0.1444,0.0
2269,34.6859,-104.7444,0.0179,0.0179,0.0581,0.0
2270,34.6686,-103.8638,10296.7617,10296.7617,34323.265,0.0
2271,34.684,-103.9178,31965.6031,31965.6031,106552.3785,0.0
2272,34.6882,-105.2293,103754.8258,103754.8258,345847.9305,0.0
2273,34.7576,-104.8304,0.1673,0.1673,0.5462,0.0
2274,34.6591,-104.1928,0.0138,0.0137,0.0452,0.0
2275,34.6416,-104.1347,0.1242,0.1242,0.4058,0.0
2276,34.6969,-104.359,0.0071,0.0071,0.0232,0.0
2277,34.6979,-105.2074,65842.5508,65842.5508,219474.2327,0.0
2278,34.699,-104.7221,0.0009,0.0009,0.0031,0.0
2279,34.6985,-103.7178,0.0034,0.0034,0.0109,0.0
2280,34.6949,-105.0489,0.268,0.268,0.8677,0.0
2281,34.7006,-103.7385,0.0008,0.0008,0.0024,0.0
2282,34.7378,-104.956,0.0263,0.0263,0.0857,0.0
2283,34.6589,-104.2256,0.036,0.036,0.1173,0.0
2284,34.7531,-105.0441,0.0379,0.0379,0.1228,0.0
2285,34.8081,-105.1936,143346.2654,143346.2692,477819.2019,0.0
2286,34.7814,-104.6369,500.3797,500.3797,1667.9324,0.0
2287,34.7595,-104.9673,0.0038,0.0038,0.0124,0.0
2288,34.7184,-103.846,0.028,0.028,0.0904,0.0
2289,34.7985,-105.3897,8.9178,8.9178,29.7236,0.0
2290,34.7747,-104.3263,0.0717,0.0717,0.2363,0.0
2291,34.7966,-104.8726,0.0001,0.0001,0.0002,0.0
2292,34.8173,-105.3232,11448.7396,11448.7396,38162.3327,0.0
2293,34.7607,-103.9801,601872.5654,601872.5654,2006238.3754,0.0
2294,34.7866,-103.9547,0.001,0.001,0.0032,0.0
2295,34.822,-104.6569,1720.5202,1720.5202,5735.0466,0.0
2296,34.7516,-103.9969,519449.7654,519449.7654,1731497.4696,0.0
2297,34.8284,-104.2435,0.0443,0.0443,0.1465,0.0
2298,34.8196,-104.86,0.0031,0.0031,0.01,0.0
2299,34.8307,-104.4171,0.0025,0.0025,0.0081,0.0
2300,34.8002,-103.944,17118.837,17118.837,57061.9938,0.0
2301,34.8259,-105.4703,318165.6308,318165.6654,1060547.3013,0.0
2302,34.8593,-105.0813,258.173,258.1722,860.5751,0.0
2303,34.8663,-104.2023,59.5184,59.5184,198.3948,0.0
2304,34.8723,-105.4002,13940.5188,13940.5188,46468.4134,0.0
2305,34.8827,-104.9984,66305.2327,66305.2338,221016.7917,0.0
2306,34.8713,-104.522,0.0207,0.0207,0.0671,0.0
2307,34.8925,-104.8602,69690.2173,69690.2196,232300.3375,0.0
2308,34.8554,-104.3965,0.0288,0.0288,0.0935,0.0
2309,34.8535,-104.3045,0.0877,0.0877,0.2876,0.0
2310,34.8992,-104.9986,72136.3781,72136.3788,240453.9753,0.0
2311,34.8996,-104.1667,100.7575,100.7575,335.8583,0.0
2312,34.9188,-105.5774,46534.7588,46534.7588,155115.1977,0.0
2313,34.9109,-104.5143,0.0032,0.0032,0.0107,0.0
2314,34.917,-105.2354,0.0077,0.0077,0.0256,0.0
2315,34.9112,-104.1311,0.1512,0.1512,0.4931,0.0
2316,34.9107,-104.7588,17250.9188,17250.9188,57503.0159,0.0
2317,34.9317,-105.5623,2188.3694,2188.3694,7294.56,0.0
2318,34.9682,-105.061,70578.5054,70578.5165,235261.22,0.0
2319,34.9375,-105.2555,0.0815,0.0824,0.2596,0.0
2320,34.9309,-104.5316,37621.9254,37621.9254,125406.3488,0.0
2321,34.9661,-105.3632,0.0019,0.0019,0.0061,0.0
2322,34.9833,-105.0605,286967.1962,286967.2231,956555.5452,0.0
2323,34.9703,-105.3726,0.0065,0.0065,0.0213,0.0
2324,34.9745,-104.5922,9696.2631,9696.2639,32320.973,0.0
2325,34.959,-105.5289,3485.1572,3485.1572,11617.1875,0.0
2326,34.9744,-105.2357,0.0188,0.0188,0.0608,0.0
2327,34.9996,-104.9918,385931.2308,385931.2462,1286435.2787,0.0
2328,34.9821,-104.6017,17418.0896,17418.0904,58060.4066,0.0
2329,34.9784,-104.8035,17382.6358,17382.6369,57941.9211,0.0
2330,35.0232,-105.0703,556703.3077,556703.3154,1855674.2777,0.0
2331,35.0277,-105.5629,109261.4538,109261.4538,364204.2707,0.0
2332,35.0412,-104.6479,62262.2442,62262.2431,207540.5422,0.0
2333,35.065,-104.8038,7119.4874,7119.4868,23731.502,0.0
2334,35.0379,-105.43,0.016,0.016,0.0526,0.0
2335,35.083,-105.2561,0.0483,0.0482,0.1571,0.0
2336,35.0498,-105.5391,434992.2269,434992.2269,1449972.8942,0.0
2337,35.0658,-104.6546,40758.1769,40758.1769,135861.0223,0.0
2338,35.094,-104.8447,54072.9688,54072.9738,180242.9084,0.0
2339,35.0658,-105.4883,0.0481,0.0481,0.1593,0.0
2340,35.1087,-105.3051,60142.2727,60142.2765,200474.0383,0.0
2341,35.1192,-105.1288,74233.4273,74233.4273,247444.0033,0.0
2342,35.091,-104.6774,36438.5285,36438.5285,121461.8711,0.0
2343,35.1493,-105.0783,40249.6869,40249.6873,134165.2123,0.0
2344,35.1099,-104.7821,24721.0312,24721.0319,82403.1932,0.0
2345,35.1293,-104.8394,39554.0388,39554.0404,131846.3818,0.0
2346,35.1557,-105.4008,54660.7873,54660.7919,182202.7452,0.0
2347,35.1794,-105.5834,389122.1077,389122.1115,1297068.1177,0.0
2348,35.1837,-105.1533,137816.6577,137816.6577,459387.4702,0.0
2349,35.1754,-105.3707,128244.5062,128244.5062,427481.169,0.0
2350,35.196,-104.7069,34539.2769,34539.2808,115131.1067,0.0
2351,35.1988,-104.7051,5897.0358,5897.0363,19656.8166,0.0
2352,35.228,-105.6526,0.0752,0.0752,0.2504,0.0
2353,35.2244,-105.033,2944.5574,2944.583,9815.22,0.0
2354,35.2311,-105.337,236017.6154,236017.6154,786723.8199,0.0
2355,35.2339,-105.2803,41776.3627,41776.3642,139254.0895,0.0
2356,35.2204,-105.0004,36254.9669,36254.9746,120849.9182,0.0
2357,35.229,-104.8809,84849.3604,84849.3681,282831.3198,0.0
2358,35.249,-105.0444,263053.85,263053.85,876846.0607,0.0
2359,35.2822,-105.2016,110296.0535,110296.0535,367653.1143,0.0
2360,35.289,-105.3217,204864.2346,204864.2462,682881.6823,0.0
2361,35.2991,-105.5938,0.0066,0.0066,0.0219,0.0
2362,35.2709,-105.671,619360.2231,619360.25,2064532.6996,0.0
2363,35.3228,-105.4488,264617.4577,264617.4808,882057.7156,0.0
2364,35.2981,-104.8659,137238.6192,137238.6231,457461.3697,0.0
2365,35.2723,-105.531,175245.2577,175245.2577,584150.5752,0.0
2366,35.3571,-104.9165,0.0455,0.0442,0.1452,0.0
2367,35.3491,-105.0133,438818.1615,438818.1538,1462727.4354,0.0
2368,35.3353,-105.6198,0.0731,0.0731,0.2407,0.0
2369,35.3771,-105.4415,107163.745,107163.7669,357212.2013,0.0
2370,35.3936,-105.2592,165679.5462,165679.55,552264.7295,0.0
2371,35.3956,-104.9447,58620.8681,58620.8654,195403.4522,0.0
2372,35.4282,-105.1486,0.1074,0.1067,0.3545,0.0
2373,35.4107,-105.2264,1313.9377,1313.9375,4379.787,0.0
2374,35.4468,-105.0529,14781.9969,14781.9969,49273.2753,0.0
2375,35.4593,-105.4818,25101.2508,25101.2358,83670.6839,0.0
2376,35.4674,-105.4792,138091.4562,138091.3254,460304.5265,0.0
2377,35.4227,-105.3049,327141.5154,327141.55,1090469.6713,0.0
2378,35.4783,-105.0589,228459.3038,228459.3038,761529.9019,0.0
2379,35.488,-105.5264,181546.6038,181546.5923,605156.6987,0.0
2380,35.5558,-105.3799,0.0197,0.0225,0.0667,0.0
2381,35.5611,-105.1278,0.0061,0.0061,0.0201,0.0
2382,35.5561,-105.2523,207276.1385,207276.1346,690917.3845,0.0
2383,35.5524,-105.7112,553851.9038,553851.8962,1846170.4912,0.0
2384,35.5661,-105.3768,0.0792,0.0785,0.2572,0.0
2385,35.5726,-105.1288,32443.1163,32443.1167,108143.4795,0.0
2386,35.5972,-105.4142,86701.3442,86701.3504,289003.9187,0.0
2387,35.5923,-105.5614,553433.9885,553434.0192,1844777.3922,0.0
2388,35.621,-105.4223,634359.0077,634359.0846,2114525.4357,0.0
2389,35.6651,-105.7074,168886.7538,168886.7538,562955.2792,0.0
2390,35.6527,-105.1586,187799.1423,187799.1462,625995.7268,0.0
2391,35.6833,-105.7081,438750.1962,438750.1962,1462498.835,0.0
2392,35.7036,-105.4338,1281262.2231,1281262.2615,4270861.7254,0.0
2393,35.6754,-105.2427,306960.3231,306960.3269,1023198.3073,0.0
2394,35.6302,-105.5855,4054953.6923,4054953.9615,13516493.1054,0.0
2395,35.7246,-105.4129,1955059.1962,1955059.2808,6516835.5357,0.0
2396,35.7545,-105.6881,475794.9615,475794.9577,1585981.4364,0.0
2397,35.7948,-105.6172,358.2669,358.2676,1194.1999,0.0
2398,35.8433,-105.6681,732659.8385,732659.8769,2442197.0088,0.0
2399,35.838,-105.5962,69724.4285,69724.4312,232413.6865,0.0
2400,35.8718,-105.628,1896879.9231,1896879.9231,6322919.1085,0.0
