station,site,constituent,date,value_mgL
Sumner,08384500,cl,1959-10-01,57.0
Sumner,08384500,cl,1959-11-01,64.0
Sumner,08384500,cl,1959-12-01,70.0
Sumner,08384500,cl,1960-01-01,74.0
Sumner,08384500,cl,1960-02-01,76.0
Sumner,08384500,cl,1960-03-01,77.0
Sumner,08384500,cl,1960-04-01,80.0
Sumner,08384500,cl,1960-05-01,76.0
Sumner,08384500,cl,1960-06-01,70.0
Sumner,08384500,cl,1960-07-01,58.0
Sumner,08384500,cl,1960-08-01,52.0
Sumner,08384500,cl,1960-09-01,55.0
Sumner,08384500,cl,1960-10-01,59.0
Sumner,08384500,cl,1960-10-13,56.0
Sumner,08384500,cl,1960-10-17,61.0
Sumner,08384500,cl,1960-11-01,60.0
Sumner,08384500,cl,1960-12-01,65.0
Sumner,08384500,cl,1961-01-01,66.0
Sumner,08384500,cl,1961-02-01,68.0
Sumner,08384500,cl,1961-03-01,72.0
Sumner,08384500,cl,1961-04-01,76.0
Sumner,08384500,cl,1961-05-01,76.0
Sumner,08384500,cl,1961-06-01,73.0
Sumner,08384500,cl,1961-07-01,75.0
Sumner,08384500,cl,1961-08-01,78.0
Sumner,08384500,cl,1961-08-19,48.0
Sumner,08384500,cl,1961-08-20,64.0
Sumner,08384500,cl,1961-09-03,48.0
Sumner,08384500,cl,1961-10-01,53.0
Sumner,08384500,cl,1961-11-01,61.0
Sumner,08384500,cl,1961-12-01,66.0
Sumner,08384500,cl,1962-01-01,70.0
Sumner,08384500,cl,1962-02-01,74.0
Sumner,08384500,cl,1962-03-01,75.0
Sumner,08384500,cl,1962-04-01,79.0
Sumner,08384500,cl,1962-05-01,75.0
Sumner,08384500,cl,1962-06-01,75.0
Sumner,08384500,cl,1962-07-01,75.0
Sumner,08384500,cl,1962-08-01,66.0
Sumner,08384500,cl,1962-09-01,67.0
Sumner,08384500,cl,1962-10-01,68.0
Sumner,08384500,cl,1962-11-01,75.0
Sumner,08384500,cl,1962-12-01,80.0
Sumner,08384500,cl,1963-01-01,85.0
Sumner,08384500,cl,1963-02-01,88.0
Sumner,08384500,cl,1963-03-01,90.0
Sumner,08384500,cl,1963-04-01,100.0
Sumner,08384500,cl,1963-05-01,100.0
Sumner,08384500,cl,1963-06-01,94.0
Sumner,08384500,cl,1963-07-01,86.0
Sumner,08384500,cl,1963-08-01,92.0
Sumner,08384500,cl,1963-08-14,54.0
Sumner,08384500,cl,1963-08-17,53.0
Sumner,08384500,cl,1963-08-27,24.0
Sumner,08384500,cl,1963-08-28,41.0
Sumner,08384500,cl,1963-09-01,40.0
Sumner,08384500,cl,1963-09-14,58.0
Sumner,08384500,cl,1963-09-15,40.0
Sumner,08384500,cl,1963-10-01,46.0
Sumner,08384500,cl,1963-10-23,58.0
Sumner,08384500,cl,1963-11-01,68.0
Sumner,08384500,cl,1963-12-01,84.0
Sumner,08384500,cl,1964-01-01,92.0
Sumner,08384500,cl,1964-02-01,90.0
Sumner,08384500,cl,1964-03-01,92.0
Sumner,08384500,cl,1964-04-01,99.0
Sumner,08384500,cl,1964-05-01,108.0
Sumner,08384500,cl,1964-06-01,115.0
Sumner,08384500,cl,1964-07-01,126.0
Sumner,08384500,cl,1964-08-01,117.0
Sumner,08384500,cl,1964-09-01,110.0
Sumner,08384500,cl,1964-09-16,70.0
Sumner,08384500,cl,1964-10-01,96.0
Sumner,08384500,cl,1964-11-01,108.0
Sumner,08384500,cl,1964-12-01,111.0
Sumner,08384500,cl,1965-01-01,115.0
Sumner,08384500,cl,1965-02-01,118.0
Sumner,08384500,cl,1965-03-01,130.0
Sumner,08384500,cl,1965-04-01,141.0
Sumner,08384500,cl,1965-05-01,111.0
Sumner,08384500,cl,1965-05-05,94.0
Sumner,08384500,cl,1965-05-18,58.0
Sumner,08384500,cl,1965-06-01,46.0
Sumner,08384500,cl,1965-07-01,38.0
Sumner,08384500,cl,1965-07-10,52.0
Sumner,08384500,cl,1965-07-12,61.0
Sumner,08384500,cl,1965-07-29,77.0
Sumner,08384500,cl,1965-08-01,23.0
Sumner,08384500,cl,1965-08-03,48.0
Sumner,08384500,cl,1965-08-13,31.0
Sumner,08384500,cl,1965-09-01,30.0
Sumner,08384500,cl,1965-09-07,39.0
Sumner,08384500,cl,1965-10-01,57.0
Sumner,08384500,cl,1965-10-01,57.0
Sumner,08384500,cl,1965-11-01,77.0
Sumner,08384500,cl,1965-11-01,77.0
Sumner,08384500,cl,1965-12-01,89.0
Sumner,08384500,cl,1965-12-01,89.0
Sumner,08384500,cl,1966-01-01,98.0
Sumner,08384500,cl,1979-04-12,130.0
Sumner,08384500,cl,1979-05-11,85.0
Sumner,08384500,cl,1979-06-14,29.0
Sumner,08384500,cl,1979-07-12,25.0
Sumner,08384500,cl,1979-08-16,29.0
Sumner,08384500,cl,1979-09-21,39.0
Sumner,08384500,cl,1979-10-19,40.0
Sumner,08384500,cl,1979-11-14,44.0
Sumner,08384500,cl,1979-12-20,52.0
Sumner,08384500,cl,1980-01-11,58.0
Sumner,08384500,cl,1980-02-22,64.0
Sumner,08384500,cl,1980-03-20,70.0
Sumner,08384500,cl,1980-04-18,71.0
Sumner,08384500,cl,1980-05-06,81.0
Sumner,08384500,cl,1980-07-01,120.0
Sumner,08384500,cl,1980-08-14,120.0
Sumner,08384500,cl,1980-10-24,110.0
Sumner,08384500,cl,1981-01-07,110.0
Sumner,08384500,cl,1981-03-25,140.0
Sumner,08384500,cl,1981-05-26,150.0
Sumner,08384500,cl,1981-07-21,66.0
Sumner,08384500,cl,1981-09-22,58.0
Sumner,08384500,cl,1981-11-20,78.0
Sumner,08384500,cl,1982-02-11,97.0
Sumner,08384500,cl,1982-05-13,140.0
Sumner,08384500,cl,1982-06-14,89.0
Sumner,08384500,cl,1982-08-17,71.0
Sumner,08384500,cl,1982-09-24,36.0
Sumner,08384500,cl,1982-11-03,69.0
Sumner,08384500,cl,1983-02-17,120.0
Sumner,08384500,cl,1983-05-19,100.0
Sumner,08384500,cl,1983-09-23,60.0
Sumner,08384500,cl,1983-11-07,100.0
Sumner,08384500,cl,1984-03-12,140.0
Sumner,08384500,cl,1984-05-14,43.0
Sumner,08384500,cl,1984-09-10,61.0
Sumner,08384500,cl,1984-11-13,100.0
Sumner,08384500,cl,1985-01-11,110.0
Sumner,08384500,cl,1985-05-13,130.0
Sumner,08384500,cl,1985-09-17,78.0
Sumner,08384500,cl,1985-12-02,88.0
Sumner,08384500,cl,1986-02-10,130.0
Sumner,08384500,cl,1986-05-05,110.0
Sumner,08384500,cl,1986-08-25,57.0
Sumner,08384500,so4,1959-10-01,722.0
Sumner,08384500,so4,1959-11-01,798.0
Sumner,08384500,so4,1959-12-01,864.0
Sumner,08384500,so4,1960-01-01,888.0
Sumner,08384500,so4,1960-02-01,924.0
Sumner,08384500,so4,1960-03-01,915.0
Sumner,08384500,so4,1960-04-01,948.0
Sumner,08384500,so4,1960-05-01,909.0
Sumner,08384500,so4,1960-06-01,829.0
Sumner,08384500,so4,1960-07-01,686.0
Sumner,08384500,so4,1960-08-01,668.0
Sumner,08384500,so4,1960-09-01,706.0
Sumner,08384500,so4,1960-10-01,746.0
Sumner,08384500,so4,1960-10-13,610.0
Sumner,08384500,so4,1960-10-17,758.0
Sumner,08384500,so4,1960-11-01,753.0
Sumner,08384500,so4,1960-12-01,778.0
Sumner,08384500,so4,1961-01-01,812.0
Sumner,08384500,so4,1961-02-01,842.0
Sumner,08384500,so4,1961-03-01,882.0
Sumner,08384500,so4,1961-04-01,917.0
Sumner,08384500,so4,1961-05-01,908.0
Sumner,08384500,so4,1961-06-01,872.0
Sumner,08384500,so4,1961-07-01,884.0
Sumner,08384500,so4,1961-08-01,908.0
Sumner,08384500,so4,1961-08-19,576.0
Sumner,08384500,so4,1961-08-20,784.0
Sumner,08384500,so4,1961-09-03,596.0
Sumner,08384500,so4,1961-10-01,602.0
Sumner,08384500,so4,1961-11-01,702.0
Sumner,08384500,so4,1961-12-01,730.0
Sumner,08384500,so4,1962-01-01,768.0
Sumner,08384500,so4,1962-02-01,824.0
Sumner,08384500,so4,1962-03-01,836.0
Sumner,08384500,so4,1962-04-01,872.0
Sumner,08384500,so4,1962-05-01,864.0
Sumner,08384500,so4,1962-06-01,850.0
Sumner,08384500,so4,1962-07-01,888.0
Sumner,08384500,so4,1962-08-01,816.0
Sumner,08384500,so4,1962-09-01,844.0
Sumner,08384500,so4,1962-10-01,908.0
Sumner,08384500,so4,1962-11-01,936.0
Sumner,08384500,so4,1962-12-01,996.0
Sumner,08384500,so4,1963-01-01,1040.0
Sumner,08384500,so4,1963-02-01,1060.0
Sumner,08384500,so4,1963-03-01,1120.0
Sumner,08384500,so4,1963-04-01,1150.0
Sumner,08384500,so4,1963-05-01,1180.0
Sumner,08384500,so4,1963-06-01,1130.0
Sumner,08384500,so4,1963-07-01,1020.0
Sumner,08384500,so4,1963-08-01,1110.0
Sumner,08384500,so4,1963-08-14,680.0
Sumner,08384500,so4,1963-08-17,508.0
Sumner,08384500,so4,1963-08-27,178.0
Sumner,08384500,so4,1963-08-28,502.0
Sumner,08384500,so4,1963-09-01,488.0
Sumner,08384500,so4,1963-09-14,674.0
Sumner,08384500,so4,1963-09-15,504.0
Sumner,08384500,so4,1963-10-01,568.0
Sumner,08384500,so4,1963-10-23,694.0
Sumner,08384500,so4,1963-11-01,764.0
Sumner,08384500,so4,1963-12-01,925.0
Sumner,08384500,so4,1964-01-01,1000.0
Sumner,08384500,so4,1964-02-01,1010.0
Sumner,08384500,so4,1964-03-01,1060.0
Sumner,08384500,so4,1964-04-01,1170.0
Sumner,08384500,so4,1964-05-01,1270.0
Sumner,08384500,so4,1964-06-01,1330.0
Sumner,08384500,so4,1964-07-01,1460.0
Sumner,08384500,so4,1964-08-01,1400.0
Sumner,08384500,so4,1964-09-01,1460.0
Sumner,08384500,so4,1964-09-16,1150.0
Sumner,08384500,so4,1964-10-01,1310.0
Sumner,08384500,so4,1964-11-01,1330.0
Sumner,08384500,so4,1964-12-01,1310.0
Sumner,08384500,so4,1965-01-01,1300.0
Sumner,08384500,so4,1965-02-01,1310.0
Sumner,08384500,so4,1965-03-01,1480.0
Sumner,08384500,so4,1965-04-01,1590.0
Sumner,08384500,so4,1965-05-01,1270.0
Sumner,08384500,so4,1965-05-05,1060.0
Sumner,08384500,so4,1965-05-18,666.0
Sumner,08384500,so4,1965-06-01,554.0
Sumner,08384500,so4,1965-07-01,484.0
Sumner,08384500,so4,1965-07-10,646.0
Sumner,08384500,so4,1965-07-12,762.0
Sumner,08384500,so4,1965-07-29,930.0
Sumner,08384500,so4,1965-08-01,170.0
Sumner,08384500,so4,1965-08-03,613.0
Sumner,08384500,so4,1965-08-13,442.0
Sumner,08384500,so4,1965-09-01,434.0
Sumner,08384500,so4,1965-09-07,573.0
Sumner,08384500,so4,1965-10-01,698.0
Sumner,08384500,so4,1965-10-01,698.0
Sumner,08384500,so4,1965-11-01,874.0
Sumner,08384500,so4,1965-11-01,874.0
Sumner,08384500,so4,1965-12-01,946.0
Sumner,08384500,so4,1965-12-01,946.0
Sumner,08384500,so4,1966-01-01,958.0
Sumner,08384500,so4,1979-04-12,1400.0
Sumner,08384500,so4,1979-05-11,1000.0
Sumner,08384500,so4,1979-06-14,340.0
Sumner,08384500,so4,1979-07-12,290.0
Sumner,08384500,so4,1979-08-16,340.0
Sumner,08384500,so4,1979-09-21,480.0
Sumner,08384500,so4,1979-10-19,500.0
Sumner,08384500,so4,1979-11-14,530.0
Sumner,08384500,so4,1979-12-20,590.0
Sumner,08384500,so4,1980-01-11,640.0
Sumner,08384500,so4,1980-02-22,740.0
Sumner,08384500,so4,1980-03-20,730.0
Sumner,08384500,so4,1980-04-18,820.0
Sumner,08384500,so4,1980-05-06,890.0
Sumner,08384500,so4,1980-07-01,990.0
Sumner,08384500,so4,1980-08-14,1200.0
Sumner,08384500,so4,1980-10-24,1200.0
Sumner,08384500,so4,1981-01-07,1200.0
Sumner,08384500,so4,1981-03-25,1500.0
Sumner,08384500,so4,1981-05-26,1500.0
Sumner,08384500,so4,1981-07-21,710.0
Sumner,08384500,so4,1981-09-22,740.0
Sumner,08384500,so4,1981-11-20,930.0
Sumner,08384500,so4,1982-02-11,1100.0
Sumner,08384500,so4,1982-05-13,1500.0
Sumner,08384500,so4,1982-06-14,980.0
Sumner,08384500,so4,1982-08-17,710.0
Sumner,08384500,so4,1982-09-24,490.0
Sumner,08384500,so4,1982-11-03,750.0
Sumner,08384500,so4,1983-02-17,1200.0
Sumner,08384500,so4,1983-05-19,1100.0
Sumner,08384500,so4,1983-09-23,710.0
Sumner,08384500,so4,1983-11-07,1100.0
Sumner,08384500,so4,1984-03-12,1500.0
Sumner,08384500,so4,1984-05-14,680.0
Sumner,08384500,so4,1984-09-10,730.0
Sumner,08384500,so4,1984-11-13,1100.0
Sumner,08384500,so4,1985-01-11,1200.0
Sumner,08384500,so4,1985-05-13,1500.0
Sumner,08384500,so4,1985-09-17,870.0
Sumner,08384500,so4,1985-12-02,860.0
Sumner,08384500,so4,1986-02-10,1000.0
Sumner,08384500,so4,1986-05-05,1000.0
Sumner,08384500,so4,1986-08-25,710.0
Sumner,08384500,tds,1959-10-01,1.65
Sumner,08384500,tds,1959-10-01,258.0
Sumner,08384500,tds,1959-10-01,1210.0
Sumner,08384500,tds,1959-11-01,1340.0
Sumner,08384500,tds,1959-11-01,103.0
Sumner,08384500,tds,1959-12-01,1430.0
Sumner,08384500,tds,1959-12-01,22.8
Sumner,08384500,tds,1959-12-01,1.94
Sumner,08384500,tds,1960-01-01,2.01
Sumner,08384500,tds,1960-01-01,18.0
Sumner,08384500,tds,1960-02-01,2.08
Sumner,08384500,tds,1960-02-01,1530.0
Sumner,08384500,tds,1960-02-01,18.2
Sumner,08384500,tds,1960-03-01,1530.0
Sumner,08384500,tds,1960-03-01,1910.0
Sumner,08384500,tds,1960-04-01,2.15
Sumner,08384500,tds,1960-04-01,1580.0
Sumner,08384500,tds,1960-04-01,452.0
Sumner,08384500,tds,1960-05-01,2.05
Sumner,08384500,tds,1960-05-01,2570.0
Sumner,08384500,tds,1960-06-01,1.9
Sumner,08384500,tds,1960-06-01,1400.0
Sumner,08384500,tds,1960-06-01,786.0
Sumner,08384500,tds,1960-07-01,1.58
Sumner,08384500,tds,1960-07-01,230.0
Sumner,08384500,tds,1960-08-01,1130.0
Sumner,08384500,tds,1960-08-01,1.54
Sumner,08384500,tds,1960-08-01,503.0
Sumner,08384500,tds,1960-09-01,1.62
Sumner,08384500,tds,1960-09-01,1190.0
Sumner,08384500,tds,1960-10-01,323.0
Sumner,08384500,tds,1960-10-01,1250.0
Sumner,08384500,tds,1960-10-01,1.7
Sumner,08384500,tds,1960-10-13,1050.0
Sumner,08384500,tds,1960-10-13,264.0
Sumner,08384500,tds,1960-10-17,1270.0
Sumner,08384500,tds,1960-10-17,1.73
Sumner,08384500,tds,1960-10-17,857.0
Sumner,08384500,tds,1960-11-01,1260.0
Sumner,08384500,tds,1960-11-01,1.71
Sumner,08384500,tds,1960-12-01,1.78
Sumner,08384500,tds,1960-12-01,289.0
Sumner,08384500,tds,1960-12-01,1310.0
Sumner,08384500,tds,1961-01-01,1.85
Sumner,08384500,tds,1961-01-01,279.0
Sumner,08384500,tds,1961-02-01,1.9
Sumner,08384500,tds,1961-02-01,393.0
Sumner,08384500,tds,1961-02-01,1400.0
Sumner,08384500,tds,1961-03-01,382.0
Sumner,08384500,tds,1961-03-01,1460.0
Sumner,08384500,tds,1961-04-01,2.05
Sumner,08384500,tds,1961-04-01,1510.0
Sumner,08384500,tds,1961-04-01,636.0
Sumner,08384500,tds,1961-05-01,1500.0
Sumner,08384500,tds,1961-05-01,2.04
Sumner,08384500,tds,1961-06-01,1450.0
Sumner,08384500,tds,1961-06-01,1560.0
Sumner,08384500,tds,1961-06-01,1.97
Sumner,08384500,tds,1961-07-01,1470.0
Sumner,08384500,tds,1961-07-01,3390.0
Sumner,08384500,tds,1961-08-01,2170.0
Sumner,08384500,tds,1961-08-01,2.05
Sumner,08384500,tds,1961-08-01,1510.0
Sumner,08384500,tds,1961-08-19,181.0
Sumner,08384500,tds,1961-08-19,1.43
Sumner,08384500,tds,1961-08-20,289.0
Sumner,08384500,tds,1961-08-20,1310.0
Sumner,08384500,tds,1961-08-20,1.78
Sumner,08384500,tds,1961-09-03,1.37
Sumner,08384500,tds,1961-09-03,1010.0
Sumner,08384500,tds,1961-10-01,1.41
Sumner,08384500,tds,1961-10-01,1040.0
Sumner,08384500,tds,1961-10-01,267.0
Sumner,08384500,tds,1961-11-01,1.63
Sumner,08384500,tds,1961-11-01,1200.0
Sumner,08384500,tds,1961-12-01,86.4
Sumner,08384500,tds,1961-12-01,1.7
Sumner,08384500,tds,1961-12-01,1250.0
Sumner,08384500,tds,1962-01-01,1.78
Sumner,08384500,tds,1962-01-01,1310.0
Sumner,08384500,tds,1962-02-01,63.8
Sumner,08384500,tds,1962-02-01,1390.0
Sumner,08384500,tds,1962-02-01,1.89
Sumner,08384500,tds,1962-03-01,1970.0
Sumner,08384500,tds,1962-03-01,1410.0
Sumner,08384500,tds,1962-04-01,2.0
Sumner,08384500,tds,1962-04-01,284.0
Sumner,08384500,tds,1962-04-01,1470.0
Sumner,08384500,tds,1962-05-01,980.0
Sumner,08384500,tds,1962-05-01,1.96
Sumner,08384500,tds,1962-06-01,1420.0
Sumner,08384500,tds,1962-06-01,1900.0
Sumner,08384500,tds,1962-06-01,1.93
Sumner,08384500,tds,1962-07-01,1480.0
Sumner,08384500,tds,1962-07-01,2.01
Sumner,08384500,tds,1962-08-01,1.84
Sumner,08384500,tds,1962-08-01,1110.0
Sumner,08384500,tds,1962-08-01,1350.0
Sumner,08384500,tds,1962-09-01,1.89
Sumner,08384500,tds,1962-09-01,1390.0
Sumner,08384500,tds,1962-10-01,1490.0
Sumner,08384500,tds,1962-10-01,243.0
Sumner,08384500,tds,1962-10-01,2.03
Sumner,08384500,tds,1962-11-01,23.4
Sumner,08384500,tds,1962-11-01,2.11
Sumner,08384500,tds,1962-12-01,2.23
Sumner,08384500,tds,1962-12-01,34.1
Sumner,08384500,tds,1962-12-01,1640.0
Sumner,08384500,tds,1963-01-01,47.1
Sumner,08384500,tds,1963-01-01,2.33
Sumner,08384500,tds,1963-02-01,2.37
Sumner,08384500,tds,1963-02-01,1740.0
Sumner,08384500,tds,1963-02-01,57.8
Sumner,08384500,tds,1963-03-01,2.49
Sumner,08384500,tds,1963-03-01,1830.0
Sumner,08384500,tds,1963-04-01,1880.0
Sumner,08384500,tds,1963-04-01,489.0
Sumner,08384500,tds,1963-04-01,2.56
Sumner,08384500,tds,1963-05-01,433.0
Sumner,08384500,tds,1963-05-01,2.61
Sumner,08384500,tds,1963-06-01,304.0
Sumner,08384500,tds,1963-06-01,2.49
Sumner,08384500,tds,1963-06-01,1830.0
Sumner,08384500,tds,1963-07-01,2.26
Sumner,08384500,tds,1963-07-01,1660.0
Sumner,08384500,tds,1963-08-01,2.45
Sumner,08384500,tds,1963-08-01,4660.0
Sumner,08384500,tds,1963-08-01,1800.0
Sumner,08384500,tds,1963-08-14,1.56
Sumner,08384500,tds,1963-08-14,1150.0
Sumner,08384500,tds,1963-08-17,211.0
Sumner,08384500,tds,1963-08-17,1.24
Sumner,08384500,tds,1963-08-17,912.0
Sumner,08384500,tds,1963-08-27,0.84
Sumner,08384500,tds,1963-08-27,619.0
Sumner,08384500,tds,1963-08-28,884.0
Sumner,08384500,tds,1963-08-28,182.0
Sumner,08384500,tds,1963-08-28,1.2
Sumner,08384500,tds,1963-09-01,89.8
Sumner,08384500,tds,1963-09-01,864.0
Sumner,08384500,tds,1963-09-14,1.56
Sumner,08384500,tds,1963-09-14,276.0
Sumner,08384500,tds,1963-09-14,1150.0
Sumner,08384500,tds,1963-09-15,229.0
Sumner,08384500,tds,1963-09-15,1.2
Sumner,08384500,tds,1963-10-01,1.35
Sumner,08384500,tds,1963-10-01,221.0
Sumner,08384500,tds,1963-10-01,990.0
Sumner,08384500,tds,1963-10-23,195.0
Sumner,08384500,tds,1963-10-23,1.62
Sumner,08384500,tds,1963-10-23,1190.0
Sumner,08384500,tds,1963-10-23,1190.0
Sumner,08384500,tds,1963-11-01,1.41
Sumner,08384500,tds,1963-11-01,1.78
Sumner,08384500,tds,1963-11-01,1310.0
Sumner,08384500,tds,1963-12-01,2.14
Sumner,08384500,tds,1963-12-01,1570.0
Sumner,08384500,tds,1963-12-01,1570.0
Sumner,08384500,tds,1964-01-01,2.75
Sumner,08384500,tds,1964-01-01,1700.0
Sumner,08384500,tds,1964-01-01,1700.0
Sumner,08384500,tds,1964-01-01,2.31
Sumner,08384500,tds,1964-02-01,28.5
Sumner,08384500,tds,1964-02-01,1700.0
Sumner,08384500,tds,1964-02-01,1700.0
Sumner,08384500,tds,1964-03-01,333.0
Sumner,08384500,tds,1964-03-01,1760.0
Sumner,08384500,tds,1964-03-01,2.39
Sumner,08384500,tds,1964-04-01,2.6
Sumner,08384500,tds,1964-04-01,2640.0
Sumner,08384500,tds,1964-04-01,1910.0
Sumner,08384500,tds,1964-04-01,1910.0
Sumner,08384500,tds,1964-05-01,2060.0
Sumner,08384500,tds,1964-05-01,2.8
Sumner,08384500,tds,1964-05-01,438.0
Sumner,08384500,tds,1964-06-01,2.92
Sumner,08384500,tds,1964-06-01,1220.0
Sumner,08384500,tds,1964-06-01,2150.0
Sumner,08384500,tds,1964-07-01,3.18
Sumner,08384500,tds,1964-07-01,1910.0
Sumner,08384500,tds,1964-07-01,2340.0
Sumner,08384500,tds,1964-07-01,2340.0
Sumner,08384500,tds,1964-08-01,2240.0
Sumner,08384500,tds,1964-08-01,3.05
Sumner,08384500,tds,1964-09-01,3.17
Sumner,08384500,tds,1964-09-01,2330.0
Sumner,08384500,tds,1964-09-01,479.0
Sumner,08384500,tds,1964-09-16,2.48
Sumner,08384500,tds,1964-09-16,368.0
Sumner,08384500,tds,1964-10-01,2100.0
Sumner,08384500,tds,1964-10-01,419.0
Sumner,08384500,tds,1964-10-01,2.86
Sumner,08384500,tds,1964-11-01,2.92
Sumner,08384500,tds,1964-11-01,2150.0
Sumner,08384500,tds,1964-12-01,2.9
Sumner,08384500,tds,1964-12-01,1.73
Sumner,08384500,tds,1964-12-01,2130.0
Sumner,08384500,tds,1965-01-01,2130.0
Sumner,08384500,tds,1965-01-01,2.9
Sumner,08384500,tds,1965-02-01,2160.0
Sumner,08384500,tds,1965-02-01,2.33
Sumner,08384500,tds,1965-02-01,2.94
Sumner,08384500,tds,1965-03-01,3.28
Sumner,08384500,tds,1965-03-01,3280.0
Sumner,08384500,tds,1965-04-01,2570.0
Sumner,08384500,tds,1965-04-01,513.0
Sumner,08384500,tds,1965-04-01,3.5
Sumner,08384500,tds,1965-05-01,2060.0
Sumner,08384500,tds,1965-05-01,456.0
Sumner,08384500,tds,1965-05-05,1730.0
Sumner,08384500,tds,1965-05-05,252.0
Sumner,08384500,tds,1965-05-05,2.35
Sumner,08384500,tds,1965-05-18,206.0
Sumner,08384500,tds,1965-05-18,1130.0
Sumner,08384500,tds,1965-06-01,950.0
Sumner,08384500,tds,1965-06-01,1.29
Sumner,08384500,tds,1965-06-01,1110.0
Sumner,08384500,tds,1965-07-01,2350.0
Sumner,08384500,tds,1965-07-01,846.0
Sumner,08384500,tds,1965-07-10,284.0
Sumner,08384500,tds,1965-07-10,1.5
Sumner,08384500,tds,1965-07-10,1100.0
Sumner,08384500,tds,1965-07-12,1.74
Sumner,08384500,tds,1965-07-12,1280.0
Sumner,08384500,tds,1965-07-29,1540.0
Sumner,08384500,tds,1965-07-29,2.09
Sumner,08384500,tds,1965-07-29,406.0
Sumner,08384500,tds,1965-08-01,140.0
Sumner,08384500,tds,1965-08-01,601.0
Sumner,08384500,tds,1965-08-03,1050.0
Sumner,08384500,tds,1965-08-03,139.0
Sumner,08384500,tds,1965-08-03,1.43
Sumner,08384500,tds,1965-08-13,210.0
Sumner,08384500,tds,1965-08-13,1.06
Sumner,08384500,tds,1965-09-01,203.0
Sumner,08384500,tds,1965-09-01,765.0
Sumner,08384500,tds,1965-09-01,1.04
Sumner,08384500,tds,1965-09-07,196.0
Sumner,08384500,tds,1965-09-07,1.33
Sumner,08384500,tds,1965-10-01,1180.0
Sumner,08384500,tds,1965-10-01,1.6
Sumner,08384500,tds,1965-10-01,2.6
Sumner,08384500,tds,1965-10-01,261.0
Sumner,08384500,tds,1965-10-01,1180.0
Sumner,08384500,tds,1965-11-01,1480.0
Sumner,08384500,tds,1965-11-01,2.01
Sumner,08384500,tds,1965-11-01,1480.0
Sumner,08384500,tds,1965-11-01,7.18
Sumner,08384500,tds,1965-12-01,1600.0
Sumner,08384500,tds,1965-12-01,2.18
Sumner,08384500,tds,1965-12-01,2.58
Sumner,08384500,tds,1965-12-01,2.18
Sumner,08384500,tds,1966-01-01,10.0
Sumner,08384500,tds,1966-01-01,2.2
Sumner,08384500,tds,1966-01-01,1620.0
Sumner,08384500,tds,1979-04-12,3.26
Sumner,08384500,tds,1979-04-12,544.0
Sumner,08384500,tds,1979-04-12,2400.0
Sumner,08384500,tds,1979-05-11,2.34
Sumner,08384500,tds,1979-05-11,464.0
Sumner,08384500,tds,1979-05-11,1640.0
Sumner,08384500,tds,1979-05-11,1720.0
Sumner,08384500,tds,1979-06-14,0.91
Sumner,08384500,tds,1979-06-14,671.0
Sumner,08384500,tds,1979-06-14,619.0
Sumner,08384500,tds,1979-07-12,0.76
Sumner,08384500,tds,1979-07-12,536.0
Sumner,08384500,tds,1979-07-12,557.0
Sumner,08384500,tds,1979-08-16,0.85
Sumner,08384500,tds,1979-08-16,127.0
Sumner,08384500,tds,1979-08-16,601.0
Sumner,08384500,tds,1979-09-21,894.0
Sumner,08384500,tds,1979-09-21,837.0
Sumner,08384500,tds,1979-09-21,198.0
Sumner,08384500,tds,1979-09-21,1.22
Sumner,08384500,tds,1979-10-19,903.0
Sumner,08384500,tds,1979-10-19,239.0
Sumner,08384500,tds,1979-10-19,1.23
Sumner,08384500,tds,1979-11-14,919.0
Sumner,08384500,tds,1979-11-14,33.4
Sumner,08384500,tds,1979-11-14,1.4
Sumner,08384500,tds,1979-12-20,1.48
Sumner,08384500,tds,1979-12-20,32.4
Sumner,08384500,tds,1979-12-20,1030.0
Sumner,08384500,tds,1979-12-20,1090.0
Sumner,08384500,tds,1980-01-11,1190.0
Sumner,08384500,tds,1980-01-11,35.3
Sumner,08384500,tds,1980-01-11,1130.0
Sumner,08384500,tds,1980-02-22,1.71
Sumner,08384500,tds,1980-02-22,30.3
Sumner,08384500,tds,1980-02-22,1230.0
Sumner,08384500,tds,1980-03-20,1240.0
Sumner,08384500,tds,1980-03-20,1200.0
Sumner,08384500,tds,1980-03-20,1.63
Sumner,08384500,tds,1980-03-20,272.0
Sumner,08384500,tds,1980-04-18,1380.0
Sumner,08384500,tds,1980-04-18,3750.0
Sumner,08384500,tds,1980-04-18,1430.0
Sumner,08384500,tds,1980-05-06,2.16
Sumner,08384500,tds,1980-05-06,1500.0
Sumner,08384500,tds,1980-05-06,1590.0
Sumner,08384500,tds,1980-07-01,2.39
Sumner,08384500,tds,1980-07-01,1760.0
Sumner,08384500,tds,1980-07-01,1700.0
Sumner,08384500,tds,1980-07-01,4350.0
Sumner,08384500,tds,1980-08-14,2230.0
Sumner,08384500,tds,1980-08-14,3.03
Sumner,08384500,tds,1980-08-14,614.0
Sumner,08384500,tds,1980-10-24,2.84
Sumner,08384500,tds,1980-10-24,440.0
Sumner,08384500,tds,1980-10-24,2090.0
Sumner,08384500,tds,1981-01-07,2.92
Sumner,08384500,tds,1981-01-07,2.84
Sumner,08384500,tds,1981-01-07,2010.0
Sumner,08384500,tds,1981-01-07,2150.0
Sumner,08384500,tds,1981-03-25,3.4
Sumner,08384500,tds,1981-03-25,2400.0
Sumner,08384500,tds,1981-03-25,580.0
Sumner,08384500,tds,1981-05-26,3.77
Sumner,08384500,tds,1981-05-26,8150.0
Sumner,08384500,tds,1981-05-26,2470.0
Sumner,08384500,tds,1981-07-21,1.78
Sumner,08384500,tds,1981-07-21,354.0
Sumner,08384500,tds,1981-07-21,1210.0
Sumner,08384500,tds,1981-07-21,1310.0
Sumner,08384500,tds,1981-09-22,1370.0
Sumner,08384500,tds,1981-09-22,392.0
Sumner,08384500,tds,1981-09-22,1.86
Sumner,08384500,tds,1981-11-20,2.43
Sumner,08384500,tds,1981-11-20,1550.0
Sumner,08384500,tds,1981-11-20,1670.0
Sumner,08384500,tds,1982-02-11,6.45
Sumner,08384500,tds,1982-02-11,2.71
Sumner,08384500,tds,1982-02-11,1800.0
Sumner,08384500,tds,1982-02-11,1990.0
Sumner,08384500,tds,1982-05-13,2620.0
Sumner,08384500,tds,1982-05-13,2450.0
Sumner,08384500,tds,1982-05-13,589.0
Sumner,08384500,tds,1982-06-14,402.0
Sumner,08384500,tds,1982-06-14,1590.0
Sumner,08384500,tds,1982-06-14,2.38
Sumner,08384500,tds,1982-08-17,1.69
Sumner,08384500,tds,1982-08-17,318.0
Sumner,08384500,tds,1982-08-17,1170.0
Sumner,08384500,tds,1982-08-17,1240.0
Sumner,08384500,tds,1982-09-24,858.0
Sumner,08384500,tds,1982-09-24,177.0
Sumner,08384500,tds,1982-09-24,1.2
Sumner,08384500,tds,1982-11-03,1.45
Sumner,08384500,tds,1982-11-03,1280.0
Sumner,08384500,tds,1982-11-03,1.82
Sumner,08384500,tds,1983-02-17,2030.0
Sumner,08384500,tds,1983-02-17,1990.0
Sumner,08384500,tds,1983-02-17,3.51
Sumner,08384500,tds,1983-02-17,2.76
Sumner,08384500,tds,1983-05-19,1880.0
Sumner,08384500,tds,1983-05-19,5130.0
Sumner,08384500,tds,1983-05-19,2.56
Sumner,08384500,tds,1983-09-23,1280.0
Sumner,08384500,tds,1983-09-23,276.0
Sumner,08384500,tds,1983-09-23,1190.0
Sumner,08384500,tds,1983-11-07,1880.0
Sumner,08384500,tds,1983-11-07,1.62
Sumner,08384500,tds,1983-11-07,1800.0
Sumner,08384500,tds,1983-11-07,2.56
Sumner,08384500,tds,1984-03-12,720.0
Sumner,08384500,tds,1984-03-12,2430.0
Sumner,08384500,tds,1984-03-12,2590.0
Sumner,08384500,tds,1984-05-14,1220.0
Sumner,08384500,tds,1984-05-14,1130.0
Sumner,08384500,tds,1984-05-14,1.66
Sumner,08384500,tds,1984-09-10,1310.0
Sumner,08384500,tds,1984-09-10,1230.0
Sumner,08384500,tds,1984-09-10,332.0
Sumner,08384500,tds,1984-09-10,1.78
Sumner,08384500,tds,1984-11-13,2.19
Sumner,08384500,tds,1984-11-13,1770.0
Sumner,08384500,tds,1984-11-13,1800.0
Sumner,08384500,tds,1985-01-11,2.45
Sumner,08384500,tds,1985-01-11,2020.0
Sumner,08384500,tds,1985-05-13,3.33
Sumner,08384500,tds,1985-05-13,2450.0
Sumner,08384500,tds,1985-05-13,2420.0
Sumner,08384500,tds,1985-05-13,655.0
Sumner,08384500,tds,1985-09-17,1580.0
Sumner,08384500,tds,1985-09-17,431.0
Sumner,08384500,tds,1985-09-17,2.15
Sumner,08384500,tds,1985-12-02,2.0
Sumner,08384500,tds,1985-12-02,1410.0
Sumner,08384500,tds,1985-12-02,1470.0
Sumner,08384500,tds,1986-02-10,6.35
Sumner,08384500,tds,1986-02-10,1960.0
Sumner,08384500,tds,1986-02-10,1700.0
Sumner,08384500,tds,1986-02-10,2.67
Sumner,08384500,tds,1986-05-05,2040.0
Sumner,08384500,tds,1986-05-05,5670.0
Sumner,08384500,tds,1986-05-05,2.77
Sumner,08384500,tds,1986-08-25,1260.0
Sumner,08384500,tds,1986-08-25,1180.0
Sumner,08384500,tds,1986-08-25,1.71
Brantley,08401500,cl,1959-10-07,655.0
Brantley,08401500,cl,1959-10-14,660.0
Brantley,08401500,cl,1959-10-21,655.0
Brantley,08401500,cl,1959-11-04,665.0
Brantley,08401500,cl,1959-11-10,660.0
Brantley,08401500,cl,1959-11-18,660.0
Brantley,08401500,cl,1959-11-24,660.0
Brantley,08401500,cl,1959-12-02,660.0
Brantley,08401500,cl,1959-12-09,665.0
Brantley,08401500,cl,1959-12-16,650.0
Brantley,08401500,cl,1959-12-22,660.0
Brantley,08401500,cl,1959-12-30,665.0
Brantley,08401500,cl,1960-01-06,665.0
Brantley,08401500,cl,1960-01-19,765.0
Brantley,08401500,cl,1960-02-10,680.0
Brantley,08401500,cl,1960-02-23,670.0
Brantley,08401500,cl,1960-03-03,670.0
Brantley,08401500,cl,1960-03-09,670.0
Brantley,08401500,cl,1960-03-16,670.0
Brantley,08401500,cl,1960-03-22,670.0
Brantley,08401500,cl,1960-05-04,740.0
Brantley,08401500,cl,1960-06-01,645.0
Brantley,08401500,cl,1960-06-06,628.0
Brantley,08401500,cl,1960-06-13,656.0
Brantley,08401500,cl,1960-07-15,288.0
Brantley,08401500,cl,1978-03-23,830.0
Brantley,08401500,cl,1978-04-08,950.0
Brantley,08401500,cl,1978-04-13,670.0
Brantley,08401500,cl,1978-05-16,640.0
Brantley,08401500,cl,1979-01-19,890.0
Brantley,08401500,cl,1979-03-21,800.0
Brantley,08401500,cl,1979-04-27,1400.0
Brantley,08401500,cl,1981-02-23,890.0
Brantley,08401500,cl,1981-05-29,2000.0
Brantley,08401500,cl,1981-08-27,850.0
Brantley,08401500,cl,1981-12-08,900.0
Brantley,08401500,cl,1982-03-02,880.0
Brantley,08401500,cl,1982-05-05,700.0
Brantley,08401500,cl,1982-10-04,850.0
Brantley,08401500,cl,1982-12-01,900.0
Brantley,08401500,cl,1983-03-02,890.0
Brantley,08401500,cl,1983-06-30,580.0
Brantley,08401500,cl,1983-08-30,300.0
Brantley,08401500,cl,1983-11-02,860.0
Brantley,08401500,cl,1984-03-01,910.0
Brantley,08401500,cl,1984-07-02,470.0
Brantley,08401500,cl,1984-11-02,810.0
Brantley,08401500,cl,1985-03-11,870.0
Brantley,08401500,cl,1985-05-01,690.0
Brantley,08401500,cl,1985-07-03,470.0
Brantley,08401500,cl,1985-11-06,770.0
Brantley,08401500,cl,1986-03-05,920.0
Brantley,08401500,cl,1986-05-07,1900.0
Brantley,08401500,cl,1986-07-16,620.0
Brantley,08401500,cl,1986-11-03,760.0
Brantley,08401500,cl,1987-03-05,880.0
Brantley,08401500,cl,1987-05-06,420.0
Brantley,08401500,cl,1987-07-07,440.0
Brantley,08401500,cl,1987-11-03,760.0
Brantley,08401500,cl,1988-03-03,800.0
Brantley,08401500,cl,1988-05-09,1700.0
Brantley,08401500,cl,1988-06-30,670.0
Brantley,08401500,cl,1988-10-28,130.0
Brantley,08401500,cl,1989-03-07,960.0
Brantley,08401500,cl,1989-05-09,530.0
Brantley,08401500,cl,1989-07-11,320.0
Brantley,08401500,cl,1989-11-02,850.0
Brantley,08401500,cl,1990-03-02,1400.0
Brantley,08401500,cl,1990-05-01,1500.0
Brantley,08401500,cl,1990-07-17,310.0
Brantley,08401500,cl,1990-09-06,300.0
Brantley,08401500,cl,1990-11-01,990.0
Brantley,08401500,cl,1991-03-08,1900.0
Brantley,08401500,cl,1991-05-02,1800.0
Brantley,08401500,cl,1991-07-03,320.0
Brantley,08401500,cl,1991-11-04,510.0
Brantley,08401500,cl,1992-03-11,1300.0
Brantley,08401500,cl,1992-05-04,900.0
Brantley,08401500,cl,1992-08-27,690.0
Brantley,08401500,cl,1992-11-13,530.0
Brantley,08401500,cl,1993-03-16,1700.0
Brantley,08401500,cl,1993-04-01,1200.0
Brantley,08401500,cl,1993-06-04,680.0
Brantley,08401500,cl,1993-08-12,250.0
Brantley,08401500,cl,1993-12-27,1400.0
Brantley,08401500,cl,1994-02-28,1400.0
Brantley,08401500,cl,1994-05-17,1100.0
Brantley,08401500,cl,1994-08-08,650.0
Brantley,08401500,cl,1994-11-10,720.0
Brantley,08401500,cl,1995-02-07,1300.0
Brantley,08401500,cl,1995-03-31,750.0
Brantley,08401500,cl,1995-07-20,160.0
Brantley,08401500,cl,1995-12-08,1100.0
Brantley,08401500,cl,1996-03-12,1200.0
Brantley,08401500,cl,1996-06-14,400.0
Brantley,08401500,cl,1996-09-09,530.0
Brantley,08401500,cl,1996-11-13,540.0
Brantley,08401500,cl,2023-07-27,447.0
Brantley,08401500,so4,1978-03-23,1600.0
Brantley,08401500,so4,1978-04-08,1600.0
Brantley,08401500,so4,1978-04-13,1600.0
Brantley,08401500,so4,1978-05-16,1700.0
Brantley,08401500,so4,1979-01-19,1700.0
Brantley,08401500,so4,1979-03-21,1600.0
Brantley,08401500,so4,1979-04-27,1400.0
Brantley,08401500,so4,1981-02-23,1600.0
Brantley,08401500,so4,1981-05-29,2000.0
Brantley,08401500,so4,1981-08-27,1700.0
Brantley,08401500,so4,1981-12-08,1600.0
Brantley,08401500,so4,1982-03-02,1600.0
Brantley,08401500,so4,1982-05-05,1700.0
Brantley,08401500,so4,1982-10-04,1600.0
Brantley,08401500,so4,1982-12-01,1800.0
Brantley,08401500,so4,1983-03-02,1700.0
Brantley,08401500,so4,1983-06-30,1800.0
Brantley,08401500,so4,1983-08-30,790.0
Brantley,08401500,so4,1983-11-02,1700.0
Brantley,08401500,so4,1984-03-01,1500.0
Brantley,08401500,so4,1984-07-02,1200.0
Brantley,08401500,so4,1984-11-02,1600.0
Brantley,08401500,so4,1985-03-11,1500.0
Brantley,08401500,so4,1985-05-01,1300.0
Brantley,08401500,so4,1985-07-03,1400.0
Brantley,08401500,so4,1985-11-06,1400.0
Brantley,08401500,so4,1986-03-05,1700.0
Brantley,08401500,so4,1986-05-07,2200.0
Brantley,08401500,so4,1986-07-16,1200.0
Brantley,08401500,so4,1986-11-03,1000.0
Brantley,08401500,so4,1987-03-05,1200.0
Brantley,08401500,so4,1987-05-06,1000.0
Brantley,08401500,so4,1987-07-07,950.0
Brantley,08401500,so4,1987-11-03,1400.0
Brantley,08401500,so4,1988-03-03,1700.0
Brantley,08401500,so4,1988-05-09,2100.0
Brantley,08401500,so4,1988-06-30,1800.0
Brantley,08401500,so4,1988-10-28,590.0
Brantley,08401500,so4,1989-03-07,1300.0
Brantley,08401500,so4,1989-05-09,1200.0
Brantley,08401500,so4,1989-07-11,850.0
Brantley,08401500,so4,1989-11-02,1500.0
Brantley,08401500,so4,1990-03-02,1700.0
Brantley,08401500,so4,1990-05-01,1800.0
Brantley,08401500,so4,1990-07-17,1200.0
Brantley,08401500,so4,1990-09-06,820.0
Brantley,08401500,so4,1990-11-01,1200.0
Brantley,08401500,so4,1991-03-08,2100.0
Brantley,08401500,so4,1991-05-02,2100.0
Brantley,08401500,so4,1991-07-03,1100.0
Brantley,08401500,so4,1991-11-04,880.0
Brantley,08401500,so4,1992-03-11,1300.0
Brantley,08401500,so4,1992-05-04,1200.0
Brantley,08401500,so4,1992-08-27,1100.0
Brantley,08401500,so4,1992-11-13,1300.0
Brantley,08401500,so4,1993-03-16,1700.0
Brantley,08401500,so4,1993-04-01,1500.0
Brantley,08401500,so4,1993-06-04,1400.0
Brantley,08401500,so4,1993-08-12,700.0
Brantley,08401500,so4,1993-12-27,1400.0
Brantley,08401500,so4,1994-02-28,1500.0
Brantley,08401500,so4,1994-05-17,1600.0
Brantley,08401500,so4,1994-08-08,1200.0
Brantley,08401500,so4,1994-11-10,1100.0
Brantley,08401500,so4,1995-02-07,1500.0
Brantley,08401500,so4,1995-03-31,1300.0
Brantley,08401500,so4,1995-07-20,580.0
Brantley,08401500,so4,1995-12-08,1100.0
Brantley,08401500,so4,1996-03-12,1300.0
Brantley,08401500,so4,1996-06-14,1200.0
Brantley,08401500,so4,1996-09-09,880.0
Brantley,08401500,so4,1996-11-13,850.0
Brantley,08401500,so4,2023-07-27,1070.0
Brantley,08401500,tds,1978-03-23,3720.0
Brantley,08401500,tds,1978-03-23,191.0
Brantley,08401500,tds,1978-03-23,5.06
Brantley,08401500,tds,1978-04-08,3910.0
Brantley,08401500,tds,1978-04-08,4490.0
Brantley,08401500,tds,1978-04-08,5.31
Brantley,08401500,tds,1978-04-13,3450.0
Brantley,08401500,tds,1978-04-13,4100.0
Brantley,08401500,tds,1978-04-13,4.69
Brantley,08401500,tds,1978-05-16,3390.0
Brantley,08401500,tds,1978-05-16,2110.0
Brantley,08401500,tds,1978-05-16,4.61
Brantley,08401500,tds,1979-01-19,5.6
Brantley,08401500,tds,1979-01-19,423.0
Brantley,08401500,tds,1979-01-19,3850.0
Brantley,08401500,tds,1979-01-19,4120.0
Brantley,08401500,tds,1979-03-21,4170.0
Brantley,08401500,tds,1979-03-21,5.67
Brantley,08401500,tds,1979-03-21,518.0
Brantley,08401500,tds,1979-03-21,3670.0
Brantley,08401500,tds,1979-04-27,4310.0
Brantley,08401500,tds,1979-04-27,1820.0
Brantley,08401500,tds,1979-04-27,6.58
Brantley,08401500,tds,1979-04-27,4840.0
Brantley,08401500,tds,1981-02-23,5.14
Brantley,08401500,tds,1981-02-23,337.0
Brantley,08401500,tds,1981-02-23,3780.0
Brantley,08401500,tds,1981-05-29,2740.0
Brantley,08401500,tds,1981-05-29,6030.0
Brantley,08401500,tds,1981-05-29,8.2
Brantley,08401500,tds,1981-08-27,3840.0
Brantley,08401500,tds,1981-08-27,259.0
Brantley,08401500,tds,1981-08-27,5.22
Brantley,08401500,tds,1981-12-08,3770.0
Brantley,08401500,tds,1981-12-08,244.0
Brantley,08401500,tds,1981-12-08,5.13
Brantley,08401500,tds,1982-03-02,5.21
Brantley,08401500,tds,1982-03-02,264.0
Brantley,08401500,tds,1982-03-02,3830.0
Brantley,08401500,tds,1982-05-05,357.0
Brantley,08401500,tds,1982-05-05,3590.0
Brantley,08401500,tds,1982-05-05,4.88
Brantley,08401500,tds,1982-10-04,5.1
Brantley,08401500,tds,1982-10-04,354.0
Brantley,08401500,tds,1982-10-04,3750.0
Brantley,08401500,tds,1982-12-01,4000.0
Brantley,08401500,tds,1982-12-01,292.0
Brantley,08401500,tds,1982-12-01,5.44
Brantley,08401500,tds,1983-03-02,361.0
Brantley,08401500,tds,1983-03-02,5.35
Brantley,08401500,tds,1983-03-02,3940.0
Brantley,08401500,tds,1983-06-30,2540.0
Brantley,08401500,tds,1983-06-30,3490.0
Brantley,08401500,tds,1983-06-30,4.74
Brantley,08401500,tds,1983-08-30,2.23
Brantley,08401500,tds,1983-08-30,677.0
Brantley,08401500,tds,1983-08-30,1640.0
Brantley,08401500,tds,1983-11-02,5.22
Brantley,08401500,tds,1983-11-02,353.0
Brantley,08401500,tds,1983-11-02,3840.0
Brantley,08401500,tds,1984-03-01,3740.0
Brantley,08401500,tds,1984-03-01,364.0
Brantley,08401500,tds,1984-03-01,5.09
Brantley,08401500,tds,1984-07-02,691.0
Brantley,08401500,tds,1984-07-02,2460.0
Brantley,08401500,tds,1984-07-02,3.35
Brantley,08401500,tds,1984-11-02,435.0
Brantley,08401500,tds,1984-11-02,3580.0
Brantley,08401500,tds,1984-11-02,4.87
Brantley,08401500,tds,1985-03-11,3630.0
Brantley,08401500,tds,1985-03-11,726.0
Brantley,08401500,tds,1985-03-11,4.94
Brantley,08401500,tds,1985-05-01,3110.0
Brantley,08401500,tds,1985-05-01,403.0
Brantley,08401500,tds,1985-05-01,4.23
Brantley,08401500,tds,1985-07-03,2750.0
Brantley,08401500,tds,1985-07-03,1990.0
Brantley,08401500,tds,1985-07-03,3.74
Brantley,08401500,tds,1985-11-06,4.57
Brantley,08401500,tds,1985-11-06,3360.0
Brantley,08401500,tds,1985-11-06,599.0
Brantley,08401500,tds,1986-03-05,379.0
Brantley,08401500,tds,1986-03-05,5.02
Brantley,08401500,tds,1986-03-05,3690.0
Brantley,08401500,tds,1986-05-07,6130.0
Brantley,08401500,tds,1986-05-07,4400.0
Brantley,08401500,tds,1986-05-07,8.34
Brantley,08401500,tds,1986-07-16,3.74
Brantley,08401500,tds,1986-07-16,2750.0
Brantley,08401500,tds,1986-07-16,1210.0
Brantley,08401500,tds,1986-11-03,2750.0
Brantley,08401500,tds,1986-11-03,2620.0
Brantley,08401500,tds,1986-11-03,3.74
Brantley,08401500,tds,1987-03-05,4.31
Brantley,08401500,tds,1987-03-05,2860.0
Brantley,08401500,tds,1987-03-05,3170.0
Brantley,08401500,tds,1987-05-06,3270.0
Brantley,08401500,tds,1987-05-06,2070.0
Brantley,08401500,tds,1987-05-06,2.82
Brantley,08401500,tds,1987-07-07,1670.0
Brantley,08401500,tds,1987-07-07,2090.0
Brantley,08401500,tds,1987-07-07,2.85
Brantley,08401500,tds,1987-11-03,3270.0
Brantley,08401500,tds,1987-11-03,484.0
Brantley,08401500,tds,1987-11-03,4.45
Brantley,08401500,tds,1988-03-03,5.03
Brantley,08401500,tds,1988-03-03,478.0
Brantley,08401500,tds,1988-03-03,3700.0
Brantley,08401500,tds,1988-05-09,5840.0
Brantley,08401500,tds,1988-05-09,7.95
Brantley,08401500,tds,1988-05-09,2840.0
Brantley,08401500,tds,1988-06-30,4.99
Brantley,08401500,tds,1988-06-30,852.0
Brantley,08401500,tds,1988-06-30,3670.0
Brantley,08401500,tds,1988-10-28,1.52
Brantley,08401500,tds,1988-10-28,575.0
Brantley,08401500,tds,1988-10-28,1120.0
Brantley,08401500,tds,1989-03-07,4.61
Brantley,08401500,tds,1989-03-07,256.0
Brantley,08401500,tds,1989-03-07,3390.0
Brantley,08401500,tds,1989-05-09,3.56
Brantley,08401500,tds,1989-05-09,2240.0
Brantley,08401500,tds,1989-05-09,2620.0
Brantley,08401500,tds,1989-07-11,2.45
Brantley,08401500,tds,1989-07-11,1640.0
Brantley,08401500,tds,1989-07-11,1800.0
Brantley,08401500,tds,1989-11-02,3500.0
Brantley,08401500,tds,1989-11-02,180.0
Brantley,08401500,tds,1989-11-02,4.77
Brantley,08401500,tds,1990-03-02,6.6
Brantley,08401500,tds,1990-03-02,4850.0
Brantley,08401500,tds,1990-03-02,244.0
Brantley,08401500,tds,1990-05-01,6.94
Brantley,08401500,tds,1990-05-01,5100.0
Brantley,08401500,tds,1990-05-01,1980.0
Brantley,08401500,tds,1990-07-17,2320.0
Brantley,08401500,tds,1990-07-17,3.15
Brantley,08401500,tds,1990-09-06,932.0
Brantley,08401500,tds,1990-09-06,2.34
Brantley,08401500,tds,1990-09-06,1720.0
Brantley,08401500,tds,1990-11-01,4.5
Brantley,08401500,tds,1990-11-01,3310.0
Brantley,08401500,tds,1990-11-01,190.0
Brantley,08401500,tds,1991-03-08,5590.0
Brantley,08401500,tds,1991-03-08,329.0
Brantley,08401500,tds,1991-03-08,7.6
Brantley,08401500,tds,1991-05-02,7.73
Brantley,08401500,tds,1991-05-02,5680.0
Brantley,08401500,tds,1991-05-02,2240.0
Brantley,08401500,tds,1991-07-03,2.86
Brantley,08401500,tds,1991-07-03,2100.0
Brantley,08401500,tds,1991-07-03,1470.0
Brantley,08401500,tds,1991-11-04,2220.0
Brantley,08401500,tds,1991-11-04,4170.0
Brantley,08401500,tds,1991-11-04,3.02
Brantley,08401500,tds,1992-03-11,5.52
Brantley,08401500,tds,1992-03-11,4060.0
Brantley,08401500,tds,1992-03-11,278.0
Brantley,08401500,tds,1992-05-04,3240.0
Brantley,08401500,tds,1992-05-04,1740.0
Brantley,08401500,tds,1992-05-04,4.4
Brantley,08401500,tds,1992-08-27,2710.0
Brantley,08401500,tds,1992-08-27,1950.0
Brantley,08401500,tds,1992-08-27,3.68
Brantley,08401500,tds,1992-11-13,163.0
Brantley,08401500,tds,1992-11-13,3.76
Brantley,08401500,tds,1992-11-13,2770.0
Brantley,08401500,tds,1993-03-16,5200.0
Brantley,08401500,tds,1993-03-16,519.0
Brantley,08401500,tds,1993-03-16,7.07
Brantley,08401500,tds,1993-04-01,4120.0
Brantley,08401500,tds,1993-04-01,2630.0
Brantley,08401500,tds,1993-04-01,5.61
Brantley,08401500,tds,1993-06-04,3090.0
Brantley,08401500,tds,1993-06-04,1490.0
Brantley,08401500,tds,1993-06-04,4.2
Brantley,08401500,tds,1993-08-12,1020.0
Brantley,08401500,tds,1993-08-12,1450.0
Brantley,08401500,tds,1993-08-12,1.97
Brantley,08401500,tds,1993-12-27,4320.0
Brantley,08401500,tds,1993-12-27,262.0
Brantley,08401500,tds,1993-12-27,5.87
Brantley,08401500,tds,1994-02-28,6.17
Brantley,08401500,tds,1994-02-28,277.0
Brantley,08401500,tds,1994-02-28,4530.0
Brantley,08401500,tds,1994-05-17,4130.0
Brantley,08401500,tds,1994-05-17,1150.0
Brantley,08401500,tds,1994-05-17,5.62
Brantley,08401500,tds,1994-08-08,2610.0
Brantley,08401500,tds,1994-08-08,2810.0
Brantley,08401500,tds,1994-08-08,3.83
Brantley,08401500,tds,1994-11-10,2770.0
Brantley,08401500,tds,1994-11-10,135.0
Brantley,08401500,tds,1994-11-10,3.77
Brantley,08401500,tds,1995-02-07,5.81
Brantley,08401500,tds,1995-02-07,4280.0
Brantley,08401500,tds,1995-02-07,5.66
Brantley,08401500,tds,1995-03-31,3140.0
Brantley,08401500,tds,1995-03-31,2510.0
Brantley,08401500,tds,1995-03-31,4.27
Brantley,08401500,tds,1995-07-20,2500.0
Brantley,08401500,tds,1995-07-20,1160.0
Brantley,08401500,tds,1995-07-20,1.58
Brantley,08401500,tds,1995-12-08,3470.0
Brantley,08401500,tds,1995-12-08,257.0
Brantley,08401500,tds,1995-12-08,4.71
Brantley,08401500,tds,1996-03-12,5.27
Brantley,08401500,tds,1996-03-12,344.0
Brantley,08401500,tds,1996-03-12,3870.0
Brantley,08401500,tds,1996-06-14,1980.0
Brantley,08401500,tds,1996-06-14,2440.0
Brantley,08401500,tds,1996-06-14,3.32
Brantley,08401500,tds,1996-09-09,247.0
Brantley,08401500,tds,1996-09-09,2170.0
Brantley,08401500,tds,1996-09-09,2.95
Brantley,08401500,tds,1996-11-13,2110.0
Brantley,08401500,tds,1996-11-13,1800.0
Brantley,08401500,tds,1996-11-13,2.87
Brantley,08401500,tds,2023-07-27,2320.0
Brantley,08401500,tds,2023-07-27,217.0
Brantley,08401500,tds,2023-07-27,3.16
Artesia,08396500,cl,1959-10-01,4320.0
Artesia,08396500,cl,1959-10-06,2650.0
Artesia,08396500,cl,1959-11-01,1880.0
Artesia,08396500,cl,1959-11-11,1400.0
Artesia,08396500,cl,1959-12-21,1370.0
Artesia,08396500,cl,1960-02-18,2060.0
Artesia,08396500,cl,1960-03-23,205.0
Artesia,08396500,cl,1960-04-09,780.0
Artesia,08396500,cl,1960-04-15,1500.0
Artesia,08396500,cl,1960-05-16,455.0
Artesia,08396500,cl,1960-06-13,136.0
Artesia,08396500,cl,1960-06-15,490.0
Artesia,08396500,cl,1960-06-26,1630.0
Artesia,08396500,cl,1960-07-08,168.0
Artesia,08396500,cl,1960-07-26,1060.0
Artesia,08396500,cl,1960-08-07,1700.0
Artesia,08396500,cl,1960-08-14,232.0
Artesia,08396500,cl,1960-08-22,1160.0
Artesia,08396500,cl,1960-09-01,2120.0
Artesia,08396500,cl,1960-10-17,356.0
Artesia,08396500,cl,1960-10-26,538.0
Artesia,08396500,cl,1960-12-01,1160.0
Artesia,08396500,cl,1960-12-19,1220.0
Artesia,08396500,cl,1961-01-04,740.0
Artesia,08396500,cl,1961-02-01,1210.0
Artesia,08396500,cl,1961-03-01,1050.0
Artesia,08396500,cl,1961-04-21,1940.0
Artesia,08396500,cl,1961-05-01,755.0
Artesia,08396500,cl,1961-06-01,1920.0
Artesia,08396500,cl,1961-06-04,958.0
Artesia,08396500,cl,1961-06-13,228.0
Artesia,08396500,cl,1961-06-23,548.0
Artesia,08396500,cl,1961-06-30,1440.0
Artesia,08396500,cl,1961-07-14,685.0
Artesia,08396500,cl,1961-08-13,344.0
Artesia,08396500,cl,1961-08-26,995.0
Artesia,08396500,cl,1961-09-03,1890.0
Artesia,08396500,cl,1961-09-15,1250.0
Artesia,08396500,cl,1961-09-23,2260.0
Artesia,08396500,cl,1961-09-29,2120.0
Artesia,08396500,cl,1961-10-17,1200.0
Artesia,08396500,cl,1961-11-05,542.0
Artesia,08396500,cl,1961-11-21,1290.0
Artesia,08396500,cl,1962-01-01,1410.0
Artesia,08396500,cl,1962-01-23,1290.0
Artesia,08396500,cl,1962-03-01,1900.0
Artesia,08396500,cl,1962-03-12,200.0
Artesia,08396500,cl,1962-04-05,1260.0
Artesia,08396500,cl,1962-05-01,2300.0
Artesia,08396500,cl,1962-05-27,3070.0
Artesia,08396500,cl,1962-06-01,166.0
Artesia,08396500,cl,1962-06-24,660.0
Artesia,08396500,cl,1962-07-01,1420.0
Artesia,08396500,cl,1962-07-03,1020.0
Artesia,08396500,cl,1962-07-16,492.0
Artesia,08396500,cl,1962-07-21,1300.0
Artesia,08396500,cl,1962-07-28,186.0
Artesia,08396500,cl,1962-07-31,82.0
Artesia,08396500,cl,1962-08-04,316.0
Artesia,08396500,cl,1962-08-14,1440.0
Artesia,08396500,cl,1962-08-31,320.0
Artesia,08396500,cl,1962-09-11,366.0
Artesia,08396500,cl,1962-09-22,1620.0
Artesia,08396500,cl,1962-10-01,745.0
Artesia,08396500,cl,1962-10-07,1400.0
Artesia,08396500,cl,1962-11-01,1720.0
Artesia,08396500,cl,1963-01-14,1920.0
Artesia,08396500,cl,1963-02-01,1660.0
Artesia,08396500,cl,1963-03-01,2080.0
Artesia,08396500,cl,1963-03-14,185.0
Artesia,08396500,cl,1963-03-29,955.0
Artesia,08396500,cl,1963-04-03,1820.0
Artesia,08396500,cl,1963-04-25,2560.0
Artesia,08396500,cl,1963-05-16,2150.0
Artesia,08396500,cl,1963-05-23,3850.0
Artesia,08396500,cl,1963-05-25,1980.0
Artesia,08396500,cl,1963-05-30,2510.0
Artesia,08396500,cl,1963-06-02,220.0
Artesia,08396500,cl,1963-06-04,290.0
Artesia,08396500,cl,1963-06-14,1010.0
Artesia,08396500,cl,1963-06-20,305.0
Artesia,08396500,cl,1963-06-28,975.0
Artesia,08396500,cl,1963-07-01,1580.0
Artesia,08396500,cl,1963-07-14,372.0
Artesia,08396500,cl,1963-08-01,142.0
Artesia,08396500,cl,1963-08-21,450.0
Artesia,08396500,cl,1963-08-31,1250.0
Artesia,08396500,cl,1963-09-03,185.0
Artesia,08396500,cl,1963-09-13,915.0
Artesia,08396500,cl,1963-09-17,1670.0
Artesia,08396500,cl,1963-09-25,1940.0
Artesia,08396500,cl,1963-10-06,3630.0
Artesia,08396500,cl,1963-10-24,1920.0
Artesia,08396500,cl,1963-11-14,1780.0
Artesia,08396500,cl,1964-02-01,1930.0
Artesia,08396500,cl,1964-03-15,2110.0
Artesia,08396500,cl,1964-04-01,2700.0
Artesia,08396500,cl,1964-04-11,270.0
Artesia,08396500,cl,1964-04-26,703.0
Artesia,08396500,cl,1964-05-04,1520.0
Artesia,08396500,cl,1964-05-22,2530.0
Artesia,08396500,cl,1964-06-08,3550.0
Artesia,08396500,cl,1964-06-17,332.0
Artesia,08396500,cl,1964-06-19,760.0
Artesia,08396500,cl,1964-07-02,392.0
Artesia,08396500,cl,1964-07-16,610.0
Artesia,08396500,cl,1964-07-25,1560.0
Artesia,08396500,cl,1964-09-24,4940.0
Artesia,08396500,cl,1964-10-01,1080.0
Artesia,08396500,cl,1964-10-14,2010.0
Artesia,08396500,cl,1964-10-16,1320.0
Artesia,08396500,cl,1964-10-21,3930.0
Artesia,08396500,cl,1964-10-30,3640.0
Artesia,08396500,cl,1964-11-19,545.0
Artesia,08396500,cl,1964-11-27,1240.0
Artesia,08396500,cl,1965-01-01,2100.0
Artesia,08396500,cl,1965-03-20,280.0
Artesia,08396500,cl,1965-04-06,560.0
Artesia,08396500,cl,1965-04-21,2440.0
Artesia,08396500,cl,1965-05-15,980.0
Artesia,08396500,cl,1965-05-24,1340.0
Artesia,08396500,cl,1965-05-27,290.0
Artesia,08396500,cl,1965-06-04,1210.0
Artesia,08396500,cl,1965-06-16,1430.0
Artesia,08396500,cl,1965-06-24,6450.0
Artesia,08396500,cl,1965-06-28,102.0
Artesia,08396500,cl,1965-07-06,111.0
Artesia,08396500,cl,1965-07-19,725.0
Artesia,08396500,cl,1965-07-29,37.0
Artesia,08396500,cl,1965-08-01,275.0
Artesia,08396500,cl,1965-08-16,1330.0
Artesia,08396500,cl,1965-08-24,1120.0
Artesia,08396500,cl,1965-09-11,595.0
Artesia,08396500,cl,1966-10-08,2430.0
Artesia,08396500,cl,1966-11-18,2000.0
Artesia,08396500,cl,1967-01-01,2160.0
Artesia,08396500,cl,1967-02-12,2100.0
Artesia,08396500,cl,1967-03-25,3140.0
Artesia,08396500,cl,1967-04-01,3570.0
Artesia,08396500,cl,1967-05-01,3970.0
Artesia,08396500,cl,1967-05-06,206.0
Artesia,08396500,cl,1967-06-08,530.0
Artesia,08396500,cl,1967-06-20,678.0
Artesia,08396500,cl,1967-07-01,2120.0
Artesia,08396500,cl,1967-07-12,1450.0
Artesia,08396500,cl,1967-07-25,3260.0
Artesia,08396500,cl,1967-08-11,120.0
Artesia,08396500,cl,1967-08-28,645.0
Artesia,08396500,cl,1967-09-09,1800.0
Artesia,08396500,cl,1967-09-23,2810.0
Artesia,08396500,cl,1967-10-04,2280.0
Artesia,08396500,cl,1967-11-02,2560.0
Artesia,08396500,cl,1967-11-08,1500.0
Artesia,08396500,cl,1968-01-01,1860.0
Artesia,08396500,cl,1968-02-01,2450.0
Artesia,08396500,cl,1968-02-16,2060.0
Artesia,08396500,cl,1968-03-05,2150.0
Artesia,08396500,cl,1968-04-07,510.0
Artesia,08396500,cl,1968-04-16,1220.0
Artesia,08396500,cl,1968-05-01,2180.0
Artesia,08396500,cl,1968-05-22,2740.0
Artesia,08396500,cl,1968-09-24,2730.0
Artesia,08396500,cl,1968-10-13,3600.0
Artesia,08396500,cl,1968-10-24,2200.0
Artesia,08396500,cl,1968-12-01,2150.0
Artesia,08396500,cl,1969-01-07,2200.0
Artesia,08396500,cl,1969-02-04,2400.0
Artesia,08396500,cl,1969-03-01,2500.0
Artesia,08396500,cl,1969-03-18,390.0
Artesia,08396500,cl,1969-04-02,184.0
Artesia,08396500,cl,1969-04-11,310.0
Artesia,08396500,cl,1969-04-27,1550.0
Artesia,08396500,cl,1969-05-09,1500.0
Artesia,08396500,cl,1969-05-20,2900.0
Artesia,08396500,cl,1969-06-01,3950.0
Artesia,08396500,cl,1969-06-11,375.0
Artesia,08396500,cl,1969-06-19,100.0
Artesia,08396500,cl,1969-07-01,100.0
Artesia,08396500,cl,1969-07-20,880.0
Artesia,08396500,cl,1969-08-01,3340.0
Artesia,08396500,cl,1969-08-09,138.0
Artesia,08396500,cl,1969-08-24,198.0
Artesia,08396500,cl,1969-09-01,130.0
Artesia,08396500,cl,1969-09-03,162.0
Artesia,08396500,cl,1969-09-12,118.0
Artesia,08396500,cl,1969-09-22,294.0
Artesia,08396500,cl,1969-10-04,1320.0
Artesia,08396500,cl,1969-10-24,242.0
Artesia,08396500,cl,1969-10-28,388.0
Artesia,08396500,cl,1969-11-09,1290.0
Artesia,08396500,cl,1969-12-02,1680.0
Artesia,08396500,cl,1969-12-17,1480.0
Artesia,08396500,cl,1969-12-26,1680.0
Artesia,08396500,cl,1970-01-08,1980.0
Artesia,08396500,cl,1970-02-01,2120.0
Artesia,08396500,cl,1970-03-01,2360.0
Artesia,08396500,cl,1970-04-01,2940.0
Artesia,08396500,cl,1970-04-23,1040.0
Artesia,08396500,cl,1970-05-01,3300.0
Artesia,08396500,cl,1970-06-01,148.0
Artesia,08396500,cl,1970-06-16,370.0
Artesia,08396500,cl,1970-06-28,410.0
Artesia,08396500,cl,1970-07-02,382.0
Artesia,08396500,cl,1970-07-09,2300.0
Artesia,08396500,cl,1970-07-23,236.0
Artesia,08396500,cl,1970-07-27,148.0
Artesia,08396500,cl,1970-08-11,112.0
Artesia,08396500,cl,1970-08-21,470.0
Artesia,08396500,cl,1970-09-01,1990.0
Artesia,08396500,cl,1970-09-07,3000.0
Artesia,08396500,cl,1970-09-17,295.0
Artesia,08396500,cl,1970-09-18,132.0
Artesia,08396500,cl,1970-09-18,140.0
Artesia,08396500,cl,1970-09-18,148.0
Artesia,08396500,cl,1970-09-19,198.0
Artesia,08396500,cl,1970-09-19,192.0
Artesia,08396500,cl,1970-09-25,640.0
Artesia,08396500,cl,1970-10-08,1260.0
Artesia,08396500,cl,1970-11-12,1790.0
Artesia,08396500,cl,1970-12-07,1900.0
Artesia,08396500,cl,1971-01-18,1900.0
Artesia,08396500,cl,1971-02-01,2500.0
Artesia,08396500,cl,1971-03-02,2500.0
Artesia,08396500,cl,1971-04-01,5600.0
Artesia,08396500,cl,1971-04-14,610.0
Artesia,08396500,cl,1971-05-03,640.0
Artesia,08396500,cl,1971-05-23,380.0
Artesia,08396500,cl,1971-06-06,3200.0
Artesia,08396500,cl,1971-06-21,2000.0
Artesia,08396500,cl,1971-07-06,5000.0
Artesia,08396500,cl,1971-08-02,190.0
Artesia,08396500,cl,1971-08-26,200.0
Artesia,08396500,cl,1971-09-08,1700.0
Artesia,08396500,cl,1971-09-28,820.0
Artesia,08396500,cl,1971-10-04,1100.0
Artesia,08396500,cl,1971-11-01,990.0
Artesia,08396500,cl,1971-12-01,2100.0
Artesia,08396500,cl,1972-01-01,2200.0
Artesia,08396500,cl,1972-02-07,2400.0
Artesia,08396500,cl,1972-03-14,4500.0
Artesia,08396500,cl,1972-03-30,220.0
Artesia,08396500,cl,1972-04-03,170.0
Artesia,08396500,cl,1972-04-24,440.0
Artesia,08396500,cl,1972-05-01,1700.0
Artesia,08396500,cl,1972-05-10,1500.0
Artesia,08396500,cl,1972-05-25,4300.0
Artesia,08396500,cl,1972-06-17,1800.0
Artesia,08396500,cl,1972-06-23,2100.0
Artesia,08396500,cl,1972-07-05,250.0
Artesia,08396500,cl,1972-07-17,170.0
Artesia,08396500,cl,1972-08-01,84.0
Artesia,08396500,cl,1972-08-10,730.0
Artesia,08396500,cl,1972-08-27,110.0
Artesia,08396500,cl,1972-09-10,100.0
Artesia,08396500,cl,1972-09-13,250.0
Artesia,08396500,cl,1972-09-22,950.0
Artesia,08396500,cl,1972-10-03,1700.0
Artesia,08396500,cl,1972-10-28,970.0
Artesia,08396500,cl,1972-11-07,1700.0
Artesia,08396500,cl,1972-12-04,1900.0
Artesia,08396500,cl,1973-01-01,1800.0
Artesia,08396500,cl,1973-02-05,2300.0
Artesia,08396500,cl,1973-03-01,2200.0
Artesia,08396500,cl,1973-04-01,3600.0
Artesia,08396500,cl,1973-04-20,190.0
Artesia,08396500,cl,1973-05-07,120.0
Artesia,08396500,cl,1973-06-04,160.0
Artesia,08396500,cl,1973-06-27,280.0
Artesia,08396500,cl,1973-07-05,1800.0
Artesia,08396500,cl,1973-07-11,1200.0
Artesia,08396500,cl,1973-07-22,650.0
Artesia,08396500,cl,1973-08-01,140.0
Artesia,08396500,cl,1973-08-13,860.0
Artesia,08396500,cl,1973-09-01,4800.0
Artesia,08396500,cl,1973-09-18,1000.0
Artesia,08396500,cl,1973-10-05,180.0
Artesia,08396500,cl,1973-10-17,260.0
Artesia,08396500,cl,1973-12-01,1700.0
Artesia,08396500,cl,1974-01-16,1500.0
Artesia,08396500,cl,1974-02-12,2100.0
Artesia,08396500,cl,1974-03-12,2700.0
Artesia,08396500,cl,1974-04-06,590.0
Artesia,08396500,cl,1974-04-20,2400.0
Artesia,08396500,cl,1974-05-14,400.0
Artesia,08396500,cl,1974-06-01,350.0
Artesia,08396500,cl,1974-06-19,3800.0
Artesia,08396500,cl,1974-07-15,460.0
Artesia,08396500,cl,1974-07-20,1400.0
Artesia,08396500,cl,1974-08-13,1200.0
Artesia,08396500,cl,1974-09-11,2300.0
Artesia,08396500,cl,1974-09-22,93.0
Artesia,08396500,cl,1974-10-01,2200.0
Artesia,08396500,cl,1974-10-23,260.0
Artesia,08396500,cl,1974-11-09,2200.0
Artesia,08396500,cl,1975-01-01,2200.0
Artesia,08396500,cl,1975-02-07,1900.0
Artesia,08396500,cl,1975-03-23,4400.0
Artesia,08396500,cl,1975-04-12,3000.0
Artesia,08396500,cl,1975-05-05,5300.0
Artesia,08396500,cl,1975-06-11,230.0
Artesia,08396500,cl,1975-07-07,340.0
Artesia,08396500,cl,1975-07-16,800.0
Artesia,08396500,cl,1975-07-29,720.0
Artesia,08396500,cl,1975-08-10,2200.0
Artesia,08396500,cl,1975-08-19,4400.0
Artesia,08396500,cl,1975-09-17,1500.0
Artesia,08396500,cl,1975-09-28,1500.0
Artesia,08396500,cl,1975-10-12,3600.0
Artesia,08396500,cl,1975-10-30,3000.0
Artesia,08396500,cl,1975-12-01,2400.0
Artesia,08396500,cl,1976-01-08,2400.0
Artesia,08396500,cl,1976-02-04,2700.0
Artesia,08396500,cl,1976-03-01,3900.0
Artesia,08396500,cl,1976-04-01,510.0
Artesia,08396500,cl,1976-04-12,1400.0
Artesia,08396500,cl,1976-04-24,3300.0
Artesia,08396500,cl,1976-05-07,940.0
Artesia,08396500,cl,1976-05-19,4200.0
Artesia,08396500,cl,1976-06-01,6500.0
Artesia,08396500,cl,1976-06-21,4400.0
Artesia,08396500,cl,1976-07-16,370.0
Artesia,08396500,cl,1976-07-26,400.0
Artesia,08396500,cl,1976-08-20,370.0
Artesia,08396500,cl,1976-08-30,1700.0
Artesia,08396500,cl,1976-09-12,550.0
Artesia,08396500,cl,1976-09-20,1700.0
Artesia,08396500,cl,1976-10-01,1500.0
Artesia,08396500,cl,1976-11-01,1200.0
Artesia,08396500,cl,1976-11-24,2000.0
Artesia,08396500,cl,1976-12-16,2100.0
Artesia,08396500,cl,1977-01-20,2400.0
Artesia,08396500,cl,1977-02-23,3100.0
Artesia,08396500,cl,1977-03-20,270.0
Artesia,08396500,cl,1977-05-01,2400.0
Artesia,08396500,cl,1977-05-22,1700.0
Artesia,08396500,cl,1977-06-13,6800.0
Artesia,08396500,cl,1977-07-01,3500.0
Artesia,08396500,cl,1977-07-28,240.0
Artesia,08396500,cl,1977-08-12,1300.0
Artesia,08396500,cl,1977-08-25,290.0
Artesia,08396500,cl,1977-09-02,310.0
Artesia,08396500,cl,1977-09-19,1500.0
Artesia,08396500,cl,1977-12-07,2300.0
Artesia,08396500,cl,1978-02-08,2300.0
Artesia,08396500,cl,1978-04-04,170.0
Artesia,08396500,cl,1978-05-03,1700.0
Artesia,08396500,cl,1978-07-20,2100.0
Artesia,08396500,cl,1978-09-29,2500.0
Artesia,08396500,cl,1978-12-13,1500.0
Artesia,08396500,cl,1979-02-21,1500.0
Artesia,08396500,cl,1979-03-23,3100.0
Artesia,08396500,cl,1979-05-15,3700.0
Artesia,08396500,cl,1979-08-10,1700.0
Artesia,08396500,cl,1979-11-09,770.0
Artesia,08396500,cl,1980-01-18,2100.0
Artesia,08396500,cl,1980-04-30,150.0
Artesia,08396500,cl,1980-07-22,74.0
Artesia,08396500,cl,1980-09-29,650.0
Artesia,08396500,cl,1981-03-19,3800.0
Artesia,08396500,cl,1981-09-16,1300.0
Artesia,08396500,cl,1982-04-26,190.0
Artesia,08396500,cl,1982-11-17,1900.0
Artesia,08396500,cl,1983-06-29,2600.0
Artesia,08396500,cl,1984-04-30,870.0
Artesia,08396500,cl,1984-07-02,1800.0
Artesia,08396500,cl,1984-12-28,640.0
Artesia,08396500,cl,1985-07-02,380.0
Artesia,08396500,cl,1986-01-06,1900.0
Artesia,08396500,cl,1986-05-06,290.0
Artesia,08396500,cl,1987-03-02,490.0
Artesia,08396500,cl,1987-11-02,300.0
Artesia,08396500,cl,1988-05-03,3100.0
Artesia,08396500,cl,1989-03-02,1800.0
Artesia,08396500,cl,1989-11-01,1300.0
Artesia,08396500,cl,1990-09-04,1500.0
Artesia,08396500,cl,1991-03-01,2300.0
Artesia,08396500,cl,1991-11-08,1400.0
Artesia,08396500,cl,1992-11-09,930.0
Artesia,08396500,cl,1993-04-07,1800.0
Artesia,08396500,cl,1993-12-22,2000.0
Artesia,08396500,cl,1994-09-16,740.0
Artesia,08396500,cl,1995-03-31,1800.0
Artesia,08396500,cl,1995-12-08,2000.0
Artesia,08396500,cl,1996-09-09,1100.0
Artesia,08396500,cl,1997-12-12,1740.0
Artesia,08396500,cl,1998-04-28,1750.0
Artesia,08396500,cl,1999-06-10,2050.0
Artesia,08396500,cl,1999-12-14,1690.0
Artesia,08396500,cl,2000-08-22,81.7
Artesia,08396500,cl,2001-03-06,2010.0
Artesia,08396500,cl,2001-11-27,1570.0
Artesia,08396500,cl,2002-08-29,1040.0
Artesia,08396500,cl,2003-04-10,2560.0
Artesia,08396500,cl,2004-01-15,1670.0
Artesia,08396500,cl,2004-07-30,512.0
Artesia,08396500,cl,2006-06-01,3210.0
Artesia,08396500,cl,2007-03-22,1220.0
Artesia,08396500,cl,2009-03-26,206.0
Artesia,08396500,cl,2010-09-02,1460.0
Artesia,08396500,cl,2015-02-24,2060.0
Artesia,08396500,so4,1959-10-01,2790.0
Artesia,08396500,so4,1959-10-06,2270.0
Artesia,08396500,so4,1959-11-01,1900.0
Artesia,08396500,so4,1959-11-11,1760.0
Artesia,08396500,so4,1959-12-21,1600.0
Artesia,08396500,so4,1960-02-18,2000.0
Artesia,08396500,so4,1960-03-23,1180.0
Artesia,08396500,so4,1960-04-06,1410.0
Artesia,08396500,so4,1960-04-15,2000.0
Artesia,08396500,so4,1960-05-16,1500.0
Artesia,08396500,so4,1960-06-01,1030.0
Artesia,08396500,so4,1960-06-15,774.0
Artesia,08396500,so4,1960-06-26,2040.0
Artesia,08396500,so4,1960-07-06,294.0
Artesia,08396500,so4,1960-07-18,1550.0
Artesia,08396500,so4,1960-08-07,2030.0
Artesia,08396500,so4,1960-08-13,1110.0
Artesia,08396500,so4,1960-08-20,1400.0
Artesia,08396500,so4,1960-09-01,2330.0
Artesia,08396500,so4,1960-10-17,1070.0
Artesia,08396500,so4,1960-10-24,1070.0
Artesia,08396500,so4,1960-11-01,1520.0
Artesia,08396500,so4,1960-12-19,1570.0
Artesia,08396500,so4,1961-01-01,1520.0
Artesia,08396500,so4,1961-01-21,1580.0
Artesia,08396500,so4,1961-03-01,1610.0
Artesia,08396500,so4,1961-04-01,1900.0
Artesia,08396500,so4,1961-04-27,1680.0
Artesia,08396500,so4,1961-05-25,1990.0
Artesia,08396500,so4,1961-06-02,1870.0
Artesia,08396500,so4,1961-06-12,1600.0
Artesia,08396500,so4,1961-06-19,1190.0
Artesia,08396500,so4,1961-06-26,1700.0
Artesia,08396500,so4,1961-07-13,2340.0
Artesia,08396500,so4,1961-07-16,1090.0
Artesia,08396500,so4,1961-08-18,856.0
Artesia,08396500,so4,1961-08-29,1810.0
Artesia,08396500,so4,1961-09-10,2010.0
Artesia,08396500,so4,1961-09-21,1360.0
Artesia,08396500,so4,1961-09-24,1780.0
Artesia,08396500,so4,1961-10-11,1990.0
Artesia,08396500,so4,1961-11-01,803.0
Artesia,08396500,so4,1961-11-08,1240.0
Artesia,08396500,so4,1961-12-01,1590.0
Artesia,08396500,so4,1962-01-14,1840.0
Artesia,08396500,so4,1962-02-01,1830.0
Artesia,08396500,so4,1962-03-11,1950.0
Artesia,08396500,so4,1962-04-01,1590.0
Artesia,08396500,so4,1962-04-12,2060.0
Artesia,08396500,so4,1962-05-11,2470.0
Artesia,08396500,so4,1962-05-30,1370.0
Artesia,08396500,so4,1962-06-20,1070.0
Artesia,08396500,so4,1962-06-26,1710.0
Artesia,08396500,so4,1962-07-02,2200.0
Artesia,08396500,so4,1962-07-10,660.0
Artesia,08396500,so4,1962-07-18,992.0
Artesia,08396500,so4,1962-07-24,1810.0
Artesia,08396500,so4,1962-07-30,618.0
Artesia,08396500,so4,1962-08-01,135.0
Artesia,08396500,so4,1962-08-06,900.0
Artesia,08396500,so4,1962-08-21,1930.0
Artesia,08396500,so4,1962-08-31,1340.0
Artesia,08396500,so4,1962-09-15,1440.0
Artesia,08396500,so4,1962-09-27,1620.0
Artesia,08396500,so4,1962-10-01,1280.0
Artesia,08396500,so4,1962-10-12,1820.0
Artesia,08396500,so4,1962-12-01,1840.0
Artesia,08396500,so4,1963-01-14,1980.0
Artesia,08396500,so4,1963-02-01,1900.0
Artesia,08396500,so4,1963-03-11,1680.0
Artesia,08396500,so4,1963-03-14,1310.0
Artesia,08396500,so4,1963-03-29,1750.0
Artesia,08396500,so4,1963-04-12,2350.0
Artesia,08396500,so4,1963-04-25,2500.0
Artesia,08396500,so4,1963-05-16,1690.0
Artesia,08396500,so4,1963-05-23,2770.0
Artesia,08396500,so4,1963-05-27,2580.0
Artesia,08396500,so4,1963-05-30,1700.0
Artesia,08396500,so4,1963-06-02,504.0
Artesia,08396500,so4,1963-06-08,1130.0
Artesia,08396500,so4,1963-06-14,1510.0
Artesia,08396500,so4,1963-06-20,876.0
Artesia,08396500,so4,1963-06-28,1570.0
Artesia,08396500,so4,1963-07-01,1890.0
Artesia,08396500,so4,1963-07-14,1490.0
Artesia,08396500,so4,1963-08-01,1260.0
Artesia,08396500,so4,1963-08-21,1470.0
Artesia,08396500,so4,1963-08-31,1580.0
Artesia,08396500,so4,1963-09-03,828.0
Artesia,08396500,so4,1963-09-11,1020.0
Artesia,08396500,so4,1963-09-17,1920.0
Artesia,08396500,so4,1963-09-25,2250.0
Artesia,08396500,so4,1963-10-01,2420.0
Artesia,08396500,so4,1963-10-24,2060.0
Artesia,08396500,so4,1963-11-14,1900.0
Artesia,08396500,so4,1964-02-01,1960.0
Artesia,08396500,so4,1964-03-09,2250.0
Artesia,08396500,so4,1964-04-01,2600.0
Artesia,08396500,so4,1964-04-11,1450.0
Artesia,08396500,so4,1964-04-23,1520.0
Artesia,08396500,so4,1964-05-04,2240.0
Artesia,08396500,so4,1964-05-22,2570.0
Artesia,08396500,so4,1964-06-03,2680.0
Artesia,08396500,so4,1964-06-14,660.0
Artesia,08396500,so4,1964-06-19,1410.0
Artesia,08396500,so4,1964-07-01,2060.0
Artesia,08396500,so4,1964-07-13,1830.0
Artesia,08396500,so4,1964-07-25,2500.0
Artesia,08396500,so4,1964-08-08,2940.0
Artesia,08396500,so4,1964-09-30,1360.0
Artesia,08396500,so4,1964-10-06,2130.0
Artesia,08396500,so4,1964-10-15,1520.0
Artesia,08396500,so4,1964-10-20,2480.0
Artesia,08396500,so4,1964-10-27,2740.0
Artesia,08396500,so4,1964-11-19,1590.0
Artesia,08396500,so4,1964-11-24,1140.0
Artesia,08396500,so4,1964-12-04,1920.0
Artesia,08396500,so4,1965-03-01,2230.0
Artesia,08396500,so4,1965-04-01,1730.0
Artesia,08396500,so4,1965-04-16,2340.0
Artesia,08396500,so4,1965-05-12,2540.0
Artesia,08396500,so4,1965-05-16,158.0
Artesia,08396500,so4,1965-05-26,1620.0
Artesia,08396500,so4,1965-06-01,1260.0
Artesia,08396500,so4,1965-06-06,2050.0
Artesia,08396500,so4,1965-06-21,1710.0
Artesia,08396500,so4,1965-06-26,1020.0
Artesia,08396500,so4,1965-07-01,750.0
Artesia,08396500,so4,1965-07-15,825.0
Artesia,08396500,so4,1965-07-22,1460.0
Artesia,08396500,so4,1965-07-30,354.0
Artesia,08396500,so4,1965-08-07,874.0
Artesia,08396500,so4,1965-08-23,2320.0
Artesia,08396500,so4,1965-09-01,1320.0
Artesia,08396500,so4,1965-09-30,1670.0
Artesia,08396500,so4,1966-11-01,1970.0
Artesia,08396500,so4,1966-12-01,2090.0
Artesia,08396500,so4,1967-02-01,1920.0
Artesia,08396500,so4,1967-03-01,2400.0
Artesia,08396500,so4,1967-03-29,3070.0
Artesia,08396500,so4,1967-04-08,3100.0
Artesia,08396500,so4,1967-05-03,3750.0
Artesia,08396500,so4,1967-05-09,1240.0
Artesia,08396500,so4,1967-06-08,1140.0
Artesia,08396500,so4,1967-06-24,1760.0
Artesia,08396500,so4,1967-07-05,1360.0
Artesia,08396500,so4,1967-07-12,1680.0
Artesia,08396500,so4,1967-08-01,2940.0
Artesia,08396500,so4,1967-08-21,764.0
Artesia,08396500,so4,1967-08-28,1220.0
Artesia,08396500,so4,1967-09-09,1930.0
Artesia,08396500,so4,1967-09-25,1540.0
Artesia,08396500,so4,1967-10-09,2380.0
Artesia,08396500,so4,1967-11-02,2180.0
Artesia,08396500,so4,1967-11-17,1980.0
Artesia,08396500,so4,1968-01-23,1560.0
Artesia,08396500,so4,1968-02-01,1980.0
Artesia,08396500,so4,1968-02-16,1860.0
Artesia,08396500,so4,1968-03-20,1080.0
Artesia,08396500,so4,1968-04-07,1240.0
Artesia,08396500,so4,1968-04-16,1840.0
Artesia,08396500,so4,1968-05-11,1400.0
Artesia,08396500,so4,1968-05-22,2390.0
Artesia,08396500,so4,1968-09-24,2260.0
Artesia,08396500,so4,1968-10-13,2760.0
Artesia,08396500,so4,1968-10-24,2190.0
Artesia,08396500,so4,1968-12-01,1960.0
Artesia,08396500,so4,1969-01-07,2000.0
Artesia,08396500,so4,1969-02-04,2010.0
Artesia,08396500,so4,1969-03-01,2230.0
Artesia,08396500,so4,1969-03-18,1280.0
Artesia,08396500,so4,1969-04-03,1120.0
Artesia,08396500,so4,1969-04-15,1360.0
Artesia,08396500,so4,1969-05-01,2170.0
Artesia,08396500,so4,1969-05-11,1430.0
Artesia,08396500,so4,1969-05-20,2390.0
Artesia,08396500,so4,1969-06-04,2950.0
Artesia,08396500,so4,1969-06-14,985.0
Artesia,08396500,so4,1969-06-19,790.0
Artesia,08396500,so4,1969-07-12,760.0
Artesia,08396500,so4,1969-07-23,1640.0
Artesia,08396500,so4,1969-08-01,2360.0
Artesia,08396500,so4,1969-08-09,892.0
Artesia,08396500,so4,1969-08-26,1010.0
Artesia,08396500,so4,1969-09-01,298.0
Artesia,08396500,so4,1969-09-03,612.0
Artesia,08396500,so4,1969-09-13,876.0
Artesia,08396500,so4,1969-09-22,820.0
Artesia,08396500,so4,1969-10-04,1650.0
Artesia,08396500,so4,1969-10-24,696.0
Artesia,08396500,so4,1969-11-01,1230.0
Artesia,08396500,so4,1969-11-09,1610.0
Artesia,08396500,so4,1969-12-02,1630.0
Artesia,08396500,so4,1969-12-18,1670.0
Artesia,08396500,so4,1969-12-26,1390.0
Artesia,08396500,so4,1970-01-08,1730.0
Artesia,08396500,so4,1970-02-01,1920.0
Artesia,08396500,so4,1970-03-01,2040.0
Artesia,08396500,so4,1970-04-01,2330.0
Artesia,08396500,so4,1970-04-23,1400.0
Artesia,08396500,so4,1970-05-01,2560.0
Artesia,08396500,so4,1970-06-01,1030.0
Artesia,08396500,so4,1970-06-16,1190.0
Artesia,08396500,so4,1970-06-25,1710.0
Artesia,08396500,so4,1970-07-02,1040.0
Artesia,08396500,so4,1970-07-09,1910.0
Artesia,08396500,so4,1970-07-22,2190.0
Artesia,08396500,so4,1970-07-27,1040.0
Artesia,08396500,so4,1970-08-11,856.0
Artesia,08396500,so4,1970-08-21,1040.0
Artesia,08396500,so4,1970-08-27,1530.0
Artesia,08396500,so4,1970-09-07,2240.0
Artesia,08396500,so4,1970-09-18,695.0
Artesia,08396500,so4,1970-09-19,742.0
Artesia,08396500,so4,1970-10-01,1580.0
Artesia,08396500,so4,1970-10-19,1560.0
Artesia,08396500,so4,1970-11-12,1900.0
Artesia,08396500,so4,1971-01-01,1800.0
Artesia,08396500,so4,1971-01-28,2000.0
Artesia,08396500,so4,1971-02-01,2300.0
Artesia,08396500,so4,1971-03-02,1800.0
Artesia,08396500,so4,1971-04-05,3100.0
Artesia,08396500,so4,1971-04-14,1600.0
Artesia,08396500,so4,1971-05-03,1600.0
Artesia,08396500,so4,1971-05-26,2000.0
Artesia,08396500,so4,1971-06-06,2700.0
Artesia,08396500,so4,1971-06-21,1600.0
Artesia,08396500,so4,1971-07-06,3000.0
Artesia,08396500,so4,1971-08-06,950.0
Artesia,08396500,so4,1971-08-20,760.0
Artesia,08396500,so4,1971-09-07,1600.0
Artesia,08396500,so4,1971-09-23,1400.0
Artesia,08396500,so4,1971-10-01,1500.0
Artesia,08396500,so4,1971-10-26,1600.0
Artesia,08396500,so4,1971-11-09,1900.0
Artesia,08396500,so4,1971-12-06,1700.0
Artesia,08396500,so4,1972-02-01,2200.0
Artesia,08396500,so4,1972-03-06,2400.0
Artesia,08396500,so4,1972-03-27,3100.0
Artesia,08396500,so4,1972-04-01,1400.0
Artesia,08396500,so4,1972-04-21,1500.0
Artesia,08396500,so4,1972-04-26,1700.0
Artesia,08396500,so4,1972-05-02,2000.0
Artesia,08396500,so4,1972-05-18,2200.0
Artesia,08396500,so4,1972-06-01,3000.0
Artesia,08396500,so4,1972-06-18,380.0
Artesia,08396500,so4,1972-07-01,2700.0
Artesia,08396500,so4,1972-07-11,800.0
Artesia,08396500,so4,1972-07-21,680.0
Artesia,08396500,so4,1972-08-07,620.0
Artesia,08396500,so4,1972-08-25,1100.0
Artesia,08396500,so4,1972-09-01,620.0
Artesia,08396500,so4,1972-09-11,390.0
Artesia,08396500,so4,1972-09-19,1100.0
Artesia,08396500,so4,1972-09-25,1600.0
Artesia,08396500,so4,1972-10-21,1600.0
Artesia,08396500,so4,1972-11-01,1500.0
Artesia,08396500,so4,1972-11-09,1700.0
Artesia,08396500,so4,1972-12-19,2000.0
Artesia,08396500,so4,1973-01-09,1500.0
Artesia,08396500,so4,1973-02-05,2100.0
Artesia,08396500,so4,1973-03-05,1900.0
Artesia,08396500,so4,1973-04-10,2300.0
Artesia,08396500,so4,1973-04-20,970.0
Artesia,08396500,so4,1973-05-23,500.0
Artesia,08396500,so4,1973-06-05,590.0
Artesia,08396500,so4,1973-07-01,830.0
Artesia,08396500,so4,1973-07-05,1600.0
Artesia,08396500,so4,1973-07-14,1200.0
Artesia,08396500,so4,1973-07-25,580.0
Artesia,08396500,so4,1973-08-01,480.0
Artesia,08396500,so4,1973-08-13,820.0
Artesia,08396500,so4,1973-09-10,2500.0
Artesia,08396500,so4,1973-09-18,1100.0
Artesia,08396500,so4,1973-10-05,670.0
Artesia,08396500,so4,1973-11-01,1600.0
Artesia,08396500,so4,1973-12-01,1800.0
Artesia,08396500,so4,1974-01-16,1700.0
Artesia,08396500,so4,1974-02-22,2000.0
Artesia,08396500,so4,1974-03-12,2400.0
Artesia,08396500,so4,1974-04-06,1200.0
Artesia,08396500,so4,1974-04-20,2100.0
Artesia,08396500,so4,1974-05-14,1300.0
Artesia,08396500,so4,1974-06-01,1300.0
Artesia,08396500,so4,1974-06-19,2900.0
Artesia,08396500,so4,1974-07-15,1400.0
Artesia,08396500,so4,1974-07-20,1700.0
Artesia,08396500,so4,1974-08-13,1400.0
Artesia,08396500,so4,1974-09-11,1900.0
Artesia,08396500,so4,1974-09-22,130.0
Artesia,08396500,so4,1974-10-01,1700.0
Artesia,08396500,so4,1974-10-23,350.0
Artesia,08396500,so4,1974-11-01,1600.0
Artesia,08396500,so4,1975-01-01,2000.0
Artesia,08396500,so4,1975-02-07,1600.0
Artesia,08396500,so4,1975-03-01,2000.0
Artesia,08396500,so4,1975-04-12,2300.0
Artesia,08396500,so4,1975-05-05,3000.0
Artesia,08396500,so4,1975-06-08,2000.0
Artesia,08396500,so4,1975-07-01,1000.0
Artesia,08396500,so4,1975-07-16,1600.0
Artesia,08396500,so4,1975-07-24,560.0
Artesia,08396500,so4,1975-08-05,1600.0
Artesia,08396500,so4,1975-08-19,3000.0
Artesia,08396500,so4,1975-09-17,1600.0
Artesia,08396500,so4,1975-09-23,1900.0
Artesia,08396500,so4,1975-10-03,2100.0
Artesia,08396500,so4,1975-10-30,2300.0
Artesia,08396500,so4,1975-11-19,2000.0
Artesia,08396500,so4,1976-01-01,1900.0
Artesia,08396500,so4,1976-02-04,2100.0
Artesia,08396500,so4,1976-02-20,2100.0
Artesia,08396500,so4,1976-03-16,1500.0
Artesia,08396500,so4,1976-04-08,1900.0
Artesia,08396500,so4,1976-04-15,2200.0
Artesia,08396500,so4,1976-05-03,2300.0
Artesia,08396500,so4,1976-05-16,2300.0
Artesia,08396500,so4,1976-05-19,2600.0
Artesia,08396500,so4,1976-06-18,2400.0
Artesia,08396500,so4,1976-07-09,1500.0
Artesia,08396500,so4,1976-07-22,1000.0
Artesia,08396500,so4,1976-08-01,760.0
Artesia,08396500,so4,1976-08-26,1300.0
Artesia,08396500,so4,1976-09-01,1500.0
Artesia,08396500,so4,1976-09-16,1700.0
Artesia,08396500,so4,1976-09-26,1100.0
Artesia,08396500,so4,1976-10-08,1900.0
Artesia,08396500,so4,1976-11-08,1700.0
Artesia,08396500,so4,1976-12-01,1700.0
Artesia,08396500,so4,1977-01-01,1800.0
Artesia,08396500,so4,1977-02-01,2000.0
Artesia,08396500,so4,1977-03-01,2500.0
Artesia,08396500,so4,1977-04-29,1700.0
Artesia,08396500,so4,1977-05-14,780.0
Artesia,08396500,so4,1977-05-26,2400.0
Artesia,08396500,so4,1977-06-25,2400.0
Artesia,08396500,so4,1977-07-01,3400.0
Artesia,08396500,so4,1977-08-01,1300.0
Artesia,08396500,so4,1977-08-21,800.0
Artesia,08396500,so4,1977-08-29,770.0
Artesia,08396500,so4,1977-09-10,1100.0
Artesia,08396500,so4,1977-10-06,2000.0
Artesia,08396500,so4,1978-01-10,1900.0
Artesia,08396500,so4,1978-03-08,2300.0
Artesia,08396500,so4,1978-04-06,1400.0
Artesia,08396500,so4,1978-05-12,1900.0
Artesia,08396500,so4,1978-07-20,1700.0
Artesia,08396500,so4,1978-10-25,1800.0
Artesia,08396500,so4,1979-01-18,1100.0
Artesia,08396500,so4,1979-02-21,1500.0
Artesia,08396500,so4,1979-04-19,2300.0
Artesia,08396500,so4,1979-06-20,590.0
Artesia,08396500,so4,1979-08-10,1700.0
Artesia,08396500,so4,1979-11-09,1100.0
Artesia,08396500,so4,1980-02-26,1800.0
Artesia,08396500,so4,1980-04-30,970.0
Artesia,08396500,so4,1980-07-22,470.0
Artesia,08396500,so4,1980-11-19,1600.0
Artesia,08396500,so4,1981-03-19,2600.0
Artesia,08396500,so4,1981-09-16,1400.0
Artesia,08396500,so4,1982-04-26,1500.0
Artesia,08396500,so4,1983-03-02,2000.0
Artesia,08396500,so4,1983-06-29,1800.0
Artesia,08396500,so4,1984-04-30,2600.0
Artesia,08396500,so4,1984-11-01,1600.0
Artesia,08396500,so4,1985-03-11,1600.0
Artesia,08396500,so4,1985-08-28,590.0
Artesia,08396500,so4,1986-05-06,1300.0
Artesia,08396500,so4,1986-10-31,940.0
Artesia,08396500,so4,1987-08-31,590.0
Artesia,08396500,so4,1988-05-03,2600.0
Artesia,08396500,so4,1988-10-26,1400.0
Artesia,08396500,so4,1989-09-05,1200.0
Artesia,08396500,so4,1990-04-30,2500.0
Artesia,08396500,so4,1990-11-01,1800.0
Artesia,08396500,so4,1991-09-05,1700.0
Artesia,08396500,so4,1992-05-12,860.0
Artesia,08396500,so4,1992-11-09,1400.0
Artesia,08396500,so4,1993-06-08,960.0
Artesia,08396500,so4,1994-03-01,1300.0
Artesia,08396500,so4,1994-10-27,1200.0
Artesia,08396500,so4,1995-03-31,1800.0
Artesia,08396500,so4,1996-03-12,1800.0
Artesia,08396500,so4,1996-11-12,1700.0
Artesia,08396500,so4,1997-12-12,1670.0
Artesia,08396500,so4,1998-09-11,1610.0
Artesia,08396500,so4,1999-06-30,1740.0
Artesia,08396500,so4,1999-12-14,1640.0
Artesia,08396500,so4,2000-08-22,531.0
Artesia,08396500,so4,2001-06-12,1340.0
Artesia,08396500,so4,2001-11-27,1590.0
Artesia,08396500,so4,2002-08-29,1110.0
Artesia,08396500,so4,2003-06-13,2520.0
Artesia,08396500,so4,2004-01-15,1720.0
Artesia,08396500,so4,2004-07-30,1090.0
Artesia,08396500,so4,2006-06-01,2460.0
Artesia,08396500,so4,2007-03-22,1600.0
Artesia,08396500,so4,2009-03-26,1580.0
Artesia,08396500,so4,2010-09-02,1660.0
Artesia,08396500,so4,2015-02-24,1710.0
Artesia,08396500,tds,1959-10-01,11000.0
Artesia,08396500,tds,1959-10-23,8.81
Artesia,08396500,tds,1959-11-11,6.6
Artesia,08396500,tds,1960-02-01,7.55
Artesia,08396500,tds,1960-03-20,3.66
Artesia,08396500,tds,1960-04-09,3600.0
Artesia,08396500,tds,1960-05-01,9.64
Artesia,08396500,tds,1960-06-13,1.17
Artesia,08396500,tds,1960-06-20,4200.0
Artesia,08396500,tds,1960-07-06,727.0
Artesia,08396500,tds,1960-07-18,3570.0
Artesia,08396500,tds,1960-08-07,5700.0
Artesia,08396500,tds,1960-08-18,2590.0
Artesia,08396500,tds,1960-09-01,6790.0
Artesia,08396500,tds,1960-10-17,3.01
Artesia,08396500,tds,1960-10-26,3.73
Artesia,08396500,tds,1960-12-01,5.81
Artesia,08396500,tds,1960-12-24,5.1
Artesia,08396500,tds,1961-01-04,2060.0
Artesia,08396500,tds,1961-02-01,2010.0
Artesia,08396500,tds,1961-03-16,4640.0
Artesia,08396500,tds,1961-04-21,8.53
Artesia,08396500,tds,1961-05-01,1390.0
Artesia,08396500,tds,1961-06-01,6110.0
Artesia,08396500,tds,1961-06-11,5050.0
Artesia,08396500,tds,1961-06-13,6780.0
Artesia,08396500,tds,1961-06-23,2880.0
Artesia,08396500,tds,1961-07-04,212.0
Artesia,08396500,tds,1961-07-14,5.06
Artesia,08396500,tds,1961-08-13,2350.0
Artesia,08396500,tds,1961-08-26,5.33
Artesia,08396500,tds,1961-09-08,6760.0
Artesia,08396500,tds,1961-09-15,4590.0
Artesia,08396500,tds,1961-09-23,8.32
Artesia,08396500,tds,1961-10-01,9.7
Artesia,08396500,tds,1961-10-17,560.0
Artesia,08396500,tds,1961-11-05,648.0
Artesia,08396500,tds,1961-11-21,6.0
Artesia,08396500,tds,1962-01-12,1020.0
Artesia,08396500,tds,1962-01-23,6.07
Artesia,08396500,tds,1962-03-01,796.0
Artesia,08396500,tds,1962-03-29,3.88
Artesia,08396500,tds,1962-04-05,6.39
Artesia,08396500,tds,1962-05-01,7010.0
Artesia,08396500,tds,1962-05-27,11.9
Artesia,08396500,tds,1962-06-20,2120.0
Artesia,08396500,tds,1962-06-24,276.0
Artesia,08396500,tds,1962-07-01,6.96
Artesia,08396500,tds,1962-07-10,1320.0
Artesia,08396500,tds,1962-07-16,2.88
Artesia,08396500,tds,1962-07-21,4090.0
Artesia,08396500,tds,1962-07-28,2480.0
Artesia,08396500,tds,1962-08-01,0.65
Artesia,08396500,tds,1962-08-04,2.27
Artesia,08396500,tds,1962-08-14,4510.0
Artesia,08396500,tds,1962-08-31,7510.0
Artesia,08396500,tds,1962-09-11,2400.0
Artesia,08396500,tds,1962-09-22,7.34
Artesia,08396500,tds,1962-10-01,3090.0
Artesia,08396500,tds,1962-10-07,716.0
Artesia,08396500,tds,1962-11-01,5470.0
Artesia,08396500,tds,1963-01-14,980.0
Artesia,08396500,tds,1963-02-01,7.38
Artesia,08396500,tds,1963-03-01,8.72
Artesia,08396500,tds,1963-03-14,4870.0
Artesia,08396500,tds,1963-03-29,5.55
Artesia,08396500,tds,1963-04-03,8.06
Artesia,08396500,tds,1963-04-25,10.5
Artesia,08396500,tds,1963-05-16,177.0
Artesia,08396500,tds,1963-05-23,13.9
Artesia,08396500,tds,1963-05-25,132.0
Artesia,08396500,tds,1963-05-29,323.0
Artesia,08396500,tds,1963-06-01,203.0
Artesia,08396500,tds,1963-06-03,3120.0
Artesia,08396500,tds,1963-06-11,4.58
Artesia,08396500,tds,1963-06-19,3560.0
Artesia,08396500,tds,1963-06-26,3.81
Artesia,08396500,tds,1963-06-30,4580.0
Artesia,08396500,tds,1963-07-09,7930.0
Artesia,08396500,tds,1963-07-20,2.75
Artesia,08396500,tds,1963-08-18,2530.0
Artesia,08396500,tds,1963-08-26,3800.0
Artesia,08396500,tds,1963-09-02,7040.0
Artesia,08396500,tds,1963-09-11,2520.0
Artesia,08396500,tds,1963-09-17,310.0
Artesia,08396500,tds,1963-09-23,12.4
Artesia,08396500,tds,1963-10-01,11.0
Artesia,08396500,tds,1963-11-01,5410.0
Artesia,08396500,tds,1964-01-01,6130.0
Artesia,08396500,tds,1964-03-26,7740.0
Artesia,08396500,tds,1964-04-11,2620.0
Artesia,08396500,tds,1964-05-01,4650.0
Artesia,08396500,tds,1964-05-22,7790.0
Artesia,08396500,tds,1964-06-12,5.32
Artesia,08396500,tds,1964-06-19,4.47
Artesia,08396500,tds,1964-07-05,2740.0
Artesia,08396500,tds,1964-07-25,6090.0
Artesia,08396500,tds,1964-09-28,8410.0
Artesia,08396500,tds,1964-10-03,5090.0
Artesia,08396500,tds,1964-10-15,27.9
Artesia,08396500,tds,1964-10-20,7170.0
Artesia,08396500,tds,1964-10-25,10.6
Artesia,08396500,tds,1964-11-01,351.0
Artesia,08396500,tds,1964-11-24,3030.0
Artesia,08396500,tds,1964-12-04,8.02
Artesia,08396500,tds,1965-02-01,6720.0
Artesia,08396500,tds,1965-04-01,2890.0
Artesia,08396500,tds,1965-04-16,6000.0
Artesia,08396500,tds,1965-05-01,7550.0
Artesia,08396500,tds,1965-05-16,779.0
Artesia,08396500,tds,1965-05-24,6.31
Artesia,08396500,tds,1965-05-31,2760.0
Artesia,08396500,tds,1965-06-06,307.0
Artesia,08396500,tds,1965-06-21,5830.0
Artesia,08396500,tds,1965-06-25,3290.0
Artesia,08396500,tds,1965-07-01,2780.0
Artesia,08396500,tds,1965-07-15,2.3
Artesia,08396500,tds,1965-07-19,2930.0
Artesia,08396500,tds,1965-07-30,718.0
Artesia,08396500,tds,1965-08-07,2.98
Artesia,08396500,tds,1965-08-23,1630.0
Artesia,08396500,tds,1965-08-31,7.17
Artesia,08396500,tds,1965-09-30,7.43
Artesia,08396500,tds,1966-11-01,8.23
Artesia,08396500,tds,1966-11-18,671.0
Artesia,08396500,tds,1967-02-01,5910.0
Artesia,08396500,tds,1967-03-01,546.0
Artesia,08396500,tds,1967-03-29,11600.0
Artesia,08396500,tds,1967-04-08,7.25
Artesia,08396500,tds,1967-05-03,6760.0
Artesia,08396500,tds,1967-05-09,2.73
Artesia,08396500,tds,1967-06-08,2570.0
Artesia,08396500,tds,1967-06-24,4300.0
Artesia,08396500,tds,1967-07-05,1310.0
Artesia,08396500,tds,1967-07-12,6.54
Artesia,08396500,tds,1967-08-01,17.9
Artesia,08396500,tds,1967-08-21,632.0
Artesia,08396500,tds,1967-08-28,3.85
Artesia,08396500,tds,1967-09-09,150.0
Artesia,08396500,tds,1967-09-23,10.3
Artesia,08396500,tds,1967-10-04,6520.0
Artesia,08396500,tds,1967-11-02,9.91
Artesia,08396500,tds,1967-11-17,6160.0
Artesia,08396500,tds,1968-01-01,936.0
Artesia,08396500,tds,1968-02-01,6820.0
Artesia,08396500,tds,1968-03-01,1140.0
Artesia,08396500,tds,1968-03-20,2.68
Artesia,08396500,tds,1968-04-10,551.0
Artesia,08396500,tds,1968-04-21,8.6
Artesia,08396500,tds,1968-05-12,644.0
Artesia,08396500,tds,1968-07-09,4800.0
Artesia,08396500,tds,1968-09-25,8530.0
Artesia,08396500,tds,1968-10-22,7720.0
Artesia,08396500,tds,1968-10-25,510.0
Artesia,08396500,tds,1968-12-04,698.0
Artesia,08396500,tds,1969-02-01,6710.0
Artesia,08396500,tds,1969-02-13,750.0
Artesia,08396500,tds,1969-03-05,7390.0
Artesia,08396500,tds,1969-03-20,4010.0
Artesia,08396500,tds,1969-04-03,2.64
Artesia,08396500,tds,1969-04-15,4.05
Artesia,08396500,tds,1969-05-01,6540.0
Artesia,08396500,tds,1969-05-11,5.18
Artesia,08396500,tds,1969-05-28,13.4
Artesia,08396500,tds,1969-06-04,10700.0
Artesia,08396500,tds,1969-06-14,522.0
Artesia,08396500,tds,1969-07-01,1.71
Artesia,08396500,tds,1969-07-12,767.0
Artesia,08396500,tds,1969-07-23,6.46
Artesia,08396500,tds,1969-08-01,145.0
Artesia,08396500,tds,1969-08-09,1580.0
Artesia,08396500,tds,1969-08-26,1970.0
Artesia,08396500,tds,1969-09-01,1.06
Artesia,08396500,tds,1969-09-03,1590.0
Artesia,08396500,tds,1969-09-09,2.72
Artesia,08396500,tds,1969-09-19,1.7
Artesia,08396500,tds,1969-10-01,4.65
Artesia,08396500,tds,1969-10-07,6.07
Artesia,08396500,tds,1969-10-25,1110.0
Artesia,08396500,tds,1969-11-04,1480.0
Artesia,08396500,tds,1969-11-17,1180.0
Artesia,08396500,tds,1969-12-02,5610.0
Artesia,08396500,tds,1969-12-18,5280.0
Artesia,08396500,tds,1970-01-01,5910.0
Artesia,08396500,tds,1970-01-08,7.86
Artesia,08396500,tds,1970-02-01,946.0
Artesia,08396500,tds,1970-03-01,6780.0
Artesia,08396500,tds,1970-04-01,480.0
Artesia,08396500,tds,1970-04-20,1660.0
Artesia,08396500,tds,1970-05-01,543.0
Artesia,08396500,tds,1970-05-26,2.83
Artesia,08396500,tds,1970-06-02,2.69
Artesia,08396500,tds,1970-06-18,295.0
Artesia,08396500,tds,1970-07-01,5.29
Artesia,08396500,tds,1970-07-07,3500.0
Artesia,08396500,tds,1970-07-15,11500.0
Artesia,08396500,tds,1970-07-25,6270.0
Artesia,08396500,tds,1970-08-01,2.22
Artesia,08396500,tds,1970-08-12,1.94
Artesia,08396500,tds,1970-08-21,2300.0
Artesia,08396500,tds,1970-09-01,8.08
Artesia,08396500,tds,1970-09-17,5670.0
Artesia,08396500,tds,1970-09-18,1.75
Artesia,08396500,tds,1970-09-19,1.96
Artesia,08396500,tds,1970-10-05,5.44
Artesia,08396500,tds,1970-10-19,801.0
Artesia,08396500,tds,1970-11-12,646.0
Artesia,08396500,tds,1971-01-12,8.45
Artesia,08396500,tds,1971-02-01,9.21
Artesia,08396500,tds,1971-03-01,9610.0
Artesia,08396500,tds,1971-03-02,10.0
Artesia,08396500,tds,1971-04-05,13800.0
Artesia,08396500,tds,1971-04-15,3.17
Artesia,08396500,tds,1971-05-03,520.0
Artesia,08396500,tds,1971-05-26,308.0
Artesia,08396500,tds,1971-06-07,11.9
Artesia,08396500,tds,1971-06-21,7.52
Artesia,08396500,tds,1971-07-06,13000.0
Artesia,08396500,tds,1971-08-02,766.0
Artesia,08396500,tds,1971-08-20,2.03
Artesia,08396500,tds,1971-09-07,254.0
Artesia,08396500,tds,1971-09-16,11.8
Artesia,08396500,tds,1971-10-01,6.0
Artesia,08396500,tds,1971-10-15,542.0
Artesia,08396500,tds,1971-11-01,4120.0
Artesia,08396500,tds,1971-12-01,856.0
Artesia,08396500,tds,1972-01-01,8.88
Artesia,08396500,tds,1972-02-07,7180.0
Artesia,08396500,tds,1972-03-06,12.8
Artesia,08396500,tds,1972-03-27,17.5
Artesia,08396500,tds,1972-04-01,2320.0
Artesia,08396500,tds,1972-04-21,2620.0
Artesia,08396500,tds,1972-04-26,3550.0
Artesia,08396500,tds,1972-05-02,330.0
Artesia,08396500,tds,1972-05-12,6.12
Artesia,08396500,tds,1972-06-01,219.0
Artesia,08396500,tds,1972-06-17,5520.0
Artesia,08396500,tds,1972-06-23,5930.0
Artesia,08396500,tds,1972-07-10,1410.0
Artesia,08396500,tds,1972-07-17,1830.0
Artesia,08396500,tds,1972-08-01,992.0
Artesia,08396500,tds,1972-08-10,2810.0
Artesia,08396500,tds,1972-08-27,4480.0
Artesia,08396500,tds,1972-09-10,795.0
Artesia,08396500,tds,1972-09-12,0.87
Artesia,08396500,tds,1972-09-22,1370.0
Artesia,08396500,tds,1972-10-03,5520.0
Artesia,08396500,tds,1972-10-24,3.75
Artesia,08396500,tds,1972-11-07,5220.0
Artesia,08396500,tds,1972-12-01,1070.0
Artesia,08396500,tds,1972-12-19,6290.0
Artesia,08396500,tds,1973-01-09,6.5
Artesia,08396500,tds,1973-02-05,970.0
Artesia,08396500,tds,1973-03-05,989.0
Artesia,08396500,tds,1973-04-01,705.0
Artesia,08396500,tds,1973-04-20,2.42
Artesia,08396500,tds,1973-05-07,1430.0
Artesia,08396500,tds,1973-06-04,1.7
Artesia,08396500,tds,1973-06-13,1.48
Artesia,08396500,tds,1973-07-03,3.96
Artesia,08396500,tds,1973-07-09,5190.0
Artesia,08396500,tds,1973-07-18,6.04
Artesia,08396500,tds,1973-07-28,987.0
Artesia,08396500,tds,1973-08-05,712.0
Artesia,08396500,tds,1973-08-18,146.0
Artesia,08396500,tds,1973-09-10,15.6
Artesia,08396500,tds,1973-09-21,307.0
Artesia,08396500,tds,1973-10-17,1460.0
Artesia,08396500,tds,1973-11-01,640.0
Artesia,08396500,tds,1973-12-01,7.3
Artesia,08396500,tds,1974-01-16,4950.0
Artesia,08396500,tds,1974-02-12,6300.0
Artesia,08396500,tds,1974-03-01,538.0
Artesia,08396500,tds,1974-04-01,1590.0
Artesia,08396500,tds,1974-04-17,5110.0
Artesia,08396500,tds,1974-05-01,360.0
Artesia,08396500,tds,1974-05-14,4.18
Artesia,08396500,tds,1974-06-05,85.1
Artesia,08396500,tds,1974-06-19,14.1
Artesia,08396500,tds,1974-07-15,212.0
Artesia,08396500,tds,1974-07-20,6.49
Artesia,08396500,tds,1974-08-13,192.0
Artesia,08396500,tds,1974-09-11,388.0
Artesia,08396500,tds,1974-09-26,2.45
Artesia,08396500,tds,1974-10-01,8.83
Artesia,08396500,tds,1974-10-23,4140.0
Artesia,08396500,tds,1974-11-01,2450.0
Artesia,08396500,tds,1975-01-01,1670.0
Artesia,08396500,tds,1975-02-07,7.36
Artesia,08396500,tds,1975-03-23,693.0
Artesia,08396500,tds,1975-04-12,8160.0
Artesia,08396500,tds,1975-05-05,510.0
Artesia,08396500,tds,1975-06-08,5650.0
Artesia,08396500,tds,1975-07-01,3730.0
Artesia,08396500,tds,1975-07-16,3600.0
Artesia,08396500,tds,1975-07-24,1490.0
Artesia,08396500,tds,1975-08-05,499.0
Artesia,08396500,tds,1975-08-19,275.0
Artesia,08396500,tds,1975-09-01,374.0
Artesia,08396500,tds,1975-09-19,5.56
Artesia,08396500,tds,1975-10-01,6.73
Artesia,08396500,tds,1975-10-21,10.8
Artesia,08396500,tds,1975-11-01,655.0
Artesia,08396500,tds,1975-12-17,9.86
Artesia,08396500,tds,1976-01-08,9.4
Artesia,08396500,tds,1976-02-04,10.3
Artesia,08396500,tds,1976-03-01,1040.0
Artesia,08396500,tds,1976-03-16,4610.0
Artesia,08396500,tds,1976-04-08,6.41
Artesia,08396500,tds,1976-04-15,6030.0
Artesia,08396500,tds,1976-05-03,9.49
Artesia,08396500,tds,1976-05-16,357.0
Artesia,08396500,tds,1976-05-19,334.0
Artesia,08396500,tds,1976-06-18,82.7
Artesia,08396500,tds,1976-07-01,16.6
Artesia,08396500,tds,1976-07-22,75.3
Artesia,08396500,tds,1976-07-26,2.75
Artesia,08396500,tds,1976-08-23,2540.0
Artesia,08396500,tds,1976-09-01,5830.0
Artesia,08396500,tds,1976-09-12,2370.0
Artesia,08396500,tds,1976-09-22,2.23
Artesia,08396500,tds,1976-10-08,5960.0
Artesia,08396500,tds,1976-11-01,796.0
Artesia,08396500,tds,1976-11-10,5700.0
Artesia,08396500,tds,1976-12-16,823.0
Artesia,08396500,tds,1977-01-01,6450.0
Artesia,08396500,tds,1977-02-18,10.1
Artesia,08396500,tds,1977-03-01,12.1
Artesia,08396500,tds,1977-04-29,4920.0
Artesia,08396500,tds,1977-05-14,775.0
Artesia,08396500,tds,1977-05-22,7.18
Artesia,08396500,tds,1977-06-13,148.0
Artesia,08396500,tds,1977-07-01,92.5
Artesia,08396500,tds,1977-07-28,1720.0
Artesia,08396500,tds,1977-08-12,700.0
Artesia,08396500,tds,1977-08-25,1560.0
Artesia,08396500,tds,1977-09-02,1710.0
Artesia,08396500,tds,1977-09-14,5.32
Artesia,08396500,tds,1977-11-02,901.0
Artesia,08396500,tds,1978-01-10,7010.0
Artesia,08396500,tds,1978-03-08,7260.0
Artesia,08396500,tds,1978-04-04,3.17
Artesia,08396500,tds,1978-05-03,8.06
Artesia,08396500,tds,1978-06-15,3770.0
Artesia,08396500,tds,1978-08-14,9180.0
Artesia,08396500,tds,1978-10-25,10.5
Artesia,08396500,tds,1978-12-13,1220.0
Artesia,08396500,tds,1979-01-24,1350.0
Artesia,08396500,tds,1979-03-19,12.6
Artesia,08396500,tds,1979-04-19,8740.0
Artesia,08396500,tds,1979-05-15,525.0
Artesia,08396500,tds,1979-07-23,333.0
Artesia,08396500,tds,1979-09-14,6920.0
Artesia,08396500,tds,1979-11-09,3200.0
Artesia,08396500,tds,1980-01-18,5920.0
Artesia,08396500,tds,1980-03-25,10700.0
Artesia,08396500,tds,1980-05-27,5410.0
Artesia,08396500,tds,1980-07-22,1.29
Artesia,08396500,tds,1980-09-29,2130.0
Artesia,08396500,tds,1981-03-19,9650.0
Artesia,08396500,tds,1981-09-16,959.0
Artesia,08396500,tds,1982-04-01,13.6
Artesia,08396500,tds,1982-11-17,5720.0
Artesia,08396500,tds,1983-06-29,236.0
Artesia,08396500,tds,1984-04-30,130.0
Artesia,08396500,tds,1984-07-02,5060.0
Artesia,08396500,tds,1985-03-11,5380.0
Artesia,08396500,tds,1985-08-28,1110.0
Artesia,08396500,tds,1986-03-04,7100.0
Artesia,08396500,tds,1986-10-31,2210.0
Artesia,08396500,tds,1987-08-31,2540.0
Artesia,08396500,tds,1988-05-03,8750.0
Artesia,08396500,tds,1988-10-26,4.78
Artesia,08396500,tds,1989-09-05,2850.0
Artesia,08396500,tds,1990-04-30,9580.0
Artesia,08396500,tds,1990-11-01,7.66
Artesia,08396500,tds,1991-09-05,1870.0
Artesia,08396500,tds,1992-05-12,2150.0
Artesia,08396500,tds,1993-06-08,2.54
Artesia,08396500,tds,1993-12-22,7.78
Artesia,08396500,tds,1994-09-16,773.0
Artesia,08396500,tds,1995-03-31,7.7
Artesia,08396500,tds,1995-12-08,1200.0
Artesia,08396500,tds,1996-09-09,699.0
Artesia,08396500,tds,1997-12-12,1540.0
Artesia,08396500,tds,1998-09-11,7.31
Artesia,08396500,tds,1999-06-10,8.51
Artesia,08396500,tds,1999-12-14,1140.0
Artesia,08396500,tds,2000-08-22,979.0
Artesia,08396500,tds,2001-03-06,7.66
Artesia,08396500,tds,2001-11-27,729.0
Artesia,08396500,tds,2002-08-29,232.0
Artesia,08396500,tds,2003-06-13,9450.0
Artesia,08396500,tds,2004-01-15,5340.0
Artesia,08396500,tds,2004-07-30,551.0
Artesia,08396500,tds,2006-06-01,8570.0
Artesia,08396500,tds,2007-03-22,5.77
Artesia,08396500,tds,2009-11-04,4860.0
Artesia,08396500,tds,2010-12-14,5150.0
Artesia,08396500,tds,2015-02-24,8.8
Avalon,08404000,cl,1961-01-16,735.0
Avalon,08404000,cl,1961-01-17,725.0
Avalon,08404000,cl,1961-01-18,725.0
Avalon,08404000,cl,1966-08-24,51.0
Avalon,08404000,so4,1961-01-16,1520.0
Avalon,08404000,so4,1961-01-17,1530.0
Avalon,08404000,so4,1961-01-18,1530.0
Avalon,08404000,so4,1966-08-24,292.0
Avalon,08404000,tds,1961-01-16,3420.0
Avalon,08404000,tds,1961-01-16,3420.0
Avalon,08404000,tds,1961-01-16,4.65
Red Bluff,08407500,cl,1959-10-01,4240.0
Red Bluff,08407500,cl,1959-10-22,3490.0
Red Bluff,08407500,cl,1959-11-01,2990.0
Red Bluff,08407500,cl,1959-12-01,3690.0
Red Bluff,08407500,cl,1959-12-18,2800.0
Red Bluff,08407500,cl,1960-02-01,2800.0
Red Bluff,08407500,cl,1960-02-21,4780.0
Red Bluff,08407500,cl,1960-03-01,5130.0
Red Bluff,08407500,cl,1960-03-20,4540.0
Red Bluff,08407500,cl,1960-03-23,5450.0
Red Bluff,08407500,cl,1960-04-01,6230.0
Red Bluff,08407500,cl,1960-04-17,4420.0
Red Bluff,08407500,cl,1960-05-01,5370.0
Red Bluff,08407500,cl,1960-05-20,6470.0
Red Bluff,08407500,cl,1960-06-01,6810.0
Red Bluff,08407500,cl,1960-06-11,5050.0
Red Bluff,08407500,cl,1960-06-24,5210.0
Red Bluff,08407500,cl,1960-06-25,3780.0
Red Bluff,08407500,cl,1960-07-01,6500.0
Red Bluff,08407500,cl,1960-07-05,2670.0
Red Bluff,08407500,cl,1960-07-07,192.0
Red Bluff,08407500,cl,1960-07-08,192.0
Red Bluff,08407500,cl,1960-07-10,718.0
Red Bluff,08407500,cl,1960-07-11,1050.0
Red Bluff,08407500,cl,1960-07-13,1930.0
Red Bluff,08407500,cl,1960-07-14,500.0
Red Bluff,08407500,cl,1960-07-15,222.0
Red Bluff,08407500,cl,1960-07-17,687.0
Red Bluff,08407500,cl,1960-07-19,1370.0
Red Bluff,08407500,cl,1960-07-20,2220.0
Red Bluff,08407500,cl,1960-07-22,1020.0
Red Bluff,08407500,cl,1960-07-25,1540.0
Red Bluff,08407500,cl,1960-07-28,2550.0
Red Bluff,08407500,cl,1960-07-29,2550.0
Red Bluff,08407500,cl,1960-07-31,3710.0
Red Bluff,08407500,cl,1960-08-17,3810.0
Red Bluff,08407500,cl,1960-08-20,965.0
Red Bluff,08407500,cl,1960-08-24,3490.0
Red Bluff,08407500,cl,1960-08-26,4800.0
Red Bluff,08407500,cl,1960-08-28,2300.0
Red Bluff,08407500,cl,1960-09-01,3260.0
Red Bluff,08407500,cl,1960-09-07,5090.0
Red Bluff,08407500,cl,1960-10-09,4450.0
Red Bluff,08407500,cl,1960-10-16,1130.0
Red Bluff,08407500,cl,1960-10-18,1340.0
Red Bluff,08407500,cl,1960-10-24,2630.0
Red Bluff,08407500,cl,1960-11-12,2140.0
Red Bluff,08407500,cl,1960-11-19,2060.0
Red Bluff,08407500,cl,1960-12-11,1320.0
Red Bluff,08407500,cl,1961-01-01,1400.0
Red Bluff,08407500,cl,1961-01-25,2470.0
Red Bluff,08407500,cl,1961-01-29,1280.0
Red Bluff,08407500,cl,1961-02-02,1380.0
Red Bluff,08407500,cl,1961-02-19,1320.0
Red Bluff,08407500,cl,1961-03-06,3160.0
Red Bluff,08407500,cl,1961-03-21,3510.0
Red Bluff,08407500,cl,1961-04-14,2960.0
Red Bluff,08407500,cl,1961-05-06,3000.0
Red Bluff,08407500,cl,1961-05-29,4130.0
Red Bluff,08407500,cl,1961-06-15,2160.0
Red Bluff,08407500,cl,1961-06-29,5710.0
Red Bluff,08407500,cl,1961-07-23,5410.0
Red Bluff,08407500,cl,1961-08-04,5400.0
Red Bluff,08407500,cl,1961-09-01,4790.0
Red Bluff,08407500,cl,1961-10-03,3320.0
Red Bluff,08407500,cl,1961-10-22,3400.0
Red Bluff,08407500,cl,1961-11-01,3200.0
Red Bluff,08407500,cl,1961-11-21,3130.0
Red Bluff,08407500,cl,1962-01-01,2580.0
Red Bluff,08407500,cl,1962-03-01,2660.0
Red Bluff,08407500,cl,1962-03-12,4880.0
Red Bluff,08407500,cl,1962-04-02,4730.0
Red Bluff,08407500,cl,1962-05-21,3710.0
Red Bluff,08407500,cl,1962-06-01,5610.0
Red Bluff,08407500,cl,1962-06-11,3910.0
Red Bluff,08407500,cl,1962-06-16,2280.0
Red Bluff,08407500,cl,1962-06-27,4060.0
Red Bluff,08407500,cl,1962-07-26,1010.0
Red Bluff,08407500,cl,1962-07-28,5600.0
Red Bluff,08407500,cl,1962-07-31,405.0
Red Bluff,08407500,cl,1962-08-03,915.0
Red Bluff,08407500,cl,1962-08-06,3220.0
Red Bluff,08407500,cl,1962-08-09,4610.0
Red Bluff,08407500,cl,1962-09-01,5440.0
Red Bluff,08407500,cl,1962-10-22,4220.0
Red Bluff,08407500,cl,1962-11-01,3240.0
Red Bluff,08407500,cl,1963-01-01,2770.0
Red Bluff,08407500,cl,1963-02-06,3790.0
Red Bluff,08407500,cl,1963-02-23,4180.0
Red Bluff,08407500,cl,1963-03-01,2990.0
Red Bluff,08407500,cl,1963-03-09,4780.0
Red Bluff,08407500,cl,1963-04-03,1870.0
Red Bluff,08407500,cl,1963-04-08,2260.0
Red Bluff,08407500,cl,1963-04-15,4580.0
Red Bluff,08407500,cl,1963-05-01,5040.0
Red Bluff,08407500,cl,1963-05-13,4890.0
Red Bluff,08407500,cl,1963-05-22,3270.0
Red Bluff,08407500,cl,1963-05-29,3750.0
Red Bluff,08407500,cl,1963-06-01,4650.0
Red Bluff,08407500,cl,1963-06-08,4210.0
Red Bluff,08407500,cl,1963-06-22,4810.0
Red Bluff,08407500,cl,1963-07-03,7140.0
Red Bluff,08407500,cl,1963-07-12,5660.0
Red Bluff,08407500,cl,1963-07-20,5810.0
Red Bluff,08407500,cl,1963-07-27,7990.0
Red Bluff,08407500,cl,1963-08-03,5670.0
Red Bluff,08407500,cl,1963-08-07,3530.0
Red Bluff,08407500,cl,1963-08-11,6700.0
Red Bluff,08407500,cl,1963-08-19,1860.0
Red Bluff,08407500,cl,1963-08-25,3690.0
Red Bluff,08407500,cl,1963-09-01,435.0
Red Bluff,08407500,cl,1963-09-04,1460.0
Red Bluff,08407500,cl,1963-09-08,4320.0
Red Bluff,08407500,cl,1963-09-19,4600.0
Red Bluff,08407500,cl,1963-09-27,3980.0
Red Bluff,08407500,cl,1963-10-01,2990.0
Red Bluff,08407500,cl,1963-10-15,4770.0
Red Bluff,08407500,cl,1963-11-09,3330.0
Red Bluff,08407500,cl,1963-12-15,2490.0
Red Bluff,08407500,cl,1964-01-29,3040.0
Red Bluff,08407500,cl,1964-02-17,3360.0
Red Bluff,08407500,cl,1964-03-01,2860.0
Red Bluff,08407500,cl,1964-04-01,4920.0
Red Bluff,08407500,cl,1964-04-10,5530.0
Red Bluff,08407500,cl,1964-05-28,4350.0
Red Bluff,08407500,cl,1964-06-12,1160.0
Red Bluff,08407500,cl,1964-06-15,3980.0
Red Bluff,08407500,cl,1964-06-17,730.0
Red Bluff,08407500,cl,1964-06-25,240.0
Red Bluff,08407500,cl,1964-06-28,930.0
Red Bluff,08407500,cl,1964-07-01,2350.0
Red Bluff,08407500,cl,1964-07-03,3290.0
Red Bluff,08407500,cl,1964-07-08,4670.0
Red Bluff,08407500,cl,1964-07-19,1200.0
Red Bluff,08407500,cl,1964-07-24,2990.0
Red Bluff,08407500,cl,1964-07-28,6440.0
Red Bluff,08407500,cl,1964-08-01,9770.0
Red Bluff,08407500,cl,1964-08-19,2660.0
Red Bluff,08407500,cl,1964-08-22,2700.0
Red Bluff,08407500,cl,1964-08-24,3960.0
Red Bluff,08407500,cl,1964-08-28,7800.0
Red Bluff,08407500,cl,1964-09-01,11700.0
Red Bluff,08407500,cl,1964-09-15,4500.0
Red Bluff,08407500,cl,1964-09-17,3780.0
Red Bluff,08407500,cl,1964-09-20,502.0
Red Bluff,08407500,cl,1964-09-24,1260.0
Red Bluff,08407500,cl,1964-09-28,3620.0
Red Bluff,08407500,cl,1964-10-01,3860.0
Red Bluff,08407500,cl,1964-10-09,6450.0
Red Bluff,08407500,cl,1964-11-01,7430.0
Red Bluff,08407500,cl,1965-01-01,7330.0
Red Bluff,08407500,cl,1965-02-12,6440.0
Red Bluff,08407500,cl,1965-03-02,7430.0
Red Bluff,08407500,cl,1965-03-24,10200.0
Red Bluff,08407500,cl,1965-04-01,7870.0
Red Bluff,08407500,cl,1965-04-03,9050.0
Red Bluff,08407500,cl,1965-04-24,13300.0
Red Bluff,08407500,cl,1965-05-13,11400.0
Red Bluff,08407500,cl,1965-05-25,16600.0
Red Bluff,08407500,cl,1965-06-01,362.0
Red Bluff,08407500,cl,1965-06-03,2780.0
Red Bluff,08407500,cl,1965-06-07,5420.0
Red Bluff,08407500,cl,1965-06-13,5820.0
Red Bluff,08407500,cl,1965-06-23,7340.0
Red Bluff,08407500,cl,1965-06-27,1040.0
Red Bluff,08407500,cl,1965-07-05,2630.0
Red Bluff,08407500,cl,1965-07-12,5690.0
Red Bluff,08407500,cl,1965-07-29,305.0
Red Bluff,08407500,cl,1965-08-01,5360.0
Red Bluff,08407500,cl,1965-08-13,4770.0
Red Bluff,08407500,cl,1965-08-24,4480.0
Red Bluff,08407500,cl,1965-08-29,9270.0
Red Bluff,08407500,cl,1965-09-01,7240.0
Red Bluff,08407500,cl,1965-09-10,6700.0
Red Bluff,08407500,cl,1965-09-25,310.0
Red Bluff,08407500,cl,1965-10-01,2970.0
Red Bluff,08407500,cl,1965-10-23,7520.0
Red Bluff,08407500,cl,1965-11-10,550.0
Red Bluff,08407500,cl,1965-11-22,2300.0
Red Bluff,08407500,cl,1965-12-01,5710.0
Red Bluff,08407500,cl,1966-01-01,5510.0
Red Bluff,08407500,cl,1966-03-01,7230.0
Red Bluff,08407500,cl,1966-04-24,512.0
Red Bluff,08407500,cl,1966-04-28,1700.0
Red Bluff,08407500,cl,1966-05-08,3730.0
Red Bluff,08407500,cl,1966-05-22,7620.0
Red Bluff,08407500,cl,1966-06-10,1510.0
Red Bluff,08407500,cl,1966-06-18,4770.0
Red Bluff,08407500,cl,1966-06-27,2100.0
Red Bluff,08407500,cl,1966-07-04,6550.0
Red Bluff,08407500,cl,1966-07-17,3030.0
Red Bluff,08407500,cl,1966-08-01,11100.0
Red Bluff,08407500,cl,1966-08-10,1400.0
Red Bluff,08407500,cl,1966-08-19,3930.0
Red Bluff,08407500,cl,1966-08-21,765.0
Red Bluff,08407500,cl,1966-08-23,151.0
Red Bluff,08407500,cl,1966-08-24,51.0
Red Bluff,08407500,cl,1966-08-28,415.0
Red Bluff,08407500,cl,1966-09-01,2220.0
Red Bluff,08407500,cl,1966-09-06,1560.0
Red Bluff,08407500,cl,1966-09-10,1750.0
Red Bluff,08407500,cl,1966-09-22,6320.0
Red Bluff,08407500,cl,1966-11-01,58.5
Red Bluff,08407500,cl,1966-12-01,47.0
Red Bluff,08407500,cl,1966-12-09,32.0
Red Bluff,08407500,cl,1967-01-08,49.0
Red Bluff,08407500,cl,1967-02-01,88.0
Red Bluff,08407500,cl,1967-04-01,10400.0
Red Bluff,08407500,cl,1967-06-01,13400.0
Red Bluff,08407500,cl,1967-06-04,12200.0
Red Bluff,08407500,cl,1967-06-07,10600.0
Red Bluff,08407500,cl,1967-06-18,11000.0
Red Bluff,08407500,cl,1967-06-19,42.0
Red Bluff,08407500,cl,1967-06-26,31.5
Red Bluff,08407500,cl,1967-07-03,210.0
Red Bluff,08407500,cl,1967-07-07,29.0
Red Bluff,08407500,cl,1967-07-22,60.5
Red Bluff,08407500,cl,1967-08-06,73.0
Red Bluff,08407500,cl,1967-08-17,36.1
Red Bluff,08407500,cl,1967-09-01,58.5
Red Bluff,08407500,cl,1967-09-06,73.0
Red Bluff,08407500,cl,1967-11-01,7300.0
Red Bluff,08407500,cl,1967-12-01,4300.0
Red Bluff,08407500,cl,1968-01-23,4480.0
Red Bluff,08407500,cl,1968-02-13,3280.0
Red Bluff,08407500,cl,1968-03-23,4900.0
Red Bluff,08407500,cl,1968-04-08,8100.0
Red Bluff,08407500,cl,1968-05-01,8500.0
Red Bluff,08407500,cl,1968-05-07,7550.0
Red Bluff,08407500,cl,1968-05-12,1740.0
Red Bluff,08407500,cl,1968-05-14,7580.0
Red Bluff,08407500,cl,1968-05-16,2920.0
Red Bluff,08407500,cl,1968-05-26,5400.0
Red Bluff,08407500,cl,1968-06-07,9100.0
Red Bluff,08407500,cl,1968-06-26,13100.0
Red Bluff,08407500,cl,1968-07-05,4300.0
Red Bluff,08407500,cl,1968-07-07,540.0
Red Bluff,08407500,cl,1968-07-08,1300.0
Red Bluff,08407500,cl,1968-07-14,2880.0
Red Bluff,08407500,cl,1968-07-20,4040.0
Red Bluff,08407500,cl,1968-08-01,1810.0
Red Bluff,08407500,cl,1968-08-07,5700.0
Red Bluff,08407500,cl,1968-08-31,5000.0
Red Bluff,08407500,cl,1968-09-02,3800.0
Red Bluff,08407500,cl,1968-09-06,6800.0
Red Bluff,08407500,cl,1968-09-25,6300.0
Red Bluff,08407500,cl,1968-10-14,6700.0
Red Bluff,08407500,cl,1968-11-01,3880.0
Red Bluff,08407500,cl,1968-11-15,3440.0
Red Bluff,08407500,cl,1969-01-01,3450.0
Red Bluff,08407500,cl,1969-01-14,3850.0
Red Bluff,08407500,cl,1969-01-29,4000.0
Red Bluff,08407500,cl,1969-02-07,3750.0
Red Bluff,08407500,cl,1969-02-22,3900.0
Red Bluff,08407500,cl,1969-03-03,5600.0
Red Bluff,08407500,cl,1969-03-16,7850.0
Red Bluff,08407500,cl,1969-03-23,6850.0
Red Bluff,08407500,cl,1969-04-11,6700.0
Red Bluff,08407500,cl,1969-04-16,6800.0
Red Bluff,08407500,cl,1969-05-06,6900.0
Red Bluff,08407500,cl,1969-05-27,9400.0
Red Bluff,08407500,cl,1969-06-01,9500.0
Red Bluff,08407500,cl,1969-07-01,9800.0
Red Bluff,08407500,cl,1969-07-06,5700.0
Red Bluff,08407500,cl,1969-07-10,5650.0
Red Bluff,08407500,cl,1969-07-18,10400.0
Red Bluff,08407500,cl,1969-08-13,14500.0
Red Bluff,08407500,cl,1969-09-01,1000.0
Red Bluff,08407500,cl,1969-09-08,2520.0
Red Bluff,08407500,cl,1969-09-16,3750.0
Red Bluff,08407500,cl,1969-09-23,3050.0
Red Bluff,08407500,cl,1969-09-27,1200.0
Red Bluff,08407500,cl,1969-10-07,1520.0
Red Bluff,08407500,cl,1969-10-21,700.0
Red Bluff,08407500,cl,1969-10-23,615.0
Red Bluff,08407500,cl,1969-10-27,286.0
Red Bluff,08407500,cl,1969-11-01,795.0
Red Bluff,08407500,cl,1969-11-03,1420.0
Red Bluff,08407500,cl,1969-11-08,2120.0
Red Bluff,08407500,cl,1969-12-01,3150.0
Red Bluff,08407500,cl,1969-12-19,2990.0
Red Bluff,08407500,cl,1970-01-02,2960.0
Red Bluff,08407500,cl,1970-02-01,3260.0
Red Bluff,08407500,cl,1970-02-15,3850.0
Red Bluff,08407500,cl,1970-03-03,4150.0
Red Bluff,08407500,cl,1970-03-26,4050.0
Red Bluff,08407500,cl,1970-04-01,6500.0
Red Bluff,08407500,cl,1970-04-19,8000.0
Red Bluff,08407500,cl,1970-05-05,8200.0
Red Bluff,08407500,cl,1970-07-07,5380.0
Red Bluff,08407500,cl,1970-08-04,9100.0
Red Bluff,08407500,cl,1970-09-02,9350.0
Red Bluff,08407500,cl,1970-11-03,3520.0
Red Bluff,08407500,cl,1971-01-11,3000.0
Red Bluff,08407500,cl,1971-02-02,3600.0
Red Bluff,08407500,cl,1971-04-06,5900.0
Red Bluff,08407500,cl,1971-06-08,13000.0
Red Bluff,08407500,cl,1971-08-03,3500.0
Red Bluff,08407500,cl,1971-10-05,4900.0
Red Bluff,08407500,cl,1971-12-07,5800.0
Red Bluff,08407500,cl,1972-02-08,4300.0
Red Bluff,08407500,cl,1972-04-04,8200.0
Red Bluff,08407500,cl,1972-05-03,11000.0
Red Bluff,08407500,cl,1972-07-11,13000.0
Red Bluff,08407500,cl,1972-09-13,220.0
Red Bluff,08407500,cl,1972-11-08,3400.0
Red Bluff,08407500,cl,1973-01-09,3400.0
Red Bluff,08407500,cl,1973-03-06,4900.0
Red Bluff,08407500,cl,1973-05-08,4700.0
Red Bluff,08407500,cl,1973-07-10,3300.0
Red Bluff,08407500,cl,1973-08-14,3700.0
Red Bluff,08407500,cl,1973-10-18,3500.0
Red Bluff,08407500,cl,1973-12-06,3000.0
Red Bluff,08407500,cl,1974-02-13,3700.0
Red Bluff,08407500,cl,1974-04-18,12000.0
Red Bluff,08407500,cl,1974-06-20,13000.0
Red Bluff,08407500,cl,1974-08-14,6600.0
Red Bluff,08407500,cl,1974-11-14,2300.0
Red Bluff,08407500,cl,1974-12-12,2000.0
Red Bluff,08407500,cl,1975-02-13,2300.0
Red Bluff,08407500,cl,1975-04-17,4200.0
Red Bluff,08407500,cl,1975-06-10,4300.0
Red Bluff,08407500,cl,1975-08-21,4900.0
Red Bluff,08407500,cl,1975-10-29,4300.0
Red Bluff,08407500,cl,1975-12-18,2600.0
Red Bluff,08407500,cl,1976-02-05,2900.0
Red Bluff,08407500,cl,1976-03-11,6900.0
Red Bluff,08407500,cl,1976-05-20,6100.0
Red Bluff,08407500,cl,1976-07-21,9900.0
Red Bluff,08407500,cl,1976-10-07,6500.0
Red Bluff,08407500,cl,1976-12-15,3100.0
Red Bluff,08407500,cl,1977-02-17,4300.0
Red Bluff,08407500,cl,1977-04-28,5900.0
Red Bluff,08407500,cl,1977-06-30,8000.0
Red Bluff,08407500,cl,1977-07-28,13000.0
Red Bluff,08407500,cl,1977-10-07,12000.0
Red Bluff,08407500,cl,1977-12-08,9700.0
Red Bluff,08407500,cl,1978-02-09,5700.0
Red Bluff,08407500,cl,1978-04-06,11000.0
Red Bluff,08407500,cl,1978-06-14,4400.0
Red Bluff,08407500,cl,1978-08-16,5300.0
Red Bluff,08407500,cl,1978-10-27,7700.0
Red Bluff,08407500,cl,1978-12-11,2900.0
Red Bluff,08407500,cl,1979-01-24,2800.0
Red Bluff,08407500,cl,1979-03-21,3200.0
Red Bluff,08407500,cl,1979-05-16,5500.0
Red Bluff,08407500,cl,1979-07-18,3800.0
Red Bluff,08407500,cl,1979-09-13,2300.0
Red Bluff,08407500,cl,1979-11-08,2300.0
Red Bluff,08407500,cl,1980-01-17,2200.0
Red Bluff,08407500,cl,1980-03-26,3900.0
Red Bluff,08407500,cl,1980-04-29,3700.0
Red Bluff,08407500,cl,1980-06-25,5600.0
Red Bluff,08407500,cl,1980-08-27,5800.0
Red Bluff,08407500,cl,1980-11-20,2700.0
Red Bluff,08407500,cl,1981-01-26,2900.0
Red Bluff,08407500,cl,1981-03-17,2200.0
Red Bluff,08407500,cl,1981-05-28,5200.0
Red Bluff,08407500,cl,1981-07-28,4500.0
Red Bluff,08407500,cl,1981-08-20,2100.0
Red Bluff,08407500,cl,1981-11-03,3600.0
Red Bluff,08407500,cl,1982-02-02,4400.0
Red Bluff,08407500,cl,1982-06-03,6400.0
Red Bluff,08407500,cl,1982-08-27,4000.0
Red Bluff,08407500,cl,1983-01-11,2700.0
Red Bluff,08407500,cl,1983-05-12,5000.0
Red Bluff,08407500,cl,1983-08-26,4700.0
Red Bluff,08407500,cl,1983-10-28,2800.0
Red Bluff,08407500,cl,1984-02-27,4000.0
Red Bluff,08407500,cl,1984-06-27,4400.0
Red Bluff,08407500,cl,1984-10-29,2200.0
Red Bluff,08407500,cl,1985-03-12,2700.0
Red Bluff,08407500,cl,1985-06-25,5500.0
Red Bluff,08407500,cl,1985-10-30,1800.0
Red Bluff,08407500,cl,1986-02-27,3900.0
Red Bluff,08407500,cl,1986-07-30,5100.0
Red Bluff,08407500,cl,1986-11-07,950.0
Red Bluff,08407500,cl,1987-02-26,1200.0
Red Bluff,08407500,cl,1987-06-30,910.0
Red Bluff,08407500,cl,1987-10-29,2500.0
Red Bluff,08407500,cl,1988-02-26,1800.0
Red Bluff,08407500,cl,1988-06-29,2300.0
Red Bluff,08407500,cl,1988-10-27,2400.0
Red Bluff,08407500,cl,1988-12-30,2000.0
Red Bluff,08407500,cl,1989-05-01,3500.0
Red Bluff,08407500,cl,1989-09-01,3200.0
Red Bluff,08407500,cl,1989-12-28,1600.0
Red Bluff,08407500,cl,1990-04-26,4800.0
Red Bluff,08407500,cl,1990-08-30,4700.0
Red Bluff,08407500,cl,1991-01-31,2700.0
Red Bluff,08407500,cl,1991-04-29,11000.0
Red Bluff,08407500,cl,1991-06-27,7600.0
Red Bluff,08407500,cl,1991-10-31,2700.0
Red Bluff,08407500,cl,1992-05-28,670.0
Red Bluff,08407500,cl,1992-09-30,2300.0
Red Bluff,08407500,cl,1993-04-02,3200.0
Red Bluff,08407500,cl,1993-06-29,2300.0
Red Bluff,08407500,cl,1994-06-14,3000.0
Red Bluff,08407500,cl,1994-09-13,2200.0
Red Bluff,08407500,cl,2023-07-24,2050.0
Red Bluff,08407500,so4,1959-10-01,2150.0
Red Bluff,08407500,so4,1959-12-18,1810.0
Red Bluff,08407500,so4,1960-01-01,1810.0
Red Bluff,08407500,so4,1960-04-06,2470.0
Red Bluff,08407500,so4,1960-07-22,1510.0
Red Bluff,08407500,so4,1960-10-18,1450.0
Red Bluff,08407500,so4,1961-01-01,1610.0
Red Bluff,08407500,so4,1961-08-04,2430.0
Red Bluff,08407500,so4,1961-10-03,2160.0
Red Bluff,08407500,so4,1962-01-01,1860.0
Red Bluff,08407500,so4,1962-08-01,463.0
Red Bluff,08407500,so4,1963-03-01,1990.0
Red Bluff,08407500,so4,1963-03-09,2260.0
Red Bluff,08407500,so4,1963-04-03,1770.0
Red Bluff,08407500,so4,1963-04-04,1820.0
Red Bluff,08407500,so4,1963-04-11,1980.0
Red Bluff,08407500,so4,1963-04-15,2100.0
Red Bluff,08407500,so4,1963-05-01,2370.0
Red Bluff,08407500,so4,1963-05-06,2270.0
Red Bluff,08407500,so4,1963-05-17,2490.0
Red Bluff,08407500,so4,1963-05-22,1620.0
Red Bluff,08407500,so4,1963-05-29,1700.0
Red Bluff,08407500,so4,1963-06-01,2000.0
Red Bluff,08407500,so4,1963-06-08,2330.0
Red Bluff,08407500,so4,1963-06-18,2460.0
Red Bluff,08407500,so4,1963-07-01,2540.0
Red Bluff,08407500,so4,1963-07-03,2690.0
Red Bluff,08407500,so4,1963-07-12,2390.0
Red Bluff,08407500,so4,1963-07-16,2290.0
Red Bluff,08407500,so4,1963-07-25,2650.0
Red Bluff,08407500,so4,1963-07-27,2920.0
Red Bluff,08407500,so4,1963-08-03,2220.0
Red Bluff,08407500,so4,1963-08-07,1330.0
Red Bluff,08407500,so4,1963-08-11,2610.0
Red Bluff,08407500,so4,1963-08-16,1120.0
Red Bluff,08407500,so4,1963-08-21,1300.0
Red Bluff,08407500,so4,1963-08-25,1510.0
Red Bluff,08407500,so4,1963-09-01,678.0
Red Bluff,08407500,so4,1963-09-02,908.0
Red Bluff,08407500,so4,1963-09-05,1320.0
Red Bluff,08407500,so4,1963-09-08,1700.0
Red Bluff,08407500,so4,1963-09-19,1600.0
Red Bluff,08407500,so4,1963-09-21,2040.0
Red Bluff,08407500,so4,1963-10-01,1830.0
Red Bluff,08407500,so4,1963-10-09,2010.0
Red Bluff,08407500,so4,1963-11-01,2330.0
Red Bluff,08407500,so4,1963-11-09,2170.0
Red Bluff,08407500,so4,1963-12-15,1950.0
Red Bluff,08407500,so4,1964-01-01,1880.0
Red Bluff,08407500,so4,1964-02-01,2150.0
Red Bluff,08407500,so4,1964-02-17,2050.0
Red Bluff,08407500,so4,1964-03-01,1920.0
Red Bluff,08407500,so4,1964-03-11,2200.0
Red Bluff,08407500,so4,1964-04-10,2610.0
Red Bluff,08407500,so4,1964-05-01,2800.0
Red Bluff,08407500,so4,1964-06-01,2920.0
Red Bluff,08407500,so4,1964-06-12,932.0
Red Bluff,08407500,so4,1964-06-15,2370.0
Red Bluff,08407500,so4,1964-06-16,1580.0
Red Bluff,08407500,so4,1964-06-24,363.0
Red Bluff,08407500,so4,1964-06-25,309.0
Red Bluff,08407500,so4,1964-06-28,926.0
Red Bluff,08407500,so4,1964-06-29,1620.0
Red Bluff,08407500,so4,1964-07-03,1610.0
Red Bluff,08407500,so4,1964-07-06,1700.0
Red Bluff,08407500,so4,1964-07-13,1570.0
Red Bluff,08407500,so4,1964-07-19,1680.0
Red Bluff,08407500,so4,1964-07-24,2140.0
Red Bluff,08407500,so4,1964-07-26,2490.0
Red Bluff,08407500,so4,1964-07-30,3350.0
Red Bluff,08407500,so4,1964-08-01,3700.0
Red Bluff,08407500,so4,1964-08-19,1120.0
Red Bluff,08407500,so4,1964-08-21,890.0
Red Bluff,08407500,so4,1964-08-24,1570.0
Red Bluff,08407500,so4,1964-08-26,2060.0
Red Bluff,08407500,so4,1964-08-30,3150.0
Red Bluff,08407500,so4,1964-09-01,3870.0
Red Bluff,08407500,so4,1964-09-15,1440.0
Red Bluff,08407500,so4,1964-09-16,2360.0
Red Bluff,08407500,so4,1964-09-18,1260.0
Red Bluff,08407500,so4,1964-09-20,510.0
Red Bluff,08407500,so4,1964-09-22,836.0
Red Bluff,08407500,so4,1964-09-26,984.0
Red Bluff,08407500,so4,1964-09-28,1230.0
Red Bluff,08407500,so4,1964-10-04,1830.0
Red Bluff,08407500,so4,1964-10-09,2290.0
Red Bluff,08407500,so4,1964-11-01,2690.0
Red Bluff,08407500,so4,1964-12-01,2550.0
Red Bluff,08407500,so4,1965-02-01,2680.0
Red Bluff,08407500,so4,1965-02-12,2520.0
Red Bluff,08407500,so4,1965-03-02,2670.0
Red Bluff,08407500,so4,1965-03-20,2770.0
Red Bluff,08407500,so4,1965-03-29,2650.0
Red Bluff,08407500,so4,1965-04-01,2840.0
Red Bluff,08407500,so4,1965-04-14,3260.0
Red Bluff,08407500,so4,1965-04-24,3560.0
Red Bluff,08407500,so4,1965-05-13,3040.0
Red Bluff,08407500,so4,1965-05-15,3650.0
Red Bluff,08407500,so4,1965-05-31,784.0
Red Bluff,08407500,so4,1965-06-01,572.0
Red Bluff,08407500,so4,1965-06-03,1160.0
Red Bluff,08407500,so4,1965-06-04,1460.0
Red Bluff,08407500,so4,1965-06-11,630.0
Red Bluff,08407500,so4,1965-06-13,1990.0
Red Bluff,08407500,so4,1965-06-25,1320.0
Red Bluff,08407500,so4,1965-06-27,1120.0
Red Bluff,08407500,so4,1965-07-05,1460.0
Red Bluff,08407500,so4,1965-07-09,1710.0
Red Bluff,08407500,so4,1965-07-19,2240.0
Red Bluff,08407500,so4,1965-07-29,430.0
Red Bluff,08407500,so4,1965-08-01,1860.0
Red Bluff,08407500,so4,1965-08-03,1400.0
Red Bluff,08407500,so4,1965-08-17,2030.0
Red Bluff,08407500,so4,1965-08-24,1420.0
Red Bluff,08407500,so4,1965-08-29,2580.0
Red Bluff,08407500,so4,1965-09-01,1940.0
Red Bluff,08407500,so4,1965-09-10,2010.0
Red Bluff,08407500,so4,1965-09-21,948.0
Red Bluff,08407500,so4,1965-09-27,764.0
Red Bluff,08407500,so4,1965-10-01,1580.0
Red Bluff,08407500,so4,1965-10-23,2410.0
Red Bluff,08407500,so4,1965-11-01,2490.0
Red Bluff,08407500,so4,1965-11-15,684.0
Red Bluff,08407500,so4,1965-11-22,952.0
Red Bluff,08407500,so4,1965-12-01,2110.0
Red Bluff,08407500,so4,1966-01-01,2150.0
Red Bluff,08407500,so4,1966-03-01,2610.0
Red Bluff,08407500,so4,1966-04-01,2800.0
Red Bluff,08407500,so4,1966-04-25,1390.0
Red Bluff,08407500,so4,1966-04-28,1210.0
Red Bluff,08407500,so4,1966-05-08,1420.0
Red Bluff,08407500,so4,1966-05-14,1780.0
Red Bluff,08407500,so4,1966-06-01,2770.0
Red Bluff,08407500,so4,1966-06-10,605.0
Red Bluff,08407500,so4,1966-06-18,1780.0
Red Bluff,08407500,so4,1966-06-27,764.0
Red Bluff,08407500,so4,1966-07-04,1840.0
Red Bluff,08407500,so4,1966-07-09,2250.0
Red Bluff,08407500,so4,1966-07-18,2670.0
Red Bluff,08407500,so4,1966-08-01,3040.0
Red Bluff,08407500,so4,1966-08-10,1040.0
Red Bluff,08407500,so4,1966-08-12,1250.0
Red Bluff,08407500,so4,1966-08-20,828.0
Red Bluff,08407500,so4,1966-08-21,208.0
Red Bluff,08407500,so4,1966-08-23,396.0
Red Bluff,08407500,so4,1966-08-24,268.0
Red Bluff,08407500,so4,1966-08-28,469.0
Red Bluff,08407500,so4,1966-08-29,756.0
Red Bluff,08407500,so4,1966-09-04,790.0
Red Bluff,08407500,so4,1966-09-06,965.0
Red Bluff,08407500,so4,1966-09-10,805.0
Red Bluff,08407500,so4,1966-09-12,1310.0
Red Bluff,08407500,so4,1966-10-01,23.0
Red Bluff,08407500,so4,1966-11-01,23.1
Red Bluff,08407500,so4,1966-12-09,17.8
Red Bluff,08407500,so4,1967-01-01,20.1
Red Bluff,08407500,so4,1967-01-19,22.7
Red Bluff,08407500,so4,1967-02-01,26.0
Red Bluff,08407500,so4,1967-04-01,27.5
Red Bluff,08407500,so4,1967-05-01,33.1
Red Bluff,08407500,so4,1967-06-01,34.0
Red Bluff,08407500,so4,1967-06-04,31.3
Red Bluff,08407500,so4,1967-06-05,15.3
Red Bluff,08407500,so4,1967-06-17,466.0
Red Bluff,08407500,so4,1967-06-18,29.5
Red Bluff,08407500,so4,1967-06-22,816.0
Red Bluff,08407500,so4,1967-06-26,15.7
Red Bluff,08407500,so4,1967-07-03,359.0
Red Bluff,08407500,so4,1967-07-04,902.0
Red Bluff,08407500,so4,1967-07-14,17.3
Red Bluff,08407500,so4,1967-07-22,22.2
Red Bluff,08407500,so4,1967-08-14,20.1
Red Bluff,08407500,so4,1967-08-17,20.8
Red Bluff,08407500,so4,1967-09-01,22.2
Red Bluff,08407500,so4,1967-09-06,24.4
Red Bluff,08407500,so4,1967-11-01,2630.0
Red Bluff,08407500,so4,1967-11-11,2480.0
Red Bluff,08407500,so4,1968-01-01,1830.0
Red Bluff,08407500,so4,1968-01-23,1930.0
Red Bluff,08407500,so4,1968-02-13,1700.0
Red Bluff,08407500,so4,1968-03-01,1720.0
Red Bluff,08407500,so4,1968-04-01,2140.0
Red Bluff,08407500,so4,1968-04-08,2450.0
Red Bluff,08407500,so4,1968-05-01,2600.0
Red Bluff,08407500,so4,1968-05-05,1560.0
Red Bluff,08407500,so4,1968-05-12,772.0
Red Bluff,08407500,so4,1968-05-13,1730.0
Red Bluff,08407500,so4,1968-05-15,1750.0
Red Bluff,08407500,so4,1968-05-16,1540.0
Red Bluff,08407500,so4,1968-05-26,2170.0
Red Bluff,08407500,so4,1968-06-01,2390.0
Red Bluff,08407500,so4,1968-06-12,2850.0
Red Bluff,08407500,so4,1968-06-26,3240.0
Red Bluff,08407500,so4,1968-07-05,1170.0
Red Bluff,08407500,so4,1968-07-06,2140.0
Red Bluff,08407500,so4,1968-07-08,696.0
Red Bluff,08407500,so4,1968-07-11,984.0
Red Bluff,08407500,so4,1968-07-19,792.0
Red Bluff,08407500,so4,1968-07-20,1620.0
Red Bluff,08407500,so4,1968-08-01,780.0
Red Bluff,08407500,so4,1968-08-02,1710.0
Red Bluff,08407500,so4,1968-08-29,1390.0
Red Bluff,08407500,so4,1968-08-31,1770.0
Red Bluff,08407500,so4,1968-09-02,1370.0
Red Bluff,08407500,so4,1968-09-04,1980.0
Red Bluff,08407500,so4,1968-09-25,2510.0
Red Bluff,08407500,so4,1968-10-01,2500.0
Red Bluff,08407500,so4,1968-10-21,2350.0
Red Bluff,08407500,so4,1968-11-01,2090.0
Red Bluff,08407500,so4,1968-11-15,1860.0
Red Bluff,08407500,so4,1968-12-01,2030.0
Red Bluff,08407500,so4,1969-01-13,2040.0
Red Bluff,08407500,so4,1969-01-14,1900.0
Red Bluff,08407500,so4,1969-01-29,1940.0
Red Bluff,08407500,so4,1969-02-01,1920.0
Red Bluff,08407500,so4,1969-02-22,1820.0
Red Bluff,08407500,so4,1969-03-01,1800.0
Red Bluff,08407500,so4,1969-03-15,2280.0
Red Bluff,08407500,so4,1969-03-16,2400.0
Red Bluff,08407500,so4,1969-03-23,2440.0
Red Bluff,08407500,so4,1969-04-01,2560.0
Red Bluff,08407500,so4,1969-04-13,2280.0
Red Bluff,08407500,so4,1969-04-16,2240.0
Red Bluff,08407500,so4,1969-05-06,2300.0
Red Bluff,08407500,so4,1969-05-07,2320.0
Red Bluff,08407500,so4,1969-06-01,2810.0
Red Bluff,08407500,so4,1969-06-12,2950.0
Red Bluff,08407500,so4,1969-07-01,2960.0
Red Bluff,08407500,so4,1969-07-06,1540.0
Red Bluff,08407500,so4,1969-07-10,1540.0
Red Bluff,08407500,so4,1969-07-14,2300.0
Red Bluff,08407500,so4,1969-08-01,3510.0
Red Bluff,08407500,so4,1969-08-13,3520.0
Red Bluff,08407500,so4,1969-09-01,528.0
Red Bluff,08407500,so4,1969-09-03,480.0
Red Bluff,08407500,so4,1969-09-16,1220.0
Red Bluff,08407500,so4,1969-09-21,668.0
Red Bluff,08407500,so4,1969-09-24,1640.0
Red Bluff,08407500,so4,1969-09-27,1400.0
Red Bluff,08407500,so4,1969-10-07,1050.0
Red Bluff,08407500,so4,1969-10-12,1670.0
Red Bluff,08407500,so4,1969-10-21,784.0
Red Bluff,08407500,so4,1969-10-23,480.0
Red Bluff,08407500,so4,1969-10-25,768.0
Red Bluff,08407500,so4,1969-10-28,584.0
Red Bluff,08407500,so4,1969-11-01,536.0
Red Bluff,08407500,so4,1969-11-04,792.0
Red Bluff,08407500,so4,1969-11-08,1200.0
Red Bluff,08407500,so4,1969-12-01,1650.0
Red Bluff,08407500,so4,1969-12-02,1640.0
Red Bluff,08407500,so4,1970-01-01,1760.0
Red Bluff,08407500,so4,1970-01-02,1670.0
Red Bluff,08407500,so4,1970-02-01,1760.0
Red Bluff,08407500,so4,1970-02-03,1720.0
Red Bluff,08407500,so4,1970-03-01,1870.0
Red Bluff,08407500,so4,1970-03-03,1900.0
Red Bluff,08407500,so4,1970-03-26,1900.0
Red Bluff,08407500,so4,1970-04-01,2240.0
Red Bluff,08407500,so4,1970-04-19,2520.0
Red Bluff,08407500,so4,1970-05-01,2520.0
Red Bluff,08407500,so4,1970-06-02,2340.0
Red Bluff,08407500,so4,1970-07-07,1640.0
Red Bluff,08407500,so4,1970-08-04,2770.0
Red Bluff,08407500,so4,1970-09-02,2820.0
Red Bluff,08407500,so4,1970-10-06,1820.0
Red Bluff,08407500,so4,1970-11-03,1960.0
Red Bluff,08407500,so4,1971-01-11,1900.0
Red Bluff,08407500,so4,1971-02-02,2000.0
Red Bluff,08407500,so4,1971-04-06,2500.0
Red Bluff,08407500,so4,1971-05-04,2900.0
Red Bluff,08407500,so4,1971-07-07,3700.0
Red Bluff,08407500,so4,1971-08-03,1300.0
Red Bluff,08407500,so4,1971-10-05,2500.0
Red Bluff,08407500,so4,1971-11-02,2700.0
Red Bluff,08407500,so4,1972-01-12,1970.0
Red Bluff,08407500,so4,1972-02-08,2000.0
Red Bluff,08407500,so4,1972-04-04,2600.0
Red Bluff,08407500,so4,1972-05-03,3100.0
Red Bluff,08407500,so4,1972-07-11,3300.0
Red Bluff,08407500,so4,1972-08-08,1100.0
Red Bluff,08407500,so4,1972-10-04,1700.0
Red Bluff,08407500,so4,1972-11-08,1700.0
Red Bluff,08407500,so4,1973-01-09,1700.0
Red Bluff,08407500,so4,1973-02-06,1800.0
Red Bluff,08407500,so4,1973-04-11,2100.0
Red Bluff,08407500,so4,1973-05-08,2000.0
Red Bluff,08407500,so4,1973-07-10,1900.0
Red Bluff,08407500,so4,1973-08-14,1900.0
Red Bluff,08407500,so4,1973-10-18,1800.0
Red Bluff,08407500,so4,1973-11-08,1800.0
Red Bluff,08407500,so4,1974-01-17,1900.0
Red Bluff,08407500,so4,1974-02-13,2100.0
Red Bluff,08407500,so4,1974-04-18,3200.0
Red Bluff,08407500,so4,1974-05-15,3000.0
Red Bluff,08407500,so4,1974-07-18,2700.0
Red Bluff,08407500,so4,1974-08-14,2600.0
Red Bluff,08407500,so4,1974-11-14,1200.0
Red Bluff,08407500,so4,1974-12-12,1400.0
Red Bluff,08407500,so4,1975-02-13,1600.0
Red Bluff,08407500,so4,1975-03-05,1700.0
Red Bluff,08407500,so4,1975-05-15,1900.0
Red Bluff,08407500,so4,1975-06-10,2000.0
Red Bluff,08407500,so4,1975-08-21,2100.0
Red Bluff,08407500,so4,1975-09-18,2100.0
Red Bluff,08407500,so4,1975-11-20,1900.0
Red Bluff,08407500,so4,1975-12-18,1600.0
Red Bluff,08407500,so4,1976-02-05,1700.0
Red Bluff,08407500,so4,1976-03-11,2200.0
Red Bluff,08407500,so4,1976-05-20,2300.0
Red Bluff,08407500,so4,1976-06-17,3500.0
Red Bluff,08407500,so4,1976-09-03,2200.0
Red Bluff,08407500,so4,1976-10-07,2000.0
Red Bluff,08407500,so4,1976-12-15,1800.0
Red Bluff,08407500,so4,1977-01-19,2000.0
Red Bluff,08407500,so4,1977-03-23,1900.0
Red Bluff,08407500,so4,1977-04-28,2400.0
Red Bluff,08407500,so4,1977-06-30,2300.0
Red Bluff,08407500,so4,1977-07-28,3500.0
Red Bluff,08407500,so4,1977-10-07,660.0
Red Bluff,08407500,so4,1977-11-03,2900.0
Red Bluff,08407500,so4,1977-12-08,3000.0
Red Bluff,08407500,so4,1978-02-09,2400.0
Red Bluff,08407500,so4,1978-03-08,2300.0
Red Bluff,08407500,so4,1978-05-04,2000.0
Red Bluff,08407500,so4,1978-06-14,1700.0
Red Bluff,08407500,so4,1978-08-16,1700.0
Red Bluff,08407500,so4,1978-09-27,130.0
Red Bluff,08407500,so4,1978-11-15,1100.0
Red Bluff,08407500,so4,1978-12-11,1300.0
Red Bluff,08407500,so4,1979-02-20,1900.0
Red Bluff,08407500,so4,1979-03-21,1800.0
Red Bluff,08407500,so4,1979-05-16,2200.0
Red Bluff,08407500,so4,1979-06-21,960.0
Red Bluff,08407500,so4,1979-08-09,1700.0
Red Bluff,08407500,so4,1979-09-13,1600.0
Red Bluff,08407500,so4,1979-11-08,1600.0
Red Bluff,08407500,so4,1979-12-04,1600.0
Red Bluff,08407500,so4,1980-02-27,1600.0
Red Bluff,08407500,so4,1980-03-26,2000.0
Red Bluff,08407500,so4,1980-05-28,1800.0
Red Bluff,08407500,so4,1980-06-25,2500.0
Red Bluff,08407500,so4,1980-08-27,2600.0
Red Bluff,08407500,so4,1980-09-24,2000.0
Red Bluff,08407500,so4,1980-12-17,1600.0
Red Bluff,08407500,so4,1981-01-26,1700.0
Red Bluff,08407500,so4,1981-03-17,1600.0
Red Bluff,08407500,so4,1981-04-23,1400.0
Red Bluff,08407500,so4,1981-06-24,2200.0
Red Bluff,08407500,so4,1981-07-28,2000.0
Red Bluff,08407500,so4,1981-09-17,1900.0
Red Bluff,08407500,so4,1981-11-03,1900.0
Red Bluff,08407500,so4,1982-02-02,1900.0
Red Bluff,08407500,so4,1982-03-29,1700.0
Red Bluff,08407500,so4,1982-07-26,2600.0
Red Bluff,08407500,so4,1982-08-27,1800.0
Red Bluff,08407500,so4,1983-01-11,1600.0
Red Bluff,08407500,so4,1983-03-01,1700.0
Red Bluff,08407500,so4,1983-06-28,2700.0
Red Bluff,08407500,so4,1983-08-26,2100.0
Red Bluff,08407500,so4,1983-12-28,1700.0
Red Bluff,08407500,so4,1984-02-27,1900.0
Red Bluff,08407500,so4,1984-06-27,2100.0
Red Bluff,08407500,so4,1984-08-30,1300.0
Red Bluff,08407500,so4,1984-12-27,1600.0
Red Bluff,08407500,so4,1985-03-12,1800.0
Red Bluff,08407500,so4,1985-06-25,2600.0
Red Bluff,08407500,so4,1985-08-29,2300.0
Red Bluff,08407500,so4,1986-01-02,1900.0
Red Bluff,08407500,so4,1986-02-27,2200.0
Red Bluff,08407500,so4,1986-09-10,1700.0
Red Bluff,08407500,so4,1986-11-07,1100.0
Red Bluff,08407500,so4,1987-02-26,1300.0
Red Bluff,08407500,so4,1987-05-07,1300.0
Red Bluff,08407500,so4,1987-08-28,1600.0
Red Bluff,08407500,so4,1987-10-29,1700.0
Red Bluff,08407500,so4,1988-02-26,1700.0
Red Bluff,08407500,so4,1988-05-02,2000.0
Red Bluff,08407500,so4,1988-08-31,1900.0
Red Bluff,08407500,so4,1988-10-27,1900.0
Red Bluff,08407500,so4,1989-02-28,1600.0
Red Bluff,08407500,so4,1989-05-01,2100.0
Red Bluff,08407500,so4,1989-09-01,2200.0
Red Bluff,08407500,so4,1989-10-31,2200.0
Red Bluff,08407500,so4,1990-02-28,1700.0
Red Bluff,08407500,so4,1990-04-26,2300.0
Red Bluff,08407500,so4,1990-08-30,2200.0
Red Bluff,08407500,so4,1990-10-30,1700.0
Red Bluff,08407500,so4,1991-02-28,2000.0
Red Bluff,08407500,so4,1991-04-29,3200.0
Red Bluff,08407500,so4,1991-09-20,990.0
Red Bluff,08407500,so4,1991-10-31,1700.0
Red Bluff,08407500,so4,1992-05-28,1000.0
Red Bluff,08407500,so4,1992-07-31,1500.0
Red Bluff,08407500,so4,1992-11-12,1600.0
Red Bluff,08407500,so4,1993-04-02,2000.0
Red Bluff,08407500,so4,1993-06-29,2200.0
Red Bluff,08407500,so4,1993-12-21,1600.0
Red Bluff,08407500,so4,1994-06-30,2100.0
Red Bluff,08407500,so4,1994-09-13,1800.0
Red Bluff,08407500,so4,2023-07-24,2070.0
Red Bluff,08407500,tds,1959-10-01,10400.0
Red Bluff,08407500,tds,1959-10-22,9070.0
Red Bluff,08407500,tds,1959-11-01,10.8
Red Bluff,08407500,tds,1959-12-01,12.5
Red Bluff,08407500,tds,1959-12-18,7190.0
Red Bluff,08407500,tds,1960-02-01,1160.0
Red Bluff,08407500,tds,1960-02-21,11300.0
Red Bluff,08407500,tds,1960-03-01,11900.0
Red Bluff,08407500,tds,1960-03-20,892.0
Red Bluff,08407500,tds,1960-03-24,943.0
Red Bluff,08407500,tds,1960-04-06,14400.0
Red Bluff,08407500,tds,1960-04-22,1020.0
Red Bluff,08407500,tds,1960-05-04,951.0
Red Bluff,08407500,tds,1960-05-23,20.1
Red Bluff,08407500,tds,1960-06-01,15000.0
Red Bluff,08407500,tds,1960-06-23,11500.0
Red Bluff,08407500,tds,1960-06-30,19.7
Red Bluff,08407500,tds,1960-07-04,3380.0
Red Bluff,08407500,tds,1960-07-06,2040.0
Red Bluff,08407500,tds,1960-07-07,3.44
Red Bluff,08407500,tds,1960-07-09,2440.0
Red Bluff,08407500,tds,1960-07-10,3140.0
Red Bluff,08407500,tds,1960-07-12,5060.0
Red Bluff,08407500,tds,1960-07-14,2580.0
Red Bluff,08407500,tds,1960-07-15,1.8
Red Bluff,08407500,tds,1960-07-18,4.19
Red Bluff,08407500,tds,1960-07-20,7900.0
Red Bluff,08407500,tds,1960-07-21,10.7
Red Bluff,08407500,tds,1960-07-22,5.37
Red Bluff,08407500,tds,1960-07-25,4930.0
Red Bluff,08407500,tds,1960-07-28,6930.0
Red Bluff,08407500,tds,1960-07-30,9040.0
Red Bluff,08407500,tds,1960-08-17,9530.0
Red Bluff,08407500,tds,1960-08-20,420.0
Red Bluff,08407500,tds,1960-08-24,8240.0
Red Bluff,08407500,tds,1960-08-26,15.2
Red Bluff,08407500,tds,1960-08-28,2220.0
Red Bluff,08407500,tds,1960-09-01,11.8
Red Bluff,08407500,tds,1960-10-01,12300.0
Red Bluff,08407500,tds,1960-10-11,9150.0
Red Bluff,08407500,tds,1960-10-17,2570.0
Red Bluff,08407500,tds,1960-10-22,1550.0
Red Bluff,08407500,tds,1960-11-06,7.37
Red Bluff,08407500,tds,1960-11-14,7.07
Red Bluff,08407500,tds,1960-12-11,6.34
Red Bluff,08407500,tds,1961-01-01,3230.0
Red Bluff,08407500,tds,1961-01-25,1890.0
Red Bluff,08407500,tds,1961-02-01,3890.0
Red Bluff,08407500,tds,1961-02-11,2590.0
Red Bluff,08407500,tds,1961-03-02,8.27
Red Bluff,08407500,tds,1961-03-12,1730.0
Red Bluff,08407500,tds,1961-04-03,1530.0
Red Bluff,08407500,tds,1961-04-25,10400.0
Red Bluff,08407500,tds,1961-05-29,1390.0
Red Bluff,08407500,tds,1961-06-15,1280.0
Red Bluff,08407500,tds,1961-06-29,18.1
Red Bluff,08407500,tds,1961-07-23,17.5
Red Bluff,08407500,tds,1961-08-04,12800.0
Red Bluff,08407500,tds,1961-09-01,1330.0
Red Bluff,08407500,tds,1961-10-03,12.2
Red Bluff,08407500,tds,1961-10-22,1680.0
Red Bluff,08407500,tds,1961-11-14,11300.0
Red Bluff,08407500,tds,1961-12-01,7670.0
Red Bluff,08407500,tds,1962-02-01,10.0
Red Bluff,08407500,tds,1962-03-09,751.0
Red Bluff,08407500,tds,1962-04-01,1350.0
Red Bluff,08407500,tds,1962-05-01,13500.0
Red Bluff,08407500,tds,1962-05-27,11200.0
Red Bluff,08407500,tds,1962-06-11,9720.0
Red Bluff,08407500,tds,1962-06-16,886.0
Red Bluff,08407500,tds,1962-06-27,13.7
Red Bluff,08407500,tds,1962-07-26,3.54
Red Bluff,08407500,tds,1962-07-30,8660.0
Red Bluff,08407500,tds,1962-08-01,1.81
Red Bluff,08407500,tds,1962-08-03,2530.0
Red Bluff,08407500,tds,1962-08-09,715.0
Red Bluff,08407500,tds,1962-09-01,1200.0
Red Bluff,08407500,tds,1962-10-01,12500.0
Red Bluff,08407500,tds,1962-11-01,1570.0
Red Bluff,08407500,tds,1963-01-01,10.4
Red Bluff,08407500,tds,1963-02-06,12.9
Red Bluff,08407500,tds,1963-02-23,10200.0
Red Bluff,08407500,tds,1963-03-01,7780.0
Red Bluff,08407500,tds,1963-03-09,11100.0
Red Bluff,08407500,tds,1963-04-03,2140.0
Red Bluff,08407500,tds,1963-04-08,6750.0
Red Bluff,08407500,tds,1963-04-11,12.6
Red Bluff,08407500,tds,1963-04-21,17.5
Red Bluff,08407500,tds,1963-05-06,10500.0
Red Bluff,08407500,tds,1963-05-17,18.1
Red Bluff,08407500,tds,1963-05-25,10600.0
Red Bluff,08407500,tds,1963-06-01,14.4
Red Bluff,08407500,tds,1963-06-08,786.0
Red Bluff,08407500,tds,1963-06-22,15.4
Red Bluff,08407500,tds,1963-07-03,15900.0
Red Bluff,08407500,tds,1963-07-08,11100.0
Red Bluff,08407500,tds,1963-07-16,15.9
Red Bluff,08407500,tds,1963-07-25,15400.0
Red Bluff,08407500,tds,1963-07-27,17100.0
Red Bluff,08407500,tds,1963-08-03,892.0
Red Bluff,08407500,tds,1963-08-09,397.0
Red Bluff,08407500,tds,1963-08-16,1970.0
Red Bluff,08407500,tds,1963-08-21,8.39
Red Bluff,08407500,tds,1963-09-01,1780.0
Red Bluff,08407500,tds,1963-09-02,3.9
Red Bluff,08407500,tds,1963-09-05,525.0
Red Bluff,08407500,tds,1963-09-19,13.9
Red Bluff,08407500,tds,1963-09-27,1490.0
Red Bluff,08407500,tds,1963-10-09,12.6
Red Bluff,08407500,tds,1963-11-01,11200.0
Red Bluff,08407500,tds,1963-12-01,11.5
Red Bluff,08407500,tds,1964-01-01,852.0
Red Bluff,08407500,tds,1964-01-29,7710.0
Red Bluff,08407500,tds,1964-02-20,9.6
Red Bluff,08407500,tds,1964-03-11,9740.0
Red Bluff,08407500,tds,1964-04-10,12700.0
Red Bluff,08407500,tds,1964-05-28,9940.0
Red Bluff,08407500,tds,1964-06-12,4.43
Red Bluff,08407500,tds,1964-06-15,13.4
Red Bluff,08407500,tds,1964-06-17,4.07
Red Bluff,08407500,tds,1964-06-25,880.0
Red Bluff,08407500,tds,1964-06-28,2870.0
Red Bluff,08407500,tds,1964-07-01,8.04
Red Bluff,08407500,tds,1964-07-06,12.2
Red Bluff,08407500,tds,1964-07-13,40.8
Red Bluff,08407500,tds,1964-07-24,7890.0
Red Bluff,08407500,tds,1964-07-28,19.6
Red Bluff,08407500,tds,1964-08-01,28.6
Red Bluff,08407500,tds,1964-08-19,8.08
Red Bluff,08407500,tds,1964-08-22,6080.0
Red Bluff,08407500,tds,1964-08-26,16.6
Red Bluff,08407500,tds,1964-08-30,19500.0
Red Bluff,08407500,tds,1964-09-14,1680.0
Red Bluff,08407500,tds,1964-09-16,2690.0
Red Bluff,08407500,tds,1964-09-18,192.0
Red Bluff,08407500,tds,1964-09-22,5.0
Red Bluff,08407500,tds,1964-09-26,216.0
Red Bluff,08407500,tds,1964-10-01,8180.0
Red Bluff,08407500,tds,1964-10-09,13700.0
Red Bluff,08407500,tds,1964-11-01,382.0
Red Bluff,08407500,tds,1965-01-01,21.2
Red Bluff,08407500,tds,1965-03-01,13200.0
Red Bluff,08407500,tds,1965-03-20,18100.0
Red Bluff,08407500,tds,1965-03-24,20600.0
Red Bluff,08407500,tds,1965-04-03,25.8
Red Bluff,08407500,tds,1965-04-14,22400.0
Red Bluff,08407500,tds,1965-05-01,37.5
Red Bluff,08407500,tds,1965-05-15,39.2
Red Bluff,08407500,tds,1965-05-31,31600.0
Red Bluff,08407500,tds,1965-06-02,4330.0
Red Bluff,08407500,tds,1965-06-04,1080.0
Red Bluff,08407500,tds,1965-06-11,614.0
Red Bluff,08407500,tds,1965-06-23,20.7
Red Bluff,08407500,tds,1965-07-01,6.13
Red Bluff,08407500,tds,1965-07-05,8.64
Red Bluff,08407500,tds,1965-07-12,16.3
Red Bluff,08407500,tds,1965-07-30,14200.0
Red Bluff,08407500,tds,1965-08-03,189.0
Red Bluff,08407500,tds,1965-08-17,18.0
Red Bluff,08407500,tds,1965-08-27,358.0
Red Bluff,08407500,tds,1965-09-01,14500.0
Red Bluff,08407500,tds,1965-09-10,1510.0
Red Bluff,08407500,tds,1965-09-25,1170.0
Red Bluff,08407500,tds,1965-10-01,7040.0
Red Bluff,08407500,tds,1965-10-23,21.0
Red Bluff,08407500,tds,1965-11-10,2.28
Red Bluff,08407500,tds,1965-11-22,6.94
Red Bluff,08407500,tds,1965-12-01,12300.0
Red Bluff,08407500,tds,1966-02-01,625.0
Red Bluff,08407500,tds,1966-04-01,25.5
Red Bluff,08407500,tds,1966-04-25,11.5
Red Bluff,08407500,tds,1966-05-01,166.0
Red Bluff,08407500,tds,1966-05-22,15800.0
Red Bluff,08407500,tds,1966-06-01,1650.0
Red Bluff,08407500,tds,1966-06-15,504.0
Red Bluff,08407500,tds,1966-07-01,9410.0
Red Bluff,08407500,tds,1966-07-09,16400.0
Red Bluff,08407500,tds,1966-07-18,26.5
Red Bluff,08407500,tds,1966-08-08,2.83
Red Bluff,08407500,tds,1966-08-12,5800.0
Red Bluff,08407500,tds,1966-08-20,2820.0
Red Bluff,08407500,tds,1966-08-22,342.0
Red Bluff,08407500,tds,1966-08-24,48900.0
Red Bluff,08407500,tds,1966-08-28,5760.0
Red Bluff,08407500,tds,1966-09-01,7.1
Red Bluff,08407500,tds,1966-09-06,5.37
Red Bluff,08407500,tds,1966-09-10,2950.0
Red Bluff,08407500,tds,1966-09-22,2250.0
Red Bluff,08407500,tds,1966-11-01,12800.0
Red Bluff,08407500,tds,1966-12-09,0.1
Red Bluff,08407500,tds,1967-01-08,10900.0
Red Bluff,08407500,tds,1967-02-01,11.7
Red Bluff,08407500,tds,1967-04-01,20700.0
Red Bluff,08407500,tds,1967-06-01,35.4
Red Bluff,08407500,tds,1967-06-04,33.0
Red Bluff,08407500,tds,1967-06-07,28.7
Red Bluff,08407500,tds,1967-06-18,22100.0
Red Bluff,08407500,tds,1967-06-22,3180.0
Red Bluff,08407500,tds,1967-07-01,2000.0
Red Bluff,08407500,tds,1967-07-04,4.98
Red Bluff,08407500,tds,1967-07-22,5.17
Red Bluff,08407500,tds,1967-08-14,10300.0
Red Bluff,08407500,tds,1967-08-27,10500.0
Red Bluff,08407500,tds,1967-09-06,7.3
Red Bluff,08407500,tds,1967-11-01,15600.0
Red Bluff,08407500,tds,1967-12-01,13.7
Red Bluff,08407500,tds,1968-01-23,10200.0
Red Bluff,08407500,tds,1968-02-13,10.7
Red Bluff,08407500,tds,1968-03-23,758.0
Red Bluff,08407500,tds,1968-04-08,821.0
Red Bluff,08407500,tds,1968-05-01,945.0
Red Bluff,08407500,tds,1968-05-07,21.5
Red Bluff,08407500,tds,1968-05-14,4190.0
Red Bluff,08407500,tds,1968-05-16,9.66
Red Bluff,08407500,tds,1968-05-26,11900.0
Red Bluff,08407500,tds,1968-06-07,499.0
Red Bluff,08407500,tds,1968-06-26,479.0
Red Bluff,08407500,tds,1968-07-05,8740.0
Red Bluff,08407500,tds,1968-07-07,4430.0
Red Bluff,08407500,tds,1968-07-11,4870.0
Red Bluff,08407500,tds,1968-07-19,5.83
Red Bluff,08407500,tds,1968-07-24,11700.0
Red Bluff,08407500,tds,1968-08-07,12700.0
Red Bluff,08407500,tds,1968-08-31,10700.0
Red Bluff,08407500,tds,1968-09-02,11.1
Red Bluff,08407500,tds,1968-09-06,19.9
Red Bluff,08407500,tds,1968-10-01,13600.0
Red Bluff,08407500,tds,1968-10-21,1300.0
Red Bluff,08407500,tds,1968-11-14,654.0
Red Bluff,08407500,tds,1968-12-01,956.0
Red Bluff,08407500,tds,1969-01-13,10600.0
Red Bluff,08407500,tds,1969-01-29,946.0
Red Bluff,08407500,tds,1969-02-07,8760.0
Red Bluff,08407500,tds,1969-03-01,12.3
Red Bluff,08407500,tds,1969-03-15,13700.0
Red Bluff,08407500,tds,1969-03-18,952.0
Red Bluff,08407500,tds,1969-04-01,16500.0
Red Bluff,08407500,tds,1969-04-13,15200.0
Red Bluff,08407500,tds,1969-05-01,20.7
Red Bluff,08407500,tds,1969-05-07,15500.0
Red Bluff,08407500,tds,1969-06-01,677.0
Red Bluff,08407500,tds,1969-07-01,20200.0
Red Bluff,08407500,tds,1969-07-06,11500.0
Red Bluff,08407500,tds,1969-07-10,301.0
Red Bluff,08407500,tds,1969-08-01,27800.0
Red Bluff,08407500,tds,1969-08-13,29300.0
Red Bluff,08407500,tds,1969-09-01,3.39
Red Bluff,08407500,tds,1969-09-08,271.0
Red Bluff,08407500,tds,1969-09-21,3.56
Red Bluff,08407500,tds,1969-09-24,2710.0
Red Bluff,08407500,tds,1969-10-07,5.55
Red Bluff,08407500,tds,1969-10-12,7810.0
Red Bluff,08407500,tds,1969-10-22,570.0
Red Bluff,08407500,tds,1969-10-27,1450.0
Red Bluff,08407500,tds,1969-11-01,2.92
Red Bluff,08407500,tds,1969-11-04,3310.0
Red Bluff,08407500,tds,1969-11-20,7080.0
Red Bluff,08407500,tds,1969-12-01,11.1
Red Bluff,08407500,tds,1969-12-19,9.83
Red Bluff,08407500,tds,1970-01-02,7280.0
Red Bluff,08407500,tds,1970-01-06,9.89
Red Bluff,08407500,tds,1970-02-03,7370.0
Red Bluff,08407500,tds,1970-03-01,9250.0
Red Bluff,08407500,tds,1970-03-03,9510.0
Red Bluff,08407500,tds,1970-03-26,9610.0
Red Bluff,08407500,tds,1970-04-01,19.4
Red Bluff,08407500,tds,1970-04-19,1070.0
Red Bluff,08407500,tds,1970-05-05,23.8
Red Bluff,08407500,tds,1970-06-02,12800.0
Red Bluff,08407500,tds,1970-08-04,19800.0
Red Bluff,08407500,tds,1970-08-04,26.9
Red Bluff,08407500,tds,1970-09-02,19200.0
Red Bluff,08407500,tds,1970-11-03,8800.0
Red Bluff,08407500,tds,1970-12-08,12.9
Red Bluff,08407500,tds,1971-02-02,12.6
Red Bluff,08407500,tds,1971-03-02,15.4
Red Bluff,08407500,tds,1971-05-04,17000.0
Red Bluff,08407500,tds,1971-07-07,35.5
Red Bluff,08407500,tds,1971-08-03,8660.0
Red Bluff,08407500,tds,1971-10-05,18.2
Red Bluff,08407500,tds,1971-11-02,816.0
Red Bluff,08407500,tds,1972-01-12,9640.0
Red Bluff,08407500,tds,1972-03-07,16800.0
Red Bluff,08407500,tds,1972-04-04,17300.0
Red Bluff,08407500,tds,1972-06-07,247.0
Red Bluff,08407500,tds,1972-08-08,9.87
Red Bluff,08407500,tds,1972-09-13,8810.0
Red Bluff,08407500,tds,1972-11-08,8360.0
Red Bluff,08407500,tds,1972-12-05,8760.0
Red Bluff,08407500,tds,1973-02-06,13.7
Red Bluff,08407500,tds,1973-03-06,1340.0
Red Bluff,08407500,tds,1973-05-08,11700.0
Red Bluff,08407500,tds,1973-06-05,5.45
Red Bluff,08407500,tds,1973-08-14,1490.0
Red Bluff,08407500,tds,1973-10-18,8290.0
Red Bluff,08407500,tds,1973-11-08,1340.0
Red Bluff,08407500,tds,1974-01-17,989.0
Red Bluff,08407500,tds,1974-02-13,8960.0
Red Bluff,08407500,tds,1974-04-18,33.7
Red Bluff,08407500,tds,1974-05-15,31.4
Red Bluff,08407500,tds,1974-07-18,17000.0
Red Bluff,08407500,tds,1974-10-11,7260.0
Red Bluff,08407500,tds,1974-11-14,5520.0
Red Bluff,08407500,tds,1975-01-08,5560.0
Red Bluff,08407500,tds,1975-02-13,8.51
Red Bluff,08407500,tds,1975-04-17,12.6
Red Bluff,08407500,tds,1975-06-10,14.1
Red Bluff,08407500,tds,1975-07-17,10500.0
Red Bluff,08407500,tds,1975-09-18,9170.0
Red Bluff,08407500,tds,1975-10-29,758.0
Red Bluff,08407500,tds,1975-12-18,6330.0
Red Bluff,08407500,tds,1976-01-08,8210.0
Red Bluff,08407500,tds,1976-03-11,14400.0
Red Bluff,08407500,tds,1976-05-20,531.0
Red Bluff,08407500,tds,1976-06-17,26100.0
Red Bluff,08407500,tds,1976-09-03,576.0
Red Bluff,08407500,tds,1976-10-07,14300.0
Red Bluff,08407500,tds,1976-12-15,8050.0
Red Bluff,08407500,tds,1977-01-19,9320.0
Red Bluff,08407500,tds,1977-03-23,18.0
Red Bluff,08407500,tds,1977-04-28,13300.0
Red Bluff,08407500,tds,1977-06-30,16400.0
Red Bluff,08407500,tds,1977-08-24,346.0
Red Bluff,08407500,tds,1977-10-07,20300.0
Red Bluff,08407500,tds,1977-11-03,21700.0
Red Bluff,08407500,tds,1978-01-11,14600.0
Red Bluff,08407500,tds,1978-03-08,16.7
Red Bluff,08407500,tds,1978-04-06,22400.0
Red Bluff,08407500,tds,1978-06-14,10500.0
Red Bluff,08407500,tds,1978-07-19,26500.0
Red Bluff,08407500,tds,1978-09-27,382.0
Red Bluff,08407500,tds,1978-10-27,22.8
Red Bluff,08407500,tds,1978-12-11,6580.0
Red Bluff,08407500,tds,1979-01-24,1070.0
Red Bluff,08407500,tds,1979-03-21,8010.0
Red Bluff,08407500,tds,1979-05-16,12500.0
Red Bluff,08407500,tds,1979-06-21,1110.0
Red Bluff,08407500,tds,1979-08-09,867.0
Red Bluff,08407500,tds,1979-09-13,6620.0
Red Bluff,08407500,tds,1979-11-08,6130.0
Red Bluff,08407500,tds,1980-01-17,6090.0
Red Bluff,08407500,tds,1980-02-27,973.0
Red Bluff,08407500,tds,1980-04-29,682.0
Red Bluff,08407500,tds,1980-05-28,8490.0
Red Bluff,08407500,tds,1980-07-23,419.0
Red Bluff,08407500,tds,1980-08-27,13300.0
Red Bluff,08407500,tds,1980-11-20,1820.0
Red Bluff,08407500,tds,1981-01-26,9.86
Red Bluff,08407500,tds,1981-02-24,8670.0
Red Bluff,08407500,tds,1981-04-23,1110.0
Red Bluff,08407500,tds,1981-05-28,16.6
Red Bluff,08407500,tds,1981-07-28,8490.0
Red Bluff,08407500,tds,1981-08-20,7.11
Red Bluff,08407500,tds,1981-11-03,911.0
Red Bluff,08407500,tds,1982-02-02,1050.0
Red Bluff,08407500,tds,1982-03-29,572.0
Red Bluff,08407500,tds,1982-07-26,646.0
Red Bluff,08407500,tds,1982-08-27,667.0
Red Bluff,08407500,tds,1983-01-11,1090.0
Red Bluff,08407500,tds,1983-05-12,11200.0
Red Bluff,08407500,tds,1983-06-28,832.0
Red Bluff,08407500,tds,1983-10-28,693.0
Red Bluff,08407500,tds,1983-12-28,6530.0
Red Bluff,08407500,tds,1984-04-26,14000.0
Red Bluff,08407500,tds,1984-06-27,10200.0
Red Bluff,08407500,tds,1984-10-29,5930.0
Red Bluff,08407500,tds,1985-03-12,9.6
Red Bluff,08407500,tds,1985-04-25,806.0
Red Bluff,08407500,tds,1985-08-29,10200.0
Red Bluff,08407500,tds,1986-01-02,7150.0
Red Bluff,08407500,tds,1986-02-27,1080.0
Red Bluff,08407500,tds,1986-09-10,1610.0
Red Bluff,08407500,tds,1987-01-08,5.4
Red Bluff,08407500,tds,1987-02-26,3810.0
Red Bluff,08407500,tds,1987-06-30,4.37
Red Bluff,08407500,tds,1987-08-28,5810.0
Red Bluff,08407500,tds,1988-01-04,6290.0
Red Bluff,08407500,tds,1988-02-26,8.17
Red Bluff,08407500,tds,1988-06-29,6620.0
Red Bluff,08407500,tds,1988-10-27,9.41
Red Bluff,08407500,tds,1988-12-30,5800.0
Red Bluff,08407500,tds,1989-05-01,8500.0
Red Bluff,08407500,tds,1989-09-01,8210.0
Red Bluff,08407500,tds,1989-10-31,8280.0
Red Bluff,08407500,tds,1990-02-28,928.0
Red Bluff,08407500,tds,1990-04-26,12100.0
Red Bluff,08407500,tds,1990-08-30,681.0
Red Bluff,08407500,tds,1991-01-31,6390.0
Red Bluff,08407500,tds,1991-02-28,8110.0
Red Bluff,08407500,tds,1991-06-27,375.0
Red Bluff,08407500,tds,1991-09-20,4.01
Red Bluff,08407500,tds,1991-12-30,2580.0
Red Bluff,08407500,tds,1992-05-28,2600.0
Red Bluff,08407500,tds,1992-09-30,1360.0
Red Bluff,08407500,tds,1993-04-02,1250.0
Red Bluff,08407500,tds,1993-06-01,7610.0
Red Bluff,08407500,tds,1993-12-21,5620.0
Red Bluff,08407500,tds,1994-06-30,10.8
Red Bluff,08407500,tds,1994-09-13,9.03
Red Bluff,08407500,tds,2023-07-24,8.41
Orla (ch 82),08412500,cl,1969-10-01,3750.0
Orla (ch 82),08412500,cl,1969-10-21,142.0
Orla (ch 82),08412500,cl,1969-10-22,325.0
Orla (ch 82),08412500,cl,1969-10-24,2300.0
Orla (ch 82),08412500,cl,1969-11-01,3650.0
Orla (ch 82),08412500,cl,1969-12-01,3600.0
Orla (ch 82),08412500,cl,1970-01-01,3600.0
Orla (ch 82),08412500,cl,1970-02-01,3480.0
Orla (ch 82),08412500,cl,1970-02-19,1680.0
Orla (ch 82),08412500,cl,1970-02-20,1940.0
Orla (ch 82),08412500,cl,1970-02-26,3480.0
Orla (ch 82),08412500,cl,1970-03-01,4300.0
Orla (ch 82),08412500,cl,1970-03-27,1840.0
Orla (ch 82),08412500,cl,1970-04-01,1720.0
Orla (ch 82),08412500,cl,1970-04-15,2220.0
Orla (ch 82),08412500,cl,1970-05-01,2220.0
Orla (ch 82),08412500,cl,1970-06-01,2380.0
Orla (ch 82),08412500,cl,1970-06-22,900.0
Orla (ch 82),08412500,cl,1970-06-24,2380.0
Orla (ch 82),08412500,cl,1970-07-01,840.0
Orla (ch 82),08412500,cl,1970-07-02,2100.0
Orla (ch 82),08412500,cl,1970-08-01,2220.0
Orla (ch 82),08412500,cl,1970-08-26,2850.0
Orla (ch 82),08412500,cl,1970-09-01,2450.0
Orla (ch 82),08412500,cl,1970-09-17,1240.0
Orla (ch 82),08412500,cl,1970-09-19,3950.0
Orla (ch 82),08412500,cl,1970-10-01,3600.0
Orla (ch 82),08412500,cl,1970-11-01,3900.0
Orla (ch 82),08412500,cl,1970-12-01,4200.0
Orla (ch 82),08412500,cl,1971-01-01,4200.0
Orla (ch 82),08412500,cl,1971-02-01,3600.0
Orla (ch 82),08412500,cl,1971-03-01,4200.0
Orla (ch 82),08412500,cl,1971-04-01,3200.0
Orla (ch 82),08412500,cl,1971-05-01,3300.0
Orla (ch 82),08412500,cl,1971-06-01,3800.0
Orla (ch 82),08412500,cl,1971-07-01,4000.0
Orla (ch 82),08412500,cl,1971-08-01,200.0
Orla (ch 82),08412500,cl,1971-08-02,500.0
Orla (ch 82),08412500,cl,1971-08-03,1900.0
Orla (ch 82),08412500,cl,1971-08-04,4300.0
Orla (ch 82),08412500,cl,1971-08-17,500.0
Orla (ch 82),08412500,cl,1971-08-19,1900.0
Orla (ch 82),08412500,cl,1971-08-20,4300.0
Orla (ch 82),08412500,cl,1971-09-01,3700.0
Orla (ch 82),08412500,cl,1971-09-23,1900.0
Orla (ch 82),08412500,cl,1971-09-24,400.0
Orla (ch 82),08412500,cl,1971-09-25,800.0
Orla (ch 82),08412500,cl,1971-09-26,1900.0
Orla (ch 82),08412500,cl,1971-09-28,2900.0
Orla (ch 82),08412500,cl,1971-10-01,3400.0
Orla (ch 82),08412500,cl,1971-10-10,350.0
Orla (ch 82),08412500,cl,1971-10-11,3400.0
Orla (ch 82),08412500,cl,1971-11-01,4800.0
Orla (ch 82),08412500,cl,1971-12-01,5000.0
Orla (ch 82),08412500,cl,1972-01-01,4900.0
Orla (ch 82),08412500,cl,1972-02-01,5000.0
Orla (ch 82),08412500,cl,1972-03-01,5600.0
Orla (ch 82),08412500,cl,1972-04-01,5800.0
Orla (ch 82),08412500,cl,1972-04-14,3900.0
Orla (ch 82),08412500,cl,1972-05-01,4600.0
Orla (ch 82),08412500,cl,1972-06-01,4400.0
Orla (ch 82),08412500,cl,1972-07-01,4800.0
Orla (ch 82),08412500,cl,1972-08-01,4200.0
Orla (ch 82),08412500,cl,1972-08-16,980.0
Orla (ch 82),08412500,cl,1972-08-17,4200.0
Orla (ch 82),08412500,cl,1972-08-24,980.0
Orla (ch 82),08412500,cl,1972-08-25,4200.0
Orla (ch 82),08412500,cl,1972-09-01,3600.0
Orla (ch 82),08412500,cl,1972-10-30,5200.0
Orla (ch 82),08412500,cl,1972-11-24,4700.0
Orla (ch 82),08412500,cl,1973-01-09,6700.0
Orla (ch 82),08412500,cl,1973-02-28,6400.0
Orla (ch 82),08412500,cl,1973-03-05,6000.0
Orla (ch 82),08412500,cl,1973-04-03,2400.0
Orla (ch 82),08412500,cl,1973-05-31,3200.0
Orla (ch 82),08412500,cl,1973-06-19,2200.0
Orla (ch 82),08412500,cl,1973-07-25,2000.0
Orla (ch 82),08412500,cl,1973-08-16,1600.0
Orla (ch 82),08412500,cl,1973-09-15,2600.0
Orla (ch 82),08412500,cl,1973-10-03,2200.0
Orla (ch 82),08412500,cl,1973-11-14,5900.0
Orla (ch 82),08412500,cl,1973-12-11,3200.0
Orla (ch 82),08412500,cl,1974-01-09,3800.0
Orla (ch 82),08412500,cl,1974-02-20,3400.0
Orla (ch 82),08412500,cl,1974-03-20,2700.0
Orla (ch 82),08412500,cl,1974-04-04,3400.0
Orla (ch 82),08412500,cl,1974-05-16,3500.0
Orla (ch 82),08412500,cl,1974-06-17,4100.0
Orla (ch 82),08412500,cl,1974-07-19,5000.0
Orla (ch 82),08412500,cl,1974-08-21,4400.0
Orla (ch 82),08412500,cl,1974-09-23,1600.0
Orla (ch 82),08412500,cl,1974-10-24,6300.0
Orla (ch 82),08412500,cl,1974-11-30,7000.0
Orla (ch 82),08412500,cl,1974-12-04,7100.0
Orla (ch 82),08412500,cl,1975-01-08,6200.0
Orla (ch 82),08412500,cl,1975-02-25,6400.0
Orla (ch 82),08412500,cl,1975-03-20,5900.0
Orla (ch 82),08412500,cl,1975-04-14,2100.0
Orla (ch 82),08412500,cl,1975-05-01,1800.0
Orla (ch 82),08412500,cl,1975-06-10,1700.0
Orla (ch 82),08412500,cl,1975-07-17,1800.0
Orla (ch 82),08412500,cl,1975-08-03,1700.0
Orla (ch 82),08412500,cl,1975-09-11,1700.0
Orla (ch 82),08412500,cl,1975-10-23,2600.0
Orla (ch 82),08412500,cl,1975-11-17,6500.0
Orla (ch 82),08412500,cl,1975-12-04,6300.0
Orla (ch 82),08412500,cl,1976-01-25,2200.0
Orla (ch 82),08412500,cl,1976-02-12,6500.0
Orla (ch 82),08412500,cl,1976-03-25,6700.0
Orla (ch 82),08412500,cl,1976-04-28,2300.0
Orla (ch 82),08412500,cl,1976-05-06,2400.0
Orla (ch 82),08412500,cl,1976-06-10,2800.0
Orla (ch 82),08412500,cl,1976-07-22,3000.0
Orla (ch 82),08412500,cl,1976-08-31,2700.0
Orla (ch 82),08412500,cl,1976-09-25,4100.0
Orla (ch 82),08412500,cl,1976-10-07,6500.0
Orla (ch 82),08412500,cl,1977-01-06,7000.0
Orla (ch 82),08412500,cl,1977-02-16,7200.0
Orla (ch 82),08412500,cl,1977-04-16,2900.0
Orla (ch 82),08412500,cl,1977-05-11,3200.0
Orla (ch 82),08412500,cl,1977-06-29,3000.0
Orla (ch 82),08412500,cl,1977-07-08,3600.0
Orla (ch 82),08412500,cl,1977-08-10,4000.0
Orla (ch 82),08412500,cl,1977-09-13,4400.0
Orla (ch 82),08412500,cl,1977-12-31,8100.0
Orla (ch 82),08412500,cl,1978-02-14,7600.0
Orla (ch 82),08412500,cl,1978-03-29,8400.0
Orla (ch 82),08412500,cl,1978-04-19,8500.0
Orla (ch 82),08412500,cl,1978-06-13,5800.0
Orla (ch 82),08412500,cl,1978-07-25,2400.0
Orla (ch 82),08412500,cl,1978-08-19,3400.0
Orla (ch 82),08412500,cl,1978-09-06,6800.0
Orla (ch 82),08412500,cl,1978-10-03,4800.0
Orla (ch 82),08412500,cl,1978-12-30,6100.0
Orla (ch 82),08412500,cl,1979-01-09,5600.0
Orla (ch 82),08412500,cl,1979-02-13,5000.0
Orla (ch 82),08412500,cl,1979-03-27,6500.0
Orla (ch 82),08412500,cl,1979-05-08,2100.0
Orla (ch 82),08412500,cl,1979-06-20,1800.0
Orla (ch 82),08412500,cl,1979-07-31,3700.0
Orla (ch 82),08412500,cl,1979-09-11,2400.0
Orla (ch 82),08412500,cl,1979-10-23,4100.0
Orla (ch 82),08412500,cl,1979-11-12,6700.0
Orla (ch 82),08412500,cl,1980-01-15,7000.0
Orla (ch 82),08412500,cl,1980-02-11,6800.0
Orla (ch 82),08412500,cl,1980-04-17,2400.0
Orla (ch 82),08412500,cl,1980-05-28,2900.0
Orla (ch 82),08412500,cl,1980-07-10,3100.0
Orla (ch 82),08412500,cl,1980-08-21,4300.0
Orla (ch 82),08412500,cl,1980-10-09,4200.0
Orla (ch 82),08412500,cl,1981-02-26,2200.0
Orla (ch 82),08412500,cl,1981-06-25,2600.0
Orla (ch 82),08412500,cl,1981-08-13,3100.0
Orla (ch 82),08412500,cl,1981-09-16,3000.0
Orla (ch 82),08412500,cl,1981-10-21,7000.0
Orla (ch 82),08412500,cl,1981-12-03,7800.0
Orla (ch 82),08412500,cl,1982-04-28,4000.0
Orla (ch 82),08412500,cl,1982-06-30,4700.0
Orla (ch 82),08412500,cl,1982-08-25,5200.0
Orla (ch 82),08412500,cl,1982-12-15,5200.0
Orla (ch 82),08412500,cl,1983-03-09,4600.0
Orla (ch 82),08412500,cl,1983-04-27,3500.0
Orla (ch 82),08412500,cl,1983-06-08,4100.0
Orla (ch 82),08412500,cl,1983-07-21,4200.0
Orla (ch 82),08412500,cl,1983-09-15,4800.0
Orla (ch 82),08412500,cl,1983-10-27,5500.0
Orla (ch 82),08412500,cl,1984-01-05,5900.0
Orla (ch 82),08412500,cl,1984-04-11,4600.0
Orla (ch 82),08412500,cl,1984-05-31,4900.0
Orla (ch 82),08412500,cl,1984-08-23,4500.0
Orla (ch 82),08412500,cl,1984-10-11,4400.0
Orla (ch 82),08412500,cl,1984-11-07,5000.0
Orla (ch 82),08412500,cl,1985-04-30,3600.0
Orla (ch 82),08412500,cl,1985-06-25,2800.0
Orla (ch 82),08412500,cl,1985-07-30,4000.0
Orla (ch 82),08412500,cl,1985-08-27,2900.0
Orla (ch 82),08412500,cl,1985-10-02,3200.0
Orla (ch 82),08412500,cl,1985-12-04,4700.0
Orla (ch 82),08412500,cl,1986-04-01,4100.0
Orla (ch 82),08412500,cl,1986-06-03,7900.0
Orla (ch 82),08412500,cl,1986-08-05,2900.0
Orla (ch 82),08412500,cl,1986-10-02,3000.0
Orla (ch 82),08412500,cl,1986-11-24,3700.0
Orla (ch 82),08412500,cl,1987-01-22,4100.0
Orla (ch 82),08412500,cl,1987-03-10,3300.0
Orla (ch 82),08412500,cl,1987-05-06,1400.0
Orla (ch 82),08412500,cl,1987-07-07,1300.0
Orla (ch 82),08412500,cl,1987-10-07,1600.0
Orla (ch 82),08412500,cl,1988-01-05,3400.0
Orla (ch 82),08412500,cl,1988-04-06,1300.0
Orla (ch 82),08412500,cl,1988-05-03,1800.0
Orla (ch 82),08412500,cl,1988-06-07,1600.0
Orla (ch 82),08412500,cl,1988-07-06,1500.0
Orla (ch 82),08412500,cl,1988-10-04,2000.0
Orla (ch 82),08412500,cl,1988-11-02,2000.0
Orla (ch 82),08412500,cl,1989-01-04,3500.0
Orla (ch 82),08412500,cl,1989-04-04,1900.0
Orla (ch 82),08412500,cl,1989-06-07,2000.0
Orla (ch 82),08412500,cl,1989-10-03,2400.0
Orla (ch 82),08412500,cl,1989-11-07,3200.0
Orla (ch 82),08412500,cl,1990-01-03,4100.0
Orla (ch 82),08412500,cl,1990-05-02,2900.0
Orla (ch 82),08412500,cl,1990-06-06,2900.0
Orla (ch 82),08412500,cl,1990-08-07,1000.0
Orla (ch 82),08412500,cl,1990-10-03,2300.0
Orla (ch 82),08412500,cl,1990-11-06,4200.0
Orla (ch 82),08412500,cl,1991-03-20,4000.0
Orla (ch 82),08412500,cl,1991-05-07,3000.0
Orla (ch 82),08412500,cl,1991-06-26,3800.0
Orla (ch 82),08412500,cl,1991-08-14,4100.0
Orla (ch 82),08412500,cl,1991-10-08,4700.0
Orla (ch 82),08412500,cl,1992-01-09,4200.0
Orla (ch 82),08412500,cl,1992-03-03,4400.0
Orla (ch 82),08412500,cl,1992-04-16,3600.0
Orla (ch 82),08412500,cl,1992-06-17,3300.0
Orla (ch 82),08412500,cl,1992-08-12,2100.0
Orla (ch 82),08412500,cl,2000-04-11,2720.0
Orla (ch 82),08412500,cl,2015-02-25,4930.0
Orla (ch 82),08412500,so4,1969-10-01,2020.0
Orla (ch 82),08412500,so4,1969-10-21,724.0
Orla (ch 82),08412500,so4,1969-10-22,1140.0
Orla (ch 82),08412500,so4,1969-10-24,1810.0
Orla (ch 82),08412500,so4,1969-11-01,2230.0
Orla (ch 82),08412500,so4,1969-12-01,2100.0
Orla (ch 82),08412500,so4,1970-01-01,2070.0
Orla (ch 82),08412500,so4,1970-02-01,2020.0
Orla (ch 82),08412500,so4,1970-02-19,1170.0
Orla (ch 82),08412500,so4,1970-02-20,1300.0
Orla (ch 82),08412500,so4,1970-02-26,2020.0
Orla (ch 82),08412500,so4,1970-03-01,2340.0
Orla (ch 82),08412500,so4,1970-03-27,1250.0
Orla (ch 82),08412500,so4,1970-04-01,1190.0
Orla (ch 82),08412500,so4,1970-04-15,1490.0
Orla (ch 82),08412500,so4,1970-05-01,1350.0
Orla (ch 82),08412500,so4,1970-06-01,1510.0
Orla (ch 82),08412500,so4,1970-06-22,1250.0
Orla (ch 82),08412500,so4,1970-06-24,1510.0
Orla (ch 82),08412500,so4,1970-07-01,976.0
Orla (ch 82),08412500,so4,1970-07-02,1410.0
Orla (ch 82),08412500,so4,1970-08-01,1420.0
Orla (ch 82),08412500,so4,1970-08-26,1550.0
Orla (ch 82),08412500,so4,1970-09-01,1490.0
Orla (ch 82),08412500,so4,1970-09-17,852.0
Orla (ch 82),08412500,so4,1970-09-19,1780.0
Orla (ch 82),08412500,so4,1970-10-01,2100.0
Orla (ch 82),08412500,so4,1970-11-01,2200.0
Orla (ch 82),08412500,so4,1970-12-01,2300.0
Orla (ch 82),08412500,so4,1971-01-01,2300.0
Orla (ch 82),08412500,so4,1971-02-01,2000.0
Orla (ch 82),08412500,so4,1971-03-01,2400.0
Orla (ch 82),08412500,so4,1971-04-01,1900.0
Orla (ch 82),08412500,so4,1971-05-01,2000.0
Orla (ch 82),08412500,so4,1971-06-01,2200.0
Orla (ch 82),08412500,so4,1971-07-01,2300.0
Orla (ch 82),08412500,so4,1971-08-01,530.0
Orla (ch 82),08412500,so4,1971-08-02,970.0
Orla (ch 82),08412500,so4,1971-08-03,1700.0
Orla (ch 82),08412500,so4,1971-08-04,2400.0
Orla (ch 82),08412500,so4,1971-08-17,970.0
Orla (ch 82),08412500,so4,1971-08-19,1700.0
Orla (ch 82),08412500,so4,1971-08-20,2400.0
Orla (ch 82),08412500,so4,1971-09-01,2100.0
Orla (ch 82),08412500,so4,1971-09-23,1400.0
Orla (ch 82),08412500,so4,1971-09-24,620.0
Orla (ch 82),08412500,so4,1971-09-25,1000.0
Orla (ch 82),08412500,so4,1971-09-26,1400.0
Orla (ch 82),08412500,so4,1971-09-28,1900.0
Orla (ch 82),08412500,so4,1971-10-01,2100.0
Orla (ch 82),08412500,so4,1971-10-10,730.0
Orla (ch 82),08412500,so4,1971-10-11,2100.0
Orla (ch 82),08412500,so4,1971-11-01,2600.0
Orla (ch 82),08412500,so4,1971-12-01,2500.0
Orla (ch 82),08412500,so4,1972-01-01,2700.0
Orla (ch 82),08412500,so4,1972-02-01,2600.0
Orla (ch 82),08412500,so4,1972-03-01,2700.0
Orla (ch 82),08412500,so4,1972-04-01,2700.0
Orla (ch 82),08412500,so4,1972-04-14,2000.0
Orla (ch 82),08412500,so4,1972-05-01,2100.0
Orla (ch 82),08412500,so4,1972-06-01,2200.0
Orla (ch 82),08412500,so4,1972-07-01,2300.0
Orla (ch 82),08412500,so4,1972-08-01,2300.0
Orla (ch 82),08412500,so4,1972-08-16,920.0
Orla (ch 82),08412500,so4,1972-08-17,2300.0
Orla (ch 82),08412500,so4,1972-08-24,920.0
Orla (ch 82),08412500,so4,1972-08-25,2300.0
Orla (ch 82),08412500,so4,1972-09-01,1900.0
Orla (ch 82),08412500,so4,1972-10-30,2600.0
Orla (ch 82),08412500,so4,1972-11-24,2400.0
Orla (ch 82),08412500,so4,1973-01-09,3200.0
Orla (ch 82),08412500,so4,1973-02-28,2900.0
Orla (ch 82),08412500,so4,1973-03-05,2800.0
Orla (ch 82),08412500,so4,1973-04-03,1500.0
Orla (ch 82),08412500,so4,1973-05-31,1800.0
Orla (ch 82),08412500,so4,1973-06-19,1500.0
Orla (ch 82),08412500,so4,1973-07-25,1500.0
Orla (ch 82),08412500,so4,1973-08-16,1400.0
Orla (ch 82),08412500,so4,1973-09-15,1600.0
Orla (ch 82),08412500,so4,1973-10-03,1700.0
Orla (ch 82),08412500,so4,1973-11-14,2900.0
Orla (ch 82),08412500,so4,1973-12-11,1900.0
Orla (ch 82),08412500,so4,1974-01-09,2100.0
Orla (ch 82),08412500,so4,1974-02-20,2200.0
Orla (ch 82),08412500,so4,1974-03-20,1800.0
Orla (ch 82),08412500,so4,1974-04-04,2000.0
Orla (ch 82),08412500,so4,1974-05-16,2100.0
Orla (ch 82),08412500,so4,1974-06-17,2400.0
Orla (ch 82),08412500,so4,1974-07-19,2400.0
Orla (ch 82),08412500,so4,1974-08-21,2300.0
Orla (ch 82),08412500,so4,1974-09-23,1200.0
Orla (ch 82),08412500,so4,1974-10-24,2700.0
Orla (ch 82),08412500,so4,1974-11-30,3100.0
Orla (ch 82),08412500,so4,1974-12-04,3100.0
Orla (ch 82),08412500,so4,1975-01-08,2900.0
Orla (ch 82),08412500,so4,1975-02-25,2900.0
Orla (ch 82),08412500,so4,1975-03-20,2700.0
Orla (ch 82),08412500,so4,1975-04-14,1200.0
Orla (ch 82),08412500,so4,1975-05-01,1100.0
Orla (ch 82),08412500,so4,1975-06-10,990.0
Orla (ch 82),08412500,so4,1975-07-17,1100.0
Orla (ch 82),08412500,so4,1975-08-03,1000.0
Orla (ch 82),08412500,so4,1975-09-11,1000.0
Orla (ch 82),08412500,so4,1975-10-23,1400.0
Orla (ch 82),08412500,so4,1975-11-17,2800.0
Orla (ch 82),08412500,so4,1975-12-04,2900.0
Orla (ch 82),08412500,so4,1976-01-25,1300.0
Orla (ch 82),08412500,so4,1976-02-12,2800.0
Orla (ch 82),08412500,so4,1976-03-25,2900.0
Orla (ch 82),08412500,so4,1976-04-28,1400.0
Orla (ch 82),08412500,so4,1976-05-06,1500.0
Orla (ch 82),08412500,so4,1976-06-10,1700.0
Orla (ch 82),08412500,so4,1976-07-22,1600.0
Orla (ch 82),08412500,so4,1976-08-31,1500.0
Orla (ch 82),08412500,so4,1976-09-25,2200.0
Orla (ch 82),08412500,so4,1976-10-07,2900.0
Orla (ch 82),08412500,so4,1977-01-06,2900.0
Orla (ch 82),08412500,so4,1977-02-16,3000.0
Orla (ch 82),08412500,so4,1977-04-16,1700.0
Orla (ch 82),08412500,so4,1977-05-11,1700.0
Orla (ch 82),08412500,so4,1977-06-29,2600.0
Orla (ch 82),08412500,so4,1977-07-08,2000.0
Orla (ch 82),08412500,so4,1977-08-10,2100.0
Orla (ch 82),08412500,so4,1977-09-13,3000.0
Orla (ch 82),08412500,so4,1977-12-31,3200.0
Orla (ch 82),08412500,so4,1978-02-14,2900.0
Orla (ch 82),08412500,so4,1978-03-29,3500.0
Orla (ch 82),08412500,so4,1978-04-19,4000.0
Orla (ch 82),08412500,so4,1978-06-13,3000.0
Orla (ch 82),08412500,so4,1978-07-25,1300.0
Orla (ch 82),08412500,so4,1978-08-19,1900.0
Orla (ch 82),08412500,so4,1978-09-06,3000.0
Orla (ch 82),08412500,so4,1978-10-03,2900.0
Orla (ch 82),08412500,so4,1978-12-30,2900.0
Orla (ch 82),08412500,so4,1979-01-09,2800.0
Orla (ch 82),08412500,so4,1979-02-13,2700.0
Orla (ch 82),08412500,so4,1979-03-27,3000.0
Orla (ch 82),08412500,so4,1979-05-08,1600.0
Orla (ch 82),08412500,so4,1979-06-20,780.0
Orla (ch 82),08412500,so4,1979-07-31,2100.0
Orla (ch 82),08412500,so4,1979-09-11,1600.0
Orla (ch 82),08412500,so4,1979-10-23,2200.0
Orla (ch 82),08412500,so4,1979-11-12,1800.0
Orla (ch 82),08412500,so4,1980-01-15,3100.0
Orla (ch 82),08412500,so4,1980-02-11,2900.0
Orla (ch 82),08412500,so4,1980-04-17,1700.0
Orla (ch 82),08412500,so4,1980-05-28,1800.0
Orla (ch 82),08412500,so4,1980-07-10,2000.0
Orla (ch 82),08412500,so4,1980-08-21,2200.0
Orla (ch 82),08412500,so4,1980-10-09,2200.0
Orla (ch 82),08412500,so4,1981-02-26,1400.0
Orla (ch 82),08412500,so4,1981-06-25,1600.0
Orla (ch 82),08412500,so4,1981-08-13,1800.0
Orla (ch 82),08412500,so4,1981-09-16,1700.0
Orla (ch 82),08412500,so4,1981-10-21,3100.0
Orla (ch 82),08412500,so4,1981-12-03,3200.0
Orla (ch 82),08412500,so4,1982-04-28,2200.0
Orla (ch 82),08412500,so4,1982-06-30,2500.0
Orla (ch 82),08412500,so4,1982-08-25,2400.0
Orla (ch 82),08412500,so4,1982-12-15,2500.0
Orla (ch 82),08412500,so4,1983-03-09,2500.0
Orla (ch 82),08412500,so4,1983-04-27,1900.0
Orla (ch 82),08412500,so4,1983-06-08,2400.0
Orla (ch 82),08412500,so4,1983-07-21,2600.0
Orla (ch 82),08412500,so4,1983-09-15,2900.0
Orla (ch 82),08412500,so4,1983-10-27,2300.0
Orla (ch 82),08412500,so4,1984-01-05,2800.0
Orla (ch 82),08412500,so4,1984-04-11,2700.0
Orla (ch 82),08412500,so4,1984-05-31,2700.0
Orla (ch 82),08412500,so4,1984-08-23,2600.0
Orla (ch 82),08412500,so4,1984-10-11,2400.0
Orla (ch 82),08412500,so4,1984-11-07,2600.0
Orla (ch 82),08412500,so4,1985-04-30,2000.0
Orla (ch 82),08412500,so4,1985-06-25,1600.0
Orla (ch 82),08412500,so4,1985-07-30,1600.0
Orla (ch 82),08412500,so4,1985-08-27,2100.0
Orla (ch 82),08412500,so4,1985-10-02,1900.0
Orla (ch 82),08412500,so4,1985-12-04,2600.0
Orla (ch 82),08412500,so4,1986-04-01,2400.0
Orla (ch 82),08412500,so4,1986-06-03,3400.0
Orla (ch 82),08412500,so4,1986-08-05,1900.0
Orla (ch 82),08412500,so4,1986-10-02,1900.0
Orla (ch 82),08412500,so4,1986-11-24,2000.0
Orla (ch 82),08412500,so4,1987-01-22,2200.0
Orla (ch 82),08412500,so4,1987-03-10,2000.0
Orla (ch 82),08412500,so4,1987-05-06,1100.0
Orla (ch 82),08412500,so4,1987-07-07,1100.0
Orla (ch 82),08412500,so4,1987-10-07,1400.0
Orla (ch 82),08412500,so4,1988-01-05,2200.0
Orla (ch 82),08412500,so4,1988-04-06,1400.0
Orla (ch 82),08412500,so4,1988-05-03,1700.0
Orla (ch 82),08412500,so4,1988-06-07,1400.0
Orla (ch 82),08412500,so4,1988-07-06,1500.0
Orla (ch 82),08412500,so4,1988-10-04,1800.0
Orla (ch 82),08412500,so4,1988-11-02,1700.0
Orla (ch 82),08412500,so4,1989-01-04,2300.0
Orla (ch 82),08412500,so4,1989-04-04,1700.0
Orla (ch 82),08412500,so4,1989-06-07,1800.0
Orla (ch 82),08412500,so4,1989-10-03,2100.0
Orla (ch 82),08412500,so4,1989-11-07,2400.0
Orla (ch 82),08412500,so4,1990-01-03,2600.0
Orla (ch 82),08412500,so4,1990-05-02,2200.0
Orla (ch 82),08412500,so4,1990-06-06,2400.0
Orla (ch 82),08412500,so4,1990-08-07,1200.0
Orla (ch 82),08412500,so4,1990-10-03,1300.0
Orla (ch 82),08412500,so4,1990-11-06,2600.0
Orla (ch 82),08412500,so4,1991-03-20,2600.0
Orla (ch 82),08412500,so4,1991-05-07,2200.0
Orla (ch 82),08412500,so4,1991-06-26,2600.0
Orla (ch 82),08412500,so4,1991-08-14,2900.0
Orla (ch 82),08412500,so4,1991-10-08,2800.0
Orla (ch 82),08412500,so4,1992-01-09,2500.0
Orla (ch 82),08412500,so4,1992-03-03,2400.0
Orla (ch 82),08412500,so4,1992-04-16,2200.0
Orla (ch 82),08412500,so4,1992-06-17,2100.0
Orla (ch 82),08412500,so4,1992-08-12,1600.0
Orla (ch 82),08412500,so4,2000-04-11,2240.0
Orla (ch 82),08412500,so4,2015-02-25,2560.0
Orla (ch 82),08412500,tds,1969-10-01,9020.0
Orla (ch 82),08412500,tds,1969-10-01,1070.0
Orla (ch 82),08412500,tds,1969-10-21,1360.0
Orla (ch 82),08412500,tds,1969-10-21,6720.0
Orla (ch 82),08412500,tds,1969-10-22,3.03
Orla (ch 82),08412500,tds,1969-10-22,2230.0
Orla (ch 82),08412500,tds,1969-10-24,6410.0
Orla (ch 82),08412500,tds,1969-10-24,1440.0
Orla (ch 82),08412500,tds,1969-11-01,12.5
Orla (ch 82),08412500,tds,1969-11-01,9190.0
Orla (ch 82),08412500,tds,1969-12-01,264.0
Orla (ch 82),08412500,tds,1969-12-01,12.1
Orla (ch 82),08412500,tds,1970-01-01,8810.0
Orla (ch 82),08412500,tds,1970-02-01,11.7
Orla (ch 82),08412500,tds,1970-02-01,301.0
Orla (ch 82),08412500,tds,1970-02-19,6.08
Orla (ch 82),08412500,tds,1970-02-19,4470.0
Orla (ch 82),08412500,tds,1970-02-20,6.9
Orla (ch 82),08412500,tds,1970-02-20,1180.0
Orla (ch 82),08412500,tds,1970-02-26,11.7
Orla (ch 82),08412500,tds,1970-02-26,301.0
Orla (ch 82),08412500,tds,1970-03-01,14.1
Orla (ch 82),08412500,tds,1970-03-01,10400.0
Orla (ch 82),08412500,tds,1970-03-27,6.58
Orla (ch 82),08412500,tds,1970-04-01,6.2
Orla (ch 82),08412500,tds,1970-04-01,1130.0
Orla (ch 82),08412500,tds,1970-04-15,657.0
Orla (ch 82),08412500,tds,1970-04-15,7.87
Orla (ch 82),08412500,tds,1970-05-01,7.64
Orla (ch 82),08412500,tds,1970-05-01,5620.0
Orla (ch 82),08412500,tds,1970-06-01,8.3
Orla (ch 82),08412500,tds,1970-06-01,6100.0
Orla (ch 82),08412500,tds,1970-06-22,3330.0
Orla (ch 82),08412500,tds,1970-06-22,12800.0
Orla (ch 82),08412500,tds,1970-06-24,1750.0
Orla (ch 82),08412500,tds,1970-07-01,2810.0
Orla (ch 82),08412500,tds,1970-07-01,6360.0
Orla (ch 82),08412500,tds,1970-07-02,7.48
Orla (ch 82),08412500,tds,1970-07-02,2540.0
Orla (ch 82),08412500,tds,1970-08-01,2470.0
Orla (ch 82),08412500,tds,1970-08-01,7.74
Orla (ch 82),08412500,tds,1970-08-26,6840.0
Orla (ch 82),08412500,tds,1970-08-26,9.3
Orla (ch 82),08412500,tds,1970-09-01,6160.0
Orla (ch 82),08412500,tds,1970-09-01,8.38
Orla (ch 82),08412500,tds,1970-09-17,5520.0
Orla (ch 82),08412500,tds,1970-09-17,4.49
Orla (ch 82),08412500,tds,1970-09-19,3800.0
Orla (ch 82),08412500,tds,1970-10-01,12.2
Orla (ch 82),08412500,tds,1970-10-01,364.0
Orla (ch 82),08412500,tds,1970-11-01,9550.0
Orla (ch 82),08412500,tds,1970-11-01,13.0
Orla (ch 82),08412500,tds,1970-12-01,358.0
Orla (ch 82),08412500,tds,1970-12-01,10200.0
Orla (ch 82),08412500,tds,1971-01-01,300.0
Orla (ch 82),08412500,tds,1971-01-01,13.7
Orla (ch 82),08412500,tds,1971-02-01,523.0
Orla (ch 82),08412500,tds,1971-02-01,8800.0
Orla (ch 82),08412500,tds,1971-03-01,10200.0
Orla (ch 82),08412500,tds,1971-04-01,8100.0
Orla (ch 82),08412500,tds,1971-04-01,11.0
Orla (ch 82),08412500,tds,1971-05-01,3950.0
Orla (ch 82),08412500,tds,1971-05-01,8260.0
Orla (ch 82),08412500,tds,1971-06-01,1330.0
Orla (ch 82),08412500,tds,1971-06-01,9280.0
Orla (ch 82),08412500,tds,1971-07-01,9720.0
Orla (ch 82),08412500,tds,1971-07-01,13.2
Orla (ch 82),08412500,tds,1971-08-01,1190.0
Orla (ch 82),08412500,tds,1971-08-01,6110.0
Orla (ch 82),08412500,tds,1971-08-02,2250.0
Orla (ch 82),08412500,tds,1971-08-03,7.64
Orla (ch 82),08412500,tds,1971-08-03,5620.0
Orla (ch 82),08412500,tds,1971-08-04,1050.0
Orla (ch 82),08412500,tds,1971-08-04,14.3
Orla (ch 82),08412500,tds,1971-08-17,2410.0
Orla (ch 82),08412500,tds,1971-08-17,3.06
Orla (ch 82),08412500,tds,1971-08-19,7.64
Orla (ch 82),08412500,tds,1971-08-19,5620.0
Orla (ch 82),08412500,tds,1971-08-20,14.3
Orla (ch 82),08412500,tds,1971-08-20,10500.0
Orla (ch 82),08412500,tds,1971-09-01,2360.0
Orla (ch 82),08412500,tds,1971-09-01,12.2
Orla (ch 82),08412500,tds,1971-09-23,7.1
Orla (ch 82),08412500,tds,1971-09-24,4430.0
Orla (ch 82),08412500,tds,1971-09-24,1610.0
Orla (ch 82),08412500,tds,1971-09-25,2850.0
Orla (ch 82),08412500,tds,1971-09-25,3.88
Orla (ch 82),08412500,tds,1971-09-26,7.1
Orla (ch 82),08412500,tds,1971-09-26,5220.0
Orla (ch 82),08412500,tds,1971-09-28,10.2
Orla (ch 82),08412500,tds,1971-09-28,1220.0
Orla (ch 82),08412500,tds,1971-10-01,2500.0
Orla (ch 82),08412500,tds,1971-10-01,8480.0
Orla (ch 82),08412500,tds,1971-10-10,3440.0
Orla (ch 82),08412500,tds,1971-10-11,916.0
Orla (ch 82),08412500,tds,1971-10-11,11.5
Orla (ch 82),08412500,tds,1971-11-01,745.0
Orla (ch 82),08412500,tds,1971-11-01,11500.0
Orla (ch 82),08412500,tds,1971-12-01,16.0
Orla (ch 82),08412500,tds,1971-12-01,11800.0
Orla (ch 82),08412500,tds,1972-01-01,16.0
Orla (ch 82),08412500,tds,1972-01-01,11800.0
Orla (ch 82),08412500,tds,1972-02-01,11900.0
Orla (ch 82),08412500,tds,1972-02-01,450.0
Orla (ch 82),08412500,tds,1972-03-01,418.0
Orla (ch 82),08412500,tds,1972-04-01,463.0
Orla (ch 82),08412500,tds,1972-04-01,13200.0
Orla (ch 82),08412500,tds,1972-04-14,12.6
Orla (ch 82),08412500,tds,1972-04-14,5590.0
Orla (ch 82),08412500,tds,1972-05-01,10600.0
Orla (ch 82),08412500,tds,1972-05-01,1490.0
Orla (ch 82),08412500,tds,1972-06-01,14.0
Orla (ch 82),08412500,tds,1972-06-01,10300.0
Orla (ch 82),08412500,tds,1972-07-01,3600.0
Orla (ch 82),08412500,tds,1972-07-01,15.2
Orla (ch 82),08412500,tds,1972-08-01,1410.0
Orla (ch 82),08412500,tds,1972-08-01,10200.0
Orla (ch 82),08412500,tds,1972-08-16,1830.0
Orla (ch 82),08412500,tds,1972-08-17,10200.0
Orla (ch 82),08412500,tds,1972-08-17,13.9
Orla (ch 82),08412500,tds,1972-08-24,2990.0
Orla (ch 82),08412500,tds,1972-08-24,4.07
Orla (ch 82),08412500,tds,1972-08-25,13.9
Orla (ch 82),08412500,tds,1972-08-25,3720.0
Orla (ch 82),08412500,tds,1972-09-01,8570.0
Orla (ch 82),08412500,tds,1972-09-01,2870.0
Orla (ch 82),08412500,tds,1972-10-30,692.0
Orla (ch 82),08412500,tds,1972-10-30,16.6
Orla (ch 82),08412500,tds,1972-11-24,15.1
Orla (ch 82),08412500,tds,1973-01-09,15400.0
Orla (ch 82),08412500,tds,1973-01-09,20.9
Orla (ch 82),08412500,tds,1973-02-28,19.6
Orla (ch 82),08412500,tds,1973-02-28,505.0
Orla (ch 82),08412500,tds,1973-03-05,13800.0
Orla (ch 82),08412500,tds,1973-03-05,18.8
Orla (ch 82),08412500,tds,1973-04-03,6150.0
Orla (ch 82),08412500,tds,1973-04-03,8.36
Orla (ch 82),08412500,tds,1973-05-31,8640.0
Orla (ch 82),08412500,tds,1973-05-31,7840.0
Orla (ch 82),08412500,tds,1973-06-19,7.68
Orla (ch 82),08412500,tds,1973-07-25,7.26
Orla (ch 82),08412500,tds,1973-07-25,764.0
Orla (ch 82),08412500,tds,1973-08-16,6.5
Orla (ch 82),08412500,tds,1973-08-16,607.0
Orla (ch 82),08412500,tds,1973-09-15,9.19
Orla (ch 82),08412500,tds,1973-09-15,6760.0
Orla (ch 82),08412500,tds,1973-10-03,5920.0
Orla (ch 82),08412500,tds,1973-10-03,8.05
Orla (ch 82),08412500,tds,1973-11-14,14000.0
Orla (ch 82),08412500,tds,1973-11-14,19.0
Orla (ch 82),08412500,tds,1973-12-11,886.0
Orla (ch 82),08412500,tds,1973-12-11,7810.0
Orla (ch 82),08412500,tds,1974-01-09,12.5
Orla (ch 82),08412500,tds,1974-02-20,848.0
Orla (ch 82),08412500,tds,1974-02-20,11.9
Orla (ch 82),08412500,tds,1974-03-20,7030.0
Orla (ch 82),08412500,tds,1974-03-20,9.56
Orla (ch 82),08412500,tds,1974-04-04,11.3
Orla (ch 82),08412500,tds,1974-04-04,8330.0
Orla (ch 82),08412500,tds,1974-05-16,11.8
Orla (ch 82),08412500,tds,1974-05-16,1080.0
Orla (ch 82),08412500,tds,1974-06-17,13.7
Orla (ch 82),08412500,tds,1974-06-17,1010.0
Orla (ch 82),08412500,tds,1974-07-19,11600.0
Orla (ch 82),08412500,tds,1974-08-21,14.6
Orla (ch 82),08412500,tds,1974-08-21,1270.0
Orla (ch 82),08412500,tds,1974-09-23,4420.0
Orla (ch 82),08412500,tds,1974-09-23,3070.0
Orla (ch 82),08412500,tds,1974-10-24,19.3
Orla (ch 82),08412500,tds,1974-10-24,14200.0
Orla (ch 82),08412500,tds,1974-11-30,15800.0
Orla (ch 82),08412500,tds,1974-11-30,725.0
Orla (ch 82),08412500,tds,1974-12-04,687.0
Orla (ch 82),08412500,tds,1974-12-04,21.6
Orla (ch 82),08412500,tds,1975-01-08,656.0
Orla (ch 82),08412500,tds,1975-02-25,19.9
Orla (ch 82),08412500,tds,1975-02-25,631.0
Orla (ch 82),08412500,tds,1975-03-20,18.6
Orla (ch 82),08412500,tds,1975-03-20,518.0
Orla (ch 82),08412500,tds,1975-04-14,5280.0
Orla (ch 82),08412500,tds,1975-04-14,1370.0
Orla (ch 82),08412500,tds,1975-05-01,6.22
Orla (ch 82),08412500,tds,1975-05-01,4570.0
Orla (ch 82),08412500,tds,1975-06-10,1080.0
Orla (ch 82),08412500,tds,1975-06-10,5.77
Orla (ch 82),08412500,tds,1975-07-17,1980.0
Orla (ch 82),08412500,tds,1975-08-03,1880.0
Orla (ch 82),08412500,tds,1975-08-03,4360.0
Orla (ch 82),08412500,tds,1975-09-11,4380.0
Orla (ch 82),08412500,tds,1975-09-11,4270.0
Orla (ch 82),08412500,tds,1975-10-23,6410.0
Orla (ch 82),08412500,tds,1975-10-23,1330.0
Orla (ch 82),08412500,tds,1975-11-17,19.7
Orla (ch 82),08412500,tds,1975-11-17,14500.0
Orla (ch 82),08412500,tds,1975-12-04,14400.0
Orla (ch 82),08412500,tds,1975-12-04,19.6
Orla (ch 82),08412500,tds,1976-01-25,4890.0
Orla (ch 82),08412500,tds,1976-01-25,5570.0
Orla (ch 82),08412500,tds,1976-02-12,19.6
Orla (ch 82),08412500,tds,1976-03-25,20.4
Orla (ch 82),08412500,tds,1976-03-25,15000.0
Orla (ch 82),08412500,tds,1976-04-28,4460.0
Orla (ch 82),08412500,tds,1976-04-28,8.02
Orla (ch 82),08412500,tds,1976-05-06,6090.0
Orla (ch 82),08412500,tds,1976-05-06,8.28
Orla (ch 82),08412500,tds,1976-06-10,9.48
Orla (ch 82),08412500,tds,1976-06-10,6970.0
Orla (ch 82),08412500,tds,1976-07-22,9.86
Orla (ch 82),08412500,tds,1976-07-22,7250.0
Orla (ch 82),08412500,tds,1976-08-31,9.02
Orla (ch 82),08412500,tds,1976-09-25,481.0
Orla (ch 82),08412500,tds,1976-09-25,9900.0
Orla (ch 82),08412500,tds,1976-10-07,20.1
Orla (ch 82),08412500,tds,1976-10-07,559.0
Orla (ch 82),08412500,tds,1977-01-06,20.8
Orla (ch 82),08412500,tds,1977-01-06,15300.0
Orla (ch 82),08412500,tds,1977-02-16,399.0
Orla (ch 82),08412500,tds,1977-02-16,15900.0
Orla (ch 82),08412500,tds,1977-04-16,1340.0
Orla (ch 82),08412500,tds,1977-04-16,7080.0
Orla (ch 82),08412500,tds,1977-05-11,7760.0
Orla (ch 82),08412500,tds,1977-06-29,11.9
Orla (ch 82),08412500,tds,1977-06-29,6310.0
Orla (ch 82),08412500,tds,1977-07-08,4720.0
Orla (ch 82),08412500,tds,1977-07-08,8740.0
Orla (ch 82),08412500,tds,1977-08-10,13.1
Orla (ch 82),08412500,tds,1977-08-10,9630.0
Orla (ch 82),08412500,tds,1977-09-13,11400.0
Orla (ch 82),08412500,tds,1977-09-13,15.5
Orla (ch 82),08412500,tds,1977-12-31,23.9
Orla (ch 82),08412500,tds,1977-12-31,17600.0
Orla (ch 82),08412500,tds,1978-02-14,16300.0
Orla (ch 82),08412500,tds,1978-02-14,22.2
Orla (ch 82),08412500,tds,1978-03-29,472.0
Orla (ch 82),08412500,tds,1978-04-19,26.8
Orla (ch 82),08412500,tds,1978-04-19,404.0
Orla (ch 82),08412500,tds,1978-06-13,484.0
Orla (ch 82),08412500,tds,1978-06-13,18.8
Orla (ch 82),08412500,tds,1978-07-25,8.05
Orla (ch 82),08412500,tds,1978-07-25,5920.0
Orla (ch 82),08412500,tds,1978-08-19,11.3
Orla (ch 82),08412500,tds,1978-08-19,8340.0
Orla (ch 82),08412500,tds,1978-09-06,380.0
Orla (ch 82),08412500,tds,1978-09-06,15300.0
Orla (ch 82),08412500,tds,1978-10-03,16.3
Orla (ch 82),08412500,tds,1978-12-30,843.0
Orla (ch 82),08412500,tds,1978-12-30,14200.0
Orla (ch 82),08412500,tds,1979-01-09,948.0
Orla (ch 82),08412500,tds,1979-01-09,18.4
Orla (ch 82),08412500,tds,1979-02-13,837.0
Orla (ch 82),08412500,tds,1979-02-13,16.9
Orla (ch 82),08412500,tds,1979-03-27,20.3
Orla (ch 82),08412500,tds,1979-03-27,14900.0
Orla (ch 82),08412500,tds,1979-05-08,1850.0
Orla (ch 82),08412500,tds,1979-05-08,7.98
Orla (ch 82),08412500,tds,1979-06-20,4130.0
Orla (ch 82),08412500,tds,1979-07-31,12.3
Orla (ch 82),08412500,tds,1979-07-31,805.0
Orla (ch 82),08412500,tds,1979-09-11,6210.0
Orla (ch 82),08412500,tds,1979-09-11,2820.0
Orla (ch 82),08412500,tds,1979-10-23,805.0
Orla (ch 82),08412500,tds,1979-10-23,13.3
Orla (ch 82),08412500,tds,1979-11-12,18.2
Orla (ch 82),08412500,tds,1979-11-12,13400.0
Orla (ch 82),08412500,tds,1980-01-15,614.0
Orla (ch 82),08412500,tds,1980-01-15,21.5
Orla (ch 82),08412500,tds,1980-02-11,567.0
Orla (ch 82),08412500,tds,1980-02-11,20.4
Orla (ch 82),08412500,tds,1980-04-17,6830.0
Orla (ch 82),08412500,tds,1980-05-28,7280.0
Orla (ch 82),08412500,tds,1980-05-28,1570.0
Orla (ch 82),08412500,tds,1980-07-10,10.7
Orla (ch 82),08412500,tds,1980-07-10,7840.0
Orla (ch 82),08412500,tds,1980-08-21,1150.0
Orla (ch 82),08412500,tds,1980-08-21,13.7
Orla (ch 82),08412500,tds,1980-10-09,9900.0
Orla (ch 82),08412500,tds,1980-10-09,13.5
Orla (ch 82),08412500,tds,1981-02-26,58.4
Orla (ch 82),08412500,tds,1981-02-26,7.68
Orla (ch 82),08412500,tds,1981-06-25,5760.0
Orla (ch 82),08412500,tds,1981-08-13,10.2
Orla (ch 82),08412500,tds,1981-08-13,7520.0
Orla (ch 82),08412500,tds,1981-09-16,1670.0
Orla (ch 82),08412500,tds,1981-09-16,7120.0
Orla (ch 82),08412500,tds,1981-10-21,499.0
Orla (ch 82),08412500,tds,1981-10-21,15400.0
Orla (ch 82),08412500,tds,1981-12-03,450.0
Orla (ch 82),08412500,tds,1981-12-03,22.8
Orla (ch 82),08412500,tds,1982-04-28,9620.0
Orla (ch 82),08412500,tds,1982-04-28,240.0
Orla (ch 82),08412500,tds,1982-06-30,423.0
Orla (ch 82),08412500,tds,1982-08-25,424.0
Orla (ch 82),08412500,tds,1982-08-25,11800.0
Orla (ch 82),08412500,tds,1982-12-15,697.0
Orla (ch 82),08412500,tds,1982-12-15,16.3
Orla (ch 82),08412500,tds,1983-03-09,520.0
Orla (ch 82),08412500,tds,1983-03-09,11000.0
Orla (ch 82),08412500,tds,1983-04-27,8480.0
Orla (ch 82),08412500,tds,1983-04-27,11.5
Orla (ch 82),08412500,tds,1983-06-08,13.7
Orla (ch 82),08412500,tds,1983-06-08,10000.0
Orla (ch 82),08412500,tds,1983-07-21,1130.0
Orla (ch 82),08412500,tds,1983-07-21,14.3
Orla (ch 82),08412500,tds,1983-09-15,11700.0
Orla (ch 82),08412500,tds,1983-10-27,16.7
Orla (ch 82),08412500,tds,1983-10-27,288.0
Orla (ch 82),08412500,tds,1984-01-05,18.6
Orla (ch 82),08412500,tds,1984-01-05,13600.0
Orla (ch 82),08412500,tds,1984-04-11,11100.0
Orla (ch 82),08412500,tds,1984-04-11,15.1
Orla (ch 82),08412500,tds,1984-05-31,11700.0
Orla (ch 82),08412500,tds,1984-05-31,16.0
Orla (ch 82),08412500,tds,1984-08-23,386.0
Orla (ch 82),08412500,tds,1984-08-23,11000.0
Orla (ch 82),08412500,tds,1984-10-11,10600.0
Orla (ch 82),08412500,tds,1984-11-07,16.2
Orla (ch 82),08412500,tds,1984-11-07,482.0
Orla (ch 82),08412500,tds,1985-04-30,11.8
Orla (ch 82),08412500,tds,1985-06-25,9.21
Orla (ch 82),08412500,tds,1985-06-25,6770.0
Orla (ch 82),08412500,tds,1985-07-30,8830.0
Orla (ch 82),08412500,tds,1985-07-30,620.0
Orla (ch 82),08412500,tds,1985-08-27,2050.0
Orla (ch 82),08412500,tds,1985-08-27,10.5
Orla (ch 82),08412500,tds,1985-10-02,8020.0
Orla (ch 82),08412500,tds,1985-10-02,10.9
Orla (ch 82),08412500,tds,1985-12-04,15.3
Orla (ch 82),08412500,tds,1985-12-04,11300.0
Orla (ch 82),08412500,tds,1986-04-01,10100.0
Orla (ch 82),08412500,tds,1986-04-01,409.0
Orla (ch 82),08412500,tds,1986-06-03,874.0
Orla (ch 82),08412500,tds,1986-08-05,1880.0
Orla (ch 82),08412500,tds,1986-08-05,7470.0
Orla (ch 82),08412500,tds,1986-10-02,451.0
Orla (ch 82),08412500,tds,1986-10-02,10.3
Orla (ch 82),08412500,tds,1986-11-24,12.0
Orla (ch 82),08412500,tds,1986-11-24,8840.0
Orla (ch 82),08412500,tds,1987-01-22,13.4
Orla (ch 82),08412500,tds,1987-01-22,716.0
Orla (ch 82),08412500,tds,1987-03-10,600.0
Orla (ch 82),08412500,tds,1987-03-10,8230.0
Orla (ch 82),08412500,tds,1987-05-06,5.33
Orla (ch 82),08412500,tds,1987-07-07,4780.0
Orla (ch 82),08412500,tds,1987-07-07,5.1
Orla (ch 82),08412500,tds,1987-10-07,1600.0
Orla (ch 82),08412500,tds,1987-10-07,6.28
Orla (ch 82),08412500,tds,1988-01-05,8500.0
Orla (ch 82),08412500,tds,1988-01-05,11.6
Orla (ch 82),08412500,tds,1988-04-06,5510.0
Orla (ch 82),08412500,tds,1988-04-06,4180.0
Orla (ch 82),08412500,tds,1988-05-03,7.31
Orla (ch 82),08412500,tds,1988-05-03,5370.0
Orla (ch 82),08412500,tds,1988-06-07,4670.0
Orla (ch 82),08412500,tds,1988-07-06,4670.0
Orla (ch 82),08412500,tds,1988-07-06,6.36
Orla (ch 82),08412500,tds,1988-10-04,699.0
Orla (ch 82),08412500,tds,1988-10-04,7.83
Orla (ch 82),08412500,tds,1988-11-02,5630.0
Orla (ch 82),08412500,tds,1988-11-02,7.66
Orla (ch 82),08412500,tds,1989-01-04,12.0
Orla (ch 82),08412500,tds,1989-01-04,8790.0
Orla (ch 82),08412500,tds,1989-04-04,6660.0
Orla (ch 82),08412500,tds,1989-04-04,5510.0
Orla (ch 82),08412500,tds,1989-06-07,1550.0
Orla (ch 82),08412500,tds,1989-06-07,5800.0
Orla (ch 82),08412500,tds,1989-10-03,1380.0
Orla (ch 82),08412500,tds,1989-11-07,8580.0
Orla (ch 82),08412500,tds,1989-11-07,222.0
Orla (ch 82),08412500,tds,1990-01-03,334.0
Orla (ch 82),08412500,tds,1990-01-03,14.0
Orla (ch 82),08412500,tds,1990-05-02,958.0
Orla (ch 82),08412500,tds,1990-05-02,10.5
Orla (ch 82),08412500,tds,1990-06-06,1990.0
Orla (ch 82),08412500,tds,1990-06-06,10.9
Orla (ch 82),08412500,tds,1990-08-07,4.59
Orla (ch 82),08412500,tds,1990-08-07,1370.0
Orla (ch 82),08412500,tds,1990-10-03,389.0
Orla (ch 82),08412500,tds,1990-11-06,10600.0
Orla (ch 82),08412500,tds,1990-11-06,264.0
Orla (ch 82),08412500,tds,1991-03-20,253.0
Orla (ch 82),08412500,tds,1991-03-20,10400.0
Orla (ch 82),08412500,tds,1991-05-07,8150.0
Orla (ch 82),08412500,tds,1991-05-07,11.1
Orla (ch 82),08412500,tds,1991-06-26,13.3
Orla (ch 82),08412500,tds,1991-06-26,9770.0
Orla (ch 82),08412500,tds,1991-08-14,225.0
Orla (ch 82),08412500,tds,1991-08-14,10500.0
Orla (ch 82),08412500,tds,1991-10-08,289.0
Orla (ch 82),08412500,tds,1992-01-09,14.1
Orla (ch 82),08412500,tds,1992-01-09,363.0
Orla (ch 82),08412500,tds,1992-03-03,14.6
Orla (ch 82),08412500,tds,1992-03-03,405.0
Orla (ch 82),08412500,tds,1992-04-16,12.3
Orla (ch 82),08412500,tds,1992-04-16,9060.0
Orla (ch 82),08412500,tds,1992-06-17,11.4
Orla (ch 82),08412500,tds,1992-06-17,8400.0
Orla (ch 82),08412500,tds,1992-08-12,1200.0
Orla (ch 82),08412500,tds,1992-08-12,5760.0
Orla (ch 82),08412500,tds,2015-02-25,13400.0
Orla (ch 82),08412500,tds,2015-02-25,18.3
